Website,EHR Name,Tech Stack,Detected_Domain,Is_Healthcare,EHR_Name,EHR_Category,Patient_Portal_URL,Portal_Status,Confidence,Detection_Method,Portal_Anchor_Text
allervie.com,Custom / Practice Portal,,allervie.com,Yes,Custom / Practice Portal,,https://portal.payk1hc.com/#/payportal/login,Generic Portal Found,Medium,Anchor Keyword: 'Pay Your Bill',Pay Your Bill
patagonia.com,Not related to health care or clinics,,patagonia.com,No,Not related to health care or clinics,Non-Healthcare,,Not related to health care or clinics,High,Unreachable (Unreachable domain without strong healthcare indicator),
hearinglife.ca,,,hearinglife.ca,Yes,Not Found,,,No Portal Detected,None,Healthcare Practice Verified (Homepage & Subpages Scanned),
andymohr.com,Not related to health care or clinics,,andymohr.com,No,Not related to health care or clinics,Non-Healthcare,,Not related to health care or clinics,High,Non-Healthcare Detected (Non-healthcare industry detected (score: 3 vs 0)),
daymarkrecovery.org,Not related to health care or clinics,,daymarkrecovery.org,No,Not related to health care or clinics,Non-Healthcare,,Not related to health care or clinics,High,Unreachable (Unreachable domain without strong healthcare indicator),
giveblood.org,,,giveblood.org,Yes,Not Found,,,No Portal Detected,None,Healthcare Practice Verified (Homepage & Subpages Scanned),
qubicaamf.com,Not related to health care or clinics,,qubicaamf.com,No,Not related to health care or clinics,Non-Healthcare,,Not related to health care or clinics,High,Non-Healthcare Detected (Insufficient healthcare relevance (score: 0)),
texasheart.org,,,texasheart.org,Yes,Not Found,,,No Portal Detected,None,Healthcare Practice Verified (Homepage & Subpages Scanned),
larabida.org,,,larabida.org,Yes,Not Found,,,No Portal Detected,None,Healthcare Practice Verified (Homepage & Subpages Scanned),
svhealthcare.org,AthenaHealth (AthenaPatient / Communicator),,svhealthcare.org,Yes,AthenaHealth (AthenaPatient / Communicator),Cloud EHR & Practice Management,https://3744-4.portal.athenahealth.com/,Found,High,Subpage Crawl (https://svmc.org/patient-portals) -> Direct URL (AthenaHealth (AthenaPatient / Communicator)),Practices and Affiliates portal
sacredheartmercy.org,AthenaHealth (AthenaPatient / Communicator),,sacredheartmercy.org,Yes,AthenaHealth (AthenaPatient / Communicator),Cloud EHR & Practice Management,https://12006.portal.athenahealth.com/,Found,High,Direct URL (AthenaHealth (AthenaPatient / Communicator)),AthenaHealth (AthenaPatient / Communicator)
nevhc.org,InteliChart Patient Portal,,nevhc.org,Yes,InteliChart Patient Portal,Patient Engagement & EHR Portal,http://login.intelichart.com/nevhc,Found,High,Subpage Crawl (https://nevhc.org/patient-portal/) -> Direct URL (InteliChart Patient Portal),Visit the Web Version
eisnerhealth.org,Epic (MyChart / Patient Gateway / My CS-Link),,eisnerhealth.org,Yes,Epic (MyChart / Patient Gateway / My CS-Link),Hospital & Health System EHR,https://eisnerhealth.org/,Found,High,Direct Subdomain (https://mychart.eisnerhealth.org),Portal Subdomain
ryanhealth.org,eClinicalWorks (Healow / mycw),,ryanhealth.org,Yes,eClinicalWorks (Healow / mycw),Ambulatory EHR & Practice Portal,https://chatbot.ecwcloud.com/cbfrontend/chat-bot.js,Found,High,JS/HTML Payload (eClinicalWorks (Healow / mycw)),Embedded Page / Script Link
gracemed.org,eClinicalWorks (Healow / mycw),,gracemed.org,Yes,eClinicalWorks (Healow / mycw),Ambulatory EHR & Practice Portal,https://healowpay.com,Found,High,Direct URL (eClinicalWorks (Healow / mycw)),Pay a Medical Bill
fetterhealthcare.org,eClinicalWorks (Healow / mycw),,fetterhealthcare.org,Yes,eClinicalWorks (Healow / mycw),Ambulatory EHR & Practice Portal,https://mycw108.ecwcloud.com/portal14768/jsp/100mp/login_otp.jsp,Found,High,Direct URL (eClinicalWorks (Healow / mycw)),patient portal login
langleyhealth.com,eClinicalWorks (Healow / mycw),,langleyhealth.com,Yes,eClinicalWorks (Healow / mycw),Ambulatory EHR & Practice Portal,https://www.healowpay.com/HealowPay/jsp/healow/login.jsp,Found,High,Direct URL (eClinicalWorks (Healow / mycw)),Patient Information Center
peakvista.org,Not related to health care or clinics,,peakvista.org,No,Not related to health care or clinics,Non-Healthcare,,Not related to health care or clinics,High,Unreachable (Unreachable domain without strong healthcare indicator),
marinclinics.org,Epic (MyChart / Patient Gateway / My CS-Link),,marinclinics.org,Yes,Epic (MyChart / Patient Gateway / My CS-Link),Hospital & Health System EHR,https://www.marinclinic.org/login/,Found,High,Anchor Text Match (Epic (MyChart / Patient Gateway / My CS-Link)),MyChart
pccwellness.org,AthenaHealth (AthenaPatient / Communicator),,pccwellness.org,Yes,AthenaHealth (AthenaPatient / Communicator),Cloud EHR & Practice Management,https://13158-1.portal.athenahealth.com/,Found,High,Direct URL (AthenaHealth (AthenaPatient / Communicator)),My PCC Patient Portal
careresource.org,NextGen Healthcare (NextMD),,careresource.org,Yes,NextGen Healthcare (NextMD),Ambulatory EHR,https://pxpportal.nextgen.com/crc-25957/portal/#/user/login,Found,High,Direct Subdomain (https://patientportal.careresource.org),Portal Subdomain
aaphc.org,eClinicalWorks (Healow / mycw),,aaphc.org,Yes,eClinicalWorks (Healow / mycw),Ambulatory EHR & Practice Portal,https://www.healowpay.com/HealowPay/jsp/healow/login.jsp,Found,High,Direct URL (eClinicalWorks (Healow / mycw)),Pay Online
familyfirsthealth.org,AthenaHealth (AthenaPatient / Communicator),,familyfirsthealth.org,Yes,AthenaHealth (AthenaPatient / Communicator),Cloud EHR & Practice Management,https://7492.portal.athenahealth.com/,Found,High,Direct URL (AthenaHealth (AthenaPatient / Communicator)),Patient Portal
phcenters.com,Not related to health care or clinics,,phcenters.com,No,Not related to health care or clinics,Non-Healthcare,,Not related to health care or clinics,High,Unreachable (Unreachable domain without strong healthcare indicator),
some.org,,,some.org,Yes,Not Found,,,No Portal Detected,None,Healthcare Practice Verified (Homepage & Subpages Scanned),
truecare.org,Epic (MyChart / Patient Gateway / My CS-Link),,truecare.org,Yes,Epic (MyChart / Patient Gateway / My CS-Link),Hospital & Health System EHR,https://mychart.ochin.org/mycharttc/Authentication/Login,Found,High,Direct URL (Epic (MyChart / Patient Gateway / My CS-Link)),MyChart®
amoskeaghealth.org,AthenaHealth (AthenaPatient / Communicator),,amoskeaghealth.org,Yes,AthenaHealth (AthenaPatient / Communicator),Cloud EHR & Practice Management,https://28516-1.portal.athenahealth.com/,Found,High,Direct URL (AthenaHealth (AthenaPatient / Communicator)),Patient Portal
unityhealthcare.org,Epic (MyChart / Patient Gateway / My CS-Link),,unityhealthcare.org,Yes,Epic (MyChart / Patient Gateway / My CS-Link),Hospital & Health System EHR,https://mychart.cachconnect.org/MyChart/openscheduling,Found,High,Direct URL (Epic (MyChart / Patient Gateway / My CS-Link)),Schedule Appointment
waynehospital.org,Custom / Practice Portal,,waynehospital.org,Yes,Custom / Practice Portal,,https://www.yourcareeverywhere.com/account/login.html,Generic Portal Found,Medium,Anchor Keyword: 'Patient Portal',Patient Portal
stillwater-medical.org,InteliChart Patient Portal,,stillwater-medical.org,Yes,InteliChart Patient Portal,Patient Engagement & EHR Portal,https://patientportal.intelichart.com/login/patient/Account/Login?ReturnUrl=%2F,Found,High,Subpage Crawl (https://www.stillwater-medical.org/patients-visitors/patient-portal/) -> Direct URL (InteliChart Patient Portal),Log In: Clinic
espiredental.com,Custom / Practice Portal,,espiredental.com,Yes,Custom / Practice Portal,,https://patientportal-cs5.carestack.com/?dn=espiredental,Generic Portal Found,Medium,Anchor Keyword: 'Patient Portal',Patient Portal
myidealdental.com,,,myidealdental.com,Yes,Not Found,,,No Portal Detected,None,Healthcare Practice Verified (Homepage & Subpages Scanned),
affordabledentures.com,,,affordabledentures.com,Yes,Not Found,,,Site Unreachable,None,Connection Failed,
dentrix.com,Dentrix / Patient Engage (Henry Schein),,dentrix.com,Yes,Dentrix / Patient Engage (Henry Schein),Dental EHR & Practice Software,https://www.dentrix.com/support/,Found,High,Direct URL (Dentrix / Patient Engage (Henry Schein)),Learn More
platinumderm.com,,,platinumderm.com,Yes,Not Found,,,No Portal Detected,None,Healthcare Practice Verified (Homepage & Subpages Scanned),
byramhealthcare.com,Not related to health care or clinics,,byramhealthcare.com,No,Not related to health care or clinics,Non-Healthcare,,Not related to health care or clinics,High,Unreachable (Unreachable domain without strong healthcare indicator),
careatc.com,Custom / Practice Portal,,careatc.com,Yes,Custom / Practice Portal,,https://patients.careatc.com/patientportal/,Generic Portal Found,Medium,Anchor Keyword: 'Patient Login',Patient Login
countrymark.com,Not related to health care or clinics,,countrymark.com,No,Not related to health care or clinics,Non-Healthcare,,Not related to health care or clinics,High,Non-Healthcare Detected (Insufficient healthcare relevance (score: 0)),
ccrm.ca,Not related to health care or clinics,,ccrm.ca,No,Not related to health care or clinics,Non-Healthcare,,Not related to health care or clinics,High,Non-Healthcare Detected (Insufficient healthcare relevance (score: 0)),
kanesfurniture.com,Not related to health care or clinics,,kanesfurniture.com,No,Not related to health care or clinics,Non-Healthcare,,Not related to health care or clinics,High,Non-Healthcare Detected (Non-healthcare industry detected (score: 10 vs 0)),
lovesac.com,Not related to health care or clinics,,lovesac.com,No,Not related to health care or clinics,Non-Healthcare,,Not related to health care or clinics,High,Non-Healthcare Detected (Non-healthcare industry detected (score: 7 vs 0)),
jeromes.com,Not related to health care or clinics,,jeromes.com,No,Not related to health care or clinics,Non-Healthcare,,Not related to health care or clinics,High,Unreachable (Unreachable domain without strong healthcare indicator),
allieddigestivehealth.com,AthenaHealth (AthenaPatient / Communicator),,allieddigestivehealth.com,Yes,AthenaHealth (AthenaPatient / Communicator),Cloud EHR & Practice Management,https://24721-1.portal.athenahealth.com/,Found,High,Subpage Crawl (https://allieddigestivehealth.com/patient-portal/) -> Direct URL (AthenaHealth (AthenaPatient / Communicator)),Billing Portal
familysearch.org,Not related to health care or clinics,,familysearch.org,No,Not related to health care or clinics,Non-Healthcare,,Not related to health care or clinics,High,Non-Healthcare Detected (Insufficient healthcare relevance (score: 0)),
co.allen.in.us,Not related to health care or clinics,,co.allen.in.us,No,Not related to health care or clinics,Non-Healthcare,,Not related to health care or clinics,High,Non-Healthcare Detected (Insufficient healthcare relevance (score: 0)),
greenvillenc.gov,Not related to health care or clinics,,greenvillenc.gov,No,Not related to health care or clinics,Non-Healthcare,,Not related to health care or clinics,High,Non-Healthcare Detected (Insufficient healthcare relevance (score: 0)),
capemaycountynj.gov,Not related to health care or clinics,,capemaycountynj.gov,No,Not related to health care or clinics,Non-Healthcare,,Not related to health care or clinics,High,Non-Healthcare Detected (Insufficient healthcare relevance (score: 0)),
waynecounty.com,Not related to health care or clinics,,waynecounty.com,No,Not related to health care or clinics,Non-Healthcare,,Not related to health care or clinics,High,Non-Healthcare Detected (Insufficient healthcare relevance (score: 0)),
buttecounty.net,Not related to health care or clinics,,buttecounty.net,No,Not related to health care or clinics,Non-Healthcare,,Not related to health care or clinics,High,Unreachable (Unreachable domain without strong healthcare indicator),
spd.in.gov,Not related to health care or clinics,,spd.in.gov,No,Not related to health care or clinics,Non-Healthcare,,Not related to health care or clinics,High,Unreachable (Unreachable domain without strong healthcare indicator),
brazoscountytx.gov,Custom / Practice Portal,,brazoscountytx.gov,Yes,Custom / Practice Portal,,https://portal-txbrazos.tylertech.cloud/BrazosPortal/,Generic Portal Found,Medium,Anchor Keyword: 'Justice Web: Court Records / Hearings',Justice Web: Court Records / Hearings
osceola.org,Not related to health care or clinics,,osceola.org,No,Not related to health care or clinics,Non-Healthcare,,Not related to health care or clinics,High,Unreachable (Unreachable domain without strong healthcare indicator),
partnershiphp.org,,,partnershiphp.org,Yes,Not Found,,,No Portal Detected,None,Healthcare Practice Verified (Homepage & Subpages Scanned),
cvmc.org,Epic (MyChart / Patient Gateway / My CS-Link),,cvmc.org,Yes,Epic (MyChart / Patient Gateway / My CS-Link),Hospital & Health System EHR,https://mychart.uvmhealth.org/MyChart/Authentication/Login,Found,High,Direct URL (Epic (MyChart / Patient Gateway / My CS-Link)),MyChart
chartercare.org,,,chartercare.org,Yes,Not Found,,,No Portal Detected,None,Healthcare Practice Verified (Homepage & Subpages Scanned),
bethesdahealth.org,Epic (MyChart / Patient Gateway / My CS-Link),,bethesdahealth.org,Yes,Epic (MyChart / Patient Gateway / My CS-Link),Hospital & Health System EHR,https://mychart.bethesdahealth.org/,Found,High,Direct Subdomain (https://mychart.bethesdahealth.org),Portal Subdomain
samaritanhealthcare.com,Epic (MyChart / Patient Gateway / My CS-Link),,samaritanhealthcare.com,Yes,Epic (MyChart / Patient Gateway / My CS-Link),Hospital & Health System EHR,https://wearesamaritan.org/mychart/,Found,High,Direct URL (Epic (MyChart / Patient Gateway / My CS-Link)),MyChart & Patient Portal
drg.com,,,drg.com,Yes,Not Found,,,No Portal Detected,None,Healthcare Practice Verified (Homepage & Subpages Scanned),
quorumhealth.com,,,quorumhealth.com,Yes,Not Found,,,No Portal Detected,None,Healthcare Practice Verified (Homepage & Subpages Scanned),
healthalliance.co.nz,,,healthalliance.co.nz,Yes,Not Found,,,No Portal Detected,None,Healthcare Practice Verified (Homepage & Subpages Scanned),
homewellcares.com,Epic (MyChart / Patient Gateway / My CS-Link),,homewellcares.com,Yes,Epic (MyChart / Patient Gateway / My CS-Link),Hospital & Health System EHR,https://mychart.homewellcares.com/,Found,High,Direct Subdomain (https://mychart.homewellcares.com),Portal Subdomain
rightathomeuk.com,,,rightathomeuk.com,Yes,Not Found,,,No Portal Detected,None,Healthcare Practice Verified (Homepage & Subpages Scanned),
rightathome.net,Not related to health care or clinics,,rightathome.net,No,Not related to health care or clinics,Non-Healthcare,,Not related to health care or clinics,High,Unreachable (Unreachable domain without strong healthcare indicator),
budgetblinds.com,Not related to health care or clinics,,budgetblinds.com,No,Not related to health care or clinics,Non-Healthcare,,Not related to health care or clinics,High,Non-Healthcare Detected (Non-healthcare industry detected (score: 4 vs 3)),
alayacare.com,,,alayacare.com,Yes,Not Found,,,No Portal Detected,None,Healthcare Practice Verified (Homepage & Subpages Scanned),
gadsdenregional.com,Cerner / Oracle Health (HealtheLife),,gadsdenregional.com,Yes,Cerner / Oracle Health (HealtheLife),Hospital & Health System EHR,https://www.gadsdenregional.com/hospital-patient-portal,Found,Medium,Subpage Content Match (\boracle health\b),
gchospital.org,AthenaHealth (AthenaPatient / Communicator),,gchospital.org,Yes,AthenaHealth (AthenaPatient / Communicator),Cloud EHR & Practice Management,https://16187.portal.athenahealth.com/,Found,High,Direct URL (AthenaHealth (AthenaPatient / Communicator)),PATIENT PORTAL
majorhospital.org,Custom / Practice Portal,,majorhospital.org,Yes,Custom / Practice Portal,,https://www.mymhp.org/patients-guests/patient-resources/patient-portal/log-in-to-my-mhp-health/,Generic Portal Found,Medium,Anchor Keyword: 'PATIENT PORTAL',PATIENT PORTAL
oomc.com,,,oomc.com,Yes,Not Found,,,No Portal Detected,None,Healthcare Practice Verified (Homepage & Subpages Scanned),
sanjuanmedicalcenter.com,,,sanjuanmedicalcenter.com,Yes,Not Found,,,No Portal Detected,None,Healthcare Practice Verified (Homepage & Subpages Scanned),
auburnhospital.org,Allscripts / Veradigm (FollowMyHealth),,auburnhospital.org,Yes,Allscripts / Veradigm (FollowMyHealth),EHR & Patient Engagement,https://auburnhospital.followmyhealth.com/Login/Home/Index?authproviders=0&returnArea=PatientAccess#!/default,Found,High,Direct URL (Allscripts / Veradigm (FollowMyHealth)),Patient Portal Login
wtbyhosp.org,Not related to health care or clinics,,wtbyhosp.org,No,Not related to health care or clinics,Non-Healthcare,,Not related to health care or clinics,High,Non-Healthcare Detected (Non-healthcare industry detected (score: 8 vs 0)),
whitememorial.org,Custom / Practice Portal,,whitememorial.org,Yes,Custom / Practice Portal,,https://onrealm.org/whitememorial,Generic Portal Found,Medium,Anchor Keyword: 'Realm – Member Login',Realm – Member Login
hollandhospital.org,eClinicalWorks (Healow / mycw),,hollandhospital.org,Yes,eClinicalWorks (Healow / mycw),Ambulatory EHR & Practice Portal,https://mycw26.eclinicalweb.com/portal2388/jsp/100mp/login_otp.jsp,Found,High,Subpage Crawl (https://www.hollandhospital.org/patient-portals) -> Direct URL (eClinicalWorks (Healow / mycw)),Login Now
bmgh.org,AthenaHealth (AthenaPatient / Communicator),,bmgh.org,Yes,AthenaHealth (AthenaPatient / Communicator),Cloud EHR & Practice Management,https://18353.portal.athenahealth.com/?deeplink=section%3Dhealth%26sub%3Dcare%5Fsummaries%26eidh%3D9003860705c88f01b43b8b917921993d%26athenareferrer%3DEPATIENTCARESUMMARY%5FBASICEPATIENTCARESUMMARY%5FCTA%26%26document%3D913657,Found,High,Direct URL (AthenaHealth (AthenaPatient / Communicator)),Patient Portal
ecmh.org,Not related to health care or clinics,,ecmh.org,No,Not related to health care or clinics,Non-Healthcare,,Not related to health care or clinics,High,Unreachable (Unreachable domain without strong healthcare indicator),
gcrmc.org,Cerner / Oracle Health (HealtheLife),,gcrmc.org,Yes,Cerner / Oracle Health (HealtheLife),Hospital & Health System EHR,https://img.cernerhealth.com/79bee549f784436bbcb5d84bde634929/New%20Christus%20Logo.jpg&quot,Found,High,Subpage JS Payload (https://www.christushealth.org/locations/alamogordo-hospital/patient-portal) -> JS/HTML Payload (Cerner / Oracle Health (HealtheLife)),Embedded Page / Script Link
ccmhhealth.com,Allscripts / Veradigm (FollowMyHealth),,ccmhhealth.com,Yes,Allscripts / Veradigm (FollowMyHealth),EHR & Patient Engagement,https://memorialhealthswok.followmyhealth.com/Login/Home/Index?authproviders=0&returnArea=PatientAccess#!/default,Found,High,Subpage Crawl (https://www.memorialhealthswok.com/my-memorial-health/) -> Direct URL (Allscripts / Veradigm (FollowMyHealth)),Sign in Here
mch1.org,Not related to health care or clinics,,mch1.org,No,Not related to health care or clinics,Non-Healthcare,,Not related to health care or clinics,High,Unreachable (Unreachable domain without strong healthcare indicator),
grahamrmc.com,Custom / Practice Portal,,grahamrmc.com,Yes,Custom / Practice Portal,,https://www.grahamrmc.com/patient-portal,Generic Portal Found,Medium,Anchor Keyword: 'Patient Portal',Patient Portal
mmchs.org,Custom / Practice Portal,,mmchs.org,Yes,Custom / Practice Portal,,https://www.mmchs.org/resources/patient-portal/,Generic Portal Found,Medium,Anchor Keyword: 'Patient Portal',Patient Portal
ppgh.com,Not related to health care or clinics,,ppgh.com,No,Not related to health care or clinics,Non-Healthcare,,Not related to health care or clinics,High,Unreachable (Unreachable domain without strong healthcare indicator),
magruderhospital.com,Not related to health care or clinics,,magruderhospital.com,No,Not related to health care or clinics,Non-Healthcare,,Not related to health care or clinics,High,Unreachable (Unreachable domain without strong healthcare indicator),
covh.org,Epic (MyChart / Patient Gateway / My CS-Link),,covh.org,Yes,Epic (MyChart / Patient Gateway / My CS-Link),Hospital & Health System EHR,https://mychart.covh.org/mychart/Authentication/Login,Found,High,Direct Subdomain (https://mychart.covh.org),Portal Subdomain
mhd.com,Not related to health care or clinics,,mhd.com,No,Not related to health care or clinics,Non-Healthcare,,Not related to health care or clinics,High,Unreachable (Unreachable domain without strong healthcare indicator),
watsonvillehospital.com,Custom / Practice Portal,,watsonvillehospital.com,Yes,Custom / Practice Portal,,https://watsonvillehospital.org/patient-portal/,Generic Portal Found,Medium,Anchor Keyword: 'Patient Portal',Patient Portal
jmc.org,Custom / Practice Portal,,jmc.org,Yes,Custom / Practice Portal,,https://login.mycarecorner.net,Generic Portal Found,Medium,Anchor Keyword: 'Patient Portal',Patient Portal
daviess.org,Not related to health care or clinics,,daviess.org,No,Not related to health care or clinics,Non-Healthcare,,Not related to health care or clinics,High,Non-Healthcare Detected (Insufficient healthcare relevance (score: 0)),
hrmc.com,Epic (MyChart / Patient Gateway / My CS-Link),,hrmc.com,Yes,Epic (MyChart / Patient Gateway / My CS-Link),Hospital & Health System EHR,https://mychart.hrmc.com/,Found,High,Direct Subdomain (https://mychart.hrmc.com),Portal Subdomain
huhosp.org,Not related to health care or clinics,,huhosp.org,No,Not related to health care or clinics,Non-Healthcare,,Not related to health care or clinics,High,Unreachable (Unreachable domain without strong healthcare indicator),
uhsrgv.com,Not related to health care or clinics,,uhsrgv.com,No,Not related to health care or clinics,Non-Healthcare,,Not related to health care or clinics,High,Unreachable (Unreachable domain without strong healthcare indicator),
dchsystem.com,MEDITECH (Patient Portal),,dchsystem.com,Yes,MEDITECH (Patient Portal),Hospital EHR,https://apps.apple.com/us/app/meditech-mhealth/id1143209032,Found,High,Subpage Crawl (https://www.dchsystem.com/patient-portal/mydch-hospitals/) -> Direct URL (MEDITECH (Patient Portal)),MEDITECH (Patient Portal)
sturdyhealth.org,,,sturdyhealth.org,Yes,Not Found,,,Site Unreachable,None,Connection Failed,
crh.org,Epic (MyChart / Patient Gateway / My CS-Link),,crh.org,Yes,Epic (MyChart / Patient Gateway / My CS-Link),Hospital & Health System EHR,https://mychart.crh.org/mychart/Authentication/Login,Found,High,Direct Subdomain (https://mychart.crh.org),Portal Subdomain
randolphhealth.org,Custom / Practice Portal,,randolphhealth.org,Yes,Custom / Practice Portal,,https://www.randolphhealth.org/patients-and-visitors/patient-portal/,Generic Portal Found,Medium,Anchor Keyword: 'Patient Portal',Patient Portal
lecomhealth.org,,,lecomhealth.org,Yes,Not Found,,,No Portal Detected,None,Healthcare Practice Verified (Homepage & Subpages Scanned),
grmc.org,Custom / Practice Portal,,grmc.org,Yes,Custom / Practice Portal,,https://www.grmc.org/patients-visitors/pay-my-bill/,Generic Portal Found,Medium,Anchor Keyword: 'Patient Portal',Patient Portal
calverthealthmed.org,MEDITECH (Patient Portal),,calverthealthmed.org,Yes,MEDITECH (Patient Portal),Hospital EHR,https://www.calverthealthmedicine.org/MEDITECH-Training,Found,High,Direct URL (MEDITECH (Patient Portal)),MEDITECH Training
ruralhs.org,AthenaHealth (AthenaPatient / Communicator),,ruralhs.org,Yes,AthenaHealth (AthenaPatient / Communicator),Cloud EHR & Practice Management,https://13265-1.portal.athenahealth.com/,Found,High,Direct URL (AthenaHealth (AthenaPatient / Communicator)),Patient Portal
conwayregional.org,Not related to health care or clinics,,conwayregional.org,No,Not related to health care or clinics,Non-Healthcare,,Not related to health care or clinics,High,Unreachable (Unreachable domain without strong healthcare indicator),
waynehealthcare.org,Epic (MyChart / Patient Gateway / My CS-Link),,waynehealthcare.org,Yes,Epic (MyChart / Patient Gateway / My CS-Link),Hospital & Health System EHR,https://mychart.premierhealthpartners.org/mychart/Authentication/Login,Found,High,Direct Subdomain (https://mychart.waynehealthcare.org),Portal Subdomain
kishhealth.org,Epic (MyChart / Patient Gateway / My CS-Link),,kishhealth.org,Yes,Epic (MyChart / Patient Gateway / My CS-Link),Hospital & Health System EHR,https://mynm.nm.org/MyChart/Authentication/Login,Found,High,Direct URL (Epic (MyChart / Patient Gateway / My CS-Link)),MyNM Patient Portal
holzer.org,Not related to health care or clinics,,holzer.org,No,Not related to health care or clinics,Non-Healthcare,,Not related to health care or clinics,High,Unreachable (Unreachable domain without strong healthcare indicator),
trinitas.org,Not related to health care or clinics,,trinitas.org,No,Not related to health care or clinics,Non-Healthcare,,Not related to health care or clinics,High,Unreachable (Unreachable domain without strong healthcare indicator),
huntregional.org,Cerner / Oracle Health (HealtheLife),,huntregional.org,Yes,Cerner / Oracle Health (HealtheLife),Hospital & Health System EHR,https://cernerhealth.com/oauth/authenticate?redirect_uri=https%3A%2F%2Fcernerhealth.com%2Fsaml%2Fsso%2Fresponse%3Fmessage_id%3D_8741a920-93a6-46ac-a74a-65765fd5b380%26issuer%3Dhttps%253A%252F%252Fmyhunthealth.iqhealth.com%252Fsession-api%252Fprotocol%252Fsaml2%252Fmetadata&sign_in_only=on&client_id=fdff01bbb88b452cb6a68d95e6173c0d,Found,High,Subpage Crawl (https://www.huntregional.org/patient-portal/) -> Direct URL (Cerner / Oracle Health (HealtheLife)),Cerner / Oracle Health (HealtheLife)
oaklawn.org,Custom / Practice Portal,,oaklawn.org,Yes,Custom / Practice Portal,,https://oaklawn.org/main/clients/client-portal/,Generic Portal Found,Medium,Anchor Keyword: 'Client Portal',Client Portal
earthlink.net,Not related to health care or clinics,,earthlink.net,No,Not related to health care or clinics,Non-Healthcare,,Not related to health care or clinics,High,Unreachable (Unreachable domain without strong healthcare indicator),
newhorizons.com,Epic (MyChart / Patient Gateway / My CS-Link),,newhorizons.com,Yes,Epic (MyChart / Patient Gateway / My CS-Link),Hospital & Health System EHR,https://www.newhorizons.com/,Found,High,Direct Subdomain (https://mychart.newhorizons.com),Portal Subdomain
junk-king.com,Not related to health care or clinics,,junk-king.com,No,Not related to health care or clinics,Non-Healthcare,,Not related to health care or clinics,High,Non-Healthcare Detected (Non-healthcare industry detected (score: 4 vs 1)),
monogramhealth.com,,,monogramhealth.com,Yes,Not Found,,,No Portal Detected,None,Healthcare Practice Verified (Homepage & Subpages Scanned),
paulweiss.com,Not related to health care or clinics,,paulweiss.com,No,Not related to health care or clinics,Non-Healthcare,,Not related to health care or clinics,High,Non-Healthcare Detected (Insufficient healthcare relevance (score: 0)),
foley.com,Not related to health care or clinics,,foley.com,No,Not related to health care or clinics,Non-Healthcare,,Not related to health care or clinics,High,Non-Healthcare Detected (Non-healthcare industry detected (score: 9 vs 1)),
zynex.com,Custom / Practice Portal,,zynex.com,Yes,Custom / Practice Portal,,https://altiveramedical.com/patient-portal,Generic Portal Found,Medium,"Anchor Keyword: 'Patient PortalAccess account information, manage therapy supplies, and stay connected with your care team.'","Patient PortalAccess account information, manage therapy supplies, and stay connected with your care team."
fmc-na.com,Not related to health care or clinics,,fmc-na.com,No,Not related to health care or clinics,Non-Healthcare,,Not related to health care or clinics,High,Unreachable (Unreachable domain without strong healthcare indicator),
sunmed.com,,,sunmed.com,Yes,Not Found,,,No Portal Detected,None,Healthcare Practice Verified (Homepage & Subpages Scanned),
coveris.com,,,coveris.com,Yes,Not Found,,,No Portal Detected,None,Healthcare Practice Verified (Homepage & Subpages Scanned),
rossu.edu,,,rossu.edu,Yes,Not Found,,,No Portal Detected,None,Healthcare Practice Verified (Homepage & Subpages Scanned),
lecom.edu,Custom / Practice Portal,,lecom.edu,Yes,Custom / Practice Portal,,https://portal.lecom.edu/ics,Generic Portal Found,Medium,Anchor Keyword: 'My LECOM',My LECOM
dispatchhealth.com,,,dispatchhealth.com,Yes,Not Found,,,No Portal Detected,None,Healthcare Practice Verified (Homepage & Subpages Scanned),
jkmoving.com,Not related to health care or clinics,,jkmoving.com,No,Not related to health care or clinics,Non-Healthcare,,Not related to health care or clinics,High,Non-Healthcare Detected (Insufficient healthcare relevance (score: 0)),
watsonclinic.com,Epic (MyChart / Patient Gateway / My CS-Link),,watsonclinic.com,Yes,Epic (MyChart / Patient Gateway / My CS-Link),Hospital & Health System EHR,https://www.watsonclinic.com/services/mychart.html,Found,High,Direct URL (Epic (MyChart / Patient Gateway / My CS-Link)),MyChart Patient Portal
bozemanclinic.com,AthenaHealth (AthenaPatient / Communicator),,bozemanclinic.com,Yes,AthenaHealth (AthenaPatient / Communicator),Cloud EHR & Practice Management,https://18402-1.portal.athenahealth.com/,Found,High,Direct URL (AthenaHealth (AthenaPatient / Communicator)),Patient Portal
bassmedicalgroup.com,,,bassmedicalgroup.com,Yes,Not Found,,,No Portal Detected,None,Healthcare Practice Verified (Homepage & Subpages Scanned),
imperialhealth.com,Custom / Practice Portal,,imperialhealth.com,Yes,Custom / Practice Portal,,https://imperialhealth.myezyaccess.com/Patient/Main.aspx,Generic Portal Found,Medium,Anchor Keyword: 'Patient Portal',Patient Portal
lmgdoctors.com,eClinicalWorks (Healow / mycw),,lmgdoctors.com,Yes,eClinicalWorks (Healow / mycw),Ambulatory EHR & Practice Portal,https://health.healow.com/loudounmedicalgroup,Found,High,Subpage Crawl (https://www.lmgdoctors.com/patients/portal/) -> Direct URL (eClinicalWorks (Healow / mycw)),Click here to login to your patient portal account online
white-wilson.com,AthenaHealth (AthenaPatient / Communicator),,white-wilson.com,Yes,AthenaHealth (AthenaPatient / Communicator),Cloud EHR & Practice Management,https://21123-1.portal.athenahealth.com/,Found,High,Subpage Crawl (https://www.white-wilson.com/patientportal.htm) -> Direct URL (AthenaHealth (AthenaPatient / Communicator)),Log In To Our Patient Portal
priviahealth.com,Epic (MyChart / Patient Gateway / My CS-Link),,priviahealth.com,Yes,Epic (MyChart / Patient Gateway / My CS-Link),Hospital & Health System EHR,https://www.priviahealth.com/,Found,High,Direct Subdomain (https://mychart.priviahealth.com),Portal Subdomain
wrightstatephysicians.org,,,wrightstatephysicians.org,Yes,Not Found,,,No Portal Detected,None,Healthcare Practice Verified (Homepage & Subpages Scanned),
dmu.edu,Not related to health care or clinics,,dmu.edu,No,Not related to health care or clinics,Non-Healthcare,,Not related to health care or clinics,High,Unreachable (Unreachable domain without strong healthcare indicator),
priorityhealth.com,,,priorityhealth.com,Yes,Not Found,,,No Portal Detected,None,Healthcare Practice Verified (Homepage & Subpages Scanned),
scanhealthplan.com,,,scanhealthplan.com,Yes,Not Found,,,No Portal Detected,None,Healthcare Practice Verified (Homepage & Subpages Scanned),
homeward.com,Not related to health care or clinics,,homeward.com,No,Not related to health care or clinics,Non-Healthcare,,Not related to health care or clinics,High,Non-Healthcare Detected (Non-healthcare industry detected (score: 3 vs 0)),
touchmark.com,,,touchmark.com,Yes,Not Found,,,No Portal Detected,None,Healthcare Practice Verified (Homepage & Subpages Scanned),
graffdiamonds.hk,Not related to health care or clinics,,graffdiamonds.hk,No,Not related to health care or clinics,Non-Healthcare,,Not related to health care or clinics,High,Unreachable (Unreachable domain without strong healthcare indicator),
aol.com,Not related to health care or clinics,,aol.com,No,Not related to health care or clinics,Non-Healthcare,,Not related to health care or clinics,High,Non-Healthcare Detected (Insufficient healthcare relevance (score: 0)),
AOL.COM,Not related to health care or clinics,,aol.com,No,Not related to health care or clinics,Non-Healthcare,,Not related to health care or clinics,High,Non-Healthcare Detected (Insufficient healthcare relevance (score: 0)),
emergeortho.com,AthenaHealth (AthenaPatient / Communicator),,emergeortho.com,Yes,AthenaHealth (AthenaPatient / Communicator),Cloud EHR & Practice Management,https://847-4.portal.athenahealth.com/,Found,High,Direct URL (AthenaHealth (AthenaPatient / Communicator)),Patient Portal
beaconortho.com,,,beaconortho.com,Yes,Not Found,,,Site Unreachable,None,Connection Failed,
tsaog.com,AthenaHealth (AthenaPatient / Communicator),,tsaog.com,Yes,AthenaHealth (AthenaPatient / Communicator),Cloud EHR & Practice Management,https://94.portal.athenahealth.com/,Found,High,Direct URL (AthenaHealth (AthenaPatient / Communicator)),PATIENT PORTAL
hughston.com,AthenaHealth (AthenaPatient / Communicator),,hughston.com,Yes,AthenaHealth (AthenaPatient / Communicator),Cloud EHR & Practice Management,https://321.portal.athenahealth.com/,Found,High,Direct URL (AthenaHealth (AthenaPatient / Communicator)),Patient Portal
orthoaustin.com,MedInformatix,,orthoaustin.com,Yes,MedInformatix,Radiology & Ambulatory EHR,https://portal.orthoaustin.com/login.htm,Found,Medium,Subpage Content Match (\bmedinformatix\b),
orthoindy.com,AthenaHealth (AthenaPatient / Communicator),,orthoindy.com,Yes,AthenaHealth (AthenaPatient / Communicator),Cloud EHR & Practice Management,https://29985.portal.athenahealth.com/,Found,High,Subpage Crawl (https://www.orthoindy.com/orthoindy-patient-portal) -> Direct URL (AthenaHealth (AthenaPatient / Communicator)),Enter the ORTHOINDY PATIENT PORTAL
ohinj.org,Epic (MyChart / Patient Gateway / My CS-Link),,ohinj.org,Yes,Epic (MyChart / Patient Gateway / My CS-Link),Hospital & Health System EHR,https://ohinj.org/,Found,High,Direct Subdomain (https://mychart.ohinj.org),Portal Subdomain
floridaortho.com,AthenaHealth (AthenaPatient / Communicator),,floridaortho.com,Yes,AthenaHealth (AthenaPatient / Communicator),Cloud EHR & Practice Management,https://18802-1.portal.athenahealth.com/,Found,High,Subpage Crawl (https://www.floridaortho.com/patient-portal/) -> Direct URL (AthenaHealth (AthenaPatient / Communicator)),Florida Orthopaedic Institute Patient Portal
nebraskaortho.com,AthenaHealth (AthenaPatient / Communicator),,nebraskaortho.com,Yes,AthenaHealth (AthenaPatient / Communicator),Cloud EHR & Practice Management,https://32860-1.portal.athenahealth.com/,Found,High,Subpage Crawl (https://nebraskaortho.com/patient-portal/) -> Direct URL (AthenaHealth (AthenaPatient / Communicator)),AthenaHealth (AthenaPatient / Communicator)
scriptcare.com,Not related to health care or clinics,,scriptcare.com,No,Not related to health care or clinics,Non-Healthcare,,Not related to health care or clinics,High,Unreachable (Unreachable domain without strong healthcare indicator),
completerx.com,,,completerx.com,Yes,Not Found,,,No Portal Detected,None,Healthcare Practice Verified (Homepage & Subpages Scanned),
getluna.com,,,getluna.com,Yes,Not Found,,,No Portal Detected,None,Healthcare Practice Verified (Homepage & Subpages Scanned),
h2health.com,,,h2health.com,Yes,Not Found,,,No Portal Detected,None,Healthcare Practice Verified (Homepage & Subpages Scanned),
spearcenter.com,Custom / Practice Portal,,spearcenter.com,Yes,Custom / Practice Portal,,https://spearcenter.com/spear-online-patient-portal/,Generic Portal Found,Medium,Anchor Keyword: 'Portal login',Portal login
twinboro.com,Not related to health care or clinics,,twinboro.com,No,Not related to health care or clinics,Non-Healthcare,,Not related to health care or clinics,High,Unreachable (Unreachable domain without strong healthcare indicator),
sacobaypt.com,Not related to health care or clinics,,sacobaypt.com,No,Not related to health care or clinics,Non-Healthcare,,Not related to health care or clinics,High,Unreachable (Unreachable domain without strong healthcare indicator),
rebound-pt.com,,,rebound-pt.com,Yes,Not Found,,,No Portal Detected,None,Healthcare Practice Verified (Homepage & Subpages Scanned),
oxfordpt.com,Not related to health care or clinics,,oxfordpt.com,No,Not related to health care or clinics,Non-Healthcare,,Not related to health care or clinics,High,Non-Healthcare Detected (Insufficient healthcare relevance (score: 0)),
upperlinehealth.com,AthenaHealth (AthenaPatient / Communicator),,upperlinehealth.com,Yes,AthenaHealth (AthenaPatient / Communicator),Cloud EHR & Practice Management,https://4399-3.portal.athenahealth.com/,Found,High,Direct URL (AthenaHealth (AthenaPatient / Communicator)),Patient Portal
balancehealth.com,,,balancehealth.com,Yes,Not Found,,,No Portal Detected,None,Healthcare Practice Verified (Homepage & Subpages Scanned),
concertocare.com,,,concertocare.com,Yes,Not Found,,,No Portal Detected,None,Healthcare Practice Verified (Homepage & Subpages Scanned),
marathon.health,Custom / Practice Portal,,marathon.health,Yes,Custom / Practice Portal,,https://clients.marathon.health/,Generic Portal Found,Medium,Anchor Keyword: 'Patient portal',Patient portal
smcmed.com,Phreesia,,smcmed.com,Yes,Phreesia,Patient Intake & Registration,https://www.phreesia.net/z2/patient/Payment.aspx/IdentifyPatient,Found,High,Direct URL (Phreesia),Make A Payment
mybethanymedical.com,Allscripts / Veradigm (FollowMyHealth),,mybethanymedical.com,Yes,Allscripts / Veradigm (FollowMyHealth),EHR & Patient Engagement,https://www.followmyhealth.com/Login/Home/Index?authproviders=0&returnArea=PatientAccess#!/default#/default,Found,High,Direct URL (Allscripts / Veradigm (FollowMyHealth)),Follow My Health
honesthealth.com,,,honesthealth.com,Yes,Not Found,,,No Portal Detected,None,Healthcare Practice Verified (Homepage & Subpages Scanned),
absolutecare.com,eClinicalWorks (Healow / mycw),,absolutecare.com,Yes,eClinicalWorks (Healow / mycw),Ambulatory EHR & Practice Portal,https://health.healow.com/AbsoluteCare,Found,High,Direct URL (eClinicalWorks (Healow / mycw)),Patient Portal
palmmedicalcenters.com,eClinicalWorks (Healow / mycw),,palmmedicalcenters.com,Yes,eClinicalWorks (Healow / mycw),Ambulatory EHR & Practice Portal,https://mycw44.eclinicalweb.com/portal5078/jsp/100mp/login_otp.jsp,Found,High,Direct URL (eClinicalWorks (Healow / mycw)),Patient Portal
cfainstitute.org,Not related to health care or clinics,,cfainstitute.org,No,Not related to health care or clinics,Non-Healthcare,,Not related to health care or clinics,High,Non-Healthcare Detected (Insufficient healthcare relevance (score: 0)),
pauldavis.com,Not related to health care or clinics,,pauldavis.com,No,Not related to health care or clinics,Non-Healthcare,,Not related to health care or clinics,High,Unreachable (Unreachable domain without strong healthcare indicator),
greenbrooktms.com,,,greenbrooktms.com,Yes,Not Found,,,No Portal Detected,None,Healthcare Practice Verified (Homepage & Subpages Scanned),
adph.state.al.us,Not related to health care or clinics,,adph.state.al.us,No,Not related to health care or clinics,Non-Healthcare,,Not related to health care or clinics,High,Unreachable (Unreachable domain without strong healthcare indicator),
christianhealthnj.org,,,christianhealthnj.org,Yes,Not Found,,,No Portal Detected,None,Healthcare Practice Verified (Homepage & Subpages Scanned),
broadriverrehab.com,,,broadriverrehab.com,Yes,Not Found,,,No Portal Detected,None,Healthcare Practice Verified (Homepage & Subpages Scanned),
vectorsecurity.com,Not related to health care or clinics,,vectorsecurity.com,No,Not related to health care or clinics,Non-Healthcare,,Not related to health care or clinics,High,Unreachable (Unreachable domain without strong healthcare indicator),
welbehealth.com,,,welbehealth.com,Yes,Not Found,,,No Portal Detected,None,Healthcare Practice Verified (Homepage & Subpages Scanned),
nationalchurchresidences.org,,,nationalchurchresidences.org,Yes,Not Found,,,No Portal Detected,None,Healthcare Practice Verified (Homepage & Subpages Scanned),
ovationbyavamere.com,Not related to health care or clinics,,ovationbyavamere.com,No,Not related to health care or clinics,Non-Healthcare,,Not related to health care or clinics,High,Unreachable (Unreachable domain without strong healthcare indicator),
aplaceformom.com,,,aplaceformom.com,Yes,Not Found,,,No Portal Detected,None,Healthcare Practice Verified (Homepage & Subpages Scanned),
alarm.com,Not related to health care or clinics,,alarm.com,No,Not related to health care or clinics,Non-Healthcare,,Not related to health care or clinics,High,Non-Healthcare Detected (Insufficient healthcare relevance (score: 0)),
covenanthouse.org,,,covenanthouse.org,Yes,Not Found,,,No Portal Detected,None,Healthcare Practice Verified (Homepage & Subpages Scanned),
shieldsrx.com,Custom / Practice Portal,,shieldsrx.com,Yes,Custom / Practice Portal,,https://shieldshealthsolutions.com/columbus-regional-health-partnership/,Generic Portal Found,Medium,Anchor Keyword: 'Shields Health Solutions Partners with Columbus Regional Health to Enhance Patient Access to Specialty Pharmacy Services',Shields Health Solutions Partners with Columbus Regional Health to Enhance Patient Access to Specialty Pharmacy Services
nba.com,Not related to health care or clinics,,nba.com,No,Not related to health care or clinics,Non-Healthcare,,Not related to health care or clinics,High,Non-Healthcare Detected (Insufficient healthcare relevance (score: 0)),
w3global.com,Not related to health care or clinics,,w3global.com,No,Not related to health care or clinics,Non-Healthcare,,Not related to health care or clinics,High,Non-Healthcare Detected (Non-healthcare industry detected (score: 7 vs 3)),
fioptics.com,Not related to health care or clinics,,fioptics.com,No,Not related to health care or clinics,Non-Healthcare,,Not related to health care or clinics,High,Non-Healthcare Detected (Insufficient healthcare relevance (score: 0)),
campbell.edu,,,campbell.edu,Yes,Not Found,,,No Portal Detected,None,Healthcare Practice Verified (Homepage & Subpages Scanned),
unitir.edu.al,Not related to health care or clinics,,unitir.edu.al,No,Not related to health care or clinics,Non-Healthcare,,Not related to health care or clinics,High,Non-Healthcare Detected (Insufficient healthcare relevance (score: 0)),
kenan-flagler.unc.edu,Not related to health care or clinics,,kenan-flagler.unc.edu,No,Not related to health care or clinics,Non-Healthcare,,Not related to health care or clinics,High,Non-Healthcare Detected (Insufficient healthcare relevance (score: 0)),
valdosta.edu,,,valdosta.edu,Yes,Not Found,,,No Portal Detected,None,Healthcare Practice Verified (Homepage & Subpages Scanned),
tcnj.edu,Not related to health care or clinics,,tcnj.edu,No,Not related to health care or clinics,Non-Healthcare,,Not related to health care or clinics,High,Unreachable (Unreachable domain without strong healthcare indicator),
hunter.cuny.edu,,,hunter.cuny.edu,Yes,Not Found,,,No Portal Detected,None,Healthcare Practice Verified (Homepage & Subpages Scanned),
regis.edu,,,regis.edu,Yes,Not Found,,,No Portal Detected,None,Healthcare Practice Verified (Homepage & Subpages Scanned),
washburn.edu,,,washburn.edu,Yes,Not Found,,,No Portal Detected,None,Healthcare Practice Verified (Homepage & Subpages Scanned),
zoomcare.com,AthenaHealth (AthenaPatient / Communicator),,zoomcare.com,Yes,AthenaHealth (AthenaPatient / Communicator),Cloud EHR & Practice Management,https://30646-1.portal.athenahealth.com,Found,High,Direct URL (AthenaHealth (AthenaPatient / Communicator)),Patient portal
nextcare.com,Epic (MyChart / Patient Gateway / My CS-Link),,nextcare.com,Yes,Epic (MyChart / Patient Gateway / My CS-Link),Hospital & Health System EHR,https://mychart.nextcare.com/,Found,High,Direct Subdomain (https://mychart.nextcare.com),Portal Subdomain
doctorscare.com,Not related to health care or clinics,,doctorscare.com,No,Not related to health care or clinics,Non-Healthcare,,Not related to health care or clinics,High,Unreachable (Unreachable domain without strong healthcare indicator),
fastpacehealth.com,,,fastpacehealth.com,Yes,Not Found,,,No Portal Detected,None,Healthcare Practice Verified (Homepage & Subpages Scanned),
carewelluc.com,Not related to health care or clinics,,carewelluc.com,No,Not related to health care or clinics,Non-Healthcare,,Not related to health care or clinics,High,Unreachable (Unreachable domain without strong healthcare indicator),
wellstreet.com,,,wellstreet.com,Yes,Not Found,,,No Portal Detected,None,Healthcare Practice Verified (Homepage & Subpages Scanned),
urologygroup.com,Allscripts / Veradigm (FollowMyHealth),,urologygroup.com,Yes,Allscripts / Veradigm (FollowMyHealth),EHR & Patient Engagement,https://urologygroup.followmyhealth.com/Login/Home/Index?authproviders=0&returnArea=PatientAccess#!/default,Found,High,Subpage Crawl (https://www.urologygroup.com/patient-portal/) -> Direct URL (Allscripts / Veradigm (FollowMyHealth)),Portal Login
onsitewomenshealth.com,,,onsitewomenshealth.com,Yes,Not Found,,,No Portal Detected,None,Healthcare Practice Verified (Homepage & Subpages Scanned),
whasn.com,eClinicalWorks (Healow / mycw),,whasn.com,Yes,eClinicalWorks (Healow / mycw),Ambulatory EHR & Practice Portal,https://www.healowpay.com/HealowPay/jsp/healow/login.jsp,Found,High,Direct URL (eClinicalWorks (Healow / mycw)),Pay Your Bill
togetherwomenshealth.com,,,togetherwomenshealth.com,Yes,Not Found,,,No Portal Detected,None,Healthcare Practice Verified (Homepage & Subpages Scanned),
eecs.umich.edu,Not related to health care or clinics,,eecs.umich.edu,No,Not related to health care or clinics,Non-Healthcare,,Not related to health care or clinics,High,Unreachable (Unreachable domain without strong healthcare indicator),
jefferson.edu,Epic (MyChart / Patient Gateway / My CS-Link),,jefferson.edu,Yes,Epic (MyChart / Patient Gateway / My CS-Link),Hospital & Health System EHR,https://mychart.jefferson.edu/mychart/Authentication/Login,Found,High,Direct Subdomain (https://mychart.jefferson.edu),Portal Subdomain
stonybrookmedicine.edu,NextGen Healthcare (NextMD),,stonybrookmedicine.edu,Yes,NextGen Healthcare (NextMD),Ambulatory EHR,https://pxpportal.nextgen.com/meetinghouselane-27705/portal/#/user/login,Found,High,Subpage Crawl (https://www.stonybrookmedicine.edu/patient-portal) -> Direct URL (NextGen Healthcare (NextMD)),LOGIN
mednet.ucla.edu,,,mednet.ucla.edu,Yes,Not Found,,,Site Unreachable,None,Connection Failed,
rush.edu,Epic (MyChart / Patient Gateway / My CS-Link),,rush.edu,Yes,Epic (MyChart / Patient Gateway / My CS-Link),Hospital & Health System EHR,https://mychart.rush.edu/mychart/Authentication/Login,Found,High,Direct Subdomain (https://mychart.rush.edu),Portal Subdomain
bidmc.harvard.edu,Not related to health care or clinics,,bidmc.harvard.edu,No,Not related to health care or clinics,Non-Healthcare,,Not related to health care or clinics,High,Unreachable (Unreachable domain without strong healthcare indicator),
med.miami.edu,,,med.miami.edu,Yes,Not Found,,,No Portal Detected,None,Healthcare Practice Verified (Homepage & Subpages Scanned),
llu.edu,,,llu.edu,Yes,Not Found,,,No Portal Detected,None,Healthcare Practice Verified (Homepage & Subpages Scanned),
bmc.org,Epic (MyChart / Patient Gateway / My CS-Link),,bmc.org,Yes,Epic (MyChart / Patient Gateway / My CS-Link),Hospital & Health System EHR,https://www.bmc.org/mychart,Found,High,Direct URL (Epic (MyChart / Patient Gateway / My CS-Link)),MyChart
nebraskamed.com,Epic (MyChart / Patient Gateway / My CS-Link),,nebraskamed.com,Yes,Epic (MyChart / Patient Gateway / My CS-Link),Hospital & Health System EHR,https://www.onechartpatient.com/mychart/,Found,High,Direct URL (Epic (MyChart / Patient Gateway / My CS-Link)),One Chart
augusta.edu,Custom / Practice Portal,,augusta.edu,Yes,Custom / Practice Portal,,https://apply.augusta.edu/portal/experienceau,Generic Portal Found,Medium,Anchor Keyword: 'Visit Campus',Visit Campus
dmc.org,Not related to health care or clinics,,dmc.org,No,Not related to health care or clinics,Non-Healthcare,,Not related to health care or clinics,High,Unreachable (Unreachable domain without strong healthcare indicator),
wvumedicine.org,Epic (MyChart / Patient Gateway / My CS-Link),,wvumedicine.org,Yes,Epic (MyChart / Patient Gateway / My CS-Link),Hospital & Health System EHR,https://mywvuchart.com/MyChart/,Found,High,Direct URL (Epic (MyChart / Patient Gateway / My CS-Link)),MyWVUChart
opalagedcare.com.au,,,opalagedcare.com.au,Yes,Not Found,,,No Portal Detected,None,Healthcare Practice Verified (Homepage & Subpages Scanned),
opalhealthcare.com.au,,,opalhealthcare.com.au,Yes,Not Found,,,No Portal Detected,None,Healthcare Practice Verified (Homepage & Subpages Scanned),
na.honda.com,Not related to health care or clinics,,na.honda.com,No,Not related to health care or clinics,Non-Healthcare,,Not related to health care or clinics,High,Unreachable (Unreachable domain without strong healthcare indicator),
bhsi.com,Epic (MyChart / Patient Gateway / My CS-Link),,bhsi.com,Yes,Epic (MyChart / Patient Gateway / My CS-Link),Hospital & Health System EHR,https://www.baptisthealth.com/mychart,Found,High,Direct URL (Epic (MyChart / Patient Gateway / My CS-Link)),MyChart
choc.org,Epic (MyChart / Patient Gateway / My CS-Link),,choc.org,Yes,Epic (MyChart / Patient Gateway / My CS-Link),Hospital & Health System EHR,https://mychartor.providence.org/mychart/Authentication/Login,Found,High,Direct URL (Epic (MyChart / Patient Gateway / My CS-Link)),MyChart (CHOC Mission)
atlchildrens.com,Custom / Practice Portal,,atlchildrens.com,Yes,Custom / Practice Portal,,https://www.medfusion.net/secure/portal/index.cfm?fuseaction=home.register&destination=welcome&gid=3587&muu=3702,Generic Portal Found,Medium,"Anchor Keyword: 'Create an Account
Learn More'","Create an Account
Learn More"
childrenscolorado.org,Epic (MyChart / Patient Gateway / My CS-Link),,childrenscolorado.org,Yes,Epic (MyChart / Patient Gateway / My CS-Link),Hospital & Health System EHR,https://mychart.childrenscolorado.org/,Found,High,Direct Subdomain (https://mychart.childrenscolorado.org),Portal Subdomain
sickkids.ca,Epic (MyChart / Patient Gateway / My CS-Link),,sickkids.ca,Yes,Epic (MyChart / Patient Gateway / My CS-Link),Hospital & Health System EHR,https://www.sickkids.ca/en/patients-visitors/mychart/,Found,High,Direct URL (Epic (MyChart / Patient Gateway / My CS-Link)),MyChart Patient Portal
dentalcorp.ca,,,dentalcorp.ca,Yes,Not Found,,,No Portal Detected,None,Healthcare Practice Verified (Homepage & Subpages Scanned),
radnet.com,,,radnet.com,Yes,Not Found,,,No Portal Detected,None,Healthcare Practice Verified (Homepage & Subpages Scanned),
bluewin.ch,Not related to health care or clinics,,bluewin.ch,No,Not related to health care or clinics,Non-Healthcare,,Not related to health care or clinics,High,Non-Healthcare Detected (Insufficient healthcare relevance (score: 0)),
yahoo.com,Not related to health care or clinics,,yahoo.com,No,Not related to health care or clinics,Non-Healthcare,,Not related to health care or clinics,High,Non-Healthcare Detected (Non-healthcare industry detected (score: 4 vs 0)),
novataste.com,Not related to health care or clinics,,novataste.com,No,Not related to health care or clinics,Non-Healthcare,,Not related to health care or clinics,High,Non-Healthcare Detected (Insufficient healthcare relevance (score: 0)),
montgomerycountymd.gov,,,montgomerycountymd.gov,Yes,Not Found,,,No Portal Detected,None,Healthcare Practice Verified (Homepage & Subpages Scanned),
waynecountymi.gov,Not related to health care or clinics,,waynecountymi.gov,No,Not related to health care or clinics,Non-Healthcare,,Not related to health care or clinics,High,Unreachable (Unreachable domain without strong healthcare indicator),
chsinc.com,Not related to health care or clinics,,chsinc.com,No,Not related to health care or clinics,Non-Healthcare,,Not related to health care or clinics,High,Non-Healthcare Detected (Insufficient healthcare relevance (score: 0)),
na.crh.com,Not related to health care or clinics,,na.crh.com,No,Not related to health care or clinics,Non-Healthcare,,Not related to health care or clinics,High,Unreachable (Unreachable domain without strong healthcare indicator),
brookdalehealth.com,,,brookdalehealth.com,Yes,Not Found,,,No Portal Detected,None,Healthcare Practice Verified (Homepage & Subpages Scanned),
brightstarcare.com,Not related to health care or clinics,,brightstarcare.com,No,Not related to health care or clinics,Non-Healthcare,,Not related to health care or clinics,High,Unreachable (Unreachable domain without strong healthcare indicator),
Brightstarcare.com,Not related to health care or clinics,,brightstarcare.com,No,Not related to health care or clinics,Non-Healthcare,,Not related to health care or clinics,High,Unreachable (Unreachable domain without strong healthcare indicator),
northwell.edu,Allscripts / Veradigm (FollowMyHealth),,northwell.edu,Yes,Allscripts / Veradigm (FollowMyHealth),EHR & Patient Engagement,https://www.northwell.edu/patient-portal,Found,High,Anchor Text Match (Allscripts / Veradigm (FollowMyHealth)),FollowMyHealth
carilionclinic.org,Epic (MyChart / Patient Gateway / My CS-Link),,carilionclinic.org,Yes,Epic (MyChart / Patient Gateway / My CS-Link),Hospital & Health System EHR,https://mychart.carilionclinic.org/MyChart/Authentication/Login,Found,High,Direct Subdomain (https://mychart.carilionclinic.org),Portal Subdomain
montefiore.org,Epic (MyChart / Patient Gateway / My CS-Link),,montefiore.org,Yes,Epic (MyChart / Patient Gateway / My CS-Link),Hospital & Health System EHR,https://mychart.montefiore.org/mychart/Authentication/Login,Found,High,Direct Subdomain (https://mychart.montefiore.org),Portal Subdomain
nm.org,Epic (MyChart / Patient Gateway / My CS-Link),,nm.org,Yes,Epic (MyChart / Patient Gateway / My CS-Link),Hospital & Health System EHR,https://mynm.nm.org/MyChart/Authentication/Login?utm_source=mychart.nm.org&utm_medium=301re&utm_campaign=mynm,Found,High,Direct Subdomain (https://mychart.nm.org),Portal Subdomain
rwjbh.org,Epic (MyChart / Patient Gateway / My CS-Link),,rwjbh.org,Yes,Epic (MyChart / Patient Gateway / My CS-Link),Hospital & Health System EHR,https://mychart.rwjbh.org/MyChart/Authentication/Login,Found,High,Direct Subdomain (https://mychart.rwjbh.org),Portal Subdomain
uvmhealth.org,Epic (MyChart / Patient Gateway / My CS-Link),,uvmhealth.org,Yes,Epic (MyChart / Patient Gateway / My CS-Link),Hospital & Health System EHR,https://mychart.uvmhealth.org/MyChart/Authentication/Login,Found,High,Direct Subdomain (https://mychart.uvmhealth.org),Portal Subdomain
valleyhealth.com,AthenaHealth (AthenaPatient / Communicator),,valleyhealth.com,Yes,AthenaHealth (AthenaPatient / Communicator),Cloud EHR & Practice Management,https://5622-34.portal.athenahealth.com/,Found,High,Subpage Crawl (https://www.valleyhealth.com/patient-portals) -> Direct URL (AthenaHealth (AthenaPatient / Communicator)),Valley Medical Group Patient Portal
sclhealth.org,Epic (MyChart / Patient Gateway / My CS-Link),,sclhealth.org,Yes,Epic (MyChart / Patient Gateway / My CS-Link),Hospital & Health System EHR,https://mychart.sclhealth.org/Mychart/Authentication/Login,Found,High,Direct Subdomain (https://mychart.sclhealth.org),Portal Subdomain
centracare.com,Epic (MyChart / Patient Gateway / My CS-Link),,centracare.com,Yes,Epic (MyChart / Patient Gateway / My CS-Link),Hospital & Health System EHR,https://mychart.centracare.com/MyChart/Authentication/Login,Found,High,Direct Subdomain (https://mychart.centracare.com),Portal Subdomain
northside.com,Not related to health care or clinics,,northside.com,No,Not related to health care or clinics,Non-Healthcare,,Not related to health care or clinics,High,Unreachable (Unreachable domain without strong healthcare indicator),
multicare.org,Epic (MyChart / Patient Gateway / My CS-Link),,multicare.org,Yes,Epic (MyChart / Patient Gateway / My CS-Link),Hospital & Health System EHR,https://mychart.multicare.org/mymulticare/Authentication/Login,Found,High,Direct Subdomain (https://mychart.multicare.org),Portal Subdomain
northshore.org,Epic (MyChart / Patient Gateway / My CS-Link),,northshore.org,Yes,Epic (MyChart / Patient Gateway / My CS-Link),Hospital & Health System EHR,https://mychart.eehealth.org/mychart,Found,High,Direct URL (Epic (MyChart / Patient Gateway / My CS-Link)),Edward-Elmhurst MyChart
jhsmiami.org,Not related to health care or clinics,,jhsmiami.org,No,Not related to health care or clinics,Non-Healthcare,,Not related to health care or clinics,High,Unreachable (Unreachable domain without strong healthcare indicator),
baptisthealth.net,,,baptisthealth.net,Yes,Not Found,,,No Portal Detected,None,Healthcare Practice Verified (Homepage & Subpages Scanned),
gundersenhealth.org,Epic (MyChart / Patient Gateway / My CS-Link),,gundersenhealth.org,Yes,Epic (MyChart / Patient Gateway / My CS-Link),Hospital & Health System EHR,https://mychart.gundersenhealth.org/MyChart/Authentication/Login,Found,High,Direct Subdomain (https://mychart.gundersenhealth.org),Portal Subdomain
stelizabeth.com,Epic (MyChart / Patient Gateway / My CS-Link),,stelizabeth.com,Yes,Epic (MyChart / Patient Gateway / My CS-Link),Hospital & Health System EHR,https://mychart.stelizabeth.com/mychart/Authentication/Login,Found,High,Direct URL (Epic (MyChart / Patient Gateway / My CS-Link)),MY CHART
tmcaz.com,Epic (MyChart / Patient Gateway / My CS-Link),,tmcaz.com,Yes,Epic (MyChart / Patient Gateway / My CS-Link),Hospital & Health System EHR,https://mychart.tmcaz.com/MyChart/Authentication/Login,Found,High,Direct URL (Epic (MyChart / Patient Gateway / My CS-Link)),Patient portal
nghs.com,Epic (MyChart / Patient Gateway / My CS-Link),,nghs.com,Yes,Epic (MyChart / Patient Gateway / My CS-Link),Hospital & Health System EHR,https://mychart.nghs.com/,Found,High,Direct Subdomain (https://mychart.nghs.com),Portal Subdomain
ghs.com,Not related to health care or clinics,,ghs.com,No,Not related to health care or clinics,Non-Healthcare,,Not related to health care or clinics,High,Non-Healthcare Detected (Non-healthcare industry detected (score: 5 vs 3)),
chsli.org,Not related to health care or clinics,,chsli.org,No,Not related to health care or clinics,Non-Healthcare,,Not related to health care or clinics,High,Unreachable (Unreachable domain without strong healthcare indicator),
integrishealth.org,,,integrishealth.org,Yes,Not Found,,,Site Unreachable,None,Connection Failed,
dh.org,Not related to health care or clinics,,dh.org,No,Not related to health care or clinics,Non-Healthcare,,Not related to health care or clinics,High,Unreachable (Unreachable domain without strong healthcare indicator),
msha.com,Not related to health care or clinics,,msha.com,No,Not related to health care or clinics,Non-Healthcare,,Not related to health care or clinics,High,Unreachable (Unreachable domain without strong healthcare indicator),
mhs.net,Epic (MyChart / Patient Gateway / My CS-Link),,mhs.net,Yes,Epic (MyChart / Patient Gateway / My CS-Link),Hospital & Health System EHR,https://mychart.mhs.net/mychart/Authentication/Login,Found,High,Direct Subdomain (https://mychart.mhs.net),Portal Subdomain
midmichiganhs.org,Not related to health care or clinics,,midmichiganhs.org,No,Not related to health care or clinics,Non-Healthcare,,Not related to health care or clinics,High,Unreachable (Unreachable domain without strong healthcare indicator),
tuftsmedicine.org,,,tuftsmedicine.org,Yes,Not Found,,,Site Unreachable,None,Connection Failed,
farmersagent.com,Not related to health care or clinics,,farmersagent.com,No,Not related to health care or clinics,Non-Healthcare,,Not related to health care or clinics,High,Non-Healthcare Detected (Insufficient healthcare relevance (score: 0)),
mattressfirm.com,Not related to health care or clinics,,mattressfirm.com,No,Not related to health care or clinics,Non-Healthcare,,Not related to health care or clinics,High,Unreachable (Non-healthcare domain name),
bu.edu,,,bu.edu,Yes,Not Found,,,No Portal Detected,None,Healthcare Practice Verified (Homepage & Subpages Scanned),
easterseals.com,,,easterseals.com,Yes,Not Found,,,No Portal Detected,None,Healthcare Practice Verified (Homepage & Subpages Scanned),
optimum.net,Not related to health care or clinics,,optimum.net,No,Not related to health care or clinics,Non-Healthcare,,Not related to health care or clinics,High,Non-Healthcare Detected (Insufficient healthcare relevance (score: 0)),
dc.gov,Custom / Practice Portal,,dc.gov,Yes,Custom / Practice Portal,,https://dc.gov/portalwip?subject=DFS%20Internship&qt-resource_center_news_tabs=0#qt-resource_center_news_tabs,Generic Portal Found,Medium,Anchor Keyword: 'District News',District News
wisc.edu,,,wisc.edu,Yes,Not Found,,,No Portal Detected,None,Healthcare Practice Verified (Homepage & Subpages Scanned),
ssc.wisc.edu,,,ssc.wisc.edu,Yes,Not Found,,,No Portal Detected,None,Healthcare Practice Verified (Homepage & Subpages Scanned),
hillenbrand.com,Not related to health care or clinics,,hillenbrand.com,No,Not related to health care or clinics,Non-Healthcare,,Not related to health care or clinics,High,Non-Healthcare Detected (Insufficient healthcare relevance (score: 0)),
usoncology.com,,,usoncology.com,Yes,Not Found,,,Site Unreachable,None,Connection Failed,
corahealth.com,,,corahealth.com,Yes,Not Found,,,Site Unreachable,None,Connection Failed,
centerwell.com,,,centerwell.com,Yes,Not Found,,,No Portal Detected,None,Healthcare Practice Verified (Homepage & Subpages Scanned),
wellmed.net,eClinicalWorks (Healow / mycw),,wellmed.net,Yes,eClinicalWorks (Healow / mycw),Ambulatory EHR & Practice Portal,https://mycw78.ecwcloud.com/portal10289/jsp/100mp/login_otp.jsp,Found,High,Direct URL (eClinicalWorks (Healow / mycw)),Log in (Opens in new window)
harcourts.net,Not related to health care or clinics,,harcourts.net,No,Not related to health care or clinics,Non-Healthcare,,Not related to health care or clinics,High,Non-Healthcare Detected (Non-healthcare industry detected (score: 3 vs 0)),
ljhooker.com,Not related to health care or clinics,,ljhooker.com,No,Not related to health care or clinics,Non-Healthcare,,Not related to health care or clinics,High,Non-Healthcare Detected (Non-healthcare industry detected (score: 3 vs 0)),
linkedin.com,Not related to health care or clinics,,linkedin.com,No,Not related to health care or clinics,Non-Healthcare,,Not related to health care or clinics,High,Non-Healthcare Detected (Non-healthcare industry detected (score: 2 vs 1)),
ufl.edu,,,ufl.edu,Yes,Not Found,,,No Portal Detected,None,Healthcare Practice Verified (Homepage & Subpages Scanned),
usf.edu,,,usf.edu,Yes,Not Found,,,No Portal Detected,None,Healthcare Practice Verified (Homepage & Subpages Scanned),
unc.edu,Not related to health care or clinics,,unc.edu,No,Not related to health care or clinics,Non-Healthcare,,Not related to health care or clinics,High,Unreachable (Unreachable domain without strong healthcare indicator),
uconn.edu,Epic (MyChart / Patient Gateway / My CS-Link),,uconn.edu,Yes,Epic (MyChart / Patient Gateway / My CS-Link),Hospital & Health System EHR,https://mychart.uconn.edu/MyChart/Authentication/Login,Found,High,Direct Subdomain (https://mychart.uconn.edu),Portal Subdomain
wustl.edu,Epic (MyChart / Patient Gateway / My CS-Link),,wustl.edu,Yes,Epic (MyChart / Patient Gateway / My CS-Link),Hospital & Health System EHR,https://www.mypatientchart.org/,Found,High,Anchor Text Match (Epic (MyChart / Patient Gateway / My CS-Link)),MyChart patient portal
indiana.edu,Custom / Practice Portal,,indiana.edu,Yes,Custom / Practice Portal,,https://bloomington.iu.edu/admissions/orientation/portal/,Generic Portal Found,Medium,Anchor Keyword: 'Orientation Portal',Orientation Portal
northwestern.edu,,,northwestern.edu,Yes,Not Found,,,No Portal Detected,None,Healthcare Practice Verified (Homepage & Subpages Scanned),
oregonstate.edu,Custom / Practice Portal,,oregonstate.edu,Yes,Custom / Practice Portal,,https://login.microsoftonline.com/login.srf?wa=wsignin1.0&whr=oregonstate.edu&wreply=https://portal.office.com,Generic Portal Found,Medium,Anchor Keyword: 'Office 365',Office 365
buffalo.edu,,,buffalo.edu,Yes,Not Found,,,No Portal Detected,None,Healthcare Practice Verified (Homepage & Subpages Scanned),
wsu.edu,Custom / Practice Portal,,wsu.edu,Yes,Custom / Practice Portal,,https://portal.wsu.edu/,Generic Portal Found,Medium,Anchor Keyword: 'MyWSU',MyWSU
txstate.edu,,,txstate.edu,Yes,Not Found,,,No Portal Detected,None,Healthcare Practice Verified (Homepage & Subpages Scanned),
ou.edu,,,ou.edu,Yes,Not Found,,,No Portal Detected,None,Healthcare Practice Verified (Homepage & Subpages Scanned),
uw.edu,,,uw.edu,Yes,Not Found,,,No Portal Detected,None,Healthcare Practice Verified (Homepage & Subpages Scanned),
u.washington.edu,Not related to health care or clinics,,u.washington.edu,No,Not related to health care or clinics,Non-Healthcare,,Not related to health care or clinics,High,Unreachable (Unreachable domain without strong healthcare indicator),
yale.edu,,,yale.edu,Yes,Not Found,,,No Portal Detected,None,Healthcare Practice Verified (Homepage & Subpages Scanned),
iu.edu,,,iu.edu,Yes,Not Found,,,No Portal Detected,None,Healthcare Practice Verified (Homepage & Subpages Scanned),
patientfirst.com,Custom / Practice Portal,,patientfirst.com,Yes,Custom / Practice Portal,,https://portal.patientfirst.com/,Generic Portal Found,Medium,Anchor Keyword: 'Patient Portal / Visit History',Patient Portal / Visit History
andersencorp.com,Not related to health care or clinics,,andersencorp.com,No,Not related to health care or clinics,Non-Healthcare,,Not related to health care or clinics,High,Non-Healthcare Detected (Non-healthcare industry detected (score: 8 vs 0)),
ppfa.org,Not related to health care or clinics,,ppfa.org,No,Not related to health care or clinics,Non-Healthcare,,Not related to health care or clinics,High,Unreachable (Unreachable domain without strong healthcare indicator),
carmelallergy.com,AthenaHealth (AthenaPatient / Communicator),,carmelallergy.com,Yes,AthenaHealth (AthenaPatient / Communicator),Cloud EHR & Practice Management,https://17651.portal.athenahealth.com/,Found,High,Direct URL (AthenaHealth (AthenaPatient / Communicator)),PATIENT PORTAL
ohiobariatrics.com,Kareo / Tebra,,ohiobariatrics.com,Yes,Kareo / Tebra,Independent Practice Cloud EHR,https://www.tebra.com/marketing/practice-websites/,Found,High,Direct URL (Kareo / Tebra),TEBRA
strongfoundationbhc.com,Kareo / Tebra,,strongfoundationbhc.com,Yes,Kareo / Tebra,Independent Practice Cloud EHR,https://provider.kareo.com/dr-janet-webster-call,Found,High,Direct URL (Kareo / Tebra),Reviews
balancedbehavioralhealth.com,,,balancedbehavioralhealth.com,Yes,Not Found,,,No Portal Detected,None,Healthcare Practice Verified (Homepage & Subpages Scanned),
rootsbirthcenter.com,AthenaHealth (AthenaPatient / Communicator),,rootsbirthcenter.com,Yes,AthenaHealth (AthenaPatient / Communicator),Cloud EHR & Practice Management,https://www.athenahealth.com/patient-login,Found,High,Direct URL (AthenaHealth (AthenaPatient / Communicator)),Client Portal
jamesrivercardiology.com,,,jamesrivercardiology.com,Yes,Not Found,,,No Portal Detected,None,Healthcare Practice Verified (Homepage & Subpages Scanned),
mc-cardiology.com,eClinicalWorks (Healow / mycw),,mc-cardiology.com,Yes,eClinicalWorks (Healow / mycw),Ambulatory EHR & Practice Portal,https://mycw238.ecwcloud.com/portal27985/jsp/100mp/login_otp.jsp,Found,High,Direct URL (eClinicalWorks (Healow / mycw)),Patient Portal
northcoastcardiology.com,AthenaHealth (AthenaPatient / Communicator),,northcoastcardiology.com,Yes,AthenaHealth (AthenaPatient / Communicator),Cloud EHR & Practice Management,https://1217.portal.athenahealth.com/,Found,High,Direct URL (AthenaHealth (AthenaPatient / Communicator)),Patient Portal
axiscv.com,,,axiscv.com,Yes,Not Found,,,No Portal Detected,None,Healthcare Practice Verified (Homepage & Subpages Scanned),
cardiavision.com,AthenaHealth (AthenaPatient / Communicator),,cardiavision.com,Yes,AthenaHealth (AthenaPatient / Communicator),Cloud EHR & Practice Management,https://www.athenahealth.com/patient-login,Found,High,Direct URL (AthenaHealth (AthenaPatient / Communicator)),Patient Portal
naplesheartrhythm.com,AthenaHealth (AthenaPatient / Communicator),,naplesheartrhythm.com,Yes,AthenaHealth (AthenaPatient / Communicator),Cloud EHR & Practice Management,https://25641.portal.athenahealth.com/,Found,High,Direct URL (AthenaHealth (AthenaPatient / Communicator)),patient portal
faithmedical.org,Epic (MyChart / Patient Gateway / My CS-Link),,faithmedical.org,Yes,Epic (MyChart / Patient Gateway / My CS-Link),Hospital & Health System EHR,https://mychart.faithmedical.org/,Found,High,Direct Subdomain (https://mychart.faithmedical.org),Portal Subdomain
latinossalud.org,,,latinossalud.org,Yes,Not Found,,,No Portal Detected,None,Healthcare Practice Verified (Homepage & Subpages Scanned),
lighthousecomplexcare.com,AthenaHealth (AthenaPatient / Communicator),,lighthousecomplexcare.com,Yes,AthenaHealth (AthenaPatient / Communicator),Cloud EHR & Practice Management,https://20145.portal.athenahealth.com.,Found,High,Direct URL (AthenaHealth (AthenaPatient / Communicator)),Patient Portal
hearthsidemedicine.com,AthenaHealth (AthenaPatient / Communicator),,hearthsidemedicine.com,Yes,AthenaHealth (AthenaPatient / Communicator),Cloud EHR & Practice Management,https://27559.portal.athenahealth.com/,Found,High,Direct URL (AthenaHealth (AthenaPatient / Communicator)),Patient Portal
aethermedicine.com,,,aethermedicine.com,Yes,Not Found,,,No Portal Detected,None,Healthcare Practice Verified (Homepage & Subpages Scanned),
commonwealth-dentistry.com,NexHealth,,commonwealth-dentistry.com,Yes,NexHealth,Dental & Medical Patient Experience,https://app.nexhealth.com/appt/commonwealthdentistry,Found,High,Direct URL (NexHealth),Schedule Online
aiyandiabetescenter.com,Not related to health care or clinics,,aiyandiabetescenter.com,No,Not related to health care or clinics,Non-Healthcare,,Not related to health care or clinics,High,Non-Healthcare Detected (Non-healthcare industry detected (score: 4 vs 0)),
brfamilymed.com,,,brfamilymed.com,Yes,Not Found,,,No Portal Detected,None,Healthcare Practice Verified (Homepage & Subpages Scanned),
premierefamilypractice.com,AthenaHealth (AthenaPatient / Communicator),,premierefamilypractice.com,Yes,AthenaHealth (AthenaPatient / Communicator),Cloud EHR & Practice Management,https://23003.portal.athenahealth.com/,Found,High,Direct URL (AthenaHealth (AthenaPatient / Communicator)),Patient Portal
avalonfamilycare.com,Custom / Practice Portal,,avalonfamilycare.com,Yes,Custom / Practice Portal,,https://app.elationemr.com/passport/login/,Generic Portal Found,Medium,Anchor Keyword: 'PATIENT PORTAL',PATIENT PORTAL
lakeroadfamilymedicine.com,AthenaHealth (AthenaPatient / Communicator),,lakeroadfamilymedicine.com,Yes,AthenaHealth (AthenaPatient / Communicator),Cloud EHR & Practice Management,https://18772.portal.athenahealth.com/,Found,High,Direct URL (AthenaHealth (AthenaPatient / Communicator)),Patient Portal
galvezfamilymedicine.com,AthenaHealth (AthenaPatient / Communicator),,galvezfamilymedicine.com,Yes,AthenaHealth (AthenaPatient / Communicator),Cloud EHR & Practice Management,https://23813.portal.athenahealth.com,Found,High,JS/HTML Payload (AthenaHealth (AthenaPatient / Communicator)),Embedded Page / Script Link
soundfamilyhealth.com,AthenaHealth (AthenaPatient / Communicator),,soundfamilyhealth.com,Yes,AthenaHealth (AthenaPatient / Communicator),Cloud EHR & Practice Management,https://24533.portal.athenahealth.com/,Found,High,Direct Subdomain (https://portal.soundfamilyhealth.com),Portal Subdomain
trinityfamilymed.com,AthenaHealth (AthenaPatient / Communicator),,trinityfamilymed.com,Yes,AthenaHealth (AthenaPatient / Communicator),Cloud EHR & Practice Management,https://2020.portal.athenahealth.com/,Found,High,Direct URL (AthenaHealth (AthenaPatient / Communicator)),Patient Portal
cooperfamilymedical.com,AthenaHealth (AthenaPatient / Communicator),,cooperfamilymedical.com,Yes,AthenaHealth (AthenaPatient / Communicator),Cloud EHR & Practice Management,https://26999.portal.athenahealth.com/,Found,High,Direct URL (AthenaHealth (AthenaPatient / Communicator)),Patient Portal
redriverfamilypractice.com,AthenaHealth (AthenaPatient / Communicator),,redriverfamilypractice.com,Yes,AthenaHealth (AthenaPatient / Communicator),Cloud EHR & Practice Management,https://29492.portal.athenahealth.com,Found,High,Direct URL (AthenaHealth (AthenaPatient / Communicator)),PATIENT PORTAL
libertasfamilymedicine.com,AthenaHealth (AthenaPatient / Communicator),,libertasfamilymedicine.com,Yes,AthenaHealth (AthenaPatient / Communicator),Cloud EHR & Practice Management,https://32191.portal.athenahealth.com/,Found,High,Subpage Crawl (https://www.libertasfamilymedicine.com/portal) -> Direct URL (AthenaHealth (AthenaPatient / Communicator)),Portal Login
mackeyfamilypractice.com,Allscripts / Veradigm (FollowMyHealth),,mackeyfamilypractice.com,Yes,Allscripts / Veradigm (FollowMyHealth),EHR & Patient Engagement,https://jpts.followmyhealth.com/Login/App/PatientAccess?authproviders=16#/Index,Found,High,Direct URL (Allscripts / Veradigm (FollowMyHealth)),Allscripts / Veradigm (FollowMyHealth)
lanefamilywellness.com,,,lanefamilywellness.com,Yes,Not Found,,,No Portal Detected,None,Healthcare Practice Verified (Homepage & Subpages Scanned),
efmpc.com,AthenaHealth (AthenaPatient / Communicator),,efmpc.com,Yes,AthenaHealth (AthenaPatient / Communicator),Cloud EHR & Practice Management,https://1334-1.portal.athenahealth.com/,Found,High,Direct URL (AthenaHealth (AthenaPatient / Communicator)),Portal
sparksfamily.us,Not related to health care or clinics,,sparksfamily.us,No,Not related to health care or clinics,Non-Healthcare,,Not related to health care or clinics,High,Non-Healthcare Detected (Insufficient healthcare relevance (score: 0)),
mifertility.com,,,mifertility.com,Yes,Not Found,,,No Portal Detected,None,Healthcare Practice Verified (Homepage & Subpages Scanned),
healthandhopeclinic.org,AthenaHealth (AthenaPatient / Communicator),,healthandhopeclinic.org,Yes,AthenaHealth (AthenaPatient / Communicator),Cloud EHR & Practice Management,https://24790.portal.athenahealth.com/,Found,High,Direct URL (AthenaHealth (AthenaPatient / Communicator)),Patient Login
landerfreeclinic.org,,,landerfreeclinic.org,Yes,Not Found,,,No Portal Detected,None,Healthcare Practice Verified (Homepage & Subpages Scanned),
gastrocaremd.com,,,gastrocaremd.com,Yes,Not Found,,,No Portal Detected,None,Healthcare Practice Verified (Homepage & Subpages Scanned),
southlincolnmedical.com,AthenaHealth (AthenaPatient / Communicator),,southlincolnmedical.com,Yes,AthenaHealth (AthenaPatient / Communicator),Cloud EHR & Practice Management,https://16971-1.portal.athenahealth.com/,Found,High,Direct URL (AthenaHealth (AthenaPatient / Communicator)),AthenaHealth (AthenaPatient / Communicator)
itrustwellness.com,Custom / Practice Portal,,itrustwellness.com,Yes,Custom / Practice Portal,,https://itrust.tiny.us/portal,Generic Portal Found,Medium,Anchor Keyword: 'Patient Portal',Patient Portal
previvor.care,Not related to health care or clinics,,previvor.care,No,Not related to health care or clinics,Non-Healthcare,,Not related to health care or clinics,High,Unreachable (Unreachable domain without strong healthcare indicator),
glaucomacenter.com,Nextech (MyPatientVisit / MyNextech),,glaucomacenter.com,Yes,Nextech (MyPatientVisit / MyNextech),"Specialty EHR (Derm, Ophtha, Plastic)",https://www.mypatientvisit.com/,Found,High,Direct URL (Nextech (MyPatientVisit / MyNextech)),Patient Portal
tabithamedicalcare.com,AthenaHealth (AthenaPatient / Communicator),,tabithamedicalcare.com,Yes,AthenaHealth (AthenaPatient / Communicator),Cloud EHR & Practice Management,https://19298.portal.athenahealth.com/,Found,High,Direct URL (AthenaHealth (AthenaPatient / Communicator)),Patient Portal
myhomehc.com,AthenaHealth (AthenaPatient / Communicator),,myhomehc.com,Yes,AthenaHealth (AthenaPatient / Communicator),Cloud EHR & Practice Management,https://22118.portal.athenahealth.com/,Found,High,Direct URL (AthenaHealth (AthenaPatient / Communicator)),Patient Portal
hometownhealthcare.net,,,hometownhealthcare.net,Yes,Not Found,,,No Portal Detected,None,Healthcare Practice Verified (Homepage & Subpages Scanned),
hormonalwellbeing.com,AthenaHealth (AthenaPatient / Communicator),,hormonalwellbeing.com,Yes,AthenaHealth (AthenaPatient / Communicator),Cloud EHR & Practice Management,https://29174.portal.athenahealth.com/,Found,High,Subpage Crawl (https://hormonalwellbeing.com/patient-portal/) -> Direct URL (AthenaHealth (AthenaPatient / Communicator)),Setup Your Portal
idcdenver.com,eClinicalWorks (Healow / mycw),,idcdenver.com,Yes,eClinicalWorks (Healow / mycw),Ambulatory EHR & Practice Portal,https://health.healow.com/IDC,Found,High,Subpage Crawl (https://www.idcdenver.com/Patient-Portal/) -> Direct URL (eClinicalWorks (Healow / mycw)),Patient Portal
infectionsmanaged.com,eClinicalWorks (Healow / mycw),,infectionsmanaged.com,Yes,eClinicalWorks (Healow / mycw),Ambulatory EHR & Practice Portal,https://mycw121.ecwcloud.com/portal16679/jsp/100mp/login_otp.jsp,Found,High,Direct URL (eClinicalWorks (Healow / mycw)),Patient Portal Login
dehoyosinjury.com,,,dehoyosinjury.com,Yes,Not Found,,,No Portal Detected,None,Healthcare Practice Verified (Homepage & Subpages Scanned),
alpineintegratedmedicine.com,,,alpineintegratedmedicine.com,Yes,Not Found,,,Site Unreachable,None,Connection Failed,
zenithhealthinstitute.com,AthenaHealth (AthenaPatient / Communicator),,zenithhealthinstitute.com,Yes,AthenaHealth (AthenaPatient / Communicator),Cloud EHR & Practice Management,https://18798.portal.athenahealth.com/,Found,High,Direct URL (AthenaHealth (AthenaPatient / Communicator)),Patient Portal
herzogvitalitycenter.com,Not related to health care or clinics,,herzogvitalitycenter.com,No,Not related to health care or clinics,Non-Healthcare,,Not related to health care or clinics,High,Unreachable (Unreachable domain without strong healthcare indicator),
therenewalpoint.com,MD-HQ (Cerbo EHR),,therenewalpoint.com,Yes,MD-HQ (Cerbo EHR),Functional & Integrative Medicine EHR,https://trppatientportal.md-hq.com/,Found,High,Subpage Crawl (https://www.therenewalpoint.com/patient-portal/) -> Direct URL (MD-HQ (Cerbo EHR)),click here
tworoadswellnessclinic.com,TherapyNotes,,tworoadswellnessclinic.com,Yes,TherapyNotes,Behavioral Health EHR,https://www.therapyportal.com/p/tworoads/,Found,High,Direct URL (TherapyNotes),Illinois - Mental Health Therapy Client Portal
larewinternalmedicine.com,Custom / Practice Portal,,larewinternalmedicine.com,Yes,Custom / Practice Portal,,https://www.athenahealth.com/,Generic Portal Found,Medium,Anchor Keyword: 'Patient Portal',Patient Portal
msmedicine.com,,,msmedicine.com,Yes,Not Found,,,No Portal Detected,None,Healthcare Practice Verified (Homepage & Subpages Scanned),
campinterventionalpain.com,Epic (MyChart / Patient Gateway / My CS-Link),,campinterventionalpain.com,Yes,Epic (MyChart / Patient Gateway / My CS-Link),Hospital & Health System EHR,https://guzmaninterventionalpain.com/,Found,High,Direct Subdomain (https://mychart.campinterventionalpain.com),Portal Subdomain
injectrxwellness.com,,,injectrxwellness.com,Yes,Not Found,,,No Portal Detected,None,Healthcare Practice Verified (Homepage & Subpages Scanned),
catchmobilehealth.com,Epic (MyChart / Patient Gateway / My CS-Link),,catchmobilehealth.com,Yes,Epic (MyChart / Patient Gateway / My CS-Link),Hospital & Health System EHR,https://mychart.catchmobilehealth.com/,Found,High,Direct Subdomain (https://mychart.catchmobilehealth.com),Portal Subdomain
aspenclinic.com,CharmHealth,,aspenclinic.com,Yes,CharmHealth,Cloud EHR,https://ehr.charmtracker.com/publicCal.sas?method=getCal&digest=c1fa621c9bf86587e8fea264fe348a70d9c28740a4f72ce79ff6055fa78b6a1e5385f436ad42bc023bb43cdb32ff5453a0ae868b6eb0918a,Found,High,Direct URL (CharmHealth),Baton Rouge
kidneycares.com,eClinicalWorks (Healow / mycw),,kidneycares.com,Yes,eClinicalWorks (Healow / mycw),Ambulatory EHR & Practice Portal,https://mycw237.ecwcloud.com/portal27871/jsp/100mp/login_otp.jsp,Found,High,Direct URL (eClinicalWorks (Healow / mycw)),Patient Portal
premierneurology.org,AthenaHealth (AthenaPatient / Communicator),,premierneurology.org,Yes,AthenaHealth (AthenaPatient / Communicator),Cloud EHR & Practice Management,https://18241.portal.athenahealth.com/,Found,High,Direct URL (AthenaHealth (AthenaPatient / Communicator)),Patient Portal
palmbeachneurology.com,Custom / Practice Portal,,palmbeachneurology.com,Yes,Custom / Practice Portal,,https://www.palmbeachneurology.com/patient-portal,Generic Portal Found,Medium,Anchor Keyword: 'Patient Portal',Patient Portal
theneuronclinic.com,AthenaHealth (AthenaPatient / Communicator),,theneuronclinic.com,Yes,AthenaHealth (AthenaPatient / Communicator),Cloud EHR & Practice Management,https://24703.portal.athenahealth.com/,Found,High,Direct URL (AthenaHealth (AthenaPatient / Communicator)),Athena’s Patient Portal
familyneurology.com,,,familyneurology.com,Yes,Not Found,,,No Portal Detected,None,Healthcare Practice Verified (Homepage & Subpages Scanned),
drbrainrx.com,,,drbrainrx.com,Yes,Not Found,,,No Portal Detected,None,Healthcare Practice Verified (Homepage & Subpages Scanned),
achievebrainandspine.com,AthenaHealth (AthenaPatient / Communicator),,achievebrainandspine.com,Yes,AthenaHealth (AthenaPatient / Communicator),Cloud EHR & Practice Management,http://19074.portal.athenahealth.com/,Found,High,Direct URL (AthenaHealth (AthenaPatient / Communicator)),Patient Portal
regionalbrainandspine.com,AthenaHealth (AthenaPatient / Communicator),,regionalbrainandspine.com,Yes,AthenaHealth (AthenaPatient / Communicator),Cloud EHR & Practice Management,https://23947-1.portal.athenahealth.com/,Found,High,Direct URL (AthenaHealth (AthenaPatient / Communicator)),Patient Portal
neuropaxclinic.com,,,neuropaxclinic.com,Yes,Not Found,,,No Portal Detected,None,Healthcare Practice Verified (Homepage & Subpages Scanned),
polinneurosurgery.com,AthenaHealth (AthenaPatient / Communicator),,polinneurosurgery.com,Yes,AthenaHealth (AthenaPatient / Communicator),Cloud EHR & Practice Management,https://22323.portal.athenahealth.com,Found,High,Direct URL (AthenaHealth (AthenaPatient / Communicator)),Patient Portal Login
bonnerag.com,Not related to health care or clinics,,bonnerag.com,No,Not related to health care or clinics,Non-Healthcare,,Not related to health care or clinics,High,Non-Healthcare Detected (Non-healthcare industry detected (score: 3 vs 0)),
buyaustralianproperties.com.au,Not related to health care or clinics,,buyaustralianproperties.com.au,No,Not related to health care or clinics,Non-Healthcare,,Not related to health care or clinics,High,Non-Healthcare Detected (Non-healthcare industry detected (score: 3 vs 0)),
embracewomenshealth.com.au,,,embracewomenshealth.com.au,Yes,Not Found,,,Site Unreachable,None,Connection Failed,
previvoredge.com,,,previvoredge.com,Yes,Not Found,,,No Portal Detected,None,Healthcare Practice Verified (Homepage & Subpages Scanned),
trainyourbrain.me,AthenaHealth (AthenaPatient / Communicator),,trainyourbrain.me,Yes,AthenaHealth (AthenaPatient / Communicator),Cloud EHR & Practice Management,http://25243.portal.athenahealth.com,Found,High,Subpage Crawl (https://trainyourbrain.me/home/) -> Direct URL (AthenaHealth (AthenaPatient / Communicator)),http://25243.portal.athenahealth.com
neighborhoodresilience.org,,,neighborhoodresilience.org,Yes,Not Found,,,No Portal Detected,None,Healthcare Practice Verified (Homepage & Subpages Scanned),
fmconsulting.com,Not related to health care or clinics,,fmconsulting.com,No,Not related to health care or clinics,Non-Healthcare,,Not related to health care or clinics,High,Non-Healthcare Detected (Insufficient healthcare relevance (score: 0)),
dscontractllc.com,Not related to health care or clinics,,dscontractllc.com,No,Not related to health care or clinics,Non-Healthcare,,Not related to health care or clinics,High,Non-Healthcare Detected (Non-healthcare industry detected (score: 5 vs 1)),
mydentistforlife.com,Epic (MyChart / Patient Gateway / My CS-Link),,mydentistforlife.com,Yes,Epic (MyChart / Patient Gateway / My CS-Link),Hospital & Health System EHR,https://mychart.myoryx.com/patient/,Found,High,Direct URL (Epic (MyChart / Patient Gateway / My CS-Link)),Book Your Appointment Today!
designandbusiness.eu,Not related to health care or clinics,,designandbusiness.eu,No,Not related to health care or clinics,Non-Healthcare,,Not related to health care or clinics,High,Unreachable (Unreachable domain without strong healthcare indicator),
vertrax.com,Not related to health care or clinics,,vertrax.com,No,Not related to health care or clinics,Non-Healthcare,,Not related to health care or clinics,High,Non-Healthcare Detected (Insufficient healthcare relevance (score: 0)),
the4020collective.org,AthenaHealth (AthenaPatient / Communicator),,the4020collective.org,Yes,AthenaHealth (AthenaPatient / Communicator),Cloud EHR & Practice Management,http://26636.portal.athenahealth.com/,Found,High,Direct URL (AthenaHealth (AthenaPatient / Communicator)),Patient Portal
irisplans.com,Not related to health care or clinics,,irisplans.com,No,Not related to health care or clinics,Non-Healthcare,,Not related to health care or clinics,High,Unreachable (Non-healthcare domain name),
dimerhealth.com,,,dimerhealth.com,Yes,Not Found,,,No Portal Detected,None,Healthcare Practice Verified (Homepage & Subpages Scanned),
cortexon.com,Not related to health care or clinics,,cortexon.com,No,Not related to health care or clinics,Non-Healthcare,,Not related to health care or clinics,High,Unreachable (Unreachable domain without strong healthcare indicator),
stallant.com,AthenaHealth (AthenaPatient / Communicator),,stallant.com,Yes,AthenaHealth (AthenaPatient / Communicator),Cloud EHR & Practice Management,https://33456.portal.athenahealth.com,Found,High,Direct URL (AthenaHealth (AthenaPatient / Communicator)),Log InLog In
welliti.com,,,welliti.com,Yes,Not Found,,,No Portal Detected,None,Healthcare Practice Verified (Homepage & Subpages Scanned),
healthcaretoday.com,Not related to health care or clinics,,healthcaretoday.com,No,Not related to health care or clinics,Non-Healthcare,,Not related to health care or clinics,High,Unreachable (Unreachable domain without strong healthcare indicator),
rappore.com,,,rappore.com,Yes,Not Found,,,No Portal Detected,None,Healthcare Practice Verified (Homepage & Subpages Scanned),
acmconnect.com,Not related to health care or clinics,,acmconnect.com,No,Not related to health care or clinics,Non-Healthcare,,Not related to health care or clinics,High,Non-Healthcare Detected (Non-healthcare industry detected (score: 4 vs 0)),
athomeharmony.com,Not related to health care or clinics,,athomeharmony.com,No,Not related to health care or clinics,Non-Healthcare,,Not related to health care or clinics,High,Unreachable (Unreachable domain without strong healthcare indicator),
imge.com,Not related to health care or clinics,,imge.com,No,Not related to health care or clinics,Non-Healthcare,,Not related to health care or clinics,High,Non-Healthcare Detected (Insufficient healthcare relevance (score: 0)),
zipo.it,Not related to health care or clinics,,zipo.it,No,Not related to health care or clinics,Non-Healthcare,,Not related to health care or clinics,High,Non-Healthcare Detected (Insufficient healthcare relevance (score: 0)),
granerlaw.com,Not related to health care or clinics,,granerlaw.com,No,Not related to health care or clinics,Non-Healthcare,,Not related to health care or clinics,High,Non-Healthcare Detected (Non-healthcare industry detected (score: 18 vs 0)),
cashmediq.com,,,cashmediq.com,Yes,Not Found,,,Site Unreachable,None,Connection Failed,
mercyurgentbilling.com,,,mercyurgentbilling.com,Yes,Not Found,,,Site Unreachable,None,Connection Failed,
crossroadsmedicalmission.org,AthenaHealth (AthenaPatient / Communicator),,crossroadsmedicalmission.org,Yes,AthenaHealth (AthenaPatient / Communicator),Cloud EHR & Practice Management,https://17155.portal.athenahealth.com/,Found,High,Direct URL (AthenaHealth (AthenaPatient / Communicator)),Patient Portal
acaciamedicalmission.org,,,acaciamedicalmission.org,Yes,Not Found,,,No Portal Detected,None,Healthcare Practice Verified (Homepage & Subpages Scanned),
guardianmedicalusa.com,,,guardianmedicalusa.com,Yes,Not Found,,,No Portal Detected,None,Healthcare Practice Verified (Homepage & Subpages Scanned),
minddemand.com,,,minddemand.com,Yes,Not Found,,,No Portal Detected,None,Healthcare Practice Verified (Homepage & Subpages Scanned),
radiant-health.co.nz,,,radiant-health.co.nz,Yes,Not Found,,,No Portal Detected,None,Healthcare Practice Verified (Homepage & Subpages Scanned),
intuitivepe.com,Not related to health care or clinics,,intuitivepe.com,No,Not related to health care or clinics,Non-Healthcare,,Not related to health care or clinics,High,Non-Healthcare Detected (Insufficient healthcare relevance (score: 0)),
productsource.biz,Not related to health care or clinics,,productsource.biz,No,Not related to health care or clinics,Non-Healthcare,,Not related to health care or clinics,High,Non-Healthcare Detected (Insufficient healthcare relevance (score: 0)),
toourshores.org,AthenaHealth (AthenaPatient / Communicator),,toourshores.org,Yes,AthenaHealth (AthenaPatient / Communicator),Cloud EHR & Practice Management,http://29590.portal.athenahealth.com,Found,High,Direct URL (AthenaHealth (AthenaPatient / Communicator)),Patient Portal
themercyministries.org,AthenaHealth (AthenaPatient / Communicator),,themercyministries.org,Yes,AthenaHealth (AthenaPatient / Communicator),Cloud EHR & Practice Management,https://26696.portal.athenahealth.com,Found,High,Direct URL (AthenaHealth (AthenaPatient / Communicator)),Patient Portal
rivercityministry.org,Not related to health care or clinics,,rivercityministry.org,No,Not related to health care or clinics,Non-Healthcare,,Not related to health care or clinics,High,Non-Healthcare Detected (Insufficient healthcare relevance (score: 0)),
radianthealthsaunas.com,,,radianthealthsaunas.com,Yes,Not Found,,,No Portal Detected,None,Healthcare Practice Verified (Homepage & Subpages Scanned),
seniorsrising.us,,,seniorsrising.us,Yes,Not Found,,,No Portal Detected,None,Healthcare Practice Verified (Homepage & Subpages Scanned),
naborly.net,Not related to health care or clinics,,naborly.net,No,Not related to health care or clinics,Non-Healthcare,,Not related to health care or clinics,High,Non-Healthcare Detected (Insufficient healthcare relevance (score: 0)),
homewardtitle.com,Not related to health care or clinics,,homewardtitle.com,No,Not related to health care or clinics,Non-Healthcare,,Not related to health care or clinics,High,Non-Healthcare Detected (Non-healthcare industry detected (score: 6 vs 0)),
ajrcso.com,AthenaHealth (AthenaPatient / Communicator),,ajrcso.com,Yes,AthenaHealth (AthenaPatient / Communicator),Cloud EHR & Practice Management,https://32494-1.portal.athenahealth.com/,Found,High,Direct URL (AthenaHealth (AthenaPatient / Communicator)),Patient Portal
scc.md,Not related to health care or clinics,,scc.md,No,Not related to health care or clinics,Non-Healthcare,,Not related to health care or clinics,High,Non-Healthcare Detected (Insufficient healthcare relevance (score: 0)),
cmbsllc.net,Custom / Practice Portal,,cmbsllc.net,Yes,Custom / Practice Portal,,https://cmbsllc.net/patient-bill-pay/,Generic Portal Found,Medium,Anchor Keyword: 'PATIENT PORTAL',PATIENT PORTAL
osicda.com,AthenaHealth (AthenaPatient / Communicator),,osicda.com,Yes,AthenaHealth (AthenaPatient / Communicator),Cloud EHR & Practice Management,https://28236.portal.athenahealth.com/,Found,High,Direct URL (AthenaHealth (AthenaPatient / Communicator)),Patient Portal
chambersandblohm.com,IntakeQ,,chambersandblohm.com,Yes,IntakeQ,Online Intake & Client Portal,https://intakeq.com/new/zk5aez,Found,High,Direct URL (IntakeQ),Request appointment
theblendinstitute.com,AthenaHealth (AthenaPatient / Communicator),,theblendinstitute.com,Yes,AthenaHealth (AthenaPatient / Communicator),Cloud EHR & Practice Management,https://32066.portal.athenahealth.com/,Found,High,Direct URL (AthenaHealth (AthenaPatient / Communicator)),Patient Login
fillingane.com,Not related to health care or clinics,,fillingane.com,No,Not related to health care or clinics,Non-Healthcare,,Not related to health care or clinics,High,Non-Healthcare Detected (Insufficient healthcare relevance (score: 0)),
sndc.info,Not related to health care or clinics,,sndc.info,No,Not related to health care or clinics,Non-Healthcare,,Not related to health care or clinics,High,Non-Healthcare Detected (Insufficient healthcare relevance (score: 0)),
k50ventures.com,,,k50ventures.com,Yes,Not Found,,,No Portal Detected,None,Healthcare Practice Verified (Homepage & Subpages Scanned),
transformationplus.com,,,transformationplus.com,Yes,Not Found,,,No Portal Detected,None,Healthcare Practice Verified (Homepage & Subpages Scanned),
bodyvitalitynow.com,,,bodyvitalitynow.com,Yes,Not Found,,,No Portal Detected,None,Healthcare Practice Verified (Homepage & Subpages Scanned),
roccosremedy.com,AthenaHealth (AthenaPatient / Communicator),,roccosremedy.com,Yes,AthenaHealth (AthenaPatient / Communicator),Cloud EHR & Practice Management,https://identity.athenahealth.com/oauth2/auset0ja9xZ2Hniep296/v1/authorize?client_id=0oawxcmh2iNaGSIOt297&code_challenge=Jrxg-8YAPVeaUD04Qu8V-gYyffN__rza6rRqXfBZwSg&code_challenge_method=S256&nonce=PRSU5XQte9Wg6AiqEvrWdHdcWOYXnsBEqlOlU3ZT0068VdCSorod0XPn28FzOthA&prompt=&redirect_uri=https%3A%2F%2Fmyidentity.platform.athenahealth.com%2Foauth2%2Fv1%2Flogin_callback_lwa_spa&response_type=code&state=%7B%22workflow%22%3A%22Authorize%22%2C%22originalRedirectUri%22%3A%22https%3A%2F%2Fmyidentity.platform.athenahealth.com%2Foauth2%2Fauset0ja9xZ2Hniep296%2Fv1%2Fauthorize%3Fclient_id%3D0oa5jhhy36lw4YE6S297%26code_challenge%3DMNMX6A_xSyP9WgzAnFOy0OTVHeVyYXGk6pF1zj1re3Y%26code_challenge_method%3DS256%26nonce%3Da3gyvjGiOsn4M5qIeOS6wg2cI9FBd1pn9Bv3JrOfge93PJvgZozw9exC1asFxaEB%26redirect_uri%3Dhttps%253A%252F%252Fpxppapp.px.athena.io%252Flogin%26response_type%3Dcode%26state%3D06YPMdE4QUlRHKhZlravCjHrJdeYDHKveg6hhjX1zDDjT8ZI2L6WkPfzW9oSOJFL%26scope%3Dopenid%2Bemail%2Bcommunicator.external_accounts.read%26aud%3Dhttps%253A%252F%252Fathenanet.athenahealth.com%252Ffhir%252Fr4%22%2C%22fhir%22%3Afalse%2C%22testApp%22%3Anull%2C%22authServerId%22%3A%22auset0ja9xZ2Hniep296%22%2C%22idp%22%3Anull%2C%22prompt%22%3Anull%2C%22login_hint%22%3Anull%2C%22preAuthnRequestPayload%22%3A%22eyJyZWRpcmVjdFRvT2hzd0ZvclByZUF1dGgiOnRydWUsIm9hdXRoQ29kZUNoYWxsZW5nZSI6IkpyeGctOFlBUFZlYVVEMDRRdThWLWdZeWZmTl9fcnphNnJScVhmQlp3U2ciLCJmaGlyIjpmYWxzZSwiaWRwIjpudWxsfQ%3D%3D%22%7D&scope=openid%20athena%2Fuser%2FIdentity.Demographics.read%20athena%2Fuser%2FIdentity.Account.Factors.write%20athena%2Fuser%2FIdentity.Account.Invites.write%20athena%2Fuser%2FIdentity.Account.Profile.write%20athena%2Fuser%2FIdentity.Account.Profile.read%20athena%2Fuser%2FIdentity.LwaConfig.PostAuthn.read%20athena%2Fuser%2FIdentity.Account.Profile.delete%20okta.myAccount.phone.read%20okta.myAccount.phone.manage,Found,High,Direct URL (AthenaHealth (AthenaPatient / Communicator)),PATIENT PORTAL
gpatech.com,Not related to health care or clinics,,gpatech.com,No,Not related to health care or clinics,Non-Healthcare,,Not related to health care or clinics,High,Non-Healthcare Detected (Insufficient healthcare relevance (score: 0)),
pynes.com,Not related to health care or clinics,,pynes.com,No,Not related to health care or clinics,Non-Healthcare,,Not related to health care or clinics,High,Non-Healthcare Detected (Insufficient healthcare relevance (score: 0)),
nashobgyn.com,AthenaHealth (AthenaPatient / Communicator),,nashobgyn.com,Yes,AthenaHealth (AthenaPatient / Communicator),Cloud EHR & Practice Management,https://7773-64.portal.athenahealth.com,Found,High,Direct URL (AthenaHealth (AthenaPatient / Communicator)),AthenaHealth (AthenaPatient / Communicator)
craigranchobgyn.com,AthenaHealth (AthenaPatient / Communicator),,craigranchobgyn.com,Yes,AthenaHealth (AthenaPatient / Communicator),Cloud EHR & Practice Management,https://11541-3.portal.athenahealth.com/,Found,High,Subpage Crawl (https://www.craigranchobgyn.com/patient-portal/) -> Direct URL (AthenaHealth (AthenaPatient / Communicator)),Login To The Patient Portal
northspringsobgyn.com,AthenaHealth (AthenaPatient / Communicator),,northspringsobgyn.com,Yes,AthenaHealth (AthenaPatient / Communicator),Cloud EHR & Practice Management,https://16102.portal.athenahealth.com/,Found,High,Direct URL (AthenaHealth (AthenaPatient / Communicator)),Patient Portal
omegaobgyn.com,AthenaHealth (AthenaPatient / Communicator),,omegaobgyn.com,Yes,AthenaHealth (AthenaPatient / Communicator),Cloud EHR & Practice Management,https://20865-1.portal.athenahealth.com/?section=welcome&fullsite=1&CSRFPROTECT=NONE,Found,High,Direct URL (AthenaHealth (AthenaPatient / Communicator)),Patient Portal
wihobgyn.com,,,wihobgyn.com,Yes,Not Found,,,Site Unreachable,None,Connection Failed,
ovationobgyn.com,AthenaHealth (AthenaPatient / Communicator),,ovationobgyn.com,Yes,AthenaHealth (AthenaPatient / Communicator),Cloud EHR & Practice Management,https://29540.portal.athenahealth.com,Found,High,Direct URL (AthenaHealth (AthenaPatient / Communicator)),Patient Portal
magnoliaobgyn.com,,,magnoliaobgyn.com,Yes,Not Found,,,Site Unreachable,None,Connection Failed,
advgyn.com,,,advgyn.com,Yes,Not Found,,,No Portal Detected,None,Healthcare Practice Verified (Homepage & Subpages Scanned),
gyngeorgia.com,,,gyngeorgia.com,Yes,Not Found,,,Site Unreachable,None,Connection Failed,
gaprenatal.com,,,gaprenatal.com,Yes,Not Found,,,No Portal Detected,None,Healthcare Practice Verified (Homepage & Subpages Scanned),
centralmarylandeye.com,,,centralmarylandeye.com,Yes,Not Found,,,No Portal Detected,None,Healthcare Practice Verified (Homepage & Subpages Scanned),
allstarortho.com,AthenaHealth (AthenaPatient / Communicator),,allstarortho.com,Yes,AthenaHealth (AthenaPatient / Communicator),Cloud EHR & Practice Management,https://15749-6.portal.athenahealth.com/,Found,High,Subpage Crawl (https://www.allstarortho.com/patient-portal/) -> Direct URL (AthenaHealth (AthenaPatient / Communicator)),Previous Patient Portal
thunderortho.com,AthenaHealth (AthenaPatient / Communicator),,thunderortho.com,Yes,AthenaHealth (AthenaPatient / Communicator),Cloud EHR & Practice Management,https://27835.portal.athenahealth.com/,Found,High,Subpage Crawl (https://thunderortho.com/patientportal/) -> Direct URL (AthenaHealth (AthenaPatient / Communicator)),HERE
louisvillehipandkneeinstitute.com,AthenaHealth (AthenaPatient / Communicator),,louisvillehipandkneeinstitute.com,Yes,AthenaHealth (AthenaPatient / Communicator),Cloud EHR & Practice Management,https://22070.portal.athenahealth.com/,Found,High,Direct URL (AthenaHealth (AthenaPatient / Communicator)),Patient Portal
thebonehealthclinic.com,AthenaHealth (AthenaPatient / Communicator),,thebonehealthclinic.com,Yes,AthenaHealth (AthenaPatient / Communicator),Cloud EHR & Practice Management,https://29245.portal.athenahealth.com/,Found,High,Direct URL (AthenaHealth (AthenaPatient / Communicator)),Patient Portal
buxpainmanagement.com,,,buxpainmanagement.com,Yes,Not Found,,,No Portal Detected,None,Healthcare Practice Verified (Homepage & Subpages Scanned),
southernpainandspine.com,,,southernpainandspine.com,Yes,Not Found,,,Site Unreachable,None,Connection Failed,
casanovapt.com,,,casanovapt.com,Yes,Not Found,,,No Portal Detected,None,Healthcare Practice Verified (Homepage & Subpages Scanned),
tier1therapy.com,,,tier1therapy.com,Yes,Not Found,,,No Portal Detected,None,Healthcare Practice Verified (Homepage & Subpages Scanned),
northlandplasticsurgery.com,AthenaHealth (AthenaPatient / Communicator),,northlandplasticsurgery.com,Yes,AthenaHealth (AthenaPatient / Communicator),Cloud EHR & Practice Management,https://23029.portal.athenahealth.com/,Found,High,Direct URL (AthenaHealth (AthenaPatient / Communicator)),Pay Online
donaldsonplasticsurgery.com,,,donaldsonplasticsurgery.com,Yes,Not Found,,,No Portal Detected,None,Healthcare Practice Verified (Homepage & Subpages Scanned),
westchesterpodiatric.com,,,westchesterpodiatric.com,Yes,Not Found,,,No Portal Detected,None,Healthcare Practice Verified (Homepage & Subpages Scanned),
physiciansfootcare.com,Not related to health care or clinics,,physiciansfootcare.com,No,Not related to health care or clinics,Non-Healthcare,,Not related to health care or clinics,High,Unreachable (Unreachable domain without strong healthcare indicator),
vivasaludclinic.com,AthenaHealth (AthenaPatient / Communicator),,vivasaludclinic.com,Yes,AthenaHealth (AthenaPatient / Communicator),Cloud EHR & Practice Management,https://27555.portal.athenahealth.com,Found,High,Direct URL (AthenaHealth (AthenaPatient / Communicator)),Patient Portal
cercanoscare.com,Custom / Practice Portal,,cercanoscare.com,Yes,Custom / Practice Portal,,https://contigo.equipo.io/,Generic Portal Found,Medium,Anchor Keyword: 'Patient Portal',Patient Portal
rosettahealth.com,,,rosettahealth.com,Yes,Not Found,,,No Portal Detected,None,Healthcare Practice Verified (Homepage & Subpages Scanned),
paretoclinic.com,AthenaHealth (AthenaPatient / Communicator),,paretoclinic.com,Yes,AthenaHealth (AthenaPatient / Communicator),Cloud EHR & Practice Management,http://21346.portal.athenahealth.com/,Found,High,Direct URL (AthenaHealth (AthenaPatient / Communicator)),Book An Appointment
swanprimarycare.com,,,swanprimarycare.com,Yes,Not Found,,,No Portal Detected,None,Healthcare Practice Verified (Homepage & Subpages Scanned),
dragonflyprimarycare.com,AthenaHealth (AthenaPatient / Communicator),,dragonflyprimarycare.com,Yes,AthenaHealth (AthenaPatient / Communicator),Cloud EHR & Practice Management,https://24338.portal.athenahealth.com/,Found,High,Direct URL (AthenaHealth (AthenaPatient / Communicator)),PATIENT PORTAL
journeyhealthdpc.com,Custom / Practice Portal,,journeyhealthdpc.com,Yes,Custom / Practice Portal,,https://journeyhealth.atlas.md/hub/login,Generic Portal Found,Medium,Anchor Keyword: 'Patient Portal',Patient Portal
twentyonemedical.com,,,twentyonemedical.com,Yes,Not Found,,,No Portal Detected,None,Healthcare Practice Verified (Homepage & Subpages Scanned),
highlandhealthdirect.com,Epic (MyChart / Patient Gateway / My CS-Link),,highlandhealthdirect.com,Yes,Epic (MyChart / Patient Gateway / My CS-Link),Hospital & Health System EHR,https://highlandhealthcare.com,Found,High,Direct Subdomain (https://mychart.highlandhealthdirect.com),Portal Subdomain
merciehealth.com,SimplePractice,,merciehealth.com,Yes,SimplePractice,Behavioral Health Practice Management,https://sylvia-nwakanma.clientsecure.me/,Found,High,Direct URL (SimplePractice),Schedule Appointment
ashleyclinic.com,Cerner / Oracle Health (HealtheLife),,ashleyclinic.com,Yes,Cerner / Oracle Health (HealtheLife),Hospital & Health System EHR,https://cernerhealth.com/oauth/re-authenticate?client_id=312dc1596a79438996bd37c210d66650&redirect_uri=https://nmrmc.iqhealth.com/login/cerner-health/authenticated&locale=en-us&sign_in_only=on,Found,High,Direct URL (Cerner / Oracle Health (HealtheLife)),Patient Portal
emeraldwatersprimarycare.com,Not related to health care or clinics,,emeraldwatersprimarycare.com,No,Not related to health care or clinics,Non-Healthcare,,Not related to health care or clinics,High,Unreachable (Unreachable domain without strong healthcare indicator),
kolbeclinic.com,Custom / Practice Portal,,kolbeclinic.com,Yes,Custom / Practice Portal,,https://www.kolbeclinic.com/patient-portal,Generic Portal Found,Medium,Anchor Keyword: 'Patient Portal',Patient Portal
thechadwickclinic.com,AthenaHealth (AthenaPatient / Communicator),,thechadwickclinic.com,Yes,AthenaHealth (AthenaPatient / Communicator),Cloud EHR & Practice Management,https://26357-1.portal.athenahealth.com/,Found,High,Direct URL (AthenaHealth (AthenaPatient / Communicator)),Click Here
sunflowermedicalclinic.com,,,sunflowermedicalclinic.com,Yes,Not Found,,,Site Unreachable,None,Connection Failed,
hillsboroclinic.com,AthenaHealth (AthenaPatient / Communicator),,hillsboroclinic.com,Yes,AthenaHealth (AthenaPatient / Communicator),Cloud EHR & Practice Management,https://28320-1.portal.athenahealth.com/,Found,High,Subpage Crawl (https://hillsboroclinic.com/portal-login/) -> Direct URL (AthenaHealth (AthenaPatient / Communicator)),ACCESS THE PATIENT PORTAL HERE
pigaprimarycare.com,AthenaHealth (AthenaPatient / Communicator),,pigaprimarycare.com,Yes,AthenaHealth (AthenaPatient / Communicator),Cloud EHR & Practice Management,https://28553.portal.athenahealth.com/,Found,High,Direct URL (AthenaHealth (AthenaPatient / Communicator)),Patient Portal
bewellprimarycare.com,eClinicalWorks (Healow / mycw),,bewellprimarycare.com,Yes,eClinicalWorks (Healow / mycw),Ambulatory EHR & Practice Portal,https://mycw110.ecwcloud.com/portal15099/jsp/login.jsp,Found,High,Direct URL (eClinicalWorks (Healow / mycw)),Patient Portal
kemellhealth.com,AthenaHealth (AthenaPatient / Communicator),,kemellhealth.com,Yes,AthenaHealth (AthenaPatient / Communicator),Cloud EHR & Practice Management,https://29249.portal.athenahealth.com/,Found,High,Direct URL (AthenaHealth (AthenaPatient / Communicator)),Patients Portal
hopeprimarycare.com,AthenaHealth (AthenaPatient / Communicator),,hopeprimarycare.com,Yes,AthenaHealth (AthenaPatient / Communicator),Cloud EHR & Practice Management,https://29255.portal.athenahealth.com/,Found,High,Direct URL (AthenaHealth (AthenaPatient / Communicator)),Click to Access Patient Portal
prairieclinic.com,,,prairieclinic.com,Yes,Not Found,,,No Portal Detected,None,Healthcare Practice Verified (Homepage & Subpages Scanned),
archesmed.com,AthenaHealth (AthenaPatient / Communicator),,archesmed.com,Yes,AthenaHealth (AthenaPatient / Communicator),Cloud EHR & Practice Management,https://31278-1.portal.athenahealth.com/,Found,High,Direct URL (AthenaHealth (AthenaPatient / Communicator)),Patient Portal
greywoodhealth.com,,,greywoodhealth.com,Yes,Not Found,,,Site Unreachable,None,Connection Failed,
ascendingmedicine.com,,,ascendingmedicine.com,Yes,Not Found,,,No Portal Detected,None,Healthcare Practice Verified (Homepage & Subpages Scanned),
healthyhomeprimarycare.com,AthenaHealth (AthenaPatient / Communicator),,healthyhomeprimarycare.com,Yes,AthenaHealth (AthenaPatient / Communicator),Cloud EHR & Practice Management,https://26544.portal.athenahealth.com,Found,High,Direct URL (AthenaHealth (AthenaPatient / Communicator)),Patient Portal
healthyhomehc.com,,,healthyhomehc.com,Yes,Not Found,,,No Portal Detected,None,Healthcare Practice Verified (Homepage & Subpages Scanned),
thrivewellclinic.com,AthenaHealth (AthenaPatient / Communicator),,thrivewellclinic.com,Yes,AthenaHealth (AthenaPatient / Communicator),Cloud EHR & Practice Management,https://20652.portal.athenahealth.com/,Found,High,Direct URL (AthenaHealth (AthenaPatient / Communicator)),Patient Portal
atmaclinic.com,AthenaHealth (AthenaPatient / Communicator),,atmaclinic.com,Yes,AthenaHealth (AthenaPatient / Communicator),Cloud EHR & Practice Management,https://20969.portal.athenahealth.com/,Found,High,Direct URL (AthenaHealth (AthenaPatient / Communicator)),Patient Portal
moderaclinic.com,AthenaHealth (AthenaPatient / Communicator),,moderaclinic.com,Yes,AthenaHealth (AthenaPatient / Communicator),Cloud EHR & Practice Management,https://28297-1.portal.athenahealth.com/,Found,High,Direct URL (AthenaHealth (AthenaPatient / Communicator)),Patient Portal
themorrisonclinic.com,eClinicalWorks (Healow / mycw),,themorrisonclinic.com,Yes,eClinicalWorks (Healow / mycw),Ambulatory EHR & Practice Portal,https://mycw190.ecwcloud.com/portal24343/jsp/100mp/login_otp.jsp,Found,High,Direct URL (eClinicalWorks (Healow / mycw)),Portal
morrisonclinic.com,Practice Fusion (Patient Fusion),,morrisonclinic.com,Yes,Practice Fusion (Patient Fusion),Cloud EHR,https://www.patientfusion.com,Found,High,Direct URL (Practice Fusion (Patient Fusion)),MEDICAL PORTAL TO DOWNLOAD RECORDS
wilkensmedicalgroup.com,Custom / Practice Portal,,wilkensmedicalgroup.com,Yes,Custom / Practice Portal,,https://payment.patient.athenahealth.com/statement/?src=statement,Generic Portal Found,Medium,Anchor Keyword: 'Pay Your Bill',Pay Your Bill
sensenbrennerprimarycare.com,eClinicalWorks (Healow / mycw),,sensenbrennerprimarycare.com,Yes,eClinicalWorks (Healow / mycw),Ambulatory EHR & Practice Portal,https://mycw256.ecwcloud.com/portal30865/jsp/100mp/login_otp.jsp,Found,High,Direct URL (eClinicalWorks (Healow / mycw)),Pay Online / Portal
pienkowskimd.com,Epic (MyChart / Patient Gateway / My CS-Link),,pienkowskimd.com,Yes,Epic (MyChart / Patient Gateway / My CS-Link),Hospital & Health System EHR,https://www.mychart.pienkowskimd.com/,Found,High,Direct Subdomain (https://mychart.pienkowskimd.com),Portal Subdomain
greenspringmed.com,ModMed (EMA / Modernizing Medicine / gMed),,greenspringmed.com,Yes,ModMed (EMA / Modernizing Medicine / gMed),"Specialty EHR (Derm, Gastro, Ortho, Ophthalmology, ENT)",https://greenspringmed.com/cart,Found,High,Direct URL (ModMed (EMA / Modernizing Medicine / gMed)),0
riograndemedicine.com,AthenaHealth (AthenaPatient / Communicator),,riograndemedicine.com,Yes,AthenaHealth (AthenaPatient / Communicator),Cloud EHR & Practice Management,https://30239.portal.athenahealth.com/,Found,High,Direct URL (AthenaHealth (AthenaPatient / Communicator)),Patient Portal
sundaramed.com,,,sundaramed.com,Yes,Not Found,,,No Portal Detected,None,Healthcare Practice Verified (Homepage & Subpages Scanned),
whspmedical.com,,,whspmedical.com,Yes,Not Found,,,No Portal Detected,None,Healthcare Practice Verified (Homepage & Subpages Scanned),
caremedicals.com,,,caremedicals.com,Yes,Not Found,,,No Portal Detected,None,Healthcare Practice Verified (Homepage & Subpages Scanned),
healemedical.com,Custom / Practice Portal,,healemedical.com,Yes,Custom / Practice Portal,,https://app.healemedical.com/signin,Generic Portal Found,Medium,Anchor Keyword: 'Patient Portal',Patient Portal
medcare.plus,,,medcare.plus,Yes,Not Found,,,No Portal Detected,None,Healthcare Practice Verified (Homepage & Subpages Scanned),
birdseyemedical.com,,,birdseyemedical.com,Yes,Not Found,,,No Portal Detected,None,Healthcare Practice Verified (Homepage & Subpages Scanned),
ascendmedical.com,AthenaHealth (AthenaPatient / Communicator),,ascendmedical.com,Yes,AthenaHealth (AthenaPatient / Communicator),Cloud EHR & Practice Management,https://30437-1.portal.athenahealth.com/,Found,High,Subpage Crawl (https://www.ascendmedical.com/patient-portal) -> Direct URL (AthenaHealth (AthenaPatient / Communicator)),Login
wellswellnessmt.com,,,wellswellnessmt.com,Yes,Not Found,,,No Portal Detected,None,Healthcare Practice Verified (Homepage & Subpages Scanned),
bewellmedical.com,eClinicalWorks (Healow / mycw),,bewellmedical.com,Yes,eClinicalWorks (Healow / mycw),Ambulatory EHR & Practice Portal,https://mycw159.ecwcloud.com/portal28854/jsp/100mp/login_otp.jsp,Found,High,Direct Subdomain (https://portal.bewellmedical.com),Portal Subdomain
undeniablehealthcare.com,,,undeniablehealthcare.com,Yes,Not Found,,,No Portal Detected,None,Healthcare Practice Verified (Homepage & Subpages Scanned),
samatahealth.com,,,samatahealth.com,Yes,Not Found,,,No Portal Detected,None,Healthcare Practice Verified (Homepage & Subpages Scanned),
optimumwellnessmn.com,,,optimumwellnessmn.com,Yes,Not Found,,,No Portal Detected,None,Healthcare Practice Verified (Homepage & Subpages Scanned),
graceycare.com,Not related to health care or clinics,,graceycare.com,No,Not related to health care or clinics,Non-Healthcare,,Not related to health care or clinics,High,Unreachable (Unreachable domain without strong healthcare indicator),
tidelinepsych.com,AthenaHealth (AthenaPatient / Communicator),,tidelinepsych.com,Yes,AthenaHealth (AthenaPatient / Communicator),Cloud EHR & Practice Management,https://31430.portal.athenahealth.com/,Found,High,Direct Subdomain (https://portal.tidelinepsych.com),Portal Subdomain
cpsychiatricsolutions.com,,,cpsychiatricsolutions.com,Yes,Not Found,,,Site Unreachable,None,Connection Failed,
lhpsych.com,AthenaHealth (AthenaPatient / Communicator),,lhpsych.com,Yes,AthenaHealth (AthenaPatient / Communicator),Cloud EHR & Practice Management,https://32088-1.portal.athenahealth.com/,Found,High,Direct URL (AthenaHealth (AthenaPatient / Communicator)),Athena Health
rogerspsychotherapy.com,,,rogerspsychotherapy.com,Yes,Not Found,,,Site Unreachable,None,Connection Failed,
rejuvmedical.com,AthenaHealth (AthenaPatient / Communicator),,rejuvmedical.com,Yes,AthenaHealth (AthenaPatient / Communicator),Cloud EHR & Practice Management,https://32275-1.portal.athenahealth.com,Found,High,Direct URL (AthenaHealth (AthenaPatient / Communicator)),Patient Portal Login
brandywinerheumatology.com,AthenaHealth (AthenaPatient / Communicator),,brandywinerheumatology.com,Yes,AthenaHealth (AthenaPatient / Communicator),Cloud EHR & Practice Management,https://22887.portal.athenahealth.com/,Found,High,Subpage Crawl (https://www.brandywinerheumatology.com/patient-portal-1) -> Direct URL (AthenaHealth (AthenaPatient / Communicator)),Click for Portal Access
atxroboticsurgery.com,,,atxroboticsurgery.com,Yes,Not Found,,,Site Unreachable,None,Connection Failed,
ocracokehealthcenter.org,AthenaHealth (AthenaPatient / Communicator),,ocracokehealthcenter.org,Yes,AthenaHealth (AthenaPatient / Communicator),Cloud EHR & Practice Management,https://27056.portal.athenahealth.com/,Found,High,Direct URL (AthenaHealth (AthenaPatient / Communicator)),Patient Portal
claytonsleep.com,AthenaHealth (AthenaPatient / Communicator),,claytonsleep.com,Yes,AthenaHealth (AthenaPatient / Communicator),Cloud EHR & Practice Management,https://10551-1.portal.athenahealth.com,Found,High,Direct URL (AthenaHealth (AthenaPatient / Communicator)),Current Patients
texassleepclinic.com,Phreesia,,texassleepclinic.com,Yes,Phreesia,Patient Intake & Registration,https://www.phreesia.net/25/patient/Payment.aspx/Start?encrypted=nmwSlx4vhmxDdQzPCTvxy6Hjg7oOr5RHcPPwqyYRzRLVAmuEXcBjtIzm0ZgdF5x74yztd7xcyaWuYylFNrnkAUE6fisvmUXdD9PqFJJyKuqsCsfYRx65w7uxkPms1G8udg4JZHVAeRWBYSXUSQPDcAa8A1S0TYTy2vY5vCgKe1018Runi8MAtYdvTIStpdVWC_Uk6rtNgy9usExgTdiwKMbrK-UteKA8KqF-5_zNBM0mEz4lerDGy1L--uZKWLHilwarrLevrZtnFzH0gz70530AlMuX_8tF8j2kWQWyX1M66F09XEfNJNDbKnJaG6Lf0,Found,High,Direct URL (Phreesia),Online Bill Pay
dreamsleepmedicine.com,,,dreamsleepmedicine.com,Yes,Not Found,,,No Portal Detected,None,Healthcare Practice Verified (Homepage & Subpages Scanned),
respairsleep.com,,,respairsleep.com,Yes,Not Found,,,Site Unreachable,None,Connection Failed,
fosnightcenter.com,AthenaHealth (AthenaPatient / Communicator),,fosnightcenter.com,Yes,AthenaHealth (AthenaPatient / Communicator),Cloud EHR & Practice Management,https://20648.portal.athenahealth.com/,Found,High,Subpage Crawl (https://fosnightcenter.com/patient-portal) -> Direct URL (AthenaHealth (AthenaPatient / Communicator)),Patient Portal
thespineandsportscenter.com,AthenaHealth (AthenaPatient / Communicator),,thespineandsportscenter.com,Yes,AthenaHealth (AthenaPatient / Communicator),Cloud EHR & Practice Management,https://16360.portal.athenahealth.com/,Found,High,Direct URL (AthenaHealth (AthenaPatient / Communicator)),Patient Portal
ispineclinics.com,eClinicalWorks (Healow / mycw),,ispineclinics.com,Yes,eClinicalWorks (Healow / mycw),Ambulatory EHR & Practice Portal,https://mycw51.eclinicalweb.com/portal5862/jsp/100mp/login_otp.jsp,Found,High,Direct URL (eClinicalWorks (Healow / mycw)),Patient Portal Login
rigbyperformancemedicine.com,,,rigbyperformancemedicine.com,Yes,Not Found,,,No Portal Detected,None,Healthcare Practice Verified (Homepage & Subpages Scanned),
thrive-surgery.com,AthenaHealth (AthenaPatient / Communicator),,thrive-surgery.com,Yes,AthenaHealth (AthenaPatient / Communicator),Cloud EHR & Practice Management,https://29858-1.portal.athenahealth.com,Found,High,Direct URL (AthenaHealth (AthenaPatient / Communicator)),AthenaHealth (AthenaPatient / Communicator)
myvirtualphysician.com,,,myvirtualphysician.com,Yes,Not Found,,,No Portal Detected,None,Healthcare Practice Verified (Homepage & Subpages Scanned),
palomapc.com,Not related to health care or clinics,,palomapc.com,No,Not related to health care or clinics,Non-Healthcare,,Not related to health care or clinics,High,Non-Healthcare Detected (Insufficient healthcare relevance (score: 0)),
alldaymedicalcare.com,AthenaHealth (AthenaPatient / Communicator),,alldaymedicalcare.com,Yes,AthenaHealth (AthenaPatient / Communicator),Cloud EHR & Practice Management,https://29745-1.portal.athenahealth.com,Found,High,Direct URL (AthenaHealth (AthenaPatient / Communicator)),Patient Portal
zupmed.com,AthenaHealth (AthenaPatient / Communicator),,zupmed.com,Yes,AthenaHealth (AthenaPatient / Communicator),Cloud EHR & Practice Management,https://19813.portal.athenahealth.com/,Found,High,Direct URL (AthenaHealth (AthenaPatient / Communicator)),Patient Portal
coastalvascularcenter.com,AthenaHealth (AthenaPatient / Communicator),,coastalvascularcenter.com,Yes,AthenaHealth (AthenaPatient / Communicator),Cloud EHR & Practice Management,https://16599.portal.athenahealth.com/,Found,High,Direct URL (AthenaHealth (AthenaPatient / Communicator)),Patient Portal
weightingoldwellness.com,AthenaHealth (AthenaPatient / Communicator),,weightingoldwellness.com,Yes,AthenaHealth (AthenaPatient / Communicator),Cloud EHR & Practice Management,https://28527.portal.athenahealth.com/,Found,High,Subpage Crawl (https://weightingoldwellness.com/patient-portal) -> Direct URL (AthenaHealth (AthenaPatient / Communicator)),Log IN
joelwellnessclinic.com,,,joelwellnessclinic.com,Yes,Not Found,,,No Portal Detected,None,Healthcare Practice Verified (Homepage & Subpages Scanned),
whealthtx.com,,,whealthtx.com,Yes,Not Found,,,No Portal Detected,None,Healthcare Practice Verified (Homepage & Subpages Scanned),
femmeflor.com,AthenaHealth (AthenaPatient / Communicator),,femmeflor.com,Yes,AthenaHealth (AthenaPatient / Communicator),Cloud EHR & Practice Management,https://31272-1.portal.athenahealth.com/,Found,High,Direct URL (AthenaHealth (AthenaPatient / Communicator)),Patient Portal
brookwoodwomenshealth.com,AthenaHealth (AthenaPatient / Communicator),,brookwoodwomenshealth.com,Yes,AthenaHealth (AthenaPatient / Communicator),Cloud EHR & Practice Management,https://29642.portal.athenahealth.com/,Found,High,Direct URL (AthenaHealth (AthenaPatient / Communicator)),Portal
pearlwomenscenter.com,AthenaHealth (AthenaPatient / Communicator),,pearlwomenscenter.com,Yes,AthenaHealth (AthenaPatient / Communicator),Cloud EHR & Practice Management,https://22607.portal.athenahealth.com/,Found,High,Direct URL (AthenaHealth (AthenaPatient / Communicator)),Patient Login
newuwomensclinic.com,,,newuwomensclinic.com,Yes,Not Found,,,No Portal Detected,None,Healthcare Practice Verified (Homepage & Subpages Scanned),
calhounwomenscenter.com,,,calhounwomenscenter.com,Yes,Not Found,,,No Portal Detected,None,Healthcare Practice Verified (Homepage & Subpages Scanned),
eliteobgynpb.com,,,eliteobgynpb.com,Yes,Not Found,,,Site Unreachable,None,Connection Failed,
coxhealth.com,Epic (MyChart / Patient Gateway / My CS-Link),,coxhealth.com,Yes,Epic (MyChart / Patient Gateway / My CS-Link),Hospital & Health System EHR,https://mychart.coxhealth.com/Mychart/Authentication/Login,Found,High,Direct Subdomain (https://mychart.coxhealth.com),Portal Subdomain
lifebridgehealth.org,,,lifebridgehealth.org,Yes,Not Found,,,Site Unreachable,None,Connection Failed,
balladhealth.org,Epic (MyChart / Patient Gateway / My CS-Link),,balladhealth.org,Yes,Epic (MyChart / Patient Gateway / My CS-Link),Hospital & Health System EHR,https://www.balladhealth.org/mychart,Found,High,Direct URL (Epic (MyChart / Patient Gateway / My CS-Link)),MyChart
vcuhealth.org,Epic (MyChart / Patient Gateway / My CS-Link),,vcuhealth.org,Yes,Epic (MyChart / Patient Gateway / My CS-Link),Hospital & Health System EHR,https://mychart.vcuhealth.org/MyChart/Authentication/Login,Found,High,Direct Subdomain (https://mychart.vcuhealth.org),Portal Subdomain
cchmc.org,Epic (MyChart / Patient Gateway / My CS-Link),,cchmc.org,Yes,Epic (MyChart / Patient Gateway / My CS-Link),Hospital & Health System EHR,https://mychart.cincinnatichildrens.org/mychart/,Found,High,Direct URL (Epic (MyChart / Patient Gateway / My CS-Link)),Sign in to MyChart
saint-lukes.org,Not related to health care or clinics,,saint-lukes.org,No,Not related to health care or clinics,Non-Healthcare,,Not related to health care or clinics,High,Unreachable (Unreachable domain without strong healthcare indicator),
saintlukeskc.org,Epic (MyChart / Patient Gateway / My CS-Link),,saintlukeskc.org,Yes,Epic (MyChart / Patient Gateway / My CS-Link),Hospital & Health System EHR,https://mysaintlukes.corp.saint-lukes.org/MyChartPRD/Authentication/Login/StandardFile?option=epiccopyright,Found,High,Subpage Crawl (https://mysaintlukes.corp.saint-lukes.org/MyChartPRD/) -> Anchor Text Match (Epic (MyChart / Patient Gateway / My CS-Link)),MyChart® licensed from Epic Systems Corporation © 1999 - 2026
leehealth.org,Epic (MyChart / Patient Gateway / My CS-Link),,leehealth.org,Yes,Epic (MyChart / Patient Gateway / My CS-Link),Hospital & Health System EHR,https://mychart.leememorial.org/Mychart/Authentication/Login,Found,High,Direct Subdomain (https://mychart.leehealth.org),Portal Subdomain
parklandhealth.org,Epic (MyChart / Patient Gateway / My CS-Link),,parklandhealth.org,Yes,Epic (MyChart / Patient Gateway / My CS-Link),Hospital & Health System EHR,https://mychart.pmh.org/MyChart/Authentication/Login,Found,High,Direct Subdomain (https://mychart.parklandhealth.org),Portal Subdomain
phhs.org,Epic (MyChart / Patient Gateway / My CS-Link),,phhs.org,Yes,Epic (MyChart / Patient Gateway / My CS-Link),Hospital & Health System EHR,https://mychart.parklandhealth.org/MyChart/Authentication/Login,Found,High,Direct URL (Epic (MyChart / Patient Gateway / My CS-Link)),MyChart
memorialcare.org,Not related to health care or clinics,,memorialcare.org,No,Not related to health care or clinics,Non-Healthcare,,Not related to health care or clinics,High,Unreachable (Unreachable domain without strong healthcare indicator),
tgh.org,Epic (MyChart / Patient Gateway / My CS-Link),,tgh.org,Yes,Epic (MyChart / Patient Gateway / My CS-Link),Hospital & Health System EHR,https://mychart.tgh.org/MyChart/Authentication/Login,Found,High,Direct Subdomain (https://mychart.tgh.org),Portal Subdomain
seweurodrive.com,,,seweurodrive.com,Yes,Not Found,,,Site Unreachable,None,Connection Failed,
uh.edu,,,uh.edu,Yes,Not Found,,,No Portal Detected,None,Healthcare Practice Verified (Homepage & Subpages Scanned),
umassmemorial.org,Epic (MyChart / Patient Gateway / My CS-Link),,umassmemorial.org,Yes,Epic (MyChart / Patient Gateway / My CS-Link),Hospital & Health System EHR,https://www.ummhealth.org/patients-visitors/mychart,Found,High,Direct Subdomain (https://mychart.umassmemorial.org),Portal Subdomain
honorhealth.com,Epic (MyChart / Patient Gateway / My CS-Link),,honorhealth.com,Yes,Epic (MyChart / Patient Gateway / My CS-Link),Hospital & Health System EHR,https://mychart.honorhealth.com/mychart/Authentication/Login,Found,High,Direct Subdomain (https://mychart.honorhealth.com),Portal Subdomain
lifespan.org,Epic (MyChart / Patient Gateway / My CS-Link),,lifespan.org,Yes,Epic (MyChart / Patient Gateway / My CS-Link),Hospital & Health System EHR,https://www.brownhealth.org/mychart,Found,High,Direct URL (Epic (MyChart / Patient Gateway / My CS-Link)),Sign Up for MyChart
scrippshealth.org,Epic (MyChart / Patient Gateway / My CS-Link),,scrippshealth.org,Yes,Epic (MyChart / Patient Gateway / My CS-Link),Hospital & Health System EHR,https://myscripps.org/MyChart/Authentication/Login,Found,High,Direct URL (Epic (MyChart / Patient Gateway / My CS-Link)),Log In to MyScripps
harmonycares.com,AthenaHealth (AthenaPatient / Communicator),,harmonycares.com,Yes,AthenaHealth (AthenaPatient / Communicator),Cloud EHR & Practice Management,https://32913.portal.athenahealth.com/,Found,High,Subpage Crawl (https://harmonycares.com/hcpatient-portal/) -> Direct URL (AthenaHealth (AthenaPatient / Communicator)),Access the Patient Portal
greatriverhealth.org,Epic (MyChart / Patient Gateway / My CS-Link),,greatriverhealth.org,Yes,Epic (MyChart / Patient Gateway / My CS-Link),Hospital & Health System EHR,https://mychart.greatriverhealth.org/Mychart/Authentication/Login,Found,High,Direct Subdomain (https://mychart.greatriverhealth.org),Portal Subdomain
adirondackhealth.org,eClinicalWorks (Healow / mycw),,adirondackhealth.org,Yes,eClinicalWorks (Healow / mycw),Ambulatory EHR & Practice Portal,https://mycw34.eclinicalweb.com/portal3635/jsp/100mp/login.jsp,Found,High,Subpage Crawl (https://www.adirondackhealth.org/medical-records) -> Direct URL (eClinicalWorks (Healow / mycw)),"If you are an established patient in one of our health centers, click here to access your patient portal."
reliantmedicalgroup.org,Epic (MyChart / Patient Gateway / My CS-Link),,reliantmedicalgroup.org,Yes,Epic (MyChart / Patient Gateway / My CS-Link),Hospital & Health System EHR,https://mychart.reliantmedicalgroup.org/Mychart/Authentication/Login,Found,High,Direct Subdomain (https://mychart.reliantmedicalgroup.org),Portal Subdomain
springfieldclinic.com,AthenaHealth (AthenaPatient / Communicator),,springfieldclinic.com,Yes,AthenaHealth (AthenaPatient / Communicator),Cloud EHR & Practice Management,https://28977-1.portal.athenahealth.com/,Found,High,Direct URL (AthenaHealth (AthenaPatient / Communicator)),Bill Pay
emich.edu,Not related to health care or clinics,,emich.edu,No,Not related to health care or clinics,Non-Healthcare,,Not related to health care or clinics,High,Unreachable (Unreachable domain without strong healthcare indicator),
huschblackwell.com,Not related to health care or clinics,,huschblackwell.com,No,Not related to health care or clinics,Non-Healthcare,,Not related to health care or clinics,High,Non-Healthcare Detected (Non-healthcare industry detected (score: 6 vs 1)),
orthocarolina.com,Epic (MyChart / Patient Gateway / My CS-Link),,orthocarolina.com,Yes,Epic (MyChart / Patient Gateway / My CS-Link),Hospital & Health System EHR,https://www.orthocarolina.com/resources-category/patient-portal,Found,High,Anchor Text Match (Epic (MyChart / Patient Gateway / My CS-Link)),MyChart Portal
mnk.com,,,mnk.com,Yes,Not Found,,,No Portal Detected,None,Healthcare Practice Verified (Homepage & Subpages Scanned),
floridawomancare.com,Not related to health care or clinics,,floridawomancare.com,No,Not related to health care or clinics,Non-Healthcare,,Not related to health care or clinics,High,Unreachable (Unreachable domain without strong healthcare indicator),
utsouthwestern.edu,Epic (MyChart / Patient Gateway / My CS-Link),,utsouthwestern.edu,Yes,Epic (MyChart / Patient Gateway / My CS-Link),Hospital & Health System EHR,https://mychart.utsouthwestern.edu/mychart/Authentication/Login,Found,High,Direct Subdomain (https://mychart.utsouthwestern.edu),Portal Subdomain
uchicagomedicine.org,Epic (MyChart / Patient Gateway / My CS-Link),,uchicagomedicine.org,Yes,Epic (MyChart / Patient Gateway / My CS-Link),Hospital & Health System EHR,https://mychart.uchospitals.edu/mychart/Authentication/Login,Found,High,Direct URL (Epic (MyChart / Patient Gateway / My CS-Link)),MyChart
ohsu.edu,Epic (MyChart / Patient Gateway / My CS-Link),,ohsu.edu,Yes,Epic (MyChart / Patient Gateway / My CS-Link),Hospital & Health System EHR,https://mychartweb.ohsu.edu/MyChart/default.asp,Found,High,Direct URL (Epic (MyChart / Patient Gateway / My CS-Link)),MyChart
uabmc.edu,Not related to health care or clinics,,uabmc.edu,No,Not related to health care or clinics,Non-Healthcare,,Not related to health care or clinics,High,Unreachable (Unreachable domain without strong healthcare indicator),
lyondellbasell.com,,,lyondellbasell.com,Yes,Not Found,,,No Portal Detected,None,Healthcare Practice Verified (Homepage & Subpages Scanned),
foodcity.com,Not related to health care or clinics,,foodcity.com,No,Not related to health care or clinics,Non-Healthcare,,Not related to health care or clinics,High,Unreachable (Unreachable domain without strong healthcare indicator),
sluhn.org,Not related to health care or clinics,,sluhn.org,No,Not related to health care or clinics,Non-Healthcare,,Not related to health care or clinics,High,Unreachable (Unreachable domain without strong healthcare indicator),
baptist-health.org,Epic (MyChart / Patient Gateway / My CS-Link),,baptist-health.org,Yes,Epic (MyChart / Patient Gateway / My CS-Link),Hospital & Health System EHR,https://mychart.baptist-health.org/MyChart,Found,High,Direct URL (Epic (MyChart / Patient Gateway / My CS-Link)),Sign In To My Chart
atlantichealth.org,Epic (MyChart / Patient Gateway / My CS-Link),,atlantichealth.org,Yes,Epic (MyChart / Patient Gateway / My CS-Link),Hospital & Health System EHR,https://mychart.atlantichealth.org/MyChart/HealthSummary,Found,High,Subdomain Scan (https://myhealth.atlantichealth.org) -> Direct URL (Epic (MyChart / Patient Gateway / My CS-Link)),Health Summary
bmhcc.org,Epic (MyChart / Patient Gateway / My CS-Link),,bmhcc.org,Yes,Epic (MyChart / Patient Gateway / My CS-Link),Hospital & Health System EHR,https://mychart.bmhcc.org/prd/Authentication/Login,Found,High,Direct Subdomain (https://mychart.bmhcc.org),Portal Subdomain
ipsos.com,Not related to health care or clinics,,ipsos.com,No,Not related to health care or clinics,Non-Healthcare,,Not related to health care or clinics,High,Unreachable (Unreachable domain without strong healthcare indicator),
hsc.utah.edu,Not related to health care or clinics,,hsc.utah.edu,No,Not related to health care or clinics,Non-Healthcare,,Not related to health care or clinics,High,Unreachable (Unreachable domain without strong healthcare indicator),
rogers.com,Not related to health care or clinics,,rogers.com,No,Not related to health care or clinics,Non-Healthcare,,Not related to health care or clinics,High,Non-Healthcare Detected (Insufficient healthcare relevance (score: 0)),
nva.com,,,nva.com,Yes,Not Found,,,No Portal Detected,None,Healthcare Practice Verified (Homepage & Subpages Scanned),
musc.edu,Epic (MyChart / Patient Gateway / My CS-Link),,musc.edu,Yes,Epic (MyChart / Patient Gateway / My CS-Link),Hospital & Health System EHR,https://mychart.musc.edu/mychart/Authentication/Login,Found,High,Direct Subdomain (https://mychart.musc.edu),Portal Subdomain
ummhc.org,Not related to health care or clinics,,ummhc.org,No,Not related to health care or clinics,Non-Healthcare,,Not related to health care or clinics,High,Unreachable (Unreachable domain without strong healthcare indicator),
vumc.org,,,vumc.org,Yes,Not Found,,,No Portal Detected,None,Healthcare Practice Verified (Homepage & Subpages Scanned),
emoryhealthcare.org,Epic (MyChart / Patient Gateway / My CS-Link),,emoryhealthcare.org,Yes,Epic (MyChart / Patient Gateway / My CS-Link),Hospital & Health System EHR,https://mychart.emoryhealthcare.org/MyChart-PRD/Authentication/Login,Found,High,Direct Subdomain (https://mychart.emoryhealthcare.org),Portal Subdomain
texashealth.org,Epic (MyChart / Patient Gateway / My CS-Link),,texashealth.org,Yes,Epic (MyChart / Patient Gateway / My CS-Link),Hospital & Health System EHR,https://mychart.texashealth.org/MyChart/Authentication/Login,Found,High,Direct Subdomain (https://mychart.texashealth.org),Portal Subdomain
mainehealth.org,Epic (MyChart / Patient Gateway / My CS-Link),,mainehealth.org,Yes,Epic (MyChart / Patient Gateway / My CS-Link),Hospital & Health System EHR,https://mychart.mainehealth.org/,Found,High,Subdomain Scan (https://portal.mainehealth.org) -> Direct URL (Epic (MyChart / Patient Gateway / My CS-Link)),MyChart
wellstar.org,Epic (MyChart / Patient Gateway / My CS-Link),,wellstar.org,Yes,Epic (MyChart / Patient Gateway / My CS-Link),Hospital & Health System EHR,https://mychart.wellstar.org/MyChart/Authentication/Login,Found,High,Direct Subdomain (https://mychart.wellstar.org),Portal Subdomain
uwhealth.org,Epic (MyChart / Patient Gateway / My CS-Link),,uwhealth.org,Yes,Epic (MyChart / Patient Gateway / My CS-Link),Hospital & Health System EHR,https://mychart.uwhealth.org/,Found,High,Direct Subdomain (https://mychart.uwhealth.org),Portal Subdomain
inova.org,Epic (MyChart / Patient Gateway / My CS-Link),,inova.org,Yes,Epic (MyChart / Patient Gateway / My CS-Link),Hospital & Health System EHR,https://mychart.inova.org/Mychart/Authentication/Login,Found,High,Direct Subdomain (https://mychart.inova.org),Portal Subdomain
drreddys.com,,,drreddys.com,Yes,Not Found,,,No Portal Detected,None,Healthcare Practice Verified (Homepage & Subpages Scanned),
fcps.org,Not related to health care or clinics,,fcps.org,No,Not related to health care or clinics,Non-Healthcare,,Not related to health care or clinics,High,Unreachable (Unreachable domain without strong healthcare indicator),
rumcsi.org,AthenaHealth (AthenaPatient / Communicator),,rumcsi.org,Yes,AthenaHealth (AthenaPatient / Communicator),Cloud EHR & Practice Management,https://19656-2.portal.athenahealth.com/,Found,High,Subpage Crawl (https://rumcsi.org/patients-visitors/patient-portal/) -> Direct URL (AthenaHealth (AthenaPatient / Communicator)),AthenaHealth (AthenaPatient / Communicator)
williamsonhealth.org,Allscripts / Veradigm (FollowMyHealth),,williamsonhealth.org,Yes,Allscripts / Veradigm (FollowMyHealth),EHR & Patient Engagement,https://williamsonmedicalgroup.followmyhealth.com/Login/#!/default,Found,High,Subpage Crawl (https://williamsonhealth.org/patient-portal) -> Direct URL (Allscripts / Veradigm (FollowMyHealth)),Patient Login(opens in new tab)
med.umich.edu,,,med.umich.edu,Yes,Not Found,,,No Portal Detected,None,Healthcare Practice Verified (Homepage & Subpages Scanned),
stanfordhealthcare.org,Epic (MyChart / Patient Gateway / My CS-Link),,stanfordhealthcare.org,Yes,Epic (MyChart / Patient Gateway / My CS-Link),Hospital & Health System EHR,https://mychart.stanfordhealthcare.org/,Found,High,Direct Subdomain (https://mychart.stanfordhealthcare.org),Portal Subdomain
uhhospitals.org,Epic (MyChart / Patient Gateway / My CS-Link),,uhhospitals.org,Yes,Epic (MyChart / Patient Gateway / My CS-Link),Hospital & Health System EHR,https://mychart.uhhospitals.org/MyChart/Authentication/Login,Found,High,Direct Subdomain (https://mychart.uhhospitals.org),Portal Subdomain
accentcare.com,,,accentcare.com,Yes,Not Found,,,No Portal Detected,None,Healthcare Practice Verified (Homepage & Subpages Scanned),
hfhs.org,Epic (MyChart / Patient Gateway / My CS-Link),,hfhs.org,Yes,Epic (MyChart / Patient Gateway / My CS-Link),Hospital & Health System EHR,https://mychart.hfhs.org/mychart/Authentication/Login,Found,High,Direct Subdomain (https://mychart.hfhs.org),Portal Subdomain
houstonmethodist.org,Epic (MyChart / Patient Gateway / My CS-Link),,houstonmethodist.org,Yes,Epic (MyChart / Patient Gateway / My CS-Link),Hospital & Health System EHR,https://mychart.houstonmethodist.org/Mychart/Authentication/Login,Found,High,Direct Subdomain (https://mychart.houstonmethodist.org),Portal Subdomain
memorialhermann.org,Epic (MyChart / Patient Gateway / My CS-Link),,memorialhermann.org,Yes,Epic (MyChart / Patient Gateway / My CS-Link),Hospital & Health System EHR,https://mychart.memorialhermann.org/MyChart/Authentication/Login,Found,High,Direct Subdomain (https://mychart.memorialhermann.org),Portal Subdomain
unitypoint.org,Epic (MyChart / Patient Gateway / My CS-Link),,unitypoint.org,Yes,Epic (MyChart / Patient Gateway / My CS-Link),Hospital & Health System EHR,https://www.chart.myunitypoint.org/mychart/Authentication/Login,Found,High,Direct URL (Epic (MyChart / Patient Gateway / My CS-Link)),Log In
baycare.org,Not related to health care or clinics,,baycare.org,No,Not related to health care or clinics,Non-Healthcare,,Not related to health care or clinics,High,Unreachable (Unreachable domain without strong healthcare indicator),
uchealth.org,,,uchealth.org,Yes,Not Found,,,Site Unreachable,None,Connection Failed,
steward.org,Not related to health care or clinics,,steward.org,No,Not related to health care or clinics,Non-Healthcare,,Not related to health care or clinics,High,Non-Healthcare Detected (Insufficient healthcare relevance (score: 0)),
prismahealth.org,Epic (MyChart / Patient Gateway / My CS-Link),,prismahealth.org,Yes,Epic (MyChart / Patient Gateway / My CS-Link),Hospital & Health System EHR,https://mychart.prismahealth.org/MyChart/Authentication/Login,Found,High,Direct Subdomain (https://mychart.prismahealth.org),Portal Subdomain
sentara.com,Epic (MyChart / Patient Gateway / My CS-Link),,sentara.com,Yes,Epic (MyChart / Patient Gateway / My CS-Link),Hospital & Health System EHR,https://mychart.sentara.com/,Found,High,Direct Subdomain (https://mychart.sentara.com),Portal Subdomain
nbcuni.com,,,nbcuni.com,Yes,Not Found,,,No Portal Detected,None,Healthcare Practice Verified (Homepage & Subpages Scanned),
ucsf.edu,Not related to health care or clinics,,ucsf.edu,No,Not related to health care or clinics,Non-Healthcare,,Not related to health care or clinics,High,Unreachable (Unreachable domain without strong healthcare indicator),
gsb.columbia.edu,Not related to health care or clinics,,gsb.columbia.edu,No,Not related to health care or clinics,Non-Healthcare,,Not related to health care or clinics,High,Unreachable (Unreachable domain without strong healthcare indicator),
uci.edu,,,uci.edu,Yes,Not Found,,,No Portal Detected,None,Healthcare Practice Verified (Homepage & Subpages Scanned),
alumni.emory.edu,,,alumni.emory.edu,Yes,Not Found,,,No Portal Detected,None,Healthcare Practice Verified (Homepage & Subpages Scanned),
columbia.edu,Not related to health care or clinics,,columbia.edu,No,Not related to health care or clinics,Non-Healthcare,,Not related to health care or clinics,High,Unreachable (Unreachable domain without strong healthcare indicator),
bms.com,,,bms.com,Yes,Not Found,,,No Portal Detected,None,Healthcare Practice Verified (Homepage & Subpages Scanned),
vca.com,,,vca.com,Yes,Not Found,,,No Portal Detected,None,Healthcare Practice Verified (Homepage & Subpages Scanned),
hmh.org,Not related to health care or clinics,,hmh.org,No,Not related to health care or clinics,Non-Healthcare,,Not related to health care or clinics,High,Non-Healthcare Detected (Insufficient healthcare relevance (score: 0)),
hmhn.org,Epic (MyChart / Patient Gateway / My CS-Link),,hmhn.org,Yes,Epic (MyChart / Patient Gateway / My CS-Link),Hospital & Health System EHR,https://mychart.hmhn.org/,Found,High,Direct Subdomain (https://mychart.hmhn.org),Portal Subdomain
ohiohealth.com,Epic (MyChart / Patient Gateway / My CS-Link),,ohiohealth.com,Yes,Epic (MyChart / Patient Gateway / My CS-Link),Hospital & Health System EHR,https://mychart.ohiohealth.com/,Found,High,Direct Subdomain (https://mychart.ohiohealth.com),Portal Subdomain
ochsner.org,Epic (MyChart / Patient Gateway / My CS-Link),,ochsner.org,Yes,Epic (MyChart / Patient Gateway / My CS-Link),Hospital & Health System EHR,https://itunes.apple.com/us/app/mychart/id1604261264?mt=8,Found,High,Subpage Crawl (https://my.ochsner.org/PRD/) -> Direct URL (Epic (MyChart / Patient Gateway / My CS-Link)),Epic (MyChart / Patient Gateway / My CS-Link)
medstar.net,,,medstar.net,Yes,Not Found,,,Site Unreachable,None,Connection Failed,
hackensack.org,Not related to health care or clinics,,hackensack.org,No,Not related to health care or clinics,Non-Healthcare,,Not related to health care or clinics,High,Non-Healthcare Detected (Insufficient healthcare relevance (score: 0)),
encompasshealth.com,,,encompasshealth.com,Yes,Not Found,,,No Portal Detected,None,Healthcare Practice Verified (Homepage & Subpages Scanned),
confluencehealth.org,Epic (MyChart / Patient Gateway / My CS-Link),,confluencehealth.org,Yes,Epic (MyChart / Patient Gateway / My CS-Link),Hospital & Health System EHR,https://mychart.confluencehealth.org/MyChart/Authentication/Login,Found,High,Direct Subdomain (https://mychart.confluencehealth.org),Portal Subdomain
bayhealth.org,Epic (MyChart / Patient Gateway / My CS-Link),,bayhealth.org,Yes,Epic (MyChart / Patient Gateway / My CS-Link),Hospital & Health System EHR,https://mycslink.bayhealth.org/,Found,High,Direct Subdomain (https://mycslink.bayhealth.org),Portal Subdomain
uphs.upenn.edu,Not related to health care or clinics,,uphs.upenn.edu,No,Not related to health care or clinics,Non-Healthcare,,Not related to health care or clinics,High,Non-Healthcare Detected (Insufficient healthcare relevance (score: 0)),
pennmedicine.upenn.edu,,,pennmedicine.upenn.edu,Yes,Not Found,,,Site Unreachable,None,Connection Failed,
jhmi.edu,,,jhmi.edu,Yes,Not Found,,,No Portal Detected,None,Healthcare Practice Verified (Homepage & Subpages Scanned),
ucdavis.edu,Epic (MyChart / Patient Gateway / My CS-Link),,ucdavis.edu,Yes,Epic (MyChart / Patient Gateway / My CS-Link),Hospital & Health System EHR,https://health.ucdavis.edu/login/,Found,High,Direct Subdomain (https://mychart.ucdavis.edu),Portal Subdomain
ssmhealth.com,,,ssmhealth.com,Yes,Not Found,,,Site Unreachable,None,Connection Failed,
mountsinai.org,Epic (MyChart / Patient Gateway / My CS-Link),,mountsinai.org,Yes,Epic (MyChart / Patient Gateway / My CS-Link),Hospital & Health System EHR,https://mychart.mountsinai.org/Mychart/Authentication/Login,Found,High,Direct Subdomain (https://mychart.mountsinai.org),Portal Subdomain
iuhealth.org,,,iuhealth.org,Yes,Not Found,,,Site Unreachable,None,Connection Failed,
novanthealth.org,Epic (MyChart / Patient Gateway / My CS-Link),,novanthealth.org,Yes,Epic (MyChart / Patient Gateway / My CS-Link),Hospital & Health System EHR,https://www.novantmychart.org&#xA,Found,High,JS/HTML Payload (Epic (MyChart / Patient Gateway / My CS-Link)),Embedded Page / Script Link
piedmont.org,Not related to health care or clinics,,piedmont.org,No,Not related to health care or clinics,Non-Healthcare,,Not related to health care or clinics,High,Unreachable (Non-healthcare domain name),
fresenius-kabi.com,,,fresenius-kabi.com,Yes,Not Found,,,No Portal Detected,None,Healthcare Practice Verified (Homepage & Subpages Scanned),
mckesson.com,Not related to health care or clinics,,mckesson.com,No,Not related to health care or clinics,Non-Healthcare,,Not related to health care or clinics,High,Unreachable (Unreachable domain without strong healthcare indicator),
christushealth.org,Epic (MyChart / Patient Gateway / My CS-Link),,christushealth.org,Yes,Epic (MyChart / Patient Gateway / My CS-Link),Hospital & Health System EHR,https://mychart.christushealth.org/mychart/Authentication/Login,Found,High,Direct Subdomain (https://mychart.christushealth.org),Portal Subdomain
selectmedical.com,Epic (MyChart / Patient Gateway / My CS-Link),,selectmedical.com,Yes,Epic (MyChart / Patient Gateway / My CS-Link),Hospital & Health System EHR,https://mychart.selectmedical.com/MyChart/Authentication/Login,Found,High,Direct Subdomain (https://mychart.selectmedical.com),Portal Subdomain
uthscsa.edu,Epic (MyChart / Patient Gateway / My CS-Link),,uthscsa.edu,Yes,Epic (MyChart / Patient Gateway / My CS-Link),Hospital & Health System EHR,https://mychart.utmedicinesa.com/mychart/,Found,High,Direct URL (Epic (MyChart / Patient Gateway / My CS-Link)),Log-in to MyChart
downstate.edu,,,downstate.edu,Yes,Not Found,,,No Portal Detected,None,Healthcare Practice Verified (Homepage & Subpages Scanned),
utmck.edu,Not related to health care or clinics,,utmck.edu,No,Not related to health care or clinics,Non-Healthcare,,Not related to health care or clinics,High,Unreachable (Unreachable domain without strong healthcare indicator),
cmh.edu,Epic (MyChart / Patient Gateway / My CS-Link),,cmh.edu,Yes,Epic (MyChart / Patient Gateway / My CS-Link),Hospital & Health System EHR,https://www.cmh.edu/mychart/,Found,High,Direct URL (Epic (MyChart / Patient Gateway / My CS-Link)),Log in to patient portal
health.southalabama.edu,,,health.southalabama.edu,Yes,Not Found,,,Site Unreachable,None,Connection Failed,
creighton.edu,Custom / Practice Portal,,creighton.edu,Yes,Custom / Practice Portal,,https://portal.office.com,Generic Portal Found,Medium,Anchor Keyword: 'Office 365',Office 365
tulane.edu,,,tulane.edu,Yes,Not Found,,,No Portal Detected,None,Healthcare Practice Verified (Homepage & Subpages Scanned),
tuftsmedicalcenter.org,,,tuftsmedicalcenter.org,Yes,Not Found,,,Site Unreachable,None,Connection Failed,
lsuhsc.edu,,,lsuhsc.edu,Yes,Not Found,,,No Portal Detected,None,Healthcare Practice Verified (Homepage & Subpages Scanned),
lsuhs.edu,,,lsuhs.edu,Yes,Not Found,,,No Portal Detected,None,Healthcare Practice Verified (Homepage & Subpages Scanned),
uthsc.edu,Custom / Practice Portal,,uthsc.edu,Yes,Custom / Practice Portal,,https://uthsc.teamdynamix.com/TDClient/2280/Portal/Home/,Generic Portal Found,Medium,Anchor Keyword: 'TechConnect (ITS Help)',TechConnect (ITS Help)
utoledo.edu,Epic (MyChart / Patient Gateway / My CS-Link),,utoledo.edu,Yes,Epic (MyChart / Patient Gateway / My CS-Link),Hospital & Health System EHR,https://mychart.utoledo.edu/mychart/Authentication/Login,Found,High,Direct Subdomain (https://mychart.utoledo.edu),Portal Subdomain
mayo.edu,Not related to health care or clinics,,mayo.edu,No,Not related to health care or clinics,Non-Healthcare,,Not related to health care or clinics,High,Unreachable (Unreachable domain without strong healthcare indicator),
horizonair.com,Not related to health care or clinics,,horizonair.com,No,Not related to health care or clinics,Non-Healthcare,,Not related to health care or clinics,High,Unreachable (Unreachable domain without strong healthcare indicator),
childrensnebraska.org,Epic (MyChart / Patient Gateway / My CS-Link),,childrensnebraska.org,Yes,Epic (MyChart / Patient Gateway / My CS-Link),Hospital & Health System EHR,https://connect.childrensnebraska.org/MyChart/Scripts/lib/Widget/widget_sdk.js,Found,High,JS/HTML Payload (Epic (MyChart / Patient Gateway / My CS-Link)),Embedded Page / Script Link
valleychildrens.org,Epic (MyChart / Patient Gateway / My CS-Link),,valleychildrens.org,Yes,Epic (MyChart / Patient Gateway / My CS-Link),Hospital & Health System EHR,https://mychart.valleychildrens.org/portal/Authentication/Login,Found,High,Direct Subdomain (https://mychart.valleychildrens.org),Portal Subdomain
ivytech.edu,,,ivytech.edu,Yes,Not Found,,,No Portal Detected,None,Healthcare Practice Verified (Homepage & Subpages Scanned),
foundationhealth.org,Cerner / Oracle Health (HealtheLife),,foundationhealth.org,Yes,Cerner / Oracle Health (HealtheLife),Hospital & Health System EHR,https://cernerhealth.com/oauth/authenticate?redirect_uri=https%3A%2F%2Fcernerhealth.com%2Fsaml%2Fsso%2Fresponse%3Fmessage_id%3D_f82a7c26-b511-4770-81e6-7787e0caee9b%26issuer%3Dhttps%253A%252F%252Ffmh.iqhealth.com%252Fsession-api%252Fprotocol%252Fsaml2%252Fmetadata&sign_in_only=on&client_id=0912c1bced514312abfcbc0ad3f81d12,Found,High,Subpage Crawl (https://www.foundationhealth.org/patients_and_visitors/patient_portal) -> Direct URL (Cerner / Oracle Health (HealtheLife)),Open the FHP Patient Portal
affordablecare.com,,,affordablecare.com,Yes,Not Found,,,No Portal Detected,None,Healthcare Practice Verified (Homepage & Subpages Scanned),
forefrontdermatology.com,,,forefrontdermatology.com,Yes,Not Found,,,Site Unreachable,None,Connection Failed,
forefrontderm.com,,,forefrontderm.com,Yes,Not Found,,,Site Unreachable,None,Connection Failed,
pinellas.gov,Custom / Practice Portal,,pinellas.gov,Yes,Custom / Practice Portal,,https://pinellas.gov/services/contact-us-about-he-pinellas-county-access-portal/,Generic Portal Found,Medium,Anchor Keyword: 'Pinellas County Access Portal',Pinellas County Access Portal
howardcountymd.gov,Not related to health care or clinics,,howardcountymd.gov,No,Not related to health care or clinics,Non-Healthcare,,Not related to health care or clinics,High,Non-Healthcare Detected (Insufficient healthcare relevance (score: 1)),
camc.org,,,camc.org,Yes,Not Found,,,No Portal Detected,None,Healthcare Practice Verified (Homepage & Subpages Scanned),
mygenesishealth.com,AthenaHealth (AthenaPatient / Communicator),,mygenesishealth.com,Yes,AthenaHealth (AthenaPatient / Communicator),Cloud EHR & Practice Management,https://3663-32.portal.athenahealth.com/,Found,High,Subpage Crawl (https://uniospecialtycare.com/resources/patient-portal/) -> Direct URL (AthenaHealth (AthenaPatient / Communicator)),Click Here
midlandhealth.org,AthenaHealth (AthenaPatient / Communicator),,midlandhealth.org,Yes,AthenaHealth (AthenaPatient / Communicator),Cloud EHR & Practice Management,https://3522.portal.athenahealth.com/,Found,High,Subpage Crawl (https://www.midlandhealth.org/main/patient-portal) -> Direct URL (AthenaHealth (AthenaPatient / Communicator)),AthenaHealth (AthenaPatient / Communicator)
hoag.org,Epic (MyChart / Patient Gateway / My CS-Link),,hoag.org,Yes,Epic (MyChart / Patient Gateway / My CS-Link),Hospital & Health System EHR,https://orca.myonlinechart.org/affiliate/Authentication/Login,Found,High,Direct Subdomain (https://mychart.hoag.org),Portal Subdomain
athenahealth.com,,,athenahealth.com,Yes,Not Found,,,Site Unreachable,None,Connection Failed,
mmm.com,Not related to health care or clinics,,mmm.com,No,Not related to health care or clinics,Non-Healthcare,,Not related to health care or clinics,High,Unreachable (Unreachable domain without strong healthcare indicator),
homehelpershomecare.com,Not related to health care or clinics,,homehelpershomecare.com,No,Not related to health care or clinics,Non-Healthcare,,Not related to health care or clinics,High,Unreachable (Unreachable domain without strong healthcare indicator),
comforcare.com,Not related to health care or clinics,,comforcare.com,No,Not related to health care or clinics,Non-Healthcare,,Not related to health care or clinics,High,Unreachable (Unreachable domain without strong healthcare indicator),
sjhmc.org,Not related to health care or clinics,,sjhmc.org,No,Not related to health care or clinics,Non-Healthcare,,Not related to health care or clinics,High,Unreachable (Unreachable domain without strong healthcare indicator),
mtvhs.org,,,mtvhs.org,Yes,Not Found,,,No Portal Detected,None,Healthcare Practice Verified (Homepage & Subpages Scanned),
lowellgeneral.org,Not related to health care or clinics,,lowellgeneral.org,No,Not related to health care or clinics,Non-Healthcare,,Not related to health care or clinics,High,Unreachable (Unreachable domain without strong healthcare indicator),
ochs.org,,,ochs.org,Yes,Not Found,,,No Portal Detected,None,Healthcare Practice Verified (Homepage & Subpages Scanned),
mdmercy.com,Epic (MyChart / Patient Gateway / My CS-Link),,mdmercy.com,Yes,Epic (MyChart / Patient Gateway / My CS-Link),Hospital & Health System EHR,https://mychart.mdmercy.com/Mychart/Authentication/Login,Found,High,Direct Subdomain (https://mychart.mdmercy.com),Portal Subdomain
regionalhealth.org,Epic (MyChart / Patient Gateway / My CS-Link),,regionalhealth.org,Yes,Epic (MyChart / Patient Gateway / My CS-Link),Hospital & Health System EHR,https://mychart.monument.health/MyChart/scheduling/onmyway,Found,High,Direct URL (Epic (MyChart / Patient Gateway / My CS-Link)),Urgent Care Check-In
monument.health,Epic (MyChart / Patient Gateway / My CS-Link),,monument.health,Yes,Epic (MyChart / Patient Gateway / My CS-Link),Hospital & Health System EHR,https://mychart.monument.health/MyChart/scheduling/onmyway,Found,High,Direct URL (Epic (MyChart / Patient Gateway / My CS-Link)),Urgent Care Check-In
qhc.on.ca,,,qhc.on.ca,Yes,Not Found,,,No Portal Detected,None,Healthcare Practice Verified (Homepage & Subpages Scanned),
deaconess.com,Epic (MyChart / Patient Gateway / My CS-Link),,deaconess.com,Yes,Epic (MyChart / Patient Gateway / My CS-Link),Hospital & Health System EHR,https://www.deaconess.com/mychart,Found,High,Direct URL (Epic (MyChart / Patient Gateway / My CS-Link)),MyChart
lhs.org,,,lhs.org,Yes,Not Found,,,No Portal Detected,None,Healthcare Practice Verified (Homepage & Subpages Scanned),
northwesthealth.com.au,,,northwesthealth.com.au,Yes,Not Found,,,No Portal Detected,None,Healthcare Practice Verified (Homepage & Subpages Scanned),
aultman.com,Custom / Practice Portal,,aultman.com,Yes,Custom / Practice Portal,,https://aultman.org/home/patients-and-visitors/patient-support/patient-portal/,Generic Portal Found,Medium,Anchor Keyword: 'Patient Portal',Patient Portal
halifax.org,Not related to health care or clinics,,halifax.org,No,Not related to health care or clinics,Non-Healthcare,,Not related to health care or clinics,High,Unreachable (Unreachable domain without strong healthcare indicator),
hendricks.org,Epic (MyChart / Patient Gateway / My CS-Link),,hendricks.org,Yes,Epic (MyChart / Patient Gateway / My CS-Link),Hospital & Health System EHR,https://mychart.hendricks.org/MyChart/Authentication/Login,Found,High,Direct URL (Epic (MyChart / Patient Gateway / My CS-Link)),Create a My Chart Account
selfregional.org,Epic (MyChart / Patient Gateway / My CS-Link),,selfregional.org,Yes,Epic (MyChart / Patient Gateway / My CS-Link),Hospital & Health System EHR,https://mychart.selfregional.org/MySRH/Authentication/Login,Found,High,Direct Subdomain (https://mychart.selfregional.org),Portal Subdomain
mysrhs.com,Not related to health care or clinics,,mysrhs.com,No,Not related to health care or clinics,Non-Healthcare,,Not related to health care or clinics,High,Unreachable (Unreachable domain without strong healthcare indicator),
snhhs.org,Not related to health care or clinics,,snhhs.org,No,Not related to health care or clinics,Non-Healthcare,,Not related to health care or clinics,High,Unreachable (Unreachable domain without strong healthcare indicator),
montagehealth.org,Epic (MyChart / Patient Gateway / My CS-Link),,montagehealth.org,Yes,Epic (MyChart / Patient Gateway / My CS-Link),Hospital & Health System EHR,https://mychart.montagehealth.org/MyChart/Authentication/Login,Found,High,Direct Subdomain (https://mychart.montagehealth.org),Portal Subdomain
umchealth.org,,,umchealth.org,Yes,Not Found,,,No Portal Detected,None,Healthcare Practice Verified (Homepage & Subpages Scanned),
paloshealth.com,Epic (MyChart / Patient Gateway / My CS-Link),,paloshealth.com,Yes,Epic (MyChart / Patient Gateway / My CS-Link),Hospital & Health System EHR,https://www.nm.org/patients-and-visitors/nm-mychart,Found,High,Direct Subdomain (https://mychart.paloshealth.com),Portal Subdomain
evergreenhealth.com,Epic (MyChart / Patient Gateway / My CS-Link),,evergreenhealth.com,Yes,Epic (MyChart / Patient Gateway / My CS-Link),Hospital & Health System EHR,https://mychart.evergreenhealth.com/MyChart/Authentication/Login,Found,High,Direct Subdomain (https://mychart.evergreenhealth.com),Portal Subdomain
valleybaptist.net,Not related to health care or clinics,,valleybaptist.net,No,Not related to health care or clinics,Non-Healthcare,,Not related to health care or clinics,High,Unreachable (Unreachable domain without strong healthcare indicator),
ars.com,Not related to health care or clinics,,ars.com,No,Not related to health care or clinics,Non-Healthcare,,Not related to health care or clinics,High,Unreachable (Unreachable domain without strong healthcare indicator),
asr.nl,Not related to health care or clinics,,asr.nl,No,Not related to health care or clinics,Non-Healthcare,,Not related to health care or clinics,High,Non-Healthcare Detected (Insufficient healthcare relevance (score: 0)),
austinregionalclinic.com,Epic (MyChart / Patient Gateway / My CS-Link),,austinregionalclinic.com,Yes,Epic (MyChart / Patient Gateway / My CS-Link),Hospital & Health System EHR,https://mychart.austinregionalclinic.com/mychart/Authentication/Login,Found,High,Direct Subdomain (https://mychart.austinregionalclinic.com),Portal Subdomain
duly.com,Epic (MyChart / Patient Gateway / My CS-Link),,duly.com,Yes,Epic (MyChart / Patient Gateway / My CS-Link),Hospital & Health System EHR,https://mychart.duly.com/MyChart/Authentication/Login,Found,High,Direct Subdomain (https://mychart.duly.com),Portal Subdomain
abc.net.au,Not related to health care or clinics,,abc.net.au,No,Not related to health care or clinics,Non-Healthcare,,Not related to health care or clinics,High,Non-Healthcare Detected (Non-healthcare industry detected (score: 2 vs 0)),
byu.edu,Not related to health care or clinics,,byu.edu,No,Not related to health care or clinics,Non-Healthcare,,Not related to health care or clinics,High,Non-Healthcare Detected (Insufficient healthcare relevance (score: 0)),
umu.se,Not related to health care or clinics,,umu.se,No,Not related to health care or clinics,Non-Healthcare,,Not related to health care or clinics,High,Non-Healthcare Detected (Insufficient healthcare relevance (score: 0)),
amity.edu,Custom / Practice Portal,,amity.edu,Yes,Custom / Practice Portal,,https://portal.amity.edu/login.aspx,Generic Portal Found,Medium,Anchor Keyword: 'Admission Microsite',Admission Microsite
ptn.amity.edu,Not related to health care or clinics,,ptn.amity.edu,No,Not related to health care or clinics,Non-Healthcare,,Not related to health care or clinics,High,Unreachable (Unreachable domain without strong healthcare indicator),
eyecare-partners.com,,,eyecare-partners.com,Yes,Not Found,,,No Portal Detected,None,Healthcare Practice Verified (Homepage & Subpages Scanned),
evertecinc.com,Not related to health care or clinics,,evertecinc.com,No,Not related to health care or clinics,Non-Healthcare,,Not related to health care or clinics,High,Non-Healthcare Detected (Insufficient healthcare relevance (score: 0)),
ivyrehab.com,Custom / Practice Portal,,ivyrehab.com,Yes,Custom / Practice Portal,,https://ivyrehab.raintreeinc.com/dat/PatientDashboard,Generic Portal Found,Medium,Anchor Keyword: 'Patient Login',Patient Login
athletico.com,,,athletico.com,Yes,Not Found,,,No Portal Detected,None,Healthcare Practice Verified (Homepage & Subpages Scanned),
kessler-rehab.com,,,kessler-rehab.com,Yes,Not Found,,,Site Unreachable,None,Connection Failed,
benchmarkpt.com,,,benchmarkpt.com,Yes,Not Found,,,No Portal Detected,None,Healthcare Practice Verified (Homepage & Subpages Scanned),
kort.com,Not related to health care or clinics,,kort.com,No,Not related to health care or clinics,Non-Healthcare,,Not related to health care or clinics,High,Unreachable (Unreachable domain without strong healthcare indicator),
ptsolutions.com,Not related to health care or clinics,,ptsolutions.com,No,Not related to health care or clinics,Non-Healthcare,,Not related to health care or clinics,High,Unreachable (Unreachable domain without strong healthcare indicator),
resultspt.com,,,resultspt.com,Yes,Not Found,,,No Portal Detected,None,Healthcare Practice Verified (Homepage & Subpages Scanned),
team-rehab.com,,,team-rehab.com,Yes,Not Found,,,No Portal Detected,None,Healthcare Practice Verified (Homepage & Subpages Scanned),
caremore.com,AthenaHealth (AthenaPatient / Communicator),,caremore.com,Yes,AthenaHealth (AthenaPatient / Communicator),Cloud EHR & Practice Management,https://32527-1.portal.athenahealth.com/,Found,High,Direct URL (AthenaHealth (AthenaPatient / Communicator)),Patient Portal Login
innovacarehealth.com,,,innovacarehealth.com,Yes,Not Found,,,No Portal Detected,None,Healthcare Practice Verified (Homepage & Subpages Scanned),
convivasolutions.com,AthenaHealth (AthenaPatient / Communicator),,convivasolutions.com,Yes,AthenaHealth (AthenaPatient / Communicator),Cloud EHR & Practice Management,https://29601-1.portal.athenahealth.com/,Found,High,Direct URL (AthenaHealth (AthenaPatient / Communicator)),Patient login
onemedical.com,,,onemedical.com,Yes,Not Found,,,No Portal Detected,None,Healthcare Practice Verified (Homepage & Subpages Scanned),
centerwellprimarycare.com,AthenaHealth (AthenaPatient / Communicator),,centerwellprimarycare.com,Yes,AthenaHealth (AthenaPatient / Communicator),Cloud EHR & Practice Management,https://29601-2.portal.athenahealth.com/,Found,High,Subpage Crawl (https://www.centerwellprimarycare.com/en/patient-login) -> Direct URL (AthenaHealth (AthenaPatient / Communicator)),"CenterWell patient portalIf you’re a CenterWell patient, log in to access your appointments, records and care team.Log in"
ljhooker.com.au,Not related to health care or clinics,,ljhooker.com.au,No,Not related to health care or clinics,Non-Healthcare,,Not related to health care or clinics,High,Non-Healthcare Detected (Non-healthcare industry detected (score: 3 vs 0)),
ljh.com.au,Not related to health care or clinics,,ljh.com.au,No,Not related to health care or clinics,Non-Healthcare,,Not related to health care or clinics,High,Unreachable (Unreachable domain without strong healthcare indicator),
gccisd.net,Custom / Practice Portal,,gccisd.net,Yes,Custom / Practice Portal,,https://www.gccisd.net/portal-logins,Generic Portal Found,Medium,Anchor Keyword: 'Portal Logins',Portal Logins
evergreenhealthcare.org,Not related to health care or clinics,,evergreenhealthcare.org,No,Not related to health care or clinics,Non-Healthcare,,Not related to health care or clinics,High,Unreachable (Unreachable domain without strong healthcare indicator),
asr-group.com,Not related to health care or clinics,,asr-group.com,No,Not related to health care or clinics,Non-Healthcare,,Not related to health care or clinics,High,Non-Healthcare Detected (Insufficient healthcare relevance (score: 0)),
uwyo.edu,,,uwyo.edu,Yes,Not Found,,,No Portal Detected,None,Healthcare Practice Verified (Homepage & Subpages Scanned),
mail.waldenu.edu,Not related to health care or clinics,,mail.waldenu.edu,No,Not related to health care or clinics,Non-Healthcare,,Not related to health care or clinics,High,Unreachable (Unreachable domain without strong healthcare indicator),
gvsu.edu,Custom / Practice Portal,,gvsu.edu,Yes,Custom / Practice Portal,,https://apply.gvsu.edu/portal/prospective_events,Generic Portal Found,Medium,Anchor Keyword: 'Visit',Visit
wmich.edu,,,wmich.edu,Yes,Not Found,,,No Portal Detected,None,Healthcare Practice Verified (Homepage & Subpages Scanned),
alaska.edu,Not related to health care or clinics,,alaska.edu,No,Not related to health care or clinics,Non-Healthcare,,Not related to health care or clinics,High,Non-Healthcare Detected (Insufficient healthcare relevance (score: 0)),
shsu.edu,,,shsu.edu,Yes,Not Found,,,No Portal Detected,None,Healthcare Practice Verified (Homepage & Subpages Scanned),
marshall.edu,,,marshall.edu,Yes,Not Found,,,No Portal Detected,None,Healthcare Practice Verified (Homepage & Subpages Scanned),
auburn.edu,,,auburn.edu,Yes,Not Found,,,No Portal Detected,None,Healthcare Practice Verified (Homepage & Subpages Scanned),
uta.edu,,,uta.edu,Yes,Not Found,,,No Portal Detected,None,Healthcare Practice Verified (Homepage & Subpages Scanned),
fiu.edu,,,fiu.edu,Yes,Not Found,,,No Portal Detected,None,Healthcare Practice Verified (Homepage & Subpages Scanned),
womenscare.com,Custom / Practice Portal,,womenscare.com,Yes,Custom / Practice Portal,,https://womenscare.myezyaccess.com/Patient/Main.aspx?pg=health,Generic Portal Found,Medium,Anchor Keyword: 'Patient Portal',Patient Portal
womans.org,Epic (MyChart / Patient Gateway / My CS-Link),,womans.org,Yes,Epic (MyChart / Patient Gateway / My CS-Link),Hospital & Health System EHR,https://mychart.womans.org/MyChart/Authentication/Login,Found,High,Direct Subdomain (https://mychart.womans.org),Portal Subdomain
focuspartners.com,Not related to health care or clinics,,focuspartners.com,No,Not related to health care or clinics,Non-Healthcare,,Not related to health care or clinics,High,Non-Healthcare Detected (Insufficient healthcare relevance (score: 0)),
valleyhealth.org,Epic (MyChart / Patient Gateway / My CS-Link),,valleyhealth.org,Yes,Epic (MyChart / Patient Gateway / My CS-Link),Hospital & Health System EHR,https://mychart.valleyhealth.org/PRD/Authentication/Login,Found,High,Direct Subdomain (https://mychart.valleyhealth.org),Portal Subdomain
capefearvalley.com,Epic (MyChart / Patient Gateway / My CS-Link),,capefearvalley.com,Yes,Epic (MyChart / Patient Gateway / My CS-Link),Hospital & Health System EHR,https://mychart.capefearvalley.com/MyChart/Authentication/Login,Found,High,Direct Subdomain (https://mychart.capefearvalley.com),Portal Subdomain
pih.org,,,pih.org,Yes,Not Found,,,No Portal Detected,None,Healthcare Practice Verified (Homepage & Subpages Scanned),
aultman.org,Custom / Practice Portal,,aultman.org,Yes,Custom / Practice Portal,,https://aultman.org/home/patients-and-visitors/patient-support/patient-portal/,Generic Portal Found,Medium,Anchor Keyword: 'Patient Portal',Patient Portal
carefirst.com,Not related to health care or clinics,,carefirst.com,No,Not related to health care or clinics,Non-Healthcare,,Not related to health care or clinics,High,Non-Healthcare Detected (Non-healthcare industry detected (score: 3 vs 2)),
lifestance.com,AdvancedMD,,lifestance.com,Yes,AdvancedMD,Cloud Practice Management & EHR,https://patientportal.advancedmd.com/147095/account/logon,Found,High,Subpage Crawl (https://lifestance.com/patient-portal/) -> Direct URL (AdvancedMD),Access Patient Portal
louisville.edu,,,louisville.edu,Yes,Not Found,,,No Portal Detected,None,Healthcare Practice Verified (Homepage & Subpages Scanned),
browardhealth.org,Epic (MyChart / Patient Gateway / My CS-Link),,browardhealth.org,Yes,Epic (MyChart / Patient Gateway / My CS-Link),Hospital & Health System EHR,https://mychart.browardhealth.org/Mychart/Authentication/Login,Found,High,Direct Subdomain (https://mychart.browardhealth.org),Portal Subdomain
hawaiipacifichealth.org,Epic (MyChart / Patient Gateway / My CS-Link),,hawaiipacifichealth.org,Yes,Epic (MyChart / Patient Gateway / My CS-Link),Hospital & Health System EHR,https://mychart.hawaiipacifichealth.org/Mychart/Authentication/Login,Found,High,Direct Subdomain (https://mychart.hawaiipacifichealth.org),Portal Subdomain
metrohealth.org,Epic (MyChart / Patient Gateway / My CS-Link),,metrohealth.org,Yes,Epic (MyChart / Patient Gateway / My CS-Link),Hospital & Health System EHR,https://mychart.metrohealth.org/mychart/Authentication/Login,Found,High,Direct Subdomain (https://mychart.metrohealth.org),Portal Subdomain
kelsey-seybold.com,Epic (MyChart / Patient Gateway / My CS-Link),,kelsey-seybold.com,Yes,Epic (MyChart / Patient Gateway / My CS-Link),Hospital & Health System EHR,https://www.mykelseyonline.com/MyChart/billing/guestpay/payasguest,Found,High,Direct URL (Epic (MyChart / Patient Gateway / My CS-Link)),Pay My Bill
imperial.ac.uk,,,imperial.ac.uk,Yes,Not Found,,,No Portal Detected,None,Healthcare Practice Verified (Homepage & Subpages Scanned),
