Email,Practice_Name,City,Detected_First_Name,Detected_Last_Name,Detected_Full_Name,Job_Title,Seniority,Company_Name,LinkedIn_URL,Confidence_Score,Data_Source,Status
timothyjones@cvaba.com,,,Timothyjones,,Timothyjones,,Unknown,Cv Aba,,,,Not Found
jrizzo@behaviorchangesuccessaba.com,,,Jrizzo,,Jrizzo,,Unknown,Behavior Change Success Aba,,,,Not Found
kenneth.gow@stonybrookmedicine.edu,,,Kenneth,Gow,Kenneth Gow,,Unknown,Stony Brook Medicine,,,,Not Found
kayvan@med.umich.edu,,,Kayvan,,Kayvan,,Unknown,Michigan Medicine (University of Michigan),,,,Not Found
duxins@med.umich.edu,,,Duxins,,Duxins,,Unknown,Michigan Medicine (University of Michigan),,,,Not Found
buridge@med.umich.edu,,,Buridge,,Buridge,,Unknown,Michigan Medicine (University of Michigan),,,,Not Found
saint@med.umich.edu,,,Saint,,Saint,,Unknown,Michigan Medicine (University of Michigan),,,,Not Found
amaechi@uthscsa.edu,,,Amaechi,,Amaechi,,Unknown,UT Health San Antonio,,,,Not Found
seifi@uthscsa.edu,,,Seifi,,Seifi,,Unknown,UT Health San Antonio,,,,Not Found
austinfe@med.umich.edu,,,Austinfe,,Austinfe,,Unknown,Michigan Medicine (University of Michigan),,,,Not Found
tawney@uthscsa.edu,,,Tawney,,Tawney,,Unknown,UT Health San Antonio,,,,Not Found
jfoust@mednet.ucla.edu,,,Jfoust,,Jfoust,,Unknown,UCLA Health,,,,Not Found
ishola.adeyemo@downstate.edu,,,Ishola,Adeyemo,Ishola Adeyemo,,Unknown,SUNY Downstate Health Sciences,,,,Not Found
jjeffries@utmck.edu,,,Jjeffries,,Jjeffries,,Unknown,UT Medical Center Knoxville,,,,Not Found
sgettelfinger@utmck.edu,,,Sgettelfinger,,Sgettelfinger,,Unknown,UT Medical Center Knoxville,,,,Not Found
nancy.nelson@utsouthwestern.edu,,,Nancy,Nelson,Nancy Nelson,,Unknown,UT Southwestern Medical Center,,,,Not Found
afroz_hafeez@rush.edu,,,Afroz,Hafeez,Afroz Hafeez,,Unknown,Rush University Medical Center,,,,Not Found
kristine_rasmussen@rush.edu,,,Kristine,Rasmussen,Kristine Rasmussen,,Unknown,Rush University Medical Center,,,,Not Found
loren_schechter@rush.edu,,,Loren,Schechter,Loren Schechter,,Unknown,Rush University Medical Center,,,,Not Found
ian_m_hughes@rush.edu,,,Ian,Hughes,Ian M Hughes,,Unknown,Rush University Medical Center,,,,Not Found
garth_walker@rush.edu,,,Garth,Walker,Garth Walker,,Unknown,Rush University Medical Center,,,,Not Found
joshua_sevier@rush.edu,,,Joshua,Sevier,Joshua Sevier,,Unknown,Rush University Medical Center,,,,Not Found
michael_liptay@rush.edu,,,Michael,Liptay,Michael Liptay,,Unknown,Rush University Medical Center,,,,Not Found
lori_hilmert@rush.edu,,,Lori,Hilmert,Lori Hilmert,,Unknown,Rush University Medical Center,,,,Not Found
aquiroga@cmh.edu,,,Aquiroga,,Aquiroga,,Unknown,Cmh,,,,Not Found
nchilcot@bidmc.harvard.edu,,,Nchilcot,,Nchilcot,,Unknown,Harvard Medical School / BIDMC,,,,Not Found
gamescua@med.miami.edu,,,Gamescua,,Gamescua,,Unknown,University of Miami Health,,,,Not Found
kevin.mahoney@uphs.upenn.edu,,,Kevin,Mahoney,Kevin Mahoney,,Unknown,Penn Medicine / UPenn,,,,Not Found
erin.allen@pennmedicine.upenn.edu,,,Erin,Allen,Erin Allen,,Unknown,Penn Medicine,,,,Not Found
john.shin@pennmedicine.upenn.edu,,,John,Shin,John Shin,,Unknown,Penn Medicine,,,,Not Found
jeffrey.henne@uphs.upenn.edu,,,Jeffrey,Henne,Jeffrey Henne,,Unknown,Penn Medicine / UPenn,,,,Not Found
anna.schoenbaum@pennmedicine.upenn.edu,,,Anna,Schoenbaum,Anna Schoenbaum,,Unknown,Penn Medicine,,,,Not Found
mzang@health.southalabama.edu,,,Mzang,,Mzang,,Unknown,USA Health (South Alabama),,,,Not Found
hahmed@health.southalabama.edu,,,Hahmed,,Hahmed,,Unknown,USA Health (South Alabama),,,,Not Found
jwjohnson@health.southalabama.edu,,,Jwjohnson,,Jwjohnson,,Unknown,USA Health (South Alabama),,,,Not Found
tmyers@health.southalabama.edu,,,Tmyers,,Tmyers,,Unknown,USA Health (South Alabama),,,,Not Found
curleen.devignes@downstate.edu,,,Curleen,Devignes,Curleen Devignes,,Unknown,SUNY Downstate Health Sciences,,,,Not Found
ed.jourdan@downstate.edu,,,Ed,Jourdan,Ed Jourdan,,Unknown,SUNY Downstate Health Sciences,,,,Not Found
trey.spiller@stonybrookmedicine.edu,,,Trey,Spiller,Trey Spiller,,Unknown,Stony Brook Medicine,,,,Not Found
mark.connolly@uchicagomedicine.org,,,Mark,Connolly,Mark Connolly,,Unknown,UChicago Medicine,,,,Not Found
ruthannb@med.umich.edu,,,Ruthannb,,Ruthannb,,Unknown,Michigan Medicine (University of Michigan),,,,Not Found
stroudmi@ohsu.edu,,,Stroudmi,,Stroudmi,,Unknown,OHSU Health,,,,Not Found
jkpodonu@bidmc.harvard.edu,,,Jkpodonu,,Jkpodonu,,Unknown,Harvard Medical School / BIDMC,,,,Not Found
yrodriguez7@med.miami.edu,,,Yrodriguez,,Yrodriguez,,Unknown,University of Miami Health,,,,Not Found
eric.hatton@uphs.upenn.edu,,,Eric,Hatton,Eric Hatton,,Unknown,Penn Medicine / UPenn,,,,Not Found
jonah.feldman@nyulangone.org,,,Jonah,Feldman,Jonah Feldman,,Unknown,NYU Langone Health,,,,Not Found
mwhittier@mednet.ucla.edu,,,Mwhittier,,Mwhittier,,Unknown,UCLA Health,,,,Not Found
santos.silva@nyulangone.org,,,Santos,Silva,Santos Silva,,Unknown,NYU Langone Health,,,,Not Found
kim.kent@uchicagomedicine.org,,,Kim,Kent,Kim Kent,,Unknown,UChicago Medicine,,,,Not Found
mccutced@musc.edu,,,Mccutced,,Mccutced,,Unknown,MUSC Health,,,,Not Found
luewald@med.umich.edu,,,Luewald,,Luewald,,Unknown,Michigan Medicine (University of Michigan),,,,Not Found
jacquwil@med.umich.edu,,,Jacquwil,,Jacquwil,,Unknown,Michigan Medicine (University of Michigan),,,,Not Found
kkowsari@mednet.ucla.edu,,,Kkowsari,,Kkowsari,,Unknown,UCLA Health,,,,Not Found
escalante@ohsu.edu,,,Escalante,,Escalante,,Unknown,OHSU Health,,,,Not Found
thomasge@ohsu.edu,,,Thomasge,,Thomasge,,Unknown,OHSU Health,,,,Not Found
exk126@med.miami.edu,,,Exk,,Exk,,Unknown,University of Miami Health,,,,Not Found
irams@med.miami.edu,,,Irams,,Irams,,Unknown,University of Miami Health,,,,Not Found
abbie.niderberg@vcuhealth.org,,,Abbie,Niderberg,Abbie Niderberg,,Unknown,VCU Health,,,,Not Found
debra.ware@vcuhealth.org,,,Debra,Ware,Debra Ware,,Unknown,VCU Health,,,,Not Found
pedro.rosario-favela@utsouthwestern.edu,,,Pedro,Favela,Pedro Rosario Favela,,Unknown,UT Southwestern Medical Center,,,,Not Found
stephanie.hargrove@utsouthwestern.edu,,,Stephanie,Hargrove,Stephanie Hargrove,,Unknown,UT Southwestern Medical Center,,,,Not Found
roy.thottam@utsouthwestern.edu,,,Roy,Thottam,Roy Thottam,,Unknown,UT Southwestern Medical Center,,,,Not Found
bhavik.bansal@utsouthwestern.edu,,,Bhavik,Bansal,Bhavik Bansal,,Unknown,UT Southwestern Medical Center,,,,Not Found
mhoffman@cmh.edu,,,Mhoffman,,Mhoffman,,Unknown,Cmh,,,,Not Found
marcus.lambert@downstate.edu,,,Marcus,Lambert,Marcus Lambert,,Unknown,SUNY Downstate Health Sciences,,,,Not Found
bwild@llu.edu,,,Bwild,,Bwild,,Unknown,Llu,,,,Not Found
clara.safi@bmc.org,,,Clara,Safi,Clara Safi,,Unknown,Bmc,,,,Not Found
bridgette.baker@bmc.org,,,Bridgette,Baker,Bridgette Baker,,Unknown,Bmc,,,,Not Found
jsiecke@nebraskamed.com,,,Jsiecke,,Jsiecke,,Unknown,Nebraskamed,,,,Not Found
ashley.francois@bmc.org,,,Ashley,Francois,Ashley Francois,,Unknown,Bmc,,,,Not Found
andrew.safioleas@bmc.org,,,Andrew,Safioleas,Andrew Safioleas,,Unknown,Bmc,,,,Not Found
cloiacono@uabmc.edu,,,Cloiacono,,Cloiacono,,Unknown,Uabmc,,,,Not Found
metodd@uabmc.edu,,,Metodd,,Metodd,,Unknown,Uabmc,,,,Not Found
carrodusml2@upmc.edu,,,Carrodusml,,Carrodusml,,Unknown,Upmc,,,,Not Found
halega@upmc.edu,,,Halega,,Halega,,Unknown,Upmc,,,,Not Found
yasmin.alzubi@utsouthwestern.edu,,,Yasmin,Alzubi,Yasmin Alzubi,,Unknown,UT Southwestern Medical Center,,,,Not Found
gregory.goodrich@downstate.edu,,,Gregory,Goodrich,Gregory Goodrich,,Unknown,SUNY Downstate Health Sciences,,,,Not Found
lynne.alba@stonybrookmedicine.edu,,,Lynne,Alba,Lynne Alba,,Unknown,Stony Brook Medicine,,,,Not Found
nclevinger@utmck.edu,,,Nclevinger,,Nclevinger,,Unknown,UT Medical Center Knoxville,,,,Not Found
rich.jones@downstate.edu,,,Rich,Jones,Rich Jones,,Unknown,SUNY Downstate Health Sciences,,,,Not Found
whitec16@upmc.edu,,,Whitec,,Whitec,,Unknown,Upmc,,,,Not Found
lcervantes@med.miami.edu,,,Lcervantes,,Lcervantes,,Unknown,University of Miami Health,,,,Not Found
justin.hernandez@pennmedicine.upenn.edu,,,Justin,Hernandez,Justin Hernandez,,Unknown,Penn Medicine,,,,Not Found
ashleysmith@stanfordhealthcare.org,,,Ashleysmith,,Ashleysmith,,Unknown,Stanford Health Care,,,,Not Found
rdollinger@augusta.edu,,,Rdollinger,,Rdollinger,,Unknown,Augusta,,,,Not Found
sarahwaugh@creighton.edu,,,Sarahwaugh,,Sarahwaugh,,Unknown,Creighton,,,,Not Found
jgross28@jhmi.edu,,,Jgross,,Jgross,,Unknown,Johns Hopkins Medicine,,,,Not Found
bneuman7@jhmi.edu,,,Bneuman,,Bneuman,,Unknown,Johns Hopkins Medicine,,,,Not Found
colette.brown@stonybrookmedicine.edu,,,Colette,Brown,Colette Brown,,Unknown,Stony Brook Medicine,,,,Not Found
jason.merin@stonybrookmedicine.edu,,,Jason,Merin,Jason Merin,,Unknown,Stony Brook Medicine,,,,Not Found
jennifer.takacs@stonybrookmedicine.edu,,,Jennifer,Takacs,Jennifer Takacs,,Unknown,Stony Brook Medicine,,,,Not Found
jonathan.buscaglia@stonybrookmedicine.edu,,,Jonathan,Buscaglia,Jonathan Buscaglia,,Unknown,Stony Brook Medicine,,,,Not Found
passeys@ummhc.org,,,Passeys,,Passeys,,Unknown,Ummhc,,,,Not Found
kguillot2@tulane.edu,,,Kguillot,,Kguillot,,Unknown,Tulane,,,,Not Found
ksweeney@tuftsmedicalcenter.org,,,Ksweeney,,Ksweeney,,Unknown,Tufts Medical Center,,,,Not Found
sarabian@tuftsmedicalcenter.org,,,Sarabian,,Sarabian,,Unknown,Tufts Medical Center,,,,Not Found
amy.brown@pennmedicine.upenn.edu,,,Amy,Brown,Amy Brown,,Unknown,Penn Medicine,,,,Not Found
rvweeks@health.southalabama.edu,,,Rvweeks,,Rvweeks,,Unknown,USA Health (South Alabama),,,,Not Found
wddaniel@health.southalabama.edu,,,Wddaniel,,Wddaniel,,Unknown,USA Health (South Alabama),,,,Not Found
jsnow@health.southalabama.edu,,,Jsnow,,Jsnow,,Unknown,USA Health (South Alabama),,,,Not Found
jmbooker@health.southalabama.edu,,,Jmbooker,,Jmbooker,,Unknown,USA Health (South Alabama),,,,Not Found
tthibe@lsuhsc.edu,,,Tthibe,,Tthibe,,Unknown,Lsuhsc,,,,Not Found
lmiele@lsuhsc.edu,,,Lmiele,,Lmiele,,Unknown,Lsuhsc,,,,Not Found
pprasa@lsuhsc.edu,,,Pprasa,,Pprasa,,Unknown,Lsuhsc,,,,Not Found
adegbenro.fakoya@lsuhs.edu,,,Adegbenro,Fakoya,Adegbenro Fakoya,,Unknown,Lsuhs,,,,Not Found
latoyadansby@uthsc.edu,,,Latoyadansby,,Latoyadansby,,Unknown,Uthsc,,,,Not Found
cavazosj@uthscsa.edu,,,Cavazosj,,Cavazosj,,Unknown,UT Health San Antonio,,,,Not Found
deberardino@uthscsa.edu,,,Deberardino,,Deberardino,,Unknown,UT Health San Antonio,,,,Not Found
haynesy@uthscsa.edu,,,Haynesy,,Haynesy,,Unknown,UT Health San Antonio,,,,Not Found
jficke1@jhmi.edu,,,Jficke,,Jficke,,Unknown,Johns Hopkins Medicine,,,,Not Found
milton@uthscsa.edu,,,Milton,,Milton,,Unknown,UT Health San Antonio,,,,Not Found
welchj2@uthscsa.edu,,,Welchj,,Welchj,,Unknown,UT Health San Antonio,,,,Not Found
dbeckman@ucdavis.edu,,,Dbeckman,,Dbeckman,,Unknown,Ucdavis,,,,Not Found
wanda.ramos@umassmemorial.org,,,Wanda,Ramos,Wanda Ramos,,Unknown,Umassmemorial,,,,Not Found
eric.alper@umassmemorial.org,,,Eric,Alper,Eric Alper,,Unknown,Umassmemorial,,,,Not Found
brendan.monahan@umassmemorial.org,,,Brendan,Monahan,Brendan Monahan,,Unknown,Umassmemorial,,,,Not Found
dheldt-a@dmc.org,,,Dheldt,A,Dheldt A,,Unknown,Dmc,,,,Not Found
bruce.forman@umassmemorial.org,,,Bruce,Forman,Bruce Forman,,Unknown,Umassmemorial,,,,Not Found
melissa.trepte@umassmemorial.org,,,Melissa,Trepte,Melissa Trepte,,Unknown,Umassmemorial,,,,Not Found
virna.obrien@umassmemorial.org,,,Virna,Obrien,Virna Obrien,,Unknown,Umassmemorial,,,,Not Found
ryamamoto@stanfordhealthcare.org,,,Ryamamoto,,Ryamamoto,,Unknown,Stanford Health Care,,,,Not Found
chebib.fouad@mayo.edu,,,Chebib,Fouad,Chebib Fouad,,Unknown,Mayo Clinic,,,,Not Found
pahare.amber@mayo.edu,,,Pahare,Amber,Pahare Amber,,Unknown,Mayo Clinic,,,,Not Found
jorgensen.zulbiye@mayo.edu,,,Jorgensen,Zulbiye,Jorgensen Zulbiye,,Unknown,Mayo Clinic,,,,Not Found
adam.wentworth@mayoclinic.org,,,Adam,Wentworth,Adam Wentworth,,Unknown,Mayo Clinic,,,,Not Found
enrique.elli@mayoclinic.org,,,Enrique,Elli,Enrique Elli,,Unknown,Mayo Clinic,,,,Not Found
harnisch.eric@mayo.edu,,,Harnisch,Eric,Harnisch Eric,,Unknown,Mayo Clinic,,,,Not Found
moore.jordan@mayo.edu,,,Moore,Jordan,Moore Jordan,,Unknown,Mayo Clinic,,,,Not Found
robert.smoldt@mayoclinic.org,,,Robert,Smoldt,Robert Smoldt,,Unknown,Mayo Clinic,,,,Not Found
deighan.ashley@mayo.edu,,,Deighan,Ashley,Deighan Ashley,,Unknown,Mayo Clinic,,,,Not Found
lisiewski.cheryl@mayo.edu,,,Lisiewski,Cheryl,Lisiewski Cheryl,,Unknown,Mayo Clinic,,,,Not Found
khoury.peter@mayo.edu,,,Khoury,Peter,Khoury Peter,,Unknown,Mayo Clinic,,,,Not Found
tara.gosse@mayo.edu,,,Tara,Gosse,Tara Gosse,,Unknown,Mayo Clinic,,,,Not Found
kalmbach.michael@mayo.edu,,,Kalmbach,Michael,Kalmbach Michael,,Unknown,Mayo Clinic,,,,Not Found
james.crowe@vumc.org,,,James,Crowe,James Crowe,,Unknown,Vanderbilt University Medical Center,,,,Not Found
kwadwo.sarpong@vumc.org,,,Kwadwo,Sarpong,Kwadwo Sarpong,,Unknown,Vanderbilt University Medical Center,,,,Not Found
lori.luba@wvumedicine.org,,,Lori,Luba,Lori Luba,,Unknown,Wvumedicine,,,,Not Found
ryan.haumschild@emoryhealthcare.org,,,Ryan,Haumschild,Ryan Haumschild,,Unknown,Emory Healthcare,,,,Not Found
mark.ohern@wvumedicine.org,,,Mark,Ohern,Mark Ohern,,Unknown,Wvumedicine,,,,Not Found
aaron.james.martin@vumc.org,,,Aaron,Martin,Aaron James Martin,,Unknown,Vanderbilt University Medical Center,,,,Not Found
james.watson@emoryhealthcare.org,,,James,Watson,James Watson,,Unknown,Emory Healthcare,,,,Not Found
alex.almanza@emoryhealthcare.org,,,Alex,Almanza,Alex Almanza,,Unknown,Emory Healthcare,,,,Not Found
kate.naylor@emoryhealthcare.org,,,Kate,Naylor,Kate Naylor,,Unknown,Emory Healthcare,,,,Not Found
kuruvilla.thomas@emoryhealthcare.org,,,Kuruvilla,Thomas,Kuruvilla Thomas,,Unknown,Emory Healthcare,,,,Not Found
rock.anderson@emoryhealthcare.org,,,Rock,Anderson,Rock Anderson,,Unknown,Emory Healthcare,,,,Not Found
rabia.khan2@emoryhealthcare.org,,,Rabia,Khan,Rabia Khan,,Unknown,Emory Healthcare,,,,Not Found
nicole.ashe@emoryhealthcare.org,,,Nicole,Ashe,Nicole Ashe,,Unknown,Emory Healthcare,,,,Not Found
krystyn.young@emoryhealthcare.org,,,Krystyn,Young,Krystyn Young,,Unknown,Emory Healthcare,,,,Not Found
christy.norman@emoryhealthcare.org,,,Christy,Norman,Christy Norman,,Unknown,Emory Healthcare,,,,Not Found
adam.messer@jefferson.edu,,,Adam,Messer,Adam Messer,,Unknown,Thomas Jefferson University Hospitals,,,,Not Found
lori.jalkiewicz@jefferson.edu,,,Lori,Jalkiewicz,Lori Jalkiewicz,,Unknown,Thomas Jefferson University Hospitals,,,,Not Found
kim.conners@jefferson.edu,,,Kim,Conners,Kim Conners,,Unknown,Thomas Jefferson University Hospitals,,,,Not Found
sean.anderson@jefferson.edu,,,Sean,Anderson,Sean Anderson,,Unknown,Thomas Jefferson University Hospitals,,,,Not Found
judd.hollander@jefferson.edu,,,Judd,Hollander,Judd Hollander,,Unknown,Thomas Jefferson University Hospitals,,,,Not Found
vineet.arora@jefferson.edu,,,Vineet,Arora,Vineet Arora,,Unknown,Thomas Jefferson University Hospitals,,,,Not Found
rizwan.khan@jefferson.edu,,,Rizwan,Khan,Rizwan Khan,,Unknown,Thomas Jefferson University Hospitals,,,,Not Found
nick.mercadante@pursuecare.com,,,Nick,Mercadante,Nick Mercadante,,Unknown,Pursue Care,,,,Not Found
dan.khebzou@pursuecare.com,,,Dan,Khebzou,Dan Khebzou,,Unknown,Pursue Care,,,,Not Found
sarah.cole@pursuecare.com,,,Sarah,Cole,Sarah Cole,,Unknown,Pursue Care,,,,Not Found
phyllis.watson@pursuecare.com,,,Phyllis,Watson,Phyllis Watson,,Unknown,Pursue Care,,,,Not Found
diana.minelli@pursuecare.com,,,Diana,Minelli,Diana Minelli,,Unknown,Pursue Care,,,,Not Found
cory.weatherford@pursuecare.com,,,Cory,Weatherford,Cory Weatherford,,Unknown,Pursue Care,,,,Not Found
steven.varjabedian@pursuecare.com,,,Steven,Varjabedian,Steven Varjabedian,,Unknown,Pursue Care,,,,Not Found
dchoudhury@addictionva.com,,,Dchoudhury,,Dchoudhury,,Unknown,Addictionva,,,,Not Found
mtoomey@mastercenter.com,,,Mtoomey,,Mtoomey,,Unknown,Master Center,,,,Not Found
amckean@addictionva.com,,,Amckean,,Amckean,,Unknown,Addictionva,,,,Not Found
tharding@mastercenter.com,,,Tharding,,Tharding,,Unknown,Master Center,,,,Not Found
cmcmanus@mastercenter.com,,,Cmcmanus,,Cmcmanus,,Unknown,Master Center,,,,Not Found
cthompson@mastercenter.com,,,Cthompson,,Cthompson,,Unknown,Master Center,,,,Not Found
mkaminowitz@seafieldcenter.com,,,Mkaminowitz,,Mkaminowitz,,Unknown,Seafield Center,,,,Not Found
morlando@seafieldcenter.com,,,Morlando,,Morlando,,Unknown,Seafield Center,,,,Not Found
esandusky@seafieldcenter.com,,,Esandusky,,Esandusky,,Unknown,Seafield Center,,,,Not Found
bquinn@seafieldcenter.com,,,Bquinn,,Bquinn,,Unknown,Seafield Center,,,,Not Found
arizzuto@seafieldcenter.com,,,Arizzuto,,Arizzuto,,Unknown,Seafield Center,,,,Not Found
goulde@lakesidemilam.com,,,Goulde,,Goulde,,Unknown,Lakesidemilam,,,,Not Found
rboboescu@cenegenics.com,,,Rboboescu,,Rboboescu,,Unknown,Cenegenics,,,,Not Found
btraylor@cenegenics.com,,,Btraylor,,Btraylor,,Unknown,Cenegenics,,,,Not Found
spaine@cenegenics.com,,,Spaine,,Spaine,,Unknown,Cenegenics,,,,Not Found
rinaba@cenegenics.com,,,Rinaba,,Rinaba,,Unknown,Cenegenics,,,,Not Found
gweiss@cenegenics.com,,,Gweiss,,Gweiss,,Unknown,Cenegenics,,,,Not Found
lflowers@cenegenics.com,,,Lflowers,,Lflowers,,Unknown,Cenegenics,,,,Not Found
rishman@cenegenics.com,,,Rishman,,Rishman,,Unknown,Cenegenics,,,,Not Found
kfleischman@cenegenics.com,,,Kfleischman,,Kfleischman,,Unknown,Cenegenics,,,,Not Found
emma.slattery@opalagedcare.com.au,,,Emma,Slattery,Emma Slattery,,Unknown,Opalaged Care,,,,Not Found
ben.lancken@opalagedcare.com.au,,,Ben,Lancken,Ben Lancken,,Unknown,Opalaged Care,,,,Not Found
christopher.cassar@opalagedcare.com.au,,,Christopher,Cassar,Christopher Cassar,,Unknown,Opalaged Care,,,,Not Found
roman.lee-lo@opalhealthcare.com.au,,,Roman,Lo,Roman Lee Lo,,Unknown,Opal Health Care,,,,Not Found
victoria.south@opalagedcare.com.au,,,Victoria,South,Victoria South,,Unknown,Opalaged Care,,,,Not Found
scott.horn@opalhealthcare.com.au,,,Scott,Horn,Scott Horn,,Unknown,Opal Health Care,,,,Not Found
matthew.sheeran@aa.com,,,Matthew,Sheeran,Matthew Sheeran,,Unknown,Aa,,,,Not Found
andrew.hirsch@horizonair.com,,,Andrew,Hirsch,Andrew Hirsch,,Unknown,Horizonair,,,,Not Found
skabir@allergyasthmacenter.com,,,Skabir,,Skabir,,Unknown,Allergyasthma Center,,,,Not Found
jadams@allergyasthmacenter.com,,,Jadams,,Jadams,,Unknown,Allergyasthma Center,,,,Not Found
susansmith@allergyandasthma.com,,,Susansmith,,Susansmith,,Unknown,Allergyandasthma,,,,Not Found
rslouth@allergyasthmacenter.com,,,Rslouth,,Rslouth,,Unknown,Allergyasthma Center,,,,Not Found
dyip@bayareaallergy.com,,,Dyip,,Dyip,,Unknown,Bayareaallergy,,,,Not Found
vfelismino@bayareaallergy.com,,,Vfelismino,,Vfelismino,,Unknown,Bayareaallergy,,,,Not Found
kbutz@bayareaallergy.com,,,Kbutz,,Kbutz,,Unknown,Bayareaallergy,,,,Not Found
aharris@bayareaallergy.com,,,Aharris,,Aharris,,Unknown,Bayareaallergy,,,,Not Found
dsamra@bayareaallergy.com,,,Dsamra,,Dsamra,,Unknown,Bayareaallergy,,,,Not Found
ssandhu@bayareaallergy.com,,,Ssandhu,,Ssandhu,,Unknown,Bayareaallergy,,,,Not Found
aabutin@bayareaallergy.com,,,Aabutin,,Aabutin,,Unknown,Bayareaallergy,,,,Not Found
lpadhye@carmelallergy.com,,,Lpadhye,,Lpadhye,,Unknown,Carmelallergy,,,,Not Found
jamesp@coloradoallergy.com,,,Jamesp,,Jamesp,,Unknown,Coloradoallergy,,,,Not Found
cammiel@coloradoallergy.com,,,Cammiel,,Cammiel,,Unknown,Coloradoallergy,,,,Not Found
vanessah@coloradoallergy.com,,,Vanessah,,Vanessah,,Unknown,Coloradoallergy,,,,Not Found
jilly@coloradoallergy.com,,,Jilly,,Jilly,,Unknown,Coloradoallergy,,,,Not Found
evelynw@coloradoallergy.com,,,Evelynw,,Evelynw,,Unknown,Coloradoallergy,,,,Not Found
mortalano@allervie.com,,,Mortalano,,Mortalano,,Unknown,Allervie,,,,Not Found
agipson@allervie.com,,,Agipson,,Agipson,,Unknown,Allervie,,,,Not Found
sbrewer@allervie.com,,,Sbrewer,,Sbrewer,,Unknown,Allervie,,,,Not Found
jaquino@allergyweb.com,,,Jaquino,,Jaquino,,Unknown,Allergyweb,,,,Not Found
bminyard@allervie.com,,,Bminyard,,Bminyard,,Unknown,Allervie,,,,Not Found
gpatterson@allervie.com,,,Gpatterson,,Gpatterson,,Unknown,Allervie,,,,Not Found
cflannery@allervie.com,,,Cflannery,,Cflannery,,Unknown,Allervie,,,,Not Found
jtrew@allervie.com,,,Jtrew,,Jtrew,,Unknown,Allervie,,,,Not Found
tshelden@allervie.com,,,Tshelden,,Tshelden,,Unknown,Allervie,,,,Not Found
llong@allervie.com,,,Llong,,Llong,,Unknown,Allervie,,,,Not Found
lhorton@allervie.com,,,Lhorton,,Lhorton,,Unknown,Allervie,,,,Not Found
rstockwell@allervie.com,,,Rstockwell,,Rstockwell,,Unknown,Allervie,,,,Not Found
aboustead@allervie.com,,,Aboustead,,Aboustead,,Unknown,Allervie,,,,Not Found
chelsea@allervie.com,,,Chelsea,,Chelsea,,Unknown,Allervie,,,,Not Found
ggonzalez@allervie.com,,,Ggonzalez,,Ggonzalez,,Unknown,Allervie,,,,Not Found
vspencer@allervie.com,,,Vspencer,,Vspencer,,Unknown,Allervie,,,,Not Found
Michael.long@unitedallergy.com,,,,,,,,,,,,
jeffery.buchanan@scasurgery.com,,,Jeffery,Buchanan,Jeffery Buchanan,,Unknown,Sca Surgery,,,,Not Found
ogarton@daysurgerycenter.com,,,Ogarton,,Ogarton,,Unknown,Day Surgery Center,,,,Not Found
aneuman@centurionanesthesia.com,,,Aneuman,,Aneuman,,Unknown,Centurionanesthesia,,,,Not Found
markyeats@rhdb.com.au,,,Markyeats,,Markyeats,,Unknown,Rhdb,,,,Not Found
melissa.forte@verdevalleyal.com,,,Melissa,Forte,Melissa Forte,,Unknown,Verdevalleyal,,,,Not Found
tclosson@annamariaofaurora.com,,,Tclosson,,Tclosson,,Unknown,Annamariaofaurora,,,,Not Found
aduke@havenwoodofburnsville.com,,,Aduke,,Aduke,,Unknown,Havenwoodofburnsville,,,,Not Found
cyab@hearinglife.ca,,,Cyab,,Cyab,,Unknown,Hearinglife,,,,Not Found
bradr@nationalhearingandbalance.com,,,Bradr,,Bradr,,Unknown,Nationalhearingandbalance,,,,Not Found
nic@drshinemyride.com,,,Nic,,Nic,,Unknown,Drshinemyride,,,,Not Found
mark_selmek@na.honda.com,,,Mark,Selmek,Mark Selmek,,Unknown,Na,,,,Not Found
tleggett@leifjohnsonford.com,,,Tleggett,,Tleggett,,Unknown,Leifjohnsonford,,,,Not Found
jsicignano@friendlyhondacuse.com,,,Jsicignano,,Jsicignano,,Unknown,Friendlyhondacuse,,,,Not Found
clanie@andymohr.com,,,Clanie,,Clanie,,Unknown,Andymohr,,,,Not Found
mfreitas@belkorpag.com,,,Mfreitas,,Mfreitas,,Unknown,Belkorpag,,,,Not Found
jnavarro@belkorpag.com,,,Jnavarro,,Jnavarro,,Unknown,Belkorpag,,,,Not Found
wendel@burtbrothers.com,,,Wendel,,Wendel,,Unknown,Burtbrothers,,,,Not Found
tylerw@burtbrothers.com,,,Tylerw,,Tylerw,,Unknown,Burtbrothers,,,,Not Found
georgebrowndance@balletjorgen.ca,,,Georgebrowndance,,Georgebrowndance,,Unknown,Balletjorgen,,,,Not Found
marina.kuntz@oppbank.com,,,Marina,Kuntz,Marina Kuntz,,Unknown,Oppbank,,,,Not Found
dschumacher@ohiobariatrics.com,,,Dschumacher,,Dschumacher,,Unknown,Ohiobariatrics,,,,Not Found
jforbis@breakthecycle12.com,,,Jforbis,,Jforbis,,Unknown,Breakthecycle12,,,,Not Found
anazeer@hopemark.com,,,Anazeer,,Anazeer,,Unknown,Hopemark,,,,Not Found
lhill@cbridges.com,,,Lhill,,Lhill,,Unknown,Cbridges,,,,Not Found
lchadwick@cbridges.com,,,Lchadwick,,Lchadwick,,Unknown,Cbridges,,,,Not Found
meghan.billy@cbridges.com,,,Meghan,Billy,Meghan Billy,,Unknown,Cbridges,,,,Not Found
susanm@cbridges.org,,,Susanm,,Susanm,,Unknown,Cbridges,,,,Not Found
szumwalt@cbridges.com,,,Szumwalt,,Szumwalt,,Unknown,Cbridges,,,,Not Found
ekwiatkowski@cbridges.com,,,Ekwiatkowski,,Ekwiatkowski,,Unknown,Cbridges,,,,Not Found
michael.brunson@cbridges.com,,,Michael,Brunson,Michael Brunson,,Unknown,Cbridges,,,,Not Found
sbojaj@cbridges.com,,,Sbojaj,,Sbojaj,,Unknown,Cbridges,,,,Not Found
alvera.wilcox@cbridges.com,,,Alvera,Wilcox,Alvera Wilcox,,Unknown,Cbridges,,,,Not Found
kosnato@cbridges.com,,,Kosnato,,Kosnato,,Unknown,Cbridges,,,,Not Found
abarraza@cbridges.com,,,Abarraza,,Abarraza,,Unknown,Cbridges,,,,Not Found
pdemeroto@cbridges.com,,,Pdemeroto,,Pdemeroto,,Unknown,Cbridges,,,,Not Found
tbabilonia@cbridges.com,,,Tbabilonia,,Tbabilonia,,Unknown,Cbridges,,,,Not Found
cebria.mcfarland@cbridges.com,,,Cebria,Mcfarland,Cebria Mcfarland,,Unknown,Cbridges,,,,Not Found
erohena@thecharteroak.org,,,Erohena,,Erohena,,Unknown,Thecharteroak,,,,Not Found
daniela.sapiain@thecharteroak.org,,,Daniela,Sapiain,Daniela Sapiain,,Unknown,Thecharteroak,,,,Not Found
dcountryman@thecharteroak.org,,,Dcountryman,,Dcountryman,,Unknown,Thecharteroak,,,,Not Found
christina.cipriani@thecharteroak.org,,,Christina,Cipriani,Christina Cipriani,,Unknown,Thecharteroak,,,,Not Found
kbandtlow@thecharteroak.org,,,Kbandtlow,,Kbandtlow,,Unknown,Thecharteroak,,,,Not Found
jclemente@napuuwai.org,,,Jclemente,,Jclemente,,Unknown,Napuuwai,,,,Not Found
kgier@napuuwai.org,,,Kgier,,Kgier,,Unknown,Napuuwai,,,,Not Found
lopunui@napuuwai.org,,,Lopunui,,Lopunui,,Unknown,Napuuwai,,,,Not Found
kalameida@napuuwai.org,,,Kalameida,,Kalameida,,Unknown,Napuuwai,,,,Not Found
imolina@napuuwai.org,,,Imolina,,Imolina,,Unknown,Napuuwai,,,,Not Found
gracej@placeofhope.com,,,Gracej,,Gracej,,Unknown,Placeofhope,,,,Not Found
charlesb@placeofhope.com,,,Charlesb,,Charlesb,,Unknown,Placeofhope,,,,Not Found
robinf@placeofhope.com,,,Robinf,,Robinf,,Unknown,Placeofhope,,,,Not Found
ginaf@placeofhope.com,,,Ginaf,,Ginaf,,Unknown,Placeofhope,,,,Not Found
lisam@placeofhope.com,,,Lisam,,Lisam,,Unknown,Placeofhope,,,,Not Found
ariellap@placeofhope.com,,,Ariellap,,Ariellap,,Unknown,Placeofhope,,,,Not Found
elizabethv@placeofhope.com,,,Elizabethv,,Elizabethv,,Unknown,Placeofhope,,,,Not Found
benjaminm@placeofhope.com,,,Benjaminm,,Benjaminm,,Unknown,Placeofhope,,,,Not Found
trent@tlcgeorgia.com,,,Trent,,Trent,,Unknown,Tlcgeorgia,,,,Not Found
tracy.gayeski@catalight.org,,,Tracy,Gayeski,Tracy Gayeski,,Unknown,Catalight,,,,Not Found
sarmiger@catalight.org,,,Sarmiger,,Sarmiger,,Unknown,Catalight,,,,Not Found
kglee@thrivebh.com,,,Kglee,,Kglee,,Unknown,Thrivebh,,,,Not Found
cstarkes@thrivebh.com,,,Cstarkes,,Cstarkes,,Unknown,Thrivebh,,,,Not Found
bhahn@thrivebh.com,,,Bhahn,,Bhahn,,Unknown,Thrivebh,,,,Not Found
tcover@thrivebh.com,,,Tcover,,Tcover,,Unknown,Thrivebh,,,,Not Found
hbacon@thrivebh.com,,,Hbacon,,Hbacon,,Unknown,Thrivebh,,,,Not Found
jstewart@thrivebh.com,,,Jstewart,,Jstewart,,Unknown,Thrivebh,,,,Not Found
egentilcore@thrivebh.com,,,Egentilcore,,Egentilcore,,Unknown,Thrivebh,,,,Not Found
gzang@thrivebh.com,,,Gzang,,Gzang,,Unknown,Thrivebh,,,,Not Found
msullivan@thrivebh.com,,,Ullivan,,Ullivan,,Unknown,Thrivebh,,,,Not Found
njohnson@thrivebh.com,,,Njohnson,,Njohnson,,Unknown,Thrivebh,,,,Not Found
jamesroberts@strongfoundationbhc.com,,,Jamesroberts,,Jamesroberts,,Unknown,Strongfoundationbhc,,,,Not Found
rreeves@contourhealth.com,,,Rreeves,,Rreeves,,Unknown,Contour Health,,,,Not Found
kkozuki@openmindhealth.com,,,Kkozuki,,Kkozuki,,Unknown,Openmind Health,,,,Not Found
bdavis@contourhealth.com,,,Bdavis,,Bdavis,,Unknown,Contour Health,,,,Not Found
esenveli@padderhealth.com,,,Esenveli,,Esenveli,,Unknown,Padder Health,,,,Not Found
fpadder@padderhealth.com,,,Fpadder,,Fpadder,,Unknown,Padder Health,,,,Not Found
mdelcorsano@ourhousenj.org,,,Mdelcorsano,,Mdelcorsano,,Unknown,Ourhousenj,,,,Not Found
cguazzelli@balancedbehavioralhealth.com,,,Cguazzelli,,Cguazzelli,,Unknown,Balanced Behavior Al Health,,,,Not Found
tojoyeyi@rosscenter.com,,,Tojoyeyi,,Tojoyeyi,,Unknown,Ross Center,,,,Not Found
sshin@rosscenter.com,,,Sshin,,Sshin,,Unknown,Ross Center,,,,Not Found
smathis@rosscenter.com,,,Smathis,,Smathis,,Unknown,Ross Center,,,,Not Found
sthomas@rosscenter.com,,,Sthomas,,Sthomas,,Unknown,Ross Center,,,,Not Found
lbrennan@rosscenter.com,,,Lbrennan,,Lbrennan,,Unknown,Ross Center,,,,Not Found
eedwards@carolinabehavioralcare.com,,,Eedwards,,Eedwards,,Unknown,Carolina Behavior Al Care,,,,Not Found
pam.crisp@lssnt.com,,,Pam,Crisp,Pam Crisp,,Unknown,Lssnt,,,,Not Found
suchismita.moharana@ableto.com,,,Suchismita,Moharana,Suchismita Moharana,,Unknown,Ableto,,,,Not Found
jeffery.currier@ableto.com,,,Jeffery,Currier,Jeffery Currier,,Unknown,Ableto,,,,Not Found
gary.kummer@talberthouse.org,,,Gary,Kummer,Gary Kummer,,Unknown,Talberthouse,,,,Not Found
kgreene@daymarkrecovery.org,,,Kgreene,,Kgreene,,Unknown,Daymarkrecovery,,,,Not Found
awaller@daymarkrecovery.org,,,Awaller,,Awaller,,Unknown,Daymarkrecovery,,,,Not Found
rmonroe@daymarkrecovery.org,,,Rmonroe,,Rmonroe,,Unknown,Daymarkrecovery,,,,Not Found
sjackson@daymarkrecovery.org,,,Sjackson,,Sjackson,,Unknown,Daymarkrecovery,,,,Not Found
tlammonds@daymarkrecovery.org,,,Tlammonds,,Tlammonds,,Unknown,Daymarkrecovery,,,,Not Found
rswan@daymarkrecovery.org,,,Rswan,,Rswan,,Unknown,Daymarkrecovery,,,,Not Found
dbuchana@daymarkrecovery.org,,,Dbuchana,,Dbuchana,,Unknown,Daymarkrecovery,,,,Not Found
jwagoner@daymarkrecovery.org,,,Jwagoner,,Jwagoner,,Unknown,Daymarkrecovery,,,,Not Found
nflorek@tellurian.org,,,Nflorek,,Nflorek,,Unknown,Tellurian,,,,Not Found
laura.barrow@talberthouse.org,,,Laura,Barrow,Laura Barrow,,Unknown,Talberthouse,,,,Not Found
t.campbell@newpath.com,,,T,Campbell,T Campbell,,Unknown,Newpath,,,,Not Found
d.darshana@newpath.com,,,D,Darshana,D Darshana,,Unknown,Newpath,,,,Not Found
jlehman@eagleviewhealth.org,,,Jlehman,,Jlehman,,Unknown,Eagleview Health,,,,Not Found
kwaller@eagleviewhealth.org,,,Kwaller,,Kwaller,,Unknown,Eagleview Health,,,,Not Found
risley@mymhp.org,,,Risley,,Risley,,Unknown,Mymhp,,,,Not Found
swaddell@eagleviewhealth.org,,,Swaddell,,Swaddell,,Unknown,Eagleview Health,,,,Not Found
rick2@bhaservices.com,,,Rick,,Rick,,Unknown,Bhaservices,,,,Not Found
salomonc@gcbh.org,,,Salomonc,,Salomonc,,Unknown,Gcbh,,,,Not Found
wedmunds@cvbh.org,,,Wedmunds,,Wedmunds,,Unknown,Cvbh,,,,Not Found
browe@cvbh.org,,,Browe,,Browe,,Unknown,Cvbh,,,,Not Found
yolanda.hunter@solace-behavioral.com,,,Yolanda,Hunter,Yolanda Hunter,,Unknown,Solace Behavior Al,,,,Not Found
glenn.davis@bmcjax.com,,,Glenn,Davis,Glenn Davis,,Unknown,Bmcjax,,,,Not Found
hector@perezbh.com,,,Hector,,Hector,,Unknown,Perezbh,,,,Not Found
rabunoffice@claytonbehavioral.com,,,Rabunoffice,,Rabunoffice,,Unknown,Clayton Behavior Al,,,,Not Found
fpenland@cvbh.org,,,Fpenland,,Fpenland,,Unknown,Cvbh,,,,Not Found
cory.phillips@sanjosebh.com,,,Cory,Phillips,Cory Phillips,,Unknown,Sanjosebh,,,,Not Found
meghann.sword@bhsi.com,,,Meghann,Sword,Meghann Sword,,Unknown,Bhsi,,,,Not Found
parker.lacy@trilogyhs.com,,,Parker,Lacy,Parker Lacy,,Unknown,Trilogyhs,,,,Not Found
wrainer@fivehorizons.org,,,Wrainer,,Wrainer,,Unknown,Fivehorizons,,,,Not Found
bkirkpatrick@fivehorizons.org,,,Bkirkpatrick,,Bkirkpatrick,,Unknown,Fivehorizons,,,,Not Found
alexander.meier@bhsi.com,,,Alexander,Meier,Alexander Meier,,Unknown,Bhsi,,,,Not Found
tmccaule@bhsi.com,,,Tmccaule,,Tmccaule,,Unknown,Bhsi,,,,Not Found
gitesh.patel@bhsi.com,,,Gitesh,Patel,Gitesh Patel,,Unknown,Bhsi,,,,Not Found
mark@mypave.net,,,Mark,,Mark,,Unknown,Mypave,,,,Not Found
todd.kiziminski@trilogyhs.com,,,Todd,Kiziminski,Todd Kiziminski,,Unknown,Trilogyhs,,,,Not Found
kolusesi@giveblood.org,,,Kolusesi,,Kolusesi,,Unknown,Giveblood,,,,Not Found
bburger@qubicaamf.com,,,Bburger,,Bburger,,Unknown,Qubicaamf,,,,Not Found
katie@nashvillebreastcenter.com,,,Katie,,Katie,,Unknown,Nashvillebreast Center,,,,Not Found
isabella@atlantabreastcare.com,,,Isabella,,Isabella,,Unknown,Atlantabreast Care,,,,Not Found
doriana.matraku@cost.eu,,,Doriana,Matraku,Doriana Matraku,,Unknown,Cost,,,,Not Found
karim@smartquickoutsourcing.com,,,Karim,,Karim,,Unknown,Smartquickoutsourcing,,,,Not Found
aluebben@execinc.com,,,Aluebben,,Aluebben,,Unknown,Execinc,,,,Not Found
melinda@baldwinoffice.com,,,Melinda,,Melinda,,Unknown,Baldwinoffice,,,,Not Found
nigel@ydhillc.com,,,Nigel,,Nigel,,Unknown,Ydhillc,,,,Not Found
anna@ztcorporate.com,,,Anna,,Anna,,Unknown,Ztcorporate,,,,Not Found
kraig@ztcorporate.com,,,Kraig,,Kraig,,Unknown,Ztcorporate,,,,Not Found
sheitz@phoenixheart.com,,,Sheitz,,Sheitz,,Unknown,Phoenixheart,,,,Not Found
kludington@northcoastcardiology.com,,,Kludington,,Kludington,,Unknown,Northcoastcardiology,,,,Not Found
akaplan@phoenixheart.com,,,Akaplan,,Akaplan,,Unknown,Phoenixheart,,,,Not Found
lweinfuss@phoenixheart.com,,,Lweinfuss,,Lweinfuss,,Unknown,Phoenixheart,,,,Not Found
esaylor@phoenixheart.com,,,Esaylor,,Esaylor,,Unknown,Phoenixheart,,,,Not Found
gbustillos@phoenixheart.com,,,Gbustillos,,Gbustillos,,Unknown,Phoenixheart,,,,Not Found
skohli@phoenixheart.com,,,Skohli,,Skohli,,Unknown,Phoenixheart,,,,Not Found
jhooley@phoenixheart.com,,,Jhooley,,Jhooley,,Unknown,Phoenixheart,,,,Not Found
ksellberg@phoenixheart.com,,,Ksellberg,,Ksellberg,,Unknown,Phoenixheart,,,,Not Found
lhart@jamesrivercardiology.com,,,Lhart,,Lhart,,Unknown,Jamesrivercardiology,,,,Not Found
jsingh@jamesrivercardiology.com,,,Jsingh,,Jsingh,,Unknown,Jamesrivercardiology,,,,Not Found
hlodhi@jamesrivercardiology.com,,,Hlodhi,,Hlodhi,,Unknown,Jamesrivercardiology,,,,Not Found
cbrowning@jamesrivercardiology.com,,,Cbrowning,,Cbrowning,,Unknown,Jamesrivercardiology,,,,Not Found
psmith@jamesrivercardiology.com,,,Psmith,,Psmith,,Unknown,Jamesrivercardiology,,,,Not Found
tscipione@jamesrivercardiology.com,,,Tscipione,,Tscipione,,Unknown,Jamesrivercardiology,,,,Not Found
cstevens@jamesrivercardiology.com,,,Cstevens,,Cstevens,,Unknown,Jamesrivercardiology,,,,Not Found
abaker@jamesrivercardiology.com,,,Abaker,,Abaker,,Unknown,Jamesrivercardiology,,,,Not Found
qthornton@jamesrivercardiology.com,,,Qthornton,,Qthornton,,Unknown,Jamesrivercardiology,,,,Not Found
kim@cardiavision.com,,,Kim,,Kim,,Unknown,Cardia Vision,,,,Not Found
arnan@cardiavision.com,,,Arnan,,Arnan,,Unknown,Cardia Vision,,,,Not Found
jward@naplesheartrhythm.com,,,Jward,,Jward,,Unknown,Naplesheartrhythm,,,,Not Found
lluzinski@naplesheartrhythm.com,,,Lluzinski,,Lluzinski,,Unknown,Naplesheartrhythm,,,,Not Found
slowdermilk@naplesheartrhythm.com,,,Slowdermilk,,Slowdermilk,,Unknown,Naplesheartrhythm,,,,Not Found
lcapalbo@naplesheartrhythm.com,,,Lcapalbo,,Lcapalbo,,Unknown,Naplesheartrhythm,,,,Not Found
jgutierrez@naplesheartrhythm.com,,,Jgutierrez,,Jgutierrez,,Unknown,Naplesheartrhythm,,,,Not Found
mruhl@naplesheartrhythm.com,,,Uhl,,Uhl,,Unknown,Naplesheartrhythm,,,,Not Found
pkennedy@naplesheartrhythm.com,,,Pkennedy,,Pkennedy,,Unknown,Naplesheartrhythm,,,,Not Found
s.muhebb@vitalheartandvein.com,,,S,Muhebb,S Muhebb,,Unknown,Vitalheartandvein,,,,Not Found
holly.ainza-blank@pimaheartandvascular.com,,,Holly,Blank,Holly Ainza Blank,,Unknown,Pimaheartandvascular,,,,Not Found
kmartinez@cacvinst.com,,,Kmartinez,,Kmartinez,,Unknown,Cacvinst,,,,Not Found
josthimer@cacvinst.com,,,Josthimer,,Josthimer,,Unknown,Cacvinst,,,,Not Found
richard.martinez@vitalheartandvein.com,,,Richard,Martinez,Richard Martinez,,Unknown,Vitalheartandvein,,,,Not Found
chandra.hendrix@vitalheartandvein.com,,,Chandra,Hendrix,Chandra Hendrix,,Unknown,Vitalheartandvein,,,,Not Found
susan.barragy@vitalheartandvein.com,,,Susan,Barragy,Susan Barragy,,Unknown,Vitalheartandvein,,,,Not Found
erin.walsh@vitalheartandvein.com,,,Erin,Walsh,Erin Walsh,,Unknown,Vitalheartandvein,,,,Not Found
gay.nord@vitalheartandvein.com,,,Gay,Nord,Gay Nord,,Unknown,Vitalheartandvein,,,,Not Found
bjozwik@vitalheartandvein.com,,,Bjozwik,,Bjozwik,,Unknown,Vitalheartandvein,,,,Not Found
sadi.raza@heartplace.com,,,Sadi,Raza,Sadi Raza,,Unknown,Heartplace,,,,Not Found
rikesh.patel@heartplace.com,,,Rikesh,Patel,Rikesh Patel,,Unknown,Heartplace,,,,Not Found
elacoste@jacksonheart.com,,,Elacoste,,Elacoste,,Unknown,Jacksonheart,,,,Not Found
scarr@jacksonheart.com,,,Scarr,,Scarr,,Unknown,Jacksonheart,,,,Not Found
jc@hunterdoncardiovascular.com,,,Jc,,Jc,,Unknown,Hunterdoncardiovascular,,,,Not Found
rl@hunterdoncardiovascular.com,,,Rl,,Rl,,Unknown,Hunterdoncardiovascular,,,,Not Found
vdodla@excelcardiaccare.com,,,Vdodla,,Vdodla,,Unknown,Excelcardiac Care,,,,Not Found
sdodla@excelcardiaccare.com,,,Sdodla,,Sdodla,,Unknown,Excelcardiac Care,,,,Not Found
kchandler@excelcardiaccare.com,,,Kchandler,,Kchandler,,Unknown,Excelcardiac Care,,,,Not Found
mpirrello@amscardiology.com,,,Mpirrello,,Mpirrello,,Unknown,Amscardiology,,,,Not Found
mpanutich@newportheart.com,,,Mpanutich,,Mpanutich,,Unknown,Newportheart,,,,Not Found
careyobryan@newportheart.com,,,Careyobryan,,Careyobryan,,Unknown,Newportheart,,,,Not Found
gyee@newportheart.com,,,Gyee,,Gyee,,Unknown,Newportheart,,,,Not Found
kotlera@socardiology.com,,,Kotlera,,Kotlera,,Unknown,Socardiology,,,,Not Found
jloudermilk@southeasterncardiology.com,,,Jloudermilk,,Jloudermilk,,Unknown,Southeasterncardiology,,,,Not Found
lpenner@peakheart.com,,,Lpenner,,Lpenner,,Unknown,Peakheart,,,,Not Found
maviles@willowbrookcardiovascular.com,,,Maviles,,Maviles,,Unknown,Willowbrookcardiovascular,,,,Not Found
m.comstock@tulsacardiovascularcenter.com,,,M,Comstock,M Comstock,,Unknown,Tulsacardiovascular Center,,,,Not Found
p.martos@tulsacardiovascularcenter.com,,,P,Martos,P Martos,,Unknown,Tulsacardiovascular Center,,,,Not Found
christa@cardiovascularinstitute.com,,,Christa,,Christa,,Unknown,Cardiovascularinstitute,,,,Not Found
cbrennan@cardofmich.com,,,Cbrennan,,Cbrennan,,Unknown,Cardofmich,,,,Not Found
cgrissom@southeasterncardiology.com,,,Cgrissom,,Cgrissom,,Unknown,Southeasterncardiology,,,,Not Found
shaq.siddiqui@cardiaccenteroftexas.com,,,Shaq,Siddiqui,Shaq Siddiqui,,Unknown,Cardiac Center Oftexas,,,,Not Found
fhabash@southwestdesertcardiology.com,,,Fhabash,,Fhabash,,Unknown,Southwestdesertcardiology,,,,Not Found
bpatti@brookhavenheart.com,,,Bpatti,,Bpatti,,Unknown,Brookhavenheart,,,,Not Found
arabion@southeasterncardiology.com,,,Arabion,,Arabion,,Unknown,Southeasterncardiology,,,,Not Found
harold.rivner@mycardiologist.com,,,Harold,Rivner,Harold Rivner,,Unknown,Mycardiologist,,,,Not Found
mitesh.amin@alignedcardio.com,,,Mitesh,Amin,Mitesh Amin,,Unknown,Alignedcardio,,,,Not Found
mmushtaq@fortworthheart.com,,,Mmushtaq,,Mmushtaq,,Unknown,Fortworthheart,,,,Not Found
chloem@fortworthheart.com,,,Chloem,,Chloem,,Unknown,Fortworthheart,,,,Not Found
jasmine@fortworthheart.com,,,Jasmine,,Jasmine,,Unknown,Fortworthheart,,,,Not Found
tamekam@fortworthheart.com,,,Tamekam,,Tamekam,,Unknown,Fortworthheart,,,,Not Found
j.kraft@advancedheartnm.com,,,J,Kraft,J Kraft,,Unknown,Advancedheartnm,,,,Not Found
j.lewis@advancedheartnm.com,,,J,Lewis,J Lewis,,Unknown,Advancedheartnm,,,,Not Found
alex@cardioone.com,,,Alex,,Alex,,Unknown,Cardioone,,,,Not Found
garland.goins@cardioone.com,,,Garland,Goins,Garland Goins,,Unknown,Cardioone,,,,Not Found
jp@cardioone.com,,,Jp,,Jp,,Unknown,Cardioone,,,,Not Found
aladeen.eewshah@cardioone.com,,,Aladeen,Eewshah,Aladeen Eewshah,,Unknown,Cardioone,,,,Not Found
donna.phillips@cardioone.com,,,Donna,Phillips,Donna Phillips,,Unknown,Cardioone,,,,Not Found
pturner@amscardiology.com,,,Pturner,,Pturner,,Unknown,Amscardiology,,,,Not Found
mcollins@amscardiology.com,,,Mcollins,,Mcollins,,Unknown,Amscardiology,,,,Not Found
rocham@socardiology.com,,,Rocham,,Rocham,,Unknown,Socardiology,,,,Not Found
personiusb@socardiology.com,,,Personiusb,,Personiusb,,Unknown,Socardiology,,,,Not Found
hongj@socardiology.com,,,Hongj,,Hongj,,Unknown,Socardiology,,,,Not Found
kdarr@southeasterncardiology.com,,,Kdarr,,Kdarr,,Unknown,Southeasterncardiology,,,,Not Found
jvickers@southeasterncardiology.com,,,Jvickers,,Jvickers,,Unknown,Southeasterncardiology,,,,Not Found
swatkins@southeasterncardiology.com,,,Swatkins,,Swatkins,,Unknown,Southeasterncardiology,,,,Not Found
khambrice@southeasterncardiology.com,,,Khambrice,,Khambrice,,Unknown,Southeasterncardiology,,,,Not Found
hodell@southeasterncardiology.com,,,Hodell,,Hodell,,Unknown,Southeasterncardiology,,,,Not Found
tcoonley@southeasterncardiology.com,,,Tcoonley,,Tcoonley,,Unknown,Southeasterncardiology,,,,Not Found
giesen@socardiology.com,,,Giesen,,Giesen,,Unknown,Socardiology,,,,Not Found
victor.razuk@mycardiologist.com,,,Victor,Razuk,Victor Razuk,,Unknown,Mycardiologist,,,,Not Found
qasim.ahmad@mycardiologist.com,,,Qasim,Ahmad,Qasim Ahmad,,Unknown,Mycardiologist,,,,Not Found
edward.chu@mycardiologist.com,,,Edward,Chu,Edward Chu,,Unknown,Mycardiologist,,,,Not Found
linda.koshy@mycardiologist.com,,,Linda,Koshy,Linda Koshy,,Unknown,Mycardiologist,,,,Not Found
vanessap@mycardiologist.com,,,Vanessap,,Vanessap,,Unknown,Mycardiologist,,,,Not Found
zkrajcer@texasheart.org,,,Zkrajcer,,Zkrajcer,,Unknown,Texasheart,,,,Not Found
tcrane@texasheart.org,,,Tcrane,,Tcrane,,Unknown,Texasheart,,,,Not Found
cmendez@texasheart.org,,,Cmendez,,Cmendez,,Unknown,Texasheart,,,,Not Found
plopez@texasheart.org,,,Plopez,,Plopez,,Unknown,Texasheart,,,,Not Found
kthomas@cvadrs.com,,,Kthomas,,Kthomas,,Unknown,Cvadrs,,,,Not Found
mgreenley@cvmspc.com,,,Mgreenley,,Mgreenley,,Unknown,Cvmspc,,,,Not Found
pmoulds@cvmspc.com,,,Pmoulds,,Pmoulds,,Unknown,Cvmspc,,,,Not Found
sarvesh.mishra@lyondellbasell.com,,,Sarvesh,Mishra,Sarvesh Mishra,,Unknown,Lyondellbasell,,,,Not Found
alejandra.garcia2@lyondellbasell.com,,,Alejandra,Garcia,Alejandra Garcia,,Unknown,Lyondellbasell,,,,Not Found
alvin.martin@lyondellbasell.com,,,Alvin,Martin,Alvin Martin,,Unknown,Lyondellbasell,,,,Not Found
clovis.campos@lyondellbasell.com,,,Clovis,Campos,Clovis Campos,,Unknown,Lyondellbasell,,,,Not Found
roy.kwende@lyondellbasell.com,,,Roy,Kwende,Roy Kwende,,Unknown,Lyondellbasell,,,,Not Found
sanjay.kumar@lyondellbasell.com,,,Sanjay,Kumar,Sanjay Kumar,,Unknown,Lyondellbasell,,,,Not Found
jacob.cordova@lyondellbasell.com,,,Jacob,Cordova,Jacob Cordova,,Unknown,Lyondellbasell,,,,Not Found
jan.konietzko@lyondellbasell.com,,,Jan,Konietzko,Jan Konietzko,,Unknown,Lyondellbasell,,,,Not Found
kcassler@childrensnebraska.org,,,Kcassler,,Kcassler,,Unknown,Childrensnebraska,,,,Not Found
amanda.salter@choc.org,,,Amanda,Salter,Amanda Salter,,Unknown,Choc,,,,Not Found
erica.webster@childrenscolorado.org,,,Erica,Webster,Erica Webster,,Unknown,Childrenscolorado,,,,Not Found
scott.patterson@childrenscolorado.org,,,Scott,Patterson,Scott Patterson,,Unknown,Childrenscolorado,,,,Not Found
rsaroyan@valleychildrens.org,,,Rsaroyan,,Rsaroyan,,Unknown,Valleychildrens,,,,Not Found
anthony.giordano@cchmc.org,,,Anthony,Giordano,Anthony Giordano,,Unknown,Cchmc,,,,Not Found
rsweis@larabida.org,,,Rsweis,,Rsweis,,Unknown,Larabida,,,,Not Found
jholt1@valleychildrens.org,,,Jholt,,Jholt,,Unknown,Valleychildrens,,,,Not Found
venord@chiropractorpgh.com,,,Venord,,Venord,,Unknown,Chiro Practorpgh,,,,Not Found
drpourshadi@riverside-chiropractic.com,,,Pourshadi,,Pourshadi,,Unknown,Riverside Chiro Practic,,,,Not Found
judea.belkheir@pcmtrials.com,,,Judea,Belkheir,Judea Belkheir,,Unknown,Pcmtrials,,,,Not Found
zwalters@azclinicaltrials.com,,,Zwalters,,Zwalters,,Unknown,Az Clinic Altrials,,,,Not Found
joanne@bostontrials.com,,,Joanne,,Joanne,,Unknown,Bostontrials,,,,Not Found
sparsons30@ivytech.edu,,,Sparsons,,Sparsons,,Unknown,Ivytech,,,,Not Found
lrutledge@wwfhc.org,,,Lrutledge,,Lrutledge,,Unknown,Wwfhc,,,,Not Found
jgonzalez@wwfhc.org,,,Jgonzalez,,Jgonzalez,,Unknown,Wwfhc,,,,Not Found
dlewis@wwfhc.org,,,Dlewis,,Dlewis,,Unknown,Wwfhc,,,,Not Found
smilen@wwfhc.org,,,Smilen,,Smilen,,Unknown,Wwfhc,,,,Not Found
qbanks@wwfhc.org,,,Qbanks,,Qbanks,,Unknown,Wwfhc,,,,Not Found
kgustafson@jfsomaha.com,,,Kgustafson,,Kgustafson,,Unknown,Jfsomaha,,,,Not Found
reginad@jfssd.org,,,Reginad,,Reginad,,Unknown,Jfssd,,,,Not Found
leatham@jfssd.org,,,Leatham,,Leatham,,Unknown,Jfssd,,,,Not Found
michaelh@jfssd.org,,,Michaelh,,Michaelh,,Unknown,Jfssd,,,,Not Found
mikep@jfssd.org,,,Mikep,,Mikep,,Unknown,Jfssd,,,,Not Found
ninaw@jfssd.org,,,Ninaw,,Ninaw,,Unknown,Jfssd,,,,Not Found
pellenburg@faithmedical.org,,,Pellenburg,,Pellenburg,,Unknown,Faith Medical,,,,Not Found
bjones@faithmedical.org,,,Bjones,,Bjones,,Unknown,Faith Medical,,,,Not Found
agonzales@faithmedical.org,,,Agonzales,,Agonzales,,Unknown,Faith Medical,,,,Not Found
alaymanwires@faithmedical.org,,,Alaymanwires,,Alaymanwires,,Unknown,Faith Medical,,,,Not Found
msapp@faithmedical.org,,,App,,App,,Unknown,Faith Medical,,,,Not Found
dedwards@faithmedical.org,,,Dedwards,,Dedwards,,Unknown,Faith Medical,,,,Not Found
ppanovec@faithmedical.org,,,Ppanovec,,Ppanovec,,Unknown,Faith Medical,,,,Not Found
smast@faithmedical.org,,,Smast,,Smast,,Unknown,Faith Medical,,,,Not Found
lellenburg@faithmedical.org,,,Lellenburg,,Lellenburg,,Unknown,Faith Medical,,,,Not Found
richard.anair@svhealthcare.org,,,Richard,Anair,Richard Anair,,Unknown,Sv Health Care,,,,Not Found
mdavila@latinossalud.org,,,Mdavila,,Mdavila,,Unknown,Latinossalud,,,,Not Found
mkiezer@latinossalud.org,,,Mkiezer,,Mkiezer,,Unknown,Latinossalud,,,,Not Found
svelez@latinossalud.org,,,Svelez,,Svelez,,Unknown,Latinossalud,,,,Not Found
drodriguez@latinossalud.org,,,Odriguez,,Odriguez,,Unknown,Latinossalud,,,,Not Found
mcampos@latinossalud.org,,,Mcampos,,Mcampos,,Unknown,Latinossalud,,,,Not Found
gaguilar@latinossalud.org,,,Gaguilar,,Gaguilar,,Unknown,Latinossalud,,,,Not Found
jane.dimer@foundationhealth.org,,,Jane,Dimer,Jane Dimer,,Unknown,Foundation Health,,,,Not Found
stewart.kerr@foundationhealth.org,,,Stewart,Kerr,Stewart Kerr,,Unknown,Foundation Health,,,,Not Found
anthony.sudduth@foundationhealth.org,,,Anthony,Sudduth,Anthony Sudduth,,Unknown,Foundation Health,,,,Not Found
keith.fehr@foundationhealth.org,,,Keith,Fehr,Keith Fehr,,Unknown,Foundation Health,,,,Not Found
alexandra.sloat@foundationhealth.org,,,Alexandra,Sloat,Alexandra Sloat,,Unknown,Foundation Health,,,,Not Found
kari.burrell@foundationhealth.org,,,Kari,Burrell,Kari Burrell,,Unknown,Foundation Health,,,,Not Found
carisa.rossignol@foundationhealth.org,,,Carisa,Rossignol,Carisa Rossignol,,Unknown,Foundation Health,,,,Not Found
brittany.switzer@foundationhealth.org,,,Brittany,Switzer,Brittany Switzer,,Unknown,Foundation Health,,,,Not Found
isaac.humes@foundationhealth.org,,,Isaac,Humes,Isaac Humes,,Unknown,Foundation Health,,,,Not Found
suzan.bast@foundationhealth.org,,,Suzan,Bast,Suzan Bast,,Unknown,Foundation Health,,,,Not Found
sarah.martin@foundationhealth.org,,,Sarah,Martin,Sarah Martin,,Unknown,Foundation Health,,,,Not Found
vinson.waldschmidt@foundationhealth.org,,,Vinson,Waldschmidt,Vinson Waldschmidt,,Unknown,Foundation Health,,,,Not Found
hannah.cooper@foundationhealth.org,,,Hannah,Cooper,Hannah Cooper,,Unknown,Foundation Health,,,,Not Found
stefanie.davidson@foundationhealth.org,,,Stefanie,Davidson,Stefanie Davidson,,Unknown,Foundation Health,,,,Not Found
james.riley@foundationhealth.org,,,James,Riley,James Riley,,Unknown,Foundation Health,,,,Not Found
khoinguyen.thai@foundationhealth.org,,,Khoinguyen,Thai,Khoinguyen Thai,,Unknown,Foundation Health,,,,Not Found
kendrick.blais@foundationhealth.org,,,Kendrick,Blais,Kendrick Blais,,Unknown,Foundation Health,,,,Not Found
jacob.mote@foundationhealth.org,,,Jacob,Mote,Jacob Mote,,Unknown,Foundation Health,,,,Not Found
tammy.johnson7@foundationhealth.org,,,Tammy,Johnson,Tammy Johnson,,Unknown,Foundation Health,,,,Not Found
regina.humes@foundationhealth.org,,,Regina,Humes,Regina Humes,,Unknown,Foundation Health,,,,Not Found
bevin.stephens@foundationhealth.org,,,Bevin,Stephens,Bevin Stephens,,Unknown,Foundation Health,,,,Not Found
lanien.livingston@foundationhealth.org,,,Lanien,Livingston,Lanien Livingston,,Unknown,Foundation Health,,,,Not Found
caleb.humphrey@foundationhealth.org,,,Caleb,Humphrey,Caleb Humphrey,,Unknown,Foundation Health,,,,Not Found
michael.fitzpatrick@foundationhealth.org,,,Michael,Fitzpatrick,Michael Fitzpatrick,,Unknown,Foundation Health,,,,Not Found
derek.beyer@foundationhealth.org,,,Derek,Beyer,Derek Beyer,,Unknown,Foundation Health,,,,Not Found
beverly.mcdevitt@foundationhealth.org,,,Beverly,Mcdevitt,Beverly Mcdevitt,,Unknown,Foundation Health,,,,Not Found
fran.hradecky@foundationhealth.org,,,Fran,Hradecky,Fran Hradecky,,Unknown,Foundation Health,,,,Not Found
lakhranie.singh@foundationhealth.org,,,Lakhranie,Singh,Lakhranie Singh,,Unknown,Foundation Health,,,,Not Found
steven.ruppert@foundationhealth.org,,,Steven,Ruppert,Steven Ruppert,,Unknown,Foundation Health,,,,Not Found
scott.wade@foundationhealth.org,,,Scott,Wade,Scott Wade,,Unknown,Foundation Health,,,,Not Found
susan.cates@foundationhealth.org,,,Susan,Cates,Susan Cates,,Unknown,Foundation Health,,,,Not Found
brittani.johnson@foundationhealth.org,,,Brittani,Johnson,Brittani Johnson,,Unknown,Foundation Health,,,,Not Found
rebecca.russell@foundationhealth.org,,,Rebecca,Russell,Rebecca Russell,,Unknown,Foundation Health,,,,Not Found
scott.winners@foundationhealth.org,,,Scott,Winners,Scott Winners,,Unknown,Foundation Health,,,,Not Found
crystal.feddersen@foundationhealth.org,,,Crystal,Feddersen,Crystal Feddersen,,Unknown,Foundation Health,,,,Not Found
primo.ramirez@foundationhealth.org,,,Primo,Ramirez,Primo Ramirez,,Unknown,Foundation Health,,,,Not Found
jennifer.schuler@foundationhealth.org,,,Jennifer,Schuler,Jennifer Schuler,,Unknown,Foundation Health,,,,Not Found
daniel.bergles@foundationhealth.org,,,Daniel,Bergles,Daniel Bergles,,Unknown,Foundation Health,,,,Not Found
jerremie.siegfried@foundationhealth.org,,,Jerremie,Siegfried,Jerremie Siegfried,,Unknown,Foundation Health,,,,Not Found
sarah.abrahams@shalomaustin.org,,,Sarah,Abrahams,Sarah Abrahams,,Unknown,Shalomaustin,,,,Not Found
ashley.king@shalomaustin.org,,,Ashley,King,Ashley King,,Unknown,Shalomaustin,,,,Not Found
daniel.septimus@shalomaustin.org,,,Daniel,Septimus,Daniel Septimus,,Unknown,Shalomaustin,,,,Not Found
emily.siegler@shalomaustin.org,,,Emily,Siegler,Emily Siegler,,Unknown,Shalomaustin,,,,Not Found
lee.atchley@shalomaustin.org,,,Lee,Atchley,Lee Atchley,,Unknown,Shalomaustin,,,,Not Found
mark.pattis@shalomaustin.org,,,Mark,Pattis,Mark Pattis,,Unknown,Shalomaustin,,,,Not Found
michal.ilai@shalomaustin.org,,,Michal,Ilai,Michal Ilai,,Unknown,Shalomaustin,,,,Not Found
emery.saenz@shalomaustin.org,,,Emery,Saenz,Emery Saenz,,Unknown,Shalomaustin,,,,Not Found
joshua.levy@shalomaustin.org,,,Joshua,Levy,Joshua Levy,,Unknown,Shalomaustin,,,,Not Found
rachel.wimberley@shalomaustin.org,,,Rachel,Wimberley,Rachel Wimberley,,Unknown,Shalomaustin,,,,Not Found
mmonette@centralcityhealth.com,,,Mmonette,,Mmonette,,Unknown,Centralcity Health,,,,Not Found
jsanderson@centralcityhealth.com,,,Jsanderson,,Jsanderson,,Unknown,Centralcity Health,,,,Not Found
jmacalino@centralcityhealth.com,,,Jmacalino,,Jmacalino,,Unknown,Centralcity Health,,,,Not Found
dpercy@centralcityhealth.com,,,Dpercy,,Dpercy,,Unknown,Centralcity Health,,,,Not Found
npolk@centralcityhealth.com,,,Npolk,,Npolk,,Unknown,Centralcity Health,,,,Not Found
dholloway@centralcityhealth.com,,,Dholloway,,Dholloway,,Unknown,Centralcity Health,,,,Not Found
jmeyer@centralcityhealth.com,,,Jmeyer,,Jmeyer,,Unknown,Centralcity Health,,,,Not Found
vvalenzuela@schcd.com,,,Vvalenzuela,,Vvalenzuela,,Unknown,Schcd,,,,Not Found
jgiron@schcd.com,,,Jgiron,,Jgiron,,Unknown,Schcd,,,,Not Found
kwasowski@medinahealth.org,,,Kwasowski,,Kwasowski,,Unknown,Medina Health,,,,Not Found
khildreth@medinahealth.org,,,Khildreth,,Khildreth,,Unknown,Medina Health,,,,Not Found
mmetcalf@medinahealth.org,,,Mmetcalf,,Mmetcalf,,Unknown,Medina Health,,,,Not Found
mdean@medinahealth.org,,,Mdean,,Mdean,,Unknown,Medina Health,,,,Not Found
tschlauch@medinahealth.org,,,Tschlauch,,Tschlauch,,Unknown,Medina Health,,,,Not Found
jlusk@medinahealth.org,,,Jlusk,,Jlusk,,Unknown,Medina Health,,,,Not Found
yi.chen@scchc.org,,,Yi,Chen,Yi Chen,,Unknown,Scchc,,,,Not Found
serena.fok@scchc.org,,,Serena,Fok,Serena Fok,,Unknown,Scchc,,,,Not Found
wevans@promisechc.org,,,Wevans,,Wevans,,Unknown,Promisechc,,,,Not Found
vvergara@clinicacolorado.org,,,Vvergara,,Vvergara,,Unknown,Clinic Acolorado,,,,Not Found
mmedwards@mfhs.org,,,Mmedwards,,Mmedwards,,Unknown,Mfhs,,,,Not Found
asoriano@mfhs.org,,,Asoriano,,Asoriano,,Unknown,Mfhs,,,,Not Found
christyna@mfhs.org,,,Christyna,,Christyna,,Unknown,Mfhs,,,,Not Found
eardizoni@mfhs.org,,,Eardizoni,,Eardizoni,,Unknown,Mfhs,,,,Not Found
hray@mfhs.org,,,Hray,,Hray,,Unknown,Mfhs,,,,Not Found
mterefencko@mfhs.org,,,Mterefencko,,Mterefencko,,Unknown,Mfhs,,,,Not Found
cjohnson@unitycare.org,,,Cjohnson,,Cjohnson,,Unknown,Unity Care,,,,Not Found
tvermeulen@unitycare.org,,,Tvermeulen,,Tvermeulen,,Unknown,Unity Care,,,,Not Found
strent@unitycare.org,,,Strent,,Strent,,Unknown,Unity Care,,,,Not Found
jjefferson@unitycare.org,,,Jjefferson,,Jjefferson,,Unknown,Unity Care,,,,Not Found
jbronson@unitycare.org,,,Jbronson,,Jbronson,,Unknown,Unity Care,,,,Not Found
msanchez@davisstreet.org,,,Anchez,,Anchez,,Unknown,Davisstreet,,,,Not Found
cteeple@heartcityhealth.org,,,Cteeple,,Cteeple,,Unknown,Heartcity Health,,,,Not Found
ckereszturi@heartcityhealth.org,,,Ckereszturi,,Ckereszturi,,Unknown,Heartcity Health,,,,Not Found
kbates@heartcityhealth.org,,,Kbates,,Kbates,,Unknown,Heartcity Health,,,,Not Found
kdomalewski@heartcityhealth.org,,,Kdomalewski,,Kdomalewski,,Unknown,Heartcity Health,,,,Not Found
hmahamat@heartcityhealth.org,,,Hmahamat,,Hmahamat,,Unknown,Heartcity Health,,,,Not Found
lblack@heartcityhealth.org,,,Lblack,,Lblack,,Unknown,Heartcity Health,,,,Not Found
cwilliams@heartcityhealth.org,,,Cwilliams,,Cwilliams,,Unknown,Heartcity Health,,,,Not Found
ptolbert@heartcityhealth.org,,,Ptolbert,,Ptolbert,,Unknown,Heartcity Health,,,,Not Found
jamie.ezell@nbcm.org,,,Jamie,Ezell,Jamie Ezell,,Unknown,Nbcm,,,,Not Found
jochs@lchoakley.com,,,Jochs,,Jochs,,Unknown,Lchoakley,,,,Not Found
azimmerman@lchoakley.com,,,Azimmerman,,Azimmerman,,Unknown,Lchoakley,,,,Not Found
rkahle@lchoakley.com,,,Rkahle,,Rkahle,,Unknown,Lchoakley,,,,Not Found
cweber@lchoakley.com,,,Cweber,,Cweber,,Unknown,Lchoakley,,,,Not Found
smangold@lchoakley.com,,,Smangold,,Smangold,,Unknown,Lchoakley,,,,Not Found
hglassman@lchoakley.com,,,Hglassman,,Hglassman,,Unknown,Lchoakley,,,,Not Found
ccuster@sacredheartmercy.org,,,Ccuster,,Ccuster,,Unknown,Sacredheartmercy,,,,Not Found
mmoore@cfhconline.org,,,Mmoore,,Mmoore,,Unknown,Cfhconline,,,,Not Found
sdevarakonda@cfhconline.org,,,Sdevarakonda,,Sdevarakonda,,Unknown,Cfhconline,,,,Not Found
cmessner@cfhconline.org,,,Cmessner,,Cmessner,,Unknown,Cfhconline,,,,Not Found
pkenney@cfhconline.org,,,Pkenney,,Pkenney,,Unknown,Cfhconline,,,,Not Found
jplante@cfhconline.org,,,Jplante,,Jplante,,Unknown,Cfhconline,,,,Not Found
grhall@cfhconline.org,,,Grhall,,Grhall,,Unknown,Cfhconline,,,,Not Found
mpickos@cfhconline.org,,,Mpickos,,Mpickos,,Unknown,Cfhconline,,,,Not Found
jsingleton@cfhconline.org,,,Jsingleton,,Jsingleton,,Unknown,Cfhconline,,,,Not Found
troscoe@corktownhealth.org,,,Troscoe,,Troscoe,,Unknown,Corktown Health,,,,Not Found
kbarnes@cwwilliams.org,,,Kbarnes,,Kbarnes,,Unknown,Cwwilliams,,,,Not Found
msimmons@cwwilliams.org,,,Immons,,Immons,,Unknown,Cwwilliams,,,,Not Found
paklase@suclinica.org,,,Paklase,,Paklase,,Unknown,Su Clinic A,,,,Not Found
andrea.mcknight@davidraineschc.org,,,Andrea,Mcknight,Andrea Mcknight,,Unknown,Davidraineschc,,,,Not Found
laura.rhead@adelantehealthcare.org,,,Laura,Rhead,Laura Rhead,,Unknown,Adelante Health Care,,,,Not Found
risaac@healthpointchc.org,,,Risaac,,Risaac,,Unknown,Health Pointchc,,,,Not Found
lspencer@gacfhc.org,,,Lspencer,,Lspencer,,Unknown,Gacfhc,,,,Not Found
chris.haacker@davidraineschc.org,,,Chris,Haacker,Chris Haacker,,Unknown,Davidraineschc,,,,Not Found
rrojo@adelantehealthcare.org,,,Rrojo,,Rrojo,,Unknown,Adelante Health Care,,,,Not Found
mcarter@carevide.org,,,Mcarter,,Mcarter,,Unknown,Care Vide,,,,Not Found
trobles@adelantehealthcare.com,,,Trobles,,Trobles,,Unknown,Adelante Health Care,,,,Not Found
cschmidt@marinclinic.org,,,Cschmidt,,Cschmidt,,Unknown,Marin Clinic,,,,Not Found
adam.smith@adelantehealthcare.org,,,Adam,Smith,Adam Smith,,Unknown,Adelante Health Care,,,,Not Found
rhernandez@mccinc.org,,,Rhernandez,,Rhernandez,,Unknown,Mccinc,,,,Not Found
bfranco@adelantehealthcare.org,,,Bfranco,,Bfranco,,Unknown,Adelante Health Care,,,,Not Found
patricia.mckay@adelantehealthcare.org,,,Patricia,Mckay,Patricia Mckay,,Unknown,Adelante Health Care,,,,Not Found
jennifer.strauel@adelantehealthcare.org,,,Jennifer,Strauel,Jennifer Strauel,,Unknown,Adelante Health Care,,,,Not Found
ymclaurin@gacfhc.org,,,Ymclaurin,,Ymclaurin,,Unknown,Gacfhc,,,,Not Found
solson@northshorehealth.org,,,Solson,,Solson,,Unknown,Northshore Health,,,,Not Found
kay.sour@davidraineschc.org,,,Kay,Sour,Kay Sour,,Unknown,Davidraineschc,,,,Not Found
mrodriguez@adelantehealthcare.com,,,Odriguez,,Odriguez,,Unknown,Adelante Health Care,,,,Not Found
mike.taber@adelantehealthcare.org,,,Mike,Taber,Mike Taber,,Unknown,Adelante Health Care,,,,Not Found
sratmansky@adelantehealthcare.com,,,Sratmansky,,Sratmansky,,Unknown,Adelante Health Care,,,,Not Found
cherry.mack@primaryonehealth.org,,,Cherry,Mack,Cherry Mack,,Unknown,Primaryone Health,,,,Not Found
kvalencia@adelantehealthcare.org,,,Kvalencia,,Kvalencia,,Unknown,Adelante Health Care,,,,Not Found
kostiukr@churchhealth.org,,,Kostiukr,,Kostiukr,,Unknown,Church Health,,,,Not Found
kvivas@adelantehealthcare.com,,,Kvivas,,Kvivas,,Unknown,Adelante Health Care,,,,Not Found
anguyen@northshorehealth.org,,,Anguyen,,Anguyen,,Unknown,Northshore Health,,,,Not Found
clee@northshorehealth.org,,,Clee,,Clee,,Unknown,Northshore Health,,,,Not Found
stephanie.sanchez@adelantehealthcare.org,,,Stephanie,Sanchez,Stephanie Sanchez,,Unknown,Adelante Health Care,,,,Not Found
sandra.knight@adelantehealthcare.org,,,Sandra,Knight,Sandra Knight,,Unknown,Adelante Health Care,,,,Not Found
lanettegordon@mccinc.org,,,Lanettegordon,,Lanettegordon,,Unknown,Mccinc,,,,Not Found
daijona.hedrick@primaryonehealth.org,,,Daijona,Hedrick,Daijona Hedrick,,Unknown,Primaryone Health,,,,Not Found
dperez@adelantehealthcare.com,,,Dperez,,Dperez,,Unknown,Adelante Health Care,,,,Not Found
jmustell@adelantehealthcare.org,,,Jmustell,,Jmustell,,Unknown,Adelante Health Care,,,,Not Found
kimberly.eyraud@adelantehealthcare.org,,,Kimberly,Eyraud,Kimberly Eyraud,,Unknown,Adelante Health Care,,,,Not Found
jcastrillo@adelantehealthcare.org,,,Jcastrillo,,Jcastrillo,,Unknown,Adelante Health Care,,,,Not Found
daisy.armenta@adelantehealthcare.org,,,Daisy,Armenta,Daisy Armenta,,Unknown,Adelante Health Care,,,,Not Found
ragnew@northshorehealth.org,,,Ragnew,,Ragnew,,Unknown,Northshore Health,,,,Not Found
shahin.cruz@adelantehealthcare.org,,,Shahin,Cruz,Shahin Cruz,,Unknown,Adelante Health Care,,,,Not Found
mtafoya@adelantehealthcare.org,,,Mtafoya,,Mtafoya,,Unknown,Adelante Health Care,,,,Not Found
gary.campbell@adelantehealthcare.org,,,Gary,Campbell,Gary Campbell,,Unknown,Adelante Health Care,,,,Not Found
amber.seymour@primaryonehealth.org,,,Amber,Seymour,Amber Seymour,,Unknown,Primaryone Health,,,,Not Found
tthigpen@gacfhc.org,,,Tthigpen,,Tthigpen,,Unknown,Gacfhc,,,,Not Found
fikru.nigusse@primaryonehealth.org,,,Fikru,Nigusse,Fikru Nigusse,,Unknown,Primaryone Health,,,,Not Found
nmuthanna@adelantehealthcare.org,,,Nmuthanna,,Nmuthanna,,Unknown,Adelante Health Care,,,,Not Found
rebecca.williamson@primaryonehealth.org,,,Rebecca,Williamson,Rebecca Williamson,,Unknown,Primaryone Health,,,,Not Found
taylor.harper@primaryonehealth.org,,,Taylor,Harper,Taylor Harper,,Unknown,Primaryone Health,,,,Not Found
icisneros@adelantehealthcare.org,,,Icisneros,,Icisneros,,Unknown,Adelante Health Care,,,,Not Found
ncontreras@adelantehealthcare.org,,,Ncontreras,,Ncontreras,,Unknown,Adelante Health Care,,,,Not Found
liza.paul@primaryonehealth.org,,,Liza,Paul,Liza Paul,,Unknown,Primaryone Health,,,,Not Found
smarney@adelantehealthcare.com,,,Smarney,,Smarney,,Unknown,Adelante Health Care,,,,Not Found
vaneza.hernandez@adelantehealthcare.org,,,Vaneza,Hernandez,Vaneza Hernandez,,Unknown,Adelante Health Care,,,,Not Found
valerie.jones@primaryonehealth.org,,,Valerie,Jones,Valerie Jones,,Unknown,Primaryone Health,,,,Not Found
tina.vamos@primaryonehealth.org,,,Tina,Vamos,Tina Vamos,,Unknown,Primaryone Health,,,,Not Found
stephanie.sexton@adelantehealthcare.org,,,Stephanie,Sexton,Stephanie Sexton,,Unknown,Adelante Health Care,,,,Not Found
osanders@carevide.org,,,Osanders,,Osanders,,Unknown,Care Vide,,,,Not Found
sjenkins@gacfhc.org,,,Sjenkins,,Sjenkins,,Unknown,Gacfhc,,,,Not Found
icelaya@adelantehealthcare.org,,,Icelaya,,Icelaya,,Unknown,Adelante Health Care,,,,Not Found
gabriel.harris@adelantehealthcare.org,,,Gabriel,Harris,Gabriel Harris,,Unknown,Adelante Health Care,,,,Not Found
sheldon.twiggs@primaryonehealth.org,,,Sheldon,Twiggs,Sheldon Twiggs,,Unknown,Primaryone Health,,,,Not Found
allen.osofsky@adelantehealthcare.org,,,Allen,Osofsky,Allen Osofsky,,Unknown,Adelante Health Care,,,,Not Found
mibrahuim@omnifamilyhealth.org,,,Mibrahuim,,Mibrahuim,,Unknown,Omni Family Health,,,,Not Found
salvarez@adelantehealthcare.org,,,Salvarez,,Salvarez,,Unknown,Adelante Health Care,,,,Not Found
carlos.pastor@adelantehealthcare.org,,,Carlos,Pastor,Carlos Pastor,,Unknown,Adelante Health Care,,,,Not Found
aaguirre@adelantehealthcare.com,,,Aaguirre,,Aaguirre,,Unknown,Adelante Health Care,,,,Not Found
dcuello@gacfhc.org,,,Dcuello,,Dcuello,,Unknown,Gacfhc,,,,Not Found
jcoleman@gacfhc.org,,,Jcoleman,,Jcoleman,,Unknown,Gacfhc,,,,Not Found
mmunoz@adelantehealthcare.com,,,Mmunoz,,Mmunoz,,Unknown,Adelante Health Care,,,,Not Found
tammy.sizemore@gracehealthky.org,,,Tammy,Sizemore,Tammy Sizemore,,Unknown,Grace Health Ky,,,,Not Found
blomeli@gvhc.org,,,Blomeli,,Blomeli,,Unknown,Gvhc,,,,Not Found
bmeek@adelantehealthcare.com,,,Bmeek,,Bmeek,,Unknown,Adelante Health Care,,,,Not Found
sylvia.mcbride@primaryonehealth.org,,,Sylvia,Mcbride,Sylvia Mcbride,,Unknown,Primaryone Health,,,,Not Found
dmurillo@adelantehealthcare.org,,,Dmurillo,,Dmurillo,,Unknown,Adelante Health Care,,,,Not Found
rcarter@adelantehealthcare.org,,,Rcarter,,Rcarter,,Unknown,Adelante Health Care,,,,Not Found
taliana.borrello@adelantehealthcare.org,,,Taliana,Borrello,Taliana Borrello,,Unknown,Adelante Health Care,,,,Not Found
dadams@adelantehealthcare.org,,,Dadams,,Dadams,,Unknown,Adelante Health Care,,,,Not Found
jule.maloney@adelantehealthcare.org,,,Jule,Maloney,Jule Maloney,,Unknown,Adelante Health Care,,,,Not Found
dpolonia@primaryonehealth.org,,,Dpolonia,,Dpolonia,,Unknown,Primaryone Health,,,,Not Found
darius.cruz@adelantehealthcare.org,,,Darius,Cruz,Darius Cruz,,Unknown,Adelante Health Care,,,,Not Found
acaruso@adelantehealthcare.com,,,Acaruso,,Acaruso,,Unknown,Adelante Health Care,,,,Not Found
tlivsey@primaryonehealth.org,,,Tlivsey,,Tlivsey,,Unknown,Primaryone Health,,,,Not Found
mayra.villalpando@adelantehealthcare.org,,,Mayra,Villalpando,Mayra Villalpando,,Unknown,Adelante Health Care,,,,Not Found
jfritsch@mccinc.org,,,Jfritsch,,Jfritsch,,Unknown,Mccinc,,,,Not Found
brockton.mitchell@primaryonehealth.org,,,Brockton,Mitchell,Brockton Mitchell,,Unknown,Primaryone Health,,,,Not Found
crystianne.snyder@adelantehealthcare.org,,,Crystianne,Snyder,Crystianne Snyder,,Unknown,Adelante Health Care,,,,Not Found
csanchez@adelantehealthcare.org,,,Csanchez,,Csanchez,,Unknown,Adelante Health Care,,,,Not Found
afigueroa@adelantehealthcare.org,,,Afigueroa,,Afigueroa,,Unknown,Adelante Health Care,,,,Not Found
sfears@adelantehealthcare.org,,,Sfears,,Sfears,,Unknown,Adelante Health Care,,,,Not Found
pauldeleon@nevhc.org,,,Pauldeleon,,Pauldeleon,,Unknown,Nevhc,,,,Not Found
ajohansson@adelantehealthcare.com,,,Ajohansson,,Ajohansson,,Unknown,Adelante Health Care,,,,Not Found
ifregozo@adelantehealthcare.org,,,Ifregozo,,Ifregozo,,Unknown,Adelante Health Care,,,,Not Found
mitzy.torres@adelantehealthcare.org,,,Mitzy,Torres,Mitzy Torres,,Unknown,Adelante Health Care,,,,Not Found
vanessa.lizarraga@adelantehealthcare.org,,,Vanessa,Lizarraga,Vanessa Lizarraga,,Unknown,Adelante Health Care,,,,Not Found
dillon.johnson@adelantehealthcare.org,,,Dillon,Johnson,Dillon Johnson,,Unknown,Adelante Health Care,,,,Not Found
robert.woodley@adelantehealthcare.org,,,Robert,Woodley,Robert Woodley,,Unknown,Adelante Health Care,,,,Not Found
livbier.pearson@adelantehealthcare.com,,,Livbier,Pearson,Livbier Pearson,,Unknown,Adelante Health Care,,,,Not Found
y.alvarez-rooney@adelantehealthcare.org,,,Y,Rooney,Y Alvarez Rooney,,Unknown,Adelante Health Care,,,,Not Found
raragon@adelantehealthcare.org,,,Raragon,,Raragon,,Unknown,Adelante Health Care,,,,Not Found
glenzetta.hall@davidraineschc.org,,,Glenzetta,Hall,Glenzetta Hall,,Unknown,Davidraineschc,,,,Not Found
ebonie.brown@adelantehealthcare.org,,,Ebonie,Brown,Ebonie Brown,,Unknown,Adelante Health Care,,,,Not Found
ddelaney@northshorehealth.org,,,Ddelaney,,Ddelaney,,Unknown,Northshore Health,,,,Not Found
mnabong@adelantehealthcare.org,,,Mnabong,,Mnabong,,Unknown,Adelante Health Care,,,,Not Found
tcart@gvhc.org,,,Tcart,,Tcart,,Unknown,Gvhc,,,,Not Found
rvargas@gvhc.org,,,Rvargas,,Rvargas,,Unknown,Gvhc,,,,Not Found
jmartin@omnifamilyhealth.org,,,Jmartin,,Jmartin,,Unknown,Omni Family Health,,,,Not Found
dfujii@wcchc.com,,,Dfujii,,Dfujii,,Unknown,Wcchc,,,,Not Found
sage.lapena@snahc.org,,,Sage,Lapena,Sage Lapena,,Unknown,Snahc,,,,Not Found
jmijares@adelantehealthcare.org,,,Jmijares,,Jmijares,,Unknown,Adelante Health Care,,,,Not Found
kamau.wilson@primaryonehealth.org,,,Kamau,Wilson,Kamau Wilson,,Unknown,Primaryone Health,,,,Not Found
mverdin@marinclinic.org,,,Mverdin,,Mverdin,,Unknown,Marin Clinic,,,,Not Found
ahein@northshorehealth.org,,,Ahein,,Ahein,,Unknown,Northshore Health,,,,Not Found
pmarshall@davidraineschc.org,,,Pmarshall,,Pmarshall,,Unknown,Davidraineschc,,,,Not Found
amazack@adelantehealthcare.org,,,Amazack,,Amazack,,Unknown,Adelante Health Care,,,,Not Found
sstevens@adelantehealthcare.org,,,Sstevens,,Sstevens,,Unknown,Adelante Health Care,,,,Not Found
msanchez@adelantehealthcare.com,,,Anchez,,Anchez,,Unknown,Adelante Health Care,,,,Not Found
iedwards@davidraineschc.org,,,Iedwards,,Iedwards,,Unknown,Davidraineschc,,,,Not Found
jday@primaryonehealth.org,,,Jday,,Jday,,Unknown,Primaryone Health,,,,Not Found
dgillett@adelantehealthcare.org,,,Dgillett,,Dgillett,,Unknown,Adelante Health Care,,,,Not Found
jhalfar@adelantehealthcare.org,,,Jhalfar,,Jhalfar,,Unknown,Adelante Health Care,,,,Not Found
sturms@churchhealth.org,,,Sturms,,Sturms,,Unknown,Church Health,,,,Not Found
claudia@garfieldhealthcenter.com,,,Claudia,,Claudia,,Unknown,Garfield Health Center,,,,Not Found
dcarpenter@northshorehealth.org,,,Dcarpenter,,Dcarpenter,,Unknown,Northshore Health,,,,Not Found
rscott@gacfhc.org,,,Rscott,,Rscott,,Unknown,Gacfhc,,,,Not Found
nadia.vizcarra@adelantehealthcare.org,,,Nadia,Vizcarra,Nadia Vizcarra,,Unknown,Adelante Health Care,,,,Not Found
victor.contreras@adelantehealthcare.org,,,Victor,Contreras,Victor Contreras,,Unknown,Adelante Health Care,,,,Not Found
ckinnee@adelantehealthcare.org,,,Ckinnee,,Ckinnee,,Unknown,Adelante Health Care,,,,Not Found
futrisa@churchhealth.org,,,Futrisa,,Futrisa,,Unknown,Church Health,,,,Not Found
marcey.mende@adelantehealthcare.org,,,Marcey,Mende,Marcey Mende,,Unknown,Adelante Health Care,,,,Not Found
ncampbell@cwcare.net,,,Ncampbell,,Ncampbell,,Unknown,Cw Care,,,,Not Found
dfullmer@omnifamilyhealth.org,,,Dfullmer,,Dfullmer,,Unknown,Omni Family Health,,,,Not Found
bill.rosenfeld@adelantehealthcare.org,,,Bill,Rosenfeld,Bill Rosenfeld,,Unknown,Adelante Health Care,,,,Not Found
rgannon@lchservices.org,,,Rgannon,,Rgannon,,Unknown,Lchservices,,,,Not Found
david.becker@familyhch.org,,,David,Becker,David Becker,,Unknown,Family Hch,,,,Not Found
jcalvin@lscctx.org,,,Jcalvin,,Jcalvin,,Unknown,Lscctx,,,,Not Found
jessica@choicehealthnetwork.org,,,Jessica,,Jessica,,Unknown,Choice Health Network,,,,Not Found
jsmith@ldchealth.org,,,Jsmith,,Jsmith,,Unknown,Ldc Health,,,,Not Found
karin.hennings@dphealth.org,,,Karin,Hennings,Karin Hennings,,Unknown,Dp Health,,,,Not Found
kim@efcst.org,,,Kim,,Kim,,Unknown,Efcst,,,,Not Found
klowther@whatleyhealth.org,,,Klowther,,Klowther,,Unknown,Whatley Health,,,,Not Found
kwhite@mohigh.org,,,Kwhite,,Kwhite,,Unknown,Mohigh,,,,Not Found
larry.villano@rhaz.org,,,Larry,Villano,Larry Villano,,Unknown,Rhaz,,,,Not Found
mandress@wfhcfl.org,,,Mandress,,Mandress,,Unknown,Wfhcfl,,,,Not Found
mhowland@rchc.us,,,Mhowland,,Mhowland,,Unknown,Rchc,,,,Not Found
mjohnson@happihealth.org,,,Mjohnson,,Mjohnson,,Unknown,Happi Health,,,,Not Found
nmckenzie@gwch.org,,,Nmckenzie,,Nmckenzie,,Unknown,Gwch,,,,Not Found
rwagoner@wagonerfhc.com,,,Rwagoner,,Rwagoner,,Unknown,Wagonerfhc,,,,Not Found
smiracle@gamtnhealth.org,,,Smiracle,,Smiracle,,Unknown,Gamtn Health,,,,Not Found
timikas@tomagwa.org,,,Timikas,,Timikas,,Unknown,Tomagwa,,,,Not Found
tsignaigo@hanahealth.org,,,Tsignaigo,,Tsignaigo,,Unknown,Hana Health,,,,Not Found
zspreitzer@hcenter.org,,,Zspreitzer,,Zspreitzer,,Unknown,H Center,,,,Not Found
larry@lghcc.com,,,Larry,,Larry,,Unknown,Lghcc,,,,Not Found
wgondi@valleyhealthcare.org,,,Wgondi,,Wgondi,,Unknown,Valley Health Care,,,,Not Found
kaleonard@valleyhealthcare.org,,,Kaleonard,,Kaleonard,,Unknown,Valley Health Care,,,,Not Found
mjohnson@valleyhealthcare.org,,,Mjohnson,,Mjohnson,,Unknown,Valley Health Care,,,,Not Found
bsharp@valleyhealthcare.org,,,Bsharp,,Bsharp,,Unknown,Valley Health Care,,,,Not Found
anna.tucker@thac.us,,,Anna,Tucker,Anna Tucker,,Unknown,Thac,,,,Not Found
rosa@thac.us,,,Rosa,,Rosa,,Unknown,Thac,,,,Not Found
sarab@catherineshc.org,,,Sarab,,Sarab,,Unknown,Catherineshc,,,,Not Found
astephens@catherineshc.org,,,Astephens,,Astephens,,Unknown,Catherineshc,,,,Not Found
kdenooyer@catherineshc.org,,,Kdenooyer,,Kdenooyer,,Unknown,Catherineshc,,,,Not Found
astockwell@catherineshc.org,,,Astockwell,,Astockwell,,Unknown,Catherineshc,,,,Not Found
akeil@catherineshc.org,,,Akeil,,Akeil,,Unknown,Catherineshc,,,,Not Found
mcontreras@catherineshc.org,,,Mcontreras,,Mcontreras,,Unknown,Catherineshc,,,,Not Found
eanastasia@catherineshc.org,,,Eanastasia,,Eanastasia,,Unknown,Catherineshc,,,,Not Found
kcantrell@cawhs.org,,,Kcantrell,,Kcantrell,,Unknown,Cawhs,,,,Not Found
sojdeh_saber@packardhealth.org,,,Sojdeh,Saber,Sojdeh Saber,,Unknown,Packard Health,,,,Not Found
mzahn@accesscarroll.org,,,Mzahn,,Mzahn,,Unknown,Accesscarroll,,,,Not Found
tbjorlie@cvhnc.org,,,Tbjorlie,,Tbjorlie,,Unknown,Cvhnc,,,,Not Found
sbrown@cvhnc.org,,,Sbrown,,Sbrown,,Unknown,Cvhnc,,,,Not Found
blewer@hanahealth.org,,,Blewer,,Blewer,,Unknown,Hana Health,,,,Not Found
pmetz@hanahealth.org,,,Pmetz,,Pmetz,,Unknown,Hana Health,,,,Not Found
kwillenbrink@hanahealth.org,,,Kwillenbrink,,Kwillenbrink,,Unknown,Hana Health,,,,Not Found
savannah@choicehealthnetwork.org,,,Savannah,,Savannah,,Unknown,Choice Health Network,,,,Not Found
santina@choicehealthnetwork.org,,,Santina,,Santina,,Unknown,Choice Health Network,,,,Not Found
christinas@choicehealthnetwork.org,,,Christinas,,Christinas,,Unknown,Choice Health Network,,,,Not Found
aportman@breckhealth.org,,,Aportman,,Aportman,,Unknown,Breck Health,,,,Not Found
obrocklebank@nnmfhc.org,,,Obrocklebank,,Obrocklebank,,Unknown,Nnmfhc,,,,Not Found
smcclellan@nnmfhc.org,,,Smcclellan,,Smcclellan,,Unknown,Nnmfhc,,,,Not Found
thall@nnmfhc.org,,,Thall,,Thall,,Unknown,Nnmfhc,,,,Not Found
sstevens@1stchoice-ar.org,,,Sstevens,,Sstevens,,Unknown,1stchoice Ar,,,,Not Found
jgambino@hhchc.org,,,Jgambino,,Jgambino,,Unknown,Hhchc,,,,Not Found
cbelcher@chcsga.org,,,Cbelcher,,Cbelcher,,Unknown,Chcsga,,,,Not Found
tara.seay@christchs.org,,,Tara,Seay,Tara Seay,,Unknown,Christchs,,,,Not Found
javed.akhtar@ryanhealth.org,,,Javed,Akhtar,Javed Akhtar,,Unknown,Ryan Health,,,,Not Found
vteixeira@ryanhealth.org,,,Vteixeira,,Vteixeira,,Unknown,Ryan Health,,,,Not Found
christopher.quinones@ryanhealth.org,,,Christopher,Quinones,Christopher Quinones,,Unknown,Ryan Health,,,,Not Found
madeline.baisden-williams@ryanhealth.org,,,Madeline,Williams,Madeline Baisden Williams,,Unknown,Ryan Health,,,,Not Found
rayna.james@ryanhealth.org,,,Rayna,James,Rayna James,,Unknown,Ryan Health,,,,Not Found
bilal.bashir@ryanhealth.org,,,Bilal,Bashir,Bilal Bashir,,Unknown,Ryan Health,,,,Not Found
aclaussen@cfhconline.org,,,Aclaussen,,Aclaussen,,Unknown,Cfhconline,,,,Not Found
cheryl.kilgore@inhc.org,,,Cheryl,Kilgore,Cheryl Kilgore,,Unknown,Inhc,,,,Not Found
clmorgan@ozarkclm.org,,,Clmorgan,,Clmorgan,,Unknown,Ozarkclm,,,,Not Found
njsuarez@unityhealthonmain.org,,,Njsuarez,,Njsuarez,,Unknown,Unity Health Onmain,,,,Not Found
rgonzalez@unityhealthonmain.org,,,Rgonzalez,,Rgonzalez,,Unknown,Unity Health Onmain,,,,Not Found
shannon.bartow@westsidehealth.org,,,Shannon,Bartow,Shannon Bartow,,Unknown,Westside Health,,,,Not Found
eunice.holman@westsidehealth.org,,,Eunice,Holman,Eunice Holman,,Unknown,Westside Health,,,,Not Found
cjones@bondchc.com,,,Cjones,,Cjones,,Unknown,Bondchc,,,,Not Found
ddurden@bondchc.com,,,Ddurden,,Ddurden,,Unknown,Bondchc,,,,Not Found
cevans@bondchc.com,,,Cevans,,Cevans,,Unknown,Bondchc,,,,Not Found
mjeannitte@wfhcfl.org,,,Mjeannitte,,Mjeannitte,,Unknown,Wfhcfl,,,,Not Found
evictor@wfhcfl.org,,,Evictor,,Evictor,,Unknown,Wfhcfl,,,,Not Found
dmarcos@wfhcfl.org,,,Dmarcos,,Dmarcos,,Unknown,Wfhcfl,,,,Not Found
michelle.batt@wfhcfl.org,,,Michelle,Batt,Michelle Batt,,Unknown,Wfhcfl,,,,Not Found
kroberts@wfhcfl.org,,,Kroberts,,Kroberts,,Unknown,Wfhcfl,,,,Not Found
jmerritt@wfhcfl.org,,,Jmerritt,,Jmerritt,,Unknown,Wfhcfl,,,,Not Found
dapplebaum@wfhcfl.org,,,Dapplebaum,,Dapplebaum,,Unknown,Wfhcfl,,,,Not Found
jrogers@wfhcfl.org,,,Jrogers,,Jrogers,,Unknown,Wfhcfl,,,,Not Found
deanne.loague@wfhcfl.org,,,Deanne,Loague,Deanne Loague,,Unknown,Wfhcfl,,,,Not Found
ccarney@shsdc.org,,,Ccarney,,Ccarney,,Unknown,Shsdc,,,,Not Found
mairi@phcpc.org,,,Mairi,,Mairi,,Unknown,Phcpc,,,,Not Found
settie@phcpc.org,,,Settie,,Settie,,Unknown,Phcpc,,,,Not Found
tania@phcpc.org,,,Tania,,Tania,,Unknown,Phcpc,,,,Not Found
dalia@phcpc.org,,,Dalia,,Dalia,,Unknown,Phcpc,,,,Not Found
linsey@phcpc.org,,,Linsey,,Linsey,,Unknown,Phcpc,,,,Not Found
olivia@phcpc.org,,,Olivia,,Olivia,,Unknown,Phcpc,,,,Not Found
elizabeth@phcpc.org,,,Elizabeth,,Elizabeth,,Unknown,Phcpc,,,,Not Found
dessire@phcpc.org,,,Dessire,,Dessire,,Unknown,Phcpc,,,,Not Found
joana@phcpc.org,,,Joana,,Joana,,Unknown,Phcpc,,,,Not Found
apapadimitriou@cchc1.org,,,Apapadimitriou,,Apapadimitriou,,Unknown,Cchc1,,,,Not Found
mbaxtrom@cchc1.org,,,Mbaxtrom,,Mbaxtrom,,Unknown,Cchc1,,,,Not Found
rtran@waikikihealth.org,,,Rtran,,Rtran,,Unknown,Waikiki Health,,,,Not Found
dreed@tcahealth.org,,,Eed,,Eed,,Unknown,Tca Health,,,,Not Found
torem@tcahealth.org,,,Torem,,Torem,,Unknown,Tca Health,,,,Not Found
amensah@urbanmin.org,,,Amensah,,Amensah,,Unknown,Urbanmin,,,,Not Found
mlemmons@urbanmin.org,,,Mlemmons,,Mlemmons,,Unknown,Urbanmin,,,,Not Found
pjesep@hhchc.org,,,Pjesep,,Pjesep,,Unknown,Hhchc,,,,Not Found
kdussault@hhchc.org,,,Kdussault,,Kdussault,,Unknown,Hhchc,,,,Not Found
svarughese@hhchc.org,,,Svarughese,,Svarughese,,Unknown,Hhchc,,,,Not Found
vsiverling@hhchc.org,,,Vsiverling,,Vsiverling,,Unknown,Hhchc,,,,Not Found
fnesary@hhchc.org,,,Fnesary,,Fnesary,,Unknown,Hhchc,,,,Not Found
jrivera@hhchc.org,,,Jrivera,,Jrivera,,Unknown,Hhchc,,,,Not Found
kbeasley@thedoor.org,,,Kbeasley,,Kbeasley,,Unknown,Thedoor,,,,Not Found
kniznik@thedoor.org,,,Kniznik,,Kniznik,,Unknown,Thedoor,,,,Not Found
kharper@gracemed.org,,,Kharper,,Kharper,,Unknown,Gracemed,,,,Not Found
tmcpherson@gracemed.org,,,Tmcpherson,,Tmcpherson,,Unknown,Gracemed,,,,Not Found
rachel.ezzo@whitefoord.org,,,Rachel,Ezzo,Rachel Ezzo,,Unknown,Whitefoord,,,,Not Found
louis.simmons@whitefoord.org,,,Louis,Simmons,Louis Simmons,,Unknown,Whitefoord,,,,Not Found
cherlisa.levister@whitefoord.org,,,Cherlisa,Levister,Cherlisa Levister,,Unknown,Whitefoord,,,,Not Found
jjohnson@whitefoord.org,,,Jjohnson,,Jjohnson,,Unknown,Whitefoord,,,,Not Found
brooke.patterson@newhorizonshealthcare.org,,,Brooke,Patterson,Brooke Patterson,,Unknown,Newhorizons Health Care,,,,Not Found
lesliehanley@cvhsinc.org,,,Lesliehanley,,Lesliehanley,,Unknown,Cvhsinc,,,,Not Found
tara.parmely@highplainschc.net,,,Tara,Parmely,Tara Parmely,,Unknown,Highplainschc,,,,Not Found
barbie.galloway@caresouth-carolina.com,,,Barbie,Galloway,Barbie Galloway,,Unknown,Care South Carolina,,,,Not Found
jscales@newhorizonshealthcare.org,,,Jscales,,Jscales,,Unknown,Newhorizons Health Care,,,,Not Found
aescobar@aplahealth.org,,,Aescobar,,Aescobar,,Unknown,Apla Health,,,,Not Found
cangara@sfchealthcenter.org,,,Cangara,,Cangara,,Unknown,Sfc Health Center,,,,Not Found
kim.phillips@highplainschc.net,,,Kim,Phillips,Kim Phillips,,Unknown,Highplainschc,,,,Not Found
pennyk@coplinhealth.com,,,Pennyk,,Pennyk,,Unknown,Coplin Health,,,,Not Found
kinga@sdhsinc.com,,,Kinga,,Kinga,,Unknown,Sdhsinc,,,,Not Found
abickel@fhclouisville.org,,,Abickel,,Abickel,,Unknown,Fhclouisville,,,,Not Found
lcrawford@contentnea.org,,,Lcrawford,,Lcrawford,,Unknown,Contentnea,,,,Not Found
michelle.braund@ufhcinc.org,,,Michelle,Braund,Michelle Braund,,Unknown,Ufhcinc,,,,Not Found
zawsai.aung@ufhcinc.org,,,Zawsai,Aung,Zawsai Aung,,Unknown,Ufhcinc,,,,Not Found
jlaborte@lanaihealth.org,,,Jlaborte,,Jlaborte,,Unknown,Lanai Health,,,,Not Found
jdales@thehealthwagon.org,,,Jdales,,Jdales,,Unknown,The Health Wagon,,,,Not Found
jfontoura@suncoast-chc.org,,,Jfontoura,,Jfontoura,,Unknown,Suncoast Chc,,,,Not Found
ahuard@mphc-az.org,,,Ahuard,,Ahuard,,Unknown,Mphc Az,,,,Not Found
marciag@cvhsinc.org,,,Marciag,,Marciag,,Unknown,Cvhsinc,,,,Not Found
aveliz@sfchealthcenter.org,,,Aveliz,,Aveliz,,Unknown,Sfc Health Center,,,,Not Found
sakhon.poy@hfcca.com,,,Sakhon,Poy,Sakhon Poy,,Unknown,Hfcca,,,,Not Found
carriep@coplinhealth.com,,,Carriep,,Carriep,,Unknown,Coplin Health,,,,Not Found
ekao@novasaludinc.org,,,Ekao,,Ekao,,Unknown,Novasaludinc,,,,Not Found
jessicac@coplinhealth.com,,,Jessicac,,Jessicac,,Unknown,Coplin Health,,,,Not Found
paulatomko@cvhsinc.org,,,Paulatomko,,Paulatomko,,Unknown,Cvhsinc,,,,Not Found
lorri@ahcflorida.com,,,Lorri,,Lorri,,Unknown,Ahcflorida,,,,Not Found
robd@coplinhealth.com,,,Robd,,Robd,,Unknown,Coplin Health,,,,Not Found
jasonp@coplinhealth.com,,,Jasonp,,Jasonp,,Unknown,Coplin Health,,,,Not Found
tiffanystewart@cvhsinc.org,,,Tiffanystewart,,Tiffanystewart,,Unknown,Cvhsinc,,,,Not Found
kamilahc@cvhsinc.org,,,Kamilahc,,Kamilahc,,Unknown,Cvhsinc,,,,Not Found
currint@sdhsinc.com,,,Currint,,Currint,,Unknown,Sdhsinc,,,,Not Found
awilliams@sfchealthcenter.org,,,Awilliams,,Awilliams,,Unknown,Sfc Health Center,,,,Not Found
amandamorgan@cvhsinc.org,,,Amandamorgan,,Amandamorgan,,Unknown,Cvhsinc,,,,Not Found
iriss@cvhsinc.org,,,Iriss,,Iriss,,Unknown,Cvhsinc,,,,Not Found
mmartinez@sfchealthcenter.org,,,Mmartinez,,Mmartinez,,Unknown,Sfc Health Center,,,,Not Found
heatherstone@cvhsinc.org,,,Heatherstone,,Heatherstone,,Unknown,Cvhsinc,,,,Not Found
asimons@sfchealthcenter.org,,,Asimons,,Asimons,,Unknown,Sfc Health Center,,,,Not Found
rvalenzuela@rittercenter.org,,,Rvalenzuela,,Rvalenzuela,,Unknown,Ritter Center,,,,Not Found
mwherry@chanevada.org,,,Mwherry,,Mwherry,,Unknown,Chanevada,,,,Not Found
amejia@chanevada.org,,,Amejia,,Amejia,,Unknown,Chanevada,,,,Not Found
catalina.prado@ufhcinc.org,,,Catalina,Prado,Catalina Prado,,Unknown,Ufhcinc,,,,Not Found
iaguirre@novasaludinc.org,,,Iaguirre,,Iaguirre,,Unknown,Novasaludinc,,,,Not Found
dmartinez@langleyhealth.com,,,Dmartinez,,Dmartinez,,Unknown,Langley Health,,,,Not Found
kvappie@tabhealth.org,,,Kvappie,,Kvappie,,Unknown,Tab Health,,,,Not Found
danielca@gatewaychc.com,,,Danielca,,Danielca,,Unknown,Gatewaychc,,,,Not Found
darrinn@coplinhealth.com,,,Darrinn,,Darrinn,,Unknown,Coplin Health,,,,Not Found
tiap@coplinhealth.com,,,Tiap,,Tiap,,Unknown,Coplin Health,,,,Not Found
mgrayson@sfchealthcenter.org,,,Mgrayson,,Mgrayson,,Unknown,Sfc Health Center,,,,Not Found
sarahc@coplinhealth.com,,,Sarahc,,Sarahc,,Unknown,Coplin Health,,,,Not Found
kevin@kchni.org,,,Kevin,,Kevin,,Unknown,Kchni,,,,Not Found
rachel.mcbride@peakvista.org,,,Rachel,Mcbride,Rachel Mcbride,,Unknown,Peakvista,,,,Not Found
kgaumer@adelantehealthcare.com,,,Kgaumer,,Kgaumer,,Unknown,Adelante Health Care,,,,Not Found
cameron.branson@adelantehealthcare.org,,,Cameron,Branson,Cameron Branson,,Unknown,Adelante Health Care,,,,Not Found
mrobles@adelantehealthcare.com,,,Obles,,Obles,,Unknown,Adelante Health Care,,,,Not Found
ldavies@northshorehealth.org,,,Ldavies,,Ldavies,,Unknown,Northshore Health,,,,Not Found
sarah.soller@snahc.org,,,Sarah,Soller,Sarah Soller,,Unknown,Snahc,,,,Not Found
simmonsk@churchhealthcenter.org,,,Simmonsk,,Simmonsk,,Unknown,Church Health Center,,,,Not Found
meghan.volk@peakvista.org,,,Meghan,Volk,Meghan Volk,,Unknown,Peakvista,,,,Not Found
lnorthrop@marinclinic.org,,,Lnorthrop,,Lnorthrop,,Unknown,Marin Clinic,,,,Not Found
joyahrens@nevhc.org,,,Joyahrens,,Joyahrens,,Unknown,Nevhc,,,,Not Found
sallenlawson@adelantehealthcare.org,,,Sallenlawson,,Sallenlawson,,Unknown,Adelante Health Care,,,,Not Found
lmendez@adelantehealthcare.org,,,Lmendez,,Lmendez,,Unknown,Adelante Health Care,,,,Not Found
matopete@adelantehealthcare.org,,,Matopete,,Matopete,,Unknown,Adelante Health Care,,,,Not Found
cstewart@omnifamilyhealth.org,,,Cstewart,,Cstewart,,Unknown,Omni Family Health,,,,Not Found
bcardenas@adelantehealthcare.org,,,Bcardenas,,Bcardenas,,Unknown,Adelante Health Care,,,,Not Found
sboyles@adelantehealthcare.org,,,Sboyles,,Sboyles,,Unknown,Adelante Health Care,,,,Not Found
jonae.harrison@adelantehealthcare.org,,,Jonae,Harrison,Jonae Harrison,,Unknown,Adelante Health Care,,,,Not Found
jbarron@marinclinic.org,,,Jbarron,,Jbarron,,Unknown,Marin Clinic,,,,Not Found
eshaw@marinclinic.org,,,Eshaw,,Eshaw,,Unknown,Marin Clinic,,,,Not Found
beardc@churchhealthcenter.org,,,Beardc,,Beardc,,Unknown,Church Health Center,,,,Not Found
valmira.asllani@adelantehealthcare.org,,,Valmira,Asllani,Valmira Asllani,,Unknown,Adelante Health Care,,,,Not Found
randal.bierman@snahc.org,,,Randal,Bierman,Randal Bierman,,Unknown,Snahc,,,,Not Found
rsanchez@northshorehealth.org,,,Rsanchez,,Rsanchez,,Unknown,Northshore Health,,,,Not Found
karinagardea@nevhc.org,,,Karinagardea,,Karinagardea,,Unknown,Nevhc,,,,Not Found
nvalencia@adelantehealthcare.org,,,Nvalencia,,Nvalencia,,Unknown,Adelante Health Care,,,,Not Found
rverma@gvhc.org,,,Rverma,,Rverma,,Unknown,Gvhc,,,,Not Found
gerilynh@myhealthmn.org,,,Gerilynh,,Gerilynh,,Unknown,My Health Mn,,,,Not Found
plarby@northshorehealth.org,,,Plarby,,Plarby,,Unknown,Northshore Health,,,,Not Found
ckadera@marinclinics.org,,,Ckadera,,Ckadera,,Unknown,Marin Clinic S,,,,Not Found
aibrahim@mysunsethealth.org,,,Aibrahim,,Aibrahim,,Unknown,Mysunset Health,,,,Not Found
ptorres@adelantehealthcare.org,,,Ptorres,,Ptorres,,Unknown,Adelante Health Care,,,,Not Found
rblake@bmsfhc.org,,,Rblake,,Rblake,,Unknown,Bmsfhc,,,,Not Found
kestevez@nhclv.com,,,Kestevez,,Kestevez,,Unknown,Nhclv,,,,Not Found
gayle@choicehealthnetwork.org,,,Gayle,,Gayle,,Unknown,Choice Health Network,,,,Not Found
tlbirdtail@camashealth.com,,,Tlbirdtail,,Tlbirdtail,,Unknown,Camas Health,,,,Not Found
kgesink@promisechc.org,,,Kgesink,,Kgesink,,Unknown,Promisechc,,,,Not Found
bfaber@promisechc.org,,,Bfaber,,Bfaber,,Unknown,Promisechc,,,,Not Found
tmillikan@promisechc.org,,,Tmillikan,,Tmillikan,,Unknown,Promisechc,,,,Not Found
dotero@hmsnm.org,,,Dotero,,Dotero,,Unknown,Hmsnm,,,,Not Found
yoconnell@hmsnm.org,,,Yoconnell,,Yoconnell,,Unknown,Hmsnm,,,,Not Found
lbrowncontreras@hmsnm.org,,,Lbrowncontreras,,Lbrowncontreras,,Unknown,Hmsnm,,,,Not Found
abarrett@hmsnm.org,,,Abarrett,,Abarrett,,Unknown,Hmsnm,,,,Not Found
canderson@hmsnm.org,,,Canderson,,Canderson,,Unknown,Hmsnm,,,,Not Found
kjackson@hmsnm.org,,,Kjackson,,Kjackson,,Unknown,Hmsnm,,,,Not Found
gcannon@hmsnm.org,,,Gcannon,,Gcannon,,Unknown,Hmsnm,,,,Not Found
pnesbitt@hmsnm.org,,,Pnesbitt,,Pnesbitt,,Unknown,Hmsnm,,,,Not Found
bramirez@hmsnm.org,,,Bramirez,,Bramirez,,Unknown,Hmsnm,,,,Not Found
morganhonickel@cvhsinc.org,,,Morganhonickel,,Morganhonickel,,Unknown,Cvhsinc,,,,Not Found
s.higgins@nwbchcc.org,,,S,Higgins,S Higgins,,Unknown,Nwbchcc,,,,Not Found
sarah.liska@nhcwny.org,,,Sarah,Liska,Sarah Liska,,Unknown,Nhcwny,,,,Not Found
rrion@packardhealth.org,,,Rrion,,Rrion,,Unknown,Packard Health,,,,Not Found
pgrotton@glfhc.org,,,Pgrotton,,Pgrotton,,Unknown,Glfhc,,,,Not Found
mflores@corktownhealth.org,,,Mflores,,Mflores,,Unknown,Corktown Health,,,,Not Found
mbloxson@corktownhealth.org,,,Mbloxson,,Mbloxson,,Unknown,Corktown Health,,,,Not Found
dbaker@corktownhealth.org,,,Dbaker,,Dbaker,,Unknown,Corktown Health,,,,Not Found
mthompson@corktownhealth.org,,,Mthompson,,Mthompson,,Unknown,Corktown Health,,,,Not Found
marcus.davis@rangecommunityclinic.org,,,Marcus,Davis,Marcus Davis,,Unknown,Rangecommunity Clinic,,,,Not Found
erika.thomas@lacnm.us,,,Erika,Thomas,Erika Thomas,,Unknown,Lacnm,,,,Not Found
gdemasi@valleyhealthcare.org,,,Gdemasi,,Gdemasi,,Unknown,Valley Health Care,,,,Not Found
jpolanco@nhclv.com,,,Jpolanco,,Jpolanco,,Unknown,Nhclv,,,,Not Found
jonathan.lichkus@glfhc.org,,,Jonathan,Lichkus,Jonathan Lichkus,,Unknown,Glfhc,,,,Not Found
cknight@thedoor.org,,,Cknight,,Cknight,,Unknown,Thedoor,,,,Not Found
dbrickey@thedoor.org,,,Dbrickey,,Dbrickey,,Unknown,Thedoor,,,,Not Found
mweaver@mphc-az.org,,,Mweaver,,Mweaver,,Unknown,Mphc Az,,,,Not Found
ccountee.sunrise@nocoha.org,,,Ccountee,Sunrise,Ccountee Sunrise,,Unknown,Nocoha,,,,Not Found
pflores.sunrise@nocoha.org,,,Pflores,Sunrise,Pflores Sunrise,,Unknown,Nocoha,,,,Not Found
sswisher@ritchieregional.org,,,Sswisher,,Sswisher,,Unknown,Ritchieregional,,,,Not Found
jmetz@ihcwv.org,,,Jmetz,,Jmetz,,Unknown,Ihcwv,,,,Not Found
ayost@ihcwv.org,,,Ayost,,Ayost,,Unknown,Ihcwv,,,,Not Found
mike.mansheim@coloradohealthnetwork.org,,,Mike,Mansheim,Mike Mansheim,,Unknown,Colorado Health Network,,,,Not Found
erin.burk-leaver@coloradohealthnetwork.org,,,Erin,Leaver,Erin Burk Leaver,,Unknown,Colorado Health Network,,,,Not Found
tom.vinson@coloradohealthnetwork.org,,,Tom,Vinson,Tom Vinson,,Unknown,Colorado Health Network,,,,Not Found
darrell.vigil@coloradohealthnetwork.org,,,Darrell,Vigil,Darrell Vigil,,Unknown,Colorado Health Network,,,,Not Found
nicole.tefft@coloradohealthnetwork.org,,,Nicole,Tefft,Nicole Tefft,,Unknown,Colorado Health Network,,,,Not Found
mkyomukama@thechautauquacenter.org,,,Mkyomukama,,Mkyomukama,,Unknown,Thechautauqua Center,,,,Not Found
slawrence@semohealthnetwork.org,,,Slawrence,,Slawrence,,Unknown,Semo Health Network,,,,Not Found
apritchard@semohealthnetwork.org,,,Apritchard,,Apritchard,,Unknown,Semo Health Network,,,,Not Found
kwallace@bmsfhc.org,,,Kwallace,,Kwallace,,Unknown,Bmsfhc,,,,Not Found
jtucker@bmsfhc.org,,,Jtucker,,Jtucker,,Unknown,Bmsfhc,,,,Not Found
mmendez1@pccwellness.org,,,Mmendez,,Mmendez,,Unknown,Pccwellness,,,,Not Found
saskew@pccwellness.org,,,Saskew,,Saskew,,Unknown,Pccwellness,,,,Not Found
nroberts@careresource.org,,,Nroberts,,Nroberts,,Unknown,Care Resource,,,,Not Found
jwelsh@careresource.org,,,Jwelsh,,Jwelsh,,Unknown,Care Resource,,,,Not Found
tsmith@careresource.org,,,Tsmith,,Tsmith,,Unknown,Care Resource,,,,Not Found
ksabey@careresource.org,,,Ksabey,,Ksabey,,Unknown,Care Resource,,,,Not Found
ysamad@careresource.org,,,Ysamad,,Ysamad,,Unknown,Care Resource,,,,Not Found
jfisher@careresource.org,,,Jfisher,,Jfisher,,Unknown,Care Resource,,,,Not Found
jlane@careresource.org,,,Jlane,,Jlane,,Unknown,Care Resource,,,,Not Found
maaguilar@careresource.org,,,Maaguilar,,Maaguilar,,Unknown,Care Resource,,,,Not Found
jcasteel@careresource.org,,,Jcasteel,,Jcasteel,,Unknown,Care Resource,,,,Not Found
ysantiago@careresource.org,,,Ysantiago,,Ysantiago,,Unknown,Care Resource,,,,Not Found
eric.blum@unioncomcare.org,,,Eric,Blum,Eric Blum,,Unknown,Unioncom Care,,,,Not Found
jennifer.koppel@unioncomcare.org,,,Jennifer,Koppel,Jennifer Koppel,,Unknown,Unioncom Care,,,,Not Found
jonathan.wood@unioncomcare.org,,,Jonathan,Wood,Jonathan Wood,,Unknown,Unioncom Care,,,,Not Found
amy.carr@unioncomcare.org,,,Amy,Carr,Amy Carr,,Unknown,Unioncom Care,,,,Not Found
quyen.hoang@unioncomcare.org,,,Quyen,Hoang,Quyen Hoang,,Unknown,Unioncom Care,,,,Not Found
hiyab.hiruy@unioncomcare.org,,,Hiyab,Hiruy,Hiyab Hiruy,,Unknown,Unioncom Care,,,,Not Found
jschindl@shsdc.org,,,Jschindl,,Jschindl,,Unknown,Shsdc,,,,Not Found
sesalie@thac.us,,,Sesalie,,Sesalie,,Unknown,Thac,,,,Not Found
mlingham@qchc.org,,,Mlingham,,Mlingham,,Unknown,Qchc,,,,Not Found
aclark@bahc.com,,,Aclark,,Aclark,,Unknown,Bahc,,,,Not Found
bminnix@hatstn.org,,,Bminnix,,Bminnix,,Unknown,Hatstn,,,,Not Found
ddanielson@nh-cc.org,,,Ddanielson,,Ddanielson,,Unknown,Nh Cc,,,,Not Found
will.koopal@aaphc.org,,,Will,Koopal,Will Koopal,,Unknown,Aaphc,,,,Not Found
colleen.sullivan@aaphc.org,,,Colleen,Sullivan,Colleen Sullivan,,Unknown,Aaphc,,,,Not Found
jgardner@oochc.org,,,Jgardner,,Jgardner,,Unknown,Oochc,,,,Not Found
cborgal@oochc.org,,,Cborgal,,Cborgal,,Unknown,Oochc,,,,Not Found
jhall@mphc-az.org,,,Jhall,,Jhall,,Unknown,Mphc Az,,,,Not Found
kjackson@familyfirsthealth.org,,,Kjackson,,Kjackson,,Unknown,Family First Health,,,,Not Found
ctakesue@lanaihealth.org,,,Ctakesue,,Ctakesue,,Unknown,Lanai Health,,,,Not Found
sdevkota@chcrichmond.org,,,Sdevkota,,Sdevkota,,Unknown,Chcrichmond,,,,Not Found
ajablonski@mhc.net,,,Ajablonski,,Ajablonski,,Unknown,Mhc,,,,Not Found
bsilva@lcdfnm.org,,,Bsilva,,Bsilva,,Unknown,Lcdfnm,,,,Not Found
apeterson@ihcinc.org,,,Apeterson,,Apeterson,,Unknown,Ihcinc,,,,Not Found
ccarew@brhcme.org,,,Ccarew,,Ccarew,,Unknown,Brhcme,,,,Not Found
leegranados@some.org,,,Leegranados,,Leegranados,,Unknown,Some,,,,Not Found
rlarson@thedoor.org,,,Rlarson,,Rlarson,,Unknown,Thedoor,,,,Not Found
lnewcomb@thrivealabama.org,,,Lnewcomb,,Lnewcomb,,Unknown,Thriveal Aba Ma,,,,Not Found
jhudson@pcc-nfc.org,,,Jhudson,,Jhudson,,Unknown,Pcc Nfc,,,,Not Found
jlock@eihc.co,,,Jlock,,Jlock,,Unknown,Eihc,,,,Not Found
jseidita@chcfl.net,,,Jseidita,,Jseidita,,Unknown,Chcfl,,,,Not Found
m.christmas@chcfl.org,,,M,Christmas,M Christmas,,Unknown,Chcfl,,,,Not Found
maguilar@phntx.org,,,Maguilar,,Maguilar,,Unknown,Phntx,,,,Not Found
mdotson@myaccesshealth.org,,,Mdotson,,Mdotson,,Unknown,Myaccess Health,,,,Not Found
ghenson@cvhnc.org,,,Ghenson,,Ghenson,,Unknown,Cvhnc,,,,Not Found
jbonds@cvhnc.org,,,Jbonds,,Jbonds,,Unknown,Cvhnc,,,,Not Found
sfeatherstone@davisstreet.org,,,Sfeatherstone,,Sfeatherstone,,Unknown,Davisstreet,,,,Not Found
bruce@mountainlands.org,,,Bruce,,Bruce,,Unknown,Mountainlands,,,,Not Found
todd@mountainlands.org,,,Todd,,Todd,,Unknown,Mountainlands,,,,Not Found
apatel@cwwilliams.org,,,Apatel,,Apatel,,Unknown,Cwwilliams,,,,Not Found
rgallo@cwwilliams.org,,,Rgallo,,Rgallo,,Unknown,Cwwilliams,,,,Not Found
smurthy@nhscnj.org,,,Smurthy,,Smurthy,,Unknown,Nhscnj,,,,Not Found
kpowell@nhscnj.org,,,Kpowell,,Kpowell,,Unknown,Nhscnj,,,,Not Found
trios@bondchc.com,,,Trios,,Trios,,Unknown,Bondchc,,,,Not Found
dwright@bondchc.com,,,Dwright,,Dwright,,Unknown,Bondchc,,,,Not Found
cmundell@bondchc.com,,,Cmundell,,Cmundell,,Unknown,Bondchc,,,,Not Found
hsaito@waikikihealth.org,,,Hsaito,,Hsaito,,Unknown,Waikiki Health,,,,Not Found
somitchell@tcahealth.org,,,Somitchell,,Somitchell,,Unknown,Tca Health,,,,Not Found
nnevilles@mphshc.org,,,Nnevilles,,Nnevilles,,Unknown,Mphshc,,,,Not Found
jbobyn@nhclv.com,,,Jbobyn,,Jbobyn,,Unknown,Nhclv,,,,Not Found
kristen.carr@truecare.org,,,Kristen,Carr,Kristen Carr,,Unknown,True Care,,,,Not Found
vsparrow@wildwoodhealth.org,,,Vsparrow,,Vsparrow,,Unknown,Wildwood Health,,,,Not Found
pcurtin@amoskeaghealth.org,,,Pcurtin,,Pcurtin,,Unknown,Amoskeag Health,,,,Not Found
wkassler@amoskeaghealth.org,,,Wkassler,,Wkassler,,Unknown,Amoskeag Health,,,,Not Found
amorales@amoskeaghealth.org,,,Amorales,,Amorales,,Unknown,Amoskeag Health,,,,Not Found
jpeabody@amoskeaghealth.org,,,Jpeabody,,Jpeabody,,Unknown,Amoskeag Health,,,,Not Found
akurtovic@amoskeaghealth.org,,,Akurtovic,,Akurtovic,,Unknown,Amoskeag Health,,,,Not Found
sbeeley@amoskeaghealth.org,,,Sbeeley,,Sbeeley,,Unknown,Amoskeag Health,,,,Not Found
scannizzaro@nchcnh.org,,,Scannizzaro,,Scannizzaro,,Unknown,Nchcnh,,,,Not Found
gwilliams@nchcnh.org,,,Gwilliams,,Gwilliams,,Unknown,Nchcnh,,,,Not Found
ashum@nchcnh.org,,,Ashum,,Ashum,,Unknown,Nchcnh,,,,Not Found
lpearson@nchcnh.org,,,Lpearson,,Lpearson,,Unknown,Nchcnh,,,,Not Found
dduffy@nchcnh.org,,,Dduffy,,Dduffy,,Unknown,Nchcnh,,,,Not Found
rhill-larsen@nchcnh.org,,,Rhill,Larsen,Rhill Larsen,,Unknown,Nchcnh,,,,Not Found
jnoel@nchcnh.org,,,Jnoel,,Jnoel,,Unknown,Nchcnh,,,,Not Found
dbrown@nchcnh.org,,,Dbrown,,Dbrown,,Unknown,Nchcnh,,,,Not Found
lremick@nchcnh.org,,,Lremick,,Lremick,,Unknown,Nchcnh,,,,Not Found
jgoulet@nchcnh.org,,,Jgoulet,,Jgoulet,,Unknown,Nchcnh,,,,Not Found
melissa.feine@semcac.org,,,Melissa,Feine,Melissa Feine,,Unknown,Semcac,,,,Not Found
annette.theobald@semcac.org,,,Annette,Theobald,Annette Theobald,,Unknown,Semcac,,,,Not Found
adam.larson@semcac.org,,,Adam,Larson,Adam Larson,,Unknown,Semcac,,,,Not Found
cathy.jones@semcac.org,,,Cathy,Jones,Cathy Jones,,Unknown,Semcac,,,,Not Found
wendy.todd@semcac.org,,,Wendy,Todd,Wendy Todd,,Unknown,Semcac,,,,Not Found
rtran@qhcus.com,,,Rtran,,Rtran,,Unknown,Qhcus,,,,Not Found
mvanbencoten@vervech.com,,,Mvanbencoten,,Mvanbencoten,,Unknown,Vervech,,,,Not Found
lhughes@choptankhealth.org,,,Lhughes,,Lhughes,,Unknown,Choptank Health,,,,Not Found
shoffman@choptankhealth.org,,,Shoffman,,Shoffman,,Unknown,Choptank Health,,,,Not Found
tosborn@choptankhealth.org,,,Tosborn,,Tosborn,,Unknown,Choptank Health,,,,Not Found
jrunz@choptankhealth.org,,,Jrunz,,Jrunz,,Unknown,Choptank Health,,,,Not Found
nramirez@promisechc.org,,,Nramirez,,Nramirez,,Unknown,Promisechc,,,,Not Found
kjenness@promisechc.org,,,Kjenness,,Kjenness,,Unknown,Promisechc,,,,Not Found
amcalpine@promisechc.org,,,Amcalpine,,Amcalpine,,Unknown,Promisechc,,,,Not Found
nchavez@clinicacolorado.org,,,Nchavez,,Nchavez,,Unknown,Clinic Acolorado,,,,Not Found
brittney.york@kvhc.org,,,Brittney,York,Brittney York,,Unknown,Kvhc,,,,Not Found
clyde.warman@kvhc.org,,,Clyde,Warman,Clyde Warman,,Unknown,Kvhc,,,,Not Found
bniccolai@centervilleclinics.com,,,Bniccolai,,Bniccolai,,Unknown,Center Ville Clinic S,,,,Not Found
tcarter@centervilleclinics.com,,,Tcarter,,Tcarter,,Unknown,Center Ville Clinic S,,,,Not Found
bneil@centervilleclinics.com,,,Bneil,,Bneil,,Unknown,Center Ville Clinic S,,,,Not Found
cbrown@centervilleclinics.com,,,Cbrown,,Cbrown,,Unknown,Center Ville Clinic S,,,,Not Found
ngoodwin@centervilleclinics.com,,,Ngoodwin,,Ngoodwin,,Unknown,Center Ville Clinic S,,,,Not Found
etiberi@scchc.org,,,Etiberi,,Etiberi,,Unknown,Scchc,,,,Not Found
rcmiller@piccc.org,,,Rcmiller,,Rcmiller,,Unknown,Piccc,,,,Not Found
cjohnson@piccc.org,,,Cjohnson,,Cjohnson,,Unknown,Piccc,,,,Not Found
danielle.duran@lacnm.us,,,Danielle,Duran,Danielle Duran,,Unknown,Lacnm,,,,Not Found
anne.laurent@lacnm.us,,,Anne,Laurent,Anne Laurent,,Unknown,Lacnm,,,,Not Found
le.bucklin@lacnm.us,,,Le,Bucklin,Le Bucklin,,Unknown,Lacnm,,,,Not Found
john.roig@lacnm.us,,,John,Roig,John Roig,,Unknown,Lacnm,,,,Not Found
randall.ryti@lacnm.us,,,Randall,Ryti,Randall Ryti,,Unknown,Lacnm,,,,Not Found
wendy.parker@lacnm.us,,,Wendy,Parker,Wendy Parker,,Unknown,Lacnm,,,,Not Found
sobia.sayeda@lacnm.us,,,Sobia,Sayeda,Sobia Sayeda,,Unknown,Lacnm,,,,Not Found
james.martinez@lacnm.us,,,James,Martinez,James Martinez,,Unknown,Lacnm,,,,Not Found
deborah.morris-harris@prismntx.org,,,Deborah,Harris,Deborah Morris Harris,,Unknown,Prismntx,,,,Not Found
odiem@packardhealth.org,,,Odiem,,Odiem,,Unknown,Packard Health,,,,Not Found
wendy.richards@onechc.org,,,Wendy,Richards,Wendy Richards,,Unknown,Onechc,,,,Not Found
bkhan@neighborhoodhealthva.org,,,Bkhan,,Bkhan,,Unknown,Neighborhood Health Va,,,,Not Found
wjones@gmhcinc.org,,,Wjones,,Wjones,,Unknown,Gmhcinc,,,,Not Found
pgunraj@damian.org,,,Pgunraj,,Pgunraj,,Unknown,Damian,,,,Not Found
bking@elfhcc.com,,,Bking,,Bking,,Unknown,Elfhcc,,,,Not Found
abennett@dailyplanetva.org,,,Abennett,,Abennett,,Unknown,Dailyplanetva,,,,Not Found
rakeshp@nhcare.org,,,Rakeshp,,Rakeshp,,Unknown,Nh Care,,,,Not Found
ebarajas@zufallhealth.org,,,Ebarajas,,Ebarajas,,Unknown,Zufall Health,,,,Not Found
dnarain@betances.org,,,Dnarain,,Dnarain,,Unknown,Betances,,,,Not Found
eszeto@hchcla.org,,,Eszeto,,Eszeto,,Unknown,Hchcla,,,,Not Found
msterhan@greatervalleyhealth.org,,,Terhan,,Terhan,,Unknown,Greatervalley Health,,,,Not Found
cgervie@thrivealabama.org,,,Cgervie,,Cgervie,,Unknown,Thriveal Aba Ma,,,,Not Found
phmeade@thehealthwagon.org,,,Phmeade,,Phmeade,,Unknown,The Health Wagon,,,,Not Found
jswagert@mphc-az.org,,,Jswagert,,Jswagert,,Unknown,Mphc Az,,,,Not Found
msoto@mphc-az.org,,,Oto,,Oto,,Unknown,Mphc Az,,,,Not Found
rgrainger@mchcinc.org,,,Rgrainger,,Rgrainger,,Unknown,Mchcinc,,,,Not Found
joyce.alexander@christchs.org,,,Joyce,Alexander,Joyce Alexander,,Unknown,Christchs,,,,Not Found
julia.park@christchs.org,,,Julia,Park,Julia Park,,Unknown,Christchs,,,,Not Found
ana.garcia@christchs.org,,,Ana,Garcia,Ana Garcia,,Unknown,Christchs,,,,Not Found
kristy.birmingham@christchs.org,,,Kristy,Birmingham,Kristy Birmingham,,Unknown,Christchs,,,,Not Found
dalesandrini@providahealthcenter.com,,,Dalesandrini,,Dalesandrini,,Unknown,Provida Health Center,,,,Not Found
cpenn@some.org,,,Cpenn,,Cpenn,,Unknown,Some,,,,Not Found
vbanks@some.org,,,Vbanks,,Vbanks,,Unknown,Some,,,,Not Found
swood@some.org,,,Swood,,Swood,,Unknown,Some,,,,Not Found
mbarnaby@some.org,,,Mbarnaby,,Mbarnaby,,Unknown,Some,,,,Not Found
sdurrah@some.org,,,Sdurrah,,Sdurrah,,Unknown,Some,,,,Not Found
dmccorvey@some.org,,,Dmccorvey,,Dmccorvey,,Unknown,Some,,,,Not Found
dshaw@lanaihealth.org,,,Dshaw,,Dshaw,,Unknown,Lanai Health,,,,Not Found
abenson@lanaihealth.org,,,Abenson,,Abenson,,Unknown,Lanai Health,,,,Not Found
csantiago@lanaicommunityhealthcenter.org,,,Csantiago,,Csantiago,,Unknown,Lanaicommunity Health Center,,,,Not Found
jshah@unityhealthcare.org,,,Jshah,,Jshah,,Unknown,Unity Health Care,,,,Not Found
cchaney@unityhealthcare.org,,,Cchaney,,Cchaney,,Unknown,Unity Health Care,,,,Not Found
lharrell@unityhealthcare.org,,,Lharrell,,Lharrell,,Unknown,Unity Health Care,,,,Not Found
boldfield@unityhealthcare.org,,,Boldfield,,Boldfield,,Unknown,Unity Health Care,,,,Not Found
thandron@unityhealthcare.org,,,Thandron,,Thandron,,Unknown,Unity Health Care,,,,Not Found
rbebout@unityhealthcare.org,,,Rbebout,,Rbebout,,Unknown,Unity Health Care,,,,Not Found
gshaw-gorham@unityhealthcare.org,,,Gshaw,Gorham,Gshaw Gorham,,Unknown,Unity Health Care,,,,Not Found
ksugarman@unityhealthcare.org,,,Ksugarman,,Ksugarman,,Unknown,Unity Health Care,,,,Not Found
memarr@thrivealabama.org,,,Memarr,,Memarr,,Unknown,Thriveal Aba Ma,,,,Not Found
charvey@thrivealabama.org,,,Charvey,,Charvey,,Unknown,Thriveal Aba Ma,,,,Not Found
posby@thrivealabama.org,,,Posby,,Posby,,Unknown,Thriveal Aba Ma,,,,Not Found
rjain@thrivealabama.org,,,Rjain,,Rjain,,Unknown,Thriveal Aba Ma,,,,Not Found
sgrinnell@thrivealabama.org,,,Sgrinnell,,Sgrinnell,,Unknown,Thriveal Aba Ma,,,,Not Found
oaliyaeesh@oochc.org,,,Oaliyaeesh,,Oaliyaeesh,,Unknown,Oochc,,,,Not Found
cchandrakala@oochc.org,,,Cchandrakala,,Cchandrakala,,Unknown,Oochc,,,,Not Found
drenodinmead@oochc.org,,,Enodinmead,,Enodinmead,,Unknown,Oochc,,,,Not Found
sgardner@thehealthwagon.org,,,Sgardner,,Sgardner,,Unknown,The Health Wagon,,,,Not Found
astanley@thehealthwagon.org,,,Astanley,,Astanley,,Unknown,The Health Wagon,,,,Not Found
sbriggs@thehealthwagon.org,,,Sbriggs,,Sbriggs,,Unknown,The Health Wagon,,,,Not Found
tgardner@thehealthwagon.org,,,Tgardner,,Tgardner,,Unknown,The Health Wagon,,,,Not Found
ayates@thehealthwagon.org,,,Ayates,,Ayates,,Unknown,The Health Wagon,,,,Not Found
anizamoff@suncoast-chc.org,,,Anizamoff,,Anizamoff,,Unknown,Suncoast Chc,,,,Not Found
jkelly@suncoast-chc.org,,,Jkelly,,Jkelly,,Unknown,Suncoast Chc,,,,Not Found
ctaylor@suncoast-chc.org,,,Ctaylor,,Ctaylor,,Unknown,Suncoast Chc,,,,Not Found
cpliska@suncoast-chc.org,,,Cpliska,,Cpliska,,Unknown,Suncoast Chc,,,,Not Found
cthurman@suncoast-chc.org,,,Cthurman,,Cthurman,,Unknown,Suncoast Chc,,,,Not Found
emamola@mphc-az.org,,,Emamola,,Emamola,,Unknown,Mphc Az,,,,Not Found
thall@mphc-az.org,,,Thall,,Thall,,Unknown,Mphc Az,,,,Not Found
jcheatham@mphc-az.org,,,Jcheatham,,Jcheatham,,Unknown,Mphc Az,,,,Not Found
jhaynes@mphc-az.org,,,Jhaynes,,Jhaynes,,Unknown,Mphc Az,,,,Not Found
jstarks@mphc-az.org,,,Jstarks,,Jstarks,,Unknown,Mphc Az,,,,Not Found
cboyde@familyfirsthealth.org,,,Cboyde,,Cboyde,,Unknown,Family First Health,,,,Not Found
rjones@elfhcc.com,,,Rjones,,Rjones,,Unknown,Elfhcc,,,,Not Found
elaine.hurdle@christchs.org,,,Elaine,Hurdle,Elaine Hurdle,,Unknown,Christchs,,,,Not Found
rboyd@some.org,,,Rboyd,,Rboyd,,Unknown,Some,,,,Not Found
ken.meyer@ryanhealth.org,,,Ken,Meyer,Ken Meyer,,Unknown,Ryan Health,,,,Not Found
kaitlyn.hansen@ryanhealth.org,,,Kaitlyn,Hansen,Kaitlyn Hansen,,Unknown,Ryan Health,,,,Not Found
aseales@lanaihealth.org,,,Aseales,,Aseales,,Unknown,Lanai Health,,,,Not Found
ssargent@oochc.org,,,Ssargent,,Ssargent,,Unknown,Oochc,,,,Not Found
wwoodward@mphc-az.org,,,Wwoodward,,Wwoodward,,Unknown,Mphc Az,,,,Not Found
decoreas@mphc-az.org,,,Decoreas,,Decoreas,,Unknown,Mphc Az,,,,Not Found
emakarra@waikikihealth.org,,,Emakarra,,Emakarra,,Unknown,Waikiki Health,,,,Not Found
drew@mountainlands.org,,,Drew,,Drew,,Unknown,Mountainlands,,,,Not Found
egorham@circlethecity.org,,,Egorham,,Egorham,,Unknown,Circlethecity,,,,Not Found
mmanea@waikikihealth.org,,,Mmanea,,Mmanea,,Unknown,Waikiki Health,,,,Not Found
jahuna@waikikihealth.org,,,Jahuna,,Jahuna,,Unknown,Waikiki Health,,,,Not Found
mlohman@waikikihealth.org,,,Mlohman,,Mlohman,,Unknown,Waikiki Health,,,,Not Found
egayya@waikikihealth.org,,,Egayya,,Egayya,,Unknown,Waikiki Health,,,,Not Found
mzagone@waikikihealth.org,,,Mzagone,,Mzagone,,Unknown,Waikiki Health,,,,Not Found
jroyal@tcahealth.org,,,Jroyal,,Jroyal,,Unknown,Tca Health,,,,Not Found
dbarnes@tcahealth.org,,,Dbarnes,,Dbarnes,,Unknown,Tca Health,,,,Not Found
jrunde@tcahealth.org,,,Jrunde,,Jrunde,,Unknown,Tca Health,,,,Not Found
asteenes@tcahealth.org,,,Asteenes,,Asteenes,,Unknown,Tca Health,,,,Not Found
mmckelphin@tcahealth.org,,,Mmckelphin,,Mmckelphin,,Unknown,Tca Health,,,,Not Found
qbell@tcahealth.org,,,Qbell,,Qbell,,Unknown,Tca Health,,,,Not Found
andrew.kimmell@coloradohealthnetwork.org,,,Andrew,Kimmell,Andrew Kimmell,,Unknown,Colorado Health Network,,,,Not Found
kjene@urbanmin.org,,,Kjene,,Kjene,,Unknown,Urbanmin,,,,Not Found
lcastillo@urbanmin.org,,,Lcastillo,,Lcastillo,,Unknown,Urbanmin,,,,Not Found
vvalencia@urbanmin.org,,,Vvalencia,,Vvalencia,,Unknown,Urbanmin,,,,Not Found
cseydi@urbanmin.org,,,Cseydi,,Cseydi,,Unknown,Urbanmin,,,,Not Found
mhenderson@mphshc.org,,,Mhenderson,,Mhenderson,,Unknown,Mphshc,,,,Not Found
bperry@mphshc.org,,,Bperry,,Bperry,,Unknown,Mphshc,,,,Not Found
bheffner@mphshc.org,,,Bheffner,,Bheffner,,Unknown,Mphshc,,,,Not Found
pchapman@mphshc.org,,,Pchapman,,Pchapman,,Unknown,Mphshc,,,,Not Found
snatarajan@mphshc.org,,,Snatarajan,,Snatarajan,,Unknown,Mphshc,,,,Not Found
kselmon@mphshc.org,,,Kselmon,,Kselmon,,Unknown,Mphshc,,,,Not Found
mpease@thechautauquacenter.org,,,Mpease,,Mpease,,Unknown,Thechautauqua Center,,,,Not Found
tlee@thechautauquacenter.org,,,Tlee,,Tlee,,Unknown,Thechautauqua Center,,,,Not Found
dternullo@thechautauquacenter.org,,,Dternullo,,Dternullo,,Unknown,Thechautauqua Center,,,,Not Found
aramos@thechautauquacenter.org,,,Aramos,,Aramos,,Unknown,Thechautauqua Center,,,,Not Found
rruiz@thechautauquacenter.org,,,Rruiz,,Rruiz,,Unknown,Thechautauqua Center,,,,Not Found
jason.halstead@quinaultwc.org,,,Jason,Halstead,Jason Halstead,,Unknown,Quinaultwc,,,,Not Found
todd_montrief@packardhealth.org,,,Todd,Montrief,Todd Montrief,,Unknown,Packard Health,,,,Not Found
ananda_lewis@packardhealth.org,,,Ananda,Lewis,Ananda Lewis,,Unknown,Packard Health,,,,Not Found
areese@packardhealth.org,,,Areese,,Areese,,Unknown,Packard Health,,,,Not Found
cklaver@cvhnc.org,,,Cklaver,,Cklaver,,Unknown,Cvhnc,,,,Not Found
netaylor@heartcityhealth.org,,,Netaylor,,Netaylor,,Unknown,Heartcity Health,,,,Not Found
faith.smith@nbcm.org,,,Faith,Smith,Faith Smith,,Unknown,Nbcm,,,,Not Found
rstocks@m-chc.org,,,Rstocks,,Rstocks,,Unknown,M Chc,,,,Not Found
lhamadeh@circlethecity.org,,,Lhamadeh,,Lhamadeh,,Unknown,Circlethecity,,,,Not Found
jsuttor@circlethecity.org,,,Jsuttor,,Jsuttor,,Unknown,Circlethecity,,,,Not Found
zlindquist@thechautauquacenter.org,,,Zlindquist,,Zlindquist,,Unknown,Thechautauqua Center,,,,Not Found
aocampo@thechautauquacenter.org,,,Aocampo,,Aocampo,,Unknown,Thechautauqua Center,,,,Not Found
kmapstone@metropgh.org,,,Kmapstone,,Kmapstone,,Unknown,Metropgh,,,,Not Found
bcogis@metropgh.org,,,Bcogis,,Bcogis,,Unknown,Metropgh,,,,Not Found
asuarez@metropgh.org,,,Asuarez,,Asuarez,,Unknown,Metropgh,,,,Not Found
mwagner@metropgh.org,,,Mwagner,,Mwagner,,Unknown,Metropgh,,,,Not Found
pjones@metropgh.org,,,Pjones,,Pjones,,Unknown,Metropgh,,,,Not Found
dlundberg@metropgh.org,,,Dlundberg,,Dlundberg,,Unknown,Metropgh,,,,Not Found
connie@choicehealthnetwork.org,,,Connie,,Connie,,Unknown,Choice Health Network,,,,Not Found
dainymar@choicehealthnetwork.org,,,Dainymar,,Dainymar,,Unknown,Choice Health Network,,,,Not Found
huangjp@cmoc.com,,,Huangjp,,Huangjp,,Unknown,Cmoc,,,,Not Found
kunger@amoskeaghealth.org,,,Kunger,,Kunger,,Unknown,Amoskeag Health,,,,Not Found
cindy.vitse@semcac.org,,,Cindy,Vitse,Cindy Vitse,,Unknown,Semcac,,,,Not Found
glane@smchc.org,,,Glane,,Glane,,Unknown,Smchc,,,,Not Found
agargus@smchc.org,,,Agargus,,Agargus,,Unknown,Smchc,,,,Not Found
terickson@smchc.org,,,Terickson,,Terickson,,Unknown,Smchc,,,,Not Found
mmcfarlin@medlinkga.org,,,Mmcfarlin,,Mmcfarlin,,Unknown,Medlinkga,,,,Not Found
ccrayton@medlinkga.org,,,Ccrayton,,Ccrayton,,Unknown,Medlinkga,,,,Not Found
jfrutschy@laurelhealth.com,,,Jfrutschy,,Jfrutschy,,Unknown,Laurel Health,,,,Not Found
cblomberg@medlinkga.org,,,Cblomberg,,Cblomberg,,Unknown,Medlinkga,,,,Not Found
croyal@medlinkga.org,,,Croyal,,Croyal,,Unknown,Medlinkga,,,,Not Found
mahmed@medlinkga.org,,,Mahmed,,Mahmed,,Unknown,Medlinkga,,,,Not Found
sstone@medlinkga.org,,,Sstone,,Sstone,,Unknown,Medlinkga,,,,Not Found
khooper@medlinkga.org,,,Khooper,,Khooper,,Unknown,Medlinkga,,,,Not Found
kburchett@medlinkga.org,,,Kburchett,,Kburchett,,Unknown,Medlinkga,,,,Not Found
dward@medlinkga.org,,,Dward,,Dward,,Unknown,Medlinkga,,,,Not Found
ctaunton@medlinkga.org,,,Ctaunton,,Ctaunton,,Unknown,Medlinkga,,,,Not Found
trucker@medlinkga.org,,,Trucker,,Trucker,,Unknown,Medlinkga,,,,Not Found
tjones@medlinkga.org,,,Tjones,,Tjones,,Unknown,Medlinkga,,,,Not Found
bgailey@sihf.org,,,Bgailey,,Bgailey,,Unknown,Sihf,,,,Not Found
tithomas@sihf.org,,,Tithomas,,Tithomas,,Unknown,Sihf,,,,Not Found
bbastilla@sihf.org,,,Bbastilla,,Bbastilla,,Unknown,Sihf,,,,Not Found
awalls@sihf.org,,,Awalls,,Awalls,,Unknown,Sihf,,,,Not Found
wandres@sihf.org,,,Wandres,,Wandres,,Unknown,Sihf,,,,Not Found
cford@sihf.org,,,Cford,,Cford,,Unknown,Sihf,,,,Not Found
rsuttles@covenantcommunitycare.org,,,Rsuttles,,Rsuttles,,Unknown,Covenantcommunity Care,,,,Not Found
cpiaskowski@covenantcommunitycare.org,,,Cpiaskowski,,Cpiaskowski,,Unknown,Covenantcommunity Care,,,,Not Found
rvenier@covenantcommunitycare.org,,,Rvenier,,Rvenier,,Unknown,Covenantcommunity Care,,,,Not Found
rcampbell@covenantcommunitycare.org,,,Rcampbell,,Rcampbell,,Unknown,Covenantcommunity Care,,,,Not Found
nfernandez@covenantcommunitycare.org,,,Nfernandez,,Nfernandez,,Unknown,Covenantcommunity Care,,,,Not Found
kurquhart@covenantcommunitycare.org,,,Kurquhart,,Kurquhart,,Unknown,Covenantcommunity Care,,,,Not Found
lpfeiffer@covenantcommunitycare.org,,,Lpfeiffer,,Lpfeiffer,,Unknown,Covenantcommunity Care,,,,Not Found
john.donaghy@cvch.org,,,John,Donaghy,John Donaghy,,Unknown,Cvch,,,,Not Found
susan.caverly@cvch.org,,,Susan,Caverly,Susan Caverly,,Unknown,Cvch,,,,Not Found
emonreal@cvch.org,,,Emonreal,,Emonreal,,Unknown,Cvch,,,,Not Found
shannon.sims@cvch.org,,,Shannon,Sims,Shannon Sims,,Unknown,Cvch,,,,Not Found
cklingel@cvch.org,,,Cklingel,,Cklingel,,Unknown,Cvch,,,,Not Found
kyleen.carey@cvch.org,,,Kyleen,Carey,Kyleen Carey,,Unknown,Cvch,,,,Not Found
aterlet@laclinica.org,,,Aterlet,,Aterlet,,Unknown,La Clinic A,,,,Not Found
dwalto@cchci.org,,,Dwalto,,Dwalto,,Unknown,Cchci,,,,Not Found
rchristensen@cchci.org,,,Rchristensen,,Rchristensen,,Unknown,Cchci,,,,Not Found
tsullivan@cchci.org,,,Tsullivan,,Tsullivan,,Unknown,Cchci,,,,Not Found
lfaccio@cchci.org,,,Lfaccio,,Lfaccio,,Unknown,Cchci,,,,Not Found
amayberry@cchci.org,,,Amayberry,,Amayberry,,Unknown,Cchci,,,,Not Found
avattikuti@cchci.org,,,Avattikuti,,Avattikuti,,Unknown,Cchci,,,,Not Found
grojas@laclinica.org,,,Grojas,,Grojas,,Unknown,La Clinic A,,,,Not Found
ntordilla@laclinica.org,,,Ntordilla,,Ntordilla,,Unknown,La Clinic A,,,,Not Found
adimas@laclinica.org,,,Adimas,,Adimas,,Unknown,La Clinic A,,,,Not Found
nfacher@laclinica.org,,,Nfacher,,Nfacher,,Unknown,La Clinic A,,,,Not Found
tsaenz@hopechc.org,,,Tsaenz,,Tsaenz,,Unknown,Hopechc,,,,Not Found
jlau@hopechc.org,,,Jlau,,Jlau,,Unknown,Hopechc,,,,Not Found
gtoumajian@hopechc.org,,,Gtoumajian,,Gtoumajian,,Unknown,Hopechc,,,,Not Found
ljerrels@hopechc.org,,,Ljerrels,,Ljerrels,,Unknown,Hopechc,,,,Not Found
nogojiaku@hopechc.org,,,Nogojiaku,,Nogojiaku,,Unknown,Hopechc,,,,Not Found
lcordova@hopechc.org,,,Lcordova,,Lcordova,,Unknown,Hopechc,,,,Not Found
cmagazine@hopechc.org,,,Cmagazine,,Cmagazine,,Unknown,Hopechc,,,,Not Found
lwilsonhall@camdenhealth.org,,,Lwilsonhall,,Lwilsonhall,,Unknown,Camden Health,,,,Not Found
ekane@camdenhealth.org,,,Ekane,,Ekane,,Unknown,Camden Health,,,,Not Found
atruchil@camdenhealth.org,,,Atruchil,,Atruchil,,Unknown,Camden Health,,,,Not Found
qyang@camdenhealth.org,,,Qyang,,Qyang,,Unknown,Camden Health,,,,Not Found
dwiest@camdenhealth.org,,,Dwiest,,Dwiest,,Unknown,Camden Health,,,,Not Found
jwadlow@sihf.org,,,Jwadlow,,Jwadlow,,Unknown,Sihf,,,,Not Found
acaracostis@hopechc.org,,,Acaracostis,,Acaracostis,,Unknown,Hopechc,,,,Not Found
jsulik@healthbrigade.org,,,Jsulik,,Jsulik,,Unknown,Health Brigade,,,,Not Found
jburch@healthbrigade.org,,,Jburch,,Jburch,,Unknown,Health Brigade,,,,Not Found
ejennings@healthbrigade.org,,,Ejennings,,Ejennings,,Unknown,Health Brigade,,,,Not Found
jjohnson@healthbrigade.org,,,Jjohnson,,Jjohnson,,Unknown,Health Brigade,,,,Not Found
klegato@healthbrigade.org,,,Klegato,,Klegato,,Unknown,Health Brigade,,,,Not Found
mprice@mcr.health,,,Mprice,,Mprice,,Unknown,Mcr,,,,Not Found
cecilia.rutherford@hamiltonchn.org,,,Cecilia,Rutherford,Cecilia Rutherford,,Unknown,Hamiltonchn,,,,Not Found
robert.brinkman@hamiltonchn.org,,,Robert,Brinkman,Robert Brinkman,,Unknown,Hamiltonchn,,,,Not Found
lsoave@hamiltonchn.org,,,Lsoave,,Lsoave,,Unknown,Hamiltonchn,,,,Not Found
jordan.nunn@hamiltonchn.org,,,Jordan,Nunn,Jordan Nunn,,Unknown,Hamiltonchn,,,,Not Found
stacy.woods@hamiltonchn.org,,,Stacy,Woods,Stacy Woods,,Unknown,Hamiltonchn,,,,Not Found
nicole.mangett@hamiltonchn.org,,,Nicole,Mangett,Nicole Mangett,,Unknown,Hamiltonchn,,,,Not Found
stravis@hamiltonchn.org,,,Stravis,,Stravis,,Unknown,Hamiltonchn,,,,Not Found
muhammad.quadri@hamiltonchn.org,,,Muhammad,Quadri,Muhammad Quadri,,Unknown,Hamiltonchn,,,,Not Found
lrogers@hamiltonchn.org,,,Lrogers,,Lrogers,,Unknown,Hamiltonchn,,,,Not Found
gmoeckel@ticti.org,,,Gmoeckel,,Gmoeckel,,Unknown,Ticti,,,,Not Found
mlpeter@catg.org,,,Mlpeter,,Mlpeter,,Unknown,Catg,,,,Not Found
tamara.thomas@catg.org,,,Tamara,Thomas,Tamara Thomas,,Unknown,Catg,,,,Not Found
brian@pocaan.org,,,Brian,,Brian,,Unknown,Pocaan,,,,Not Found
jeffrey.freeman@commongroundhealth.org,,,Jeffrey,Freeman,Jeffrey Freeman,,Unknown,Commonground Health,,,,Not Found
vdumford@hopeatlanta.org,,,Vdumford,,Vdumford,,Unknown,Hopeatlanta,,,,Not Found
ebanks@hopeatlanta.org,,,Ebanks,,Ebanks,,Unknown,Hopeatlanta,,,,Not Found
kglenn@hopeatlanta.org,,,Kglenn,,Kglenn,,Unknown,Hopeatlanta,,,,Not Found
smarsh@hopeatlanta.org,,,Smarsh,,Smarsh,,Unknown,Hopeatlanta,,,,Not Found
pscotman@hopeatlanta.org,,,Pscotman,,Pscotman,,Unknown,Hopeatlanta,,,,Not Found
jrahl@hopeatlanta.org,,,Jrahl,,Jrahl,,Unknown,Hopeatlanta,,,,Not Found
shenderson@hopeatlanta.org,,,Shenderson,,Shenderson,,Unknown,Hopeatlanta,,,,Not Found
pocaan@pocaan.org,,,Pocaan,,Pocaan,,Unknown,Pocaan,,,,Not Found
rclark@waynehospital.org,,,Rclark,,Rclark,,Unknown,Waynehospital,,,,Not Found
mbell@waynehospital.org,,,Mbell,,Mbell,,Unknown,Waynehospital,,,,Not Found
daylin.dixon@yoakumhospital.org,,,Daylin,Dixon,Daylin Dixon,,Unknown,Yoakumhospital,,,,Not Found
beggemeyer@yoakumhospital.org,,,Beggemeyer,,Beggemeyer,,Unknown,Yoakumhospital,,,,Not Found
jlekander@yoakumhospital.org,,,Jlekander,,Jlekander,,Unknown,Yoakumhospital,,,,Not Found
kmraz@yoakumhospital.org,,,Kmraz,,Kmraz,,Unknown,Yoakumhospital,,,,Not Found
emenke@yoakumhospital.org,,,Emenke,,Emenke,,Unknown,Yoakumhospital,,,,Not Found
pjacobs@yoakumhospital.org,,,Pjacobs,,Pjacobs,,Unknown,Yoakumhospital,,,,Not Found
dwinemiller@stillwater-medical.org,,,Dwinemiller,,Dwinemiller,,Unknown,Stillwater Medical,,,,Not Found
dwebber@stillwater-medical.org,,,Dwebber,,Dwebber,,Unknown,Stillwater Medical,,,,Not Found
rlittle@stillwater-medical.org,,,Rlittle,,Rlittle,,Unknown,Stillwater Medical,,,,Not Found
mwaltermire@stillwater-medical.org,,,Mwaltermire,,Mwaltermire,,Unknown,Stillwater Medical,,,,Not Found
jmills@stillwater-medical.org,,,Jmills,,Jmills,,Unknown,Stillwater Medical,,,,Not Found
clatham@stillwater-medical.org,,,Clatham,,Clatham,,Unknown,Stillwater Medical,,,,Not Found
croark@stillwater-medical.org,,,Croark,,Croark,,Unknown,Stillwater Medical,,,,Not Found
sfunkhouser@ymcasteuben.org,,,Sfunkhouser,,Sfunkhouser,,Unknown,Ymcasteuben,,,,Not Found
mmartin@tulsadaycenter.org,,,Mmartin,,Mmartin,,Unknown,Tulsaday Center,,,,Not Found
nrodriguez@tulsadaycenter.org,,,Nrodriguez,,Nrodriguez,,Unknown,Tulsaday Center,,,,Not Found
mhaltom@tulsadaycenter.org,,,Mhaltom,,Mhaltom,,Unknown,Tulsaday Center,,,,Not Found
jsanders@tulsadaycenter.org,,,Jsanders,,Jsanders,,Unknown,Tulsaday Center,,,,Not Found
hhayes@tulsadaycenter.org,,,Hhayes,,Hhayes,,Unknown,Tulsaday Center,,,,Not Found
lwilkerson@tulsadaycenter.org,,,Lwilkerson,,Lwilkerson,,Unknown,Tulsaday Center,,,,Not Found
tcathey@tulsadaycenter.org,,,Tcathey,,Tcathey,,Unknown,Tulsaday Center,,,,Not Found
cbryan@tulsadaycenter.org,,,Cbryan,,Cbryan,,Unknown,Tulsaday Center,,,,Not Found
cindy@projectvisionhawaii.org,,,Cindy,,Cindy,,Unknown,Project Vision Hawaii,,,,Not Found
tiana.gabaylo@projectvisionhawaii.org,,,Tiana,Gabaylo,Tiana Gabaylo,,Unknown,Project Vision Hawaii,,,,Not Found
eric.panaia@projectvisionhawaii.org,,,Eric,Panaia,Eric Panaia,,Unknown,Project Vision Hawaii,,,,Not Found
eric.simmons@projectvisionhawaii.org,,,Eric,Simmons,Eric Simmons,,Unknown,Project Vision Hawaii,,,,Not Found
jnewton@lighthousecomplexcare.com,,,Jnewton,,Jnewton,,Unknown,Lighthousecomplex Care,,,,Not Found
cmann@lighthousecomplexcare.com,,,Cmann,,Cmann,,Unknown,Lighthousecomplex Care,,,,Not Found
havilah@hearthsidemedicine.com,,,Havilah,,Havilah,,Unknown,Hearthsidemedicine,,,,Not Found
jeremy@hearthsidemedicine.com,,,Jeremy,,Jeremy,,Unknown,Hearthsidemedicine,,,,Not Found
cforman@aethermedicine.com,,,Cforman,,Cforman,,Unknown,Aethermedicine,,,,Not Found
ssmuts@signaturemd.com,,,Ssmuts,,Ssmuts,,Unknown,Signaturemd,,,,Not Found
bmoritz@signaturemd.com,,,Bmoritz,,Bmoritz,,Unknown,Signaturemd,,,,Not Found
kcarpenter@signaturemd.com,,,Kcarpenter,,Kcarpenter,,Unknown,Signaturemd,,,,Not Found
estewart@signaturemd.com,,,Estewart,,Estewart,,Unknown,Signaturemd,,,,Not Found
sramser@signaturemd.com,,,Sramser,,Sramser,,Unknown,Signaturemd,,,,Not Found
nstenger@signaturemd.com,,,Nstenger,,Nstenger,,Unknown,Signaturemd,,,,Not Found
thall@signaturemd.com,,,Thall,,Thall,,Unknown,Signaturemd,,,,Not Found
jlandis@signaturemd.com,,,Jlandis,,Jlandis,,Unknown,Signaturemd,,,,Not Found
dpitman@signaturemd.com,,,Dpitman,,Dpitman,,Unknown,Signaturemd,,,,Not Found
eniebla@signaturemd.com,,,Eniebla,,Eniebla,,Unknown,Signaturemd,,,,Not Found
mmurrison@signaturemd.com,,,Mmurrison,,Mmurrison,,Unknown,Signaturemd,,,,Not Found
dhummell@signaturemd.com,,,Dhummell,,Dhummell,,Unknown,Signaturemd,,,,Not Found
mtowns@signaturemd.com,,,Mtowns,,Mtowns,,Unknown,Signaturemd,,,,Not Found
cbarson@signaturemd.com,,,Cbarson,,Cbarson,,Unknown,Signaturemd,,,,Not Found
lgrace@signaturemd.com,,,Lgrace,,Lgrace,,Unknown,Signaturemd,,,,Not Found
ccrouch@signaturemd.com,,,Ccrouch,,Ccrouch,,Unknown,Signaturemd,,,,Not Found
jbecker@signaturemd.com,,,Jbecker,,Jbecker,,Unknown,Signaturemd,,,,Not Found
fpino@signaturemd.com,,,Fpino,,Fpino,,Unknown,Signaturemd,,,,Not Found
cjones@signaturemd.com,,,Cjones,,Cjones,,Unknown,Signaturemd,,,,Not Found
jking@signaturemd.com,,,Jking,,Jking,,Unknown,Signaturemd,,,,Not Found
lcolson@signaturemd.com,,,Lcolson,,Lcolson,,Unknown,Signaturemd,,,,Not Found
pdrake@signaturemd.com,,,Pdrake,,Pdrake,,Unknown,Signaturemd,,,,Not Found
rwilber@signaturemd.com,,,Rwilber,,Rwilber,,Unknown,Signaturemd,,,,Not Found
jtowns@signaturemd.com,,,Jtowns,,Jtowns,,Unknown,Signaturemd,,,,Not Found
michael@materialsource.co.uk,,,Michael,,Michael,,Unknown,Materialsource,,,,Not Found
kdanaher@usa-tile.com,,,Kdanaher,,Kdanaher,,Unknown,Usa Tile,,,,Not Found
caroline@jewellns.com,,,Caroline,,Caroline,,Unknown,Jewellns,,,,Not Found
mgalvin@cosmeticsmd.com,,,Mgalvin,,Mgalvin,,Unknown,Cosmeticsmd,,,,Not Found
bkinder@healingwaterscc.com,,,Bkinder,,Bkinder,,Unknown,Healingwaterscc,,,,Not Found
sarahm@innovativeecmo.com,,,Sarahm,,Sarahm,,Unknown,Innovativeecmo,,,,Not Found
mpatel@commonwealth-dentistry.com,,,Mpatel,,Mpatel,,Unknown,Commonwealth Dentistry,,,,Not Found
pfreag@commonwealth-dentistry.com,,,Pfreag,,Pfreag,,Unknown,Commonwealth Dentistry,,,,Not Found
cmeadows@commonwealth-dentistry.com,,,Cmeadows,,Cmeadows,,Unknown,Commonwealth Dentistry,,,,Not Found
mwoodard@commonwealth-dentistry.com,,,Mwoodard,,Mwoodard,,Unknown,Commonwealth Dentistry,,,,Not Found
jaffer@arbor-dental.com,,,Jaffer,,Jaffer,,Unknown,Arbor Dental,,,,Not Found
melissa.morgan@pacden.com,,,Melissa,Morgan,Melissa Morgan,,Unknown,Pacden,,,,Not Found
ashleyc@simpsonvilledental.com,,,Ashleyc,,Ashleyc,,Unknown,Simpsonville Dental,,,,Not Found
aflynn@familydentalcenter.org,,,Aflynn,,Aflynn,,Unknown,Family Dental Center,,,,Not Found
edgarl@advantagedental.com,,,Edgarl,,Edgarl,,Unknown,Advantage Dental,,,,Not Found
drsingh@eaglecreekdds.com,,,Singh,,Singh,,Unknown,Eaglecreekdds,,,,Not Found
jeannine@franklindentalgroupsf.com,,,Jeannine,,Jeannine,,Unknown,Franklin Dental Group Sf,,,,Not Found
issaquah@sunrisedental.com,,,Issaquah,,Issaquah,,Unknown,Sunrise Dental,,,,Not Found
drpatel@denteek.com,,,Patel,,Patel,,Unknown,Denteek,,,,Not Found
cadams@espiredental.com,,,Cadams,,Cadams,,Unknown,Espire Dental,,,,Not Found
mbeltrami@commonwealth-dentistry.com,,,Mbeltrami,,Mbeltrami,,Unknown,Commonwealth Dentistry,,,,Not Found
john.albert@rdcwi.com,,,John,Albert,John Albert,,Unknown,Rdcwi,,,,Not Found
melissa.keovoravong@rdcwi.com,,,Melissa,Keovoravong,Melissa Keovoravong,,Unknown,Rdcwi,,,,Not Found
arasul@commonwealth-dentistry.com,,,Arasul,,Arasul,,Unknown,Commonwealth Dentistry,,,,Not Found
ashafiq@commonwealth-dentistry.com,,,Ashafiq,,Ashafiq,,Unknown,Commonwealth Dentistry,,,,Not Found
gcgrizzard@commonwealth-dentistry.com,,,Gcgrizzard,,Gcgrizzard,,Unknown,Commonwealth Dentistry,,,,Not Found
habdul-samad@commonwealth-dentistry.com,,,Habdul,Samad,Habdul Samad,,Unknown,Commonwealth Dentistry,,,,Not Found
gabriela@ballantynedentistry.com,,,Gabriela,,Gabriela,,Unknown,Ballantynedentistry,,,,Not Found
iosharow@sbsmiles.com,,,Iosharow,,Iosharow,,Unknown,Sb Smile S,,,,Not Found
sdeen@ballantynedentistry.com,,,Sdeen,,Sdeen,,Unknown,Ballantynedentistry,,,,Not Found
ryan@happydentistry.com,,,Ryan,,Ryan,,Unknown,Happydentistry,,,,Not Found
gavin.bennett@queensway.co.uk,,,Gavin,Bennett,Gavin Bennett,,Unknown,Queensway,,,,Not Found
shelby@kremerdental.com,,,Shelby,,Shelby,,Unknown,Kremer Dental,,,,Not Found
jennifersgrillo@mintdentistry.com,,,Jennifersgrillo,,Jennifersgrillo,,Unknown,Mintdentistry,,,,Not Found
dannyjohnson@mintdentistry.com,,,Dannyjohnson,,Dannyjohnson,,Unknown,Mintdentistry,,,,Not Found
angela@ftbenddental.com,,,Angela,,Angela,,Unknown,Ftbend Dental,,,,Not Found
lwick@affordabledentures.com,,,Lwick,,Lwick,,Unknown,Affordabledentures,,,,Not Found
lblair@inspiredentalgroup.com,,,Lblair,,Lblair,,Unknown,Inspire Dental Group,,,,Not Found
dpeccora@ftbenddental.com,,,Dpeccora,,Dpeccora,,Unknown,Ftbend Dental,,,,Not Found
cindy.klein@affordablecare.com,,,Cindy,Klein,Cindy Klein,,Unknown,Affordable Care,,,,Not Found
shreya.pabla@dentalcorp.ca,,,Shreya,Pabla,Shreya Pabla,,Unknown,Dental Corp,,,,Not Found
wendy.tuck@dentalcorp.ca,,,Wendy,Tuck,Wendy Tuck,,Unknown,Dental Corp,,,,Not Found
lindsey.still@dentalcorp.ca,,,Lindsey,Still,Lindsey Still,,Unknown,Dental Corp,,,,Not Found
melissa.cabral@dentalcorp.ca,,,Melissa,Cabral,Melissa Cabral,,Unknown,Dental Corp,,,,Not Found
bethany.dietz@dentalcorp.ca,,,Bethany,Dietz,Bethany Dietz,,Unknown,Dental Corp,,,,Not Found
rajashree.ramakrishnan@dentalcorp.ca,,,Rajashree,Ramakrishnan,Rajashree Ramakrishnan,,Unknown,Dental Corp,,,,Not Found
jaimesolo39@mydentalmail.com,,,Jaimesolo,,Jaimesolo,,Unknown,My Dental Mail,,,,Not Found
aislam@atlmohs.com,,,Aislam,,Aislam,,Unknown,Atlmohs,,,,Not Found
skreitner@atlmohs.com,,,Skreitner,,Skreitner,,Unknown,Atlmohs,,,,Not Found
hcole@atlmohs.com,,,Hcole,,Hcole,,Unknown,Atlmohs,,,,Not Found
emily.lutz@associatesindermatology.com,,,Emily,Lutz,Emily Lutz,,Unknown,Associates Indermatology,,,,Not Found
jyoungblood@forefrontdermatology.com,,,Jyoungblood,,Jyoungblood,,Unknown,Forefrontdermatology,,,,Not Found
candice.hinds@forefrontderm.com,,,Candice,Hinds,Candice Hinds,,Unknown,Forefrontderm,,,,Not Found
john.gijsen@forefrontderm.com,,,John,Gijsen,John Gijsen,,Unknown,Forefrontderm,,,,Not Found
jay.erb@forefrontderm.com,,,Jay,Erb,Jay Erb,,Unknown,Forefrontderm,,,,Not Found
mmartin@forefrontdermatology.com,,,Mmartin,,Mmartin,,Unknown,Forefrontdermatology,,,,Not Found
alana.kent@forefrontderm.com,,,Alana,Kent,Alana Kent,,Unknown,Forefrontderm,,,,Not Found
richard.greenfield@forefrontderm.com,,,Richard,Greenfield,Richard Greenfield,,Unknown,Forefrontderm,,,,Not Found
sean.sullivan@forefrontderm.com,,,Sean,Sullivan,Sean Sullivan,,Unknown,Forefrontderm,,,,Not Found
jreynolds@forefrontdermatology.com,,,Jreynolds,,Jreynolds,,Unknown,Forefrontdermatology,,,,Not Found
anthony.verrico@forefrontderm.com,,,Anthony,Verrico,Anthony Verrico,,Unknown,Forefrontderm,,,,Not Found
rachel.kane@forefrontderm.com,,,Rachel,Kane,Rachel Kane,,Unknown,Forefrontderm,,,,Not Found
leanna.sultan@forefrontderm.com,,,Leanna,Sultan,Leanna Sultan,,Unknown,Forefrontderm,,,,Not Found
lsimon@forefrontdermatology.com,,,Lsimon,,Lsimon,,Unknown,Forefrontdermatology,,,,Not Found
jodie.wunsch@forefrontderm.com,,,Jodie,Wunsch,Jodie Wunsch,,Unknown,Forefrontderm,,,,Not Found
sarah.stevey@forefrontderm.com,,,Sarah,Stevey,Sarah Stevey,,Unknown,Forefrontderm,,,,Not Found
brittany.mallardi@thedermgroup.com,,,Brittany,Mallardi,Brittany Mallardi,,Unknown,Thederm Group,,,,Not Found
marie.pittman@thedermgroup.com,,,Marie,Pittman,Marie Pittman,,Unknown,Thederm Group,,,,Not Found
renise.lawrence@thedermgroup.com,,,Renise,Lawrence,Renise Lawrence,,Unknown,Thederm Group,,,,Not Found
addisonb@wilmingtondermatologycenter.com,,,Addisonb,,Addisonb,,Unknown,Wilmingtondermatology Center,,,,Not Found
jrubin@skinwellness.com,,,Jrubin,,Jrubin,,Unknown,Skinwellness,,,,Not Found
amays@skinwellness.com,,,Amays,,Amays,,Unknown,Skinwellness,,,,Not Found
hannah@skinwellness.com,,,Hannah,,Hannah,,Unknown,Skinwellness,,,,Not Found
hmiller@skinwellness.com,,,Hmiller,,Hmiller,,Unknown,Skinwellness,,,,Not Found
drcarter@affinityderm.com,,,Carter,,Carter,,Unknown,Affinityderm,,,,Not Found
yroman@goldmandermatology.com,,,Yroman,,Yroman,,Unknown,Goldmandermatology,,,,Not Found
mara.dacso@platinumderm.com,,,Mara,Dacso,Mara Dacso,,Unknown,Platinumderm,,,,Not Found
bgoldman@goldmandermatology.com,,,Bgoldman,,Bgoldman,,Unknown,Goldmandermatology,,,,Not Found
amy.nardini@forefrontderm.com,,,Amy,Nardini,Amy Nardini,,Unknown,Forefrontderm,,,,Not Found
kbendorf@forefrontderm.com,,,Kbendorf,,Kbendorf,,Unknown,Forefrontderm,,,,Not Found
jsoderberg@forefrontdermatology.com,,,Jsoderberg,,Jsoderberg,,Unknown,Forefrontdermatology,,,,Not Found
jmckenna@forefrontdermatology.com,,,Jmckenna,,Jmckenna,,Unknown,Forefrontdermatology,,,,Not Found
joel.dalinka@forefrontderm.com,,,Joel,Dalinka,Joel Dalinka,,Unknown,Forefrontderm,,,,Not Found
amy.pendleton@forefrontderm.com,,,Amy,Pendleton,Amy Pendleton,,Unknown,Forefrontderm,,,,Not Found
laura.seehaver@forefrontderm.com,,,Laura,Seehaver,Laura Seehaver,,Unknown,Forefrontderm,,,,Not Found
kprachyl@forefrontdermatology.com,,,Kprachyl,,Kprachyl,,Unknown,Forefrontdermatology,,,,Not Found
scook@forefrontdermatology.com,,,Scook,,Scook,,Unknown,Forefrontdermatology,,,,Not Found
manpreet.roy@forefrontderm.com,,,Manpreet,Roy,Manpreet Roy,,Unknown,Forefrontderm,,,,Not Found
cmurphy@forefrontdermatology.com,,,Cmurphy,,Cmurphy,,Unknown,Forefrontdermatology,,,,Not Found
tgoldblatt@affinityderm.com,,,Tgoldblatt,,Tgoldblatt,,Unknown,Affinityderm,,,,Not Found
rglogau@sfderm.com,,,Rglogau,,Rglogau,,Unknown,Sfderm,,,,Not Found
drdyck@skinwellness.com,,,Dyck,,Dyck,,Unknown,Skinwellness,,,,Not Found
elener@laderaderm.com,,,Elener,,Elener,,Unknown,Laderaderm,,,,Not Found
bobby@thedermspecs.com,,,Bobby,,Bobby,,Unknown,Thedermspecs,,,,Not Found
jhinchee@aadermatology.com,,,Jhinchee,,Jhinchee,,Unknown,Aadermatology,,,,Not Found
fhancock@aadermatology.com,,,Fhancock,,Fhancock,,Unknown,Aadermatology,,,,Not Found
apogorelec@associatedskincare.com,,,Apogorelec,,Apogorelec,,Unknown,Associatedskin Care,,,,Not Found
mpokusa@aadermatology.com,,,Mpokusa,,Mpokusa,,Unknown,Aadermatology,,,,Not Found
kczarnecki@aadermatology.com,,,Kczarnecki,,Kczarnecki,,Unknown,Aadermatology,,,,Not Found
jaclynt@wilmingtondermatologycenter.com,,,Jaclynt,,Jaclynt,,Unknown,Wilmingtondermatology Center,,,,Not Found
melder@skinwellness.com,,,Melder,,Melder,,Unknown,Skinwellness,,,,Not Found
ccoleman@derm-associates.com,,,Ccoleman,,Ccoleman,,Unknown,Derm Associates,,,,Not Found
smaniates@affderm.com,,,Smaniates,,Smaniates,,Unknown,Affderm,,,,Not Found
julmer@affderm.com,,,Julmer,,Julmer,,Unknown,Affderm,,,,Not Found
richard@ottawadermcentre.com,,,Richard,,Richard,,Unknown,Ottawadermcentre,,,,Not Found
pskrypnyk@ottawadermcentre.com,,,Pskrypnyk,,Pskrypnyk,,Unknown,Ottawadermcentre,,,,Not Found
jergang@derm-associates.com,,,Jergang,,Jergang,,Unknown,Derm Associates,,,,Not Found
maveritte@affderm.com,,,Maveritte,,Maveritte,,Unknown,Affderm,,,,Not Found
jleanos@affderm.com,,,Jleanos,,Jleanos,,Unknown,Affderm,,,,Not Found
jaime@ottawadermcentre.com,,,Jaime,,Jaime,,Unknown,Ottawadermcentre,,,,Not Found
srepka@vistaradiology.com,,,Srepka,,Srepka,,Unknown,Vistaradiology,,,,Not Found
pverhaeghe@rowandiagnostic.com,,,Pverhaeghe,,Pverhaeghe,,Unknown,Rowandiagnostic,,,,Not Found
jessica@vtopenmri.com,,,Jessica,,Jessica,,Unknown,Vtopenmri,,,,Not Found
edison.sanchez@radnet.com,,,Edison,Sanchez,Edison Sanchez,,Unknown,Radnet,,,,Not Found
nicole.bonacchi@radnet.com,,,Nicole,Bonacchi,Nicole Bonacchi,,Unknown,Radnet,,,,Not Found
amanda.wise@radnet.com,,,Amanda,Wise,Amanda Wise,,Unknown,Radnet,,,,Not Found
courtney@crownimaging.com,,,Courtney,,Courtney,,Unknown,Crownimaging,,,,Not Found
jennifer.dichiara@radnet.com,,,Jennifer,Dichiara,Jennifer Dichiara,,Unknown,Radnet,,,,Not Found
bailey.walterhoefer@radnet.com,,,Bailey,Walterhoefer,Bailey Walterhoefer,,Unknown,Radnet,,,,Not Found
joelr@mdsxray.com,,,Joelr,,Joelr,,Unknown,Mdsxray,,,,Not Found
mitchell.globman@accureference.com,,,Mitchell,Globman,Mitchell Globman,,Unknown,Accureference,,,,Not Found
nabudaff@akdhc.com,,,Nabudaff,,Nabudaff,,Unknown,Akdhc,,,,Not Found
cneagra@akdhc.com,,,Cneagra,,Cneagra,,Unknown,Akdhc,,,,Not Found
george.yuhasz@freseniusmedicalcare.com,,,George,Yuhasz,George Yuhasz,,Unknown,Fresenius Medical Care,,,,Not Found
gaurav.aggarwal@freseniusmedicalcare.com,,,Gaurav,Aggarwal,Gaurav Aggarwal,,Unknown,Fresenius Medical Care,,,,Not Found
lgriffith@akdhc.com,,,Lgriffith,,Lgriffith,,Unknown,Akdhc,,,,Not Found
snemr@akdhc.com,,,Snemr,,Snemr,,Unknown,Akdhc,,,,Not Found
jason@matter.health,,,Jason,,Jason,,Unknown,Matter,,,,Not Found
charlene@matter.health,,,Charlene,,Charlene,,Unknown,Matter,,,,Not Found
mike@matter.health,,,Mike,,Mike,,Unknown,Matter,,,,Not Found
zak@searchkings.com,,,Zak,,Zak,,Unknown,Searchkings,,,,Not Found
sam.hinton@byramhealthcare.com,,,Sam,Hinton,Sam Hinton,,Unknown,Byram Health Care,,,,Not Found
lina.yavuz@severin.de,,,Lina,Yavuz,Lina Yavuz,,Unknown,Severin,,,,Not Found
meljack22@icloud.com,,,Meljack,,Meljack,,Unknown,,,,,Not Found
potter-family@bluewin.ch,,,Potter,Family,Potter Family,,Unknown,Bluewin,,,,Not Found
bscheussler@hvc.rr.com,,,Bscheussler,,Bscheussler,,Unknown,Hvc,,,,Not Found
peakperformance@stny.rr.com,,,Peakperformance,,Peakperformance,,Unknown,Stny,,,,Not Found
dmerriman24@hotmail.com,,,Dmerriman,,Dmerriman,,Unknown,,,,,Not Found
drsazan@hotmail.com,,,Sazan,,Sazan,,Unknown,,,,,Not Found
infohealthpointe@gmail.com,,,Infohealthpointe,,Infohealthpointe,,Unknown,,,,,Not Found
nfmedicine@outlook.com,,,Nfmedicine,,Nfmedicine,,Unknown,,,,,Not Found
revmartin@fastmail.fm,,,Revmartin,,Revmartin,,Unknown,Fastmail,,,,Not Found
stdoc0451@yahoo.com,,,Stdoc,,Stdoc,,Unknown,,,,,Not Found
veroespinoza@yahoo.com,,,Veroespinoza,,Veroespinoza,,Unknown,,,,,Not Found
yslilley@yahoo.com,,,Yslilley,,Yslilley,,Unknown,,,,,Not Found
masroormunim@hotmail.com,,,Masroormunim,,Masroormunim,,Unknown,,,,,Not Found
woo_paek@yahoo.com,,,Woo,Paek,Woo Paek,,Unknown,,,,,Not Found
rcpascuamd@yahoo.com,,,Rcpascuamd,,Rcpascuamd,,Unknown,,,,,Not Found
adrian_a_michael@yahoo.com,,,Adrian,Michael,Adrian A Michael,,Unknown,,,,,Not Found
eyeassociatescol@yahoo.com,,,Eyeassociatescol,,Eyeassociatescol,,Unknown,,,,,Not Found
desire_hicks@yahoo.com,,,Desire,Hicks,Desire Hicks,,Unknown,,,,,Not Found
tjcrobinson@outlook.com,,,Tjcrobinson,,Tjcrobinson,,Unknown,,,,,Not Found
jfgrimmette@yahoo.com,,,Jfgrimmette,,Jfgrimmette,,Unknown,,,,,Not Found
ecote1995@yahoo.com,,,Ecote,,Ecote,,Unknown,,,,,Not Found
husna_iqbal2000@yahoo.com,,,Husna,Iqbal,Husna Iqbal,,Unknown,,,,,Not Found
sabbs1@hotmail.com,,,Sabbs,,Sabbs,,Unknown,,,,,Not Found
janellewilson725@yahoo.com,,,Janellewilson,,Janellewilson,,Unknown,,,,,Not Found
animalclinicofforesthill@yahoo.com,,,Animalclinicofforesthill,,Animalclinicofforesthill,,Unknown,,,,,Not Found
bolajipop@hotmail.com,,,Bolajipop,,Bolajipop,,Unknown,,,,,Not Found
cfirminfnp@gmail.com,,,Cfirminfnp,,Cfirminfnp,,Unknown,,,,,Not Found
coastalcarolinabh@gmail.com,,,Coastalcarolinabh,,Coastalcarolinabh,,Unknown,,,,,Not Found
familyhealthllc@gmail.com,,,Familyhealthllc,,Familyhealthllc,,Unknown,,,,,Not Found
jennifer.steinhoff@gmail.com,,,Jennifer,Steinhoff,Jennifer Steinhoff,,Unknown,,,,,Not Found
midatlanticpc2019@gmail.com,,,Midatlanticpc,,Midatlanticpc,,Unknown,,,,,Not Found
rodfergom@gmail.com,,,Rodfergom,,Rodfergom,,Unknown,,,,,Not Found
tennesseegyn@gmail.com,,,Tennesseegyn,,Tennesseegyn,,Unknown,,,,,Not Found
tikuttan@gmail.com,,,Tikuttan,,Tikuttan,,Unknown,,,,,Not Found
kimberley_townsend@yahoo.com,,,Kimberley,Townsend,Kimberley Townsend,,Unknown,,,,,Not Found
juliawhalen75@yahoo.com,,,Juliawhalen,,Juliawhalen,,Unknown,,,,,Not Found
adavydov02@gmail.com,,,Adavydov,,Adavydov,,Unknown,,,,,Not Found
alvaradomarbeli@yahoo.com,,,Alvaradomarbeli,,Alvaradomarbeli,,Unknown,,,,,Not Found
angel45_johnson45@yahoo.com,,,Angel45,Johnson,Angel45 Johnson,,Unknown,,,,,Not Found
agatto1234@hotmail.com,,,Agatto,,Agatto,,Unknown,,,,,Not Found
abelsn03@gmail.com,,,Abelsn,,Abelsn,,Unknown,,,,,Not Found
amemoore44@gmail.com,,,Amemoore,,Amemoore,,Unknown,,,,,Not Found
alneislar@gmail.com,,,Alneislar,,Alneislar,,Unknown,,,,,Not Found
addisonmjmd@gmail.com,,,Addisonmjmd,,Addisonmjmd,,Unknown,,,,,Not Found
andreluv64@gmail.com,,,Andreluv,,Andreluv,,Unknown,,,,,Not Found
alucas.mwc@gmail.com,,,Alucas,Mwc,Alucas Mwc,,Unknown,,,,,Not Found
1160jrgm@gmail.com,,,1160Jrgm,,1160Jrgm,,Unknown,,,,,Not Found
adrianamendoza9155@gmail.com,,,Adrianamendoza,,Adrianamendoza,,Unknown,,,,,Not Found
agkmail662@gmail.com,,,Agkmail,,Agkmail,,Unknown,,,,,Not Found
akatelen@gmail.com,,,Akatelen,,Akatelen,,Unknown,,,,,Not Found
alivioglaisa26@gmail.com,,,Alivioglaisa,,Alivioglaisa,,Unknown,,,,,Not Found
alixandra13@gmail.com,,,Alixandra,,Alixandra,,Unknown,,,,,Not Found
alyssaschomp@gmail.com,,,Alyssaschomp,,Alyssaschomp,,Unknown,,,,,Not Found
ambercase2@gmail.com,,,Ambercase,,Ambercase,,Unknown,,,,,Not Found
bjoernkils@gmail.com,,,Bjoernkils,,Bjoernkils,,Unknown,,,,,Not Found
mchen1313@gmail.com,,,Mchen,,Mchen,,Unknown,,,,,Not Found
marvinhergenreder0273@gmail.com,,,Marvinhergenreder,,Marvinhergenreder,,Unknown,,,,,Not Found
lisa.paletta@imail.org,,,Lisa,Paletta,Lisa Paletta,,Unknown,Imail,,,,Not Found
gjiasjdg8@gmailot.com,,,Gjiasjdg,,Gjiasjdg,,Unknown,Gmailot,,,,Not Found
rlucero@cepcolorado.com,,,Rlucero,,Rlucero,,Unknown,Cepcolorado,,,,Not Found
dowen@lmep.com,,,Dowen,,Dowen,,Unknown,Lmep,,,,Not Found
draghuraman@lmep.com,,,Aghuraman,,Aghuraman,,Unknown,Lmep,,,,Not Found
laura.tschida@frontlineer.com,,,Laura,Tschida,Laura Tschida,,Unknown,Frontlineer,,,,Not Found
derekbrown@careatc.com,,,Derekbrown,,Derekbrown,,Unknown,Care Atc,,,,Not Found
nickpeper@careatc.com,,,Nickpeper,,Nickpeper,,Unknown,Care Atc,,,,Not Found
dawncarter@careatc.com,,,Dawncarter,,Dawncarter,,Unknown,Care Atc,,,,Not Found
pkeeling@careatc.com,,,Pkeeling,,Pkeeling,,Unknown,Care Atc,,,,Not Found
torijuby@careatc.com,,,Torijuby,,Torijuby,,Unknown,Care Atc,,,,Not Found
jamierodriguez@careatc.com,,,Jamierodriguez,,Jamierodriguez,,Unknown,Care Atc,,,,Not Found
spencelloyd@careatc.com,,,Spencelloyd,,Spencelloyd,,Unknown,Care Atc,,,,Not Found
kellybender@careatc.com,,,Kellybender,,Kellybender,,Unknown,Care Atc,,,,Not Found
hollymorris@careatc.com,,,Hollymorris,,Hollymorris,,Unknown,Care Atc,,,,Not Found
kylelarson@careatc.com,,,Kylelarson,,Kylelarson,,Unknown,Care Atc,,,,Not Found
toshabass@careatc.com,,,Toshabass,,Toshabass,,Unknown,Care Atc,,,,Not Found
kimfeldman@careatc.com,,,Kimfeldman,,Kimfeldman,,Unknown,Care Atc,,,,Not Found
hiring@aiyandiabetescenter.com,,,Hiring,,Hiring,,Unknown,Aiyandiabetes Center,,,,Not Found
bobbiesims@aiyandiabetescenter.com,,,Bobbiesims,,Bobbiesims,,Unknown,Aiyandiabetes Center,,,,Not Found
i.ratiu@austinthyroid.com,,,I,Ratiu,I Ratiu,,Unknown,Austinthyroid,,,,Not Found
barbu@ccendocrinology.com,,,Barbu,,Barbu,,Unknown,Ccendocrinology,,,,Not Found
david.alster@tucsonendocrine.com,,,David,Alster,David Alster,,Unknown,Tucsonendocrine,,,,Not Found
ainnes@usendopartners.com,,,Ainnes,,Ainnes,,Unknown,Usendo Partners,,,,Not Found
cwright@usendopartners.com,,,Cwright,,Cwright,,Unknown,Usendo Partners,,,,Not Found
klbrownell@usendopartners.com,,,Klbrownell,,Klbrownell,,Unknown,Usendo Partners,,,,Not Found
bsgarcia@usendopartners.com,,,Bsgarcia,,Bsgarcia,,Unknown,Usendo Partners,,,,Not Found
adunn@usendopartners.com,,,Adunn,,Adunn,,Unknown,Usendo Partners,,,,Not Found
jmarable@usendopartners.com,,,Jmarable,,Jmarable,,Unknown,Usendo Partners,,,,Not Found
dcteter@usendopartners.com,,,Dcteter,,Dcteter,,Unknown,Usendo Partners,,,,Not Found
jljohnson@usendopartners.com,,,Jljohnson,,Jljohnson,,Unknown,Usendo Partners,,,,Not Found
jtwellman@usendopartners.com,,,Jtwellman,,Jtwellman,,Unknown,Usendo Partners,,,,Not Found
mlschmidt@usendopartners.com,,,Mlschmidt,,Mlschmidt,,Unknown,Usendo Partners,,,,Not Found
blgoertz@usendopartners.com,,,Blgoertz,,Blgoertz,,Unknown,Usendo Partners,,,,Not Found
glenn.keller@countrymark.com,,,Glenn,Keller,Glenn Keller,,Unknown,Countrymark,,,,Not Found
be@breakthroughenergy.org,,,Be,,Be,,Unknown,Breakthroughenergy,,,,Not Found
sgraves@entltd.com,,,Sgraves,,Sgraves,,Unknown,Entltd,,,,Not Found
jchabot@entltd.com,,,Jchabot,,Jchabot,,Unknown,Entltd,,,,Not Found
jdhingra@entspecialists.com,,,Jdhingra,,Jdhingra,,Unknown,Entspecialists,,,,Not Found
dmurphy@entspecialists.com,,,Dmurphy,,Dmurphy,,Unknown,Entspecialists,,,,Not Found
cvasques@entspecialists.com,,,Cvasques,,Cvasques,,Unknown,Entspecialists,,,,Not Found
evelyn@coent.com,,,Evelyn,,Evelyn,,Unknown,Coent,,,,Not Found
khooter@redriverent.com,,,Khooter,,Khooter,,Unknown,Redriverent,,,,Not Found
hannahkarsten@nationalsinus.com,,,Hannahkarsten,,Hannahkarsten,,Unknown,Nationalsinus,,,,Not Found
amanda.vecellio@enticare.com,,,Amanda,Vecellio,Amanda Vecellio,,Unknown,Enti Care,,,,Not Found
whitney.griffin@enticare.com,,,Whitney,Griffin,Whitney Griffin,,Unknown,Enti Care,,,,Not Found
lili@enticare.com,,,Lili,,Lili,,Unknown,Enti Care,,,,Not Found
nishant@peachtreeent.com,,,Nishant,,Nishant,,Unknown,Peachtreeent,,,,Not Found
hackerknecht@entsc.com,,,Hackerknecht,,Hackerknecht,,Unknown,Entsc,,,,Not Found
asharma@entsc.com,,,Asharma,,Asharma,,Unknown,Entsc,,,,Not Found
astrid@centrears.com,,,Astrid,,Astrid,,Unknown,Centrears,,,,Not Found
mehdi.foroogozar@enticare.com,,,Mehdi,Foroogozar,Mehdi Foroogozar,,Unknown,Enti Care,,,,Not Found
rwebb@redriverent.com,,,Rwebb,,Rwebb,,Unknown,Redriverent,,,,Not Found
sknight@redriverent.com,,,Sknight,,Sknight,,Unknown,Redriverent,,,,Not Found
catrinamickles@redriverent.com,,,Catrinamickles,,Catrinamickles,,Unknown,Redriverent,,,,Not Found
greggschmedes@nationalsinus.com,,,Greggschmedes,,Greggschmedes,,Unknown,Nationalsinus,,,,Not Found
susigreene@nationalsinus.com,,,Susigreene,,Susigreene,,Unknown,Nationalsinus,,,,Not Found
kaelyn.tkacik@enticare.com,,,Kaelyn,Tkacik,Kaelyn Tkacik,,Unknown,Enti Care,,,,Not Found
elizabeth.fuentes@enticare.com,,,Elizabeth,Fuentes,Elizabeth Fuentes,,Unknown,Enti Care,,,,Not Found
katie.mort@enticare.com,,,Katie,Mort,Katie Mort,,Unknown,Enti Care,,,,Not Found
steveharris@nationalsinus.com,,,Steveharris,,Steveharris,,Unknown,Nationalsinus,,,,Not Found
joetumalad@nationalsinus.com,,,Joetumalad,,Joetumalad,,Unknown,Nationalsinus,,,,Not Found
sarah.mikulich@ascentist.com,,,Sarah,Mikulich,Sarah Mikulich,,Unknown,Ascentist,,,,Not Found
dusty.terflinger@ascentist.com,,,Dusty,Terflinger,Dusty Terflinger,,Unknown,Ascentist,,,,Not Found
kim.erbele@allearscenter.org,,,Kim,Erbele,Kim Erbele,,Unknown,Allears Center,,,,Not Found
ejhmd@denversinuscare.com,,,Ejhmd,,Ejhmd,,Unknown,Denversinus Care,,,,Not Found
cliffpark@nationalsinusinstitute.com,,,Cliffpark,,Cliffpark,,Unknown,Nationalsinusinstitute,,,,Not Found
torreym@advancedentdenver.com,,,Torreym,,Torreym,,Unknown,Advancedentdenver,,,,Not Found
bmontemayor@houstonent.com,,,Bmontemayor,,Bmontemayor,,Unknown,Houstonent,,,,Not Found
kasp@houstonent.com,,,Kasp,,Kasp,,Unknown,Houstonent,,,,Not Found
cgriffitt@brfamilymed.com,,,Cgriffitt,,Cgriffitt,,Unknown,Br Family Med,,,,Not Found
jtatko@familyhealthcare.org,,,Jtatko,,Jtatko,,Unknown,Family Health Care,,,,Not Found
earmah@premierefamilypractice.com,,,Earmah,,Earmah,,Unknown,Premiere Family Practice,,,,Not Found
kgreene@lakeroadfamilymedicine.com,,,Kgreene,,Kgreene,,Unknown,Lakeroad Family Medicine,,,,Not Found
scorpus@galvezfamilymedicine.com,,,Scorpus,,Scorpus,,Unknown,Galvez Family Medicine,,,,Not Found
marissa@soundfamilyhealth.com,,,Marissa,,Marissa,,Unknown,Sound Family Health,,,,Not Found
wenders@soundfamilyhealth.com,,,Wenders,,Wenders,,Unknown,Sound Family Health,,,,Not Found
tturner@trinityfamilymed.com,,,Tturner,,Tturner,,Unknown,Trinity Family Med,,,,Not Found
kgilson@trinityfamilymed.com,,,Kgilson,,Kgilson,,Unknown,Trinity Family Med,,,,Not Found
bgoodman@trinityfamilymed.com,,,Bgoodman,,Bgoodman,,Unknown,Trinity Family Med,,,,Not Found
mlarose@trinityfamilymed.com,,,Mlarose,,Mlarose,,Unknown,Trinity Family Med,,,,Not Found
rbodemer@trinityfamilymed.com,,,Rbodemer,,Rbodemer,,Unknown,Trinity Family Med,,,,Not Found
charissa.fowler@cooperfamilymedical.com,,,Charissa,Fowler,Charissa Fowler,,Unknown,Cooper Family Medical,,,,Not Found
angel.hill@cooperfamilymedical.com,,,Angel,Hill,Angel Hill,,Unknown,Cooper Family Medical,,,,Not Found
alexis.newsome@cooperfamilymedical.com,,,Alexis,Newsome,Alexis Newsome,,Unknown,Cooper Family Medical,,,,Not Found
samantha.abelson@cooperfamilymedical.com,,,Samantha,Abelson,Samantha Abelson,,Unknown,Cooper Family Medical,,,,Not Found
hector@familytreehealthcare.com,,,Hector,,Hector,,Unknown,Family Tree Health Care,,,,Not Found
mkillian@redriverfamilypractice.com,,,Mkillian,,Mkillian,,Unknown,Redriver Family Practice,,,,Not Found
jwesenberg@libertasfamilymedicine.com,,,Jwesenberg,,Jwesenberg,,Unknown,Libertas Family Medicine,,,,Not Found
brittanyw@mackeyfamilypractice.com,,,Brittanyw,,Brittanyw,,Unknown,Mackey Family Practice,,,,Not Found
kayceh@mackeyfamilypractice.com,,,Kayceh,,Kayceh,,Unknown,Mackey Family Practice,,,,Not Found
pfp@premierefamilypractice.com,,,Pfp,,Pfp,,Unknown,Premiere Family Practice,,,,Not Found
taylor@lanefamilywellness.com,,,Taylor,,Taylor,,Unknown,Lane Family Wellness,,,,Not Found
ccranley@efmpc.com,,,Ccranley,,Ccranley,,Unknown,Efmpc,,,,Not Found
ccressall@efmpc.com,,,Ccressall,,Ccressall,,Unknown,Efmpc,,,,Not Found
eokenye@efmpc.com,,,Eokenye,,Eokenye,,Unknown,Efmpc,,,,Not Found
sellis@efmpc.com,,,Sellis,,Sellis,,Unknown,Efmpc,,,,Not Found
kwicks@efmpc.com,,,Kwicks,,Kwicks,,Unknown,Efmpc,,,,Not Found
rlockett@efmpc.com,,,Rlockett,,Rlockett,,Unknown,Efmpc,,,,Not Found
tflodine@efmpc.com,,,Tflodine,,Tflodine,,Unknown,Efmpc,,,,Not Found
mjackson@drbobsparks.com,,,Mjackson,,Mjackson,,Unknown,Drbobsparks,,,,Not Found
john@sparksfamily.us,,,John,,John,,Unknown,Sparks Family,,,,Not Found
tsparks@drbobsparks.com,,,Tsparks,,Tsparks,,Unknown,Drbobsparks,,,,Not Found
lwhitaker@oneskyfamilymedicine.com,,,Lwhitaker,,Lwhitaker,,Unknown,Onesky Family Medicine,,,,Not Found
mgray@oneskyfamilymedicine.com,,,Mgray,,Mgray,,Unknown,Onesky Family Medicine,,,,Not Found
ramesh@sonifamilypractice.com,,,Ramesh,,Ramesh,,Unknown,Soni Family Practice,,,,Not Found
msalazar@sonifamilypractice.com,,,Alazar,,Alazar,,Unknown,Soni Family Practice,,,,Not Found
bcruz@sonifamilypractice.com,,,Bcruz,,Bcruz,,Unknown,Soni Family Practice,,,,Not Found
njenkins@sonifamilypractice.com,,,Njenkins,,Njenkins,,Unknown,Soni Family Practice,,,,Not Found
oboscan@sonifamilypractice.com,,,Oboscan,,Oboscan,,Unknown,Soni Family Practice,,,,Not Found
eestrada@sonifamilypractice.com,,,Eestrada,,Eestrada,,Unknown,Soni Family Practice,,,,Not Found
musaschy@sonifamilypractice.com,,,Musaschy,,Musaschy,,Unknown,Soni Family Practice,,,,Not Found
bzolotas@midfamilymed.com,,,Bzolotas,,Bzolotas,,Unknown,Mid Family Med,,,,Not Found
sjackson@mfmhealth.com,,,Sjackson,,Sjackson,,Unknown,Mfm Health,,,,Not Found
jbraimon@mfmhealth.com,,,Jbraimon,,Jbraimon,,Unknown,Mfm Health,,,,Not Found
sswales@mfmhealth.com,,,Sswales,,Sswales,,Unknown,Mfm Health,,,,Not Found
kelliott@mfmhealth.com,,,Kelliott,,Kelliott,,Unknown,Mfm Health,,,,Not Found
asatterwhite@midfamilymed.com,,,Asatterwhite,,Asatterwhite,,Unknown,Mid Family Med,,,,Not Found
mclement@mfmhealth.com,,,Mclement,,Mclement,,Unknown,Mfm Health,,,,Not Found
anita.reyes@bellavidafp.com,,,Anita,Reyes,Anita Reyes,,Unknown,Bellavidafp,,,,Not Found
meponder@lincolnfamilypractice.com,,,Meponder,,Meponder,,Unknown,Lincoln Family Practice,,,,Not Found
cmcclellan@cedarridgefammed.com,,,Cmcclellan,,Cmcclellan,,Unknown,Cedarridgefammed,,,,Not Found
dgrogan@bethelfamilymedicine.com,,,Dgrogan,,Dgrogan,,Unknown,Bethel Family Medicine,,,,Not Found
julia@bewellfc.com,,,Julia,,Julia,,Unknown,Bewellfc,,,,Not Found
lecroy@lighthousefamilymedicine.com,,,Lecroy,,Lecroy,,Unknown,Lighthouse Family Medicine,,,,Not Found
mherpel@expressfamilyclinic.com,,,Mherpel,,Mherpel,,Unknown,Express Family Clinic,,,,Not Found
tom@missoulafamilymed.com,,,Tom,,Tom,,Unknown,Missoula Family Med,,,,Not Found
alexander.mwaura@digfamily.co,,,Alexander,Mwaura,Alexander Mwaura,,Unknown,Dig Family,,,,Not Found
antonio.perez@digfamily.co,,,Antonio,Perez,Antonio Perez,,Unknown,Dig Family,,,,Not Found
trey.guadarrama@digfamily.co,,,Trey,Guadarrama,Trey Guadarrama,,Unknown,Dig Family,,,,Not Found
dwong@soundfamilymedicine.com,,,Dwong,,Dwong,,Unknown,Sound Family Medicine,,,,Not Found
jbradshaw@soundfamilymedicine.com,,,Jbradshaw,,Jbradshaw,,Unknown,Sound Family Medicine,,,,Not Found
kgetchell@soundfamilymedicine.com,,,Kgetchell,,Kgetchell,,Unknown,Sound Family Medicine,,,,Not Found
tballard@soundfamilymedicine.com,,,Tballard,,Tballard,,Unknown,Sound Family Medicine,,,,Not Found
dww@soundfamilymedicine.com,,,Dww,,Dww,,Unknown,Sound Family Medicine,,,,Not Found
rbrovold@soundfamilymedicine.com,,,Rbrovold,,Rbrovold,,Unknown,Sound Family Medicine,,,,Not Found
michael@behrmanfamily.com,,,Michael,,Michael,,Unknown,Behrman Family,,,,Not Found
shobby@harmonyparkfamilymedicine.com,,,Shobby,,Shobby,,Unknown,Harmonypark Family Medicine,,,,Not Found
jgee@corvallisfamilymedicine.com,,,Jgee,,Jgee,,Unknown,Corvallis Family Medicine,,,,Not Found
bbakken@northmasonrfa.com,,,Bbakken,,Bbakken,,Unknown,Northmasonrfa,,,,Not Found
cduncan@duncanfamilyhealthcare.com,,,Cduncan,,Cduncan,,Unknown,Duncan Family Health Care,,,,Not Found
cfree@chatugefp.org,,,Cfree,,Cfree,,Unknown,Chatugefp,,,,Not Found
ryan.sepulveda@ccfmg.org,,,Ryan,Sepulveda,Ryan Sepulveda,,Unknown,Ccfmg,,,,Not Found
jameshudson@thrivefamilymedicine.com,,,Jameshudson,,Jameshudson,,Unknown,Thrive Family Medicine,,,,Not Found
katy.poff@lubbockfamilymedicine.com,,,Katy,Poff,Katy Poff,,Unknown,Lubbock Family Medicine,,,,Not Found
eduardo@dolhunclinic.com,,,Eduardo,,Eduardo,,Unknown,Dolhun Clinic,,,,Not Found
jwestendorf@familycareassociates.com,,,Jwestendorf,,Jwestendorf,,Unknown,Family Care Associates,,,,Not Found
bchaney@familycareassociates.com,,,Bchaney,,Bchaney,,Unknown,Family Care Associates,,,,Not Found
dhite@familycareassociates.com,,,Dhite,,Dhite,,Unknown,Family Care Associates,,,,Not Found
thopper@familycareassociates.com,,,Thopper,,Thopper,,Unknown,Family Care Associates,,,,Not Found
trohr@familycareassociates.com,,,Trohr,,Trohr,,Unknown,Family Care Associates,,,,Not Found
mirandaconnor@hopefamilyhealth.org,,,Mirandaconnor,,Mirandaconnor,,Unknown,Hope Family Health,,,,Not Found
lizferrell@hopefamilyhealth.org,,,Lizferrell,,Lizferrell,,Unknown,Hope Family Health,,,,Not Found
chancehall@hopefamilyhealth.org,,,Chancehall,,Chancehall,,Unknown,Hope Family Health,,,,Not Found
ssaathoff@fallbrookfamily.com,,,Ssaathoff,,Ssaathoff,,Unknown,Fallbrook Family,,,,Not Found
tlong@fmctr.com,,,Tlong,,Tlong,,Unknown,Fmctr,,,,Not Found
josh.mcqueen@digfamily.co,,,Josh,Mcqueen,Josh Mcqueen,,Unknown,Dig Family,,,,Not Found
fcarballo@orlandofamilyphysicians.net,,,Fcarballo,,Fcarballo,,Unknown,Orlando Family Physicians,,,,Not Found
bjose@orlandofamilyphysicians.net,,,Bjose,,Bjose,,Unknown,Orlando Family Physicians,,,,Not Found
iruiz@orlandofamilyphysicians.net,,,Iruiz,,Iruiz,,Unknown,Orlando Family Physicians,,,,Not Found
mparker@metrofamilypractice.org,,,Mparker,,Mparker,,Unknown,Metro Family Practice,,,,Not Found
drsalazar@providafm.com,,,Salazar,,Salazar,,Unknown,Providafm,,,,Not Found
lcournoyer@atkinsonfamilypractice.com,,,Lcournoyer,,Lcournoyer,,Unknown,Atkinson Family Practice,,,,Not Found
gmedam@cumberlandfamilypractice.com,,,Gmedam,,Gmedam,,Unknown,Cumberland Family Practice,,,,Not Found
browe@providafm.com,,,Browe,,Browe,,Unknown,Providafm,,,,Not Found
acamacho@providafm.com,,,Acamacho,,Acamacho,,Unknown,Providafm,,,,Not Found
consuelo@providafm.com,,,Consuelo,,Consuelo,,Unknown,Providafm,,,,Not Found
sgonzales@providafm.com,,,Sgonzales,,Sgonzales,,Unknown,Providafm,,,,Not Found
racosta@providafm.com,,,Racosta,,Racosta,,Unknown,Providafm,,,,Not Found
cwhite@corvallisfamilymedicine.com,,,Cwhite,,Cwhite,,Unknown,Corvallis Family Medicine,,,,Not Found
mmartin@cumberlandfamilypractice.com,,,Mmartin,,Mmartin,,Unknown,Cumberland Family Practice,,,,Not Found
carlos@providafm.com,,,Carlos,,Carlos,,Unknown,Providafm,,,,Not Found
bean@corvallisfamilymedicine.com,,,Bean,,Bean,,Unknown,Corvallis Family Medicine,,,,Not Found
fgarcia@rbmafamilydocs.com,,,Fgarcia,,Fgarcia,,Unknown,Rbma Family Docs,,,,Not Found
mwilliams@harmonyparkfamilymedicine.com,,,Mwilliams,,Mwilliams,,Unknown,Harmonypark Family Medicine,,,,Not Found
bdiebold@metrofamilypractice.org,,,Bdiebold,,Bdiebold,,Unknown,Metro Family Practice,,,,Not Found
gsadler@metrofamilypractice.org,,,Gsadler,,Gsadler,,Unknown,Metro Family Practice,,,,Not Found
abender@vfmapc.net,,,Abender,,Abender,,Unknown,Vfmapc,,,,Not Found
smolden@fphcenter.com,,,Smolden,,Smolden,,Unknown,Fph Center,,,,Not Found
o.machado@ivfmd.com,,,O,Machado,O Machado,,Unknown,Ivfmd,,,,Not Found
a.ramos@ivfmd.com,,,A,Ramos,A Ramos,,Unknown,Ivfmd,,,,Not Found
jordan.hill@ivfmd.com,,,Jordan,Hill,Jordan Hill,,Unknown,Ivfmd,,,,Not Found
amanda.laib@ivfmd.com,,,Amanda,Laib,Amanda Laib,,Unknown,Ivfmd,,,,Not Found
edmund.chwalisz@ivfmd.com,,,Edmund,Chwalisz,Edmund Chwalisz,,Unknown,Ivfmd,,,,Not Found
y.ortega@ivfmd.com,,,Y,Ortega,Y Ortega,,Unknown,Ivfmd,,,,Not Found
d.zitzmann@ivfmd.com,,,D,Zitzmann,D Zitzmann,,Unknown,Ivfmd,,,,Not Found
jessica.tate@ccrm.ca,,,Jessica,Tate,Jessica Tate,,Unknown,Ccrm,,,,Not Found
robin.quirk@ccrm.ca,,,Robin,Quirk,Robin Quirk,,Unknown,Ccrm,,,,Not Found
stacey.johnson@ccrm.ca,,,Stacey,Johnson,Stacey Johnson,,Unknown,Ccrm,,,,Not Found
allison.brown@ccrm.ca,,,Allison,Brown,Allison Brown,,Unknown,Ccrm,,,,Not Found
nabil.zeidan@ccrm.ca,,,Nabil,Zeidan,Nabil Zeidan,,Unknown,Ccrm,,,,Not Found
mansoreh.nazari@ccrm.ca,,,Mansoreh,Nazari,Mansoreh Nazari,,Unknown,Ccrm,,,,Not Found
sadegh.davoudi@ccrm.ca,,,Sadegh,Davoudi,Sadegh Davoudi,,Unknown,Ccrm,,,,Not Found
samuel.blum@ivfmd.com,,,Samuel,Blum,Samuel Blum,,Unknown,Ivfmd,,,,Not Found
melissa.johnson@ivfmd.com,,,Melissa,Johnson,Melissa Johnson,,Unknown,Ivfmd,,,,Not Found
randik@embryo.net,,,Randik,,Randik,,Unknown,Embryo,,,,Not Found
nbudrys@mifertility.com,,,Nbudrys,,Nbudrys,,Unknown,Mifertility,,,,Not Found
emilys@mifertility.com,,,Emilys,,Emilys,,Unknown,Mifertility,,,,Not Found
clkowalczyk@mifertility.com,,,Clkowalczyk,,Clkowalczyk,,Unknown,Mifertility,,,,Not Found
kimr@mifertility.com,,,Kimr,,Kimr,,Unknown,Mifertility,,,,Not Found
dawne@mifertility.com,,,Dawne,,Dawne,,Unknown,Mifertility,,,,Not Found
pverrastro@uconnfertility.com,,,Pverrastro,,Pverrastro,,Unknown,Uconnfertility,,,,Not Found
trevor.rippee@mfin.com,,,Trevor,Rippee,Trevor Rippee,,Unknown,Mfin,,,,Not Found
denver.lane@midfloridafinance.com,,,Denver,Lane,Denver Lane,,Unknown,Midfloridafinance,,,,Not Found
kevin.kukar@mfin.com,,,Kevin,Kukar,Kevin Kukar,,Unknown,Mfin,,,,Not Found
pking@vifr.org,,,Pking,,Pking,,Unknown,Vifr,,,,Not Found
mhergott@vifr.org,,,Mhergott,,Mhergott,,Unknown,Vifr,,,,Not Found
srichards@vifr.org,,,Srichards,,Srichards,,Unknown,Vifr,,,,Not Found
heather.baker@exercisecoach-usa.com,,,Heather,Baker,Heather Baker,,Unknown,Exercisecoach Usa,,,,Not Found
mmurphy@floorcoveringsinternational.com,,,Mmurphy,,Mmurphy,,Unknown,Floorcoveringsinternational,,,,Not Found
sean.bave@broadlume.com,,,Sean,Bave,Sean Bave,,Unknown,Broadlume,,,,Not Found
pauline@bakemorepies.com,,,Pauline,,Pauline,,Unknown,Bakemorepies,,,,Not Found
christian.luedders@novataste.com,,,Christian,Luedders,Christian Luedders,,Unknown,Novataste,,,,Not Found
mdayton@footanklecenteriowa.com,,,Mdayton,,Mdayton,,Unknown,Footankle Center Iowa,,,,Not Found
dkretch@elevatefootankle.com,,,Dkretch,,Dkretch,,Unknown,Elevatefootankle,,,,Not Found
awalsh@footanklenebraska.com,,,Awalsh,,Awalsh,,Unknown,Footanklenebraska,,,,Not Found
shatfield@mtfas.com,,,Shatfield,,Shatfield,,Unknown,Mtfas,,,,Not Found
sbergosh@healthandhopeclinic.org,,,Sbergosh,,Sbergosh,,Unknown,Health Andhope Clinic,,,,Not Found
brian@landerfreeclinic.org,,,Brian,,Brian,,Unknown,Landerfree Clinic,,,,Not Found
tplear@wvhealthright.org,,,Tplear,,Tplear,,Unknown,Wv Health Right,,,,Not Found
bodell@wvhealthright.org,,,Bodell,,Bodell,,Unknown,Wv Health Right,,,,Not Found
sarahy@bradleyfreeclinic.com,,,Sarahy,,Sarahy,,Unknown,Bradleyfree Clinic,,,,Not Found
lthompson@cvillefreeclinic.org,,,Lthompson,,Lthompson,,Unknown,Cvillefree Clinic,,,,Not Found
tscollard@pocatellofreeclinic.org,,,Tscollard,,Tscollard,,Unknown,Pocatellofree Clinic,,,,Not Found
cfox@malihehfreeclinic.org,,,Cfox,,Cfox,,Unknown,Malihehfree Clinic,,,,Not Found
bhuang@trinityfreeclinic.org,,,Bhuang,,Bhuang,,Unknown,Trinityfree Clinic,,,,Not Found
damaris@trinityfreeclinic.org,,,Damaris,,Damaris,,Unknown,Trinityfree Clinic,,,,Not Found
ksaglime@mehop.org,,,Ksaglime,,Ksaglime,,Unknown,Mehop,,,,Not Found
kpalermo@mehop.org,,,Kpalermo,,Kpalermo,,Unknown,Mehop,,,,Not Found
dmaldonado@mehop.org,,,Dmaldonado,,Dmaldonado,,Unknown,Mehop,,,,Not Found
inaranjo@mehop.org,,,Inaranjo,,Inaranjo,,Unknown,Mehop,,,,Not Found
tpasha@mehop.org,,,Tpasha,,Tpasha,,Unknown,Mehop,,,,Not Found
rob@fauquierfreeclinic.org,,,Rob,,Rob,,Unknown,Fauquierfree Clinic,,,,Not Found
klowell@fauquierfreeclinic.org,,,Klowell,,Klowell,,Unknown,Fauquierfree Clinic,,,,Not Found
jlee@fauquierfreeclinic.org,,,Jlee,,Jlee,,Unknown,Fauquierfree Clinic,,,,Not Found
ccarter@fauquierfreeclinic.org,,,Ccarter,,Ccarter,,Unknown,Fauquierfree Clinic,,,,Not Found
zoila@fauquierfreeclinic.org,,,Zoila,,Zoila,,Unknown,Fauquierfree Clinic,,,,Not Found
alexid@clackamasvim.org,,,Alexid,,Alexid,,Unknown,Clackamasvim,,,,Not Found
rebecca@freeclinics.org,,,Rebecca,,Rebecca,,Unknown,Free Clinic S,,,,Not Found
pflynn@thewellnessway.com,,,Pflynn,,Pflynn,,Unknown,Thewellnessway,,,,Not Found
rdenome@thewellnessway.com,,,Rdenome,,Rdenome,,Unknown,Thewellnessway,,,,Not Found
dwagenman@thewellnessway.com,,,Dwagenman,,Dwagenman,,Unknown,Thewellnessway,,,,Not Found
sspringer@thewellnessway.com,,,Sspringer,,Sspringer,,Unknown,Thewellnessway,,,,Not Found
aweaver@thewellnessway.com,,,Aweaver,,Aweaver,,Unknown,Thewellnessway,,,,Not Found
shaines@thewellnessway.com,,,Shaines,,Shaines,,Unknown,Thewellnessway,,,,Not Found
tim@nashvillefurniture.com,,,Tim,,Tim,,Unknown,Nashvillefurniture,,,,Not Found
jsteele@kanesfurniture.com,,,Jsteele,,Jsteele,,Unknown,Kanesfurniture,,,,Not Found
jack@lovesac.com,,,Jack,,Jack,,Unknown,Lovesac,,,,Not Found
katrinatroup@lovesac.com,,,Katrinatroup,,Katrinatroup,,Unknown,Lovesac,,,,Not Found
liamcassidy@lovesac.com,,,Liamcassidy,,Liamcassidy,,Unknown,Lovesac,,,,Not Found
larra@samsfurniture.net,,,Larra,,Larra,,Unknown,Samsfurniture,,,,Not Found
david.dapcevic@jeromes.com,,,David,Dapcevic,David Dapcevic,,Unknown,Jeromes,,,,Not Found
dilipbearelly@gastrocaremd.com,,,Dilipbearelly,,Dilipbearelly,,Unknown,Gastro Care Md,,,,Not Found
nikkiparker-ray@swgiassoc.com,,,Nikkiparker,Ray,Nikkiparker Ray,,Unknown,Swgiassoc,,,,Not Found
zorisadday.gonzalez@southwestgi.com,,,Zorisadday,Gonzalez,Zorisadday Gonzalez,,Unknown,Southwestgi,,,,Not Found
alujan@swgiassoc.com,,,Alujan,,Alujan,,Unknown,Swgiassoc,,,,Not Found
csantana@freeholdendoscopy.com,,,Csantana,,Csantana,,Unknown,Freeholdendoscopy,,,,Not Found
jlewandoski@mngi.com,,,Jlewandoski,,Jlewandoski,,Unknown,Mngi,,,,Not Found
elisha.sladek@mngi.com,,,Elisha,Sladek,Elisha Sladek,,Unknown,Mngi,,,,Not Found
andrew.geiser@mngi.com,,,Andrew,Geiser,Andrew Geiser,,Unknown,Mngi,,,,Not Found
jess.cate@mngi.com,,,Jess,Cate,Jess Cate,,Unknown,Mngi,,,,Not Found
abigail.rolley@mngi.com,,,Abigail,Rolley,Abigail Rolley,,Unknown,Mngi,,,,Not Found
elaina.appel@mngi.com,,,Elaina,Appel,Elaina Appel,,Unknown,Mngi,,,,Not Found
faisal@longislandgastro.com,,,Faisal,,Faisal,,Unknown,Longislandgastro,,,,Not Found
shannon.gentry@mngi.com,,,Shannon,Gentry,Shannon Gentry,,Unknown,Mngi,,,,Not Found
daniel.vanhandel@mngi.com,,,Daniel,Vanhandel,Daniel Vanhandel,,Unknown,Mngi,,,,Not Found
mdevine@allieddigestivehealth.com,,,Mdevine,,Mdevine,,Unknown,Allieddigestive Health,,,,Not Found
melissa@digestivecareconsultants.net,,,Melissa,,Melissa,,Unknown,Digestive Care Consultants,,,,Not Found
nperez@texasdigestive.com,,,Nperez,,Nperez,,Unknown,Texasdigestive,,,,Not Found
nbahler@midvalleygi.com,,,Nbahler,,Nbahler,,Unknown,Midvalleygi,,,,Not Found
david.hertz@nyga.md,,,David,Hertz,David Hertz,,Unknown,Nyga,,,,Not Found
briggettm@cdgm.net,,,Briggettm,,Briggettm,,Unknown,Cdgm,,,,Not Found
jking@southlincolnmedical.com,,,Jking,,Jking,,Unknown,Southlincoln Medical,,,,Not Found
lscherr@southlincolnmedical.com,,,Lscherr,,Lscherr,,Unknown,Southlincoln Medical,,,,Not Found
kwittman@embracehealth.com,,,Kwittman,,Kwittman,,Unknown,Embrace Health,,,,Not Found
darcy.lapp-rabinovitz@sonehealthcare.com,,,Darcy,Rabinovitz,Darcy Lapp Rabinovitz,,Unknown,Sone Health Care,,,,Not Found
sarah.ferrie@sonehealthcare.com,,,Sarah,Ferrie,Sarah Ferrie,,Unknown,Sone Health Care,,,,Not Found
lisa.trumble@sonehealthcare.com,,,Lisa,Trumble,Lisa Trumble,,Unknown,Sone Health Care,,,,Not Found
renee.broadbent@sonehealthcare.com,,,Renee,Broadbent,Renee Broadbent,,Unknown,Sone Health Care,,,,Not Found
trudi.mckenna@sonehealthcare.com,,,Trudi,Mckenna,Trudi Mckenna,,Unknown,Sone Health Care,,,,Not Found
john.sunde@sonehealthcare.com,,,John,Sunde,John Sunde,,Unknown,Sone Health Care,,,,Not Found
lee.kauffman@sonehealthcare.com,,,Lee,Kauffman,Lee Kauffman,,Unknown,Sone Health Care,,,,Not Found
john.robertson@sonehealthcare.com,,,John,Robertson,John Robertson,,Unknown,Sone Health Care,,,,Not Found
lori.smith@sonehealthcare.com,,,Lori,Smith,Lori Smith,,Unknown,Sone Health Care,,,,Not Found
johanna.pedroza@sonehealthcare.com,,,Johanna,Pedroza,Johanna Pedroza,,Unknown,Sone Health Care,,,,Not Found
jordan@hkbsurgery.com,,,Jordan,,Jordan,,Unknown,Hkb Surgery,,,,Not Found
whines@hkbsurgery.com,,,Whines,,Whines,,Unknown,Hkb Surgery,,,,Not Found
cledford@hkbsurgery.com,,,Cledford,,Cledford,,Unknown,Hkb Surgery,,,,Not Found
aconklin@hkbsurgery.com,,,Aconklin,,Aconklin,,Unknown,Hkb Surgery,,,,Not Found
bpayne@hkbsurgery.com,,,Bpayne,,Bpayne,,Unknown,Hkb Surgery,,,,Not Found
cwinter@mtnviewsurgical.com,,,Cwinter,,Cwinter,,Unknown,Mtnviewsurgical,,,,Not Found
matt@alpinesurgical.com,,,Matt,,Matt,,Unknown,Alpinesurgical,,,,Not Found
acasas@dallassurgical.com,,,Acasas,,Acasas,,Unknown,Dallassurgical,,,,Not Found
tkenney@hkbsurgery.com,,,Tkenney,,Tkenney,,Unknown,Hkb Surgery,,,,Not Found
stephanie@hkbsurgery.com,,,Stephanie,,Stephanie,,Unknown,Hkb Surgery,,,,Not Found
kmitchell@dallassurgical.com,,,Kmitchell,,Kmitchell,,Unknown,Dallassurgical,,,,Not Found
angel.gogreve@itrustwellness.com,,,Angel,Gogreve,Angel Gogreve,,Unknown,Itrustwellness,,,,Not Found
joshua.hudson@itrustwellness.com,,,Joshua,Hudson,Joshua Hudson,,Unknown,Itrustwellness,,,,Not Found
sinthia.jones@itrustwellness.com,,,Sinthia,Jones,Sinthia Jones,,Unknown,Itrustwellness,,,,Not Found
alivia.ward@itrustwellness.com,,,Alivia,Ward,Alivia Ward,,Unknown,Itrustwellness,,,,Not Found
sven@previvor.care,,,Sven,,Sven,,Unknown,Previvor,,,,Not Found
carrie@previvor.care,,,Carrie,,Carrie,,Unknown,Previvor,,,,Not Found
christina@glaucomacenter.com,,,Christina,,Christina,,Unknown,Glaucoma Center,,,,Not Found
fridha@glaucomacenter.com,,,Fridha,,Fridha,,Unknown,Glaucoma Center,,,,Not Found
jessicao@glaucomacenter.com,,,Jessicao,,Jessicao,,Unknown,Glaucoma Center,,,,Not Found
jinm@glaucomacenter.com,,,Jinm,,Jinm,,Unknown,Glaucoma Center,,,,Not Found
sandyr@glaucomacenter.com,,,Sandyr,,Sandyr,,Unknown,Glaucoma Center,,,,Not Found
crystalo@glaucomacenter.com,,,Crystalo,,Crystalo,,Unknown,Glaucoma Center,,,,Not Found
hollieo@glaucomacenter.com,,,Hollieo,,Hollieo,,Unknown,Glaucoma Center,,,,Not Found
chandra.reichert@co.allen.in.us,,,Chandra,Reichert,Chandra Reichert,,Unknown,Co,,,,Not Found
mike.biltz@co.allen.in.us,,,Mike,Biltz,Mike Biltz,,Unknown,Co,,,,Not Found
shane.maynard@co.allen.in.us,,,Shane,Maynard,Shane Maynard,,Unknown,Co,,,,Not Found
amaldonado@greenvillenc.gov,,,Amaldonado,,Amaldonado,,Unknown,Greenvillenc,,,,Not Found
carleton.salley@montgomerycountymd.gov,,,Carleton,Salley,Carleton Salley,,Unknown,Montgomerycountymd,,,,Not Found
aloysius.onwuka@capemaycountynj.gov,,,Aloysius,Onwuka,Aloysius Onwuka,,Unknown,Capemaycountynj,,,,Not Found
dbatko@waynecounty.com,,,Dbatko,,Dbatko,,Unknown,Waynecounty,,,,Not Found
crose@pinellas.gov,,,Crose,,Crose,,Unknown,Pinellas,,,,Not Found
klevy@pinellas.gov,,,Klevy,,Klevy,,Unknown,Pinellas,,,,Not Found
alexandra.klotz@montgomerycountymd.gov,,,Alexandra,Klotz,Alexandra Klotz,,Unknown,Montgomerycountymd,,,,Not Found
corey.smedley@montgomerycountymd.gov,,,Corey,Smedley,Corey Smedley,,Unknown,Montgomerycountymd,,,,Not Found
jake.adler@montgomerycountymd.gov,,,Jake,Adler,Jake Adler,,Unknown,Montgomerycountymd,,,,Not Found
marilyn.balcombe@montgomerycountymd.gov,,,Marilyn,Balcombe,Marilyn Balcombe,,Unknown,Montgomerycountymd,,,,Not Found
judith.costello@montgomerycountymd.gov,,,Judith,Costello,Judith Costello,,Unknown,Montgomerycountymd,,,,Not Found
daniel.koroma@montgomerycountymd.gov,,,Daniel,Koroma,Daniel Koroma,,Unknown,Montgomerycountymd,,,,Not Found
joe.webster@montgomerycountymd.gov,,,Joe,Webster,Joe Webster,,Unknown,Montgomerycountymd,,,,Not Found
natali.fani-gonzalez@montgomerycountymd.gov,,,Natali,Gonzalez,Natali Fani Gonzalez,,Unknown,Montgomerycountymd,,,,Not Found
raltidor@waynecountymi.gov,,,Raltidor,,Raltidor,,Unknown,Waynecountymi,,,,Not Found
javier.rodriguez.18@us.af.mil,,,Javier,Rodriguez,Javier Rodriguez,,Unknown,Us,,,,Not Found
jgerlock@cityoffrederickmd.gov,,,Jgerlock,,Jgerlock,,Unknown,Cityoffrederickmd,,,,Not Found
gsewell@cityoffrederickmd.gov,,,Gsewell,,Gsewell,,Unknown,Cityoffrederickmd,,,,Not Found
moconnor@cityoffrederickmd.gov,,,Moconnor,,Moconnor,,Unknown,Cityoffrederickmd,,,,Not Found
ljadallah@cityoffrederickmd.gov,,,Ljadallah,,Ljadallah,,Unknown,Cityoffrederickmd,,,,Not Found
mcoffey2@spd.in.gov,,,Mcoffey,,Mcoffey,,Unknown,Spd,,,,Not Found
sknight@cityoffrederickmd.gov,,,Sknight,,Sknight,,Unknown,Cityoffrederickmd,,,,Not Found
dedmondson@cityoffrederickmd.gov,,,Dedmondson,,Dedmondson,,Unknown,Cityoffrederickmd,,,,Not Found
fjohora@cityoffrederickmd.gov,,,Fjohora,,Fjohora,,Unknown,Cityoffrederickmd,,,,Not Found
ckonderla@brazoscountytx.gov,,,Ckonderla,,Ckonderla,,Unknown,Brazoscountytx,,,,Not Found
pbanerji@brazoscountytx.gov,,,Pbanerji,,Pbanerji,,Unknown,Brazoscountytx,,,,Not Found
jsalazar@brazoscountytx.gov,,,Jsalazar,,Jsalazar,,Unknown,Brazoscountytx,,,,Not Found
kgonzalez@brazoscountytx.gov,,,Kgonzalez,,Kgonzalez,,Unknown,Brazoscountytx,,,,Not Found
cmattson@brazoscountytx.gov,,,Cmattson,,Cmattson,,Unknown,Brazoscountytx,,,,Not Found
zpedersen@brazoscountytx.gov,,,Zpedersen,,Zpedersen,,Unknown,Brazoscountytx,,,,Not Found
kjoyner@brazoscountytx.gov,,,Kjoyner,,Kjoyner,,Unknown,Brazoscountytx,,,,Not Found
diane.dewalt@osceola.org,,,Diane,Dewalt,Diane Dewalt,,Unknown,Osceola,,,,Not Found
sbic@osceola.org,,,Sbic,,Sbic,,Unknown,Osceola,,,,Not Found
sherry.johnson@osceola.org,,,Sherry,Johnson,Sherry Johnson,,Unknown,Osceola,,,,Not Found
laurie.smith@osceola.org,,,Laurie,Smith,Laurie Smith,,Unknown,Osceola,,,,Not Found
cbball@howardcountymd.gov,,,Cbball,,Cbball,,Unknown,Howardcountymd,,,,Not Found
tlattimer@howardcountymd.gov,,,Tlattimer,,Tlattimer,,Unknown,Howardcountymd,,,,Not Found
bbarrett@howardcountymd.gov,,,Bbarrett,,Bbarrett,,Unknown,Howardcountymd,,,,Not Found
dubiera@howardcountymd.gov,,,Dubiera,,Dubiera,,Unknown,Howardcountymd,,,,Not Found
acabellon@howardcountymd.gov,,,Acabellon,,Acabellon,,Unknown,Howardcountymd,,,,Not Found
ayasneski@howardcountymd.gov,,,Ayasneski,,Ayasneski,,Unknown,Howardcountymd,,,,Not Found
bliu@howardcountymd.gov,,,Bliu,,Bliu,,Unknown,Howardcountymd,,,,Not Found
dpoquette@howardcountymd.gov,,,Dpoquette,,Dpoquette,,Unknown,Howardcountymd,,,,Not Found
hmarshall@howardcountymd.gov,,,Hmarshall,,Hmarshall,,Unknown,Howardcountymd,,,,Not Found
cdickerson@howardcountymd.gov,,,Cdickerson,,Cdickerson,,Unknown,Howardcountymd,,,,Not Found
vanhussc@foodcity.com,,,Vanhussc,,Vanhussc,,Unknown,Foodcity,,,,Not Found
dipietrop@foodcity.com,,,Dipietrop,,Dipietrop,,Unknown,Foodcity,,,,Not Found
saul.hernandez@foodcity.com,,,Saul,Hernandez,Saul Hernandez,,Unknown,Foodcity,,,,Not Found
holloway@foodcity.com,,,Holloway,,Holloway,,Unknown,Foodcity,,,,Not Found
tripp.ward@foodcity.com,,,Tripp,Ward,Tripp Ward,,Unknown,Foodcity,,,,Not Found
stafford@foodcity.com,,,Stafford,,Stafford,,Unknown,Foodcity,,,,Not Found
lyonjrs@foodcity.com,,,Lyonjrs,,Lyonjrs,,Unknown,Foodcity,,,,Not Found
ejmackoul@mackoul.com,,,Ejmackoul,,Ejmackoul,,Unknown,Mackoul,,,,Not Found
lbender@mackoul.com,,,Lbender,,Lbender,,Unknown,Mackoul,,,,Not Found
rscandaliato@mackoul.com,,,Rscandaliato,,Rscandaliato,,Unknown,Mackoul,,,,Not Found
pdempsey@mackoul.com,,,Pdempsey,,Pdempsey,,Unknown,Mackoul,,,,Not Found
sdolce@mackoul.com,,,Sdolce,,Sdolce,,Unknown,Mackoul,,,,Not Found
ngomez@regionalhand.com,,,Ngomez,,Ngomez,,Unknown,Regionalhand,,,,Not Found
klopez@regionalhand.com,,,Klopez,,Klopez,,Unknown,Regionalhand,,,,Not Found
todonnell@ovationhand.com,,,Todonnell,,Todonnell,,Unknown,Ovationhand,,,,Not Found
msayers@handcenters.com,,,Ayers,,Ayers,,Unknown,Hand Center S,,,,Not Found
sfeldscher@handcenters.com,,,Sfeldscher,,Sfeldscher,,Unknown,Hand Center S,,,,Not Found
jhaines@handcenters.com,,,Jhaines,,Jhaines,,Unknown,Hand Center S,,,,Not Found
daphne@volusiahandsurgery.com,,,Daphne,,Daphne,,Unknown,Volusiahand Surgery,,,,Not Found
khankins@orlandohandsurgery.com,,,Khankins,,Khankins,,Unknown,Orlandohand Surgery,,,,Not Found
gwhite@orlandohandsurgery.com,,,Gwhite,,Gwhite,,Unknown,Orlandohand Surgery,,,,Not Found
dmullenix@fitzhand.com,,,Dmullenix,,Dmullenix,,Unknown,Fitzhand,,,,Not Found
jbrown@fitzhand.com,,,Jbrown,,Jbrown,,Unknown,Fitzhand,,,,Not Found
heather_glocke@uhc.com,,,Heather,Glocke,Heather Glocke,,Unknown,Uhc,,,,Not Found
rondinel.gibson@anthem.com,,,Rondinel,Gibson,Rondinel Gibson,,Unknown,Anthem,,,,Not Found
kathy.rucinski@anthem.com,,,Kathy,Rucinski,Kathy Rucinski,,Unknown,Anthem,,,,Not Found
laurene.dougherty@eternalhealth.com,,,Laurene,Dougherty,Laurene Dougherty,,Unknown,Eternal Health,,,,Not Found
victor.zhao@centivo.com,,,Victor,Zhao,Victor Zhao,,Unknown,Centivo,,,,Not Found
ryan.thomson@centivo.com,,,Ryan,Thomson,Ryan Thomson,,Unknown,Centivo,,,,Not Found
shawn.hanlon@centivo.com,,,Shawn,Hanlon,Shawn Hanlon,,Unknown,Centivo,,,,Not Found
stephanie.argentine@centivo.com,,,Stephanie,Argentine,Stephanie Argentine,,Unknown,Centivo,,,,Not Found
ryan.pei@centivo.com,,,Ryan,Pei,Ryan Pei,,Unknown,Centivo,,,,Not Found
sean.mcgowan@centivo.com,,,Sean,Mcgowan,Sean Mcgowan,,Unknown,Centivo,,,,Not Found
hannah.pickering@centivo.com,,,Hannah,Pickering,Hannah Pickering,,Unknown,Centivo,,,,Not Found
joy.fitzgerald@uhg.com,,,Joy,Fitzgerald,Joy Fitzgerald,,Unknown,Uhg,,,,Not Found
tsingh@partnershiphp.org,,,Tsingh,,Tsingh,,Unknown,Partners Hiphp,,,,Not Found
lkamaladevan@partnershiphp.org,,,Lkamaladevan,,Lkamaladevan,,Unknown,Partners Hiphp,,,,Not Found
fyu@partnershiphp.org,,,Fyu,,Fyu,,Unknown,Partners Hiphp,,,,Not Found
ibrown@partnershiphp.org,,,Ibrown,,Ibrown,,Unknown,Partners Hiphp,,,,Not Found
sankar@partnershiphp.org,,,Sankar,,Sankar,,Unknown,Partners Hiphp,,,,Not Found
skim@partnershiphp.org,,,Skim,,Skim,,Unknown,Partners Hiphp,,,,Not Found
sdavis@partnershiphp.org,,,Sdavis,,Sdavis,,Unknown,Partners Hiphp,,,,Not Found
heather.james@completehealth.com,,,Heather,James,Heather James,,Unknown,Complete Health,,,,Not Found
tracie.morris@completehealth.com,,,Tracie,Morris,Tracie Morris,,Unknown,Complete Health,,,,Not Found
arlene.thornhill@completehealth.com,,,Arlene,Thornhill,Arlene Thornhill,,Unknown,Complete Health,,,,Not Found
manjinder.singh@completehealth.com,,,Manjinder,Singh,Manjinder Singh,,Unknown,Complete Health,,,,Not Found
john.farley@completehealth.com,,,John,Farley,John Farley,,Unknown,Complete Health,,,,Not Found
erin.sandoval@completehealth.com,,,Erin,Sandoval,Erin Sandoval,,Unknown,Complete Health,,,,Not Found
christian.long@completehealth.com,,,Christian,Long,Christian Long,,Unknown,Complete Health,,,,Not Found
noe.gonzalez@completehealth.com,,,Noe,Gonzalez,Noe Gonzalez,,Unknown,Complete Health,,,,Not Found
roberta.verville@completehealth.com,,,Roberta,Verville,Roberta Verville,,Unknown,Complete Health,,,,Not Found
laura.white@completehealth.com,,,Laura,White,Laura White,,Unknown,Complete Health,,,,Not Found
kristen.schieman@cvmc.org,,,Kristen,Schieman,Kristen Schieman,,Unknown,Cvmc,,,,Not Found
constance.lanphear@cvmc.org,,,Constance,Lanphear,Constance Lanphear,,Unknown,Cvmc,,,,Not Found
cara.wilde@cvmc.org,,,Cara,Wilde,Cara Wilde,,Unknown,Cvmc,,,,Not Found
rachel.larocca@cvmc.org,,,Rachel,Larocca,Rachel Larocca,,Unknown,Cvmc,,,,Not Found
noah.rohrer@cvmc.org,,,Noah,Rohrer,Noah Rohrer,,Unknown,Cvmc,,,,Not Found
jessica.schupp@cvmc.org,,,Jessica,Schupp,Jessica Schupp,,Unknown,Cvmc,,,,Not Found
steve.poulin@cvmc.org,,,Steve,Poulin,Steve Poulin,,Unknown,Cvmc,,,,Not Found
natalia.hayes@cvmc.org,,,Natalia,Hayes,Natalia Hayes,,Unknown,Cvmc,,,,Not Found
zachary.szasz@camc.org,,,Zachary,Szasz,Zachary Szasz,,Unknown,Camc,,,,Not Found
james.grow@mygenesishealth.com,,,James,Grow,James Grow,,Unknown,Mygenesis Health,,,,Not Found
thaer.abdelfattah@chartercare.org,,,Thaer,Abdelfattah,Thaer Abdelfattah,,Unknown,Charter Care,,,,Not Found
eric.bisson@chartercare.org,,,Eric,Bisson,Eric Bisson,,Unknown,Charter Care,,,,Not Found
sarah.sultan@chartercare.org,,,Sarah,Sultan,Sarah Sultan,,Unknown,Charter Care,,,,Not Found
james.daniels@chartercare.org,,,James,Daniels,James Daniels,,Unknown,Charter Care,,,,Not Found
frank.castellone@chartercare.org,,,Frank,Castellone,Frank Castellone,,Unknown,Charter Care,,,,Not Found
jeffrey.bechen@chartercare.org,,,Jeffrey,Bechen,Jeffrey Bechen,,Unknown,Charter Care,,,,Not Found
donna.rubinate@chartercare.org,,,Donna,Rubinate,Donna Rubinate,,Unknown,Charter Care,,,,Not Found
fern.madwed@chartercare.org,,,Fern,Madwed,Fern Madwed,,Unknown,Charter Care,,,,Not Found
michelle.flores@midlandhealth.org,,,Michelle,Flores,Michelle Flores,,Unknown,Midland Health,,,,Not Found
brenda.evans@midlandhealth.org,,,Brenda,Evans,Brenda Evans,,Unknown,Midland Health,,,,Not Found
daryl.paine@hoag.org,,,Daryl,Paine,Daryl Paine,,Unknown,Hoag,,,,Not Found
alexander.misono@hoag.org,,,Alexander,Misono,Alexander Misono,,Unknown,Hoag,,,,Not Found
rebecca.dominguez@hoag.org,,,Rebecca,Dominguez,Rebecca Dominguez,,Unknown,Hoag,,,,Not Found
justin.vetti@hoag.org,,,Justin,Vetti,Justin Vetti,,Unknown,Hoag,,,,Not Found
paulinepetrovski@texashealth.org,,,Paulinepetrovski,,Paulinepetrovski,,Unknown,Texas Health,,,,Not Found
rtbyrne@bethesdahealth.org,,,Rtbyrne,,Rtbyrne,,Unknown,Bethesda Health,,,,Not Found
cwakefield@bethesdahealth.org,,,Cwakefield,,Cwakefield,,Unknown,Bethesda Health,,,,Not Found
lmreynolds@bethesdahealth.org,,,Lmreynolds,,Lmreynolds,,Unknown,Bethesda Health,,,,Not Found
mlkimball@bethesdahealth.org,,,Mlkimball,,Mlkimball,,Unknown,Bethesda Health,,,,Not Found
mmglass@bethesdahealth.org,,,Mmglass,,Mmglass,,Unknown,Bethesda Health,,,,Not Found
aarseneau@bethesdahealth.org,,,Aarseneau,,Aarseneau,,Unknown,Bethesda Health,,,,Not Found
vllorenzen@bethesdahealth.org,,,Vllorenzen,,Vllorenzen,,Unknown,Bethesda Health,,,,Not Found
bdwade@bethesdahealth.org,,,Bdwade,,Bdwade,,Unknown,Bethesda Health,,,,Not Found
aseem.bhandari@midlandhealth.org,,,Aseem,Bhandari,Aseem Bhandari,,Unknown,Midland Health,,,,Not Found
gweisserman@hmh.org,,,Gweisserman,,Gweisserman,,Unknown,Hmh,,,,Not Found
jbernstein@hmh.org,,,Jbernstein,,Jbernstein,,Unknown,Hmh,,,,Not Found
lkalmanovich@hmh.org,,,Lkalmanovich,,Lkalmanovich,,Unknown,Hmh,,,,Not Found
mhinkle@hmh.org,,,Mhinkle,,Mhinkle,,Unknown,Hmh,,,,Not Found
hrosenberg@hmh.org,,,Hrosenberg,,Hrosenberg,,Unknown,Hmh,,,,Not Found
dsu@hmh.org,,,Dsu,,Dsu,,Unknown,Hmh,,,,Not Found
revans@hmh.org,,,Revans,,Revans,,Unknown,Hmh,,,,Not Found
george.stoian@foundationhealth.com,,,George,Stoian,George Stoian,,Unknown,Foundation Health,,,,Not Found
fahad.bin.shahid@foundationhealth.com,,,Fahad,Shahid,Fahad Bin Shahid,,Unknown,Foundation Health,,,,Not Found
gavin.xu@foundationhealth.com,,,Gavin,Xu,Gavin Xu,,Unknown,Foundation Health,,,,Not Found
samreen.rashid@foundationhealth.com,,,Samreen,Rashid,Samreen Rashid,,Unknown,Foundation Health,,,,Not Found
lucia.galatolo@foundationhealth.com,,,Lucia,Galatolo,Lucia Galatolo,,Unknown,Foundation Health,,,,Not Found
tomislav.fabeta@foundationhealth.com,,,Tomislav,Fabeta,Tomislav Fabeta,,Unknown,Foundation Health,,,,Not Found
adanko@browardhealth.org,,,Adanko,,Adanko,,Unknown,Broward Health,,,,Not Found
jamilah.alhashidi@beaumont.org,,,Jamilah,Alhashidi,Jamilah Alhashidi,,Unknown,Beaumont,,,,Not Found
imana.minard@corewellhealth.org,,,Imana,Minard,Imana Minard,,Unknown,Corewell Health,,,,Not Found
heather.hardinger@coxhealth.com,,,Heather,Hardinger,Heather Hardinger,,Unknown,Cox Health,,,,Not Found
teresa.coyan@coxhealth.com,,,Teresa,Coyan,Teresa Coyan,,Unknown,Cox Health,,,,Not Found
frank.lavora@aurora.org,,,Frank,Lavora,Frank Lavora,,Unknown,Aurora,,,,Not Found
david.alouani@uhhospitals.org,,,David,Alouani,David Alouani,,Unknown,Uhhospitals,,,,Not Found
mehdi.shishehbor@uhhospitals.org,,,Mehdi,Shishehbor,Mehdi Shishehbor,,Unknown,Uhhospitals,,,,Not Found
beverly.gates@uhhospitals.org,,,Beverly,Gates,Beverly Gates,,Unknown,Uhhospitals,,,,Not Found
mark.snow@bannerhealth.com,,,Mark,Snow,Mark Snow,,Unknown,Banner Health,,,,Not Found
joshua.brackett@bannerhealth.com,,,Joshua,Brackett,Joshua Brackett,,Unknown,Banner Health,,,,Not Found
sumit.sharma@bannerhealth.com,,,Sumit,Sharma,Sumit Sharma,,Unknown,Banner Health,,,,Not Found
jessica.russotto@bannerhealth.com,,,Jessica,Russotto,Jessica Russotto,,Unknown,Banner Health,,,,Not Found
douglas.myers@bannerhealth.com,,,Douglas,Myers,Douglas Myers,,Unknown,Banner Health,,,,Not Found
stacie.joja@bannerhealth.com,,,Stacie,Joja,Stacie Joja,,Unknown,Banner Health,,,,Not Found
amity.anderson@bannerhealth.com,,,Amity,Anderson,Amity Anderson,,Unknown,Banner Health,,,,Not Found
tsullivan@samaritanhealthcare.com,,,Tsullivan,,Tsullivan,,Unknown,Samaritan Health Care,,,,Not Found
gyoungren@samaritanhealthcare.com,,,Gyoungren,,Gyoungren,,Unknown,Samaritan Health Care,,,,Not Found
ktaylor@samaritanhealthcare.com,,,Ktaylor,,Ktaylor,,Unknown,Samaritan Health Care,,,,Not Found
eolson@samaritanhealthcare.com,,,Eolson,,Eolson,,Unknown,Samaritan Health Care,,,,Not Found
sbrooks@samaritanhealthcare.com,,,Sbrooks,,Sbrooks,,Unknown,Samaritan Health Care,,,,Not Found
bdegooyer@samaritanhealthcare.com,,,Bdegooyer,,Bdegooyer,,Unknown,Samaritan Health Care,,,,Not Found
adam.mogil@mygenesishealth.com,,,Adam,Mogil,Adam Mogil,,Unknown,Mygenesis Health,,,,Not Found
cboutin@chartercare.org,,,Cboutin,,Cboutin,,Unknown,Charter Care,,,,Not Found
chad.hovis@camc.org,,,Chad,Hovis,Chad Hovis,,Unknown,Camc,,,,Not Found
klamm@hmh.org,,,Klamm,,Klamm,,Unknown,Hmh,,,,Not Found
darrell.hulisz@uhhospitals.org,,,Darrell,Hulisz,Darrell Hulisz,,Unknown,Uhhospitals,,,,Not Found
mworkman@browardhealth.org,,,Mworkman,,Mworkman,,Unknown,Broward Health,,,,Not Found
hassan.abbass@uhhospitals.org,,,Hassan,Abbass,Hassan Abbass,,Unknown,Uhhospitals,,,,Not Found
amy.fultz@midlandhealth.org,,,Amy,Fultz,Amy Fultz,,Unknown,Midland Health,,,,Not Found
michelle.pendergrass@midlandhealth.org,,,Michelle,Pendergrass,Michelle Pendergrass,,Unknown,Midland Health,,,,Not Found
briana.borrego@midlandhealth.org,,,Briana,Borrego,Briana Borrego,,Unknown,Midland Health,,,,Not Found
tamara.stclaire@mainehealth.org,,,Tamara,Stclaire,Tamara Stclaire,,Unknown,Maine Health,,,,Not Found
rebecca.lester@camc.org,,,Rebecca,Lester,Rebecca Lester,,Unknown,Camc,,,,Not Found
tommy.spurlock@camc.org,,,Tommy,Spurlock,Tommy Spurlock,,Unknown,Camc,,,,Not Found
frank.annie@camc.org,,,Frank,Annie,Frank Annie,,Unknown,Camc,,,,Not Found
jeremy.hicks@camc.org,,,Jeremy,Hicks,Jeremy Hicks,,Unknown,Camc,,,,Not Found
justin.mckinney@camc.org,,,Justin,Mckinney,Justin Mckinney,,Unknown,Camc,,,,Not Found
robby.queen@camc.org,,,Robby,Queen,Robby Queen,,Unknown,Camc,,,,Not Found
ahosseini@browardhealth.org,,,Ahosseini,,Ahosseini,,Unknown,Broward Health,,,,Not Found
yarcuri@browardhealth.org,,,Yarcuri,,Yarcuri,,Unknown,Broward Health,,,,Not Found
eflader@browardhealth.org,,,Eflader,,Eflader,,Unknown,Broward Health,,,,Not Found
holli.brousseau@chartercare.org,,,Holli,Brousseau,Holli Brousseau,,Unknown,Charter Care,,,,Not Found
melissa.march@aah.org,,,Melissa,March,Melissa March,,Unknown,Aah,,,,Not Found
sudhakar.karlapudi@aah.org,,,Sudhakar,Karlapudi,Sudhakar Karlapudi,,Unknown,Aah,,,,Not Found
dani.gonzalez@ascension.org,,,Dani,Gonzalez,Dani Gonzalez,,Unknown,Ascension,,,,Not Found
ray.anderson@trinity-health.org,,,Ray,Anderson,Ray Anderson,,Unknown,Trinity Health,,,,Not Found
rcg@hmhn.org,,,Rcg,,Rcg,,Unknown,Hmhn,,,,Not Found
kenneth.sable@hmhn.org,,,Kenneth,Sable,Kenneth Sable,,Unknown,Hmhn,,,,Not Found
michelle.pierson@hmhn.org,,,Michelle,Pierson,Michelle Pierson,,Unknown,Hmhn,,,,Not Found
faiz.bhora@hmhn.org,,,Faiz,Bhora,Faiz Bhora,,Unknown,Hmhn,,,,Not Found
daniel.walzman@hmhn.org,,,Daniel,Walzman,Daniel Walzman,,Unknown,Hmhn,,,,Not Found
patrick.young@hmhn.org,,,Patrick,Young,Patrick Young,,Unknown,Hmhn,,,,Not Found
steven.azanedo@hmhn.org,,,Steven,Azanedo,Steven Azanedo,,Unknown,Hmhn,,,,Not Found
julian.moreno@hmhn.org,,,Julian,Moreno,Julian Moreno,,Unknown,Hmhn,,,,Not Found
jeff.greene@trinity-health.org,,,Jeff,Greene,Jeff Greene,,Unknown,Trinity Health,,,,Not Found
carrie.setzler@trinity-health.org,,,Carrie,Setzler,Carrie Setzler,,Unknown,Trinity Health,,,,Not Found
pierre.monice@trinity-health.org,,,Pierre,Monice,Pierre Monice,,Unknown,Trinity Health,,,,Not Found
jill.short@trinity-health.org,,,Jill,Short,Jill Short,,Unknown,Trinity Health,,,,Not Found
laura.aquinto@trinity-health.org,,,Laura,Aquinto,Laura Aquinto,,Unknown,Trinity Health,,,,Not Found
kathiepierce@flhsa.org,,,Kathiepierce,,Kathiepierce,,Unknown,Flhsa,,,,Not Found
nicholas.masozera@hbdus.com,,,Nicholas,Masozera,Nicholas Masozera,,Unknown,Hbdus,,,,Not Found
preethyw@hbdus.com,,,Preethyw,,Preethyw,,Unknown,Hbdus,,,,Not Found
scott@hbdus.com,,,Scott,,Scott,,Unknown,Hbdus,,,,Not Found
anmol@emitrr.com,,,Anmol,,Anmol,,Unknown,Emitrr,,,,Not Found
j2@consultj2.net,,,J,,J,,Unknown,Consultj2,,,,Not Found
kosborn@foresidecompany.com,,,Kosborn,,Kosborn,,Unknown,Foresidecompany,,,,Not Found
ahernandez@foresidecompany.com,,,Ahernandez,,Ahernandez,,Unknown,Foresidecompany,,,,Not Found
kw@jrcs.com,,,Kw,,Kw,,Unknown,Jrcs,,,,Not Found
elisas@agemarketconsulting.com,,,Elisas,,Elisas,,Unknown,Agemarketconsulting,,,,Not Found
jd@jrcs.com,,,Jd,,Jd,,Unknown,Jrcs,,,,Not Found
brenda@cav.partners,,,Brenda,,Brenda,,Unknown,Cav,,,,Not Found
pete@smartsourceconsults.com,,,Pete,,Pete,,Unknown,Smartsourceconsults,,,,Not Found
manny.cancel@eisac.com,,,Manny,Cancel,Manny Cancel,,Unknown,Eisac,,,,Not Found
kcash-holland@hmsconsultants.com,,,Kcash,Holland,Kcash Holland,,Unknown,Hmsconsultants,,,,Not Found
bdotstry@karringgroup.com,,,Bdotstry,,Bdotstry,,Unknown,Karring Group,,,,Not Found
rmosca@nathanwechsler.com,,,Rmosca,,Rmosca,,Unknown,Nathanwechsler,,,,Not Found
hannah@drg.com,,,Hannah,,Hannah,,Unknown,Drg,,,,Not Found
scottz@drg.com,,,Scottz,,Scottz,,Unknown,Drg,,,,Not Found
jack@drg.com,,,Jack,,Jack,,Unknown,Drg,,,,Not Found
rachel@drg.com,,,Rachel,,Rachel,,Unknown,Drg,,,,Not Found
maryt@drg.com,,,Maryt,,Maryt,,Unknown,Drg,,,,Not Found
maryb@drg.com,,,Maryb,,Maryb,,Unknown,Drg,,,,Not Found
ryan@drg.com,,,Ryan,,Ryan,,Unknown,Drg,,,,Not Found
diane@drg.com,,,Diane,,Diane,,Unknown,Drg,,,,Not Found
carrie.kennedy@paradigmcorp.com,,,Carrie,Kennedy,Carrie Kennedy,,Unknown,Paradigmcorp,,,,Not Found
aimee.kus@mckesson.com,,,Aimee,Kus,Aimee Kus,,Unknown,Mckesson,,,,Not Found
carthic.yaga@mckesson.com,,,Carthic,Yaga,Carthic Yaga,,Unknown,Mckesson,,,,Not Found
nicole.carlozzi@mckesson.com,,,Nicole,Carlozzi,Nicole Carlozzi,,Unknown,Mckesson,,,,Not Found
carlie.traylor@mckesson.com,,,Carlie,Traylor,Carlie Traylor,,Unknown,Mckesson,,,,Not Found
chinedu.okocha@mckesson.com,,,Chinedu,Okocha,Chinedu Okocha,,Unknown,Mckesson,,,,Not Found
mark.garvey@mckesson.com,,,Mark,Garvey,Mark Garvey,,Unknown,Mckesson,,,,Not Found
brittany.ulrich@mckesson.com,,,Brittany,Ulrich,Brittany Ulrich,,Unknown,Mckesson,,,,Not Found
brandon.tibbetts@mckesson.com,,,Brandon,Tibbetts,Brandon Tibbetts,,Unknown,Mckesson,,,,Not Found
leon.davis@mckesson.com,,,Leon,Davis,Leon Davis,,Unknown,Mckesson,,,,Not Found
melyssa.sava@mckesson.com,,,Melyssa,Sava,Melyssa Sava,,Unknown,Mckesson,,,,Not Found
jennifer.lee2@mckesson.com,,,Jennifer,Lee,Jennifer Lee,,Unknown,Mckesson,,,,Not Found
sushma.kapoor@sr-ahec.org,,,Sushma,Kapoor,Sushma Kapoor,,Unknown,Sr Ahec,,,,Not Found
jalligood@srahec.org,,,Jalligood,,Jalligood,,Unknown,Srahec,,,,Not Found
mcampellone@srahec.org,,,Mcampellone,,Mcampellone,,Unknown,Srahec,,,,Not Found
bpedersen@srahec.org,,,Bpedersen,,Bpedersen,,Unknown,Srahec,,,,Not Found
mmullins@srahec.org,,,Mmullins,,Mmullins,,Unknown,Srahec,,,,Not Found
paula.locklear@sr-ahec.org,,,Paula,Locklear,Paula Locklear,,Unknown,Sr Ahec,,,,Not Found
ecrall@srahec.org,,,Ecrall,,Ecrall,,Unknown,Srahec,,,,Not Found
lmoore@srahec.org,,,Lmoore,,Lmoore,,Unknown,Srahec,,,,Not Found
mbessette@srahec.org,,,Mbessette,,Mbessette,,Unknown,Srahec,,,,Not Found
nromero@srahec.org,,,Nromero,,Nromero,,Unknown,Srahec,,,,Not Found
johnny.parada@genesiscred.com,,,Johnny,Parada,Johnny Parada,,Unknown,Genesiscred,,,,Not Found
davidi@healthsys.net,,,Davidi,,Davidi,,Unknown,Health Sys,,,,Not Found
fernando@finsoftek.com,,,Fernando,,Fernando,,Unknown,Finsoftek,,,,Not Found
robertm@healthsys.net,,,Robertm,,Robertm,,Unknown,Health Sys,,,,Not Found
fcalcagno@cyn3rgy.com,,,Fcalcagno,,Fcalcagno,,Unknown,Cyn3rgy,,,,Not Found
kvinaykrishna@athenahealth.com,,,Kvinaykrishna,,Kvinaykrishna,,Unknown,Athena Health,,,,Not Found
brent.b@hc-mail.com,,,Brent,B,Brent B,,Unknown,Hc Mail,,,,Not Found
husam.b@hc-mail.com,,,Husam,B,Husam B,,Unknown,Hc Mail,,,,Not Found
emosier@absolutecs.com,,,Emosier,,Emosier,,Unknown,Absolutecs,,,,Not Found
hlowe@prestigehcm.com,,,Hlowe,,Hlowe,,Unknown,Prestigehcm,,,,Not Found
tthiel@prestigehcm.com,,,Tthiel,,Tthiel,,Unknown,Prestigehcm,,,,Not Found
jaschendorf@prestigehcmgmt.com,,,Jaschendorf,,Jaschendorf,,Unknown,Prestigehcmgmt,,,,Not Found
cphillips@prestigehcm.com,,,Cphillips,,Cphillips,,Unknown,Prestigehcm,,,,Not Found
adehate@prestigehcm.com,,,Adehate,,Adehate,,Unknown,Prestigehcm,,,,Not Found
hmoone@prestigehcm.com,,,Hmoone,,Hmoone,,Unknown,Prestigehcm,,,,Not Found
lpelletier@prestigehcm.com,,,Lpelletier,,Lpelletier,,Unknown,Prestigehcm,,,,Not Found
apolymeneas@prestigehcm.com,,,Apolymeneas,,Apolymeneas,,Unknown,Prestigehcm,,,,Not Found
rohit@bapsmgnt.com,,,Rohit,,Rohit,,Unknown,Bapsmgnt,,,,Not Found
rebecca.salinas@femgholdings.com,,,Rebecca,Salinas,Rebecca Salinas,,Unknown,Femgholdings,,,,Not Found
stephanie@provocativeconcepts.com,,,Stephanie,,Stephanie,,Unknown,Provocativeconcepts,,,,Not Found
mperez@hcmediallc.com,,,Mperez,,Mperez,,Unknown,Hcmediallc,,,,Not Found
elewis@doctorlogic.com,,,Elewis,,Elewis,,Unknown,Doctorlogic,,,,Not Found
llechner@doctorlogic.com,,,Llechner,,Llechner,,Unknown,Doctorlogic,,,,Not Found
mgould@doctorlogic.com,,,Mgould,,Mgould,,Unknown,Doctorlogic,,,,Not Found
hkimmerle@doctorlogic.com,,,Hkimmerle,,Hkimmerle,,Unknown,Doctorlogic,,,,Not Found
babur.khan@capitalhcn.com,,,Babur,Khan,Babur Khan,,Unknown,Capitalhcn,,,,Not Found
noelia.reyes@eprine.org,,,Noelia,Reyes,Noelia Reyes,,Unknown,Eprine,,,,Not Found
jt1@chsinc.org,,,Jt,,Jt,,Unknown,Chsinc,,,,Not Found
js1@chsinc.org,,,Js,,Js,,Unknown,Chsinc,,,,Not Found
cd1@chsinc.org,,,Cd,,Cd,,Unknown,Chsinc,,,,Not Found
meghan_simpson@chs.net,,,Meghan,Simpson,Meghan Simpson,,Unknown,Chs,,,,Not Found
stacy_slavens@quorumhealth.com,,,Stacy,Slavens,Stacy Slavens,,Unknown,Quorum Health,,,,Not Found
michelle_kent@quorumhealth.com,,,Michelle,Kent,Michelle Kent,,Unknown,Quorum Health,,,,Not Found
hnguyen@genhp.com,,,Hnguyen,,Hnguyen,,Unknown,Genhp,,,,Not Found
meghan_markotay@quorumhealth.com,,,Meghan,Markotay,Meghan Markotay,,Unknown,Quorum Health,,,,Not Found
jennifer_gregson@quorumhealth.com,,,Jennifer,Gregson,Jennifer Gregson,,Unknown,Quorum Health,,,,Not Found
stephanie_sabo@quorumhealth.com,,,Stephanie,Sabo,Stephanie Sabo,,Unknown,Quorum Health,,,,Not Found
susan_tuttle@quorumhealth.com,,,Susan,Tuttle,Susan Tuttle,,Unknown,Quorum Health,,,,Not Found
bethany.francis@genhp.com,,,Bethany,Francis,Bethany Francis,,Unknown,Genhp,,,,Not Found
mholden@genhp.com,,,Mholden,,Mholden,,Unknown,Genhp,,,,Not Found
marcos.mittanck@chsinc.com,,,Marcos,Mittanck,Marcos Mittanck,,Unknown,Chsinc,,,,Not Found
juan.lima@chsinc.com,,,Juan,Lima,Juan Lima,,Unknown,Chsinc,,,,Not Found
felipe.allemany@chsinc.com,,,Felipe,Allemany,Felipe Allemany,,Unknown,Chsinc,,,,Not Found
harshada.pundlik@healthalliance.co.nz,,,Harshada,Pundlik,Harshada Pundlik,,Unknown,Health Alliance,,,,Not Found
richard.hooper@healthalliance.co.nz,,,Richard,Hooper,Richard Hooper,,Unknown,Health Alliance,,,,Not Found
aram.lee@healthalliance.co.nz,,,Aram,Lee,Aram Lee,,Unknown,Health Alliance,,,,Not Found
tin.to@healthalliance.co.nz,,,Tin,To,Tin To,,Unknown,Health Alliance,,,,Not Found
yolanda_lemon@quorumhealth.com,,,Yolanda,Lemon,Yolanda Lemon,,Unknown,Quorum Health,,,,Not Found
cem_sarinoglu@quorumhealth.com,,,Cem,Sarinoglu,Cem Sarinoglu,,Unknown,Quorum Health,,,,Not Found
diane_cox@quorumhealth.com,,,Diane,Cox,Diane Cox,,Unknown,Quorum Health,,,,Not Found
kim_needham@quorumhealth.com,,,Kim,Needham,Kim Needham,,Unknown,Quorum Health,,,,Not Found
dcho@genhp.com,,,Dcho,,Dcho,,Unknown,Genhp,,,,Not Found
rmcfadden@afmc.org,,,Rmcfadden,,Rmcfadden,,Unknown,Afmc,,,,Not Found
marcelo.catach@stridehealth.com,,,Marcelo,Catach,Marcelo Catach,,Unknown,Stride Health,,,,Not Found
louis.asber@stridehealth.com,,,Louis,Asber,Louis Asber,,Unknown,Stride Health,,,,Not Found
joshua.sharkey@stridehealth.com,,,Joshua,Sharkey,Joshua Sharkey,,Unknown,Stride Health,,,,Not Found
rafael.carneiro@stridehealth.com,,,Rafael,Carneiro,Rafael Carneiro,,Unknown,Stride Health,,,,Not Found
acevallos@smsnational.net,,,Acevallos,,Acevallos,,Unknown,Smsnational,,,,Not Found
nwaldman@smsnational.net,,,Nwaldman,,Nwaldman,,Unknown,Smsnational,,,,Not Found
marilyn@brcus.com,,,Marilyn,,Marilyn,,Unknown,Brcus,,,,Not Found
danielle.davis@arshealth.com,,,Danielle,Davis,Danielle Davis,,Unknown,Ars Health,,,,Not Found
genevieve.king@arshealth.com,,,Genevieve,King,Genevieve King,,Unknown,Ars Health,,,,Not Found
cindy.carilla@arshealth.com,,,Cindy,Carilla,Cindy Carilla,,Unknown,Ars Health,,,,Not Found
lprice@mmm.com,,,Lprice,,Lprice,,Unknown,Mmm,,,,Not Found
jessica@questhealthsolutions.com,,,Jessica,,Jessica,,Unknown,Quest Health Solutions,,,,Not Found
kwithers@questhealthsolutions.com,,,Kwithers,,Kwithers,,Unknown,Quest Health Solutions,,,,Not Found
ysandoval@questhealthsolutions.com,,,Ysandoval,,Ysandoval,,Unknown,Quest Health Solutions,,,,Not Found
joshua.mark@na.crh.com,,,Joshua,Mark,Joshua Mark,,Unknown,Na,,,,Not Found
mahmoud.elassir@optum.com,,,Mahmoud,Elassir,Mahmoud Elassir,,Unknown,Optum,,,,Not Found
marti.bradley@optum.com,,,Marti,Bradley,Marti Bradley,,Unknown,Optum,,,,Not Found
betsy.earnest@optum.com,,,Betsy,Earnest,Betsy Earnest,,Unknown,Optum,,,,Not Found
sangeeta_j@optum.com,,,Sangeeta,J,Sangeeta J,,Unknown,Optum,,,,Not Found
mukhim_deonikar@optum.com,,,Mukhim,Deonikar,Mukhim Deonikar,,Unknown,Optum,,,,Not Found
nikita_verma@optum.com,,,Nikita,Verma,Nikita Verma,,Unknown,Optum,,,,Not Found
Phungthingla.Vashum-ic@localhcp.com,,,,,,,,,,,,
juan.enriquez@localhcp.com,,,Juan,Enriquez,Juan Enriquez,,Unknown,Localhcp,,,,Not Found
Angela.Vargas@localhcp.com,,,,,,,,,,,,
kpascoe@hss-us.com,,,Kpascoe,,Kpascoe,,Unknown,Hss Us,,,,Not Found
cindy.nees@hss-us.com,,,Cindy,Nees,Cindy Nees,,Unknown,Hss Us,,,,Not Found
bbooth@goapex.com,,,Bbooth,,Bbooth,,Unknown,Goapex,,,,Not Found
aadams@goapex.com,,,Aadams,,Aadams,,Unknown,Goapex,,,,Not Found
csdavis@medvcast.com,,,Csdavis,,Csdavis,,Unknown,Medvcast,,,,Not Found
dcavalier@goapex.com,,,Dcavalier,,Dcavalier,,Unknown,Goapex,,,,Not Found
chase@firstteamsystems.com,,,Chase,,Chase,,Unknown,Firstteamsystems,,,,Not Found
ian@orchardxr.com,,,Ian,,Ian,,Unknown,Orchardxr,,,,Not Found
v986@neonet.au,,,V,,V,,Unknown,Neonet,,,,Not Found
ntailhardat@carelogistics.com,,,Ntailhardat,,Ntailhardat,,Unknown,Care Logistics,,,,Not Found
klively@carelogistics.com,,,Klively,,Klively,,Unknown,Care Logistics,,,,Not Found
dianas@shifta.la,,,Dianas,,Dianas,,Unknown,Shifta,,,,Not Found
gregory.mcmenimen@ecp.net,,,Gregory,Mcmenimen,Gregory Mcmenimen,,Unknown,Ecp,,,,Not Found
erin@swient.com,,,Erin,,Erin,,Unknown,Swient,,,,Not Found
rmorshead@quatris.com,,,Rmorshead,,Rmorshead,,Unknown,Quatris,,,,Not Found
tjanovsky@azliver.com,,,Tjanovsky,,Tjanovsky,,Unknown,Azliver,,,,Not Found
csakkal@azliver.com,,,Csakkal,,Csakkal,,Unknown,Azliver,,,,Not Found
tgonzalez@azliver.com,,,Tgonzalez,,Tgonzalez,,Unknown,Azliver,,,,Not Found
jomana@azliver.com,,,Jomana,,Jomana,,Unknown,Azliver,,,,Not Found
acoste@azliver.com,,,Acoste,,Acoste,,Unknown,Azliver,,,,Not Found
mjones@azliver.com,,,Mjones,,Mjones,,Unknown,Azliver,,,,Not Found
nsisk@azliver.com,,,Nsisk,,Nsisk,,Unknown,Azliver,,,,Not Found
asilverman@azliver.com,,,Asilverman,,Asilverman,,Unknown,Azliver,,,,Not Found
saziz@azliver.com,,,Saziz,,Saziz,,Unknown,Azliver,,,,Not Found
cmihaylohum@azliver.com,,,Cmihaylohum,,Cmihaylohum,,Unknown,Azliver,,,,Not Found
btaylor@azliver.com,,,Btaylor,,Btaylor,,Unknown,Azliver,,,,Not Found
dmoore@azliver.com,,,Dmoore,,Dmoore,,Unknown,Azliver,,,,Not Found
wpederson@azliver.com,,,Wpederson,,Wpederson,,Unknown,Azliver,,,,Not Found
jjohnson@azliver.com,,,Jjohnson,,Jjohnson,,Unknown,Azliver,,,,Not Found
kblack@azliver.com,,,Kblack,,Kblack,,Unknown,Azliver,,,,Not Found
ggarcia@azliver.com,,,Ggarcia,,Ggarcia,,Unknown,Azliver,,,,Not Found
ruhernandez@azliver.com,,,Ruhernandez,,Ruhernandez,,Unknown,Azliver,,,,Not Found
jtopete@azliver.com,,,Jtopete,,Jtopete,,Unknown,Azliver,,,,Not Found
mdraney@azliver.com,,,Mdraney,,Mdraney,,Unknown,Azliver,,,,Not Found
kcarey@azliver.com,,,Kcarey,,Kcarey,,Unknown,Azliver,,,,Not Found
dberrellez@azliver.com,,,Dberrellez,,Dberrellez,,Unknown,Azliver,,,,Not Found
bpalfrey@azliver.com,,,Bpalfrey,,Bpalfrey,,Unknown,Azliver,,,,Not Found
emorales@azliver.com,,,Emorales,,Emorales,,Unknown,Azliver,,,,Not Found
rkaur@azliver.com,,,Rkaur,,Rkaur,,Unknown,Azliver,,,,Not Found
apayne@azliver.com,,,Apayne,,Apayne,,Unknown,Azliver,,,,Not Found
nalejandro@azliver.com,,,Nalejandro,,Nalejandro,,Unknown,Azliver,,,,Not Found
wbetzjr@pennherb.com,,,Wbetzjr,,Wbetzjr,,Unknown,Pennherb,,,,Not Found
j.mateo@njcri.org,,,J,Mateo,J Mateo,,Unknown,Njcri,,,,Not Found
d.glover@njcri.org,,,D,Glover,D Glover,,Unknown,Njcri,,,,Not Found
a.bluford@njcri.org,,,A,Bluford,A Bluford,,Unknown,Njcri,,,,Not Found
l.coffey@njcri.org,,,L,Coffey,L Coffey,,Unknown,Njcri,,,,Not Found
awildar@njcri.org,,,Awildar,,Awildar,,Unknown,Njcri,,,,Not Found
t.olsson@njcri.org,,,T,Olsson,T Olsson,,Unknown,Njcri,,,,Not Found
j.breen@njcri.org,,,J,Breen,J Breen,,Unknown,Njcri,,,,Not Found
kkendall@ourhouseinc.org,,,Kkendall,,Kkendall,,Unknown,Ourhouseinc,,,,Not Found
kbourgi@nashvillecares.org,,,Kbourgi,,Kbourgi,,Unknown,Nashville Care S,,,,Not Found
amurray@nashvillecares.org,,,Amurray,,Amurray,,Unknown,Nashville Care S,,,,Not Found
tamos-mandela@nashvillecares.org,,,Tamos,Mandela,Tamos Mandela,,Unknown,Nashville Care S,,,,Not Found
pfoster@nashvillecares.org,,,Pfoster,,Pfoster,,Unknown,Nashville Care S,,,,Not Found
tladson@nashvillecares.org,,,Tladson,,Tladson,,Unknown,Nashville Care S,,,,Not Found
dpowell@nashvillecares.org,,,Dpowell,,Dpowell,,Unknown,Nashville Care S,,,,Not Found
epickney@nashvillecares.org,,,Epickney,,Epickney,,Unknown,Nashville Care S,,,,Not Found
shalom@ohioseniorcare.net,,,Shalom,,Shalom,,Unknown,Ohiosenior Care,,,,Not Found
cole@aahcm.org,,,Cole,,Cole,,Unknown,Aahcm,,,,Not Found
58426@homehelpershomecare.com,,,,,,,Unknown,Homehelpershome Care,,,,Not Found
dramsey@homewellcares.com,,,Amsey,,Amsey,,Unknown,Homewell Care S,,,,Not Found
sgarrison@homehelpershomecare.com,,,Sgarrison,,Sgarrison,,Unknown,Homehelpershome Care,,,,Not Found
jm@athomecare4u.com,,,Jm,,Jm,,Unknown,Athome Care 4u,,,,Not Found
dkarpov@comforcare.com,,,Dkarpov,,Dkarpov,,Unknown,Comfor Care,,,,Not Found
dmorbeck@comforcare.com,,,Dmorbeck,,Dmorbeck,,Unknown,Comfor Care,,,,Not Found
cgetz@comforcare.com,,,Cgetz,,Cgetz,,Unknown,Comfor Care,,,,Not Found
asaini@comforcare.com,,,Asaini,,Asaini,,Unknown,Comfor Care,,,,Not Found
ccostanzo@comforcare.com,,,Ccostanzo,,Ccostanzo,,Unknown,Comfor Care,,,,Not Found
bbigham@comforcare.com,,,Bbigham,,Bbigham,,Unknown,Comfor Care,,,,Not Found
psharma@comforcare.com,,,Psharma,,Psharma,,Unknown,Comfor Care,,,,Not Found
mmcbride@comforcare.com,,,Mmcbride,,Mmcbride,,Unknown,Comfor Care,,,,Not Found
58825@homehelpershomecare.com,,,,,,,Unknown,Homehelpershome Care,,,,Not Found
alot@homewellcares.com,,,Alot,,Alot,,Unknown,Homewell Care S,,,,Not Found
erin.cuthbertson@homeinstead.com,,,Erin,Cuthbertson,Erin Cuthbertson,,Unknown,Homeinstead,,,,Not Found
susan.witting@homeinstead.com,,,Susan,Witting,Susan Witting,,Unknown,Homeinstead,,,,Not Found
vandrews@rahindy.com,,,Vandrews,,Vandrews,,Unknown,Rahindy,,,,Not Found
mark@rightathomekc.com,,,Mark,,Mark,,Unknown,Rightathomekc,,,,Not Found
smccormack@rightathomecanada.com,,,Smccormack,,Smccormack,,Unknown,Rightathomecanada,,,,Not Found
brian@peoriahomecare.com,,,Brian,,Brian,,Unknown,Peoriahome Care,,,,Not Found
joebakey@rahdelco.com,,,Joebakey,,Joebakey,,Unknown,Rahdelco,,,,Not Found
kristen@rahgalveston.com,,,Kristen,,Kristen,,Unknown,Rahgalveston,,,,Not Found
david.meanwell@rightathomeuk.com,,,David,Meanwell,David Meanwell,,Unknown,Rightathomeuk,,,,Not Found
jdeville@nwga-rightathome.com,,,Jdeville,,Jdeville,,Unknown,Nwga Rightathome,,,,Not Found
shawn@rahlv.com,,,Shawn,,Shawn,,Unknown,Rahlv,,,,Not Found
shalliday@rightathomecanada.com,,,Shalliday,,Shalliday,,Unknown,Rightathomecanada,,,,Not Found
bk@rahmiddletn.com,,,Bk,,Bk,,Unknown,Rahmiddletn,,,,Not Found
enrie.morales@rahbronx.com,,,Enrie,Morales,Enrie Morales,,Unknown,Rahbronx,,,,Not Found
ehudson@rah-lexington.com,,,Ehudson,,Ehudson,,Unknown,Rah Lexington,,,,Not Found
lorrip@rahmidcities.com,,,Lorrip,,Lorrip,,Unknown,Rahmidcities,,,,Not Found
acooper@rightathome-atl.net,,,Acooper,,Acooper,,Unknown,Rightathome Atl,,,,Not Found
staylor@rahcare.net,,,Staylor,,Staylor,,Unknown,Rah Care,,,,Not Found
jd@rahnpgh.com,,,Jd,,Jd,,Unknown,Rahnpgh,,,,Not Found
kathytomacelli@rahnorthcounty.com,,,Kathytomacelli,,Kathytomacelli,,Unknown,Rahnorthcounty,,,,Not Found
ajensen@rightathome.net,,,Ajensen,,Ajensen,,Unknown,Rightathome,,,,Not Found
tyson@rahpeninsula.com,,,Tyson,,Tyson,,Unknown,Rahpeninsula,,,,Not Found
sdobson@rightathomews.com,,,Sdobson,,Sdobson,,Unknown,Rightathomews,,,,Not Found
rroberts@rightathome.net,,,Rroberts,,Rroberts,,Unknown,Rightathome,,,,Not Found
jbaldwin@rahnwohio.com,,,Jbaldwin,,Jbaldwin,,Unknown,Rahnwohio,,,,Not Found
jrobinson@raheasternli.com,,,Jrobinson,,Jrobinson,,Unknown,Raheasternli,,,,Not Found
tanya@carerah.com,,,Tanya,,Tanya,,Unknown,Care Rah,,,,Not Found
mleuer@rahphx.com,,,Mleuer,,Mleuer,,Unknown,Rahphx,,,,Not Found
courtney@rahwesthouston.com,,,Courtney,,Courtney,,Unknown,Rahwesthouston,,,,Not Found
gregg@rightathomeli.com,,,Gregg,,Gregg,,Unknown,Rightathomeli,,,,Not Found
irwinw@saracompanions.com,,,Irwinw,,Irwinw,,Unknown,Saracompanions,,,,Not Found
heather@civilityhc.com,,,Heather,,Heather,,Unknown,Civilityhc,,,,Not Found
bpoor@friendsinhomecare.com,,,Bpoor,,Bpoor,,Unknown,Friendsinhome Care,,,,Not Found
michele@clearpathhomecare.com,,,Michele,,Michele,,Unknown,Clearpathhome Care,,,,Not Found
nikki@clearpathhomecare.com,,,Nikki,,Nikki,,Unknown,Clearpathhome Care,,,,Not Found
april@clearpathhomecare.com,,,April,,April,,Unknown,Clearpathhome Care,,,,Not Found
tammy@clearpathhomecare.com,,,Tammy,,Tammy,,Unknown,Clearpathhome Care,,,,Not Found
amberm@alineacares.com,,,Amberm,,Amberm,,Unknown,Alinea Care S,,,,Not Found
virginias@saracompanions.com,,,Virginias,,Virginias,,Unknown,Saracompanions,,,,Not Found
nicolec@saracompanions.com,,,Nicolec,,Nicolec,,Unknown,Saracompanions,,,,Not Found
steven@civilityhc.com,,,Steven,,Steven,,Unknown,Civilityhc,,,,Not Found
ams@amerimed.com,,,Ams,,Ams,,Unknown,Amerimed,,,,Not Found
adam@amerimed.com,,,Adam,,Adam,,Unknown,Amerimed,,,,Not Found
hportillo@vrnshh.com,,,Hportillo,,Hportillo,,Unknown,Vrnshh,,,,Not Found
pgraham@continuum-nursing.com,,,Pgraham,,Pgraham,,Unknown,Continuum Nursing,,,,Not Found
kathleend@partnersincare.org,,,Kathleend,,Kathleend,,Unknown,Partners In Care,,,,Not Found
derekmilley@partnersincare.org,,,Derekmilley,,Derekmilley,,Unknown,Partners In Care,,,,Not Found
lynnbujanowski@partnersincare.org,,,Lynnbujanowski,,Lynnbujanowski,,Unknown,Partners In Care,,,,Not Found
kbriglio@harmonycares.com,,,Kbriglio,,Kbriglio,,Unknown,Harmony Care S,,,,Not Found
mtodd@harmonycares.com,,,Mtodd,,Mtodd,,Unknown,Harmony Care S,,,,Not Found
mniffenegger@harmonycares.com,,,Mniffenegger,,Mniffenegger,,Unknown,Harmony Care S,,,,Not Found
cwachuku@harmonycares.com,,,Cwachuku,,Cwachuku,,Unknown,Harmony Care S,,,,Not Found
klyall@harmonycares.com,,,Klyall,,Klyall,,Unknown,Harmony Care S,,,,Not Found
amccrite@harmonycares.com,,,Amccrite,,Amccrite,,Unknown,Harmony Care S,,,,Not Found
sadams@harmonycares.com,,,Sadams,,Sadams,,Unknown,Harmony Care S,,,,Not Found
rminer@ennoblecare.com,,,Rminer,,Rminer,,Unknown,Ennoble Care,,,,Not Found
acalderaro@ennoblecare.com,,,Acalderaro,,Acalderaro,,Unknown,Ennoble Care,,,,Not Found
acollins@ennoblecare.com,,,Acollins,,Acollins,,Unknown,Ennoble Care,,,,Not Found
adayeh@ennoblecare.com,,,Adayeh,,Adayeh,,Unknown,Ennoble Care,,,,Not Found
amoore@ennoblecare.com,,,Amoore,,Amoore,,Unknown,Ennoble Care,,,,Not Found
cathy@phoenixhealthcarellc.com,,,Cathy,,Cathy,,Unknown,Phoenix Health Care Llc,,,,Not Found
carla@phoenixhealthcarellc.com,,,Carla,,Carla,,Unknown,Phoenix Health Care Llc,,,,Not Found
stacy@phoenixhealthcarellc.com,,,Stacy,,Stacy,,Unknown,Phoenix Health Care Llc,,,,Not Found
brandi@phoenixhealthcarellc.com,,,Brandi,,Brandi,,Unknown,Phoenix Health Care Llc,,,,Not Found
payroll.greencountry@phoenixhealthcarellc.com,,,Payroll,Greencountry,Payroll Greencountry,,Unknown,Phoenix Health Care Llc,,,,Not Found
jgoldstein@legacyhc.com,,,Jgoldstein,,Jgoldstein,,Unknown,Legacyhc,,,,Not Found
kjaeger@legacyhc.com,,,Kjaeger,,Kjaeger,,Unknown,Legacyhc,,,,Not Found
vstrom@legacyhc.com,,,Vstrom,,Vstrom,,Unknown,Legacyhc,,,,Not Found
matt.reardon@legacyhc.com,,,Matt,Reardon,Matt Reardon,,Unknown,Legacyhc,,,,Not Found
dwikstrom@legacyhc.com,,,Dwikstrom,,Dwikstrom,,Unknown,Legacyhc,,,,Not Found
njulien@tabithamedicalcare.com,,,Njulien,,Njulien,,Unknown,Tabitha Medical Care,,,,Not Found
lbales@hdssbend.com,,,Lbales,,Lbales,,Unknown,Hdssbend,,,,Not Found
kerickson@brookdalehealth.com,,,Kerickson,,Kerickson,,Unknown,Brookdale Health,,,,Not Found
bforstner@fchhh.com,,,Bforstner,,Bforstner,,Unknown,Fchhh,,,,Not Found
rafaelbloise@accentcare.com,,,Rafaelbloise,,Rafaelbloise,,Unknown,Accent Care,,,,Not Found
lsalamone@vnannj.org,,,Lsalamone,,Lsalamone,,Unknown,Vnannj,,,,Not Found
ltutzauer@vnannj.org,,,Ltutzauer,,Ltutzauer,,Unknown,Vnannj,,,,Not Found
fscott@vnannj.org,,,Fscott,,Fscott,,Unknown,Vnannj,,,,Not Found
mlandsittel@vnannj.org,,,Mlandsittel,,Mlandsittel,,Unknown,Vnannj,,,,Not Found
ckupetz@vnannj.org,,,Ckupetz,,Ckupetz,,Unknown,Vnannj,,,,Not Found
jcory@vnannj.org,,,Jcory,,Jcory,,Unknown,Vnannj,,,,Not Found
susierotko@vnannj.org,,,Susierotko,,Susierotko,,Unknown,Vnannj,,,,Not Found
jhazard@myhomehc.com,,,Jhazard,,Jhazard,,Unknown,Myhomehc,,,,Not Found
kcanto@myhomehc.com,,,Kcanto,,Kcanto,,Unknown,Myhomehc,,,,Not Found
tiffany@hometownhealthcare.net,,,Tiffany,,Tiffany,,Unknown,Hometown Health Care,,,,Not Found
ksteinmetz@chchomecare.com,,,Ksteinmetz,,Ksteinmetz,,Unknown,Chchome Care,,,,Not Found
dulizio@brightstarcare.com,,,Dulizio,,Dulizio,,Unknown,Brightstar Care,,,,Not Found
steven.smith@brightstarcare.com,,,Steven,Smith,Steven Smith,,Unknown,Brightstar Care,,,,Not Found
holly.heller@brightstarcare.com,,,Holly,Heller,Holly Heller,,Unknown,Brightstar Care,,,,Not Found
Jamila.miranda@brightstarcare.com,,,,,,,,,,,,
shaylee.merrill@brightstarcare.com,,,Shaylee,Merrill,Shaylee Merrill,,Unknown,Brightstar Care,,,,Not Found
jennifer.burke-james@brightstarcare.com,,,Jennifer,James,Jennifer Burke James,,Unknown,Brightstar Care,,,,Not Found
kennedy@adaptivehh.com,,,Kennedy,,Kennedy,,Unknown,Adaptivehh,,,,Not Found
amela@adaptivehh.com,,,Amela,,Amela,,Unknown,Adaptivehh,,,,Not Found
darrius@adaptivehh.com,,,Darrius,,Darrius,,Unknown,Adaptivehh,,,,Not Found
Adriane.Antoque@brightstarcare.com,,,,,,,,,,,,
hunter@adaptivehh.com,,,Hunter,,Hunter,,Unknown,Adaptivehh,,,,Not Found
Sherry.gatos@brightstarcare.com,,,,,,,,,,,,
holly@adaptivehh.com,,,Holly,,Holly,,Unknown,Adaptivehh,,,,Not Found
cincinnati@brightstarcare.com,,,Cincinnati,,Cincinnati,,Unknown,Brightstar Care,,,,Not Found
lauren.butler@gohce.com,,,Lauren,Butler,Lauren Butler,,Unknown,Gohce,,,,Not Found
Nick@adaptivehh.com,,,,,,,,,,,,
cooper@adaptivehh.com,,,Cooper,,Cooper,,Unknown,Adaptivehh,,,,Not Found
finis@adaptivehh.com,,,Finis,,Finis,,Unknown,Adaptivehh,,,,Not Found
Nina.Chernin@brightstarcare.com,,,,,,,,,,,,
grace.regala@brightstarcare.com,,,Grace,Regala,Grace Regala,,Unknown,Brightstar Care,,,,Not Found
Thom.Bishop-Miller@brightstarcare.com,,,,,,,,,,,,
lily.hui@brightstarcare.com,,,Lily,Hui,Lily Hui,,Unknown,Brightstar Care,,,,Not Found
pat.luers@brightstarcare.com,,,Pat,Luers,Pat Luers,,Unknown,Brightstar Care,,,,Not Found
jean.overla@brightstarcare.com,,,Jean,Overla,Jean Overla,,Unknown,Brightstar Care,,,,Not Found
margaret.howell@brightstarcare.com,,,Margaret,Howell,Margaret Howell,,Unknown,Brightstar Care,,,,Not Found
pam.stone@brightstarcare.com,,,Pam,Stone,Pam Stone,,Unknown,Brightstar Care,,,,Not Found
lucia.rogers@brightstarcare.com,,,Lucia,Rogers,Lucia Rogers,,Unknown,Brightstar Care,,,,Not Found
bradf@soundhcc.com,,,Bradf,,Bradf,,Unknown,Soundhcc,,,,Not Found
maureen.moore@brightstarcare.com,,,Maureen,Moore,Maureen Moore,,Unknown,Brightstar Care,,,,Not Found
danylle.hitchen@Brightstarcare.com,,,,,,,,,,,,
kaitrin.cervantes@brightstarcare.com,,,Kaitrin,Cervantes,Kaitrin Cervantes,,Unknown,Brightstar Care,,,,Not Found
lori.kewalram@brightstarcare.com,,,Lori,Kewalram,Lori Kewalram,,Unknown,Brightstar Care,,,,Not Found
denice.seifert@brightstarcare.com,,,Denice,Seifert,Denice Seifert,,Unknown,Brightstar Care,,,,Not Found
Anna.Novak@brightstarcare.com,,,,,,,,,,,,
Christopher.Miller@brightstarcare.com,,,,,,,,,,,,
ryan.bethay@brightstarcare.com,,,Ryan,Bethay,Ryan Bethay,,Unknown,Brightstar Care,,,,Not Found
Leshaunda.Allen@brightstarcare.com,,,,,,,,,,,,
andrea.bowers@brightstarcare.com,,,Andrea,Bowers,Andrea Bowers,,Unknown,Brightstar Care,,,,Not Found
pkeller@encorehomehealth.com,,,Pkeller,,Pkeller,,Unknown,Encorehome Health,,,,Not Found
lguidry@adhealthcare.com,,,Lguidry,,Lguidry,,Unknown,Ad Health Care,,,,Not Found
alex.heumann@brightstarcare.com,,,Alex,Heumann,Alex Heumann,,Unknown,Brightstar Care,,,,Not Found
amber.alverson@brightstarcare.com,,,Amber,Alverson,Amber Alverson,,Unknown,Brightstar Care,,,,Not Found
amanda.torres-lopez@brightstarcare.com,,,Amanda,Lopez,Amanda Torres Lopez,,Unknown,Brightstar Care,,,,Not Found
Ana.LeBlanc@brightstarcare.com,,,,,,,,,,,,
Aneliese.Burrell@brightstarcare.com,,,,,,,,,,,,
Amber.Boyle@brightstarcare.com,,,,,,,,,,,,
amy.mcclure@brightstarcare.com,,,Amy,Mcclure,Amy Mcclure,,Unknown,Brightstar Care,,,,Not Found
amanda.miller@brightstarcare.com,,,Amanda,Miller,Amanda Miller,,Unknown,Brightstar Care,,,,Not Found
agnieszka.rivera@brightstarcare.com,,,Agnieszka,Rivera,Agnieszka Rivera,,Unknown,Brightstar Care,,,,Not Found
amanda.hutchins1@brightstarcare.com,,,Amanda,Hutchins,Amanda Hutchins,,Unknown,Brightstar Care,,,,Not Found
abigail.sanford@brightstarcare.com,,,Abigail,Sanford,Abigail Sanford,,Unknown,Brightstar Care,,,,Not Found
alma.fuentes@brightstarcare.com,,,Alma,Fuentes,Alma Fuentes,,Unknown,Brightstar Care,,,,Not Found
anastasiya.barough@brightstarcare.com,,,Anastasiya,Barough,Anastasiya Barough,,Unknown,Brightstar Care,,,,Not Found
alyssa.monico@brightstarcare.com,,,Alyssa,Monico,Alyssa Monico,,Unknown,Brightstar Care,,,,Not Found
amanda.galton@brightstarcare.com,,,Amanda,Galton,Amanda Galton,,Unknown,Brightstar Care,,,,Not Found
angela.fee@brightstarcare.com,,,Angela,Fee,Angela Fee,,Unknown,Brightstar Care,,,,Not Found
Andrea.Hopwood@brightstarcare.com,,,,,,,,,,,,
amanda.ortman@brightstarcare.com,,,Amanda,Ortman,Amanda Ortman,,Unknown,Brightstar Care,,,,Not Found
andy@adaptivehh.com,,,Andy,,Andy,,Unknown,Adaptivehh,,,,Not Found
Andrea.Adams@brightstarcare.com,,,,,,,,,,,,
alyson.barker@brightstarcare.com,,,Alyson,Barker,Alyson Barker,,Unknown,Brightstar Care,,,,Not Found
ajaney.jordan@brightstarcare.com,,,Ajaney,Jordan,Ajaney Jordan,,Unknown,Brightstar Care,,,,Not Found
amber.hays@brightstarcare.com,,,Amber,Hays,Amber Hays,,Unknown,Brightstar Care,,,,Not Found
amy.bayly@brightstarcare.com,,,Amy,Bayly,Amy Bayly,,Unknown,Brightstar Care,,,,Not Found
amy.levine@brightstarcare.com,,,Amy,Levine,Amy Levine,,Unknown,Brightstar Care,,,,Not Found
amber.messick@brightstarcare.com,,,Amber,Messick,Amber Messick,,Unknown,Brightstar Care,,,,Not Found
Amber.Hickerson@brightstarcare.com,,,,,,,,,,,,
Amy.bocala@brightstarcare.com,,,,,,,,,,,,
andrea.elliott@brightstarcare.com,,,Andrea,Elliott,Andrea Elliott,,Unknown,Brightstar Care,,,,Not Found
andrea.saadeh@brightstarcare.com,,,Andrea,Saadeh,Andrea Saadeh,,Unknown,Brightstar Care,,,,Not Found
a.grandey@brightstarcare.com,,,A,Grandey,A Grandey,,Unknown,Brightstar Care,,,,Not Found
alaina.carr@brightstarcare.com,,,Alaina,Carr,Alaina Carr,,Unknown,Brightstar Care,,,,Not Found
Alexandra.Hernandez@brightstarcare.com,,,,,,,,,,,,
alexis.chinn@brightstarcare.com,,,Alexis,Chinn,Alexis Chinn,,Unknown,Brightstar Care,,,,Not Found
amber.boatner@brightstarcare.com,,,Amber,Boatner,Amber Boatner,,Unknown,Brightstar Care,,,,Not Found
Michelle.Hubbard@brightstarcare.com,,,,,,,,,,,,
rami.almuhtadi@homehealthplatinum.com,,,Rami,Almuhtadi,Rami Almuhtadi,,Unknown,Home Health Platinum,,,,Not Found
ahouk@kansashomehealth.com,,,Ahouk,,Ahouk,,Unknown,Kansashome Health,,,,Not Found
fren@betteryouhomehealth.com,,,Fren,,Fren,,Unknown,Betteryouhome Health,,,,Not Found
katie@sprigusa.com,,,Katie,,Katie,,Unknown,Sprigusa,,,,Not Found
ebraaten@homebasemedical.com,,,Ebraaten,,Ebraaten,,Unknown,Homebase Medical,,,,Not Found
jrousseaux@homebasemedical.com,,,Jrousseaux,,Jrousseaux,,Unknown,Homebase Medical,,,,Not Found
tcwikla@homebasemedical.com,,,Tcwikla,,Tcwikla,,Unknown,Homebase Medical,,,,Not Found
twann@homebasemedical.com,,,Twann,,Twann,,Unknown,Homebase Medical,,,,Not Found
speterson@homebasemedical.com,,,Speterson,,Speterson,,Unknown,Homebase Medical,,,,Not Found
dmcintyre@homebasemedical.com,,,Dmcintyre,,Dmcintyre,,Unknown,Homebase Medical,,,,Not Found
george.psiharis@alayacare.com,,,George,Psiharis,George Psiharis,,Unknown,Alaya Care,,,,Not Found
aaron@aadvancedservices.com,,,Aaron,,Aaron,,Unknown,Aadvancedservices,,,,Not Found
sjohnson@homemd.com,,,Sjohnson,,Sjohnson,,Unknown,Homemd,,,,Not Found
sdakshinamoorthy@housecalldrs.net,,,Sdakshinamoorthy,,Sdakshinamoorthy,,Unknown,Housecalldrs,,,,Not Found
rluc@housecalldrs.net,,,Rluc,,Rluc,,Unknown,Housecalldrs,,,,Not Found
pkinsey@oslerathome.com,,,Pkinsey,,Pkinsey,,Unknown,Oslerathome,,,,Not Found
chudson@hov.org,,,Chudson,,Chudson,,Unknown,Hov,,,,Not Found
bmartizna@hov.org,,,Bmartizna,,Bmartizna,,Unknown,Hov,,,,Not Found
jfarr@hpcdrs.com,,,Jfarr,,Jfarr,,Unknown,Hpcdrs,,,,Not Found
tstebner@hov.org,,,Tstebner,,Tstebner,,Unknown,Hov,,,,Not Found
lparisi@hov.org,,,Lparisi,,Lparisi,,Unknown,Hov,,,,Not Found
nbakhtari@covenantcare.com,,,Nbakhtari,,Nbakhtari,,Unknown,Covenant Care,,,,Not Found
juancarlos.monguilod@authoracare.org,,,Juancarlos,Monguilod,Juancarlos Monguilod,,Unknown,Authora Care,,,,Not Found
kristen.yntema@authoracare.org,,,Kristen,Yntema,Kristen Yntema,,Unknown,Authora Care,,,,Not Found
leigh.williams@authoracare.org,,,Leigh,Williams,Leigh Williams,,Unknown,Authora Care,,,,Not Found
hannah.boyd@authoracare.org,,,Hannah,Boyd,Hannah Boyd,,Unknown,Authora Care,,,,Not Found
cperez@hov.org,,,Cperez,,Cperez,,Unknown,Hov,,,,Not Found
nsayles@hov.org,,,Nsayles,,Nsayles,,Unknown,Hov,,,,Not Found
linaharper@ghchospice.com,,,Linaharper,,Linaharper,,Unknown,Ghchospice,,,,Not Found
jkimball@covenantcare.com,,,Jkimball,,Jkimball,,Unknown,Covenant Care,,,,Not Found
npadan@covenantcare.com,,,Npadan,,Npadan,,Unknown,Covenant Care,,,,Not Found
dashley@covenantcare.com,,,Dashley,,Dashley,,Unknown,Covenant Care,,,,Not Found
ahousley@covenantcare.com,,,Ahousley,,Ahousley,,Unknown,Covenant Care,,,,Not Found
rverstl@covenantcare.com,,,Rverstl,,Rverstl,,Unknown,Covenant Care,,,,Not Found
andrea.pettiford@esnorcal.org,,,Andrea,Pettiford,Andrea Pettiford,,Unknown,Esnorcal,,,,Not Found
lena@rozeroomhospice.org,,,Lena,,Lena,,Unknown,Rozeroomhospice,,,,Not Found
sobanwo@rozeroomhospice.org,,,Sobanwo,,Sobanwo,,Unknown,Rozeroomhospice,,,,Not Found
eferrer@rozeroomhospice.org,,,Eferrer,,Eferrer,,Unknown,Rozeroomhospice,,,,Not Found
privas@rozeroomhospice.org,,,Privas,,Privas,,Unknown,Rozeroomhospice,,,,Not Found
sgavin@hospicecarelc.org,,,Sgavin,,Sgavin,,Unknown,Hospice Care Lc,,,,Not Found
josefa@rozeroomhospice.org,,,Josefa,,Josefa,,Unknown,Rozeroomhospice,,,,Not Found
krich@keystonehospice.org,,,Krich,,Krich,,Unknown,Keystonehospice,,,,Not Found
cathy_gilbert@gadsdenregional.com,,,Cathy,Gilbert,Cathy Gilbert,,Unknown,Gadsdenregional,,,,Not Found
will_mackey@gadsdenregional.com,,,Will,Mackey,Will Mackey,,Unknown,Gadsdenregional,,,,Not Found
taylor_powers@gadsdenregional.com,,,Taylor,Powers,Taylor Powers,,Unknown,Gadsdenregional,,,,Not Found
lthompson@gchospital.org,,,Lthompson,,Lthompson,,Unknown,Gchospital,,,,Not Found
cvanloenen@gchospital.org,,,Cvanloenen,,Cvanloenen,,Unknown,Gchospital,,,,Not Found
skirk@gchospital.org,,,Skirk,,Skirk,,Unknown,Gchospital,,,,Not Found
cmarlowe@bluemountainhospital.org,,,Cmarlowe,,Cmarlowe,,Unknown,Bluemountainhospital,,,,Not Found
kwren@rdhosp.org,,,Kwren,,Kwren,,Unknown,Rdhosp,,,,Not Found
mdixon@corryhospital.com,,,Mdixon,,Mdixon,,Unknown,Corryhospital,,,,Not Found
dkinder@majorhospital.org,,,Dkinder,,Dkinder,,Unknown,Majorhospital,,,,Not Found
slewis@majorhospital.org,,,Slewis,,Slewis,,Unknown,Majorhospital,,,,Not Found
lbittinger@majorhospital.org,,,Lbittinger,,Lbittinger,,Unknown,Majorhospital,,,,Not Found
sdavis@majorhospital.org,,,Sdavis,,Sdavis,,Unknown,Majorhospital,,,,Not Found
atoon@majorhospital.org,,,Atoon,,Atoon,,Unknown,Majorhospital,,,,Not Found
amosley@majorhospital.org,,,Amosley,,Amosley,,Unknown,Majorhospital,,,,Not Found
kburton@majorhospital.org,,,Kburton,,Kburton,,Unknown,Majorhospital,,,,Not Found
mburnside@majorhospital.org,,,Mburnside,,Mburnside,,Unknown,Majorhospital,,,,Not Found
chelsea.kleen@oomc.com,,,Chelsea,Kleen,Chelsea Kleen,,Unknown,Oomc,,,,Not Found
dbarton@majorhospital.org,,,Dbarton,,Dbarton,,Unknown,Majorhospital,,,,Not Found
sstone@mrhcok.com,,,Sstone,,Sstone,,Unknown,Mrhcok,,,,Not Found
rmercuri@majorhospital.org,,,Rmercuri,,Rmercuri,,Unknown,Majorhospital,,,,Not Found
thumphreys@majorhospital.org,,,Thumphreys,,Thumphreys,,Unknown,Majorhospital,,,,Not Found
sblack@majorhospital.org,,,Sblack,,Sblack,,Unknown,Majorhospital,,,,Not Found
rwills@mrhcok.com,,,Rwills,,Rwills,,Unknown,Mrhcok,,,,Not Found
ahill@majorhospital.org,,,Ahill,,Ahill,,Unknown,Majorhospital,,,,Not Found
christina.drennen@oomc.com,,,Christina,Drennen,Christina Drennen,,Unknown,Oomc,,,,Not Found
kprice@majorhospital.org,,,Kprice,,Kprice,,Unknown,Majorhospital,,,,Not Found
eandaya@majorhospital.org,,,Eandaya,,Eandaya,,Unknown,Majorhospital,,,,Not Found
kkeppel@majorhospital.org,,,Kkeppel,,Kkeppel,,Unknown,Majorhospital,,,,Not Found
kwhite@majorhospital.org,,,Kwhite,,Kwhite,,Unknown,Majorhospital,,,,Not Found
nicole.gutierrez@oomc.com,,,Nicole,Gutierrez,Nicole Gutierrez,,Unknown,Oomc,,,,Not Found
cvieira@majorhospital.org,,,Cvieira,,Cvieira,,Unknown,Majorhospital,,,,Not Found
evelyn.diaz@oomc.com,,,Evelyn,Diaz,Evelyn Diaz,,Unknown,Oomc,,,,Not Found
akennedy@majorhospital.org,,,Akennedy,,Akennedy,,Unknown,Majorhospital,,,,Not Found
patricia.buchheit@oomc.com,,,Patricia,Buchheit,Patricia Buchheit,,Unknown,Oomc,,,,Not Found
lharness@majorhospital.org,,,Lharness,,Lharness,,Unknown,Majorhospital,,,,Not Found
teverhart@majorhospital.org,,,Teverhart,,Teverhart,,Unknown,Majorhospital,,,,Not Found
tbranstetter@majorhospital.org,,,Tbranstetter,,Tbranstetter,,Unknown,Majorhospital,,,,Not Found
ptaylor@majorhospital.org,,,Ptaylor,,Ptaylor,,Unknown,Majorhospital,,,,Not Found
treeves@majorhospital.org,,,Treeves,,Treeves,,Unknown,Majorhospital,,,,Not Found
civie@majorhospital.org,,,Civie,,Civie,,Unknown,Majorhospital,,,,Not Found
rclaxton@majorhospital.org,,,Rclaxton,,Rclaxton,,Unknown,Majorhospital,,,,Not Found
mlinville@majorhospital.org,,,Mlinville,,Mlinville,,Unknown,Majorhospital,,,,Not Found
spaxton@majorhospital.org,,,Spaxton,,Spaxton,,Unknown,Majorhospital,,,,Not Found
jgeorgen@majorhospital.org,,,Jgeorgen,,Jgeorgen,,Unknown,Majorhospital,,,,Not Found
sonja.newman@oomc.com,,,Sonja,Newman,Sonja Newman,,Unknown,Oomc,,,,Not Found
lamos@majorhospital.org,,,Lamos,,Lamos,,Unknown,Majorhospital,,,,Not Found
athomas@majorhospital.org,,,Athomas,,Athomas,,Unknown,Majorhospital,,,,Not Found
kpoindexter@majorhospital.org,,,Kpoindexter,,Kpoindexter,,Unknown,Majorhospital,,,,Not Found
mhaehl@majorhospital.org,,,Mhaehl,,Mhaehl,,Unknown,Majorhospital,,,,Not Found
jblankinship@majorhospital.org,,,Jblankinship,,Jblankinship,,Unknown,Majorhospital,,,,Not Found
dbrown@newmanrh.org,,,Dbrown,,Dbrown,,Unknown,Newmanrh,,,,Not Found
diana.slough@goodlandregional.com,,,Diana,Slough,Diana Slough,,Unknown,Goodlandregional,,,,Not Found
jgleason@gchospital.org,,,Jgleason,,Jgleason,,Unknown,Gchospital,,,,Not Found
jramos@sanjuanmedicalcenter.com,,,Jramos,,Jramos,,Unknown,Sanjuan Medical Center,,,,Not Found
marchuleta@msrhc.org,,,Marchuleta,,Marchuleta,,Unknown,Msrhc,,,,Not Found
ccarey@msrhc.org,,,Ccarey,,Ccarey,,Unknown,Msrhc,,,,Not Found
scastellano@msrhc.org,,,Scastellano,,Scastellano,,Unknown,Msrhc,,,,Not Found
matthemu@auburnhospital.org,,,Matthemu,,Matthemu,,Unknown,Auburnhospital,,,,Not Found
jblaisdell@auburnhospital.org,,,Jblaisdell,,Jblaisdell,,Unknown,Auburnhospital,,,,Not Found
jonathan.holcomb@wtbyhosp.org,,,Jonathan,Holcomb,Jonathan Holcomb,,Unknown,Wtbyhosp,,,,Not Found
patricia.gentil@wtbyhosp.org,,,Patricia,Gentil,Patricia Gentil,,Unknown,Wtbyhosp,,,,Not Found
cparker@whitememorial.org,,,Cparker,,Cparker,,Unknown,Whitememorial,,,,Not Found
boehmke@hanoverhospitalks.com,,,Boehmke,,Boehmke,,Unknown,Hanoverhospitalks,,,,Not Found
mwallace@bibbmedicalcenter.com,,,Mwallace,,Mwallace,,Unknown,Bibb Medical Center,,,,Not Found
jtidwell@bibbmedicalcenter.com,,,Jtidwell,,Jtidwell,,Unknown,Bibb Medical Center,,,,Not Found
kranthi.manda@newberryhospital.net,,,Kranthi,Manda,Kranthi Manda,,Unknown,Newberryhospital,,,,Not Found
susie.myers@newberryhospital.net,,,Susie,Myers,Susie Myers,,Unknown,Newberryhospital,,,,Not Found
kay.traylor@newberryhospital.net,,,Kay,Traylor,Kay Traylor,,Unknown,Newberryhospital,,,,Not Found
rebecca.oneal@ashememorial.org,,,Rebecca,Oneal,Rebecca Oneal,,Unknown,Ashememorial,,,,Not Found
mposey@winstonmedical.org,,,Mposey,,Mposey,,Unknown,Winston Medical,,,,Not Found
cjohnson@rdhosp.org,,,Cjohnson,,Cjohnson,,Unknown,Rdhosp,,,,Not Found
agranger@rdhosp.org,,,Agranger,,Agranger,,Unknown,Rdhosp,,,,Not Found
tdunker@rdhosp.org,,,Tdunker,,Tdunker,,Unknown,Rdhosp,,,,Not Found
kathy.hawes@mdihospital.org,,,Kathy,Hawes,Kathy Hawes,,Unknown,Mdihospital,,,,Not Found
tfite@hollandhospital.org,,,Tfite,,Tfite,,Unknown,Hollandhospital,,,,Not Found
jbleak@bmgh.org,,,Jbleak,,Jbleak,,Unknown,Bmgh,,,,Not Found
jdillon2@rdhosp.org,,,Jdillon,,Jdillon,,Unknown,Rdhosp,,,,Not Found
jtaylor@newmanrh.org,,,Jtaylor,,Jtaylor,,Unknown,Newmanrh,,,,Not Found
asmith@mrhcok.com,,,Asmith,,Asmith,,Unknown,Mrhcok,,,,Not Found
bs091413@mrhcok.com,,,Bs,,Bs,,Unknown,Mrhcok,,,,Not Found
ksquyres@mrhcok.com,,,Ksquyres,,Ksquyres,,Unknown,Mrhcok,,,,Not Found
mpeckio@mrhcok.com,,,Mpeckio,,Mpeckio,,Unknown,Mrhcok,,,,Not Found
ewinter@newmanrh.org,,,Ewinter,,Ewinter,,Unknown,Newmanrh,,,,Not Found
cbarrett@straith.org,,,Cbarrett,,Cbarrett,,Unknown,Straith,,,,Not Found
mrhadigan@straith.org,,,Hadigan,,Hadigan,,Unknown,Straith,,,,Not Found
alowery@straith.org,,,Alowery,,Alowery,,Unknown,Straith,,,,Not Found
asarsour@straith.org,,,Asarsour,,Asarsour,,Unknown,Straith,,,,Not Found
jgjonaj@straith.org,,,Jgjonaj,,Jgjonaj,,Unknown,Straith,,,,Not Found
lalfatlawi@straith.org,,,Lalfatlawi,,Lalfatlawi,,Unknown,Straith,,,,Not Found
williamsc@sjhmc.org,,,Williamsc,,Williamsc,,Unknown,Sjhmc,,,,Not Found
pateln@sjhmc.org,,,Pateln,,Pateln,,Unknown,Sjhmc,,,,Not Found
hdeol@maderahospital.org,,,Hdeol,,Hdeol,,Unknown,Maderahospital,,,,Not Found
philip.pizzola@mdihospital.org,,,Philip,Pizzola,Philip Pizzola,,Unknown,Mdihospital,,,,Not Found
smalladi@mtvhs.org,,,Smalladi,,Smalladi,,Unknown,Mtvhs,,,,Not Found
ntudor@ecmh.org,,,Ntudor,,Ntudor,,Unknown,Ecmh,,,,Not Found
joseph.dulac@lowellgeneral.org,,,Joseph,Dulac,Joseph Dulac,,Unknown,Lowellgeneral,,,,Not Found
lallen@gcrmc.org,,,Lallen,,Lallen,,Unknown,Gcrmc,,,,Not Found
jennifer.edwards@ccmhhealth.com,,,Jennifer,Edwards,Jennifer Edwards,,Unknown,Ccmh Health,,,,Not Found
dnick@mch1.org,,,Dnick,,Dnick,,Unknown,Mch1,,,,Not Found
blonis@grahamrmc.com,,,Blonis,,Blonis,,Unknown,Grahamrmc,,,,Not Found
peter.peterson@oomc.com,,,Peter,Peterson,Peter Peterson,,Unknown,Oomc,,,,Not Found
regina.gurvich@oomc.com,,,Regina,Gurvich,Regina Gurvich,,Unknown,Oomc,,,,Not Found
jacob.crawford@oomc.com,,,Jacob,Crawford,Jacob Crawford,,Unknown,Oomc,,,,Not Found
melissa.grabowski@oomc.com,,,Melissa,Grabowski,Melissa Grabowski,,Unknown,Oomc,,,,Not Found
jstehle@mmchs.org,,,Jstehle,,Jstehle,,Unknown,Mmchs,,,,Not Found
agonzales@dimmitregional.com,,,Agonzales,,Agonzales,,Unknown,Dimmitregional,,,,Not Found
ayowell@ppgh.com,,,Ayowell,,Ayowell,,Unknown,Ppgh,,,,Not Found
kschreiner@magruderhospital.com,,,Kschreiner,,Kschreiner,,Unknown,Magruderhospital,,,,Not Found
vbragg@ppgh.com,,,Vbragg,,Vbragg,,Unknown,Ppgh,,,,Not Found
mgohari@ppgh.com,,,Mgohari,,Mgohari,,Unknown,Ppgh,,,,Not Found
pmontomery@ppgh.com,,,Pmontomery,,Pmontomery,,Unknown,Ppgh,,,,Not Found
dclark@ppgh.com,,,Dclark,,Dclark,,Unknown,Ppgh,,,,Not Found
sue_hutchinson@ppgh.com,,,Sue,Hutchinson,Sue Hutchinson,,Unknown,Ppgh,,,,Not Found
rkorkmas@ppgh.com,,,Rkorkmas,,Rkorkmas,,Unknown,Ppgh,,,,Not Found
mmcgettes@ppgh.com,,,Mmcgettes,,Mmcgettes,,Unknown,Ppgh,,,,Not Found
jturk@ppgh.com,,,Jturk,,Jturk,,Unknown,Ppgh,,,,Not Found
jadon.morgan@ppgh.com,,,Jadon,Morgan,Jadon Morgan,,Unknown,Ppgh,,,,Not Found
rhondap@ppgh.com,,,Rhondap,,Rhondap,,Unknown,Ppgh,,,,Not Found
jcrawford@magruderhospital.com,,,Jcrawford,,Jcrawford,,Unknown,Magruderhospital,,,,Not Found
dwood@ppgh.com,,,Dwood,,Dwood,,Unknown,Ppgh,,,,Not Found
rocky.mckinzie@ppgh.com,,,Rocky,Mckinzie,Rocky Mckinzie,,Unknown,Ppgh,,,,Not Found
kpierce@dimmitregional.com,,,Kpierce,,Kpierce,,Unknown,Dimmitregional,,,,Not Found
kwallace@ppgh.com,,,Kwallace,,Kwallace,,Unknown,Ppgh,,,,Not Found
ghadley@covh.org,,,Ghadley,,Ghadley,,Unknown,Covh,,,,Not Found
mhowell@ppgh.com,,,Mhowell,,Mhowell,,Unknown,Ppgh,,,,Not Found
dploeger@ppgh.com,,,Dploeger,,Dploeger,,Unknown,Ppgh,,,,Not Found
jramsey@ppgh.com,,,Jramsey,,Jramsey,,Unknown,Ppgh,,,,Not Found
kcantrell@ppgh.com,,,Kcantrell,,Kcantrell,,Unknown,Ppgh,,,,Not Found
knesbitt@ppgh.com,,,Knesbitt,,Knesbitt,,Unknown,Ppgh,,,,Not Found
fatimasaleh@mhd.com,,,Fatimasaleh,,Fatimasaleh,,Unknown,Mhd,,,,Not Found
krystinabeattie@mhd.com,,,Krystinabeattie,,Krystinabeattie,,Unknown,Mhd,,,,Not Found
melanieproffitt@mhd.com,,,Melanieproffitt,,Melanieproffitt,,Unknown,Mhd,,,,Not Found
kallypatel@mhd.com,,,Kallypatel,,Kallypatel,,Unknown,Mhd,,,,Not Found
jlopez@maderahospital.org,,,Jlopez,,Jlopez,,Unknown,Maderahospital,,,,Not Found
lmarkowitz@newmanrh.org,,,Lmarkowitz,,Lmarkowitz,,Unknown,Newmanrh,,,,Not Found
lupe_mendoza@watsonvillehospital.com,,,Lupe,Mendoza,Lupe Mendoza,,Unknown,Watsonvillehospital,,,,Not Found
nhtyte@rumcsi.org,,,Nhtyte,,Nhtyte,,Unknown,Rumcsi,,,,Not Found
hkilgore@winstonmedical.org,,,Hkilgore,,Hkilgore,,Unknown,Winston Medical,,,,Not Found
j.ryland@jmc.org,,,J,Ryland,J Ryland,,Unknown,Jmc,,,,Not Found
tc.cook@daviess.org,,,Tc,Cook,Tc Cook,,Unknown,Daviess,,,,Not Found
dquakenbush@daviess.org,,,Dquakenbush,,Dquakenbush,,Unknown,Daviess,,,,Not Found
rrand@bluemountainhospital.org,,,Rrand,,Rrand,,Unknown,Bluemountainhospital,,,,Not Found
dproper@bluemountainhospital.org,,,Dproper,,Dproper,,Unknown,Bluemountainhospital,,,,Not Found
llane@bluemountainhospital.org,,,Llane,,Llane,,Unknown,Bluemountainhospital,,,,Not Found
cwaggoner@bluemountainhospital.org,,,Cwaggoner,,Cwaggoner,,Unknown,Bluemountainhospital,,,,Not Found
rselewach@hrmc.com,,,Rselewach,,Rselewach,,Unknown,Hrmc,,,,Not Found
amcvey@millercountyhospital.com,,,Amcvey,,Amcvey,,Unknown,Millercountyhospital,,,,Not Found
tori.drummer@effinghamhospital.org,,,Tori,Drummer,Tori Drummer,,Unknown,Effinghamhospital,,,,Not Found
lameisha.kelly@effinghamhospital.org,,,Lameisha,Kelly,Lameisha Kelly,,Unknown,Effinghamhospital,,,,Not Found
lucy.williams@effinghamhospital.org,,,Lucy,Williams,Lucy Williams,,Unknown,Effinghamhospital,,,,Not Found
earnest.powell@effinghamhospital.org,,,Earnest,Powell,Earnest Powell,,Unknown,Effinghamhospital,,,,Not Found
richard.winchell@effinghamhospital.org,,,Richard,Winchell,Richard Winchell,,Unknown,Effinghamhospital,,,,Not Found
connie.lau@effinghamhospital.org,,,Connie,Lau,Connie Lau,,Unknown,Effinghamhospital,,,,Not Found
helen.king@effinghamhospital.org,,,Helen,King,Helen King,,Unknown,Effinghamhospital,,,,Not Found
aubrieann.goldwire@effinghamhospital.org,,,Aubrieann,Goldwire,Aubrieann Goldwire,,Unknown,Effinghamhospital,,,,Not Found
afahdi@maderahospital.org,,,Afahdi,,Afahdi,,Unknown,Maderahospital,,,,Not Found
mperez@maderahospital.org,,,Mperez,,Mperez,,Unknown,Maderahospital,,,,Not Found
deborah.block@mdihospital.org,,,Deborah,Block,Deborah Block,,Unknown,Mdihospital,,,,Not Found
tony.manzo@mdihospital.org,,,Tony,Manzo,Tony Manzo,,Unknown,Mdihospital,,,,Not Found
courtney.graham@mdihospital.org,,,Courtney,Graham,Courtney Graham,,Unknown,Mdihospital,,,,Not Found
jill.ryder@mdihospital.org,,,Jill,Ryder,Jill Ryder,,Unknown,Mdihospital,,,,Not Found
doug.springer@mdihospital.org,,,Doug,Springer,Doug Springer,,Unknown,Mdihospital,,,,Not Found
meredith.cyr@mdihospital.org,,,Meredith,Cyr,Meredith Cyr,,Unknown,Mdihospital,,,,Not Found
michelle.jellison@mdihospital.org,,,Michelle,Jellison,Michelle Jellison,,Unknown,Mdihospital,,,,Not Found
wayne.martin@mdihospital.org,,,Wayne,Martin,Wayne Martin,,Unknown,Mdihospital,,,,Not Found
melissa.eaton@blueridgemc.org,,,Melissa,Eaton,Melissa Eaton,,Unknown,Blueridgemc,,,,Not Found
janthony1@mmchs.org,,,Janthony,,Janthony,,Unknown,Mmchs,,,,Not Found
lclinton@mmchs.org,,,Lclinton,,Lclinton,,Unknown,Mmchs,,,,Not Found
vmazzocchi@mmchs.org,,,Vmazzocchi,,Vmazzocchi,,Unknown,Mmchs,,,,Not Found
tlamba@mmchs.org,,,Tlamba,,Tlamba,,Unknown,Mmchs,,,,Not Found
mbushey@maderahospital.org,,,Mbushey,,Mbushey,,Unknown,Maderahospital,,,,Not Found
barmfield@sonomavalleyhospital.org,,,Barmfield,,Barmfield,,Unknown,Sonomavalleyhospital,,,,Not Found
mwoodward@winstonmedical.org,,,Mwoodward,,Mwoodward,,Unknown,Winston Medical,,,,Not Found
mnester@winstonmedical.org,,,Mnester,,Mnester,,Unknown,Winston Medical,,,,Not Found
mnowell@winstonmedical.org,,,Mnowell,,Mnowell,,Unknown,Winston Medical,,,,Not Found
jmills@winstonmedical.org,,,Jmills,,Jmills,,Unknown,Winston Medical,,,,Not Found
mstewart@rdhosp.org,,,Tewart,,Tewart,,Unknown,Rdhosp,,,,Not Found
djackson@rdhosp.org,,,Djackson,,Djackson,,Unknown,Rdhosp,,,,Not Found
dnielsen@rdhosp.org,,,Dnielsen,,Dnielsen,,Unknown,Rdhosp,,,,Not Found
rfiles@rdhosp.org,,,Rfiles,,Rfiles,,Unknown,Rdhosp,,,,Not Found
kriggio@rdhosp.org,,,Kriggio,,Kriggio,,Unknown,Rdhosp,,,,Not Found
jedwards@bensonhospital.org,,,Jedwards,,Jedwards,,Unknown,Bensonhospital,,,,Not Found
michelle.acosta@bensonhospital.org,,,Michelle,Acosta,Michelle Acosta,,Unknown,Bensonhospital,,,,Not Found
jason.zibart@bensonhospital.org,,,Jason,Zibart,Jason Zibart,,Unknown,Bensonhospital,,,,Not Found
gary.kartchner@bensonhospital.org,,,Gary,Kartchner,Gary Kartchner,,Unknown,Bensonhospital,,,,Not Found
melanie.larson@bensonhospital.org,,,Melanie,Larson,Melanie Larson,,Unknown,Bensonhospital,,,,Not Found
velma.cooper@bensonhospital.org,,,Velma,Cooper,Velma Cooper,,Unknown,Bensonhospital,,,,Not Found
dbasham@bensonhospital.org,,,Dbasham,,Dbasham,,Unknown,Bensonhospital,,,,Not Found
angela.hopp@bensonhospital.org,,,Angela,Hopp,Angela Hopp,,Unknown,Bensonhospital,,,,Not Found
clonsbury@gcrmc.org,,,Clonsbury,,Clonsbury,,Unknown,Gcrmc,,,,Not Found
mober@straith.org,,,Mober,,Mober,,Unknown,Straith,,,,Not Found
hrfrench@newmanrh.org,,,Hrfrench,,Hrfrench,,Unknown,Newmanrh,,,,Not Found
eleonora.kushilovsky@lowellgeneral.org,,,Eleonora,Kushilovsky,Eleonora Kushilovsky,,Unknown,Lowellgeneral,,,,Not Found
brittany.maag@lowellgeneral.org,,,Brittany,Maag,Brittany Maag,,Unknown,Lowellgeneral,,,,Not Found
ortega@huhosp.org,,,Ortega,,Ortega,,Unknown,Huhosp,,,,Not Found
pumclh@pumc.com,,,Pumclh,,Pumclh,,Unknown,Pumc,,,,Not Found
jwessler@northwell.edu,,,Jwessler,,Jwessler,,Unknown,Northwell,,,,Not Found
rjohn12@northwell.edu,,,Rjohn,,Rjohn,,Unknown,Northwell,,,,Not Found
jmarzouk@northwell.edu,,,Jmarzouk,,Jmarzouk,,Unknown,Northwell,,,,Not Found
rdiamond1@northwell.edu,,,Rdiamond,,Rdiamond,,Unknown,Northwell,,,,Not Found
tom.castaneda@uhsrgv.com,,,Tom,Castaneda,Tom Castaneda,,Unknown,Uhsrgv,,,,Not Found
jennifer.crist@uhsrgv.com,,,Jennifer,Crist,Jennifer Crist,,Unknown,Uhsrgv,,,,Not Found
emily.giorgi@ssmhealth.com,,,Emily,Giorgi,Emily Giorgi,,Unknown,Ssm Health,,,,Not Found
teri.cayler@ssmhealth.com,,,Teri,Cayler,Teri Cayler,,Unknown,Ssm Health,,,,Not Found
hossain.marandi@ssmhealth.com,,,Hossain,Marandi,Hossain Marandi,,Unknown,Ssm Health,,,,Not Found
brett.owen@ssmhealth.com,,,Brett,Owen,Brett Owen,,Unknown,Ssm Health,,,,Not Found
rod.nunn@ssmhealth.com,,,Rod,Nunn,Rod Nunn,,Unknown,Ssm Health,,,,Not Found
valerie.forsythe@ssmhealth.com,,,Valerie,Forsythe,Valerie Forsythe,,Unknown,Ssm Health,,,,Not Found
kyle.nondorf@ssmhealth.com,,,Kyle,Nondorf,Kyle Nondorf,,Unknown,Ssm Health,,,,Not Found
amir.jaffer@ssmhealth.com,,,Amir,Jaffer,Amir Jaffer,,Unknown,Ssm Health,,,,Not Found
tim@chsflorida.com,,,Tim,,Tim,,Unknown,Chsflorida,,,,Not Found
dan@chsflorida.com,,,Dan,,Dan,,Unknown,Chsflorida,,,,Not Found
nbutler@chsgeorgia.org,,,Nbutler,,Nbutler,,Unknown,Chsgeorgia,,,,Not Found
pjohnston@chsgeorgia.org,,,Pjohnston,,Pjohnston,,Unknown,Chsgeorgia,,,,Not Found
mcurley@chsgeorgia.org,,,Mcurley,,Mcurley,,Unknown,Chsgeorgia,,,,Not Found
mcox@chsgeorgia.org,,,Mcox,,Mcox,,Unknown,Chsgeorgia,,,,Not Found
nlee@chsgeorgia.org,,,Nlee,,Nlee,,Unknown,Chsgeorgia,,,,Not Found
ebeck@chsgeorgia.org,,,Ebeck,,Ebeck,,Unknown,Chsgeorgia,,,,Not Found
kcorry@chsgeorgia.org,,,Kcorry,,Kcorry,,Unknown,Chsgeorgia,,,,Not Found
bcthomas@carilionclinic.org,,,Bcthomas,,Bcthomas,,Unknown,Carilion Clinic,,,,Not Found
fkallen@carilionclinic.org,,,Fkallen,,Fkallen,,Unknown,Carilion Clinic,,,,Not Found
htkissner@carilionclinic.org,,,Htkissner,,Htkissner,,Unknown,Carilion Clinic,,,,Not Found
mmzimmerman@carilionclinic.org,,,Mmzimmerman,,Mmzimmerman,,Unknown,Carilion Clinic,,,,Not Found
tevans@carilionclinic.org,,,Tevans,,Tevans,,Unknown,Carilion Clinic,,,,Not Found
latrent@carilionclinic.org,,,Latrent,,Latrent,,Unknown,Carilion Clinic,,,,Not Found
jperry@rmc.com,,,Jperry,,Jperry,,Unknown,Rmc,,,,Not Found
meroberts@rmc.com,,,Meroberts,,Meroberts,,Unknown,Rmc,,,,Not Found
jmcdonald@rmc.com,,,Jmcdonald,,Jmcdonald,,Unknown,Rmc,,,,Not Found
amanda.jones@rmc.com,,,Amanda,Jones,Amanda Jones,,Unknown,Rmc,,,,Not Found
sadie.southard@rmc.com,,,Sadie,Southard,Sadie Southard,,Unknown,Rmc,,,,Not Found
grecia.garza@rmc.com,,,Grecia,Garza,Grecia Garza,,Unknown,Rmc,,,,Not Found
cbeebe@rmc.com,,,Cbeebe,,Cbeebe,,Unknown,Rmc,,,,Not Found
anthony.ashby@commonspirit.org,,,Anthony,Ashby,Anthony Ashby,,Unknown,Commonspirit,,,,Not Found
rachel.anderson2@dchsystem.com,,,Rachel,Anderson,Rachel Anderson,,Unknown,Dchsystem,,,,Not Found
rosanne.thurman@dchsystem.com,,,Rosanne,Thurman,Rosanne Thurman,,Unknown,Dchsystem,,,,Not Found
jacqueline.jones@dchsystem.com,,,Jacqueline,Jones,Jacqueline Jones,,Unknown,Dchsystem,,,,Not Found
bzingman@montefiore.org,,,Bzingman,,Bzingman,,Unknown,Montefiore,,,,Not Found
jorsini@nm.org,,,Jorsini,,Jorsini,,Unknown,Nm,,,,Not Found
jngure@sturdyhealth.org,,,Jngure,,Jngure,,Unknown,Sturdy Health,,,,Not Found
christina.wojewoda@uvmhealth.org,,,Christina,Wojewoda,Christina Wojewoda,,Unknown,Uvm Health,,,,Not Found
mshaff@crh.org,,,Haff,,Haff,,Unknown,Crh,,,,Not Found
fvega@valleyhealth.com,,,Fvega,,Fvega,,Unknown,Valley Health,,,,Not Found
cullpa@valleyhealth.com,,,Cullpa,,Cullpa,,Unknown,Valley Health,,,,Not Found
rmendez@valleyhealth.com,,,Rmendez,,Rmendez,,Unknown,Valley Health,,,,Not Found
mathjo@valleyhealth.com,,,Mathjo,,Mathjo,,Unknown,Valley Health,,,,Not Found
mittsu@valleyhealth.com,,,Mittsu,,Mittsu,,Unknown,Valley Health,,,,Not Found
jgregoi@valleyhealth.com,,,Jgregoi,,Jgregoi,,Unknown,Valley Health,,,,Not Found
jabaha@valleyhealth.com,,,Jabaha,,Jabaha,,Unknown,Valley Health,,,,Not Found
jessie.patterson@sclhealth.org,,,Jessie,Patterson,Jessie Patterson,,Unknown,Scl Health,,,,Not Found
penny.chriscoe@randolphhealth.org,,,Penny,Chriscoe,Penny Chriscoe,,Unknown,Randolph Health,,,,Not Found
larsondavid@centracare.com,,,Larsondavid,,Larsondavid,,Unknown,Centra Care,,,,Not Found
mreyes@giffordhealthcare.org,,,Eyes,,Eyes,,Unknown,Gifford Health Care,,,,Not Found
rcandelaria@grmc.org,,,Rcandelaria,,Rcandelaria,,Unknown,Grmc,,,,Not Found
rholguin@grmc.org,,,Rholguin,,Rholguin,,Unknown,Grmc,,,,Not Found
ndacus@grmc.org,,,Ndacus,,Ndacus,,Unknown,Grmc,,,,Not Found
vinny.morris@multicare.org,,,Vinny,Morris,Vinny Morris,,Unknown,Multi Care,,,,Not Found
jason.elrod@multicare.org,,,Jason,Elrod,Jason Elrod,,Unknown,Multi Care,,,,Not Found
ryan.khan@wellstar.org,,,Ryan,Khan,Ryan Khan,,Unknown,Wellstar,,,,Not Found
wendy.cox@calverthealthmed.org,,,Wendy,Cox,Wendy Cox,,Unknown,Calvert Health Med,,,,Not Found
kenneth.jones@calverthealthmed.org,,,Kenneth,Jones,Kenneth Jones,,Unknown,Calvert Health Med,,,,Not Found
dbranum@ruralhs.org,,,Dbranum,,Dbranum,,Unknown,Ruralhs,,,,Not Found
jodhner@uwhealth.org,,,Jodhner,,Jodhner,,Unknown,Uw Health,,,,Not Found
katherine.lehmann@mountsinai.org,,,Katherine,Lehmann,Katherine Lehmann,,Unknown,Mountsinai,,,,Not Found
kristy.king@conwayregional.org,,,Kristy,King,Kristy King,,Unknown,Conwayregional,,,,Not Found
madams@myhorizonhealth.org,,,Madams,,Madams,,Unknown,Myhorizon Health,,,,Not Found
wrightj@mtgraham.org,,,Wrightj,,Wrightj,,Unknown,Mtgraham,,,,Not Found
noe.arceo@ohiohealth.com,,,Noe,Arceo,Noe Arceo,,Unknown,Ohio Health,,,,Not Found
don.ellis@ohiohealth.com,,,Don,Ellis,Don Ellis,,Unknown,Ohio Health,,,,Not Found
katie.morris@ohiohealth.com,,,Katie,Morris,Katie Morris,,Unknown,Ohio Health,,,,Not Found
karen.morrison@ohiohealth.com,,,Karen,Morrison,Karen Morrison,,Unknown,Ohio Health,,,,Not Found
chris.borasz@ohiohealth.com,,,Chris,Borasz,Chris Borasz,,Unknown,Ohio Health,,,,Not Found
sarah.wittry@ohiohealth.com,,,Sarah,Wittry,Sarah Wittry,,Unknown,Ohio Health,,,,Not Found
drew.tortoriello@mountsinai.org,,,Drew,Tortoriello,Drew Tortoriello,,Unknown,Mountsinai,,,,Not Found
quincy.manning@christushealth.org,,,Quincy,Manning,Quincy Manning,,Unknown,Christus Health,,,,Not Found
carla.holmen@christushealth.org,,,Carla,Holmen,Carla Holmen,,Unknown,Christus Health,,,,Not Found
lynda.corotan@christushealth.org,,,Lynda,Corotan,Lynda Corotan,,Unknown,Christus Health,,,,Not Found
heather.ross@christushealth.org,,,Heather,Ross,Heather Ross,,Unknown,Christus Health,,,,Not Found
jtalcott@regionalhealth.org,,,Jtalcott,,Jtalcott,,Unknown,Regional Health,,,,Not Found
jhower@monument.health,,,Jhower,,Jhower,,Unknown,Monument,,,,Not Found
karen.bales@waynehealthcare.org,,,Karen,Bales,Karen Bales,,Unknown,Wayne Health Care,,,,Not Found
asauer@saint-lukes.org,,,Asauer,,Asauer,,Unknown,Saint Lukes,,,,Not Found
bsperry@saintlukeskc.org,,,Bsperry,,Bsperry,,Unknown,Saintlukeskc,,,,Not Found
jlittle@saint-lukes.org,,,Jlittle,,Jlittle,,Unknown,Saint Lukes,,,,Not Found
emanning@saint-lukes.org,,,Emanning,,Emanning,,Unknown,Saint Lukes,,,,Not Found
jsvetlecic@saintlukeskc.org,,,Jsvetlecic,,Jsvetlecic,,Unknown,Saintlukeskc,,,,Not Found
lsullivan@saint-lukes.org,,,Lsullivan,,Lsullivan,,Unknown,Saint Lukes,,,,Not Found
mshah@saint-lukes.org,,,Hah,,Hah,,Unknown,Saint Lukes,,,,Not Found
marcie.gandee@ohiohealth.com,,,Marcie,Gandee,Marcie Gandee,,Unknown,Ohio Health,,,,Not Found
lisa.gillen@ohiohealth.com,,,Lisa,Gillen,Lisa Gillen,,Unknown,Ohio Health,,,,Not Found
leslie.etwaroo@mountsinai.org,,,Leslie,Etwaroo,Leslie Etwaroo,,Unknown,Mountsinai,,,,Not Found
lnatzke1@hfhs.org,,,Lnatzke,,Lnatzke,,Unknown,Hfhs,,,,Not Found
simone@kishhealth.org,,,Simone,,Simone,,Unknown,Kish Health,,,,Not Found
rachael.blaire@mountsinai.org,,,Rachael,Blaire,Rachael Blaire,,Unknown,Mountsinai,,,,Not Found
bhillier@qhc.on.ca,,,Bhillier,,Bhillier,,Unknown,Qhc,,,,Not Found
rleroux@qhc.on.ca,,,Rleroux,,Rleroux,,Unknown,Qhc,,,,Not Found
asamis@qhc.on.ca,,,Asamis,,Asamis,,Unknown,Qhc,,,,Not Found
groach@holzer.org,,,Groach,,Groach,,Unknown,Holzer,,,,Not Found
scott.davis@holzer.org,,,Scott,Davis,Scott Davis,,Unknown,Holzer,,,,Not Found
karl.dsouza@jhsmiami.org,,,Karl,Dsouza,Karl Dsouza,,Unknown,Jhsmiami,,,,Not Found
vicky.perez@jhsmiami.org,,,Vicky,Perez,Vicky Perez,,Unknown,Jhsmiami,,,,Not Found
oneil.pyke@jhsmiami.org,,,Oneil,Pyke,Oneil Pyke,,Unknown,Jhsmiami,,,,Not Found
david.zambrana@jhsmiami.org,,,David,Zambrana,David Zambrana,,Unknown,Jhsmiami,,,,Not Found
ryan.smith@leehealth.org,,,Ryan,Smith,Ryan Smith,,Unknown,Lee Health,,,,Not Found
scott.kjelson@baptisthealth.net,,,Scott,Kjelson,Scott Kjelson,,Unknown,Baptist Health,,,,Not Found
bob.karl@christushealth.org,,,Bob,Karl,Bob Karl,,Unknown,Christus Health,,,,Not Found
jonathan.parker@deaconess.com,,,Jonathan,Parker,Jonathan Parker,,Unknown,Deaconess,,,,Not Found
coronsky@lhs.org,,,Coronsky,,Coronsky,,Unknown,Lhs,,,,Not Found
lmatthews2@houstonmethodist.org,,,Lmatthews,,Lmatthews,,Unknown,Houstonmethodist,,,,Not Found
valerie.orellana@mountsinai.org,,,Valerie,Orellana,Valerie Orellana,,Unknown,Mountsinai,,,,Not Found
david.gano@christushealth.org,,,David,Gano,David Gano,,Unknown,Christus Health,,,,Not Found
matthew.kurian@stelizabeth.com,,,Matthew,Kurian,Matthew Kurian,,Unknown,Stelizabeth,,,,Not Found
matthew.hollenkamp@stelizabeth.com,,,Matthew,Hollenkamp,Matthew Hollenkamp,,Unknown,Stelizabeth,,,,Not Found
christina.smith@aultman.com,,,Christina,Smith,Christina Smith,,Unknown,Aultman,,,,Not Found
raza.fayyaz@aultman.com,,,Raza,Fayyaz,Raza Fayyaz,,Unknown,Aultman,,,,Not Found
robert.molnar@aultman.com,,,Robert,Molnar,Robert Molnar,,Unknown,Aultman,,,,Not Found
robert.daley@halifax.org,,,Robert,Daley,Robert Daley,,Unknown,Halifax,,,,Not Found
marisa.owens@tmcaz.com,,,Marisa,Owens,Marisa Owens,,Unknown,Tmcaz,,,,Not Found
hiba.ramm@christushealth.org,,,Hiba,Ramm,Hiba Ramm,,Unknown,Christus Health,,,,Not Found
kathy.johnson@unitypoint.org,,,Kathy,Johnson,Kathy Johnson,,Unknown,Unitypoint,,,,Not Found
peter.umukoro@hendricks.org,,,Peter,Umukoro,Peter Umukoro,,Unknown,Hendricks,,,,Not Found
carrie.meyer@hendricks.org,,,Carrie,Meyer,Carrie Meyer,,Unknown,Hendricks,,,,Not Found
anna.diemoz@nghs.com,,,Anna,Diemoz,Anna Diemoz,,Unknown,Nghs,,,,Not Found
vicki.gardner@ochsner.org,,,Vicki,Gardner,Vicki Gardner,,Unknown,Ochsner,,,,Not Found
mhines@selfregional.org,,,Mhines,,Mhines,,Unknown,Selfregional,,,,Not Found
rhoover@tvhcare.org,,,Rhoover,,Rhoover,,Unknown,Tvh Care,,,,Not Found
jashapir@montefiore.org,,,Jashapir,,Jashapir,,Unknown,Montefiore,,,,Not Found
naross@montefiore.org,,,Naross,,Naross,,Unknown,Montefiore,,,,Not Found
dawna.peters@ohiohealth.com,,,Dawna,Peters,Dawna Peters,,Unknown,Ohio Health,,,,Not Found
john.chelico@commonspirit.org,,,John,Chelico,John Chelico,,Unknown,Commonspirit,,,,Not Found
awooten4@iuhealth.org,,,Awooten,,Awooten,,Unknown,Iu Health,,,,Not Found
jloving@iuhealth.org,,,Jloving,,Jloving,,Unknown,Iu Health,,,,Not Found
mbweimer@valleyhealth.org,,,Mbweimer,,Mbweimer,,Unknown,Valley Health,,,,Not Found
jmoorman@valleyhealth.org,,,Jmoorman,,Jmoorman,,Unknown,Valley Health,,,,Not Found
aknight@ghs.com,,,Aknight,,Aknight,,Unknown,Ghs,,,,Not Found
isinsu.akcetin@ghs.com,,,Isinsu,Akcetin,Isinsu Akcetin,,Unknown,Ghs,,,,Not Found
alichtenberger@ghs.com,,,Alichtenberger,,Alichtenberger,,Unknown,Ghs,,,,Not Found
serge@ghs.com,,,Serge,,Serge,,Unknown,Ghs,,,,Not Found
doug.pierce@ghs.com,,,Doug,Pierce,Doug Pierce,,Unknown,Ghs,,,,Not Found
richj@ghs.com,,,Richj,,Richj,,Unknown,Ghs,,,,Not Found
marcusn@ghs.com,,,Marcusn,,Marcusn,,Unknown,Ghs,,,,Not Found
melissa.madden@nghs.com,,,Melissa,Madden,Melissa Madden,,Unknown,Nghs,,,,Not Found
matthew.hanley@nghs.com,,,Matthew,Hanley,Matthew Hanley,,Unknown,Nghs,,,,Not Found
evan.levine@mountsinai.org,,,Evan,Levine,Evan Levine,,Unknown,Mountsinai,,,,Not Found
robert.freeman@mountsinai.org,,,Robert,Freeman,Robert Freeman,,Unknown,Mountsinai,,,,Not Found
aisha.ishida@hawaiipacifichealth.org,,,Aisha,Ishida,Aisha Ishida,,Unknown,Hawaiipacific Health,,,,Not Found
christie.stawarczik@memorialhermann.org,,,Christie,Stawarczik,Christie Stawarczik,,Unknown,Memorialhermann,,,,Not Found
andrea.andrae@sluhn.org,,,Andrea,Andrae,Andrea Andrae,,Unknown,Sluhn,,,,Not Found
afoma.emodi@memorialhermann.org,,,Afoma,Emodi,Afoma Emodi,,Unknown,Memorialhermann,,,,Not Found
suzanne.moon@memorialhermann.org,,,Suzanne,Moon,Suzanne Moon,,Unknown,Memorialhermann,,,,Not Found
juanema.washington@memorialhermann.org,,,Juanema,Washington,Juanema Washington,,Unknown,Memorialhermann,,,,Not Found
sbarnett@mckenziehealth.org,,,Sbarnett,,Sbarnett,,Unknown,Mckenzie Health,,,,Not Found
motti.edelstein@sutterhealth.org,,,Motti,Edelstein,Motti Edelstein,,Unknown,Sutter Health,,,,Not Found
aruedisueli@mckenziehealth.org,,,Aruedisueli,,Aruedisueli,,Unknown,Mckenzie Health,,,,Not Found
amber.colville@mysrhs.com,,,Amber,Colville,Amber Colville,,Unknown,Mysrhs,,,,Not Found
ariojas@primehealthcare.com,,,Ariojas,,Ariojas,,Unknown,Prime Health Care,,,,Not Found
joe.bedwell@dchsystem.com,,,Joe,Bedwell,Joe Bedwell,,Unknown,Dchsystem,,,,Not Found
tracer.rankin@gundersenhealth.org,,,Tracer,Rankin,Tracer Rankin,,Unknown,Gundersen Health,,,,Not Found
brendan.carr@mountsinai.org,,,Brendan,Carr,Brendan Carr,,Unknown,Mountsinai,,,,Not Found
vincent.tammaro@mountsinai.org,,,Vincent,Tammaro,Vincent Tammaro,,Unknown,Mountsinai,,,,Not Found
keswani.anil@scrippshealth.org,,,Keswani,Anil,Keswani Anil,,Unknown,Scripps Health,,,,Not Found
njoseph@houstonmethodist.org,,,Njoseph,,Njoseph,,Unknown,Houstonmethodist,,,,Not Found
foundation@houstonmethodist.org,,,Foundation,,Foundation,,Unknown,Houstonmethodist,,,,Not Found
tmayer@haxtunhealth.org,,,Tmayer,,Tmayer,,Unknown,Haxtun Health,,,,Not Found
prabhjeet.singh@medstar.net,,,Prabhjeet,Singh,Prabhjeet Singh,,Unknown,Medstar,,,,Not Found
jeff.daneff@commonspirit.org,,,Jeff,Daneff,Jeff Daneff,,Unknown,Commonspirit,,,,Not Found
daniel.barchi@commonspirit.org,,,Daniel,Barchi,Daniel Barchi,,Unknown,Commonspirit,,,,Not Found
tina.audia@commonspirit.org,,,Tina,Audia,Tina Audia,,Unknown,Commonspirit,,,,Not Found
liz.popwell@commonspirit.org,,,Liz,Popwell,Liz Popwell,,Unknown,Commonspirit,,,,Not Found
sharon.j.smith@adventhealth.com,,,Sharon,Smith,Sharon J Smith,,Unknown,Advent Health,,,,Not Found
david.neubert@mountsinai.org,,,David,Neubert,David Neubert,,Unknown,Mountsinai,,,,Not Found
dbrooks4@hfhs.org,,,Dbrooks,,Dbrooks,,Unknown,Hfhs,,,,Not Found
boo.navantu@baycare.org,,,Boo,Navantu,Boo Navantu,,Unknown,Bay Care,,,,Not Found
linda.engle@nm.org,,,Linda,Engle,Linda Engle,,Unknown,Nm,,,,Not Found
anna.robak@mountsinai.org,,,Anna,Robak,Anna Robak,,Unknown,Mountsinai,,,,Not Found
eva.johansson@mountsinai.org,,,Eva,Johansson,Eva Johansson,,Unknown,Mountsinai,,,,Not Found
mmann@trinitas.org,,,Mmann,,Mmann,,Unknown,Trinitas,,,,Not Found
msaunder@holzer.org,,,Aunder,,Aunder,,Unknown,Holzer,,,,Not Found
llozano@primehealthcare.com,,,Llozano,,Llozano,,Unknown,Prime Health Care,,,,Not Found
norman.gerino@memorialhermann.org,,,Norman,Gerino,Norman Gerino,,Unknown,Memorialhermann,,,,Not Found
natalie.main@memorialhermann.org,,,Natalie,Main,Natalie Main,,Unknown,Memorialhermann,,,,Not Found
lance.wiener@memorialhermann.org,,,Lance,Wiener,Lance Wiener,,Unknown,Memorialhermann,,,,Not Found
andrea.paul@memorialhermann.org,,,Andrea,Paul,Andrea Paul,,Unknown,Memorialhermann,,,,Not Found
elizabeth.valera@memorialhermann.org,,,Elizabeth,Valera,Elizabeth Valera,,Unknown,Memorialhermann,,,,Not Found
shelly.mcwhite@memorialhermann.org,,,Shelly,Mcwhite,Shelly Mcwhite,,Unknown,Memorialhermann,,,,Not Found
norman.lopez@memorialhermann.org,,,Norman,Lopez,Norman Lopez,,Unknown,Memorialhermann,,,,Not Found
dave.walker@memorialhermann.org,,,Dave,Walker,Dave Walker,,Unknown,Memorialhermann,,,,Not Found
antoinette.cunningham@memorialhermann.org,,,Antoinette,Cunningham,Antoinette Cunningham,,Unknown,Memorialhermann,,,,Not Found
amy.jahn@memorialhermann.org,,,Amy,Jahn,Amy Jahn,,Unknown,Memorialhermann,,,,Not Found
tawanna.mcinnis-cole@memorialhermann.org,,,Tawanna,Cole,Tawanna Mcinnis Cole,,Unknown,Memorialhermann,,,,Not Found
joshua.vario@memorialhermann.org,,,Joshua,Vario,Joshua Vario,,Unknown,Memorialhermann,,,,Not Found
regina.douglas@memorialhermann.org,,,Regina,Douglas,Regina Douglas,,Unknown,Memorialhermann,,,,Not Found
molly.miniard@memorialhermann.org,,,Molly,Miniard,Molly Miniard,,Unknown,Memorialhermann,,,,Not Found
hillary.turney@memorialhermann.org,,,Hillary,Turney,Hillary Turney,,Unknown,Memorialhermann,,,,Not Found
shameya.ceasar@memorialhermann.org,,,Shameya,Ceasar,Shameya Ceasar,,Unknown,Memorialhermann,,,,Not Found
leigh.barrios@memorialhermann.org,,,Leigh,Barrios,Leigh Barrios,,Unknown,Memorialhermann,,,,Not Found
alvaro.silva@memorialhermann.org,,,Alvaro,Silva,Alvaro Silva,,Unknown,Memorialhermann,,,,Not Found
vannary.bun@memorialhermann.org,,,Vannary,Bun,Vannary Bun,,Unknown,Memorialhermann,,,,Not Found
eric.smith2@memorialhermann.org,,,Eric,Smith,Eric Smith,,Unknown,Memorialhermann,,,,Not Found
deidra.white@memorialhermann.org,,,Deidra,White,Deidra White,,Unknown,Memorialhermann,,,,Not Found
debora.cuellar@memorialhermann.org,,,Debora,Cuellar,Debora Cuellar,,Unknown,Memorialhermann,,,,Not Found
deondra.hollis@memorialhermann.org,,,Deondra,Hollis,Deondra Hollis,,Unknown,Memorialhermann,,,,Not Found
patricia.howell@memorialhermann.org,,,Patricia,Howell,Patricia Howell,,Unknown,Memorialhermann,,,,Not Found
ashley.doolittle@memorialhermann.org,,,Ashley,Doolittle,Ashley Doolittle,,Unknown,Memorialhermann,,,,Not Found
david.gilbert@memorialhermann.org,,,David,Gilbert,David Gilbert,,Unknown,Memorialhermann,,,,Not Found
akhlaq.ahmad@memorialhermann.org,,,Akhlaq,Ahmad,Akhlaq Ahmad,,Unknown,Memorialhermann,,,,Not Found
nicole.bonanno@memorialhermann.org,,,Nicole,Bonanno,Nicole Bonanno,,Unknown,Memorialhermann,,,,Not Found
pamela.gibson@memorialhermann.org,,,Pamela,Gibson,Pamela Gibson,,Unknown,Memorialhermann,,,,Not Found
jody.duncan@memorialhermann.org,,,Jody,Duncan,Jody Duncan,,Unknown,Memorialhermann,,,,Not Found
nasen.boson@memorialhermann.org,,,Nasen,Boson,Nasen Boson,,Unknown,Memorialhermann,,,,Not Found
nabeel.nazir@memorialhermann.org,,,Nabeel,Nazir,Nabeel Nazir,,Unknown,Memorialhermann,,,,Not Found
emily.faron@memorialhermann.org,,,Emily,Faron,Emily Faron,,Unknown,Memorialhermann,,,,Not Found
lance.mcleroy@hcahealthcare.com,,,Lance,Mcleroy,Lance Mcleroy,,Unknown,Hca Health Care,,,,Not Found
sherri.taylor@hcahealthcare.com,,,Sherri,Taylor,Sherri Taylor,,Unknown,Hca Health Care,,,,Not Found
laurie.billington@chs-mi.com,,,Laurie,Billington,Laurie Billington,,Unknown,Chs Mi,,,,Not Found
anne.carter@hcahealthcare.com,,,Anne,Carter,Anne Carter,,Unknown,Hca Health Care,,,,Not Found
amanda.valvano@inova.org,,,Amanda,Valvano,Amanda Valvano,,Unknown,Inova,,,,Not Found
bcarroll@honorhealth.com,,,Bcarroll,,Bcarroll,,Unknown,Honor Health,,,,Not Found
hee.kang@advocatehealth.com,,,Hee,Kang,Hee Kang,,Unknown,Advocate Health,,,,Not Found
natalie.lee@hcahealthcare.com,,,Natalie,Lee,Natalie Lee,,Unknown,Hca Health Care,,,,Not Found
linette.phillips@leehealth.org,,,Linette,Phillips,Linette Phillips,,Unknown,Lee Health,,,,Not Found
lewis.lehew@phhs.org,,,Lewis,Lehew,Lewis Lehew,,Unknown,Phhs,,,,Not Found
steven.depaolo@rwjbh.org,,,Steven,Depaolo,Steven Depaolo,,Unknown,Rwjbh,,,,Not Found
brian.root@montagehealth.org,,,Brian,Root,Brian Root,,Unknown,Montage Health,,,,Not Found
carol.fisher@mercy.net,,,Carol,Fisher,Carol Fisher,,Unknown,Mercy,,,,Not Found
kcrapo@chs-mi.com,,,Kcrapo,,Kcrapo,,Unknown,Chs Mi,,,,Not Found
jaylin.luster@chs-mi.com,,,Jaylin,Luster,Jaylin Luster,,Unknown,Chs Mi,,,,Not Found
lhai@montefiore.org,,,Lhai,,Lhai,,Unknown,Montefiore,,,,Not Found
laura.francis@honorhealth.com,,,Laura,Francis,Laura Francis,,Unknown,Honor Health,,,,Not Found
jwong3@memorialcare.org,,,Jwong,,Jwong,,Unknown,Memorial Care,,,,Not Found
sarah.moore@uchealth.org,,,Sarah,Moore,Sarah Moore,,Unknown,Uc Health,,,,Not Found
kelli.fitterling@commonspirit.org,,,Kelli,Fitterling,Kelli Fitterling,,Unknown,Commonspirit,,,,Not Found
cyortiz@honorhealth.com,,,Cyortiz,,Cyortiz,,Unknown,Honor Health,,,,Not Found
rrunacres@tgh.org,,,Rrunacres,,Rrunacres,,Unknown,Tgh,,,,Not Found
wendy.reynolds@commonspirit.org,,,Wendy,Reynolds,Wendy Reynolds,,Unknown,Commonspirit,,,,Not Found
adegges@honorhealth.com,,,Adegges,,Adegges,,Unknown,Honor Health,,,,Not Found
mdo@houstonmethodist.org,,,Mdo,,Mdo,,Unknown,Houstonmethodist,,,,Not Found
ycklieft.paz@inova.org,,,Ycklieft,Paz,Ycklieft Paz,,Unknown,Inova,,,,Not Found
katie.midkiff@baptist-health.org,,,Katie,Midkiff,Katie Midkiff,,Unknown,Baptist Health,,,,Not Found
holly.chapman@mercy.net,,,Holly,Chapman,Holly Chapman,,Unknown,Mercy,,,,Not Found
sharon.cologero@adventhealth.com,,,Sharon,Cologero,Sharon Cologero,,Unknown,Advent Health,,,,Not Found
melissa.crowe@adventhealth.com,,,Melissa,Crowe,Melissa Crowe,,Unknown,Advent Health,,,,Not Found
john.perry@mercy.net,,,John,Perry,John Perry,,Unknown,Mercy,,,,Not Found
lori.johnson@deaconess.com,,,Lori,Johnson,Lori Johnson,,Unknown,Deaconess,,,,Not Found
neicha.darbison@mercy.net,,,Neicha,Darbison,Neicha Darbison,,Unknown,Mercy,,,,Not Found
katherine.abou-zeid@mercy.net,,,Katherine,Zeid,Katherine Abou Zeid,,Unknown,Mercy,,,,Not Found
carla.wakefield@hcahealthcare.com,,,Carla,Wakefield,Carla Wakefield,,Unknown,Hca Health Care,,,,Not Found
elizabeth.gilmartin@leehealth.org,,,Elizabeth,Gilmartin,Elizabeth Gilmartin,,Unknown,Lee Health,,,,Not Found
ccelesk1@hfhs.org,,,Ccelesk,,Ccelesk,,Unknown,Hfhs,,,,Not Found
mvogel@greatriverhealth.org,,,Mvogel,,Mvogel,,Unknown,Greatriver Health,,,,Not Found
katie.lebleu@christushealth.org,,,Katie,Lebleu,Katie Lebleu,,Unknown,Christus Health,,,,Not Found
eszczech@adirondackhealth.org,,,Eszczech,,Eszczech,,Unknown,Adirondack Health,,,,Not Found
bward@capefearvalley.com,,,Bward,,Bward,,Unknown,Capefearvalley,,,,Not Found
cpear@capefearvalley.com,,,Cpear,,Cpear,,Unknown,Capefearvalley,,,,Not Found
dgoldste@montefiore.org,,,Dgoldste,,Dgoldste,,Unknown,Montefiore,,,,Not Found
melhem.dandan@christushealth.org,,,Melhem,Dandan,Melhem Dandan,,Unknown,Christus Health,,,,Not Found
mmcintyre@capefearvalley.com,,,Mmcintyre,,Mmcintyre,,Unknown,Capefearvalley,,,,Not Found
rhorne@montefiore.org,,,Rhorne,,Rhorne,,Unknown,Montefiore,,,,Not Found
delaney.romeo@mountsinai.org,,,Delaney,Romeo,Delaney Romeo,,Unknown,Mountsinai,,,,Not Found
berina.kadribeg@mountsinai.org,,,Berina,Kadribeg,Berina Kadribeg,,Unknown,Mountsinai,,,,Not Found
sogunremi@monument.health,,,Sogunremi,,Sogunremi,,Unknown,Monument,,,,Not Found
gvasquez@mountsinai.org,,,Gvasquez,,Gvasquez,,Unknown,Mountsinai,,,,Not Found
mabernathy@saint-lukes.org,,,Mabernathy,,Mabernathy,,Unknown,Saint Lukes,,,,Not Found
jessica.gladden@nm.org,,,Jessica,Gladden,Jessica Gladden,,Unknown,Nm,,,,Not Found
carrie.tucker@nm.org,,,Carrie,Tucker,Carrie Tucker,,Unknown,Nm,,,,Not Found
olaseni.arogundade@confluencehealth.org,,,Olaseni,Arogundade,Olaseni Arogundade,,Unknown,Confluence Health,,,,Not Found
brian.barry@confluencehealth.org,,,Brian,Barry,Brian Barry,,Unknown,Confluence Health,,,,Not Found
thomas.legel@confluencehealth.org,,,Thomas,Legel,Thomas Legel,,Unknown,Confluence Health,,,,Not Found
kfitzpatrick@sturdyhealth.org,,,Kfitzpatrick,,Kfitzpatrick,,Unknown,Sturdy Health,,,,Not Found
chu9006@nyp.org,,,Chu,,Chu,,Unknown,Nyp,,,,Not Found
pmazzuca@williamsonhealth.org,,,Pmazzuca,,Pmazzuca,,Unknown,Williamson Health,,,,Not Found
mcoleman@myhorizonhealth.org,,,Mcoleman,,Mcoleman,,Unknown,Myhorizon Health,,,,Not Found
dkull@myhorizonhealth.org,,,Dkull,,Dkull,,Unknown,Myhorizon Health,,,,Not Found
lisa.baker@randolphhealth.org,,,Lisa,Baker,Lisa Baker,,Unknown,Randolph Health,,,,Not Found
shane.smith@randolphhealth.org,,,Shane,Smith,Shane Smith,,Unknown,Randolph Health,,,,Not Found
lisa.reynolds@christushealth.org,,,Lisa,Reynolds,Lisa Reynolds,,Unknown,Christus Health,,,,Not Found
derek.goldin@centracare.com,,,Derek,Goldin,Derek Goldin,,Unknown,Centra Care,,,,Not Found
cindy.davis@integrishealth.org,,,Cindy,Davis,Cindy Davis,,Unknown,Integris Health,,,,Not Found
mduhaime@giffordhealthcare.org,,,Mduhaime,,Mduhaime,,Unknown,Gifford Health Care,,,,Not Found
mlanckriet@haxtunhealth.org,,,Mlanckriet,,Mlanckriet,HR Assistant ...,Staff / Coordinator,Haxtun Health,https://www.apollo.io/people/Dphn/Cstr/57dcb361a6da987d7857c6f3,Medium,Apollo.io (Public Dork),Found
joseph.jenkins@wellstar.org,,,Joseph,Jenkins,Joseph Jenkins,,Unknown,Wellstar,,,,Not Found
stacey.aderibigbe@wellstar.org,,,Stacey,Aderibigbe,Stacey Aderibigbe,,Unknown,Wellstar,,,,Not Found
dan.benjamin@stelizabeth.com,,,Dan,Benjamin,Dan Benjamin,Associate,Staff / Coordinator,Stelizabeth,,Low,Web Search,Found
timschultz@chs-mi.com,,,Timschultz,,Timschultz,,Unknown,Chs Mi,,,,Not Found
joseph.dutoi@chs-mi.com,,,Joseph,Dutoi,Joseph Dutoi,Partner ...,Owner / Executive (C-Suite),Chs Mi,https://www.apollo.io/people/Adalet/Calkendir/5e7e05b238a4d700015a5a3b,Medium,Apollo.io (Public Dork),Found
mark.bullock@chs-mi.com,,,Mark,Bullock,Mark Bullock,Foot and Ankle Surgeon,Practitioner / Doctor / Faculty,Chs Mi,https://www.linkedin.com/in/mark-bullock-68305387,High,LinkedIn (Public Dork),Found
michele.dasilva@atlantichealth.org,,,Michele,Dasilva,Michele Dasilva,S Business Profile As Surgical Resident,Practitioner / Doctor / Faculty,Atlantic Health,https://www.apollo.io/people/Michelle/Freeman/5b3a85dca6da985521c9b0e3,Medium,Apollo.io (Public Dork),Found
miguel.salcedo@halifax.org,,,Miguel,Salcedo,Miguel Salcedo,"Manager, Strategic ...",Manager / Admin,Halifax,,Medium,Web Search,Found
gcynamon@lhs.org,,,Gcynamon,,Gcynamon,Specialist,Staff / Coordinator,Lhs,https://www.apollo.io/people/Mica/Hopkins/57d3b13ca6da9853e63eea6b,Medium,Apollo.io (Public Dork),Found
abeslic@lhs.org,,,Abeslic,,Abeslic,CEO,Owner / Executive (C-Suite),Lhs,https://www.apollo.io/people/Jihoon/Sohn/57ddcccda6da987b6db23a7d,Medium,Apollo.io (Public Dork),Found
cbrewer@lhs.org,,,Cbrewer,,Cbrewer,President ...,Owner / Executive (C-Suite),Lhs,https://www.apollo.io/people/Amit/Gautam/57e1e50fa6da98090e9e17e9,Medium,Apollo.io (Public Dork),Found
bwanly@lhs.org,,,Bwanly,,Bwanly,Director,Director / VP,Lhs,https://www.apollo.io/people/Ravinder/Yadav/607d4b95d388a0000106f6ec,Medium,Apollo.io (Public Dork),Found
kstrahm@lhs.org,,,Kstrahm,,Kstrahm,Assistant ...,Staff / Coordinator,Lhs,https://www.apollo.io/people/Mruga/Trivedi/57d4b8f9a6da98538e7b99b2,Medium,Apollo.io (Public Dork),Found
dmccue@lhs.org,,,Dmccue,,Dmccue,Owner ...,Owner / Executive (C-Suite),Lhs,https://www.apollo.io/people/Lovekesh/Kumar/63dd2abdbdfa1a0001e2c533,Medium,Apollo.io (Public Dork),Found
gasharp@lhs.org,,,Gasharp,,Gasharp,Partner,Owner / Executive (C-Suite),Lhs,https://www.apollo.io/people/Palak/Agrawal/5f568c7c1a95e9000160ff96,Medium,Apollo.io (Public Dork),Found
sjohn@novanthealth.org,,,Sjohn,,Sjohn,Operations Manager,Manager / Admin,Novant Health,,Low,Web Search,Found
aaron.jones@bmhcc.org,,,Aaron,Jones,Aaron Jones,,Unknown,Bmhcc,,,,Not Found
skip.steward@bmhcc.org,,,Skip,Steward,Skip Steward,President ...,Owner / Executive (C-Suite),Bmhcc,https://www.apollo.io/people/Hardeep/Singh/5ae2a681a6da981b6af05e3d,Medium,Apollo.io (Public Dork),Found
kennen.brooks@bmhcc.org,,,Kennen,Brooks,Kennen Brooks,,Unknown,Bmhcc,,,,Not Found
annmarie.wallace@bmhcc.org,,,Annmarie,Wallace,Annmarie Wallace,Specialist,Staff / Coordinator,Bmhcc,https://www.apollo.io/people/Anna/Whalen/5c2f6c28a3ae6101892c3c86,Medium,Apollo.io (Public Dork),Found
tom.barnett@bmhcc.org,,,Tom,Barnett,Tom Barnett,Analyst,Professional,Bmhcc,https://sa.linkedin.com/in/%D8%B9%D8%A7%D8%B4%D9%82-%D8%A7%D9%84%D9%88%D8%B1%D8%B9%D8%A7%D9%86-19219b1ab,Medium,LinkedIn (Public Dork),Found
nicole.zahn@bmhcc.org,,,Nicole,Zahn,Nicole Zahn,Analyst,Professional,Bmhcc,,Low,Web Search,Found
nmeltzer@lifebridgehealth.org,,,Nmeltzer,,Nmeltzer,Consultant,Professional,Lifebridge Health,,Low,Web Search,Found
eduran@lifebridgehealth.org,,,Eduran,,Eduran,Director,Director / VP,Lifebridge Health,,Low,Web Search,Found
cgough2@lifebridgehealth.org,,,Cgough,,Cgough,,Unknown,Lifebridge Health,,,,Not Found
fzimberg@lifebridgehealth.org,,,Fzimberg,,Fzimberg,Surgeon,Practitioner / Doctor / Faculty,Lifebridge Health,,Medium,Web Search,Found
nsilver@lifebridgehealth.org,,,Nsilver,,Nsilver,Director ...,Director / VP,Lifebridge Health,https://www.apollo.io/people/Amanda/Kung/54a5c3477468693209ab7aa6,Medium,Apollo.io (Public Dork),Found
miflynn@lifebridgehealth.org,,,Miflynn,,Miflynn,CEO,Owner / Executive (C-Suite),Lifebridge Health,,Low,Web Search,Found
jroberge@lifebridgehealth.org,,,Jroberge,,Jroberge,Chief Technology Officer,Owner / Executive (C-Suite),Lifebridge Health,,Low,Web Search,Found
beth_mcdorman@bshsi.org,,,Beth,Mcdorman,Beth Mcdorman,,Unknown,Bshsi,,,,Not Found
padekeye@dh.org,,,Padekeye,,Padekeye,,Unknown,Dh,,,,Not Found
cmarren@dh.org,,,Cmarren,,Cmarren,Senior Manager,Manager / Admin,Dh,,Medium,Web Search,Found
mcostello@dh.org,,,Mcostello,,Mcostello,,Unknown,Dh,,,,Not Found
eseeber@dh.org,,,Eseeber,,Eseeber,,Unknown,Dh,,,,Not Found
ssinni@dh.org,,,Ssinni,,Ssinni,,Unknown,Dh,,,,Not Found
mpellegrini@dh.org,,,Mpellegrini,,Mpellegrini,,Unknown,Dh,,,,Not Found
sdavis@pih.org,,,Sdavis,,Sdavis,National Sales Manager-africa Asia & Pacifics ...,Manager / Admin,Pih,https://www.apollo.io/people/Tantia/Fourie/57db55a0a6da986d3efcf21c,Medium,Apollo.io (Public Dork),Found
coswald@pih.org,,,Coswald,,Coswald,Specialist,Staff / Coordinator,Pih,https://www.apollo.io/people/Rissepath/Team/658227e9f5316e000188555e,Medium,Apollo.io (Public Dork),Found
amanzi@pih.org,,,Amanzi,,Amanzi,Principal,Owner / Executive (C-Suite),Pih,,Low,Web Search,Found
prichard@pih.org,,,Prichard,,Prichard,,Unknown,Pih,,,,Not Found
johnkamara@pih.org,,,Johnkamara,,Johnkamara,,Unknown,Pih,,,,Not Found
sbernette@pih.org,,,Sbernette,,Sbernette,,Unknown,Pih,,,,Not Found
dbryden@pih.org,,,Dbryden,,Dbryden,Owner,Owner / Executive (C-Suite),Pih,,Low,Web Search,Found
ydibba@pih.org,,,Ydibba,,Ydibba,,Unknown,Pih,,,,Not Found
smurff@iuhealth.org,,,Smurff,,Smurff,,Unknown,Iu Health,,,,Not Found
lpurdy@iuhealth.org,,,Lpurdy,,Lpurdy,,Unknown,Iu Health,,,,Not Found
lshostra@iuhealth.org,,,Lshostra,,Lshostra,Dentist,Practitioner / Doctor / Faculty,Iu Health,,Low,Web Search,Found
jhollin4@iuhealth.org,,,Jhollin,,Jhollin,,Unknown,Iu Health,,,,Not Found
kcasavan@iuhealth.org,,,Kcasavan,,Kcasavan,,Unknown,Iu Health,,,,Not Found
tariq.bhat@steward.org,,,Tariq,Bhat,Tariq Bhat,,Unknown,Steward,,,,Not Found
kemkelly@lhs.org,,,Kemkelly,,Kemkelly,,Unknown,Lhs,,,,Not Found
phippsjg@msha.com,,,Phippsjg,,Phippsjg,,Unknown,Msha,,,,Not Found
cheryl.rasnake@msha.com,,,Cheryl,Rasnake,Cheryl Rasnake,,Unknown,Msha,,,,Not Found
jenna.lyn@balladhealth.org,,,Jenna,Lyn,Jenna Lyn,,Unknown,Ballad Health,,,,Not Found
sloane.guy@nghs.com,,,Sloane,Guy,Sloane Guy,,Unknown,Nghs,,,,Not Found
kevin.matson@nghs.com,,,Kevin,Matson,Kevin Matson,,Unknown,Nghs,,,,Not Found
john.kueven@nghs.com,,,John,Kueven,John Kueven,,Unknown,Nghs,,,,Not Found
mike.foster@nghs.com,,,Mike,Foster,Mike Foster,,Unknown,Nghs,,,,Not Found
jsilva@umchealth.org,,,Jsilva,,Jsilva,,Unknown,Umc Health,,,,Not Found
vsornia@umchealth.org,,,Vsornia,,Vsornia,,Unknown,Umc Health,,,,Not Found
mfuentes@umchealth.org,,,Mfuentes,,Mfuentes,,Unknown,Umc Health,,,,Not Found
mpatterson@umchealth.org,,,Mpatterson,,Mpatterson,President Bongbongmarcos,Owner / Executive (C-Suite),Umc Health,,Low,Web Search,Found
btrepkowski@mckenziehealth.org,,,Btrepkowski,,Btrepkowski,,Unknown,Mckenzie Health,,,,Not Found
cfestian@mckenziehealth.org,,,Cfestian,,Cfestian,,Unknown,Mckenzie Health,,,,Not Found
dhayden@mckenziehealth.org,,,Dhayden,,Dhayden,,Unknown,Mckenzie Health,,,,Not Found
jkubik@mckenziehealth.org,,,Jkubik,,Jkubik,Chief Technology Officer,Owner / Executive (C-Suite),Mckenzie Health,,Low,Web Search,Found
tloding@mckenziehealth.org,,,Tloding,,Tloding,,Unknown,Mckenzie Health,,,,Not Found
jevon.price@sutterhealth.org,,,Jevon,Price,Jevon Price,,Unknown,Sutter Health,,,,Not Found
monsonja@sutterhealth.org,,,Monsonja,,Monsonja,,Unknown,Sutter Health,,,,Not Found
perry.kirwan@sutterhealth.org,,,Perry,Kirwan,Perry Kirwan,,Unknown,Sutter Health,,,,Not Found
torrem9@sutterhealth.org,,,Torrem,,Torrem,,Unknown,Sutter Health,,,,Not Found
wallee@sutterhealth.org,,,Wallee,,Wallee,,Unknown,Sutter Health,,,,Not Found
warner.thomas@sutterhealth.org,,,Warner,Thomas,Warner Thomas,,Unknown,Sutter Health,,,,Not Found
cindy.deeble@sutterhealth.org,,,Cindy,Deeble,Cindy Deeble,,Unknown,Sutter Health,,,,Not Found
greg.moore@sutterhealth.org,,,Greg,Moore,Greg Moore,,Unknown,Sutter Health,,,,Not Found
valerie.macallister@christushealth.org,,,Valerie,Macallister,Valerie Macallister,,Unknown,Christus Health,,,,Not Found
jennifer.ronda@christushealth.org,,,Jennifer,Ronda,Jennifer Ronda,,Unknown,Christus Health,,,,Not Found
ahmad.sharif@christushealth.org,,,Ahmad,Sharif,Ahmad Sharif,,Unknown,Christus Health,,,,Not Found
jennifer.beal@christushealth.org,,,Jennifer,Beal,Jennifer Beal,and I Am the Chief Business Officer,Owner / Executive (C-Suite),Christus Health,,Low,Web Search,Found
sam.peng@wellstar.org,,,Sam,Peng,Sam Peng,,Unknown,Wellstar,,,,Not Found
savitha.gowda@steward.org,,,Savitha,Gowda,Savitha Gowda,,Unknown,Steward,,,,Not Found
jacqueline.clark@sutterhealth.org,,,Jacqueline,Clark,Jacqueline Clark,,Unknown,Sutter Health,,,,Not Found
fryan@iuhealth.org,,,Fryan,,Fryan,Founder,Owner / Executive (C-Suite),Iu Health,,Low,Web Search,Found
progowski@iuhealth.org,,,Progowski,,Progowski,,Unknown,Iu Health,,,,Not Found
bstanford@iuhealth.org,,,Bstanford,,Bstanford,DB-GPT: Open-source Agentic AI Data Assistant,Staff / Coordinator,Iu Health,,Low,Web Search,Found
dnadelhoffer@paloshealth.com,,,Dnadelhoffer,,Dnadelhoffer,Windows Update Assistant,Staff / Coordinator,Palos Health,,Low,Web Search,Found
kboreman@paloshealth.com,,,Kboreman,,Kboreman,,Unknown,Palos Health,,,,Not Found
bgresky@paloshealth.com,,,Bgresky,,Bgresky,Partner,Owner / Executive (C-Suite),Palos Health,,Low,Web Search,Found
lthomas@paloshealth.com,,,Lthomas,,Lthomas,Fortinet Partner Program,Owner / Executive (C-Suite),Palos Health,,Low,Web Search,Found
cthome@paloshealth.com,,,Cthome,,Cthome,Download Manager,Manager / Admin,Palos Health,,Low,Web Search,Found
pgupta@paloshealth.com,,,Pgupta,,Pgupta,,Unknown,Palos Health,,,,Not Found
ssobczak@paloshealth.com,,,Ssobczak,,Ssobczak,,Unknown,Palos Health,,,,Not Found
jtrenhaile@paloshealth.com,,,Jtrenhaile,,Jtrenhaile,Partner,Owner / Executive (C-Suite),Palos Health,,Low,Web Search,Found
kthier@paloshealth.com,,,Kthier,,Kthier,,Unknown,Palos Health,,,,Not Found
elizabeth.mellon@christushealth.org,,,Elizabeth,Mellon,Elizabeth Mellon,,Unknown,Christus Health,,,,Not Found
manuel.acuna@christushealth.org,,,Manuel,Acuna,Manuel Acuna,,Unknown,Christus Health,,,,Not Found
loren.robinson@christushealth.org,,,Loren,Robinson,Loren Robinson,,Unknown,Christus Health,,,,Not Found
amy.adams@midmichiganhs.org,,,Amy,Adams,Amy Adams,,Unknown,Midmichiganhs,,,,Not Found
pedram.hamrah@tuftsmedicine.org,,,Pedram,Hamrah,Pedram Hamrah,,Unknown,Tuftsmedicine,,,,Not Found
nricketts@iuhealth.org,,,Nricketts,,Nricketts,,Unknown,Iu Health,,,,Not Found
mkalmbach@iuhealth.org,,,Mkalmbach,,Mkalmbach,Chief Technology Officer,Owner / Executive (C-Suite),Iu Health,,Low,Web Search,Found
thagan@greatriverhealth.org,,,Thagan,,Thagan,,Unknown,Greatriver Health,,,,Not Found
jhutcheson@greatriverhealth.org,,,Jhutcheson,,Jhutcheson,CEO,Owner / Executive (C-Suite),Greatriver Health,,Low,Web Search,Found
slperkins@greatriverhealth.org,,,Slperkins,,Slperkins,,Unknown,Greatriver Health,,,,Not Found
nkrosnicki@mckenziehealth.org,,,Nkrosnicki,,Nkrosnicki,,Unknown,Mckenzie Health,,,,Not Found
eric.belden@aultman.com,,,Eric,Belden,Eric Belden,,Unknown,Aultman,,,,Not Found
charmon@aultman.org,,,Charmon,,Charmon,,Unknown,Aultman,,,,Not Found
jroth@aultman.org,,,Jroth,,Jroth,Analyst,Professional,Aultman,,Low,Web Search,Found
patrick.ayers@aultman.com,,,Patrick,Ayers,Patrick Ayers,,Unknown,Aultman,,,,Not Found
samuel.green@halifax.org,,,Samuel,Green,Samuel Green,,Unknown,Halifax,,,,Not Found
john.guthrie@halifax.org,,,John,Guthrie,John Guthrie,,Unknown,Halifax,,,,Not Found
keith.sofiak@halifax.org,,,Keith,Sofiak,Keith Sofiak,,Unknown,Halifax,,,,Not Found
kristi.thurmaier@halifax.org,,,Kristi,Thurmaier,Kristi Thurmaier,,Unknown,Halifax,,,,Not Found
christina.crowe@halifax.org,,,Christina,Crowe,Christina Crowe,President,Owner / Executive (C-Suite),Halifax,,Low,Web Search,Found
cbredeson@evergreenhealth.com,,,Cbredeson,,Cbredeson,,Unknown,Evergreen Health,,,,Not Found
sbahl@evergreenhealth.com,,,Sbahl,,Sbahl,,Unknown,Evergreen Health,,,,Not Found
rameeks@evergreenhealth.com,,,Rameeks,,Rameeks,CEO,Owner / Executive (C-Suite),Evergreen Health,,Low,Web Search,Found
sstuart@evergreenhealth.com,,,Sstuart,,Sstuart,President,Owner / Executive (C-Suite),Evergreen Health,,Low,Web Search,Found
tkrieger@metrohealth.org,,,Tkrieger,,Tkrieger,,Unknown,Metro Health,,,,Not Found
cmodlin@metrohealth.org,,,Cmodlin,,Cmodlin,,Unknown,Metro Health,,,,Not Found
aalqahtani@metrohealth.org,,,Aalqahtani,,Aalqahtani,,Unknown,Metro Health,,,,Not Found
rchowdhary@metrohealth.org,,,Rchowdhary,,Rchowdhary,President,Owner / Executive (C-Suite),Metro Health,,Low,Web Search,Found
trolsen@metrohealth.org,,,Trolsen,,Trolsen,Manage Your Google Password Manager PIN,Manager / Admin,Metro Health,,Low,Web Search,Found
tgraves@metrohealth.org,,,Tgraves,,Tgraves,CEO,Owner / Executive (C-Suite),Metro Health,,Low,Web Search,Found
bpushparaji@metrohealth.org,,,Bpushparaji,,Bpushparaji,,Unknown,Metro Health,,,,Not Found
dfiser@metrohealth.org,,,Dfiser,,Dfiser,,Unknown,Metro Health,,,,Not Found
casey.green@nm.org,,,Casey,Green,Casey Green,Founder,Owner / Executive (C-Suite),Nm,,Low,Web Search,Found
dashraf@montefiore.org,,,Dashraf,,Dashraf,,Unknown,Montefiore,,,,Not Found
david.mann@nm.org,,,David,Mann,David Mann,,Unknown,Nm,,,,Not Found
erin.cohan@nm.org,,,Erin,Cohan,Erin Cohan,,Unknown,Nm,,,,Not Found
jessica.mcgee@nm.org,,,Jessica,Mcgee,Jessica Mcgee,Founder,Owner / Executive (C-Suite),Nm,,Low,Web Search,Found
julia.musso@nm.org,,,Julia,Musso,Julia Musso,,Unknown,Nm,,,,Not Found
martin.pearson@nm.org,,,Martin,Pearson,Martin Pearson,,Unknown,Nm,,,,Not Found
megan.mummert@nm.org,,,Megan,Mummert,Megan Mummert,,Unknown,Nm,,,,Not Found
richard.southgate@nm.org,,,Richard,Southgate,Richard Southgate,,Unknown,Nm,,,,Not Found
rolande.sumner@prismahealth.org,,,Rolande,Sumner,Rolande Sumner,DB-GPT: Open-source Agentic AI Data Assistant,Staff / Coordinator,Prisma Health,,Low,Web Search,Found
ernie.sadau@christushealth.org,,,Ernie,Sadau,Ernie Sadau,,Unknown,Christus Health,,,,Not Found
ggames@holzer.org,,,Ggames,,Ggames,,Unknown,Holzer,,,,Not Found
tfowler@holzer.org,,,Tfowler,,Tfowler,,Unknown,Holzer,,,,Not Found
krose@holzer.org,,,Krose,,Krose,Analyst,Professional,Holzer,,Low,Web Search,Found
masgeri@holzer.org,,,Masgeri,,Masgeri,,Unknown,Holzer,,,,Not Found
brobinson@huntregional.org,,,Brobinson,,Brobinson,,Unknown,Huntregional,,,,Not Found
lcmiller@sentara.com,,,Lcmiller,,Lcmiller,Download Manager,Manager / Admin,Sentara,,Low,Web Search,Found
slkesler@sentara.com,,,Slkesler,,Slkesler,Owner,Owner / Executive (C-Suite),Sentara,,Low,Web Search,Found
rmcrowe@sentara.com,,,Rmcrowe,,Rmcrowe,President,Owner / Executive (C-Suite),Sentara,,Low,Web Search,Found
excowani@sentara.com,,,Excowani,,Excowani,,Unknown,Sentara,,,,Not Found
joel.kern@oaklawn.org,,,Joel,Kern,Joel Kern,,Unknown,Oaklawn,,,,Not Found
cindy.schulz@oaklawn.org,,,Cindy,Schulz,Cindy Schulz,,Unknown,Oaklawn,,,,Not Found
jane.abel@piedmont.org,,,Jane,Abel,Jane Abel,,Unknown,Piedmont,,,,Not Found
andrea.barajas@christushealth.org,,,Andrea,Barajas,Andrea Barajas,,Unknown,Christus Health,,,,Not Found
jennifer.sudduth@christushealth.org,,,Jennifer,Sudduth,Jennifer Sudduth,,Unknown,Christus Health,,,,Not Found
judy_heilman@bshsi.org,,,Judy,Heilman,Judy Heilman,,Unknown,Bshsi,,,,Not Found
edmund.lew@ah.org,,,Edmund,Lew,Edmund Lew,,Unknown,Ah,,,,Not Found
brian.rasmus@tenethealth.com,,,Brian,Rasmus,Brian Rasmus,,Unknown,Tenet Health,,,,Not Found
michelle.lopez@valleybaptist.net,,,Michelle,Lopez,Michelle Lopez,,Unknown,Valleybaptist,,,,Not Found
suzette.crews@valleybaptist.net,,,Suzette,Crews,Suzette Crews,,Unknown,Valleybaptist,,,,Not Found
leslie.bingham@valleybaptist.net,,,Leslie,Bingham,Leslie Bingham,,Unknown,Valleybaptist,,,,Not Found
patricia.robles@valleybaptist.net,,,Patricia,Robles,Patricia Robles,,Unknown,Valleybaptist,,,,Not Found
anahi.garza@valleybaptist.net,,,Anahi,Garza,Anahi Garza,,Unknown,Valleybaptist,,,,Not Found
analiza.amaya-diaz@valleybaptist.net,,,Analiza,Diaz,Analiza Amaya Diaz,,Unknown,Valleybaptist,,,,Not Found
angela.strunk@tuftsmedicine.org,,,Angela,Strunk,Angela Strunk,,Unknown,Tuftsmedicine,,,,Not Found
rob.giorgiani@tenethealth.com,,,Rob,Giorgiani,Rob Giorgiani,,Unknown,Tenet Health,,,,Not Found
areiter@lhs.org,,,Areiter,,Areiter,,Unknown,Lhs,,,,Not Found
dhamm@lakeviewsystem.com,,,Dhamm,,Dhamm,,Unknown,Lakeviewsystem,,,,Not Found
bduke@lakeviewsystem.com,,,Bduke,,Bduke,,Unknown,Lakeviewsystem,,,,Not Found
cslover@lakeviewsystem.com,,,Cslover,,Cslover,,Unknown,Lakeviewsystem,,,,Not Found
mugahed.alameri@icnarelief.org,,,Mugahed,Alameri,Mugahed Alameri,,Unknown,Icnarelief,,,,Not Found
sfl@icnarelief.org,,,Sfl,,Sfl,,Unknown,Icnarelief,,,,Not Found
mukhtar.hussain@icnarelief.org,,,Mukhtar,Hussain,Mukhtar Hussain,,Unknown,Icnarelief,,,,Not Found
nomi.palwala@icnarelief.org,,,Nomi,Palwala,Nomi Palwala,,Unknown,Icnarelief,,,,Not Found
sdjokic@iocc.org,,,Sdjokic,,Sdjokic,,Unknown,Iocc,,,,Not Found
skhachouf@iocc.org,,,Skhachouf,,Skhachouf,,Unknown,Iocc,,,,Not Found
malazzam@iocc.org,,,Malazzam,,Malazzam,,Unknown,Iocc,,,,Not Found
skalamouni@iocc.org,,,Skalamouni,,Skalamouni,Partner,Owner / Executive (C-Suite),Iocc,,Low,Web Search,Found
mhayek@iocc.org,,,Mhayek,,Mhayek,,Unknown,Iocc,,,,Not Found
lhyatt@iocc.org,,,Lhyatt,,Lhyatt,,Unknown,Iocc,,,,Not Found
falali@iocc.org,,,Falali,,Falali,,Unknown,Iocc,,,,Not Found
meryum.siddiqi@icnarelief.org,,,Meryum,Siddiqi,Meryum Siddiqi,,Unknown,Icnarelief,,,,Not Found
amir.saeed@icnarelief.org,,,Amir,Saeed,Amir Saeed,,Unknown,Icnarelief,,,,Not Found
sazfar@icnarelief.org,,,Sazfar,,Sazfar,,Unknown,Icnarelief,,,,Not Found
maryam.rasouli@icnarelief.org,,,Maryam,Rasouli,Maryam Rasouli,,Unknown,Icnarelief,,,,Not Found
stoomey@ars.com,,,Stoomey,,Stoomey,Chief Technology Officer,Owner / Executive (C-Suite),Ars,,Low,Web Search,Found
drprince@hyperbaricmedicalsolutions.com,,,Prince,,Prince,,Unknown,Hyperbaric Medical Solutions,,,,Not Found
jscott@seweurodrive.com,,,Jscott,,Jscott,,Unknown,Seweurodrive,,,,Not Found
kkirby@seweurodrive.com,,,Kkirby,,Kkirby,Director,Director / VP,Seweurodrive,,Low,Web Search,Found
sbennett@seweurodrive.com,,,Sbennett,,Sbennett,CEO,Owner / Executive (C-Suite),Seweurodrive,,Low,Web Search,Found
wgill@idcdenver.com,,,Wgill,,Wgill,,Unknown,Idcdenver,,,,Not Found
srenae@infectionsmanaged.com,,,Srenae,,Srenae,Download Manager,Manager / Admin,Infectionsmanaged,,Low,Web Search,Found
bill@onpointid.com,,,Bill,,Bill,,Unknown,Onpointid,,,,Not Found
renee.martin@piic.org,,,Renee,Martin,Renee Martin,,Unknown,Piic,,,,Not Found
rylee.hince@piic.org,,,Rylee,Hince,Rylee Hince,,Unknown,Piic,,,,Not Found
dawn.duffy@piic.org,,,Dawn,Duffy,Dawn Duffy,,Unknown,Piic,,,,Not Found
renee.gregory@piic.org,,,Renee,Gregory,Renee Gregory,,Unknown,Piic,,,,Not Found
betsy.lipzinski@infusionassociates.com,,,Betsy,Lipzinski,Betsy Lipzinski,,Unknown,Infusion Associates,,,,Not Found
john.crawford@infusionassociates.com,,,John,Crawford,John Crawford,,Unknown,Infusion Associates,,,,Not Found
gail@mountaininsurance.com,,,Gail,,Gail,Manage Your Google Password Manager PIN,Manager / Admin,Mountaininsurance,,Low,Web Search,Found
danielle.sabestinas@assurancesd.com,,,Danielle,Sabestinas,Danielle Sabestinas,,Unknown,Assurancesd,,,,Not Found
gtaphorn@farmersagent.com,,,Gtaphorn,,Gtaphorn,,Unknown,Farmersagent,,,,Not Found
eric.gilbers@asr.nl,,,Eric,Gilbers,Eric Gilbers,,Unknown,Asr,,,,Not Found
ilhan.gonul@asr.nl,,,Ilhan,Gonul,Ilhan Gonul,,Unknown,Asr,,,,Not Found
jchavez4@farmersagent.com,,,Jchavez,,Jchavez,,Unknown,Farmersagent,,,,Not Found
chelsea@mellickgrp.com,,,Chelsea,,Chelsea,,Unknown,Mellickgrp,,,,Not Found
keith.carroll@funeraldirectorslife.com,,,Keith,Carroll,Keith Carroll,,Unknown,Funeraldirectorslife,,,,Not Found
rich.mboneko@funeraldirectorslife.com,,,Rich,Mboneko,Rich Mboneko,,Unknown,Funeraldirectorslife,,,,Not Found
john.chaka@funeraldirectorslife.com,,,John,Chaka,John Chaka,,Unknown,Funeraldirectorslife,,,,Not Found
aroberts@diversifiedinsurance.com,,,Aroberts,,Aroberts,CEO,Owner / Executive (C-Suite),Diversifiedinsurance,,Low,Web Search,Found
jevans@evansclaims.com,,,Jevans,,Jevans,,Unknown,Evansclaims,,,,Not Found
drweitz@alpineintegratedmedicine.com,,,Weitz,,Weitz,,Unknown,Alpineintegratedmedicine,,,,Not Found
jane@alpineintegratedmedicine.com,,,Jane,,Jane,,Unknown,Alpineintegratedmedicine,,,,Not Found
jherzog@herzogvitalitycenter.com,,,Jherzog,,Jherzog,,Unknown,Herzogvitality Center,,,,Not Found
natalie@therenewalpoint.com,,,Natalie,,Natalie,EPFO Assistant 2019 Admit Will Be Releasing Soon,Staff / Coordinator,Therenewalpoint,,Low,Web Search,Found
mwilliams@progressivemedicalcenter.com,,,Mwilliams,,Mwilliams,Become A Logistic Partner: Register & Earn Now,Owner / Executive (C-Suite),Progressive Medical Center,,Low,Web Search,Found
cperrella@progressivemedicalcenter.com,,,Cperrella,,Cperrella,,Unknown,Progressive Medical Center,,,,Not Found
banchors@progressivemedicalcenter.com,,,Banchors,,Banchors,,Unknown,Progressive Medical Center,,,,Not Found
smcquitty@progressivemedicalcenter.com,,,Smcquitty,,Smcquitty,,Unknown,Progressive Medical Center,,,,Not Found
tself@progressivemedicalcenter.com,,,Tself,,Tself,,Unknown,Progressive Medical Center,,,,Not Found
lpsalidas@progressivemedicalcenter.com,,,Lpsalidas,,Lpsalidas,,Unknown,Progressive Medical Center,,,,Not Found
paula@tworoadswellnessclinic.com,,,Paula,,Paula,,Unknown,Tworoadswellness Clinic,,,,Not Found
holly@cassileth.com,,,Holly,,Holly,,Unknown,Cassileth,,,,Not Found
thomasincledon@causenta.com,,,Thomasincledon,,Thomasincledon,,Unknown,Causenta,,,,Not Found
jessica@larewinternalmedicine.com,,,Jessica,,Jessica,Founder,Owner / Executive (C-Suite),Larewinternalmedicine,,Medium,Web Search,Found
drcassidy@msmedicine.com,,,Cassidy,,Cassidy,,Unknown,Msmedicine,,,,Not Found
kpayne@ipaclinic.com,,,Kpayne,,Kpayne,,Unknown,Ipa Clinic,,,,Not Found
cwhittle@ipaclinic.com,,,Cwhittle,,Cwhittle,Manage Your Google Password Manager PIN,Manager / Admin,Ipa Clinic,,Low,Web Search,Found
gamador@simpr.org,,,Gamador,,Gamador,,Unknown,Simpr,,,,Not Found
aclaxton@ipaclinic.com,,,Aclaxton,,Aclaxton,,Unknown,Ipa Clinic,,,,Not Found
avega@simpr.org,,,Avega,,Avega,,Unknown,Simpr,,,,Not Found
jblacknd@comcast.net,,,Jblacknd,,Jblacknd,,Unknown,,,,,Not Found
linmacey@comcast.net,,,Linmacey,,Linmacey,,Unknown,,,,,Not Found
arporn@comcast.net,,,Arporn,,Arporn,,Unknown,,,,,Not Found
bpcasson@comcast.net,,,Bpcasson,,Bpcasson,,Unknown,,,,,Not Found
ishara113@comcast.net,,,Ishara,,Ishara,,Unknown,,,,,Not Found
bbasow@verizon.net,,,Bbasow,,Bbasow,,Unknown,,,,,Not Found
denfab1@verizon.net,,,Denfab,,Denfab,,Unknown,,,,,Not Found
pwellness@earthlink.net,,,Pwellness,,Pwellness,,Unknown,Earthlink,,,,Not Found
kbalagtas@necc.net,,,Kbalagtas,,Kbalagtas,,Unknown,Necc,,,,Not Found
aarmada@necc.net,,,Aarmada,,Aarmada,,Unknown,Necc,,,,Not Found
mgonzalez@necc.net,,,Mgonzalez,,Mgonzalez,Neurologist,Professional,Necc,,Low,Web Search,Found
ynguyen@necc.net,,,Ynguyen,,Ynguyen,,Unknown,Necc,,,,Not Found
atrujillo@necc.net,,,Atrujillo,,Atrujillo,,Unknown,Necc,,,,Not Found
clau@necc.net,,,Clau,,Clau,,Unknown,Necc,,,,Not Found
smozo@necc.net,,,Smozo,,Smozo,,Unknown,Necc,,,,Not Found
akim@necc.net,,,Akim,,Akim,Medical Assistant,Staff / Coordinator,Necc,,Low,Web Search,Found
kevin@milesbroadband.com,,,Kevin,,Kevin,,Unknown,Milesbroadband,,,,Not Found
dklein@townisp.com,,,Dklein,,Dklein,,Unknown,Townisp,,,,Not Found
mperkins@dcol.net,,,Mperkins,,Mperkins,,Unknown,Dcol,,,,Not Found
nrodden@campinterventionalpain.com,,,Nrodden,,Nrodden,,Unknown,Campinterventionalpain,,,,Not Found
lguzman@campinterventionalpain.com,,,Lguzman,,Lguzman,,Unknown,Campinterventionalpain,,,,Not Found
arichard@southoakcapital.com,,,Arichard,,Arichard,,Unknown,Southoakcapital,,,,Not Found
spirit.dorris@newhorizons.com,,,Spirit,Dorris,Spirit Dorris,,Unknown,Newhorizons,,,,Not Found
rick.mulligan@newhorizons.com,,,Rick,Mulligan,Rick Mulligan,,Unknown,Newhorizons,,,,Not Found
tracy.ali@newhorizons.com,,,Tracy,Ali,Tracy Ali,,Unknown,Newhorizons,,,,Not Found
jeremy.poling@newhorizons.com,,,Jeremy,Poling,Jeremy Poling,,Unknown,Newhorizons,,,,Not Found
steve.trainor@junk-king.com,,,Steve,Trainor,Steve Trainor,,Unknown,Junk King,,,,Not Found
christopher.hebert@kahdallas.com,,,Christopher,Hebert,Christopher Hebert,,Unknown,Kahdallas,,,,Not Found
voncha.reddy@monogramhealth.com,,,Voncha,Reddy,Voncha Reddy,,Unknown,Monogram Health,,,,Not Found
arader@raderlawgroup.com,,,Arader,,Arader,Owner,Owner / Executive (C-Suite),Raderlaw Group,,Low,Web Search,Found
masonm@maxeylaw.com,,,Masonm,,Masonm,CEO,Owner / Executive (C-Suite),Maxeylaw,,Low,Web Search,Found
terri@kanehallbarry.com,,,Terri,,Terri,,Unknown,Kanehallbarry,,,,Not Found
yleza@jbplegal.com,,,Yleza,,Yleza,,Unknown,Jbplegal,,,,Not Found
mkepchar@weinerlaw.com,,,Mkepchar,,Mkepchar,,Unknown,Weinerlaw,,,,Not Found
bhanson@weinerlaw.com,,,Bhanson,,Bhanson,,Unknown,Weinerlaw,,,,Not Found
mlewis@weinerlaw.com,,,Mlewis,,Mlewis,,Unknown,Weinerlaw,,,,Not Found
choward@weinerlaw.com,,,Choward,,Choward,,Unknown,Weinerlaw,,,,Not Found
cjeffrey@weinerlaw.com,,,Cjeffrey,,Cjeffrey,,Unknown,Weinerlaw,,,,Not Found
dwolters@weinerlaw.com,,,Dwolters,,Dwolters,,Unknown,Weinerlaw,,,,Not Found
rbass@paulweiss.com,,,Rbass,,Rbass,,Unknown,Paulweiss,,,,Not Found
dwinter@foley.com,,,Dwinter,,Dwinter,Owner Can't Delete Flow Bot Posts In Teams Channel,Owner / Executive (C-Suite),Foley,,Low,Web Search,Found
ngai.zhang@foley.com,,,Ngai,Zhang,Ngai Zhang,Specialist,Staff / Coordinator,Foley,,Low,Web Search,Found
pat.kane@popalock.com,,,Pat,Kane,Pat Kane,,Unknown,Popalock,,,,Not Found
bevans@spotinc.com,,,Bevans,,Bevans,,Unknown,Spotinc,,,,Not Found
ebuening@spotinc.com,,,Ebuening,,Ebuening,,Unknown,Spotinc,,,,Not Found
lwestcott@njperinatal.com,,,Lwestcott,,Lwestcott,,Unknown,Njperinatal,,,,Not Found
alombardo@njperinatal.com,,,Alombardo,,Alombardo,Director,Director / VP,Njperinatal,,Low,Web Search,Found
atwaheel@rosenbergmfm.com,,,Atwaheel,,Atwaheel,President,Owner / Executive (C-Suite),Rosenbergmfm,,Low,Web Search,Found
tyler.bowers@mattressfirm.com,,,Tyler,Bowers,Tyler Bowers,,Unknown,Mattressfirm,,,,Not Found
dwayne.james@mattressfirm.com,,,Dwayne,James,Dwayne James,,Unknown,Mattressfirm,,,,Not Found
steve.daurio@nbcuni.com,,,Steve,Daurio,Steve Daurio,,Unknown,Nbcuni,,,,Not Found
krishna@injectrxwellness.com,,,Krishna,,Krishna,,Unknown,Injectrxwellness,,,,Not Found
tania@sharplight.com,,,Tania,,Tania,,Unknown,Sharplight,,,,Not Found
kvazquez@hfsa.org,,,Kvazquez,,Kvazquez,Analyst,Professional,Hfsa,,Low,Web Search,Found
mpoinelli@hfsa.org,,,Mpoinelli,,Mpoinelli,,Unknown,Hfsa,,,,Not Found
cmiranda@hfsa.org,,,Cmiranda,,Cmiranda,,Unknown,Hfsa,,,,Not Found
mbales@hfsa.org,,,Mbales,,Mbales,,Unknown,Hfsa,,,,Not Found
sbarnes@aaaai.org,,,Sbarnes,,Sbarnes,DB-GPT: Open-source Agentic AI Data Assistant,Staff / Coordinator,Aaaai,,Low,Web Search,Found
govt-issues@osteopathic.org,,,Govt,Issues,Govt Issues,,Unknown,Osteopathic,,,,Not Found
ray@omca.com,,,Ray,,Ray,,Unknown,Omca,,,,Not Found
laura@omca.com,,,Laura,,Laura,,Unknown,Omca,,,,Not Found
caitlin@omca.com,,,Caitlin,,Caitlin,,Unknown,Omca,,,,Not Found
austin@cannabisdocgroup.com,,,Austin,,Austin,,Unknown,Cannabisdoc Group,,,,Not Found
afisher@zynex.com,,,Afisher,,Afisher,,Unknown,Zynex,,,,Not Found
jburnside@zynex.com,,,Jburnside,,Jburnside,,Unknown,Zynex,,,,Not Found
aroman@zynex.com,,,Aroman,,Aroman,,Unknown,Zynex,,,,Not Found
jmayo@zynex.com,,,Jmayo,,Jmayo,,Unknown,Zynex,,,,Not Found
sdixson@zynex.com,,,Sdixson,,Sdixson,,Unknown,Zynex,,,,Not Found
ssammons@zynex.com,,,Ssammons,,Ssammons,Partner,Owner / Executive (C-Suite),Zynex,,Low,Web Search,Found
sfaulkner@zynex.com,,,Sfaulkner,,Sfaulkner,,Unknown,Zynex,,,,Not Found
jniekerk@zynex.com,,,Jniekerk,,Jniekerk,,Unknown,Zynex,,,,Not Found
aisaacks@zynex.com,,,Aisaacks,,Aisaacks,,Unknown,Zynex,,,,Not Found
adeboer@zynex.com,,,Adeboer,,Adeboer,,Unknown,Zynex,,,,Not Found
agarcia1@zynex.com,,,Agarcia,,Agarcia,,Unknown,Zynex,,,,Not Found
anava@zynex.com,,,Anava,,Anava,,Unknown,Zynex,,,,Not Found
aharris@zynex.com,,,Aharris,,Aharris,,Unknown,Zynex,,,,Not Found
aleslie@zynex.com,,,Aleslie,,Aleslie,,Unknown,Zynex,,,,Not Found
adavis1@zynex.com,,,Adavis,,Adavis,,Unknown,Zynex,,,,Not Found
acharoenkul@zynex.com,,,Acharoenkul,,Acharoenkul,,Unknown,Zynex,,,,Not Found
aball@zynex.com,,,Aball,,Aball,,Unknown,Zynex,,,,Not Found
abroyles@zynex.com,,,Abroyles,,Abroyles,,Unknown,Zynex,,,,Not Found
aburrows@zynex.com,,,Aburrows,,Aburrows,,Unknown,Zynex,,,,Not Found
acharbonneau@zynex.com,,,Acharbonneau,,Acharbonneau,,Unknown,Zynex,,,,Not Found
ahines@zynex.com,,,Ahines,,Ahines,,Unknown,Zynex,,,,Not Found
ajohnsonmunoz@zynex.com,,,Ajohnsonmunoz,,Ajohnsonmunoz,Founder,Owner / Executive (C-Suite),Zynex,,Low,Web Search,Found
bdchinacsec@bd.com,,,Bdchinacsec,,Bdchinacsec,Principal,Owner / Executive (C-Suite),Bd,,Low,Web Search,Found
fsayeed@vitaledgeinstruments.com,,,Fsayeed,,Fsayeed,,Unknown,Vitaledgeinstruments,,,,Not Found
amy.bamford@fmc-na.com,,,Amy,Bamford,Amy Bamford,,Unknown,Fmc Na,,,,Not Found
lorenia.frias@sunmed.com,,,Lorenia,Frias,Lorenia Frias,,Unknown,Sunmed,,,,Not Found
justin@voyagemedicalsolutions.net,,,Justin,,Justin,,Unknown,Voyage Medical Solutions,,,,Not Found
danielle.james@indigomedical.co.uk,,,Danielle,James,Danielle James,,Unknown,Indigo Medical,,,,Not Found
roda@indigomedical.co.uk,,,Roda,,Roda,,Unknown,Indigo Medical,,,,Not Found
rema@indigomedical.co.uk,,,Rema,,Rema,,Unknown,Indigo Medical,,,,Not Found
trea@indigomedical.co.uk,,,Trea,,Trea,,Unknown,Indigo Medical,,,,Not Found
arian.vahidansari@indigomedical.co.uk,,,Arian,Vahidansari,Arian Vahidansari,FUNNY.CEO,Owner / Executive (C-Suite),Indigo Medical,,Low,Web Search,Found
hannah@indigomedical.co.uk,,,Hannah,,Hannah,Principal,Owner / Executive (C-Suite),Indigo Medical,,Low,Web Search,Found
gina@indigomedical.co.uk,,,Gina,,Gina,,Unknown,Indigo Medical,,,,Not Found
sharaz@indigomedical.co.uk,,,Sharaz,,Sharaz,,Unknown,Indigo Medical,,,,Not Found
grace.vetch@indigomedical.co.uk,,,Grace,Vetch,Grace Vetch,,Unknown,Indigo Medical,,,,Not Found
sivan.corin@fmc-ag.com,,,Sivan,Corin,Sivan Corin,,Unknown,Fmc Ag,,,,Not Found
michaela.van-noordt@coveris.com,,,Michaela,Noordt,Michaela Van Noordt,,Unknown,Coveris,,,,Not Found
will.mercer@coveris.com,,,Will,Mercer,Will Mercer,,Unknown,Coveris,,,,Not Found
andrew.wright@coveris.com,,,Andrew,Wright,Andrew Wright,President,Owner / Executive (C-Suite),Coveris,,Low,Web Search,Found
kshahzad@medcaremso.com,,,Kshahzad,,Kshahzad,,Unknown,Med Care Mso,,,,Not Found
jclark@theshm.org,,,Jclark,,Jclark,,Unknown,Theshm,,,,Not Found
mj@nakedmd.com,,,Mj,,Mj,,Unknown,Nakedmd,,,,Not Found
shawnc@nakedmd.com,,,Shawnc,,Shawnc,,Unknown,Nakedmd,,,,Not Found
cc@nakedmd.com,,,Cc,,Cc,,Unknown,Nakedmd,,,,Not Found
czav@nakedmd.com,,,Czav,,Czav,,Unknown,Nakedmd,,,,Not Found
lz@nakedmd.com,,,Lz,,Lz,,Unknown,Nakedmd,,,,Not Found
acer@nakedmd.com,,,Acer,,Acer,,Unknown,Nakedmd,,,,Not Found
beautiful@duolaserspa.com,,,Beautiful,,Beautiful,,Unknown,Duolaserspa,,,,Not Found
cjames@rossu.edu,,,Cjames,,Cjames,,Unknown,Rossu,,,,Not Found
clomiguen@lecom.edu,,,Clomiguen,,Clomiguen,,Unknown,Lecom,,,,Not Found
dstyn@lecom.edu,,,Dstyn,,Dstyn,Doctor,Practitioner / Doctor / Faculty,Lecom,,Low,Web Search,Found
ann.arrabaca@melanoma.org.au,,,Ann,Arrabaca,Ann Arrabaca,,Unknown,Melanoma,,,,Not Found
esther.swerling@melanoma.org.au,,,Esther,Swerling,Esther Swerling,,Unknown,Melanoma,,,,Not Found
danielle.fischer@melanoma.org.au,,,Danielle,Fischer,Danielle Fischer,Partner,Owner / Executive (C-Suite),Melanoma,,Low,Web Search,Found
ibrahim.saleh@melanoma.org.au,,,Ibrahim,Saleh,Ibrahim Saleh,,Unknown,Melanoma,,,,Not Found
shahin.sarker@melanoma.org.au,,,Shahin,Sarker,Shahin Sarker,,Unknown,Melanoma,,,,Not Found
jessica.harris@melanoma.org.au,,,Jessica,Harris,Jessica Harris,Founder,Owner / Executive (C-Suite),Melanoma,,Low,Web Search,Found
carla.gilbert@cedarcomem.com,,,Carla,Gilbert,Carla Gilbert,,Unknown,Cedarcomem,,,,Not Found
josiah.batson@cedarcomem.com,,,Josiah,Batson,Josiah Batson,,Unknown,Cedarcomem,,,,Not Found
matt@posterityhealth.com,,,Matt,,Matt,,Unknown,Posterity Health,,,,Not Found
cecilia@posterityhealth.com,,,Cecilia,,Cecilia,,Unknown,Posterity Health,,,,Not Found
leigh@posterityhealth.com,,,Leigh,,Leigh,,Unknown,Posterity Health,,,,Not Found
alec@posterityhealth.com,,,Alec,,Alec,,Unknown,Posterity Health,,,,Not Found
elizabeth@posterityhealth.com,,,Elizabeth,,Elizabeth,,Unknown,Posterity Health,,,,Not Found
natalie@posterityhealth.com,,,Natalie,,Natalie,Kamalbuilds/ava-portfolio-manager-ai-agents,Manager / Admin,Posterity Health,,Low,Web Search,Found
barrett@posterityhealth.com,,,Barrett,,Barrett,,Unknown,Posterity Health,,,,Not Found
katherine@posterityhealth.com,,,Katherine,,Katherine,,Unknown,Posterity Health,,,,Not Found
miles@posterityhealth.com,,,Miles,,Miles,,Unknown,Posterity Health,,,,Not Found
kevin@menshealthboston.com,,,Kevin,,Kevin,,Unknown,Mens Health Boston,,,,Not Found
donna@menshealthboston.com,,,Donna,,Donna,,Unknown,Mens Health Boston,,,,Not Found
amber@victorymenshealth.com,,,Amber,,Amber,,Unknown,Victorymens Health,,,,Not Found
stuttle@victorymenshealth.com,,,Stuttle,,Stuttle,,Unknown,Victorymens Health,,,,Not Found
drb@healingunleashed.com,,,Drb,,Drb,,Unknown,Healingunleashed,,,,Not Found
sharon@pgccounseling.com,,,Sharon,,Sharon,Coordinator,Staff / Coordinator,Pgccounseling,,Low,Web Search,Found
bmontes@thwhcounseling.com,,,Bmontes,,Bmontes,,Unknown,Thwhcounseling,,,,Not Found
mgarcia@aspirecounselingservice.com,,,Mgarcia,,Mgarcia,Partner,Owner / Executive (C-Suite),Aspirecounselingservice,,Low,Web Search,Found
alice@peonycounseling.com,,,Alice,,Alice,,Unknown,Peonycounseling,,,,Not Found
phopper@consejocounseling.org,,,Phopper,,Phopper,Analyst,Professional,Consejocounseling,,Low,Web Search,Found
bochoa@consejocounseling.org,,,Bochoa,,Bochoa,,Unknown,Consejocounseling,,,,Not Found
tnguyen@consejocounseling.org,,,Tnguyen,,Tnguyen,President,Owner / Executive (C-Suite),Consejocounseling,,Low,Web Search,Found
gkleiner@consejocounseling.org,,,Gkleiner,,Gkleiner,,Unknown,Consejocounseling,,,,Not Found
genevieve@awakenedheartpdx.com,,,Genevieve,,Genevieve,,Unknown,Awakenedheartpdx,,,,Not Found
nikkie@consejocounseling.org,,,Nikkie,,Nikkie,,Unknown,Consejocounseling,,,,Not Found
drb@theloudouncenter.com,,,Drb,,Drb,,Unknown,Theloudoun Center,,,,Not Found
adeegan@ryansplace.org,,,Adeegan,,Adeegan,,Unknown,Ryansplace,,,,Not Found
nikolay.penev@newhorizons.bg,,,Nikolay,Penev,Nikolay Penev,,Unknown,Newhorizons,,,,Not Found
tiffany.hopper@re3healing.com,,,Tiffany,Hopper,Tiffany Hopper,,Unknown,Re3healing,,,,Not Found
lclausen@mendingmh.com,,,Lclausen,,Lclausen,Partner,Owner / Executive (C-Suite),Mendingmh,,Low,Web Search,Found
sarah.mattioli@athenacare.co.uk,,,Sarah,Mattioli,Sarah Mattioli,,Unknown,Athena Care,,,,Not Found
jesse@balancedmentalwellness.com,,,Jesse,,Jesse,,Unknown,Balancedmentalwellness,,,,Not Found
batwell@crisisconnections.org,,,Batwell,,Batwell,,Unknown,Crisisconnections,,,,Not Found
ebourgois@crisisconnections.org,,,Ebourgois,,Ebourgois,,Unknown,Crisisconnections,,,,Not Found
dmayes@crisisconnections.org,,,Dmayes,,Dmayes,,Unknown,Crisisconnections,,,,Not Found
ssrinivasan@crisisconnections.org,,,Ssrinivasan,,Ssrinivasan,,Unknown,Crisisconnections,,,,Not Found
smaple@crisisconnections.org,,,Smaple,,Smaple,,Unknown,Crisisconnections,,,,Not Found
sshrimali@crisisconnections.org,,,Sshrimali,,Sshrimali,Doctor,Practitioner / Doctor / Faculty,Crisisconnections,,Low,Web Search,Found
mhenry@crisisconnections.org,,,Mhenry,,Mhenry,,Unknown,Crisisconnections,,,,Not Found
klora@crisisconnections.org,,,Klora,,Klora,,Unknown,Crisisconnections,,,,Not Found
dmarkowitz@crisisconnections.org,,,Dmarkowitz,,Dmarkowitz,Valyoo System Manager,Manager / Admin,Crisisconnections,,Low,Web Search,Found
amanda.reagan@findheadway.com,,,Amanda,Reagan,Amanda Reagan,,Unknown,Findheadway,,,,Not Found
nbrodka@nationalmentalhealth.com,,,Nbrodka,,Nbrodka,,Unknown,Nationalmental Health,,,,Not Found
grutledge@metabolichp.com,,,Grutledge,,Grutledge,,Unknown,Metabolichp,,,,Not Found
themidwives@midwiferycare.org,,,Themidwives,,Themidwives,,Unknown,Midwifery Care,,,,Not Found
asim.malik@dispatchhealth.com,,,Asim,Malik,Asim Malik,Specialist,Staff / Coordinator,Dispatch Health,,Low,Web Search,Found
nicole.barker@dispatchhealth.com,,,Nicole,Barker,Nicole Barker,,Unknown,Dispatch Health,,,,Not Found
pmitchell@dispatchhealth.com,,,Pmitchell,,Pmitchell,President,Owner / Executive (C-Suite),Dispatch Health,,Low,Web Search,Found
gregory.snyder@dispatchhealth.com,,,Gregory,Snyder,Gregory Snyder,,Unknown,Dispatch Health,,,,Not Found
emily@mobilehealthteam.com,,,Emily,,Emily,,Unknown,Mobile Health Team,,,,Not Found
angela.tracey@loanmarket.com.au,,,Angela,Tracey,Angela Tracey,,Unknown,Loanmarket,,,,Not Found
mark@salmonstransfer.com,,,Mark,,Mark,,Unknown,Salmonstransfer,,,,Not Found
ken.cohen@jkmoving.com,,,Ken,Cohen,Ken Cohen,,Unknown,Jkmoving,,,,Not Found
rebekah.hill@jkmoving.com,,,Rebekah,Hill,Rebekah Hill,,Unknown,Jkmoving,,,,Not Found
lori.camden@jkmoving.com,,,Lori,Camden,Lori Camden,,Unknown,Jkmoving,,,,Not Found
amankin@txhealthcare.com,,,Amankin,,Amankin,,Unknown,Tx Health Care,,,,Not Found
npatel@epichealthsystems.com,,,Npatel,,Npatel,,Unknown,Epic Health Systems,,,,Not Found
barbie@aspenclinic.com,,,Barbie,,Barbie,Co-Founder,Owner / Executive (C-Suite),Aspen Clinic,,Medium,Web Search,Found
metairie@aspenclinic.com,,,Metairie,,Metairie,,Unknown,Aspen Clinic,,,,Not Found
batonrouge@aspenclinic.com,,,Batonrouge,,Batonrouge,,Unknown,Aspen Clinic,,,,Not Found
prairieville@aspenclinic.com,,,Prairieville,,Prairieville,Coordinator,Staff / Coordinator,Aspen Clinic,,Low,Web Search,Found
cberg@thedoctorsclinic.com,,,Cberg,,Cberg,,Unknown,Thedoctors Clinic,,,,Not Found
kgallington@thedoctorsclinic.com,,,Kgallington,,Kgallington,,Unknown,Thedoctors Clinic,,,,Not Found
chajok@saliencehealth.com,,,Chajok,,Chajok,,Unknown,Salience Health,,,,Not Found
melissa.miller@intermed.com,,,Melissa,Miller,Melissa Miller,,Unknown,Intermed,,,,Not Found
nicole.thayer@intermed.com,,,Nicole,Thayer,Nicole Thayer,,Unknown,Intermed,,,,Not Found
mark.jones@intermed.com,,,Mark,Jones,Mark Jones,,Unknown,Intermed,,,,Not Found
stacy.cloutier@intermed.com,,,Stacy,Cloutier,Stacy Cloutier,,Unknown,Intermed,,,,Not Found
emily.deerwester@intermed.com,,,Emily,Deerwester,Emily Deerwester,,Unknown,Intermed,,,,Not Found
maura.fox@intermed.com,,,Maura,Fox,Maura Fox,,Unknown,Intermed,,,,Not Found
alex.deering@intermed.com,,,Alex,Deering,Alex Deering,,Unknown,Intermed,,,,Not Found
kstang@capefearclinic.org,,,Kstang,,Kstang,,Unknown,Capefear Clinic,,,,Not Found
dezell@watsonclinic.com,,,Dezell,,Dezell,,Unknown,Watson Clinic,,,,Not Found
greg.muhs@hmutx.com,,,Greg,Muhs,Greg Muhs,,Unknown,Hmutx,,,,Not Found
tracey.greaves@premiermedical.co.uk,,,Tracey,Greaves,Tracey Greaves,,Unknown,Premier Medical,,,,Not Found
vtorres@premiermgllc.com,,,Vtorres,,Vtorres,,Unknown,Premiermgllc,,,,Not Found
michelle.buslov@reliantmedicalgroup.org,,,Michelle,Buslov,Michelle Buslov,,Unknown,Reliant Medical Group,,,,Not Found
james.kenealy@reliantmedicalgroup.org,,,James,Kenealy,James Kenealy,,Unknown,Reliant Medical Group,,,,Not Found
drosenstein@imsdoctors.com,,,Osenstein,,Osenstein,,Unknown,Imsdoctors,,,,Not Found
ctweet@bozemanclinic.com,,,Ctweet,,Ctweet,,Unknown,Bozeman Clinic,,,,Not Found
sjackson@southeastmedicalgroup.com,,,Sjackson,,Sjackson,,Unknown,Southeast Medical Group,,,,Not Found
dthomas@southeastmedicalgroup.com,,,Dthomas,,Dthomas,,Unknown,Southeast Medical Group,,,,Not Found
epatterson@southeastmedicalgroup.com,,,Epatterson,,Epatterson,,Unknown,Southeast Medical Group,,,,Not Found
keith.sparenberg@texasregionalclinic.com,,,Keith,Sparenberg,Keith Sparenberg,,Unknown,Texasregional Clinic,,,,Not Found
salma.mangal@bassmedicalgroup.com,,,Salma,Mangal,Salma Mangal,,Unknown,Bass Medical Group,,,,Not Found
cpmathews@northstarmedicalspecialists.com,,,Cpmathews,,Cpmathews,,Unknown,Northstar Medical Specialists,,,,Not Found
nichole.jackson@kelsey-seybold.com,,,Nichole,Jackson,Nichole Jackson,,Unknown,Kelsey Seybold,,,,Not Found
allison.luedeker@kelsey-seybold.com,,,Allison,Luedeker,Allison Luedeker,,Unknown,Kelsey Seybold,,,,Not Found
diana.lopez@kelsey-seybold.com,,,Diana,Lopez,Diana Lopez,,Unknown,Kelsey Seybold,,,,Not Found
jarobbins@austinregionalclinic.com,,,Jarobbins,,Jarobbins,,Unknown,Austinregional Clinic,,,,Not Found
kenya.talbert@kelsey-seybold.com,,,Kenya,Talbert,Kenya Talbert,,Unknown,Kelsey Seybold,,,,Not Found
rosario.martinez@kelsey-seybold.com,,,Rosario,Martinez,Rosario Martinez,,Unknown,Kelsey Seybold,,,,Not Found
margaret.kraft@kelsey-seybold.com,,,Margaret,Kraft,Margaret Kraft,,Unknown,Kelsey Seybold,,,,Not Found
tanderson@southeastmedicalgroup.com,,,Tanderson,,Tanderson,,Unknown,Southeast Medical Group,,,,Not Found
alongenecker@capefearclinic.org,,,Alongenecker,,Alongenecker,,Unknown,Capefear Clinic,,,,Not Found
sean.mccarthy@reliantmedicalgroup.org,,,Sean,Mccarthy,Sean Mccarthy,,Unknown,Reliant Medical Group,,,,Not Found
louis.jenis@reliantmedicalgroup.org,,,Louis,Jenis,Louis Jenis,,Unknown,Reliant Medical Group,,,,Not Found
mturner@imperialhealth.com,,,Mturner,,Mturner,,Unknown,Imperial Health,,,,Not Found
melody.deguzman@kelsey-seybold.com,,,Melody,Deguzman,Melody Deguzman,,Unknown,Kelsey Seybold,,,,Not Found
dguidry@kelsey-seybold.com,,,Dguidry,,Dguidry,,Unknown,Kelsey Seybold,,,,Not Found
rose.martinez@kelsey-seybold.com,,,Rose,Martinez,Rose Martinez,,Unknown,Kelsey Seybold,,,,Not Found
cheryl.joseph@kelsey-seybold.com,,,Cheryl,Joseph,Cheryl Joseph,,Unknown,Kelsey Seybold,,,,Not Found
benafsha.irani@kelsey-seybold.com,,,Benafsha,Irani,Benafsha Irani,,Unknown,Kelsey Seybold,,,,Not Found
jaron.banks@kelsey-seybold.com,,,Jaron,Banks,Jaron Banks,,Unknown,Kelsey Seybold,,,,Not Found
mfelger@austinregionalclinic.com,,,Mfelger,,Mfelger,,Unknown,Austinregional Clinic,,,,Not Found
mrramirez@austinregionalclinic.com,,,Ramirez,,Ramirez,,Unknown,Austinregional Clinic,,,,Not Found
annette.parson@kelsey-seybold.com,,,Annette,Parson,Annette Parson,Director,Director / VP,Kelsey Seybold,,Low,Web Search,Found
creshawnda.spears-bernard@kelsey-seybold.com,,,Creshawnda,Bernard,Creshawnda Spears Bernard,,Unknown,Kelsey Seybold,,,,Not Found
shepherd.l@kelsey-seybold.com,,,Shepherd,L,Shepherd L,,Unknown,Kelsey Seybold,,,,Not Found
kolanda.johnson@kelsey-seybold.com,,,Kolanda,Johnson,Kolanda Johnson,,Unknown,Kelsey Seybold,,,,Not Found
alexander.constantine@kelsey-seybold.com,,,Alexander,Constantine,Alexander Constantine,,Unknown,Kelsey Seybold,,,,Not Found
flowers.batina@kelsey-seybold.com,,,Flowers,Batina,Flowers Batina,,Unknown,Kelsey Seybold,,,,Not Found
slopez@austinregionalclinic.com,,,Slopez,,Slopez,CEO,Owner / Executive (C-Suite),Austinregional Clinic,,Low,Web Search,Found
miguel.velasquez@kelsey-seybold.com,,,Miguel,Velasquez,Miguel Velasquez,,Unknown,Kelsey Seybold,,,,Not Found
lujean.johnson@kelsey-seybold.com,,,Lujean,Johnson,Lujean Johnson,,Unknown,Kelsey Seybold,,,,Not Found
carlitheia.carter@kelsey-seybold.com,,,Carlitheia,Carter,Carlitheia Carter,,Unknown,Kelsey Seybold,,,,Not Found
vickey.rice@kelsey-seybold.com,,,Vickey,Rice,Vickey Rice,,Unknown,Kelsey Seybold,,,,Not Found
janderson@austinregionalclinic.com,,,Janderson,,Janderson,,Unknown,Austinregional Clinic,,,,Not Found
hafsa.med@kelsey-seybold.com,,,Hafsa,Med,Hafsa Med,CEO,Owner / Executive (C-Suite),Kelsey Seybold,,Low,Web Search,Found
jeanene.smith@kelsey-seybold.com,,,Jeanene,Smith,Jeanene Smith,,Unknown,Kelsey Seybold,,,,Not Found
patricia.records@kelsey-seybold.com,,,Patricia,Records,Patricia Records,,Unknown,Kelsey Seybold,,,,Not Found
anna.lis@kelsey-seybold.com,,,Anna,Lis,Anna Lis,,Unknown,Kelsey Seybold,,,,Not Found
trey.burrow@kelsey-seybold.com,,,Trey,Burrow,Trey Burrow,,Unknown,Kelsey Seybold,,,,Not Found
jamey.pippert@kelsey-seybold.com,,,Jamey,Pippert,Jamey Pippert,,Unknown,Kelsey Seybold,,,,Not Found
lee.davidson@kelsey-seybold.com,,,Lee,Davidson,Lee Davidson,,Unknown,Kelsey Seybold,,,,Not Found
plonkar@austinregionalclinic.com,,,Plonkar,,Plonkar,,Unknown,Austinregional Clinic,,,,Not Found
nancy.carranza@kelsey-seybold.com,,,Nancy,Carranza,Nancy Carranza,,Unknown,Kelsey Seybold,,,,Not Found
abdi.rasekh@kelsey-seybold.com,,,Abdi,Rasekh,Abdi Rasekh,,Unknown,Kelsey Seybold,,,,Not Found
mehran.massumi@kelsey-seybold.com,,,Mehran,Massumi,Mehran Massumi,,Unknown,Kelsey Seybold,,,,Not Found
jennifer.bonilla@kelsey-seybold.com,,,Jennifer,Bonilla,Jennifer Bonilla,,Unknown,Kelsey Seybold,,,,Not Found
kausar.mukhi@kelsey-seybold.com,,,Kausar,Mukhi,Kausar Mukhi,,Unknown,Kelsey Seybold,,,,Not Found
andrew.vader@kelsey-seybold.com,,,Andrew,Vader,Andrew Vader,President,Owner / Executive (C-Suite),Kelsey Seybold,,Low,Web Search,Found
esmeralda.delatorre@kelsey-seybold.com,,,Esmeralda,Delatorre,Esmeralda Delatorre,Partner,Owner / Executive (C-Suite),Kelsey Seybold,,Low,Web Search,Found
jlwilhite@austinregionalclinic.com,,,Jlwilhite,,Jlwilhite,,Unknown,Austinregional Clinic,,,,Not Found
jahanzeb.shaikh@kelsey-seybold.com,,,Jahanzeb,Shaikh,Jahanzeb Shaikh,,Unknown,Kelsey Seybold,,,,Not Found
latonya.p@kelsey-seybold.com,,,Latonya,P,Latonya P,President,Owner / Executive (C-Suite),Kelsey Seybold,,Low,Web Search,Found
elmira.hansen@kelsey-seybold.com,,,Elmira,Hansen,Elmira Hansen,,Unknown,Kelsey Seybold,,,,Not Found
mvallejo@austinregionalclinic.com,,,Mvallejo,,Mvallejo,,Unknown,Austinregional Clinic,,,,Not Found
zakia.beg@kelsey-seybold.com,,,Zakia,Beg,Zakia Beg,,Unknown,Kelsey Seybold,,,,Not Found
mohsin.ali@kelsey-seybold.com,,,Mohsin,Ali,Mohsin Ali,,Unknown,Kelsey Seybold,,,,Not Found
deleon.dancy@kelsey-seybold.com,,,Deleon,Dancy,Deleon Dancy,,Unknown,Kelsey Seybold,,,,Not Found
tina.miller@kelsey-seybold.com,,,Tina,Miller,Tina Miller,,Unknown,Kelsey Seybold,,,,Not Found
jorge.tobar@austinregionalclinic.com,,,Jorge,Tobar,Jorge Tobar,,Unknown,Austinregional Clinic,,,,Not Found
jburgess@austinregionalclinic.com,,,Jburgess,,Jburgess,,Unknown,Austinregional Clinic,,,,Not Found
pamela.sease@kelsey-seybold.com,,,Pamela,Sease,Pamela Sease,,Unknown,Kelsey Seybold,,,,Not Found
jaci.fay-wilks@kelsey-seybold.com,,,Jaci,Wilks,Jaci Fay Wilks,,Unknown,Kelsey Seybold,,,,Not Found
john.hancock@kelsey-seybold.com,,,John,Hancock,John Hancock,,Unknown,Kelsey Seybold,,,,Not Found
kbrown@lmgdoctors.com,,,Kbrown,,Kbrown,,Unknown,Lmgdoctors,,,,Not Found
jsnodgrass@springfieldclinic.com,,,Jsnodgrass,,Jsnodgrass,,Unknown,Springfield Clinic,,,,Not Found
codom@southeastmedicalgroup.com,,,Codom,,Codom,,Unknown,Southeast Medical Group,,,,Not Found
leonard.spishakoff@duly.com,,,Leonard,Spishakoff,Leonard Spishakoff,,Unknown,Duly,,,,Not Found
bghadishah@imsdoctors.com,,,Bghadishah,,Bghadishah,,Unknown,Imsdoctors,,,,Not Found
gslings@newtonclinic.com,,,Gslings,,Gslings,President,Owner / Executive (C-Suite),Newton Clinic,,Low,Web Search,Found
lyndi@newtonclinic.com,,,Lyndi,,Lyndi,DB-GPT: Open-source Agentic AI Data Assistant,Staff / Coordinator,Newton Clinic,,Low,Web Search,Found
ksohail@saliencehealth.com,,,Ksohail,,Ksohail,,Unknown,Salience Health,,,,Not Found
sgarza@saliencehealth.com,,,Sgarza,,Sgarza,,Unknown,Salience Health,,,,Not Found
sdauphin@saliencehealth.com,,,Sdauphin,,Sdauphin,,Unknown,Salience Health,,,,Not Found
bhetrick@saliencehealth.com,,,Bhetrick,,Bhetrick,CEO,Owner / Executive (C-Suite),Salience Health,,Low,Web Search,Found
jbailleu@saliencehealth.com,,,Jbailleu,,Jbailleu,Principal,Owner / Executive (C-Suite),Salience Health,,Low,Web Search,Found
azaya@saliencehealth.com,,,Azaya,,Azaya,,Unknown,Salience Health,,,,Not Found
kmontgomery@saliencehealth.com,,,Kmontgomery,,Kmontgomery,,Unknown,Salience Health,,,,Not Found
nichola.hayes@premiermedical.co.uk,,,Nichola,Hayes,Nichola Hayes,,Unknown,Premier Medical,,,,Not Found
acarlyon@northstarmedicalspecialists.com,,,Acarlyon,,Acarlyon,,Unknown,Northstar Medical Specialists,,,,Not Found
jstone@southeastmedicalgroup.com,,,Jstone,,Jstone,Partner,Owner / Executive (C-Suite),Southeast Medical Group,,Low,Web Search,Found
tdickey@summitdoctors.com,,,Tdickey,,Tdickey,Analyst,Professional,Summitdoctors,,Low,Web Search,Found
cdavis@white-wilson.com,,,Cdavis,,Cdavis,,Unknown,White Wilson,,,,Not Found
mcalmer@white-wilson.com,,,Mcalmer,,Mcalmer,Consultant,Professional,White Wilson,,Low,Web Search,Found
lalevato@white-wilson.com,,,Lalevato,,Lalevato,Chief Technology Officer,Owner / Executive (C-Suite),White Wilson,,Low,Web Search,Found
ibethea@white-wilson.com,,,Ibethea,,Ibethea,Doctor,Practitioner / Doctor / Faculty,White Wilson,,Low,Web Search,Found
klong@white-wilson.com,,,Klong,,Klong,Determining Settings of Programmable VP Shunts,Director / VP,White Wilson,,Low,Web Search,Found
jpitts@white-wilson.com,,,Jpitts,,Jpitts,,Unknown,White Wilson,,,,Not Found
ahenry@white-wilson.com,,,Ahenry,,Ahenry,,Unknown,White Wilson,,,,Not Found
lcarneiro@white-wilson.com,,,Lcarneiro,,Lcarneiro,,Unknown,White Wilson,,,,Not Found
plee@white-wilson.com,,,Plee,,Plee,,Unknown,White Wilson,,,,Not Found
bsnyder@altushealthsystem.com,,,Bsnyder,,Bsnyder,,Unknown,Altus Health System,,,,Not Found
brobinson@altushealthsystem.com,,,Brobinson,,Brobinson,Partner,Owner / Executive (C-Suite),Altus Health System,,Low,Web Search,Found
sgreen@altushealthsystem.com,,,Sgreen,,Sgreen,,Unknown,Altus Health System,,,,Not Found
rgillespie@altushealthsystem.com,,,Rgillespie,,Rgillespie,Chief Technology Officer,Owner / Executive (C-Suite),Altus Health System,,Low,Web Search,Found
mhajovsky@altushealthsystem.com,,,Mhajovsky,,Mhajovsky,Analyst,Professional,Altus Health System,,Low,Web Search,Found
bmoreno@altushealthsystem.com,,,Bmoreno,,Bmoreno,,Unknown,Altus Health System,,,,Not Found
cwebb@altushealthsystem.com,,,Cwebb,,Cwebb,,Unknown,Altus Health System,,,,Not Found
jhutchins@altushealthsystem.com,,,Jhutchins,,Jhutchins,,Unknown,Altus Health System,,,,Not Found
dcheng@altushealthsystem.com,,,Dcheng,,Dcheng,,Unknown,Altus Health System,,,,Not Found
bstice@wsmg-lga.com,,,Bstice,,Bstice,,Unknown,Wsmg Lga,,,,Not Found
jlogan@pmg-net.com,,,Jlogan,,Jlogan,,Unknown,Pmg Net,,,,Not Found
jasonv@pmg-net.com,,,Jasonv,,Jasonv,,Unknown,Pmg Net,,,,Not Found
jvicens-villafana@ocwmg.com,,,Jvicens,Villafana,Jvicens Villafana,,Unknown,Ocwmg,,,,Not Found
istork1@ocwmg.com,,,Istork,,Istork,Doctor,Practitioner / Doctor / Faculty,Ocwmg,,Low,Web Search,Found
winter@ocwmg.com,,,Winter,,Winter,,Unknown,Ocwmg,,,,Not Found
araffo@ocwmg.com,,,Araffo,,Araffo,,Unknown,Ocwmg,,,,Not Found
cpatchett@ocwmg.com,,,Cpatchett,,Cpatchett,,Unknown,Ocwmg,,,,Not Found
twhitman@ocwmg.com,,,Twhitman,,Twhitman,,Unknown,Ocwmg,,,,Not Found
akim@ocwmg.com,,,Akim,,Akim,,Unknown,Ocwmg,,,,Not Found
swarwick@facultyphysicians.com,,,Swarwick,,Swarwick,,Unknown,Facultyphysicians,,,,Not Found
phasler@facultyphysicians.com,,,Phasler,,Phasler,CEO,Owner / Executive (C-Suite),Facultyphysicians,,Low,Web Search,Found
rholloway@facultyphysicians.com,,,Rholloway,,Rholloway,,Unknown,Facultyphysicians,,,,Not Found
shalina.thornhill@cmgdoctor.com,,,Shalina,Thornhill,Shalina Thornhill,,Unknown,Cmgdoctor,,,,Not Found
taleah.rule@cmgdoctor.com,,,Taleah,Rule,Taleah Rule,Google Ad Manager Data Transfer Reports,Manager / Admin,Cmgdoctor,,Low,Web Search,Found
renny.abraham@cmgdoctor.com,,,Renny,Abraham,Renny Abraham,Owner,Owner / Executive (C-Suite),Cmgdoctor,,Low,Web Search,Found
christina.joslin@cmgdoctor.com,,,Christina,Joslin,Christina Joslin,,Unknown,Cmgdoctor,,,,Not Found
salomi.rami@cmgdoctor.com,,,Salomi,Rami,Salomi Rami,,Unknown,Cmgdoctor,,,,Not Found
nicole.gent@cmgdoctor.com,,,Nicole,Gent,Nicole Gent,,Unknown,Cmgdoctor,,,,Not Found
ademas@btmg.com,,,Ademas,,Ademas,,Unknown,Btmg,,,,Not Found
cmartin@btmg.com,,,Cmartin,,Cmartin,Mendeley| Free Reference Manager,Manager / Admin,Btmg,,Low,Web Search,Found
cchanco@btmg.com,,,Cchanco,,Cchanco,CEO,Owner / Executive (C-Suite),Btmg,,Low,Web Search,Found
jrhodes@btmg.com,,,Jrhodes,,Jrhodes,Owner,Owner / Executive (C-Suite),Btmg,,Low,Web Search,Found
bjoson@btmg.com,,,Bjoson,,Bjoson,,Unknown,Btmg,,,,Not Found
gareth.hughes@phmg.com,,,Gareth,Hughes,Gareth Hughes,,Unknown,Phmg,,,,Not Found
lori.glenn@phmg.com,,,Lori,Glenn,Lori Glenn,,Unknown,Phmg,,,,Not Found
tara.evans@phmg.com,,,Tara,Evans,Tara Evans,,Unknown,Phmg,,,,Not Found
alan.jolley@phmg.com,,,Alan,Jolley,Alan Jolley,,Unknown,Phmg,,,,Not Found
donnie.mathers@phmg.com,,,Donnie,Mathers,Donnie Mathers,Director,Director / VP,Phmg,,Low,Web Search,Found
ben.makinson@phmg.com,,,Ben,Makinson,Ben Makinson,,Unknown,Phmg,,,,Not Found
chloe.loftus@phmg.com,,,Chloe,Loftus,Chloe Loftus,,Unknown,Phmg,,,,Not Found
achung@dallashealthpartners.com,,,Achung,,Achung,,Unknown,Dallas Health Partners,,,,Not Found
marissa@dallashealthpartners.com,,,Marissa,,Marissa,General Manager,Manager / Admin,Dallas Health Partners,,Low,Web Search,Found
jcarter@msahealthcare.com,,,Jcarter,,Jcarter,,Unknown,Msa Health Care,,,,Not Found
jspero@ihphysicians.com,,,Jspero,,Jspero,,Unknown,Ihphysicians,,,,Not Found
cdejesus@ihphysicians.com,,,Cdejesus,,Cdejesus,,Unknown,Ihphysicians,,,,Not Found
tharden@ihphysicians.com,,,Tharden,,Tharden,,Unknown,Ihphysicians,,,,Not Found
mcombs@ihphysicians.com,,,Mcombs,,Mcombs,,Unknown,Ihphysicians,,,,Not Found
raquelg@ihphysicians.com,,,Raquelg,,Raquelg,,Unknown,Ihphysicians,,,,Not Found
klayne@ihphysicians.com,,,Klayne,,Klayne,,Unknown,Ihphysicians,,,,Not Found
aparr@ihphysicians.com,,,Aparr,,Aparr,,Unknown,Ihphysicians,,,,Not Found
slefleur@ihphysicians.com,,,Slefleur,,Slefleur,,Unknown,Ihphysicians,,,,Not Found
kgrzeskowiak@ihphysicians.com,,,Kgrzeskowiak,,Kgrzeskowiak,Specialist,Staff / Coordinator,Ihphysicians,,Low,Web Search,Found
javier.martinez@priviahealth.com,,,Javier,Martinez,Javier Martinez,Owner,Owner / Executive (C-Suite),Privia Health,,Low,Web Search,Found
randy.kasir@priviahealth.com,,,Randy,Kasir,Randy Kasir,,Unknown,Privia Health,,,,Not Found
jstevens@priviahealth.com,,,Jstevens,,Jstevens,,Unknown,Privia Health,,,,Not Found
mflammini@priviahealth.com,,,Mflammini,,Mflammini,,Unknown,Privia Health,,,,Not Found
michael.sherman@consensushealth.com,,,Michael,Sherman,Michael Sherman,,Unknown,Consensus Health,,,,Not Found
g.gonzales@kellumphysicianpartners.com,,,G,Gonzales,G Gonzales,,Unknown,Kellumphysician Partners,,,,Not Found
ncoulard@msahealthcare.com,,,Ncoulard,,Ncoulard,,Unknown,Msa Health Care,,,,Not Found
pmorris@thephysicians.com,,,Pmorris,,Pmorris,,Unknown,Thephysicians,,,,Not Found
pmefferd@thephysicians.com,,,Pmefferd,,Pmefferd,,Unknown,Thephysicians,,,,Not Found
kcobb@thephysicians.com,,,Kcobb,,Kcobb,,Unknown,Thephysicians,,,,Not Found
john.juzaitis@consensushealth.com,,,John,Juzaitis,John Juzaitis,,Unknown,Consensus Health,,,,Not Found
anna.katsman@consensushealth.com,,,Anna,Katsman,Anna Katsman,,Unknown,Consensus Health,,,,Not Found
lisa.boydston@wrightstatephysicians.org,,,Lisa,Boydston,Lisa Boydston,,Unknown,Wrightstatephysicians,,,,Not Found
asanchez@ampny.com,,,Asanchez,,Asanchez,Valyoo System Manager,Manager / Admin,Ampny,,Low,Web Search,Found
mramirez@ampny.com,,,Amirez,,Amirez,,Unknown,Ampny,,,,Not Found
david.conway@coloradophysicianpartners.com,,,David,Conway,David Conway,,Unknown,Coloradophysician Partners,,,,Not Found
melanie.mccoy@coloradophysicianpartners.com,,,Melanie,Mccoy,Melanie Mccoy,,Unknown,Coloradophysician Partners,,,,Not Found
aimhof@coloradophysicianpartners.com,,,Aimhof,,Aimhof,,Unknown,Coloradophysician Partners,,,,Not Found
mguese@coloradophysicianpartners.com,,,Mguese,,Mguese,,Unknown,Coloradophysician Partners,,,,Not Found
tboone@msahealthcare.com,,,Tboone,,Tboone,,Unknown,Msa Health Care,,,,Not Found
michael.lovett@consensushealth.com,,,Michael,Lovett,Michael Lovett,,Unknown,Consensus Health,,,,Not Found
christine.hayek@consensushealth.com,,,Christine,Hayek,Christine Hayek,,Unknown,Consensus Health,,,,Not Found
lisa.murphy@consensushealth.com,,,Lisa,Murphy,Lisa Murphy,,Unknown,Consensus Health,,,,Not Found
juliana.patino@consensushealth.com,,,Juliana,Patino,Juliana Patino,,Unknown,Consensus Health,,,,Not Found
gianna.clayton@consensushealth.com,,,Gianna,Clayton,Gianna Clayton,,Unknown,Consensus Health,,,,Not Found
brooke.serovich@consensushealth.com,,,Brooke,Serovich,Brooke Serovich,,Unknown,Consensus Health,,,,Not Found
michael.wolfson@consensushealth.com,,,Michael,Wolfson,Michael Wolfson,,Unknown,Consensus Health,,,,Not Found
mindy.peterson@schmittmusic.com,,,Mindy,Peterson,Mindy Peterson,,Unknown,Schmittmusic,,,,Not Found
apearson@westmusic.com,,,Apearson,,Apearson,CTO,Professional,Westmusic,,Low,Web Search,Found
a.tillery@sonoran.edu,,,A,Tillery,A Tillery,,Unknown,Sonoran,,,,Not Found
a.felix@sonoran.edu,,,A,Felix,A Felix,,Unknown,Sonoran,,,,Not Found
jdasari@americarekidney.com,,,Jdasari,,Jdasari,,Unknown,Ameri Care Kidney,,,,Not Found
oopelami@americarekidney.com,,,Oopelami,,Oopelami,,Unknown,Ameri Care Kidney,,,,Not Found
alubahn@americarekidney.com,,,Alubahn,,Alubahn,,Unknown,Ameri Care Kidney,,,,Not Found
edawodu@kidneycares.com,,,Edawodu,,Edawodu,Chief Executive Officer,Owner / Executive (C-Suite),Kidney Care S,,Low,Web Search,Found
mohammedalausa@kidneycares.com,,,Mohammedalausa,,Mohammedalausa,,Unknown,Kidney Care S,,,,Not Found
msarfraz@kidneycares.com,,,Arfraz,,Arfraz,Specialist,Staff / Coordinator,Kidney Care S,,Low,Web Search,Found
atenedor@kidneycares.com,,,Atenedor,,Atenedor,,Unknown,Kidney Care S,,,,Not Found
smajid@kidneycares.com,,,Smajid,,Smajid,,Unknown,Kidney Care S,,,,Not Found
mtalha@kidneycares.com,,,Mtalha,,Mtalha,,Unknown,Kidney Care S,,,,Not Found
upervaiz@kidneycares.com,,,Upervaiz,,Upervaiz,,Unknown,Kidney Care S,,,,Not Found
mzeeshan@kidneycares.com,,,Mzeeshan,,Mzeeshan,,Unknown,Kidney Care S,,,,Not Found
creyes@kidneycares.com,,,Creyes,,Creyes,,Unknown,Kidney Care S,,,,Not Found
mkline@kidneygroup.com,,,Mkline,,Mkline,CEO,Owner / Executive (C-Suite),Kidney Group,,Low,Web Search,Found
rey@suncitykidney.com,,,Rey,,Rey,Chief Technology Officer,Owner / Executive (C-Suite),Suncitykidney,,Low,Web Search,Found
plazowski@southshorenephrology.com,,,Plazowski,,Plazowski,,Unknown,Southshorenephrology,,,,Not Found
jruiz@nephdocs.com,,,Jruiz,,Jruiz,,Unknown,Nephdocs,,,,Not Found
smartin@northtexaskidney.com,,,Smartin,,Smartin,,Unknown,Northtexaskidney,,,,Not Found
rmarcus@clinicalrenal.com,,,Rmarcus,,Rmarcus,,Unknown,Clinic Alrenal,,,,Not Found
abellistri@clinicalrenal.com,,,Abellistri,,Abellistri,,Unknown,Clinic Alrenal,,,,Not Found
cwitmer@clinicalrenal.com,,,Cwitmer,,Cwitmer,DB-GPT: Open-source Agentic AI Data Assistant,Staff / Coordinator,Clinic Alrenal,,Low,Web Search,Found
lsayer@clinicalrenal.com,,,Lsayer,,Lsayer,,Unknown,Clinic Alrenal,,,,Not Found
kcallaham@lynchburgnephrology.com,,,Kcallaham,,Kcallaham,,Unknown,Lynchburgnephrology,,,,Not Found
mashraf@lynchburgnephrology.com,,,Mashraf,,Mashraf,Chief Technology Officer,Owner / Executive (C-Suite),Lynchburgnephrology,,Low,Web Search,Found
kdivers@lynchburgnephrology.com,,,Kdivers,,Kdivers,,Unknown,Lynchburgnephrology,,,,Not Found
lthomas@lynchburgnephrology.com,,,Lthomas,,Lthomas,Founder,Owner / Executive (C-Suite),Lynchburgnephrology,,Low,Web Search,Found
schebrolumd@northtexaskidney.com,,,Schebrolumd,,Schebrolumd,,Unknown,Northtexaskidney,,,,Not Found
fhofacker@evergreennephrology.com,,,Fhofacker,,Fhofacker,,Unknown,Evergreennephrology,,,,Not Found
mbotchkova@evergreennephrology.com,,,Mbotchkova,,Mbotchkova,,Unknown,Evergreennephrology,,,,Not Found
yjoo@evergreennephrology.com,,,Yjoo,,Yjoo,,Unknown,Evergreennephrology,,,,Not Found
rmargalit@evergreennephrology.com,,,Rmargalit,,Rmargalit,,Unknown,Evergreennephrology,,,,Not Found
mthornton@evergreennephrology.com,,,Mthornton,,Mthornton,,Unknown,Evergreennephrology,,,,Not Found
jstaler@evergreennephrology.com,,,Jstaler,,Jstaler,,Unknown,Evergreennephrology,,,,Not Found
jdonlan@evergreennephrology.com,,,Jdonlan,,Jdonlan,,Unknown,Evergreennephrology,,,,Not Found
cmaynard@evergreennephrology.com,,,Cmaynard,,Cmaynard,CEO,Owner / Executive (C-Suite),Evergreennephrology,,Low,Web Search,Found
jnash@northwestnephrology.com,,,Jnash,,Jnash,,Unknown,Northwestnephrology,,,,Not Found
rsherman@premierneurology.org,,,Rsherman,,Rsherman,,Unknown,Premierneurology,,,,Not Found
m.alosilla@palmbeachneurology.com,,,M,Alosilla,M Alosilla,,Unknown,Palmbeachneurology,,,,Not Found
bhuisa@theneuronclinic.com,,,Bhuisa,,Bhuisa,,Unknown,Theneuron Clinic,,,,Not Found
vnguyen@theneuronclinic.com,,,Vnguyen,,Vnguyen,,Unknown,Theneuron Clinic,,,,Not Found
agelabert@theneuronclinic.com,,,Agelabert,,Agelabert,Owner,Owner / Executive (C-Suite),Theneuron Clinic,,Low,Web Search,Found
tsperry@theneuronclinic.com,,,Tsperry,,Tsperry,,Unknown,Theneuron Clinic,,,,Not Found
rbuller@theneuronclinic.com,,,Rbuller,,Rbuller,,Unknown,Theneuron Clinic,,,,Not Found
kmcgehrin@theneuronclinic.com,,,Kmcgehrin,,Kmcgehrin,,Unknown,Theneuron Clinic,,,,Not Found
fcampos@familyneurology.com,,,Fcampos,,Fcampos,,Unknown,Family Neurology,,,,Not Found
jenna@drbrainrx.com,,,Jenna,,Jenna,,Unknown,Drbrainrx,,,,Not Found
tlong@emgclinics.com,,,Tlong,,Tlong,,Unknown,Emg Clinic S,,,,Not Found
tom@brainhealthhawaii.com,,,Tom,,Tom,,Unknown,Brain Health Hawaii,,,,Not Found
dkelly@pacificneuro.org,,,Dkelly,,Dkelly,,Unknown,Pacificneuro,,,,Not Found
sarah@piedmontneurosciencecenter.com,,,Sarah,,Sarah,,Unknown,Piedmontneuroscience Center,,,,Not Found
amowla@pacificneuro.org,,,Amowla,,Amowla,,Unknown,Pacificneuro,,,,Not Found
ggonzalez@caneuroinst.com,,,Ggonzalez,,Ggonzalez,,Unknown,Caneuroinst,,,,Not Found
kendall@piedmontneurosciencecenter.com,,,Kendall,,Kendall,,Unknown,Piedmontneuroscience Center,,,,Not Found
michelle@piedmontneurosciencecenter.com,,,Michelle,,Michelle,,Unknown,Piedmontneuroscience Center,,,,Not Found
andrew@piedmontneurosciencecenter.com,,,Andrew,,Andrew,President,Owner / Executive (C-Suite),Piedmontneuroscience Center,,Medium,Web Search,Found
creis@regionalbrainandspine.com,,,Creis,,Creis,,Unknown,Regionalbrainandspine,,,,Not Found
crucker@regionalbrainandspine.com,,,Crucker,,Crucker,,Unknown,Regionalbrainandspine,,,,Not Found
kjenkins@regionalbrainandspine.com,,,Kjenkins,,Kjenkins,,Unknown,Regionalbrainandspine,,,,Not Found
jwomack@regionalbrainandspine.com,,,Jwomack,,Jwomack,Partner,Owner / Executive (C-Suite),Regionalbrainandspine,,Low,Web Search,Found
kholtzhouser@regionalbrainandspine.com,,,Kholtzhouser,,Kholtzhouser,,Unknown,Regionalbrainandspine,,,,Not Found
bward@theneuromedicalcenter.com,,,Bward,,Bward,,Unknown,Theneuro Medical Center,,,,Not Found
bgaynor@theneuromedicalcenter.com,,,Bgaynor,,Bgaynor,,Unknown,Theneuro Medical Center,,,,Not Found
bboudreaux@theneuromedicalcenter.com,,,Bboudreaux,,Bboudreaux,,Unknown,Theneuro Medical Center,,,,Not Found
jnabors@theneuromedicalcenter.com,,,Jnabors,,Jnabors,,Unknown,Theneuro Medical Center,,,,Not Found
vcavalier@theneuromedicalcenter.com,,,Vcavalier,,Vcavalier,,Unknown,Theneuro Medical Center,,,,Not Found
mvarisco@theneuromedicalcenter.com,,,Mvarisco,,Mvarisco,,Unknown,Theneuro Medical Center,,,,Not Found
mdorante@neuropaxclinic.com,,,Mdorante,,Mdorante,,Unknown,Neuropax Clinic,,,,Not Found
jhetrick@foothillsneurology.com,,,Jhetrick,,Jhetrick,,Unknown,Foothillsneurology,,,,Not Found
tkhosla@foothillsneurology.com,,,Tkhosla,,Tkhosla,,Unknown,Foothillsneurology,,,,Not Found
vkumar@neurotucson.com,,,Vkumar,,Vkumar,,Unknown,Neurotucson,,,,Not Found
gregory.sahagian@neurocenter.com,,,Gregory,Sahagian,Gregory Sahagian,,Unknown,Neuro Center,,,,Not Found
jmoon@denverneuroclinic.com,,,Jmoon,,Jmoon,,Unknown,Denverneuro Clinic,,,,Not Found
cstevens@neuroroc.com,,,Cstevens,,Cstevens,,Unknown,Neuroroc,,,,Not Found
beck@gilbertneurology.com,,,Beck,,Beck,,Unknown,Gilbertneurology,,,,Not Found
jewing@salienceneuro.com,,,Jewing,,Jewing,,Unknown,Salienceneuro,,,,Not Found
gcrowe@neurotn.com,,,Gcrowe,,Gcrowe,President,Owner / Executive (C-Suite),Neurotn,,Low,Web Search,Found
hharrell@neurotn.com,,,Hharrell,,Hharrell,National Coordinator,Staff / Coordinator,Neurotn,,Low,Web Search,Found
emaurer@neurotn.com,,,Emaurer,,Emaurer,Owner,Owner / Executive (C-Suite),Neurotn,,Low,Web Search,Found
jgentilcore@advancedneurology.com,,,Jgentilcore,,Jgentilcore,,Unknown,Advancedneurology,,,,Not Found
syang@advancedneurology.com,,,Syang,,Syang,,Unknown,Advancedneurology,,,,Not Found
mbelge@advancedneurology.com,,,Mbelge,,Mbelge,,Unknown,Advancedneurology,,,,Not Found
saxon@advancedneurology.com,,,Saxon,,Saxon,Owner,Owner / Executive (C-Suite),Advancedneurology,,Low,Web Search,Found
mburr@gilbertneurology.com,,,Mburr,,Mburr,,Unknown,Gilbertneurology,,,,Not Found
cmurray@neurotn.com,,,Cmurray,,Cmurray,,Unknown,Neurotn,,,,Not Found
bpedersen@advancedneurology.com,,,Bpedersen,,Bpedersen,President,Owner / Executive (C-Suite),Advancedneurology,,Low,Web Search,Found
alex@hdneurology.com,,,Alex,,Alex,,Unknown,Hdneurology,,,,Not Found
mwiggers@portlandneurosurgery.com,,,Mwiggers,,Mwiggers,,Unknown,Portlandneuro Surgery,,,,Not Found
jjohnson@portlandneurosurgery.com,,,Jjohnson,,Jjohnson,Partner,Owner / Executive (C-Suite),Portlandneuro Surgery,,Low,Web Search,Found
taryn@polinneurosurgery.com,,,Taryn,,Taryn,,Unknown,Polinneuro Surgery,,,,Not Found
natalie@neosurgicalgroup.com,,,Natalie,,Natalie,,Unknown,Neosurgical Group,,,,Not Found
tetyanam@neosurgicalgroup.com,,,Tetyanam,,Tetyanam,,Unknown,Neosurgical Group,,,,Not Found
dvacca@sierraneurosurgery.com,,,Dvacca,,Dvacca,,Unknown,Sierraneuro Surgery,,,,Not Found
jblake@sierraneurosurgery.com,,,Jblake,,Jblake,Perfect Travel Partner ...,Owner / Executive (C-Suite),Sierraneuro Surgery,,Low,Web Search,Found
jmorgan@sierraneurosurgery.com,,,Jmorgan,,Jmorgan,,Unknown,Sierraneuro Surgery,,,,Not Found
helenb@sierraneurosurgery.com,,,Helenb,,Helenb,,Unknown,Sierraneuro Surgery,,,,Not Found
rrindler@sierraneurosurgery.com,,,Rrindler,,Rrindler,Director,Director / VP,Sierraneuro Surgery,,Low,Web Search,Found
msilva@sierraneurosurgery.com,,,Ilva,,Ilva,,Unknown,Sierraneuro Surgery,,,,Not Found
erich@sierraneurosurgery.com,,,Erich,,Erich,,Unknown,Sierraneuro Surgery,,,,Not Found
oleg@neosurgicalgroup.com,,,Oleg,,Oleg,,Unknown,Neosurgical Group,,,,Not Found
annam@neosurgicalgroup.com,,,Annam,,Annam,,Unknown,Neosurgical Group,,,,Not Found
max@neosurgicalgroup.com,,,Max,,Max,Doctor,Practitioner / Doctor / Faculty,Neosurgical Group,,Low,Web Search,Found
dwbarnett@txneurosurgery.com,,,Dwbarnett,,Dwbarnett,,Unknown,Txneuro Surgery,,,,Not Found
cohen.david@abc.net.au,,,Cohen,David,Cohen David,,Unknown,Abc,,,,Not Found
patrick.phelan@ucsf.edu,,,Patrick,Phelan,Patrick Phelan,,Unknown,Ucsf,,,,Not Found
jay.cheung@ucsf.edu,,,Jay,Cheung,Jay Cheung,,Unknown,Ucsf,,,,Not Found
claire.brindis@ucsf.edu,,,Claire,Brindis,Claire Brindis,,Unknown,Ucsf,,,,Not Found
james.pease@ucsf.edu,,,James,Pease,James Pease,,Unknown,Ucsf,,,,Not Found
stephanie.yi@ucsf.edu,,,Stephanie,Yi,Stephanie Yi,,Unknown,Ucsf,,,,Not Found
eknudsen@kwanyinhealingarts.com,,,Eknudsen,,Eknudsen,,Unknown,Kwanyinhealingarts,,,,Not Found
tmcshane@kwanyinhealingarts.com,,,Tmcshane,,Tmcshane,,Unknown,Kwanyinhealingarts,,,,Not Found
kerry.chant@health.nsw.gov.au,,,Kerry,Chant,Kerry Chant,,Unknown,Nsw,,,,Not Found
affan.khan@health.nsw.gov.au,,,Affan,Khan,Affan Khan,,Unknown,Nsw,,,,Not Found
ada.lei@health.nsw.gov.au,,,Ada,Lei,Ada Lei,,Unknown,Nsw,,,,Not Found
anthony.clay@health.nsw.gov.au,,,Anthony,Clay,Anthony Clay,,Unknown,Nsw,,,,Not Found
christopher.roberts3@health.nsw.gov.au,,,Christopher,Roberts,Christopher Roberts,CEO,Owner / Executive (C-Suite),Nsw,,Low,Web Search,Found
shivani.prakash@health.nsw.gov.au,,,Shivani,Prakash,Shivani Prakash,,Unknown,Nsw,,,,Not Found
david.ng@health.nsw.gov.au,,,David,Ng,David Ng,,Unknown,Nsw,,,,Not Found
michelle.williams9@health.nsw.gov.au,,,Michelle,Williams,Michelle Williams,,Unknown,Nsw,,,,Not Found
annemarie.hadley@health.nsw.gov.au,,,Annemarie,Hadley,Annemarie Hadley,Vice President,Owner / Executive (C-Suite),Nsw,,Low,Web Search,Found
erik@embracewomenshealth.com.au,,,Erik,,Erik,,Unknown,Embracewomens Health,,,,Not Found
keely@embracewomenshealth.com.au,,,Keely,,Keely,A Former Technology Manager,Manager / Admin,Embracewomens Health,,Low,Web Search,Found
aprila@bu.edu,,,Aprila,,Aprila,,Unknown,Bu,,,,Not Found
davidwood@byu.edu,,,Davidwood,,Davidwood,,Unknown,Byu,,,,Not Found
hank_smith@byu.edu,,,Hank,Smith,Hank Smith,,Unknown,Byu,,,,Not Found
swk16@gsb.columbia.edu,,,Swk,,Swk,CEO,Owner / Executive (C-Suite),Gsb,,Low,Web Search,Found
michelle@previvoredge.com,,,Michelle,,Michelle,,Unknown,Previvoredge,,,,Not Found
ray@previvoredge.com,,,Ray,,Ray,,Unknown,Previvoredge,,,,Not Found
afghani.barakzai@cc-dc.org,,,Afghani,Barakzai,Afghani Barakzai,,Unknown,Cc Dc,,,,Not Found
john.enzler@catholiccharitiesdc.org,,,John,Enzler,John Enzler,,Unknown,Catholiccharitiesdc,,,,Not Found
sarah.watkins@cc-dc.org,,,Sarah,Watkins,Sarah Watkins,,Unknown,Cc Dc,,,,Not Found
patrick.dunne@cc-dc.org,,,Patrick,Dunne,Patrick Dunne,,Unknown,Cc Dc,,,,Not Found
karen.jones@cc-dc.org,,,Karen,Jones,Karen Jones,,Unknown,Cc Dc,,,,Not Found
laura.fewer@cc-dc.org,,,Laura,Fewer,Laura Fewer,,Unknown,Cc Dc,,,,Not Found
debra.gersten@cc-dc.org,,,Debra,Gersten,Debra Gersten,,Unknown,Cc Dc,,,,Not Found
danielle@trainyourbrain.me,,,Danielle,,Danielle,,Unknown,Trainyourbrain,,,,Not Found
pabernathy@neighborhoodresilience.org,,,Pabernathy,,Pabernathy,,Unknown,Neighborhoodresilience,,,,Not Found
kabernathy@neighborhoodresilience.org,,,Kabernathy,,Kabernathy,Content Partner Program,Owner / Executive (C-Suite),Neighborhoodresilience,,Low,Web Search,Found
ngoussetis@neighborhoodresilience.org,,,Ngoussetis,,Ngoussetis,,Unknown,Neighborhoodresilience,,,,Not Found
bisrat@neighborhoodresilience.org,,,Bisrat,,Bisrat,,Unknown,Neighborhoodresilience,,,,Not Found
ttownsend@neighborhoodresilience.org,,,Ttownsend,,Ttownsend,,Unknown,Neighborhoodresilience,,,,Not Found
dtimbers@neighborhoodresilience.org,,,Dtimbers,,Dtimbers,,Unknown,Neighborhoodresilience,,,,Not Found
ksamuel@neighborhoodresilience.org,,,Ksamuel,,Ksamuel,,Unknown,Neighborhoodresilience,,,,Not Found
mnathanson@focuspartners.com,,,Mnathanson,,Mnathanson,Partner,Owner / Executive (C-Suite),Focus Partners,,Low,Web Search,Found
adam.birenbaum@focuspartners.com,,,Adam,Birenbaum,Adam Birenbaum,,Unknown,Focus Partners,,,,Not Found
mark.israel@focuspartners.com,,,Mark,Israel,Mark Israel,,Unknown,Focus Partners,,,,Not Found
jordan.johnson@focuspartners.com,,,Jordan,Johnson,Jordan Johnson,Co-Owner,Owner / Executive (C-Suite),Focus Partners,,Low,Web Search,Found
matthew.sackett@focuspartners.com,,,Matthew,Sackett,Matthew Sackett,,Unknown,Focus Partners,,,,Not Found
sterling.freeman@focuspartners.com,,,Sterling,Freeman,Sterling Freeman,Partner,Owner / Executive (C-Suite),Focus Partners,,Low,Web Search,Found
a.akguc@fmconsulting.com,,,A,Akguc,A Akguc,Chief Technology Officer,Owner / Executive (C-Suite),Fmconsulting,,Low,Web Search,Found
deidre@dscontractllc.com,,,Deidre,,Deidre,,Unknown,Dscontractllc,,,,Not Found
countyclerk@daviesscountymo.gov,,,Countyclerk,,Countyclerk,Director,Director / VP,Daviesscountymo,,Low,Web Search,Found
rich.salas@dmu.edu,,,Rich,Salas,Rich Salas,,Unknown,Dmu,,,,Not Found
jsemprini@dmu.edu,,,Jsemprini,,Jsemprini,,Unknown,Dmu,,,,Not Found
philip.blumberg@dmu.edu,,,Philip,Blumberg,Philip Blumberg,Your Partner In Financial Journey,Owner / Executive (C-Suite),Dmu,,Low,Web Search,Found
kdavenport@easterseals.com,,,Kdavenport,,Kdavenport,Doctor,Practitioner / Doctor / Faculty,Easterseals,,Low,Web Search,Found
dbunke@easterseals.com,,,Dbunke,,Dbunke,,Unknown,Easterseals,,,,Not Found
tthompson@easterseals.com,,,Tthompson,,Tthompson,,Unknown,Easterseals,,,,Not Found
relefane@easterseals.com,,,Relefane,,Relefane,Specialist,Staff / Coordinator,Easterseals,,Low,Web Search,Found
cathyb@wa.easterseals.com,,,Cathyb,,Cathyb,Partner,Owner / Executive (C-Suite),Wa,,Low,Web Search,Found
tnguyen@easterseals.com,,,Tnguyen,,Tnguyen,,Unknown,Easterseals,,,,Not Found
abacher@eastersealshawaii.org,,,Abacher,,Abacher,,Unknown,Eastersealshawaii,,,,Not Found
sarah.heggie@eshawaii.org,,,Sarah,Heggie,Sarah Heggie,,Unknown,Eshawaii,,,,Not Found
maddisen.domingo@eshawaii.org,,,Maddisen,Domingo,Maddisen Domingo,,Unknown,Eshawaii,,,,Not Found
awebste6@emich.edu,,,Awebste,,Awebste,,Unknown,Emich,,,,Not Found
jjcorso@eecs.umich.edu,,,Jjcorso,,Jjcorso,,Unknown,Michigan Medicine (University of Michigan),,,,Not Found
saraband@eecs.umich.edu,,,Saraband,,Saraband,,Unknown,Michigan Medicine (University of Michigan),,,,Not Found
sg@designandbusiness.eu,,,Sg,,Sg,,Unknown,Designandbusiness,,,,Not Found
i.hamdi@fmcgroup.com,,,I,Hamdi,I Hamdi,,Unknown,Fmc Group,,,,Not Found
e.ulku@fmcgroup.com,,,E,Ulku,E Ulku,,Unknown,Fmc Group,,,,Not Found
b.gurleyen@fmcgroup.com,,,B,Gurleyen,B Gurleyen,,Unknown,Fmc Group,,,,Not Found
l.maglalang@fmcgroup.com,,,L,Maglalang,L Maglalang,,Unknown,Fmc Group,,,,Not Found
n.kutay@fmcgroup.com,,,N,Kutay,N Kutay,,Unknown,Fmc Group,,,,Not Found
a.atasoy@fmcgroup.com,,,A,Atasoy,A Atasoy,,Unknown,Fmc Group,,,,Not Found
t.kucukal@fmcgroup.com,,,T,Kucukal,T Kucukal,,Unknown,Fmc Group,,,,Not Found
jrosen@vertrax.com,,,Jrosen,,Jrosen,,Unknown,Vertrax,,,,Not Found
cturcotte@vertrax.com,,,Cturcotte,,Cturcotte,CEO,Owner / Executive (C-Suite),Vertrax,,Low,Web Search,Found
bnguyen@vertrax.com,,,Bnguyen,,Bnguyen,,Unknown,Vertrax,,,,Not Found
nick@vertrax.com,,,Nick,,Nick,,Unknown,Vertrax,,,,Not Found
fbuonocore@vertrax.com,,,Fbuonocore,,Fbuonocore,,Unknown,Vertrax,,,,Not Found
dmytro@vertrax.com,,,Dmytro,,Dmytro,,Unknown,Vertrax,,,,Not Found
sandy@vertrax.com,,,Sandy,,Sandy,Supervisor,Manager / Admin,Vertrax,,Low,Web Search,Found
mblasch@vertrax.com,,,Mblasch,,Mblasch,,Unknown,Vertrax,,,,Not Found
elana@the4020collective.org,,,Elana,,Elana,,Unknown,The4020collective,,,,Not Found
john.davidson@carefirst.com,,,John,Davidson,John Davidson,,Unknown,Care First,,,,Not Found
sbekanich@irisplans.com,,,Sbekanich,,Sbekanich,,Unknown,Irisplans,,,,Not Found
shannon.wilson@priorityhealth.com,,,Shannon,Wilson,Shannon Wilson,,Unknown,Priority Health,,,,Not Found
scott.norman@priorityhealth.com,,,Scott,Norman,Scott Norman,,Unknown,Priority Health,,,,Not Found
brandon.kerns@carebridgehealth.com,,,Brandon,Kerns,Brandon Kerns,,Unknown,Care Bridge Health,,,,Not Found
andre.mota@carebridgehealth.com,,,Andre,Mota,Andre Mota,,Unknown,Care Bridge Health,,,,Not Found
lynne.schaffler@carebridgehealth.com,,,Lynne,Schaffler,Lynne Schaffler,,Unknown,Care Bridge Health,,,,Not Found
beth.riha@carebridgehealth.com,,,Beth,Riha,Beth Riha,,Unknown,Care Bridge Health,,,,Not Found
shiah@nimbushealth.com,,,Shiah,,Shiah,,Unknown,Nimbus Health,,,,Not Found
margarita@nimbushealth.com,,,Margarita,,Margarita,,Unknown,Nimbus Health,,,,Not Found
cari@nimbushealth.com,,,Cari,,Cari,,Unknown,Nimbus Health,,,,Not Found
aneill@vytalus.com,,,Aneill,,Aneill,Owner,Owner / Executive (C-Suite),Vytalus,,Low,Web Search,Found
vescareno@vytalus.com,,,Vescareno,,Vescareno,,Unknown,Vytalus,,,,Not Found
ctrappey@vytalus.com,,,Ctrappey,,Ctrappey,,Unknown,Vytalus,,,,Not Found
ahicks@vytalus.com,,,Ahicks,,Ahicks,‪assistant Professor‬,Practitioner / Doctor / Faculty,Vytalus,,Low,Web Search,Found
cburch@vytalus.com,,,Cburch,,Cburch,,Unknown,Vytalus,,,,Not Found
mjawad@vytalus.com,,,Mjawad,,Mjawad,,Unknown,Vytalus,,,,Not Found
jangell@vytalus.com,,,Jangell,,Jangell,,Unknown,Vytalus,,,,Not Found
ruty@dimerhealth.com,,,Ruty,,Ruty,,Unknown,Dimer Health,,,,Not Found
sumegha@dimerhealth.com,,,Sumegha,,Sumegha,,Unknown,Dimer Health,,,,Not Found
steven@dimerhealth.com,,,Steven,,Steven,,Unknown,Dimer Health,,,,Not Found
marcel.vandesande@cortexon.com,,,Marcel,Vandesande,Marcel Vandesande,,Unknown,Cortexon,,,,Not Found
mark.lauwen@cortexon.com,,,Mark,Lauwen,Mark Lauwen,,Unknown,Cortexon,,,,Not Found
simon.verlinden@cortexon.com,,,Simon,Verlinden,Simon Verlinden,,Unknown,Cortexon,,,,Not Found
roy.ketelaars@cortexon.com,,,Roy,Ketelaars,Roy Ketelaars,,Unknown,Cortexon,,,,Not Found
pim.eling@cortexon.com,,,Pim,Eling,Pim Eling,,Unknown,Cortexon,,,,Not Found
april@stallant.com,,,April,,April,,Unknown,Stallant,,,,Not Found
ioana@stallant.com,,,Ioana,,Ioana,DB-GPT: Open-source Agentic AI Data Assistant,Staff / Coordinator,Stallant,,Low,Web Search,Found
hannah.moralde@stallant.com,,,Hannah,Moralde,Hannah Moralde,Director,Director / VP,Stallant,,Low,Web Search,Found
anastasia@stallant.com,,,Anastasia,,Anastasia,,Unknown,Stallant,,,,Not Found
billie@stallant.com,,,Billie,,Billie,,Unknown,Stallant,,,,Not Found
alina.grigore@stallant.com,,,Alina,Grigore,Alina Grigore,CEO,Owner / Executive (C-Suite),Stallant,,Low,Web Search,Found
erica@welliti.com,,,Erica,,Erica,Director,Director / VP,Welliti,,Low,Web Search,Found
glen.ferris@healthcaretoday.com,,,Glen,Ferris,Glen Ferris,,Unknown,Health Care Today,,,,Not Found
elizabeth.latsos@rappore.com,,,Elizabeth,Latsos,Elizabeth Latsos,,Unknown,Rappore,,,,Not Found
giovanna.guarnieri@rappore.com,,,Giovanna,Guarnieri,Giovanna Guarnieri,,Unknown,Rappore,,,,Not Found
amelia.zucco@rappore.com,,,Amelia,Zucco,Amelia Zucco,,Unknown,Rappore,,,,Not Found
jill.wynn@rappore.com,,,Jill,Wynn,Jill Wynn,,Unknown,Rappore,,,,Not Found
jacqueline.burnett@rappore.com,,,Jacqueline,Burnett,Jacqueline Burnett,Ads Manager,Manager / Admin,Rappore,,Low,Web Search,Found
megan.senko@rappore.com,,,Megan,Senko,Megan Senko,,Unknown,Rappore,,,,Not Found
richard.rodarte@acmconnect.com,,,Richard,Rodarte,Richard Rodarte,,Unknown,Acmconnect,,,,Not Found
amanda.breslin@acmconnect.com,,,Amanda,Breslin,Amanda Breslin,,Unknown,Acmconnect,,,,Not Found
vanessa.naber@geonetric.com,,,Vanessa,Naber,Vanessa Naber,,Unknown,Geonetric,,,,Not Found
amelia.baerenwald@geonetric.com,,,Amelia,Baerenwald,Amelia Baerenwald,,Unknown,Geonetric,,,,Not Found
scott.springer@geonetric.com,,,Scott,Springer,Scott Springer,,Unknown,Geonetric,,,,Not Found
will.saunders@athomeharmony.com,,,Will,Saunders,Will Saunders,,Unknown,Athomeharmony,,,,Not Found
mark.tripodi@athomeharmony.com,,,Mark,Tripodi,Mark Tripodi,,Unknown,Athomeharmony,,,,Not Found
robert.jones@athomeharmony.com,,,Robert,Jones,Robert Jones,,Unknown,Athomeharmony,,,,Not Found
lea.carino@athomeharmony.com,,,Lea,Carino,Lea Carino,,Unknown,Athomeharmony,,,,Not Found
parizad.irani@athomeharmony.com,,,Parizad,Irani,Parizad Irani,,Unknown,Athomeharmony,,,,Not Found
kimberly.kirsch@athomeharmony.com,,,Kimberly,Kirsch,Kimberly Kirsch,,Unknown,Athomeharmony,,,,Not Found
tara.beatty@athomeharmony.com,,,Tara,Beatty,Tara Beatty,,Unknown,Athomeharmony,,,,Not Found
olivia.iovino@athomeharmony.com,,,Olivia,Iovino,Olivia Iovino,,Unknown,Athomeharmony,,,,Not Found
kate.nesbitt@newh.org,,,Kate,Nesbitt,Kate Nesbitt,,Unknown,Newh,,,,Not Found
melani.beattie@newh.org,,,Melani,Beattie,Melani Beattie,,Unknown,Newh,,,,Not Found
chris.tucker@newh.org,,,Chris,Tucker,Chris Tucker,Director,Director / VP,Newh,,Low,Web Search,Found
hillary.eggebrecht@newh.org,,,Hillary,Eggebrecht,Hillary Eggebrecht,,Unknown,Newh,,,,Not Found
newh.milano@newh.org,,,Newh,Milano,Newh Milano,,Unknown,Newh,,,,Not Found
beth@imge.com,,,Beth,,Beth,,Unknown,Imge,,,,Not Found
andrew@imge.com,,,Andrew,,Andrew,President,Owner / Executive (C-Suite),Imge,,Medium,Web Search,Found
adam.parcel@imge.com,,,Adam,Parcel,Adam Parcel,,Unknown,Imge,,,,Not Found
courtney@imge.com,,,Courtney,,Courtney,,Unknown,Imge,,,,Not Found
kyle.schutt@imge.com,,,Kyle,Schutt,Kyle Schutt,,Unknown,Imge,,,,Not Found
seth@imge.com,,,Seth,,Seth,,Unknown,Imge,,,,Not Found
lauren@imge.com,,,Lauren,,Lauren,"Global Technology, Cloud & AI Solutions Partner",Owner / Executive (C-Suite),Imge,,Medium,Web Search,Found
conner@imge.com,,,Conner,,Conner,,Unknown,Imge,,,,Not Found
jacob.klingensmith@imge.com,,,Jacob,Klingensmith,Jacob Klingensmith,,Unknown,Imge,,,,Not Found
njos.evelyn@optimum.net,,,Njos,Evelyn,Njos Evelyn,,Unknown,Optimum,,,,Not Found
lsatoshige@allcareipa.com,,,Lsatoshige,,Lsatoshige,,Unknown,All Care Ipa,,,,Not Found
stran@allcareipa.com,,,Stran,,Stran,Founder,Owner / Executive (C-Suite),All Care Ipa,,Low,Web Search,Found
fyang@allcareipa.com,,,Fyang,,Fyang,,Unknown,All Care Ipa,,,,Not Found
brees@allcareipa.com,,,Brees,,Brees,,Unknown,All Care Ipa,,,,Not Found
sbrown@allcareipa.com,,,Sbrown,,Sbrown,,Unknown,All Care Ipa,,,,Not Found
lmoser@allcareipa.com,,,Lmoser,,Lmoser,President,Owner / Executive (C-Suite),All Care Ipa,,Low,Web Search,Found
dbernaldo@allcareipa.com,,,Dbernaldo,,Dbernaldo,,Unknown,All Care Ipa,,,,Not Found
rvalentin@allcareipa.com,,,Rvalentin,,Rvalentin,,Unknown,All Care Ipa,,,,Not Found
dfoehringer@allcareipa.com,,,Dfoehringer,,Dfoehringer,Partner,Owner / Executive (C-Suite),All Care Ipa,,Low,Web Search,Found
roxanne@oicinc.com,,,Roxanne,,Roxanne,,Unknown,Oicinc,,,,Not Found
cdemaioribus@jfsrichmond.org,,,Cdemaioribus,,Cdemaioribus,,Unknown,Jfsrichmond,,,,Not Found
awharam@jfsrichmond.org,,,Awharam,,Awharam,,Unknown,Jfsrichmond,,,,Not Found
rabbott@jfsrichmond.org,,,Rabbott,,Rabbott,CEO,Owner / Executive (C-Suite),Jfsrichmond,,Low,Web Search,Found
lcolegrove@jfsrichmond.org,,,Lcolegrove,,Lcolegrove,,Unknown,Jfsrichmond,,,,Not Found
kemerson@jfsrichmond.org,,,Kemerson,,Kemerson,SVP,Director / VP,Jfsrichmond,,Low,Web Search,Found
gary@hoffman-hoffman.net,,,Gary,,Gary,CEO,Owner / Executive (C-Suite),Hoffman Hoffman,,Medium,Web Search,Found
tanya@granerlaw.com,,,Tanya,,Tanya,,Unknown,Granerlaw,,,,Not Found
kristen.mockler@huschblackwell.com,,,Kristen,Mockler,Kristen Mockler,,Unknown,Huschblackwell,,,,Not Found
mohd.navajish@ipsos.com,,,Mohd,Navajish,Mohd Navajish,,Unknown,Ipsos,,,,Not Found
subrat.pati@ipsos.com,,,Subrat,Pati,Subrat Pati,,Unknown,Ipsos,,,,Not Found
amy.brinkman@ipsos.com,,,Amy,Brinkman,Amy Brinkman,,Unknown,Ipsos,,,,Not Found
robert.cardarelli@ipsos.com,,,Robert,Cardarelli,Robert Cardarelli,,Unknown,Ipsos,,,,Not Found
surya.pandruvada@ipsos.com,,,Surya,Pandruvada,Surya Pandruvada,,Unknown,Ipsos,,,,Not Found
shay@cashmediq.com,,,Shay,,Shay,,Unknown,Cashmediq,,,,Not Found
kellyf@mercyurgentbilling.com,,,Kellyf,,Kellyf,,Unknown,Mercyurgentbilling,,,,Not Found
cindy@crossroadsmedicalmission.org,,,Cindy,,Cindy,,Unknown,Crossroads Medical Mission,,,,Not Found
nathan@crossroadsmedicalmission.org,,,Nathan,,Nathan,AVP,Director / VP,Crossroads Medical Mission,,Low,Web Search,Found
erin@crossroadsmedicalmission.org,,,Erin,,Erin,,Unknown,Crossroads Medical Mission,,,,Not Found
chery.johnson@acaciamedicalmission.org,,,Chery,Johnson,Chery Johnson,,Unknown,Acacia Medical Mission,,,,Not Found
ssullivan@guardianmedicalusa.com,,,Ssullivan,,Ssullivan,Director,Director / VP,Guardian Medical Usa,,Low,Web Search,Found
hbirchall@guardianmedicalusa.com,,,Hbirchall,,Hbirchall,,Unknown,Guardian Medical Usa,,,,Not Found
sdurbin@guardianmedicalusa.com,,,Sdurbin,,Sdurbin,Owner,Owner / Executive (C-Suite),Guardian Medical Usa,,Low,Web Search,Found
v.kumar@scanhealthplan.com,,,V,Kumar,V Kumar,,Unknown,Scan Health Plan,,,,Not Found
knorton@hopeonhavenhill.org,,,Knorton,,Knorton,,Unknown,Hopeonhavenhill,,,,Not Found
kplasse@hopeonhavenhill.org,,,Kplasse,,Kplasse,,Unknown,Hopeonhavenhill,,,,Not Found
golhava@hopeonhavenhill.org,,,Golhava,,Golhava,,Unknown,Hopeonhavenhill,,,,Not Found
lpollard@hopeonhavenhill.org,,,Lpollard,,Lpollard,,Unknown,Hopeonhavenhill,,,,Not Found
pforziati@hopeonhavenhill.org,,,Pforziati,,Pforziati,,Unknown,Hopeonhavenhill,,,,Not Found
mmckinnon@hopeonhavenhill.org,,,Mmckinnon,,Mmckinnon,,Unknown,Hopeonhavenhill,,,,Not Found
esheffield@hopeonhavenhill.org,,,Esheffield,,Esheffield,,Unknown,Hopeonhavenhill,,,,Not Found
azam@productsource.biz,,,Azam,,Azam,,Unknown,Productsource,,,,Not Found
shikha.kapur@homeward.com,,,Shikha,Kapur,Shikha Kapur,,Unknown,Homeward,,,,Not Found
megan.ford@homeward.com,,,Megan,Ford,Megan Ford,,Unknown,Homeward,,,,Not Found
nachiket.khatavkar@homeward.com,,,Nachiket,Khatavkar,Nachiket Khatavkar,Partner,Owner / Executive (C-Suite),Homeward,,Low,Web Search,Found
tony.hughes@homeward.com,,,Tony,Hughes,Tony Hughes,,Unknown,Homeward,,,,Not Found
adoe@toourshores.org,,,Adoe,,Adoe,,Unknown,Toourshores,,,,Not Found
shana@themercyministries.org,,,Shana,,Shana,,Unknown,Themercyministries,,,,Not Found
karime@themercyministries.org,,,Karime,,Karime,,Unknown,Themercyministries,,,,Not Found
steven@rivercityministry.org,,,Steven,,Steven,,Unknown,Rivercityministry,,,,Not Found
angelo@capricm.com,,,Angelo,,Angelo,,Unknown,Capricm,,,,Not Found
theresa@capricm.com,,,Theresa,,Theresa,,Unknown,Capricm,,,,Not Found
acquisitions@capricm.com,,,Acquisitions,,Acquisitions,DB-GPT: Open-source Agentic AI Data Assistant,Staff / Coordinator,Capricm,,Low,Web Search,Found
esther@capricm.com,,,Esther,,Esther,,Unknown,Capricm,,,,Not Found
istvan@radianthealthsaunas.com,,,Istvan,,Istvan,,Unknown,Radiant Health Saunas,,,,Not Found
vikki.wofford@ludlow.kyschools.us,,,Vikki,Wofford,Vikki Wofford,,Unknown,Ludlow,,,,Not Found
eluster@seniorsrising.us,,,Eluster,,Eluster,,Unknown,Seniorsrising,,,,Not Found
sbruce@seniorsrising.us,,,Sbruce,,Sbruce,CEO,Owner / Executive (C-Suite),Seniorsrising,,Low,Web Search,Found
shane@hellosage.com,,,Shane,,Shane,,Unknown,Hellosage,,,,Not Found
kelly@hellosage.com,,,Kelly,,Kelly,,Unknown,Hellosage,,,,Not Found
lindsey@hellosage.com,,,Lindsey,,Lindsey,,Unknown,Hellosage,,,,Not Found
pedro@hellosage.com,,,Pedro,,Pedro,,Unknown,Hellosage,,,,Not Found
christina@hellosage.com,,,Christina,,Christina,,Unknown,Hellosage,,,,Not Found
adam@hellosage.com,,,Adam,,Adam,,Unknown,Hellosage,,,,Not Found
james.kluka@touchmark.com,,,James,Kluka,James Kluka,,Unknown,Touchmark,,,,Not Found
chris.thompson@touchmark.com,,,Chris,Thompson,Chris Thompson,Director,Director / VP,Touchmark,,Low,Web Search,Found
tracy.wise@touchmark.com,,,Tracy,Wise,Tracy Wise,,Unknown,Touchmark,,,,Not Found
alyssa.shelton@touchmark.com,,,Alyssa,Shelton,Alyssa Shelton,Chief Technology Officer,Owner / Executive (C-Suite),Touchmark,,Low,Web Search,Found
rouxj@health-worx.co.za,,,Rouxj,,Rouxj,,Unknown,Health Worx,,,,Not Found
arnir@google.com,,,Arnir,,Arnir,,Unknown,Google,,,,Not Found
mkingsley@naborly.net,,,Mkingsley,,Mkingsley,,Unknown,Naborly,,,,Not Found
andee.anthony@homewardtitle.com,,,Andee,Anthony,Andee Anthony,,Unknown,Homewardtitle,,,,Not Found
johnm@uci.edu,,,Johnm,,Johnm,,Unknown,Uci,,,,Not Found
zotmail@uci.edu,,,Zotmail,,Zotmail,,Unknown,Uci,,,,Not Found
keith@synergyhealthcare.co.uk,,,Keith,,Keith,,Unknown,Synergy Health Care,,,,Not Found
m.cheraghchi@imperial.ac.uk,,,M,Cheraghchi,M Cheraghchi,,Unknown,Imperial,,,,Not Found
susanw@ajrcso.com,,,Susanw,,Susanw,,Unknown,Ajrcso,,,,Not Found
ssimerville@scc.md,,,Ssimerville,,Ssimerville,,Unknown,Scc,,,,Not Found
aperides@scc.md,,,Aperides,,Aperides,President,Owner / Executive (C-Suite),Scc,,Low,Web Search,Found
sfuller@scc.md,,,Sfuller,,Sfuller,,Unknown,Scc,,,,Not Found
haragon@scc.md,,,Haragon,,Haragon,CEO,Owner / Executive (C-Suite),Scc,,Low,Web Search,Found
mbriggs-mead@scc.md,,,Mbriggs,Mead,Mbriggs Mead,Specialist,Staff / Coordinator,Scc,,Low,Web Search,Found
sderuiter@scc.md,,,Sderuiter,,Sderuiter,,Unknown,Scc,,,,Not Found
sandra.mancia@cmbsllc.net,,,Sandra,Mancia,Sandra Mancia,,Unknown,Cmbsllc,,,,Not Found
jatkinson@osicda.com,,,Jatkinson,,Jatkinson,,Unknown,Osicda,,,,Not Found
akrumm@chambersandblohm.com,,,Akrumm,,Akrumm,Principal,Owner / Executive (C-Suite),Chambersandblohm,,Low,Web Search,Found
hastingsv@whds.com,,,Hastingsv,,Hastingsv,,Unknown,Whds,,,,Not Found
tblend@theblendinstitute.com,,,Tblend,,Tblend,,Unknown,Theblendinstitute,,,,Not Found
ntheiler@theblendinstitute.com,,,Ntheiler,,Ntheiler,,Unknown,Theblendinstitute,,,,Not Found
hmcdermott@epfh.org,,,Hmcdermott,,Hmcdermott,,Unknown,Epfh,,,,Not Found
c.matthews@tgfw.com,,,C,Matthews,C Matthews,,Unknown,Tgfw,,,,Not Found
g.pirkle@tgfw.com,,,G,Pirkle,G Pirkle,,Unknown,Tgfw,,,,Not Found
t.chamberlain@tgfw.com,,,T,Chamberlain,T Chamberlain,,Unknown,Tgfw,,,,Not Found
chip@fillingane.com,,,Chip,,Chip,,Unknown,Fillingane,,,,Not Found
ssylvester@sndc.info,,,Ssylvester,,Ssylvester,,Unknown,Sndc,,,,Not Found
johnoh@alumni.emory.edu,,,Johnoh,,Johnoh,,Unknown,Alumni,,,,Not Found
nkosaraju@uh.edu,,,Nkosaraju,,Nkosaraju,,Unknown,Uh,,,,Not Found
alison.flynngaffney@hsc.utah.edu,,,Alison,Flynngaffney,Alison Flynngaffney,,Unknown,Utah,,,,Not Found
bob.d@columbia.edu,,,Bob,D,Bob D,,Unknown,Columbia,,,,Not Found
silvia.m@columbia.edu,,,Silvia,M,Silvia M,CFO,Professional,Columbia,,Low,Web Search,Found
k.obrien@columbia.edu,,,K,Obrien,K Obrien,,Unknown,Columbia,,,,Not Found
bs2286@columbia.edu,,,Bs,,Bs,,Unknown,Columbia,,,,Not Found
c.lencheski@columbia.edu,,,C,Lencheski,C Lencheski,,Unknown,Columbia,,,,Not Found
js6681@columbia.edu,,,Js,,Js,,Unknown,Columbia,,,,Not Found
erick.aol@health.mil,,,Erick,Aol,Erick Aol,,Unknown,Health,,,,Not Found
joshua.oberg@health.mil,,,Joshua,Oberg,Joshua Oberg,,Unknown,Health,,,,Not Found
pratibha.prasad@transformationplus.com,,,Pratibha,Prasad,Pratibha Prasad,President of India,Owner / Executive (C-Suite),Transformationplus,,Low,Web Search,Found
prakash@transformationplus.com,,,Prakash,,Prakash,,Unknown,Transformationplus,,,,Not Found
pschmidt@bodyvitalitynow.com,,,Pschmidt,,Pschmidt,,Unknown,Bodyvitalitynow,,,,Not Found
kr@roccosremedy.com,,,Kr,,Kr,Sqlite Manager,Manager / Admin,Roccosremedy,,Low,Web Search,Found
cameron.pickett@amaterrawines.com,,,Cameron,Pickett,Cameron Pickett,CEO,Owner / Executive (C-Suite),Amaterrawines,,Low,Web Search,Found
daniellen@region7aaa.org,,,Daniellen,,Daniellen,President,Owner / Executive (C-Suite),Region7aaa,,Low,Web Search,Found
johnsonm@region7aaa.org,,,Johnsonm,,Johnsonm,,Unknown,Region7aaa,,,,Not Found
debraa@region7aaa.org,,,Debraa,,Debraa,,Unknown,Region7aaa,,,,Not Found
britzp@region7aaa.org,,,Britzp,,Britzp,,Unknown,Region7aaa,,,,Not Found
tammya@region7aaa.org,,,Tammya,,Tammya,,Unknown,Region7aaa,,,,Not Found
abcpedijackie@sbcglobal.net,,,Abcpedijackie,,Abcpedijackie,,Unknown,,,,,Not Found
millare9@sbcglobal.net,,,Millare,,Millare,,Unknown,,,,,Not Found
kliparoto@gpatech.com,,,Kliparoto,,Kliparoto,,Unknown,Gpatech,,,,Not Found
romainlechevallier@graffdiamonds.hk,,,Romainlechevallier,,Romainlechevallier,,Unknown,Graffdiamonds,,,,Not Found
tpynes@pynes.com,,,Tpynes,,Tpynes,,Unknown,Pynes,,,,Not Found
jrsantiago@homesc.com,,,Jrsantiago,,Jrsantiago,,Unknown,Homesc,,,,Not Found
rkahn@kahnconsultinginc.com,,,Rkahn,,Rkahn,,Unknown,Kahnconsultinginc,,,,Not Found
sranjbar@wisc.edu,,,Sranjbar,,Sranjbar,,Unknown,Wisc,,,,Not Found
kip.ludwig@wisc.edu,,,Kip,Ludwig,Kip Ludwig,,Unknown,Wisc,,,,Not Found
doug.barton@wisc.edu,,,Doug,Barton,Doug Barton,,Unknown,Wisc,,,,Not Found
jrink@wisc.edu,,,Jrink,,Jrink,,Unknown,Wisc,,,,Not Found
jon.eckhardt@wisc.edu,,,Jon,Eckhardt,Jon Eckhardt,,Unknown,Wisc,,,,Not Found
sati@liveoakestateplanning.com,,,Sati,,Sati,,Unknown,Liveoakestateplanning,,,,Not Found
rwhalen@liveoak.com,,,Rwhalen,,Rwhalen,,Unknown,Liveoak,,,,Not Found
jhughes@liveoak.com,,,Jhughes,,Jhughes,,Unknown,Liveoak,,,,Not Found
tcampillo@liveoak.com,,,Tcampillo,,Tcampillo,,Unknown,Liveoak,,,,Not Found
ree@liveoaklg.com,,,Ree,,Ree,,Unknown,Liveoaklg,,,,Not Found
amy.wilson@hillenbrand.com,,,Amy,Wilson,Amy Wilson,,Unknown,Hillenbrand,,,,Not Found
enrico.papagianis@hillenbrand.com,,,Enrico,Papagianis,Enrico Papagianis,,Unknown,Hillenbrand,,,,Not Found
jennifer.pannill@hillenbrand.com,,,Jennifer,Pannill,Jennifer Pannill,,Unknown,Hillenbrand,,,,Not Found
lorenzo.andreani@hillenbrand.com,,,Lorenzo,Andreani,Lorenzo Andreani,,Unknown,Hillenbrand,,,,Not Found
tory.flynn@hillenbrand.com,,,Tory,Flynn,Tory Flynn,,Unknown,Hillenbrand,,,,Not Found
tomasz.stoklosa@hillenbrand.com,,,Tomasz,Stoklosa,Tomasz Stoklosa,Get the Best Route To Your Destination From Fellow Drivers,Practitioner / Doctor / Faculty,Hillenbrand,,Low,Web Search,Found
mark.woodhead@headlandmedia.com,,,Mark,Woodhead,Mark Woodhead,,Unknown,Headlandmedia,,,,Not Found
christian.ewald@umu.se,,,Christian,Ewald,Christian Ewald,,Unknown,Umu,,,,Not Found
jonny.holmstrom@umu.se,,,Jonny,Holmstrom,Jonny Holmstrom,,Unknown,Umu,,,,Not Found
tomas.blomquist@umu.se,,,Tomas,Blomquist,Tomas Blomquist,,Unknown,Umu,,,,Not Found
james.brown@umu.se,,,James,Brown,James Brown,,Unknown,Umu,,,,Not Found
marene.landstrom@umu.se,,,Marene,Landstrom,Marene Landstrom,,Unknown,Umu,,,,Not Found
ramy.shenouda@umu.se,,,Ramy,Shenouda,Ramy Shenouda,,Unknown,Umu,,,,Not Found
pallabi.sengupta@umu.se,,,Pallabi,Sengupta,Pallabi Sengupta,,Unknown,Umu,,,,Not Found
diego.calvanese@umu.se,,,Diego,Calvanese,Diego Calvanese,,Unknown,Umu,,,,Not Found
satyan@microsoft.com,,,Satyan,,Satyan,,Unknown,Microsoft,,,,Not Found
marc.mueller@4tecture.ch,,,Marc,Mueller,Marc Mueller,,Unknown,4tecture,,,,Not Found
groupvicechancellor@amity.edu,,,Groupvicechancellor,,Groupvicechancellor,,Unknown,Amity,,,,Not Found
aarora8@amity.edu,,,Aarora,,Aarora,Founder,Owner / Executive (C-Suite),Amity,,Low,Web Search,Found
schawla94@amity.edu,,,Schawla,,Schawla,,Unknown,Amity,,,,Not Found
dkumar@amity.edu,,,Dkumar,,Dkumar,,Unknown,Amity,,,,Not Found
mverma2@amity.edu,,,Mverma,,Mverma,Analyst,Professional,Amity,,Low,Web Search,Found
bbhardwaj@amity.edu,,,Bbhardwaj,,Bbhardwaj,Partner,Owner / Executive (C-Suite),Amity,,Low,Web Search,Found
vpandey@ptn.amity.edu,,,Vpandey,,Vpandey,Davan Vynne- Senior Vice President Finance,Owner / Executive (C-Suite),Ptn,,Medium,LinkedIn (Public Dork),Found
ajbhatnagar@amity.edu,,,Ajbhatnagar,,Ajbhatnagar,,Unknown,Amity,,,,Not Found
jirving@sbts.edu,,,Jirving,,Jirving,,Unknown,Sbts,,,,Not Found
rplummer@sbts.edu,,,Rplummer,,Rplummer,,Unknown,Sbts,,,,Not Found
moneill@sbts.edu,,,Moneill,,Moneill,,Unknown,Sbts,,,,Not Found
jhorner@sbts.edu,,,Jhorner,,Jhorner,,Unknown,Sbts,,,,Not Found
jheath@sbts.edu,,,Jheath,,Jheath,,Unknown,Sbts,,,,Not Found
swhitener@sbts.edu,,,Swhitener,,Swhitener,President,Owner / Executive (C-Suite),Sbts,,Low,Web Search,Found
jwilsey@sbts.edu,,,Jwilsey,,Jwilsey,,Unknown,Sbts,,,,Not Found
steve.smith@foodpackltd.co.uk,,,Steve,Smith,Steve Smith,,Unknown,Foodpackltd,,,,Not Found
azammd@aol.com,,,Azammd,,Azammd,,Unknown,,,,,Not Found
georgimaynell@aol.com,,,Georgimaynell,,Georgimaynell,and I Am the Chief Business Officer,Owner / Executive (C-Suite),,,Low,Web Search,Found
jbtneuro@aol.com,,,Jbtneuro,,Jbtneuro,,Unknown,,,,,Not Found
monicaclark77@aol.com,,,Monicaclark,,Monicaclark,,Unknown,,,,,Not Found
walk1313@aol.com,,,Walk,,Walk,,Unknown,,,,,Not Found
HUSAMALSADI@AOL.COM,,,,,,,,,,,,
rbnov28@aol.com,,,Rbnov,,Rbnov,,Unknown,,,,,Not Found
sgies1217@aol.com,,,Sgies,,Sgies,Owner,Owner / Executive (C-Suite),,,Low,Web Search,Found
prabu125@aol.com,,,Prabu,,Prabu,,Unknown,,,,,Not Found
rebecca@redrocksobgyn.com,,,Rebecca,,Rebecca,,Unknown,Redrocksobgyn,,,,Not Found
dione@redrocksobgyn.com,,,Dione,,Dione,,Unknown,Redrocksobgyn,,,,Not Found
emily@redrocksobgyn.com,,,Emily,,Emily,,Unknown,Redrocksobgyn,,,,Not Found
kristine@redrocksobgyn.com,,,Kristine,,Kristine,,Unknown,Redrocksobgyn,,,,Not Found
stephanie@redrocksobgyn.com,,,Stephanie,,Stephanie,,Unknown,Redrocksobgyn,,,,Not Found
marta@redrocksobgyn.com,,,Marta,,Marta,,Unknown,Redrocksobgyn,,,,Not Found
mmiller@nashobgyn.com,,,Mmiller,,Mmiller,Baxter:himba- Dining Chair,Director / VP,Nashobgyn,,Low,Web Search,Found
rene@craigranchobgyn.com,,,Rene,,Rene,,Unknown,Craigranchobgyn,,,,Not Found
jbills@allianceobgyn.com,,,Jbills,,Jbills,,Unknown,Allianceobgyn,,,,Not Found
ebills@allianceobgyn.com,,,Ebills,,Ebills,,Unknown,Allianceobgyn,,,,Not Found
tblack@omegaobgyn.com,,,Tblack,,Tblack,,Unknown,Omegaobgyn,,,,Not Found
ttucker@omegaobgyn.com,,,Ttucker,,Ttucker,,Unknown,Omegaobgyn,,,,Not Found
lserrano@omegaobgyn.com,,,Lserrano,,Lserrano,,Unknown,Omegaobgyn,,,,Not Found
lflorey@omegaobgyn.com,,,Lflorey,,Lflorey,Chief Technology Officer,Owner / Executive (C-Suite),Omegaobgyn,,Low,Web Search,Found
mhorne@omegaobgyn.com,,,Mhorne,,Mhorne,DB-GPT: Open-source Agentic AI Data Assistant,Staff / Coordinator,Omegaobgyn,,Low,Web Search,Found
drstacey@wihobgyn.com,,,Stacey,,Stacey,,Unknown,Wihobgyn,,,,Not Found
karen.edwards-key@ovationobgyn.com,,,Karen,Key,Karen Edwards Key,,Unknown,Ovationobgyn,,,,Not Found
lisas@magnoliaobgyn.com,,,Lisas,,Lisas,Analyst,Professional,Magnoliaobgyn,,Low,Web Search,Found
heather@magnoliaobgyn.com,,,Heather,,Heather,,Unknown,Magnoliaobgyn,,,,Not Found
sdunn@advgyn.com,,,Sdunn,,Sdunn,,Unknown,Advgyn,,,,Not Found
sfarmer@gyngeorgia.com,,,Sfarmer,,Sfarmer,,Unknown,Gyngeorgia,,,,Not Found
lwilson@gaprenatal.com,,,Lwilson,,Lwilson,President,Owner / Executive (C-Suite),Gaprenatal,,Low,Web Search,Found
gabrielm@ocpbc.com,,,Gabrielm,,Gabrielm,,Unknown,Ocpbc,,,,Not Found
maxm@ocpbc.com,,,Maxm,,Maxm,,Unknown,Ocpbc,,,,Not Found
colem@ocpbc.com,,,Colem,,Colem,,Unknown,Ocpbc,,,,Not Found
natalieh@ocpbc.com,,,Natalieh,,Natalieh,,Unknown,Ocpbc,,,,Not Found
liezl@katieostrommd.com,,,Liezl,,Liezl,,Unknown,Katieostrommd,,,,Not Found
cmikell@ogeecheeobgyn.com,,,Cmikell,,Cmikell,,Unknown,Ogeecheeobgyn,,,,Not Found
cplican@replyobgyn.com,,,Cplican,,Cplican,,Unknown,Replyobgyn,,,,Not Found
dcolloton@replyobgyn.com,,,Dcolloton,,Dcolloton,,Unknown,Replyobgyn,,,,Not Found
bburch@replyobgyn.com,,,Bburch,,Bburch,,Unknown,Replyobgyn,,,,Not Found
bmeier@replyobgyn.com,,,Bmeier,,Bmeier,Specialist,Staff / Coordinator,Replyobgyn,,Low,Web Search,Found
dzubrod@replyobgyn.com,,,Dzubrod,,Dzubrod,,Unknown,Replyobgyn,,,,Not Found
bstone@replyobgyn.com,,,Bstone,,Bstone,,Unknown,Replyobgyn,,,,Not Found
aayala@replyobgyn.com,,,Aayala,,Aayala,,Unknown,Replyobgyn,,,,Not Found
melanie@artspiretherapy.com,,,Melanie,,Melanie,AI Coding Partner From Openai,Owner / Executive (C-Suite),Artspiretherapy,,Low,Web Search,Found
emily.durfee@healthworx.com,,,Emily,Durfee,Emily Durfee,,Unknown,Health Worx,,,,Not Found
nirban.singh@healthworx.com,,,Nirban,Singh,Nirban Singh,,Unknown,Health Worx,,,,Not Found
laura.gomezcadena@healthworx.com,,,Laura,Gomezcadena,Laura Gomezcadena,,Unknown,Health Worx,,,,Not Found
dan.zohorsky@healthworx.com,,,Dan,Zohorsky,Dan Zohorsky,Founder,Owner / Executive (C-Suite),Health Worx,,Low,Web Search,Found
soo.jeon@healthworx.com,,,Soo,Jeon,Soo Jeon,,Unknown,Health Worx,,,,Not Found
bchao@kronoshealth.com,,,Bchao,,Bchao,President,Owner / Executive (C-Suite),Kronos Health,,Low,Web Search,Found
ecarpenter@kronoshealth.com,,,Ecarpenter,,Ecarpenter,,Unknown,Kronos Health,,,,Not Found
pschoonman@kronoshealth.com,,,Pschoonman,,Pschoonman,,Unknown,Kronos Health,,,,Not Found
amitchell@kronoshealth.com,,,Amitchell,,Amitchell,,Unknown,Kronos Health,,,,Not Found
rodneyrufo@os.health,,,Rodneyrufo,,Rodneyrufo,,Unknown,Os,,,,Not Found
jarettpeikert@wellworkforce.com,,,Jarettpeikert,,Jarettpeikert,,Unknown,Wellworkforce,,,,Not Found
michaelescobar@wellworkforce.com,,,Michaelescobar,,Michaelescobar,Chief Technology Officer,Owner / Executive (C-Suite),Wellworkforce,,Low,Web Search,Found
marksnow@wellworkforce.com,,,Marksnow,,Marksnow,President,Owner / Executive (C-Suite),Wellworkforce,,Low,Web Search,Found
kyracollins@wellworkforce.com,,,Kyracollins,,Kyracollins,,Unknown,Wellworkforce,,,,Not Found
kylebraulick@wellworkforce.com,,,Kylebraulick,,Kylebraulick,,Unknown,Wellworkforce,,,,Not Found
joehaan@wellworkforce.com,,,Joehaan,,Joehaan,,Unknown,Wellworkforce,,,,Not Found
kthede@wellworkforce.com,,,Kthede,,Kthede,,Unknown,Wellworkforce,,,,Not Found
codyhornsby@wellworkforce.com,,,Codyhornsby,,Codyhornsby,,Unknown,Wellworkforce,,,,Not Found
tking@redimed.com.au,,,Tking,,Tking,Chief Technology Officer,Owner / Executive (C-Suite),Redimed,,Low,Web Search,Found
gcasey@redimed.com.au,,,Gcasey,,Gcasey,,Unknown,Redimed,,,,Not Found
bmckay@redimed.com.au,,,Bmckay,,Bmckay,,Unknown,Redimed,,,,Not Found
lashmore@redimed.com.au,,,Lashmore,,Lashmore,,Unknown,Redimed,,,,Not Found
rchiam@redimed.com.au,,,Rchiam,,Rchiam,,Unknown,Redimed,,,,Not Found
ecunningham@redimed.com.au,,,Ecunningham,,Ecunningham,,Unknown,Redimed,,,,Not Found
atrajkovski@redimed.com.au,,,Atrajkovski,,Atrajkovski,,Unknown,Redimed,,,,Not Found
mtariq@jobsitecare.com,,,Mtariq,,Mtariq,President,Owner / Executive (C-Suite),Jobsite Care,,Low,Web Search,Found
tfridley@onsitehealth.com,,,Tfridley,,Tfridley,,Unknown,Onsite Health,,,,Not Found
msmith@onsitehealth.com,,,Mith,,Mith,,Unknown,Onsite Health,,,,Not Found
judy.peinado@workwellworks.com,,,Judy,Peinado,Judy Peinado,,Unknown,Workwellworks,,,,Not Found
kevin@ehsdocs.com,,,Kevin,,Kevin,,Unknown,Ehsdocs,,,,Not Found
adrian.canizales@usoncology.com,,,Adrian,Canizales,Adrian Canizales,,Unknown,Usoncology,,,,Not Found
dpingue@cancersf.com,,,Dpingue,,Dpingue,,Unknown,Cancersf,,,,Not Found
cmclaughlin@cancersf.com,,,Cmclaughlin,,Cmclaughlin,,Unknown,Cancersf,,,,Not Found
agropp@cancersf.com,,,Agropp,,Agropp,,Unknown,Cancersf,,,,Not Found
jlozanoyohn@cancersf.com,,,Jlozanoyohn,,Jlozanoyohn,,Unknown,Cancersf,,,,Not Found
rdillard@cancersf.com,,,Rdillard,,Rdillard,AI Coding Partner From Openai,Owner / Executive (C-Suite),Cancersf,,Low,Web Search,Found
lmaklary@cancersf.com,,,Lmaklary,,Lmaklary,,Unknown,Cancersf,,,,Not Found
lkommatas@cancersf.com,,,Lkommatas,,Lkommatas,President,Owner / Executive (C-Suite),Cancersf,,Low,Web Search,Found
shamekia.crum@gacancer.com,,,Shamekia,Crum,Shamekia Crum,,Unknown,Gacancer,,,,Not Found
johanna.edwards@gacancer.com,,,Johanna,Edwards,Johanna Edwards,Chief Technology Officer,Owner / Executive (C-Suite),Gacancer,,Low,Web Search,Found
ricky.seales@flcancer.com,,,Ricky,Seales,Ricky Seales,,Unknown,Flcancer,,,,Not Found
riad.ibrahimi@bamfhealth.com,,,Riad,Ibrahimi,Riad Ibrahimi,,Unknown,Bamf Health,,,,Not Found
kwilliams@eyecareassociates.com,,,Kwilliams,,Kwilliams,,Unknown,Eye Care Associates,,,,Not Found
vplessinger@eyecareassociates.com,,,Vplessinger,,Vplessinger,,Unknown,Eye Care Associates,,,,Not Found
rsok@eyecareassociates.com,,,Rsok,,Rsok,EPFO Assistant 2019 Admit Will Be Releasing Soon,Staff / Coordinator,Eye Care Associates,,Low,Web Search,Found
kstillwagon@eyecareassociates.com,,,Kstillwagon,,Kstillwagon,,Unknown,Eye Care Associates,,,,Not Found
cbrown@eyecareassociates.com,,,Cbrown,,Cbrown,,Unknown,Eye Care Associates,,,,Not Found
msierra@eyecareassociates.com,,,Ierra,,Ierra,,Unknown,Eye Care Associates,,,,Not Found
cheryl@coastaleye.com,,,Cheryl,,Cheryl,Administrator Updates To Visual Studio 2019,Manager / Admin,Coastal Eye,,Low,Web Search,Found
diana@coastaleye.com,,,Diana,,Diana,,Unknown,Coastal Eye,,,,Not Found
nicole@coastaleye.com,,,Nicole,,Nicole,Specialist,Staff / Coordinator,Coastal Eye,,Low,Web Search,Found
akidd@southerneyenetwork.com,,,Akidd,,Akidd,,Unknown,Southern Eye Network,,,,Not Found
akhatana@cvphealth.com,,,Akhatana,,Akhatana,‪assistant Professor‬,Practitioner / Doctor / Faculty,Cvp Health,,Low,Web Search,Found
mmitchell@cincinnatieye.com,,,Mmitchell,,Mmitchell,,Unknown,Cincinnati Eye,,,,Not Found
christine-w@omnieyeservices.com,,,Christine,W,Christine W,Principal,Owner / Executive (C-Suite),Omni Eye Services,,Low,Web Search,Found
anthony.vazquez@nvisioncenters.com,,,Anthony,Vazquez,Anthony Vazquez,,Unknown,N Vision Center S,,,,Not Found
lesley.alstrom@victoriaeyecenter.net,,,Lesley,Alstrom,Lesley Alstrom,Chief Technology Officer,Owner / Executive (C-Suite),Victoria Eye Center,,Low,Web Search,Found
suzy.bray@nvisioncenters.com,,,Suzy,Bray,Suzy Bray,CEO,Owner / Executive (C-Suite),N Vision Center S,,Low,Web Search,Found
jboren@exceleyecenter.com,,,Jboren,,Jboren,Doctor,Practitioner / Doctor / Faculty,Excel Eye Center,,Low,Web Search,Found
twilliams@exceleyecenter.com,,,Twilliams,,Twilliams,,Unknown,Excel Eye Center,,,,Not Found
ann-l@omnieyeservices.com,,,Ann,L,Ann L,,Unknown,Omni Eye Services,,,,Not Found
hajnalka.nagy@nvisioncenters.com,,,Hajnalka,Nagy,Hajnalka Nagy,,Unknown,N Vision Center S,,,,Not Found
kwoods@exceleyecenter.com,,,Kwoods,,Kwoods,,Unknown,Excel Eye Center,,,,Not Found
john.hays@nvisioncenters.com,,,John,Hays,John Hays,,Unknown,N Vision Center S,,,,Not Found
b.spier@nnjei.com,,,B,Spier,B Spier,,Unknown,Nnjei,,,,Not Found
ana-espinal@omnieyeservices.com,,,Ana,Espinal,Ana Espinal,,Unknown,Omni Eye Services,,,,Not Found
svitale@nnjei.com,,,Svitale,,Svitale,,Unknown,Nnjei,,,,Not Found
slilly@exceleyecenter.com,,,Slilly,,Slilly,,Unknown,Excel Eye Center,,,,Not Found
warner.sallman@nvisioncenters.com,,,Warner,Sallman,Warner Sallman,,Unknown,N Vision Center S,,,,Not Found
jennifer.molina@nvisioncenters.com,,,Jennifer,Molina,Jennifer Molina,,Unknown,N Vision Center S,,,,Not Found
fiorella.chuquipul@nvisioncenters.com,,,Fiorella,Chuquipul,Fiorella Chuquipul,,Unknown,N Vision Center S,,,,Not Found
ckarkenny@nvisioncenters.com,,,Ckarkenny,,Ckarkenny,President,Owner / Executive (C-Suite),N Vision Center S,,Low,Web Search,Found
araventos@nnjei.com,,,Araventos,,Araventos,,Unknown,Nnjei,,,,Not Found
jennifer.guy@nvisioncenters.com,,,Jennifer,Guy,Jennifer Guy,,Unknown,N Vision Center S,,,,Not Found
rscalice@horizoneyecare.com,,,Rscalice,,Rscalice,,Unknown,Horizon Eye Care,,,,Not Found
mparsons@exceleyecenter.com,,,Mparsons,,Mparsons,,Unknown,Excel Eye Center,,,,Not Found
oded.fuchs@nvisioncenters.com,,,Oded,Fuchs,Oded Fuchs,,Unknown,N Vision Center S,,,,Not Found
allen.kim@nvisioncenters.com,,,Allen,Kim,Allen Kim,,Unknown,N Vision Center S,,,,Not Found
paola.mejia@nvisioncenters.com,,,Paola,Mejia,Paola Mejia,,Unknown,N Vision Center S,,,,Not Found
claudia.moran@nvisioncenters.com,,,Claudia,Moran,Claudia Moran,,Unknown,N Vision Center S,,,,Not Found
allyssa.garcia@nvisioncenters.com,,,Allyssa,Garcia,Allyssa Garcia,,Unknown,N Vision Center S,,,,Not Found
fbasich@sloeyemd.com,,,Fbasich,,Fbasich,Your AI Assistant From Google,Staff / Coordinator,Slo Eye Md,,Low,Web Search,Found
vanessa.muniz@nvisioncenters.com,,,Vanessa,Muniz,Vanessa Muniz,,Unknown,N Vision Center S,,,,Not Found
alison.marcek@nvisioncenters.com,,,Alison,Marcek,Alison Marcek,,Unknown,N Vision Center S,,,,Not Found
siyoune.torousian@nvisioncenters.com,,,Siyoune,Torousian,Siyoune Torousian,Psychologist,Professional,N Vision Center S,,Low,Web Search,Found
jgealy@sloeyemd.com,,,Jgealy,,Jgealy,President,Owner / Executive (C-Suite),Slo Eye Md,,Low,Web Search,Found
ahedayati@liocny.com,,,Ahedayati,,Ahedayati,Partner,Owner / Executive (C-Suite),Liocny,,Low,Web Search,Found
svold@voldvision.com,,,Svold,,Svold,,Unknown,Vold Vision,,,,Not Found
shritz@voldvision.com,,,Shritz,,Shritz,,Unknown,Vold Vision,,,,Not Found
dmcgee@voldvision.com,,,Dmcgee,,Dmcgee,Dentist,Practitioner / Doctor / Faculty,Vold Vision,,Low,Web Search,Found
dgriffin@voldvision.com,,,Dgriffin,,Dgriffin,,Unknown,Vold Vision,,,,Not Found
cmorse@voldvision.com,,,Cmorse,,Cmorse,,Unknown,Vold Vision,,,,Not Found
apumphrey@voldvision.com,,,Apumphrey,,Apumphrey,,Unknown,Vold Vision,,,,Not Found
shiggins@voldvision.com,,,Shiggins,,Shiggins,,Unknown,Vold Vision,,,,Not Found
nikki.slatten@sawyereyecenter.com,,,Nikki,Slatten,Nikki Slatten,,Unknown,Sawyer Eye Center,,,,Not Found
specs@ahrenseyeworks.com,,,Specs,,Specs,Project Manager,Manager / Admin,Ahrens Eye Works,,Low,Web Search,Found
dreed@speyecare.com,,,Eed,,Eed,Ads Manager,Manager / Admin,Sp Eye Care,,Low,Web Search,Found
jordan.cox@sawyereyecenter.com,,,Jordan,Cox,Jordan Cox,Co-Owner,Owner / Executive (C-Suite),Sawyer Eye Center,,Low,Web Search,Found
cburns@eyecenteroftexas.com,,,Cburns,,Cburns,,Unknown,Eye Center Oftexas,,,,Not Found
simbran.bhaidani@eyecenteroftexas.com,,,Simbran,Bhaidani,Simbran Bhaidani,,Unknown,Eye Center Oftexas,,,,Not Found
mmayo@eyecenteroftexas.com,,,Mmayo,,Mmayo,,Unknown,Eye Center Oftexas,,,,Not Found
mlee@eyecenteroftexas.com,,,Mlee,,Mlee,,Unknown,Eye Center Oftexas,,,,Not Found
yahmed@eyecenteroftexas.com,,,Yahmed,,Yahmed,,Unknown,Eye Center Oftexas,,,,Not Found
abachman@eyecenteroftexas.com,,,Abachman,,Abachman,,Unknown,Eye Center Oftexas,,,,Not Found
salic@southerneyenetwork.com,,,Salic,,Salic,,Unknown,Southern Eye Network,,,,Not Found
kbreland@southerneyenetwork.com,,,Kbreland,,Kbreland,Chief Technology Officer,Owner / Executive (C-Suite),Southern Eye Network,,Low,Web Search,Found
kscarrow@hoaeyes.com,,,Kscarrow,,Kscarrow,SVP,Director / VP,Hoa Eye S,,Low,Web Search,Found
gcline@hoaeyes.com,,,Gcline,,Gcline,,Unknown,Hoa Eye S,,,,Not Found
aumphress@hoaeyes.com,,,Aumphress,,Aumphress,Owner,Owner / Executive (C-Suite),Hoa Eye S,,Low,Web Search,Found
kthibodeaux@eyecareneworleans.com,,,Kthibodeaux,,Kthibodeaux,,Unknown,Eye Care Neworleans,,,,Not Found
mlutz@aiovision.com,,,Mlutz,,Mlutz,,Unknown,Aio Vision,,,,Not Found
cgraham@theeyecaregroup.com,,,Cgraham,,Cgraham,,Unknown,The Eye Care Group,,,,Not Found
gwaring@waringvision.com,,,Gwaring,,Gwaring,Partner,Owner / Executive (C-Suite),Waring Vision,,Low,Web Search,Found
phorres@waringvision.com,,,Phorres,,Phorres,,Unknown,Waring Vision,,,,Not Found
pbranden@theeyecaregroup.com,,,Pbranden,,Pbranden,,Unknown,The Eye Care Group,,,,Not Found
jjwachter@eyecare-partners.com,,,Jjwachter,,Jjwachter,,Unknown,Eye Care Partners,,,,Not Found
bethn@cfvi.net,,,Bethn,,Bethn,Owner,Owner / Executive (C-Suite),Cfvi,,Low,Web Search,Found
dbrown@cfvi.net,,,Dbrown,,Dbrown,,Unknown,Cfvi,,,,Not Found
soniabm@cfvi.net,,,Soniabm,,Soniabm,,Unknown,Cfvi,,,,Not Found
akhan@outlookeyecare.com,,,Akhan,,Akhan,Doctor,Practitioner / Doctor / Faculty,Outlook Eye Care,,Low,Web Search,Found
cescoto@hudsoneye.com,,,Cescoto,,Cescoto,,Unknown,Hudson Eye,,,,Not Found
whconstad@hudsoneye.com,,,Whconstad,,Whconstad,,Unknown,Hudson Eye,,,,Not Found
anicholas@centralmarylandeye.com,,,Anicholas,,Anicholas,,Unknown,Centralmaryland Eye,,,,Not Found
kschultz@akreclarkeyecare.com,,,Kschultz,,Kschultz,Director,Director / VP,Akreclark Eye Care,,Low,Web Search,Found
lgalik@vision144.com,,,Lgalik,,Lgalik,,Unknown,Vision 144,,,,Not Found
shearn@arthritiskneepain.com,,,Shearn,,Shearn,,Unknown,Arthritiskneepain,,,,Not Found
mjorgensen@arthritiskneepain.com,,,Mjorgensen,,Mjorgensen,,Unknown,Arthritiskneepain,,,,Not Found
eromero@arthritiskneepain.com,,,Eromero,,Eromero,,Unknown,Arthritiskneepain,,,,Not Found
klowery@arthritiskneepain.com,,,Klowery,,Klowery,President,Owner / Executive (C-Suite),Arthritiskneepain,,Low,Web Search,Found
laurie@froula.com,,,Laurie,,Laurie,,Unknown,Froula,,,,Not Found
smacdonald@posmc.com,,,Smacdonald,,Smacdonald,,Unknown,Posmc,,,,Not Found
awright@posmc.com,,,Awright,,Awright,,Unknown,Posmc,,,,Not Found
msiren@posmc.com,,,Iren,,Iren,,Unknown,Posmc,,,,Not Found
dgrosser@posmc.com,,,Dgrosser,,Dgrosser,,Unknown,Posmc,,,,Not Found
bhand@posmc.com,,,Bhand,,Bhand,,Unknown,Posmc,,,,Not Found
rmehta@posmc.com,,,Rmehta,,Rmehta,,Unknown,Posmc,,,,Not Found
pamz@orthorehab.com,,,Pamz,,Pamz,,Unknown,Ortho Rehab,,,,Not Found
theresa.m@orthorehab.com,,,Theresa,M,Theresa M,,Unknown,Ortho Rehab,,,,Not Found
ttracy@orthorehab.com,,,Ttracy,,Ttracy,Analyst,Professional,Ortho Rehab,,Low,Web Search,Found
damy@orthorehab.com,,,Damy,,Damy,President,Owner / Executive (C-Suite),Ortho Rehab,,Low,Web Search,Found
bmoerkerke@orthorehab.com,,,Bmoerkerke,,Bmoerkerke,DB-GPT: Open-source Agentic AI Data Assistant,Staff / Coordinator,Ortho Rehab,,Low,Web Search,Found
ivanl@midlandsortho.com,,,Ivanl,,Ivanl,,Unknown,Midlands Ortho,,,,Not Found
gloriat@midlandsortho.com,,,Gloriat,,Gloriat,Partner,Owner / Executive (C-Suite),Midlands Ortho,,Low,Web Search,Found
evelynw@midlandsortho.com,,,Evelynw,,Evelynw,,Unknown,Midlands Ortho,,,,Not Found
amanda.kennedy@mediciortho.com,,,Amanda,Kennedy,Amanda Kennedy,,Unknown,Medici Ortho,,,,Not Found
avanpelt@orthowisconsin.com,,,Avanpelt,,Avanpelt,,Unknown,Ortho Wisconsin,,,,Not Found
kfitch@orthowisconsin.com,,,Kfitch,,Kfitch,,Unknown,Ortho Wisconsin,,,,Not Found
greg.guymon@meridianortho.com,,,Greg,Guymon,Greg Guymon,,Unknown,Meridian Ortho,,,,Not Found
ssmiley@oppj.org,,,Ssmiley,,Ssmiley,,Unknown,Oppj,,,,Not Found
ddrumgo@oppj.org,,,Ddrumgo,,Ddrumgo,,Unknown,Oppj,,,,Not Found
mmaier@campbellclinic.com,,,Mmaier,,Mmaier,,Unknown,Campbell Clinic,,,,Not Found
kgray@advantageorthopedic.com,,,Kgray,,Kgray,President,Owner / Executive (C-Suite),Advantage Ortho Pedic,,Low,Web Search,Found
mkeirns@fwhuston.com,,,Mkeirns,,Mkeirns,,Unknown,Fwhuston,,,,Not Found
snicholas@newyorkorthopedics.com,,,Snicholas,,Snicholas,,Unknown,Newyork Ortho Pedics,,,,Not Found
priyac@pboi.com,,,Priyac,,Priyac,,Unknown,Pboi,,,,Not Found
dbertine@southflaortho.com,,,Dbertine,,Dbertine,,Unknown,Southfla Ortho,,,,Not Found
ancunningham@joint-docs.com,,,Ancunningham,,Ancunningham,,Unknown,Joint Docs,,,,Not Found
msheridan@southflaortho.com,,,Heridan,,Heridan,,Unknown,Southfla Ortho,,,,Not Found
dpowell@southflaortho.com,,,Dpowell,,Dpowell,,Unknown,Southfla Ortho,,,,Not Found
elayman@southflaortho.com,,,Elayman,,Elayman,Chief Executive Officer,Owner / Executive (C-Suite),Southfla Ortho,,Low,Web Search,Found
lmitchell@beaconortho.com,,,Lmitchell,,Lmitchell,,Unknown,Beacon Ortho,,,,Not Found
nmcmullen@southflaortho.com,,,Nmcmullen,,Nmcmullen,,Unknown,Southfla Ortho,,,,Not Found
kdickson@southflaortho.com,,,Kdickson,,Kdickson,,Unknown,Southfla Ortho,,,,Not Found
cghobbs@southflaortho.com,,,Cghobbs,,Cghobbs,,Unknown,Southfla Ortho,,,,Not Found
kmcbride@beaconortho.com,,,Kmcbride,,Kmcbride,,Unknown,Beacon Ortho,,,,Not Found
msmith@southflaortho.com,,,Mith,,Mith,,Unknown,Southfla Ortho,,,,Not Found
jkoser@fixbones.com,,,Jkoser,,Jkoser,Director,Director / VP,Fixbones,,Low,Web Search,Found
jschacterdo@pinnacleorthowf.com,,,Jschacterdo,,Jschacterdo,,Unknown,Pinnacle Ortho Wf,,,,Not Found
kanderson@elevateorthopedics.com,,,Kanderson,,Kanderson,Chief Technology Officer,Owner / Executive (C-Suite),Elevate Ortho Pedics,,Low,Web Search,Found
kdaniels@orthoga.org,,,Kdaniels,,Kdaniels,,Unknown,Ortho Ga,,,,Not Found
kguzman@fixbones.com,,,Kguzman,,Kguzman,Owner,Owner / Executive (C-Suite),Fixbones,,Low,Web Search,Found
tcoker@ozarkorthopaedic.com,,,Tcoker,,Tcoker,Ayuda De Google Ad Manager,Manager / Admin,Ozark Ortho Paedic,,Low,Web Search,Found
troy.ardoin@orthoarkansas.com,,,Troy,Ardoin,Troy Ardoin,Registered Nurse,Professional,Ortho Arkansas,,Medium,Web Search,Found
wlc@fixbones.com,,,Wlc,,Wlc,,Unknown,Fixbones,,,,Not Found
zankhana.patel@orthoarkansas.com,,,Zankhana,Patel,Zankhana Patel,,Unknown,Ortho Arkansas,,,,Not Found
tsanchez@orclinic.com,,,Tsanchez,,Tsanchez,,Unknown,Or Clinic,,,,Not Found
amiles@orclinic.com,,,Amiles,,Amiles,,Unknown,Or Clinic,,,,Not Found
pkrull@orclinic.com,,,Pkrull,,Pkrull,,Unknown,Or Clinic,,,,Not Found
jpeck@greatbasinortho.com,,,Jpeck,,Jpeck,Coordinator,Staff / Coordinator,Greatbasin Ortho,,Low,Web Search,Found
kgulling@greatbasinortho.com,,,Kgulling,,Kgulling,DB-GPT: Open-source Agentic AI Data Assistant,Staff / Coordinator,Greatbasin Ortho,,Low,Web Search,Found
kwaller@greatbasinortho.com,,,Kwaller,,Kwaller,Analyst,Professional,Greatbasin Ortho,https://www.apollo.io/people/Heyward/Benton/5e61154aa1695e00010f06e1,Medium,Apollo.io (Public Dork),Found
dhickey@greatbasinortho.com,,,Dhickey,,Dhickey,Owner,Owner / Executive (C-Suite),Greatbasin Ortho,,Low,Web Search,Found
dnagl@greatbasinortho.com,,,Dnagl,,Dnagl,Analyst,Professional,Greatbasin Ortho,,Low,Web Search,Found
mbenitezflores@greatbasinortho.com,,,Mbenitezflores,,Mbenitezflores,,Unknown,Greatbasin Ortho,,,,Not Found
ajanas@greatbasinortho.com,,,Ajanas,,Ajanas,,Unknown,Greatbasin Ortho,,,,Not Found
ktunsil@greatbasinortho.com,,,Ktunsil,,Ktunsil,,Unknown,Greatbasin Ortho,,,,Not Found
mrivera@greatbasinortho.com,,,Ivera,,Ivera,Download Manager,Manager / Admin,Greatbasin Ortho,,Low,Web Search,Found
jgoff@greatbasinortho.com,,,Jgoff,,Jgoff,,Unknown,Greatbasin Ortho,,,,Not Found
blindsey@orthoga.org,,,Blindsey,,Blindsey,,Unknown,Ortho Ga,,,,Not Found
adriana@fl-ortho.com,,,Adriana,,Adriana,Partner,Owner / Executive (C-Suite),Fl Ortho,,Low,Web Search,Found
cpokabla@orthosouth.org,,,Cpokabla,,Cpokabla,,Unknown,Ortho South,,,,Not Found
kjenkins@orthosouth.org,,,Kjenkins,,Kjenkins,,Unknown,Ortho South,,,,Not Found
ddeneka@orthosouth.org,,,Ddeneka,,Ddeneka,,Unknown,Ortho South,,,,Not Found
vgoz@renoortho.com,,,Vgoz,,Vgoz,,Unknown,Reno Ortho,,,,Not Found
alencioni@renoortho.com,,,Alencioni,,Alencioni,Analyst,Professional,Reno Ortho,,Low,Web Search,Found
swarren@renoortho.com,,,Swarren,,Swarren,,Unknown,Reno Ortho,,,,Not Found
johnt@renoortho.com,,,Johnt,,Johnt,,Unknown,Reno Ortho,,,,Not Found
mcox@chathamortho.com,,,Mcox,,Mcox,,Unknown,Chatham Ortho,,,,Not Found
rpolsinelli@chathamortho.com,,,Rpolsinelli,,Rpolsinelli,,Unknown,Chatham Ortho,,,,Not Found
kwhitley@chathamortho.com,,,Kwhitley,,Kwhitley,,Unknown,Chatham Ortho,,,,Not Found
kslatkovsky@chathamortho.com,,,Kslatkovsky,,Kslatkovsky,,Unknown,Chatham Ortho,,,,Not Found
lgiles@umpquaortho.com,,,Lgiles,,Lgiles,,Unknown,Umpqua Ortho,,,,Not Found
kwalcher@upstateoa.com,,,Kwalcher,,Kwalcher,,Unknown,Upstateoa,,,,Not Found
jfoley@newportortho.com,,,Jfoley,,Jfoley,,Unknown,Newport Ortho,,,,Not Found
lissaowen@newportortho.com,,,Lissaowen,,Lissaowen,Director,Director / VP,Newport Ortho,,Low,Web Search,Found
pvaldovinos@newportortho.com,,,Pvaldovinos,,Pvaldovinos,,Unknown,Newport Ortho,,,,Not Found
jwilliams@oppj.org,,,Jwilliams,,Jwilliams,CEO,Owner / Executive (C-Suite),Oppj,,Low,Web Search,Found
arogan@drnortho.com,,,Arogan,,Arogan,,Unknown,Drn Ortho,,,,Not Found
tprashad@oibortho.com,,,Tprashad,,Tprashad,,Unknown,Oib Ortho,,,,Not Found
ccollicott@orthosc.org,,,Ccollicott,,Ccollicott,,Unknown,Ortho Sc,,,,Not Found
pmcdaid@oaainstitute.com,,,Pmcdaid,,Pmcdaid,,Unknown,Oaainstitute,,,,Not Found
jschecter@orthomichigan.com,,,Jschecter,,Jschecter,CEO,Owner / Executive (C-Suite),Ortho Michigan,,Low,Web Search,Found
terri.kraft@americanhipinstitute.com,,,Terri,Kraft,Terri Kraft,,Unknown,Americanhipinstitute,,,,Not Found
jenniferbatshon@midamericaortho.com,,,Jenniferbatshon,,Jenniferbatshon,,Unknown,Midamerica Ortho,,,,Not Found
arobinson@columbusortho.com,,,Arobinson,,Arobinson,,Unknown,Columbus Ortho,,,,Not Found
kristen.stupay@concordortho.com,,,Kristen,Stupay,Kristen Stupay,,Unknown,Concord Ortho,,,,Not Found
brendan.higgins@concordortho.com,,,Brendan,Higgins,Brendan Higgins,,Unknown,Concord Ortho,,,,Not Found
kevin.mccall@concordortho.com,,,Kevin,Mccall,Kevin Mccall,,Unknown,Concord Ortho,,,,Not Found
samantha.harris@concordortho.com,,,Samantha,Harris,Samantha Harris,Chief Technology Officer,Owner / Executive (C-Suite),Concord Ortho,,Low,Web Search,Found
janice.he@concordortho.com,,,Janice,He,Janice He,CEO,Owner / Executive (C-Suite),Concord Ortho,,Low,Web Search,Found
mahima.bhattacharjee@concordortho.com,,,Mahima,Bhattacharjee,Mahima Bhattacharjee,,Unknown,Concord Ortho,,,,Not Found
lena.cheyne@concordortho.com,,,Lena,Cheyne,Lena Cheyne,,Unknown,Concord Ortho,,,,Not Found
mmoore@hughston.com,,,Mmoore,,Mmoore,,Unknown,Hughston,,,,Not Found
kbeecher@hughston.com,,,Kbeecher,,Kbeecher,,Unknown,Hughston,,,,Not Found
csavory@hughston.com,,,Csavory,,Csavory,Owner,Owner / Executive (C-Suite),Hughston,,Low,Web Search,Found
SMartinez@orthoaustin.com,,,,,,,,,,,,
cermis@orthoaustin.com,,,Cermis,,Cermis,,Unknown,Ortho Austin,,,,Not Found
levi.bauer@orthoarkansas.com,,,Levi,Bauer,Levi Bauer,,Unknown,Ortho Arkansas,,,,Not Found
ldunne@oaainstitute.com,,,Ldunne,,Ldunne,,Unknown,Oaainstitute,,,,Not Found
lmoore@oaainstitute.com,,,Lmoore,,Lmoore,Set Up Partner Sharing,Owner / Executive (C-Suite),Oaainstitute,,Low,Web Search,Found
lweiss@oaainstitute.com,,,Lweiss,,Lweiss,,Unknown,Oaainstitute,,,,Not Found
PBermudez@orthoaustin.com,,,,,,,,,,,,
bcook@oaainstitute.com,,,Bcook,,Bcook,Partner,Owner / Executive (C-Suite),Oaainstitute,,Low,Web Search,Found
rparry@ct-ortho.com,,,Rparry,,Rparry,,Unknown,Ct Ortho,,,,Not Found
mnakashian@oibortho.com,,,Mnakashian,,Mnakashian,,Unknown,Oib Ortho,,,,Not Found
matt@hockingortho.com,,,Matt,,Matt,,Unknown,Hocking Ortho,,,,Not Found
gavin@pposac.com,,,Gavin,,Gavin,,Unknown,Pposac,,,,Not Found
kalvarado@tsaog.com,,,Kalvarado,,Kalvarado,,Unknown,Tsaog,,,,Not Found
lori.carter@teamtoc.com,,,Lori,Carter,Lori Carter,,Unknown,Teamtoc,,,,Not Found
louis.jones@orthoarkansas.com,,,Louis,Jones,Louis Jones,,Unknown,Ortho Arkansas,,,,Not Found
paige.hadidon@orthoarkansas.com,,,Paige,Hadidon,Paige Hadidon,,Unknown,Ortho Arkansas,,,,Not Found
paige.simpson@orthoarkansas.com,,,Paige,Simpson,Paige Simpson,,Unknown,Ortho Arkansas,,,,Not Found
richard.wirges@orthoarkansas.com,,,Richard,Wirges,Richard Wirges,,Unknown,Ortho Arkansas,,,,Not Found
gpoulter@orthoindy.com,,,Gpoulter,,Gpoulter,,Unknown,Ortho Indy,,,,Not Found
otaibl@ohinj.org,,,Otaibl,,Otaibl,,Unknown,Ohinj,,,,Not Found
cmcintosh@ohinj.org,,,Cmcintosh,,Cmcintosh,,Unknown,Ohinj,,,,Not Found
sfulcher@chathamortho.com,,,Sfulcher,,Sfulcher,,Unknown,Chatham Ortho,,,,Not Found
rmontano@midamericaortho.com,,,Rmontano,,Rmontano,,Unknown,Midamerica Ortho,,,,Not Found
christopher.daley@emergeortho.com,,,Christopher,Daley,Christopher Daley,,Unknown,Emerge Ortho,,,,Not Found
frank.aluisio@emergeortho.com,,,Frank,Aluisio,Frank Aluisio,,Unknown,Emerge Ortho,,,,Not Found
zachary.welch@emergeortho.com,,,Zachary,Welch,Zachary Welch,,Unknown,Emerge Ortho,,,,Not Found
michael.berwanger@emergeortho.com,,,Michael,Berwanger,Michael Berwanger,,Unknown,Emerge Ortho,,,,Not Found
marisa.henry@emergeortho.com,,,Marisa,Henry,Marisa Henry,,Unknown,Emerge Ortho,,,,Not Found
sbowman@floridaortho.com,,,Sbowman,,Sbowman,,Unknown,Florida Ortho,,,,Not Found
danielle.frost@oawf.com,,,Danielle,Frost,Danielle Frost,,Unknown,Oawf,,,,Not Found
lheath@floridaortho.com,,,Lheath,,Lheath,,Unknown,Florida Ortho,,,,Not Found
debsnow@oawf.com,,,Debsnow,,Debsnow,,Unknown,Oawf,,,,Not Found
jmorgan@floridaortho.com,,,Jmorgan,,Jmorgan,,Unknown,Florida Ortho,,,,Not Found
blanglais@oawf.com,,,Blanglais,,Blanglais,,Unknown,Oawf,,,,Not Found
mnolte@orthowisconsin.com,,,Mnolte,,Mnolte,CFO,Professional,Ortho Wisconsin,,Low,Web Search,Found
jmiller@orthowisconsin.com,,,Jmiller,,Jmiller,,Unknown,Ortho Wisconsin,,,,Not Found
adrake@orthowisconsin.com,,,Adrake,,Adrake,,Unknown,Ortho Wisconsin,,,,Not Found
kblindauer@orthowisconsin.com,,,Kblindauer,,Kblindauer,Administrator Guide,Manager / Admin,Ortho Wisconsin,,Low,Web Search,Found
mkelly@orthowisconsin.com,,,Mkelly,,Mkelly,,Unknown,Ortho Wisconsin,,,,Not Found
dtucker@orthowisconsin.com,,,Dtucker,,Dtucker,,Unknown,Ortho Wisconsin,,,,Not Found
rhall@nebraskaortho.com,,,Rhall,,Rhall,,Unknown,Nebraska Ortho,,,,Not Found
jpetersen@nebraskaortho.com,,,Jpetersen,,Jpetersen,,Unknown,Nebraska Ortho,,,,Not Found
boligmueller@nebraskaortho.com,,,Boligmueller,,Boligmueller,Owner,Owner / Executive (C-Suite),Nebraska Ortho,,Low,Web Search,Found
bwoodhead@nebraskaortho.com,,,Bwoodhead,,Bwoodhead,Chief Technology Officer,Owner / Executive (C-Suite),Nebraska Ortho,,Low,Web Search,Found
mblair@nebraskaortho.com,,,Mblair,,Mblair,,Unknown,Nebraska Ortho,,,,Not Found
cmitchell@nebraskaortho.com,,,Cmitchell,,Cmitchell,,Unknown,Nebraska Ortho,,,,Not Found
amcintyre@nebraskaortho.com,,,Amcintyre,,Amcintyre,,Unknown,Nebraska Ortho,,,,Not Found
rodneyrufo@orthopaedicspecialists.com,,,Rodneyrufo,,Rodneyrufo,,Unknown,Ortho Paedicspecialists,,,,Not Found
bryant.acquaro@allianceortho.com,,,Bryant,Acquaro,Bryant Acquaro,,Unknown,Alliance Ortho,,,,Not Found
salvatore.montuori@allianceortho.com,,,Salvatore,Montuori,Salvatore Montuori,Partner,Owner / Executive (C-Suite),Alliance Ortho,,Low,Web Search,Found
megan.mcdermott@allianceortho.com,,,Megan,Mcdermott,Megan Mcdermott,,Unknown,Alliance Ortho,,,,Not Found
brooke.livesey@allianceortho.com,,,Brooke,Livesey,Brooke Livesey,,Unknown,Alliance Ortho,,,,Not Found
mark.seelen@orthoassociates.com,,,Mark,Seelen,Mark Seelen,,Unknown,Ortho Associates,,,,Not Found
samantha.smith@orthoassociates.com,,,Samantha,Smith,Samantha Smith,DB-GPT: Open-source Agentic AI Data Assistant,Staff / Coordinator,Ortho Associates,,Low,Web Search,Found
megan.savino@orthoassociates.com,,,Megan,Savino,Megan Savino,,Unknown,Ortho Associates,,,,Not Found
brittany.ohora@orthoassociates.com,,,Brittany,Ohora,Brittany Ohora,,Unknown,Ortho Associates,,,,Not Found
emily.belgard@orthoassociates.com,,,Emily,Belgard,Emily Belgard,CRO,Professional,Ortho Associates,,Low,Web Search,Found
alison.doiron@orthoassociates.com,,,Alison,Doiron,Alison Doiron,,Unknown,Ortho Associates,,,,Not Found
zabbott@olyortho.com,,,Zabbott,,Zabbott,,Unknown,Oly Ortho,,,,Not Found
jbonevich@ohinj.org,,,Jbonevich,,Jbonevich,,Unknown,Ohinj,,,,Not Found
rescamilla@nebraskaortho.com,,,Rescamilla,,Rescamilla,,Unknown,Nebraska Ortho,,,,Not Found
elizabeth.stevens@emergeortho.com,,,Elizabeth,Stevens,Elizabeth Stevens,,Unknown,Emerge Ortho,,,,Not Found
lward@oaswo.com,,,Lward,,Lward,,Unknown,Oaswo,,,,Not Found
mbutler@venturaortho.com,,,Mbutler,,Mbutler,,Unknown,Ventura Ortho,,,,Not Found
erosenbloom@englewoodortho.com,,,Erosenbloom,,Erosenbloom,,Unknown,Englewood Ortho,,,,Not Found
rbyrnes@englewoodortho.com,,,Rbyrnes,,Rbyrnes,,Unknown,Englewood Ortho,,,,Not Found
yleesheng@englewoodortho.com,,,Yleesheng,,Yleesheng,,Unknown,Englewood Ortho,,,,Not Found
clenhardt@englewoodortho.com,,,Clenhardt,,Clenhardt,,Unknown,Englewood Ortho,,,,Not Found
dchuang@englewoodortho.com,,,Dchuang,,Dchuang,Your AI Assistant From Google,Staff / Coordinator,Englewood Ortho,,Low,Web Search,Found
jkripalani@englewoodortho.com,,,Jkripalani,,Jkripalani,,Unknown,Englewood Ortho,,,,Not Found
jlee@englewoodortho.com,,,Jlee,,Jlee,,Unknown,Englewood Ortho,,,,Not Found
kleddy@oibortho.com,,,Kleddy,,Kleddy,Partner,Owner / Executive (C-Suite),Oib Ortho,,Low,Web Search,Found
asipple@ohinj.org,,,Asipple,,Asipple,,Unknown,Ohinj,,,,Not Found
lsekhon@renoortho.com,,,Lsekhon,,Lsekhon,,Unknown,Reno Ortho,,,,Not Found
lyndaz@renoortho.com,,,Lyndaz,,Lyndaz,,Unknown,Reno Ortho,,,,Not Found
cierac@renoortho.com,,,Cierac,,Cierac,,Unknown,Reno Ortho,,,,Not Found
crystalm@renoortho.com,,,Crystalm,,Crystalm,,Unknown,Reno Ortho,,,,Not Found
kelliej@renoortho.com,,,Kelliej,,Kelliej,,Unknown,Reno Ortho,,,,Not Found
leigam@renoortho.com,,,Leigam,,Leigam,,Unknown,Reno Ortho,,,,Not Found
msayer@chathamortho.com,,,Ayer,,Ayer,,Unknown,Chatham Ortho,,,,Not Found
asaunders@chathamortho.com,,,Asaunders,,Asaunders,Associate,Staff / Coordinator,Chatham Ortho,,Low,Web Search,Found
cradloff@chathamortho.com,,,Cradloff,,Cradloff,,Unknown,Chatham Ortho,,,,Not Found
ghawk@oaainstitute.com,,,Ghawk,,Ghawk,,Unknown,Oaainstitute,,,,Not Found
jcrosson@oaainstitute.com,,,Jcrosson,,Jcrosson,,Unknown,Oaainstitute,,,,Not Found
jfarabaugh@oaainstitute.com,,,Jfarabaugh,,Jfarabaugh,,Unknown,Oaainstitute,,,,Not Found
jtalsania@oaainstitute.com,,,Jtalsania,,Jtalsania,,Unknown,Oaainstitute,,,,Not Found
mike@ohinj.org,,,Mike,,Mike,,Unknown,Ohinj,,,,Not Found
tmerrill@downeastortho.com,,,Tmerrill,,Tmerrill,AI Research Tool & Thinking Partner,Owner / Executive (C-Suite),Downeast Ortho,,Low,Web Search,Found
matthew.hannibal@emergeortho.com,,,Matthew,Hannibal,Matthew Hannibal,,Unknown,Emerge Ortho,,,,Not Found
asjackson@hughston.com,,,Asjackson,,Asjackson,,Unknown,Hughston,,,,Not Found
jswinyard@hughston.com,,,Jswinyard,,Jswinyard,,Unknown,Hughston,,,,Not Found
ann@precisionorthomd.com,,,Ann,,Ann,,Unknown,Precision Ortho Md,,,,Not Found
mbaker@hughston.com,,,Mbaker,,Mbaker,,Unknown,Hughston,,,,Not Found
hhawkins@sonoranorthotrauma.com,,,Hhawkins,,Hhawkins,,Unknown,Sonoran Ortho Trauma,,,,Not Found
mwells@orthoxpress.com,,,Mwells,,Mwells,,Unknown,Ortho Xpress,,,,Not Found
dshannon@orthoxpress.com,,,Dshannon,,Dshannon,,Unknown,Ortho Xpress,,,,Not Found
budolph@orthoxpress.com,,,Budolph,,Budolph,DB-GPT: Open-source Agentic AI Data Assistant,Staff / Coordinator,Ortho Xpress,,Low,Web Search,Found
ssalamon@orthoxpress.com,,,Ssalamon,,Ssalamon,,Unknown,Ortho Xpress,,,,Not Found
dbennett@orthoxpress.com,,,Dbennett,,Dbennett,,Unknown,Ortho Xpress,,,,Not Found
bvarner@orthoxpress.com,,,Bvarner,,Bvarner,Chief Technology Officer,Owner / Executive (C-Suite),Ortho Xpress,,Low,Web Search,Found
dzyber@orthoxpress.com,,,Dzyber,,Dzyber,,Unknown,Ortho Xpress,,,,Not Found
jbyrne@orthoxpress.com,,,Jbyrne,,Jbyrne,,Unknown,Ortho Xpress,,,,Not Found
tdresser@azaleaortho.com,,,Tdresser,,Tdresser,,Unknown,Azalea Ortho,,,,Not Found
stimon@allstarortho.com,,,Stimon,,Stimon,,Unknown,Allstar Ortho,,,,Not Found
jzangrilli@seaviewortho.com,,,Jzangrilli,,Jzangrilli,,Unknown,Seaview Ortho,,,,Not Found
nshah@seaviewortho.com,,,Nshah,,Nshah,,Unknown,Seaview Ortho,,,,Not Found
ihersh@seaviewortho.com,,,Ihersh,,Ihersh,DB-GPT: Open-source Agentic AI Data Assistant,Staff / Coordinator,Seaview Ortho,,Low,Web Search,Found
tellis@orthopedicone.com,,,Tellis,,Tellis,Specialist,Staff / Coordinator,Ortho Pedicone,,Low,Web Search,Found
tshatynski@caportho.com,,,Tshatynski,,Tshatynski,,Unknown,Cap Ortho,,,,Not Found
lcoppola@caportho.com,,,Lcoppola,,Lcoppola,Partner,Owner / Executive (C-Suite),Cap Ortho,,Low,Web Search,Found
sdas@caportho.com,,,Sdas,,Sdas,,Unknown,Cap Ortho,,,,Not Found
shenery@caportho.com,,,Shenery,,Shenery,,Unknown,Cap Ortho,,,,Not Found
ccastiglione@caportho.com,,,Ccastiglione,,Ccastiglione,,Unknown,Cap Ortho,,,,Not Found
dortiz@caportho.com,,,Dortiz,,Dortiz,,Unknown,Cap Ortho,,,,Not Found
kschuller@caportho.com,,,Kschuller,,Kschuller,Consultant,Professional,Cap Ortho,,Low,Web Search,Found
jroberts@caportho.com,,,Jroberts,,Jroberts,,Unknown,Cap Ortho,,,,Not Found
mflaherty@caportho.com,,,Mflaherty,,Mflaherty,,Unknown,Cap Ortho,,,,Not Found
adaniels@universityorthopedics.com,,,Adaniels,,Adaniels,,Unknown,University Ortho Pedics,,,,Not Found
kmittelsteadt@universityorthopedics.com,,,Kmittelsteadt,,Kmittelsteadt,,Unknown,University Ortho Pedics,,,,Not Found
agreen@universityorthopedics.com,,,Agreen,,Agreen,,Unknown,University Ortho Pedics,,,,Not Found
jczerwein@universityorthopedics.com,,,Jczerwein,,Jczerwein,,Unknown,University Ortho Pedics,,,,Not Found
ceberson@universityorthopedics.com,,,Ceberson,,Ceberson,Chief Technology Officer,Owner / Executive (C-Suite),University Ortho Pedics,,Low,Web Search,Found
bsochacka@universityorthopedics.com,,,Bsochacka,,Bsochacka,,Unknown,University Ortho Pedics,,,,Not Found
kfilippo@universityorthopedics.com,,,Kfilippo,,Kfilippo,Chief Technology Officer,Owner / Executive (C-Suite),University Ortho Pedics,,Low,Web Search,Found
eosborne@universityorthopedics.com,,,Eosborne,,Eosborne,,Unknown,University Ortho Pedics,,,,Not Found
anthony.brooks@ortholonestar.com,,,Anthony,Brooks,Anthony Brooks,,Unknown,Ortho Lonestar,,,,Not Found
brittany.ardito@ortholonestar.com,,,Brittany,Ardito,Brittany Ardito,,Unknown,Ortho Lonestar,,,,Not Found
linden.jackson@ortholonestar.com,,,Linden,Jackson,Linden Jackson,,Unknown,Ortho Lonestar,,,,Not Found
amy.hoke@ortholonestar.com,,,Amy,Hoke,Amy Hoke,,Unknown,Ortho Lonestar,,,,Not Found
sandi.pike@ortholonestar.com,,,Sandi,Pike,Sandi Pike,‪assistant Professor‬,Practitioner / Doctor / Faculty,Ortho Lonestar,,Low,Web Search,Found
april.bradley@ortholonestar.com,,,April,Bradley,April Bradley,,Unknown,Ortho Lonestar,,,,Not Found
kaures@premierortho.com,,,Kaures,,Kaures,,Unknown,Premier Ortho,,,,Not Found
nswanson@thunderortho.com,,,Nswanson,,Nswanson,,Unknown,Thunder Ortho,,,,Not Found
kwatkins@thunderortho.com,,,Kwatkins,,Kwatkins,,Unknown,Thunder Ortho,,,,Not Found
matthew.girard@neortho.com,,,Matthew,Girard,Matthew Girard,,Unknown,Ne Ortho,,,,Not Found
hank.casagrande@neortho.com,,,Hank,Casagrande,Hank Casagrande,,Unknown,Ne Ortho,,,,Not Found
rebecca.russo@neortho.com,,,Rebecca,Russo,Rebecca Russo,,Unknown,Ne Ortho,,,,Not Found
patrick.nelson@coastalortho.com,,,Patrick,Nelson,Patrick Nelson,Principal,Owner / Executive (C-Suite),Coastal Ortho,,Low,Web Search,Found
lkelly@coastalorthopedics.com,,,Lkelly,,Lkelly,,Unknown,Coastal Ortho Pedics,,,,Not Found
tamann@premierortho.com,,,Tamann,,Tamann,,Unknown,Premier Ortho,,,,Not Found
smonaco@premierortho.com,,,Smonaco,,Smonaco,,Unknown,Premier Ortho,,,,Not Found
mwilson@premierortho.com,,,Mwilson,,Mwilson,,Unknown,Premier Ortho,,,,Not Found
mlennon@orthopedicone.com,,,Mlennon,,Mlennon,CEO,Owner / Executive (C-Suite),Ortho Pedicone,,Low,Web Search,Found
mstenger@seaviewortho.com,,,Tenger,,Tenger,,Unknown,Seaview Ortho,,,,Not Found
mstefanowicz@seaviewortho.com,,,Tefanowicz,,Tefanowicz,,Unknown,Seaview Ortho,,,,Not Found
bsuk@seaviewortho.com,,,Bsuk,,Bsuk,,Unknown,Seaview Ortho,,,,Not Found
sruotola@seaviewortho.com,,,Sruotola,,Sruotola,,Unknown,Seaview Ortho,,,,Not Found
rblackwell@orthopedicone.com,,,Rblackwell,,Rblackwell,Chief Technology Officer,Owner / Executive (C-Suite),Ortho Pedicone,,Low,Web Search,Found
jennifer.kinman@ortholonestar.com,,,Jennifer,Kinman,Jennifer Kinman,CEO,Owner / Executive (C-Suite),Ortho Lonestar,,Low,Web Search,Found
jcraig@universityorthopedics.com,,,Jcraig,,Jcraig,DB-GPT: Open-source Agentic AI Data Assistant,Staff / Coordinator,University Ortho Pedics,,Low,Web Search,Found
connor.ziegler@neortho.com,,,Connor,Ziegler,Connor Ziegler,,Unknown,Ne Ortho,,,,Not Found
barry.morin@neortho.com,,,Barry,Morin,Barry Morin,,Unknown,Ne Ortho,,,,Not Found
ljabbar@seaviewortho.com,,,Ljabbar,,Ljabbar,,Unknown,Seaview Ortho,,,,Not Found
cdaknis@seaviewortho.com,,,Cdaknis,,Cdaknis,President,Owner / Executive (C-Suite),Seaview Ortho,,Low,Web Search,Found
joegreenemd@louisvillehipandkneeinstitute.com,,,Joegreenemd,,Joegreenemd,Chief Technology Officer,Owner / Executive (C-Suite),Louisvillehipandkneeinstitute,,Low,Web Search,Found
jeremyhamilton@louisvillehipandkneeinstitute.com,,,Jeremyhamilton,,Jeremyhamilton,Physician,Practitioner / Doctor / Faculty,Louisvillehipandkneeinstitute,,Low,Web Search,Found
stephaniestewart@louisvillehipandkneeinstitute.com,,,Stephaniestewart,,Stephaniestewart,Analyst,Professional,Louisvillehipandkneeinstitute,,Low,Web Search,Found
mackenziedodge@louisvillehipandkneeinstitute.com,,,Mackenziedodge,,Mackenziedodge,,Unknown,Louisvillehipandkneeinstitute,,,,Not Found
ethanelkins@louisvillehipandkneeinstitute.com,,,Ethanelkins,,Ethanelkins,,Unknown,Louisvillehipandkneeinstitute,,,,Not Found
eric.regan@thebonehealthclinic.com,,,Eric,Regan,Eric Regan,,Unknown,Thebone Health Clinic,,,,Not Found
nicole.fronk@thebonehealthclinic.com,,,Nicole,Fronk,Nicole Fronk,,Unknown,Thebone Health Clinic,,,,Not Found
mnarvaez@andersonclinic.com,,,Mnarvaez,,Mnarvaez,Partner,Owner / Executive (C-Suite),Anderson Clinic,,Low,Web Search,Found
snagda@andersonclinic.com,,,Snagda,,Snagda,,Unknown,Anderson Clinic,,,,Not Found
kfricka@andersonclinic.com,,,Kfricka,,Kfricka,CEO,Owner / Executive (C-Suite),Anderson Clinic,,Low,Web Search,Found
mblaine@andersonclinic.com,,,Mblaine,,Mblaine,,Unknown,Anderson Clinic,,,,Not Found
rgandhi@andersonclinic.com,,,Rgandhi,,Rgandhi,,Unknown,Anderson Clinic,,,,Not Found
critter@andersonclinic.com,,,Critter,,Critter,,Unknown,Anderson Clinic,,,,Not Found
william.newton@clearwaypain.com,,,William,Newton,William Newton,,Unknown,Clearwaypain,,,,Not Found
avillatoro@clearwaypain.com,,,Avillatoro,,Avillatoro,,Unknown,Clearwaypain,,,,Not Found
erica.briggs@clearwaypain.com,,,Erica,Briggs,Erica Briggs,,Unknown,Clearwaypain,,,,Not Found
gaylon.willis@clearwaypain.com,,,Gaylon,Willis,Gaylon Willis,CEO,Owner / Executive (C-Suite),Clearwaypain,,Low,Web Search,Found
rsaltiel@relievus.com,,,Rsaltiel,,Rsaltiel,,Unknown,Relievus,,,,Not Found
mani.hashemi@clearwaypain.com,,,Mani,Hashemi,Mani Hashemi,,Unknown,Clearwaypain,,,,Not Found
jonathan.davis@clearwaypain.com,,,Jonathan,Davis,Jonathan Davis,,Unknown,Clearwaypain,,,,Not Found
chaynes@clearwaypain.com,,,Chaynes,,Chaynes,,Unknown,Clearwaypain,,,,Not Found
ddavis@buxpainmanagement.com,,,Ddavis,,Ddavis,,Unknown,Buxpainmanagement,,,,Not Found
sgoodin@buxpainmanagement.com,,,Sgoodin,,Sgoodin,,Unknown,Buxpainmanagement,,,,Not Found
mgonsalves@buxpainmanagement.com,,,Mgonsalves,,Mgonsalves,,Unknown,Buxpainmanagement,,,,Not Found
bcullen@clearwaypain.com,,,Bcullen,,Bcullen,,Unknown,Clearwaypain,,,,Not Found
dfreas@clearwaypain.com,,,Dfreas,,Dfreas,,Unknown,Clearwaypain,,,,Not Found
ikornbluth@clearwaypain.com,,,Ikornbluth,,Ikornbluth,Get the Best Route To Your Destination From Fellow Drivers,Practitioner / Doctor / Faculty,Clearwaypain,,Low,Web Search,Found
sgeorge@clearwaypain.com,,,Sgeorge,,Sgeorge,,Unknown,Clearwaypain,,,,Not Found
ahunt@buxpainmanagement.com,,,Ahunt,,Ahunt,,Unknown,Buxpainmanagement,,,,Not Found
drtate@southernpainandspine.com,,,Tate,,Tate,,Unknown,Southernpainandspine,,,,Not Found
drpatel@southernpainandspine.com,,,Patel,,Patel,,Unknown,Southernpainandspine,,,,Not Found
nhanniford@southernpainandspine.com,,,Nhanniford,,Nhanniford,,Unknown,Southernpainandspine,,,,Not Found
dfield@painandspinespecialists.com,,,Dfield,,Dfield,,Unknown,Painandspinespecialists,,,,Not Found
thomashong@improvingpain.com,,,Thomashong,,Thomashong,,Unknown,Improvingpain,,,,Not Found
mrusso@painandspinespecialists.com,,,Usso,,Usso,,Unknown,Painandspinespecialists,,,,Not Found
jaltman@painandspinespecialists.com,,,Jaltman,,Jaltman,,Unknown,Painandspinespecialists,,,,Not Found
ckonecni@painandspinespecialists.com,,,Ckonecni,,Ckonecni,,Unknown,Painandspinespecialists,,,,Not Found
shoar@painandspinespecialists.com,,,Shoar,,Shoar,"AI Assistant for Divine Group, Mumbai.",Staff / Coordinator,Painandspinespecialists,,Medium,Web Search,Found
kclement@painandspinespecialists.com,,,Kclement,,Kclement,,Unknown,Painandspinespecialists,,,,Not Found
claire@pacificpaingroup.com,,,Claire,,Claire,,Unknown,Pacificpain Group,,,,Not Found
mfresques@compasspainandwellness.com,,,Mfresques,,Mfresques,,Unknown,Compasspainandwellness,,,,Not Found
chance@pacificpaingroup.com,,,Chance,,Chance,,Unknown,Pacificpain Group,,,,Not Found
ssims@northlakespain.com,,,Ssims,,Ssims,,Unknown,Northlakespain,,,,Not Found
chase.morrison@desertpainspecialists.com,,,Chase,Morrison,Chase Morrison,,Unknown,Desertpainspecialists,,,,Not Found
kfarmer@painphysicians.com,,,Kfarmer,,Kfarmer,,Unknown,Painphysicians,,,,Not Found
lori.berg@painphysicians.com,,,Lori,Berg,Lori Berg,,Unknown,Painphysicians,,,,Not Found
jaime@comprehensivepainspecialists.com,,,Jaime,,Jaime,Partner,Owner / Executive (C-Suite),Comprehensivepainspecialists,,Low,Web Search,Found
msanchez@lapaincare.com,,,Anchez,,Anchez,,Unknown,Lapain Care,,,,Not Found
kstapleton@lapaincare.com,,,Kstapleton,,Kstapleton,,Unknown,Lapain Care,,,,Not Found
ismith@lapaincare.com,,,Ismith,,Ismith,Chief Technology Officer,Owner / Executive (C-Suite),Lapain Care,,Low,Web Search,Found
drdave@elitepaincare.com,,,Dave,,Dave,,Unknown,Elitepain Care,,,,Not Found
jonathan.chin.md@excelpain.com,,,Jonathan,Md,Jonathan Chin Md,,Unknown,Excelpain,,,,Not Found
jagee@tridentpaincenter.com,,,Jagee,,Jagee,,Unknown,Tridentpain Center,,,,Not Found
lmorris@floridapainmedicine.com,,,Lmorris,,Lmorris,,Unknown,Floridapainmedicine,,,,Not Found
kpatel@floridapainmedicine.com,,,Kpatel,,Kpatel,,Unknown,Floridapainmedicine,,,,Not Found
scarter@utpainrelief.com,,,Scarter,,Scarter,NPCI Partner Portal Login,Owner / Executive (C-Suite),Utpainrelief,,Low,Web Search,Found
faf@illinoispain.com,,,Faf,,Faf,,Unknown,Illinoispain,,,,Not Found
srao@painandspinespecialists.com,,,Srao,,Srao,,Unknown,Painandspinespecialists,,,,Not Found
ssimon@midwestpainclinics.com,,,Ssimon,,Ssimon,,Unknown,Midwestpain Clinic S,,,,Not Found
jparks@midwestpainclinics.com,,,Jparks,,Jparks,,Unknown,Midwestpain Clinic S,,,,Not Found
anna@midwestpainclinics.com,,,Anna,,Anna,,Unknown,Midwestpain Clinic S,,,,Not Found
mallen@napc.md,,,Mallen,,Mallen,Office Carpet Cleaning Singapore Specialist,Staff / Coordinator,Napc,,Low,Web Search,Found
amy@kindlymd.com,,,Amy,,Amy,,Unknown,Kindlymd,,,,Not Found
amanda.dailey-hansen@kindlymd.com,,,Amanda,Hansen,Amanda Dailey Hansen,,Unknown,Kindlymd,,,,Not Found
jlewis@mypainsolution.com,,,Jlewis,,Jlewis,,Unknown,Mypainsolution,,,,Not Found
ppiperis@momentapaincare.com,,,Ppiperis,,Ppiperis,,Unknown,Momentapain Care,,,,Not Found
rjarecke@momentapaincare.com,,,Rjarecke,,Rjarecke,,Unknown,Momentapain Care,,,,Not Found
sydney@niramedical.com,,,Sydney,,Sydney,,Unknown,Nira Medical,,,,Not Found
anorris@napc.md,,,Anorris,,Anorris,,Unknown,Napc,,,,Not Found
rod@napc.md,,,Rod,,Rod,,Unknown,Napc,,,,Not Found
tim@kindlymd.com,,,Tim,,Tim,,Unknown,Kindlymd,,,,Not Found
jared@kindlymd.com,,,Jared,,Jared,,Unknown,Kindlymd,,,,Not Found
adrian@kindlymd.com,,,Adrian,,Adrian,,Unknown,Kindlymd,,,,Not Found
lissa.reed@kindlymd.com,,,Lissa,Reed,Lissa Reed,,Unknown,Kindlymd,,,,Not Found
nancy.pratt@kindlymd.com,,,Nancy,Pratt,Nancy Pratt,,Unknown,Kindlymd,,,,Not Found
courtney@kindlymd.com,,,Courtney,,Courtney,,Unknown,Kindlymd,,,,Not Found
justin.degooyer@kindlymd.com,,,Justin,Degooyer,Justin Degooyer,,Unknown,Kindlymd,,,,Not Found
alyssa@cedarhillpain.com,,,Alyssa,,Alyssa,,Unknown,Cedarhillpain,,,,Not Found
lrodriguez@painspecialistsofaustin.com,,,Lrodriguez,,Lrodriguez,,Unknown,Painspecialistsofaustin,,,,Not Found
rsaxton@curativecarecenter.com,,,Rsaxton,,Rsaxton,,Unknown,Curative Care Center,,,,Not Found
sepstein@neopathhealth.com,,,Sepstein,,Sepstein,,Unknown,Neopath Health,,,,Not Found
dzongo@neopathhealth.com,,,Dzongo,,Dzongo,,Unknown,Neopath Health,,,,Not Found
mdecker@neopathhealth.com,,,Mdecker,,Mdecker,,Unknown,Neopath Health,,,,Not Found
jmcerlane@neopathhealth.com,,,Jmcerlane,,Jmcerlane,,Unknown,Neopath Health,,,,Not Found
kpeterson@neopathhealth.com,,,Kpeterson,,Kpeterson,CEO,Owner / Executive (C-Suite),Neopath Health,,Low,Web Search,Found
slien@neopathhealth.com,,,Slien,,Slien,,Unknown,Neopath Health,,,,Not Found
aanderson@neopathhealth.com,,,Aanderson,,Aanderson,,Unknown,Neopath Health,,,,Not Found
elarson@neopathhealth.com,,,Elarson,,Elarson,,Unknown,Neopath Health,,,,Not Found
khalsne@neopathhealth.com,,,Khalsne,,Khalsne,Director,Director / VP,Neopath Health,,Low,Web Search,Found
bherdman@neopathhealth.com,,,Bherdman,,Bherdman,,Unknown,Neopath Health,,,,Not Found
alice.blanco@evertecinc.com,,,Alice,Blanco,Alice Blanco,,Unknown,Evertecinc,,,,Not Found
michael.sen@fresenius-kabi.com,,,Michael,Sen,Michael Sen,Director,Director / VP,Fresenius Kabi,,Low,Web Search,Found
glenn.anderson@mnk.com,,,Glenn,Anderson,Glenn Anderson,,Unknown,Mnk,,,,Not Found
ramjikasiappan@drreddys.com,,,Ramjikasiappan,,Ramjikasiappan,,Unknown,Drreddys,,,,Not Found
cwitenko@theravance.com,,,Cwitenko,,Cwitenko,,Unknown,Theravance,,,,Not Found
alejandra.allard@bms.com,,,Alejandra,Allard,Alejandra Allard,,Unknown,Bms,,,,Not Found
subramanyam.turga@bms.com,,,Subramanyam,Turga,Subramanyam Turga,,Unknown,Bms,,,,Not Found
fernando.salinas@bms.com,,,Fernando,Salinas,Fernando Salinas,,Unknown,Bms,,,,Not Found
divya.singh@bms.com,,,Divya,Singh,Divya Singh,,Unknown,Bms,,,,Not Found
rohit.jadhav@bms.com,,,Rohit,Jadhav,Rohit Jadhav,,Unknown,Bms,,,,Not Found
shalynn.sapotichne@bms.com,,,Shalynn,Sapotichne,Shalynn Sapotichne,,Unknown,Bms,,,,Not Found
karencristina.nunessalles@bms.com,,,Karencristina,Nunessalles,Karencristina Nunessalles,,Unknown,Bms,,,,Not Found
matthew.ware@bms.com,,,Matthew,Ware,Matthew Ware,,Unknown,Bms,,,,Not Found
rinkesh.patel@bms.com,,,Rinkesh,Patel,Rinkesh Patel,,Unknown,Bms,,,,Not Found
jayleen.altamirano@skyridgerx.com,,,Jayleen,Altamirano,Jayleen Altamirano,Chief Technology Officer,Owner / Executive (C-Suite),Skyridgerx,,Low,Web Search,Found
jill.smith@adelaideapothecary.com,,,Jill,Smith,Jill Smith,,Unknown,Adelaideapothecary,,,,Not Found
jpointer@triahealth.com,,,Jpointer,,Jpointer,,Unknown,Tria Health,,,,Not Found
mbaki@triahealth.com,,,Mbaki,,Mbaki,Chief Technology Officer,Owner / Executive (C-Suite),Tria Health,,Low,Web Search,Found
lokeefe@triahealth.com,,,Lokeefe,,Lokeefe,,Unknown,Tria Health,,,,Not Found
thopper@triahealth.com,,,Thopper,,Thopper,Administrator,Manager / Admin,Tria Health,,Low,Web Search,Found
dschneider@triahealth.com,,,Dschneider,,Dschneider,Resident Evil 5 Benchmark Utility Download,Practitioner / Doctor / Faculty,Tria Health,,Low,Web Search,Found
tselby@triahealth.com,,,Tselby,,Tselby,,Unknown,Tria Health,,,,Not Found
jdougherty@triahealth.com,,,Jdougherty,,Jdougherty,,Unknown,Tria Health,,,,Not Found
jwinne@triahealth.com,,,Jwinne,,Jwinne,,Unknown,Tria Health,,,,Not Found
kathleen.putnam@potentrx.com,,,Kathleen,Putnam,Kathleen Putnam,,Unknown,Potentrx,,,,Not Found
evan.anderson@potentrx.com,,,Evan,Anderson,Evan Anderson,Analyst,Professional,Potentrx,,Low,Web Search,Found
bjansen@scriptcare.com,,,Bjansen,,Bjansen,,Unknown,Script Care,,,,Not Found
gbarrett@ncrx.org,,,Gbarrett,,Gbarrett,,Unknown,Ncrx,,,,Not Found
vnosowicz@completerx.com,,,Vnosowicz,,Vnosowicz,,Unknown,Completerx,,,,Not Found
hdavila@completerx.com,,,Hdavila,,Hdavila,,Unknown,Completerx,,,,Not Found
salihovic.yaz@pharmisse.com,,,Salihovic,Yaz,Salihovic Yaz,,Unknown,Pharmisse,,,,Not Found
latanelov@steadystridesmd.com,,,Latanelov,,Latanelov,Chief Technology Officer,Owner / Executive (C-Suite),Steadystridesmd,,Low,Web Search,Found
joseph.donadio@pmrhealthcare.com,,,Joseph,Donadio,Joseph Donadio,,Unknown,Pmr Health Care,,,,Not Found
silver@getluna.com,,,Silver,,Silver,,Unknown,Getluna,,,,Not Found
rdemaderios@getluna.com,,,Rdemaderios,,Rdemaderios,,Unknown,Getluna,,,,Not Found
lboland@capitolpt.com,,,Lboland,,Lboland,,Unknown,Capitolpt,,,,Not Found
Jovanar@footprintstofeelbetter.com,,,,,,,,,,,,
tporter@thetherapynetwork.com,,,Tporter,,Tporter,,Unknown,Thetherapynetwork,,,,Not Found
dpegram@physicalrehabgroup.com,,,Dpegram,,Dpegram,,Unknown,Physicalrehab Group,,,,Not Found
emcguire@rehabunited.com,,,Emcguire,,Emcguire,,Unknown,Rehabunited,,,,Not Found
mcecena@rehabunited.com,,,Mcecena,,Mcecena,,Unknown,Rehabunited,,,,Not Found
bridgette.nehlen@ivyrehab.com,,,Bridgette,Nehlen,Bridgette Nehlen,DB-GPT: Open-source Agentic AI Data Assistant,Staff / Coordinator,Ivyrehab,,Low,Web Search,Found
stephanie.rodzewicz@ivyrehab.com,,,Stephanie,Rodzewicz,Stephanie Rodzewicz,,Unknown,Ivyrehab,,,,Not Found
jonathan.winter@ivyrehab.com,,,Jonathan,Winter,Jonathan Winter,,Unknown,Ivyrehab,,,,Not Found
colson@rehabunited.com,,,Colson,,Colson,,Unknown,Rehabunited,,,,Not Found
matthew.miller@athletico.com,,,Matthew,Miller,Matthew Miller,,Unknown,Athletico,,,,Not Found
jmoyer@foothillsrehab.com,,,Jmoyer,,Jmoyer,Owner,Owner / Executive (C-Suite),Foothillsrehab,,Low,Web Search,Found
james.white@foothillsrehab.com,,,James,White,James White,Doctor,Practitioner / Doctor / Faculty,Foothillsrehab,,Low,Web Search,Found
glucas@foothillsrehab.com,,,Glucas,,Glucas,President,Owner / Executive (C-Suite),Foothillsrehab,,Low,Web Search,Found
mpadget@foothillsrehab.com,,,Mpadget,,Mpadget,,Unknown,Foothillsrehab,,,,Not Found
eric@foothillsrehab.com,,,Eric,,Eric,,Unknown,Foothillsrehab,,,,Not Found
lfrancoeur@foothillsrehab.com,,,Lfrancoeur,,Lfrancoeur,,Unknown,Foothillsrehab,,,,Not Found
jsweet@foothillsrehab.com,,,Jsweet,,Jsweet,,Unknown,Foothillsrehab,,,,Not Found
michael.stratton@foothillsrehab.com,,,Michael,Stratton,Michael Stratton,,Unknown,Foothillsrehab,,,,Not Found
mschultz@foothillsrehab.com,,,Chultz,,Chultz,,Unknown,Foothillsrehab,,,,Not Found
lfonacier@foothillsrehab.com,,,Lfonacier,,Lfonacier,,Unknown,Foothillsrehab,,,,Not Found
matt.hubble@foothillsrehab.com,,,Matt,Hubble,Matt Hubble,,Unknown,Foothillsrehab,,,,Not Found
tbohne@foothillsrehab.com,,,Tbohne,,Tbohne,,Unknown,Foothillsrehab,,,,Not Found
jbayless@foothillsrehab.com,,,Jbayless,,Jbayless,,Unknown,Foothillsrehab,,,,Not Found
jrmiller@foothillsrehab.com,,,Jrmiller,,Jrmiller,,Unknown,Foothillsrehab,,,,Not Found
drovny@kessler-rehab.com,,,Ovny,,Ovny,,Unknown,Kessler Rehab,,,,Not Found
gnicolopoulos@foothillsrehab.com,,,Gnicolopoulos,,Gnicolopoulos,,Unknown,Foothillsrehab,,,,Not Found
dgoins@athletico.com,,,Dgoins,,Dgoins,,Unknown,Athletico,,,,Not Found
calvin.pt@ivyrehab.com,,,Calvin,Pt,Calvin Pt,,Unknown,Ivyrehab,,,,Not Found
kelly.hiller@ivyrehab.com,,,Kelly,Hiller,Kelly Hiller,,Unknown,Ivyrehab,,,,Not Found
erik.perez@ivyrehab.com,,,Erik,Perez,Erik Perez,,Unknown,Ivyrehab,,,,Not Found
chris.kish@ivyrehab.com,,,Chris,Kish,Chris Kish,Director,Director / VP,Ivyrehab,,Low,Web Search,Found
charlsie.aigotti@ivyrehab.com,,,Charlsie,Aigotti,Charlsie Aigotti,,Unknown,Ivyrehab,,,,Not Found
lmorales2@corahealth.com,,,Lmorales,,Lmorales,,Unknown,Cora Health,,,,Not Found
jbingen@kessler-rehab.com,,,Jbingen,,Jbingen,Principal,Owner / Executive (C-Suite),Kessler Rehab,,Low,Web Search,Found
ajusino@ivyrehab.com,,,Ajusino,,Ajusino,,Unknown,Ivyrehab,,,,Not Found
sneha.nair@ivyrehab.com,,,Sneha,Nair,Sneha Nair,,Unknown,Ivyrehab,,,,Not Found
kelly.lease@ivyrehab.com,,,Kelly,Lease,Kelly Lease,,Unknown,Ivyrehab,,,,Not Found
lance.pt@ivyrehab.com,,,Lance,Pt,Lance Pt,,Unknown,Ivyrehab,,,,Not Found
elizabeth.fry@ivyrehab.com,,,Elizabeth,Fry,Elizabeth Fry,,Unknown,Ivyrehab,,,,Not Found
valerie.diment@ivyrehab.com,,,Valerie,Diment,Valerie Diment,,Unknown,Ivyrehab,,,,Not Found
aprince@corahealth.com,,,Aprince,,Aprince,,Unknown,Cora Health,,,,Not Found
tcarter@foothillsrehab.com,,,Tcarter,,Tcarter,,Unknown,Foothillsrehab,,,,Not Found
avillar@foothillsrehab.com,,,Avillar,,Avillar,,Unknown,Foothillsrehab,,,,Not Found
rbailey@corahealth.com,,,Rbailey,,Rbailey,,Unknown,Cora Health,,,,Not Found
jillwieciech@uprehab.com,,,Jillwieciech,,Jillwieciech,,Unknown,Uprehab,,,,Not Found
krista@partnersinrehab.com,,,Krista,,Krista,,Unknown,Partners Inrehab,,,,Not Found
bpage@h2health.com,,,Bpage,,Bpage,,Unknown,H2 Health,,,,Not Found
ssmith@h2health.com,,,Ssmith,,Ssmith,Receptionist,Staff / Coordinator,H2 Health,,Low,Web Search,Found
aschatz@h2health.com,,,Aschatz,,Aschatz,,Unknown,H2 Health,,,,Not Found
kglass@h2health.com,,,Kglass,,Kglass,,Unknown,H2 Health,,,,Not Found
mpulwers@h2health.com,,,Mpulwers,,Mpulwers,,Unknown,H2 Health,,,,Not Found
lthomsen@h2health.com,,,Lthomsen,,Lthomsen,,Unknown,H2 Health,,,,Not Found
tmorford@striverehab.com,,,Tmorford,,Tmorford,,Unknown,Striverehab,,,,Not Found
ptalamas@h2health.com,,,Ptalamas,,Ptalamas,,Unknown,H2 Health,,,,Not Found
mbelino@h2health.com,,,Mbelino,,Mbelino,,Unknown,H2 Health,,,,Not Found
lweicht@h2health.com,,,Lweicht,,Lweicht,,Unknown,H2 Health,,,,Not Found
mallen@h2health.com,,,Mallen,,Mallen,Partner,Owner / Executive (C-Suite),H2 Health,,Low,Web Search,Found
jnasman@striverehab.com,,,Jnasman,,Jnasman,,Unknown,Striverehab,,,,Not Found
jrogoff@motionptg.com,,,Jrogoff,,Jrogoff,Partner,Owner / Executive (C-Suite),Motionptg,,Low,Web Search,Found
tplowinske@accessptw.com,,,Tplowinske,,Tplowinske,,Unknown,Accessptw,,,,Not Found
drews@breakthrough-pt.com,,,Ews,,Ews,,Unknown,Breakthrough Pt,,,,Not Found
jgutierrez@retpt.com,,,Jgutierrez,,Jgutierrez,Director,Director / VP,Retpt,,Low,Web Search,Found
ksullivan@accessptw.com,,,Ksullivan,,Ksullivan,,Unknown,Accessptw,,,,Not Found
rgreer@benchmarkpt.com,,,Rgreer,,Rgreer,,Unknown,Benchmarkpt,,,,Not Found
justine.henderson@baystatept.com,,,Justine,Henderson,Justine Henderson,,Unknown,Baystatept,,,,Not Found
jyoungblood@motionptg.com,,,Jyoungblood,,Jyoungblood,,Unknown,Motionptg,,,,Not Found
lschneider@accessptw.com,,,Lschneider,,Lschneider,,Unknown,Accessptw,,,,Not Found
kglobuschutz@motionptg.com,,,Kglobuschutz,,Kglobuschutz,,Unknown,Motionptg,,,,Not Found
cmorton@prorehablou.com,,,Cmorton,,Cmorton,,Unknown,Prorehablou,,,,Not Found
sjasper@motionptg.com,,,Sjasper,,Sjasper,,Unknown,Motionptg,,,,Not Found
jrifino@accessptw.com,,,Jrifino,,Jrifino,,Unknown,Accessptw,,,,Not Found
hannah.mueller@baystatept.com,,,Hannah,Mueller,Hannah Mueller,Director,Director / VP,Baystatept,,Low,Web Search,Found
alexandra.caulfield@baystatept.com,,,Alexandra,Caulfield,Alexandra Caulfield,Founder,Owner / Executive (C-Suite),Baystatept,,Low,Web Search,Found
kespenorio@motionptg.com,,,Kespenorio,,Kespenorio,加入西瓜中视频伙伴计划 (medium Video Partner,Owner / Executive (C-Suite),Motionptg,,Low,Web Search,Found
tbridge-pope@retpt.com,,,Tbridge,Pope,Tbridge Pope,,Unknown,Retpt,,,,Not Found
leeanng@breakthrough-pt.com,,,Leeanng,,Leeanng,,Unknown,Breakthrough Pt,,,,Not Found
janash@accessptw.com,,,Janash,,Janash,,Unknown,Accessptw,,,,Not Found
kshilling@retpt.com,,,Kshilling,,Kshilling,,Unknown,Retpt,,,,Not Found
kbirk@texpts.com,,,Kbirk,,Kbirk,,Unknown,Texpts,,,,Not Found
cboudreau@baystatept.com,,,Cboudreau,,Cboudreau,President,Owner / Executive (C-Suite),Baystatept,,Low,Web Search,Found
lschum@accessptw.com,,,Lschum,,Lschum,,Unknown,Accessptw,,,,Not Found
kpaul@baystatept.com,,,Kpaul,,Kpaul,,Unknown,Baystatept,,,,Not Found
mriccardi@baystatept.com,,,Iccardi,,Iccardi,加入西瓜中视频伙伴计划 (medium Video Partner,Owner / Executive (C-Suite),Baystatept,,Low,Web Search,Found
rmelino@baystatept.com,,,Rmelino,,Rmelino,President,Owner / Executive (C-Suite),Baystatept,,Low,Web Search,Found
joseph.white@baystatept.com,,,Joseph,White,Joseph White,,Unknown,Baystatept,,,,Not Found
thaffner@texpts.com,,,Thaffner,,Thaffner,,Unknown,Texpts,,,,Not Found
bethany@prorehab-pc.com,,,Bethany,,Bethany,,Unknown,Prorehab Pc,,,,Not Found
devin.finnegan@baystatept.com,,,Devin,Finnegan,Devin Finnegan,,Unknown,Baystatept,,,,Not Found
swilloughby@baystatept.com,,,Swilloughby,,Swilloughby,,Unknown,Baystatept,,,,Not Found
msnyder@baystatept.com,,,Nyder,,Nyder,,Unknown,Baystatept,,,,Not Found
mattw@breakthrough-pt.com,,,Mattw,,Mattw,,Unknown,Breakthrough Pt,,,,Not Found
acabrera@motionptg.com,,,Acabrera,,Acabrera,,Unknown,Motionptg,,,,Not Found
mgill@baystatept.com,,,Mgill,,Mgill,,Unknown,Baystatept,,,,Not Found
cmclaughlin@baystatept.com,,,Cmclaughlin,,Cmclaughlin,,Unknown,Baystatept,,,,Not Found
ckahl@proactivepts.com,,,Ckahl,,Ckahl,,Unknown,Proactivepts,,,,Not Found
mhernandez@motionptg.com,,,Mhernandez,,Mhernandez,,Unknown,Motionptg,,,,Not Found
kgarrigan@baystatept.com,,,Kgarrigan,,Kgarrigan,,Unknown,Baystatept,,,,Not Found
ckirkes@ptcentral.org,,,Ckirkes,,Ckirkes,,Unknown,Ptcentral,,,,Not Found
dgoll@ptcentral.org,,,Dgoll,,Dgoll,,Unknown,Ptcentral,,,,Not Found
jgualtieri@accessptw.com,,,Jgualtieri,,Jgualtieri,,Unknown,Accessptw,,,,Not Found
lauren@baystatept.com,,,Lauren,,Lauren,"Global Technology, Cloud & AI Solutions Partner",Owner / Executive (C-Suite),Baystatept,,Medium,Web Search,Found
amanda.mcmorrow@baystatept.com,,,Amanda,Mcmorrow,Amanda Mcmorrow,,Unknown,Baystatept,,,,Not Found
mthomas@retpt.com,,,Mthomas,,Mthomas,,Unknown,Retpt,,,,Not Found
cboccia@accessptw.com,,,Cboccia,,Cboccia,,Unknown,Accessptw,,,,Not Found
jfox@baystatept.com,,,Jfox,,Jfox,,Unknown,Baystatept,,,,Not Found
k_johnson@peakphysicaltherapy.net,,,K,Johnson,K Johnson,,Unknown,Peakphysicaltherapy,,,,Not Found
wross@motionptg.com,,,Wross,,Wross,,Unknown,Motionptg,,,,Not Found
priyanka.k@motionptg.com,,,Priyanka,K,Priyanka K,Principal,Owner / Executive (C-Suite),Motionptg,,Low,Web Search,Found
ebegon@baystatept.com,,,Ebegon,,Ebegon,President,Owner / Executive (C-Suite),Baystatept,,Low,Web Search,Found
ssarkisian@baystatept.com,,,Ssarkisian,,Ssarkisian,,Unknown,Baystatept,,,,Not Found
edurrwachter@accessptw.com,,,Edurrwachter,,Edurrwachter,Owner,Owner / Executive (C-Suite),Accessptw,,Low,Web Search,Found
nstein@accessptw.com,,,Nstein,,Nstein,,Unknown,Accessptw,,,,Not Found
kalterio@baystatept.com,,,Kalterio,,Kalterio,,Unknown,Baystatept,,,,Not Found
keely.bass@peakphysicaltherapy.net,,,Keely,Bass,Keely Bass,,Unknown,Peakphysicaltherapy,,,,Not Found
chip@motionptg.com,,,Chip,,Chip,,Unknown,Motionptg,,,,Not Found
tvenditti@prorehab-pc.com,,,Tvenditti,,Tvenditti,,Unknown,Prorehab Pc,,,,Not Found
dkagan@motionptg.com,,,Dkagan,,Dkagan,,Unknown,Motionptg,,,,Not Found
brett@ptcentral.org,,,Brett,,Brett,,Unknown,Ptcentral,,,,Not Found
kathy@prorehab-pc.com,,,Kathy,,Kathy,,Unknown,Prorehab Pc,,,,Not Found
jennifer.schlageter@baystatept.com,,,Jennifer,Schlageter,Jennifer Schlageter,,Unknown,Baystatept,,,,Not Found
pat@prorehab-pc.com,,,Pat,,Pat,,Unknown,Prorehab Pc,,,,Not Found
jstump@prorehablou.com,,,Jstump,,Jstump,,Unknown,Prorehablou,,,,Not Found
cartwright@texpts.com,,,Cartwright,,Cartwright,,Unknown,Texpts,,,,Not Found
hetal.bhimjiani@baystatept.com,,,Hetal,Bhimjiani,Hetal Bhimjiani,,Unknown,Baystatept,,,,Not Found
alpayne@ptcentral.org,,,Alpayne,,Alpayne,,Unknown,Ptcentral,,,,Not Found
hbrandon@ptcentral.org,,,Hbrandon,,Hbrandon,,Unknown,Ptcentral,,,,Not Found
vradia@baystatept.com,,,Vradia,,Vradia,,Unknown,Baystatept,,,,Not Found
pzavodsky@accessptw.com,,,Pzavodsky,,Pzavodsky,,Unknown,Accessptw,,,,Not Found
michelle.kierce@baystatept.com,,,Michelle,Kierce,Michelle Kierce,,Unknown,Baystatept,,,,Not Found
pablo.rodriguez@baystatept.com,,,Pablo,Rodriguez,Pablo Rodriguez,,Unknown,Baystatept,,,,Not Found
rstone@baystatept.com,,,Rstone,,Rstone,Founder,Owner / Executive (C-Suite),Baystatept,,Low,Web Search,Found
anne@prorehab-pc.com,,,Anne,,Anne,,Unknown,Prorehab Pc,,,,Not Found
mlewis@proactivepts.com,,,Mlewis,,Mlewis,,Unknown,Proactivepts,,,,Not Found
mhernandez@texpts.com,,,Mhernandez,,Mhernandez,,Unknown,Texpts,,,,Not Found
cpoulin@breakthrough-pt.com,,,Cpoulin,,Cpoulin,,Unknown,Breakthrough Pt,,,,Not Found
slashley@baystatept.com,,,Slashley,,Slashley,,Unknown,Baystatept,,,,Not Found
amccauley@accessptw.com,,,Amccauley,,Amccauley,,Unknown,Accessptw,,,,Not Found
aproffitt@retpt.com,,,Aproffitt,,Aproffitt,CEO,Owner / Executive (C-Suite),Retpt,,Low,Web Search,Found
steve@stlpt.com,,,Steve,,Steve,,Unknown,Stlpt,,,,Not Found
ddemilio@accessptw.com,,,Ddemilio,,Ddemilio,,Unknown,Accessptw,,,,Not Found
kkay@motionptg.com,,,Kkay,,Kkay,,Unknown,Motionptg,,,,Not Found
reneroy@baystatept.com,,,Reneroy,,Reneroy,,Unknown,Baystatept,,,,Not Found
apliskow@accessptw.com,,,Apliskow,,Apliskow,,Unknown,Accessptw,,,,Not Found
jchambers@kort.com,,,Jchambers,,Jchambers,,Unknown,Kort,,,,Not Found
wendyk@taipt.com,,,Wendyk,,Wendyk,,Unknown,Taipt,,,,Not Found
agoelzhauser@prorehab-pc.com,,,Agoelzhauser,,Agoelzhauser,,Unknown,Prorehab Pc,,,,Not Found
franklin@evolution-pt.com,,,Franklin,,Franklin,,Unknown,Evolution Pt,,,,Not Found
apohl@texpts.com,,,Apohl,,Apohl,,Unknown,Texpts,,,,Not Found
mbock@accessptw.com,,,Mbock,,Mbock,,Unknown,Accessptw,,,,Not Found
csullivan@baystatept.com,,,Csullivan,,Csullivan,CEO,Owner / Executive (C-Suite),Baystatept,,Low,Web Search,Found
bdougherty@breakthrough-pt.com,,,Bdougherty,,Bdougherty,,Unknown,Breakthrough Pt,,,,Not Found
gennessa.spang-hansen@baystatept.com,,,Gennessa,Hansen,Gennessa Spang Hansen,Your AI Assistant From Google,Staff / Coordinator,Baystatept,,Low,Web Search,Found
mevans@motionptg.com,,,Mevans,,Mevans,,Unknown,Motionptg,,,,Not Found
acabrillas@accessptw.com,,,Acabrillas,,Acabrillas,,Unknown,Accessptw,,,,Not Found
rnall@proactivepts.com,,,Rnall,,Rnall,,Unknown,Proactivepts,,,,Not Found
sweyandt@benchmarkpt.com,,,Sweyandt,,Sweyandt,,Unknown,Benchmarkpt,,,,Not Found
jfitzgerald@benchmarkpt.com,,,Jfitzgerald,,Jfitzgerald,DB-GPT: Open-source Agentic AI Data Assistant,Staff / Coordinator,Benchmarkpt,,Low,Web Search,Found
patrick.fleming@resultspt.com,,,Patrick,Fleming,Patrick Fleming,Manage Your Google Password Manager PIN,Manager / Admin,Resultspt,,Low,Web Search,Found
rroberson@benchmarkpt.com,,,Rroberson,,Rroberson,,Unknown,Benchmarkpt,,,,Not Found
sbauernfeind@benchmarkpt.com,,,Sbauernfeind,,Sbauernfeind,,Unknown,Benchmarkpt,,,,Not Found
morgan.hardwick@resultspt.com,,,Morgan,Hardwick,Morgan Hardwick,,Unknown,Resultspt,,,,Not Found
keith@physiquetherapy.com,,,Keith,,Keith,,Unknown,Physiquetherapy,,,,Not Found
erin.woolford@team-rehab.com,,,Erin,Woolford,Erin Woolford,,Unknown,Team Rehab,,,,Not Found
jeremy.smith@team-rehab.com,,,Jeremy,Smith,Jeremy Smith,Partner,Owner / Executive (C-Suite),Team Rehab,,Low,Web Search,Found
amy.holzhueter@ptsolutions.com,,,Amy,Holzhueter,Amy Holzhueter,,Unknown,Ptsolutions,,,,Not Found
gwynne.waters@team-rehab.com,,,Gwynne,Waters,Gwynne Waters,Partner,Owner / Executive (C-Suite),Team Rehab,,Low,Web Search,Found
kristie.kessler@resultspt.com,,,Kristie,Kessler,Kristie Kessler,,Unknown,Resultspt,,,,Not Found
krista.bass@resultspt.com,,,Krista,Bass,Krista Bass,,Unknown,Resultspt,,,,Not Found
jasmine.sanchez@ptsolutions.com,,,Jasmine,Sanchez,Jasmine Sanchez,,Unknown,Ptsolutions,,,,Not Found
ahoneycutt@benchmarkpt.com,,,Ahoneycutt,,Ahoneycutt,,Unknown,Benchmarkpt,,,,Not Found
malia.hostetler@ptsolutions.com,,,Malia,Hostetler,Malia Hostetler,,Unknown,Ptsolutions,,,,Not Found
atice@benchmarkpt.com,,,Atice,,Atice,Assistant Manager,Manager / Admin,Benchmarkpt,,Low,Web Search,Found
cameron.peden@resultspt.com,,,Cameron,Peden,Cameron Peden,,Unknown,Resultspt,,,,Not Found
gillian.charbeneau@team-rehab.com,,,Gillian,Charbeneau,Gillian Charbeneau,Director,Director / VP,Team Rehab,,Low,Web Search,Found
ashley.stone@ptsolutions.com,,,Ashley,Stone,Ashley Stone,,Unknown,Ptsolutions,,,,Not Found
dmcmurtry@benchmarkpt.com,,,Dmcmurtry,,Dmcmurtry,,Unknown,Benchmarkpt,,,,Not Found
elizardo@motionptg.com,,,Elizardo,,Elizardo,,Unknown,Motionptg,,,,Not Found
jsternecker@breakthrough-pt.com,,,Jsternecker,,Jsternecker,Supervisor,Manager / Admin,Breakthrough Pt,,Low,Web Search,Found
james@peakphysicaltherapy.net,,,James,,James,,Unknown,Peakphysicaltherapy,,,,Not Found
tony@texpts.com,,,Tony,,Tony,,Unknown,Texpts,,,,Not Found
jjolly@prorehab-pc.com,,,Jjolly,,Jjolly,,Unknown,Prorehab Pc,,,,Not Found
jwhitacre@texpts.com,,,Jwhitacre,,Jwhitacre,,Unknown,Texpts,,,,Not Found
rking@baystatept.com,,,Rking,,Rking,,Unknown,Baystatept,,,,Not Found
andrea@prorehab-pc.com,,,Andrea,,Andrea,,Unknown,Prorehab Pc,,,,Not Found
jbeller@ptcentral.org,,,Jbeller,,Jbeller,,Unknown,Ptcentral,,,,Not Found
ahiggins@texpts.com,,,Ahiggins,,Ahiggins,,Unknown,Texpts,,,,Not Found
kaitlyn.rose@baystatept.com,,,Kaitlyn,Rose,Kaitlyn Rose,,Unknown,Baystatept,,,,Not Found
smccarthy@motionptg.com,,,Smccarthy,,Smccarthy,,Unknown,Motionptg,,,,Not Found
brenda@coloradoinmotion.com,,,Brenda,,Brenda,,Unknown,Coloradoinmotion,,,,Not Found
kflynn@accessptw.com,,,Kflynn,,Kflynn,,Unknown,Accessptw,,,,Not Found
jtennant@twinboro.com,,,Jtennant,,Jtennant,,Unknown,Twinboro,,,,Not Found
ben.cooley@irgpt.com,,,Ben,Cooley,Ben Cooley,,Unknown,Irgpt,,,,Not Found
jestes@peak-therapy.com,,,Jestes,,Jestes,,Unknown,Peak Therapy,,,,Not Found
cwharam@drsofpt.com,,,Cwharam,,Cwharam,,Unknown,Drsofpt,,,,Not Found
lsilvano@twinboro.com,,,Lsilvano,,Lsilvano,Director,Director / VP,Twinboro,,Low,Web Search,Found
jmatthews@peak-therapy.com,,,Jmatthews,,Jmatthews,Chief Technology Officer,Owner / Executive (C-Suite),Peak Therapy,,Low,Web Search,Found
mrajotte@baystatept.com,,,Ajotte,,Ajotte,,Unknown,Baystatept,,,,Not Found
pglushakov@spearcenter.com,,,Pglushakov,,Pglushakov,,Unknown,Spear Center,,,,Not Found
nicole.palizzolo@baystatept.com,,,Nicole,Palizzolo,Nicole Palizzolo,,Unknown,Baystatept,,,,Not Found
mkraft@baystatept.com,,,Mkraft,,Mkraft,,Unknown,Baystatept,,,,Not Found
mseymour@baystatept.com,,,Eymour,,Eymour,Owner,Owner / Executive (C-Suite),Baystatept,,Low,Web Search,Found
sszawlowski@kort.com,,,Sszawlowski,,Sszawlowski,Chief Technology Officer,Owner / Executive (C-Suite),Kort,,Low,Web Search,Found
jocelyn.mach@baystatept.com,,,Jocelyn,Mach,Jocelyn Mach,,Unknown,Baystatept,,,,Not Found
nlangstaff@sacobaypt.com,,,Nlangstaff,,Nlangstaff,,Unknown,Sacobaypt,,,,Not Found
msabogal@spearcenter.com,,,Abogal,,Abogal,,Unknown,Spear Center,,,,Not Found
aphadke@spearcenter.com,,,Aphadke,,Aphadke,Authenticator& Password Manager,Manager / Admin,Spear Center,,Low,Web Search,Found
asoiref@baystatept.com,,,Asoiref,,Asoiref,,Unknown,Baystatept,,,,Not Found
nstudden@fxphysicaltherapy.com,,,Nstudden,,Nstudden,,Unknown,Fxphysicaltherapy,,,,Not Found
mercole@ace-pt.org,,,Mercole,,Mercole,,Unknown,Ace Pt,,,,Not Found
ahayman@bridgetownpt.com,,,Ahayman,,Ahayman,,Unknown,Bridgetownpt,,,,Not Found
tmitchell@ace-pt.org,,,Tmitchell,,Tmitchell,,Unknown,Ace Pt,,,,Not Found
taylor@physiquetherapy.com,,,Taylor,,Taylor,,Unknown,Physiquetherapy,,,,Not Found
anna@salmonbaypt.com,,,Anna,,Anna,,Unknown,Salmonbaypt,,,,Not Found
elloyd@fxphysicaltherapy.com,,,Elloyd,,Elloyd,,Unknown,Fxphysicaltherapy,,,,Not Found
mtaylor@fxphysicaltherapy.com,,,Mtaylor,,Mtaylor,,Unknown,Fxphysicaltherapy,,,,Not Found
egarguilo@fxphysicaltherapy.com,,,Egarguilo,,Egarguilo,,Unknown,Fxphysicaltherapy,,,,Not Found
jreider@fxphysicaltherapy.com,,,Jreider,,Jreider,Partner,Owner / Executive (C-Suite),Fxphysicaltherapy,,Low,Web Search,Found
staceymarkley@mobilityprojectpt.com,,,Staceymarkley,,Staceymarkley,,Unknown,Mobilityprojectpt,,,,Not Found
jtola@fxphysicaltherapy.com,,,Jtola,,Jtola,Analyst,Professional,Fxphysicaltherapy,,Low,Web Search,Found
rbibeau@fxphysicaltherapy.com,,,Rbibeau,,Rbibeau,,Unknown,Fxphysicaltherapy,,,,Not Found
ndobbs@fxphysicaltherapy.com,,,Ndobbs,,Ndobbs,Manage Your Google Password Manager PIN,Manager / Admin,Fxphysicaltherapy,,Low,Web Search,Found
thennessey-crowell@rebound-pt.com,,,Thennessey,Crowell,Thennessey Crowell,,Unknown,Rebound Pt,,,,Not Found
ekam@fxphysicaltherapy.com,,,Ekam,,Ekam,,Unknown,Fxphysicaltherapy,,,,Not Found
bgreene@fxphysicaltherapy.com,,,Bgreene,,Bgreene,,Unknown,Fxphysicaltherapy,,,,Not Found
cwoods@fxphysicaltherapy.com,,,Cwoods,,Cwoods,,Unknown,Fxphysicaltherapy,,,,Not Found
ghorath@prefitpt.com,,,Ghorath,,Ghorath,,Unknown,Prefitpt,,,,Not Found
brian@salmonbaypt.com,,,Brian,,Brian,,Unknown,Salmonbaypt,,,,Not Found
cvanwerkhoven@fxphysicaltherapy.com,,,Cvanwerkhoven,,Cvanwerkhoven,,Unknown,Fxphysicaltherapy,,,,Not Found
amaxwell@fxphysicaltherapy.com,,,Amaxwell,,Amaxwell,,Unknown,Fxphysicaltherapy,,,,Not Found
adupaya@fxphysicaltherapy.com,,,Adupaya,,Adupaya,Donaldtrumpfor President,Owner / Executive (C-Suite),Fxphysicaltherapy,,Low,Web Search,Found
jvegher@prefitpt.com,,,Jvegher,,Jvegher,,Unknown,Prefitpt,,,,Not Found
jacob@mobilityprojectpt.com,,,Jacob,,Jacob,,Unknown,Mobilityprojectpt,,,,Not Found
msinnott@prefitpt.com,,,Innott,,Innott,,Unknown,Prefitpt,,,,Not Found
kzarzuela@fxphysicaltherapy.com,,,Kzarzuela,,Kzarzuela,,Unknown,Fxphysicaltherapy,,,,Not Found
afunk@fxphysicaltherapy.com,,,Afunk,,Afunk,,Unknown,Fxphysicaltherapy,,,,Not Found
oajayi@fxphysicaltherapy.com,,,Oajayi,,Oajayi,,Unknown,Fxphysicaltherapy,,,,Not Found
lspiker@rebound-pt.com,,,Lspiker,,Lspiker,,Unknown,Rebound Pt,,,,Not Found
croosa@fxphysicaltherapy.com,,,Croosa,,Croosa,,Unknown,Fxphysicaltherapy,,,,Not Found
kholt@fxphysicaltherapy.com,,,Kholt,,Kholt,,Unknown,Fxphysicaltherapy,,,,Not Found
jparsons@fxphysicaltherapy.com,,,Jparsons,,Jparsons,Associate,Staff / Coordinator,Fxphysicaltherapy,,Low,Web Search,Found
angelica@ace-pt.org,,,Angelica,,Angelica,,Unknown,Ace Pt,,,,Not Found
rgoddu@elitephysicaltherapy.com,,,Rgoddu,,Rgoddu,,Unknown,Elitephysicaltherapy,,,,Not Found
myole@elitephysicaltherapy.com,,,Myole,,Myole,,Unknown,Elitephysicaltherapy,,,,Not Found
gzangari@elitephysicaltherapy.com,,,Gzangari,,Gzangari,,Unknown,Elitephysicaltherapy,,,,Not Found
rebecca.engelhardt@oxfordpt.com,,,Rebecca,Engelhardt,Rebecca Engelhardt,,Unknown,Oxfordpt,,,,Not Found
jleblanc@moreaupt.com,,,Jleblanc,,Jleblanc,,Unknown,Moreaupt,,,,Not Found
shess@moreaupt.com,,,Shess,,Shess,,Unknown,Moreaupt,,,,Not Found
mcreel@moreaupt.com,,,Mcreel,,Mcreel,,Unknown,Moreaupt,,,,Not Found
dmiller@northlandplasticsurgery.com,,,Dmiller,,Dmiller,,Unknown,Northlandplastic Surgery,,,,Not Found
abesser@northlandplasticsurgery.com,,,Abesser,,Abesser,,Unknown,Northlandplastic Surgery,,,,Not Found
dleiva@athenixbody.com,,,Dleiva,,Dleiva,Chief Technology Officer,Owner / Executive (C-Suite),Athenixbody,,Low,Web Search,Found
mtorres@athenixbody.com,,,Mtorres,,Mtorres,,Unknown,Athenixbody,,,,Not Found
lharrison@nassericlinic.com,,,Lharrison,,Lharrison,,Unknown,Nasseri Clinic,,,,Not Found
lshroyer@ramoscenter.com,,,Lshroyer,,Lshroyer,CEO,Owner / Executive (C-Suite),Ramos Center,,Low,Web Search,Found
corbin@donaldsonplasticsurgery.com,,,Corbin,,Corbin,,Unknown,Donaldsonplastic Surgery,,,,Not Found
laura@donaldsonplasticsurgery.com,,,Laura,,Laura,,Unknown,Donaldsonplastic Surgery,,,,Not Found
shawndra@donaldsonplasticsurgery.com,,,Shawndra,,Shawndra,,Unknown,Donaldsonplastic Surgery,,,,Not Found
drdonaldson@donaldsonplasticsurgery.com,,,Donaldson,,Donaldson,,Unknown,Donaldsonplastic Surgery,,,,Not Found
ben-hur@benhurmd.com.br,,,Ben,Hur,Ben Hur,,Unknown,Benhurmd,,,,Not Found
kari@drleavitt.net,,,Kari,,Kari,,Unknown,Drleavitt,,,,Not Found
jill@drchernoff.com,,,Jill,,Jill,Principal,Owner / Executive (C-Suite),Drchernoff,,Low,Web Search,Found
salena.epperson@zarminali.com,,,Salena,Epperson,Salena Epperson,,Unknown,Zarminali,,,,Not Found
lydia@drchernoff.com,,,Lydia,,Lydia,,Unknown,Drchernoff,,,,Not Found
mlandon@tanasbourneplasticsurgery.com,,,Mlandon,,Mlandon,,Unknown,Tanasbourneplastic Surgery,,,,Not Found
logan.konkol@zarminali.com,,,Logan,Konkol,Logan Konkol,,Unknown,Zarminali,,,,Not Found
brad@bradmcewan.com,,,Brad,,Brad,President,Owner / Executive (C-Suite),Bradmcewan,,Low,Web Search,Found
kendra@drboudreaux.com,,,Kendra,,Kendra,,Unknown,Drboudreaux,,,,Not Found
tony@atlantafaceandbody.com,,,Tony,,Tony,,Unknown,Atlantafaceandbody,,,,Not Found
samantha@changesplasticsurgery.com,,,Samantha,,Samantha,,Unknown,Changesplastic Surgery,,,,Not Found
drjcm@westchesterpodiatric.com,,,Jcm,,Jcm,,Unknown,Westchesterpodiatric,,,,Not Found
jsikes@footanklecenter.com,,,Jsikes,,Jsikes,,Unknown,Footankle Center,,,,Not Found
dwhite@kcfoot.com,,,Dwhite,,Dwhite,CEO,Owner / Executive (C-Suite),Kcfoot,,Low,Web Search,Found
swerter@coastalpodiatry.com,,,Swerter,,Swerter,,Unknown,Coastalpodiatry,,,,Not Found
patrick.deheer@upperlinehealth.com,,,Patrick,Deheer,Patrick Deheer,To Open IIS Manager,Manager / Admin,Upperline Health,,Low,Web Search,Found
sarah.hicks@upperlinehealth.com,,,Sarah,Hicks,Sarah Hicks,,Unknown,Upperline Health,,,,Not Found
kyle.hoskins@upperlinehealth.com,,,Kyle,Hoskins,Kyle Hoskins,,Unknown,Upperline Health,,,,Not Found
jennifer.cardona@upperlinehealth.com,,,Jennifer,Cardona,Jennifer Cardona,,Unknown,Upperline Health,,,,Not Found
bobby.murphy@upperlinehealth.com,,,Bobby,Murphy,Bobby Murphy,,Unknown,Upperline Health,,,,Not Found
james.calderwood@upperlinehealth.com,,,James,Calderwood,James Calderwood,,Unknown,Upperline Health,,,,Not Found
matt.mclaughlin@upperlinehealth.com,,,Matt,Mclaughlin,Matt Mclaughlin,,Unknown,Upperline Health,,,,Not Found
dthorpe@upperlinehealth.com,,,Dthorpe,,Dthorpe,,Unknown,Upperline Health,,,,Not Found
abillups@upperlinehealth.com,,,Abillups,,Abillups,,Unknown,Upperline Health,,,,Not Found
rreyzelman@balancehealth.com,,,Rreyzelman,,Rreyzelman,,Unknown,Balance Health,,,,Not Found
cconroy@physiciansfootcare.com,,,Cconroy,,Cconroy,,Unknown,Physiciansfoot Care,,,,Not Found
ldaniels@physiciansfootcare.com,,,Ldaniels,,Ldaniels,President,Owner / Executive (C-Suite),Physiciansfoot Care,,Low,Web Search,Found
kray@physiciansfootcare.com,,,Kray,,Kray,,Unknown,Physiciansfoot Care,,,,Not Found
ashley.harris@concertocare.com,,,Ashley,Harris,Ashley Harris,,Unknown,Concerto Care,,,,Not Found
skeeling@centerwell.com,,,Skeeling,,Skeeling,,Unknown,Center Well,,,,Not Found
vjimenez@vivasaludclinic.com,,,Vjimenez,,Vjimenez,,Unknown,Vivasalud Clinic,,,,Not Found
traznoff@healthcareswfl.org,,,Traznoff,,Traznoff,,Unknown,Health Care Swfl,,,,Not Found
hdomond@healthcareswfl.org,,,Hdomond,,Hdomond,,Unknown,Health Care Swfl,,,,Not Found
mwoolley@healthcareswfl.org,,,Mwoolley,,Mwoolley,,Unknown,Health Care Swfl,,,,Not Found
jbeahler@healthcareswfl.org,,,Jbeahler,,Jbeahler,,Unknown,Health Care Swfl,,,,Not Found
doug.hill@rosettahealth.com,,,Doug,Hill,Doug Hill,,Unknown,Rosetta Health,,,,Not Found
zach.hill@rosettahealth.com,,,Zach,Hill,Zach Hill,,Unknown,Rosetta Health,,,,Not Found
kevin.puscas@rosettahealth.com,,,Kevin,Puscas,Kevin Puscas,,Unknown,Rosetta Health,,,,Not Found
josh.sasman@rosettahealth.com,,,Josh,Sasman,Josh Sasman,,Unknown,Rosetta Health,,,,Not Found
wendy.caudill@rosettahealth.com,,,Wendy,Caudill,Wendy Caudill,,Unknown,Rosetta Health,,,,Not Found
jeremy@virtuemd.com,,,Jeremy,,Jeremy,,Unknown,Virtuemd,,,,Not Found
justin@lifexmd.com,,,Justin,,Justin,,Unknown,Lifexmd,,,,Not Found
klee@paretoclinic.com,,,Klee,,Klee,,Unknown,Pareto Clinic,,,,Not Found
leticia@tenurehealth.com,,,Leticia,,Leticia,,Unknown,Tenure Health,,,,Not Found
smccune@peakmed.com,,,Smccune,,Smccune,,Unknown,Peakmed,,,,Not Found
ekautzner@peakmed.com,,,Ekautzner,,Ekautzner,,Unknown,Peakmed,,,,Not Found
jforbes@peakmed.com,,,Jforbes,,Jforbes,,Unknown,Peakmed,,,,Not Found
susan@greatergoodhealth.com,,,Susan,,Susan,,Unknown,Greatergood Health,,,,Not Found
amy@greatergoodhealth.com,,,Amy,,Amy,,Unknown,Greatergood Health,,,,Not Found
slatifi@swanprimarycare.com,,,Slatifi,,Slatifi,CEO,Owner / Executive (C-Suite),Swanprimary Care,,Low,Web Search,Found
andy@journeyhealthdpc.com,,,Andy,,Andy,,Unknown,Journey Health Dpc,,,,Not Found
sarah.buckley@greatergoodhealth.com,,,Sarah,Buckley,Sarah Buckley,,Unknown,Greatergood Health,,,,Not Found
marki@greatergoodhealth.com,,,Marki,,Marki,,Unknown,Greatergood Health,,,,Not Found
matt@greatergoodhealth.com,,,Matt,,Matt,,Unknown,Greatergood Health,,,,Not Found
betsy@greatergoodhealth.com,,,Betsy,,Betsy,,Unknown,Greatergood Health,,,,Not Found
heaven@greatergoodhealth.com,,,Heaven,,Heaven,,Unknown,Greatergood Health,,,,Not Found
shawn@twentyonemedical.com,,,Shawn,,Shawn,,Unknown,Twentyone Medical,,,,Not Found
shannon@twentyonemedical.com,,,Shannon,,Shannon,,Unknown,Twentyone Medical,,,,Not Found
kparent@highlandhealthdirect.com,,,Kparent,,Kparent,Partner,Owner / Executive (C-Suite),Highland Health Direct,,Low,Web Search,Found
jenita.lyons@marathon.health,,,Jenita,Lyons,Jenita Lyons,,Unknown,Marathon,,,,Not Found
maleese@originhealth.com,,,Maleese,,Maleese,,Unknown,Origin Health,,,,Not Found
snwakanma@merciehealth.com,,,Snwakanma,,Snwakanma,,Unknown,Mercie Health,,,,Not Found
jweber@ashleyclinic.com,,,Jweber,,Jweber,,Unknown,Ashley Clinic,,,,Not Found
lengelman@ashleyclinic.com,,,Lengelman,,Lengelman,,Unknown,Ashley Clinic,,,,Not Found
cvanhouden@ashleyclinic.com,,,Cvanhouden,,Cvanhouden,Owner,Owner / Executive (C-Suite),Ashley Clinic,,Low,Web Search,Found
staylor@ashleyclinic.com,,,Staylor,,Staylor,,Unknown,Ashley Clinic,,,,Not Found
kvaughan@ashleyclinic.com,,,Kvaughan,,Kvaughan,Partner,Owner / Executive (C-Suite),Ashley Clinic,,Low,Web Search,Found
rorr@ashleyclinic.com,,,Rorr,,Rorr,,Unknown,Ashley Clinic,,,,Not Found
ahartwig@ashleyclinic.com,,,Ahartwig,,Ahartwig,,Unknown,Ashley Clinic,,,,Not Found
mdillow@ashleyclinic.com,,,Mdillow,,Mdillow,,Unknown,Ashley Clinic,,,,Not Found
wmulkey@emeraldwatersprimarycare.com,,,Wmulkey,,Wmulkey,,Unknown,Emeraldwatersprimary Care,,,,Not Found
aaragon@emeraldwatersprimarycare.com,,,Aaragon,,Aaragon,,Unknown,Emeraldwatersprimary Care,,,,Not Found
mickey.trimm@kolbeclinic.com,,,Mickey,Trimm,Mickey Trimm,,Unknown,Kolbe Clinic,,,,Not Found
william.wainscott@kolbeclinic.com,,,William,Wainscott,William Wainscott,,Unknown,Kolbe Clinic,,,,Not Found
robert.ruth@kolbeclinic.com,,,Robert,Ruth,Robert Ruth,,Unknown,Kolbe Clinic,,,,Not Found
claire.eagan@kolbeclinic.com,,,Claire,Eagan,Claire Eagan,,Unknown,Kolbe Clinic,,,,Not Found
miranda.new@kolbeclinic.com,,,Miranda,New,Miranda New,,Unknown,Kolbe Clinic,,,,Not Found
j.davis@kolbeclinic.com,,,J,Davis,J Davis,,Unknown,Kolbe Clinic,,,,Not Found
lilah.ruth@kolbeclinic.com,,,Lilah,Ruth,Lilah Ruth,The CTO Club,Professional,Kolbe Clinic,,Low,Web Search,Found
beth@thechadwickclinic.com,,,Beth,,Beth,,Unknown,Thechadwick Clinic,,,,Not Found
jbhatia@saapc.com,,,Jbhatia,,Jbhatia,Principal,Owner / Executive (C-Suite),Saapc,,Low,Web Search,Found
german.montenegro@clinicamedicos.com,,,German,Montenegro,German Montenegro,,Unknown,Clinic Amedicos,,,,Not Found
crystal.leis@sunflowermedicalclinic.com,,,Crystal,Leis,Crystal Leis,,Unknown,Sunflower Medical Clinic,,,,Not Found
maggarwal@hillsboroclinic.com,,,Maggarwal,,Maggarwal,,Unknown,Hillsboro Clinic,,,,Not Found
npigamd@pigaprimarycare.com,,,Npigamd,,Npigamd,,Unknown,Pigaprimary Care,,,,Not Found
beyherabide@honestmedicalgroup.com,,,Beyherabide,,Beyherabide,,Unknown,Honest Medical Group,,,,Not Found
rgoins@honestmedicalgroup.com,,,Rgoins,,Rgoins,,Unknown,Honest Medical Group,,,,Not Found
tcaniglia@honestmedicalgroup.com,,,Tcaniglia,,Tcaniglia,,Unknown,Honest Medical Group,,,,Not Found
ktodd@honestmedicalgroup.com,,,Ktodd,,Ktodd,,Unknown,Honest Medical Group,,,,Not Found
chet@bewellprimarycare.com,,,Chet,,Chet,,Unknown,Bewellprimary Care,,,,Not Found
steve@bewellprimarycare.com,,,Steve,,Steve,,Unknown,Bewellprimary Care,,,,Not Found
casey@bewellprimarycare.com,,,Casey,,Casey,Founder,Owner / Executive (C-Suite),Bewellprimary Care,,Medium,Web Search,Found
priya@bewellprimarycare.com,,,Priya,,Priya,,Unknown,Bewellprimary Care,,,,Not Found
monique@bewellprimarycare.com,,,Monique,,Monique,,Unknown,Bewellprimary Care,,,,Not Found
dcoplon@hopeprimarycare.com,,,Dcoplon,,Dcoplon,,Unknown,Hopeprimary Care,,,,Not Found
cdisch@prairieclinic.com,,,Cdisch,,Cdisch,,Unknown,Prairie Clinic,,,,Not Found
ekippley@prairieclinic.com,,,Ekippley,,Ekippley,,Unknown,Prairie Clinic,,,,Not Found
tbuss@prairieclinic.com,,,Tbuss,,Tbuss,,Unknown,Prairie Clinic,,,,Not Found
lrichter@prairieclinic.com,,,Lrichter,,Lrichter,Partner,Owner / Executive (C-Suite),Prairie Clinic,,Low,Web Search,Found
tvanfossen@prairieclinic.com,,,Tvanfossen,,Tvanfossen,,Unknown,Prairie Clinic,,,,Not Found
cgibson@prairieclinic.com,,,Cgibson,,Cgibson,,Unknown,Prairie Clinic,,,,Not Found
jblum@prairieclinic.com,,,Jblum,,Jblum,,Unknown,Prairie Clinic,,,,Not Found
robert.rodgers@archesmed.com,,,Robert,Rodgers,Robert Rodgers,,Unknown,Archesmed,,,,Not Found
gregory.allen@archesmed.com,,,Gregory,Allen,Gregory Allen,,Unknown,Archesmed,,,,Not Found
david.gellis@archesmed.com,,,David,Gellis,David Gellis,,Unknown,Archesmed,,,,Not Found
danielle.suttie@archesmed.com,,,Danielle,Suttie,Danielle Suttie,,Unknown,Archesmed,,,,Not Found
bonnie.cahill@archesmed.com,,,Bonnie,Cahill,Bonnie Cahill,President,Owner / Executive (C-Suite),Archesmed,,Low,Web Search,Found
rebecca.rathbun@archesmed.com,,,Rebecca,Rathbun,Rebecca Rathbun,,Unknown,Archesmed,,,,Not Found
keith.shields@archesmed.com,,,Keith,Shields,Keith Shields,,Unknown,Archesmed,,,,Not Found
jimlyn.laurent@highlandhealthcare.com,,,Jimlyn,Laurent,Jimlyn Laurent,'credential-manager' Is Not A Git Command,Manager / Admin,Highland Health Care,,Low,Web Search,Found
tyovankin@greywoodhealth.com,,,Tyovankin,,Tyovankin,,Unknown,Greywood Health,,,,Not Found
cgarcia@greywoodhealth.com,,,Cgarcia,,Cgarcia,,Unknown,Greywood Health,,,,Not Found
jgordon@honestmedicalgroup.com,,,Jgordon,,Jgordon,Specialist,Staff / Coordinator,Honest Medical Group,,Low,Web Search,Found
keshiiar@ascendingmedicine.com,,,Keshiiar,,Keshiiar,,Unknown,Ascendingmedicine,,,,Not Found
daynab@ascendingmedicine.com,,,Daynab,,Daynab,Chief Technology Officer,Owner / Executive (C-Suite),Ascendingmedicine,,Low,Web Search,Found
sarah.pittocco@greenwichpuremed.com,,,Sarah,Pittocco,Sarah Pittocco,,Unknown,Greenwichpuremed,,,,Not Found
mjessessky@advantagehealth.com,,,Mjessessky,,Mjessessky,,Unknown,Advantage Health,,,,Not Found
molson@advantagehealth.com,,,Molson,,Molson,,Unknown,Advantage Health,,,,Not Found
kgallagher@advantagehealth.com,,,Kgallagher,,Kgallagher,,Unknown,Advantage Health,,,,Not Found
azmuda@advantagehealth.com,,,Azmuda,,Azmuda,,Unknown,Advantage Health,,,,Not Found
rbarrett@advantagehealth.com,,,Rbarrett,,Rbarrett,,Unknown,Advantage Health,,,,Not Found
wbland@healthyhomeprimarycare.com,,,Wbland,,Wbland,,Unknown,Health Yhomeprimary Care,,,,Not Found
emily@collaborativehealth.com,,,Emily,,Emily,,Unknown,Collaborative Health,,,,Not Found
joy@collaborativehealth.com,,,Joy,,Joy,,Unknown,Collaborative Health,,,,Not Found
stephanie@collaborativehealth.com,,,Stephanie,,Stephanie,,Unknown,Collaborative Health,,,,Not Found
kaitlyn@thrivewellclinic.com,,,Kaitlyn,,Kaitlyn,,Unknown,Thrivewell Clinic,,,,Not Found
nsandal@atmaclinic.com,,,Nsandal,,Nsandal,,Unknown,Atma Clinic,,,,Not Found
eliza@atmaclinic.com,,,Eliza,,Eliza,,Unknown,Atma Clinic,,,,Not Found
mjahn@ironwoodhealth.com,,,Mjahn,,Mjahn,,Unknown,Ironwood Health,,,,Not Found
alittle@ironwoodhealth.com,,,Alittle,,Alittle,,Unknown,Ironwood Health,,,,Not Found
msyiek@ironwoodhealth.com,,,Yiek,,Yiek,Operations Manager,Manager / Admin,Ironwood Health,,Low,Web Search,Found
kwhitley@ironwoodhealth.com,,,Kwhitley,,Kwhitley,,Unknown,Ironwood Health,,,,Not Found
katiegarcia@moderaclinic.com,,,Katiegarcia,,Katiegarcia,,Unknown,Modera Clinic,,,,Not Found
dawn.gill@meliorahealthcare.com,,,Dawn,Gill,Dawn Gill,,Unknown,Meliora Health Care,,,,Not Found
sarah.lindsay@meliorahealthcare.com,,,Sarah,Lindsay,Sarah Lindsay,,Unknown,Meliora Health Care,,,,Not Found
karin.gutierrez@meliorahealthcare.com,,,Karin,Gutierrez,Karin Gutierrez,,Unknown,Meliora Health Care,,,,Not Found
mary.romero@meliorahealthcare.com,,,Mary,Romero,Mary Romero,Founder,Owner / Executive (C-Suite),Meliora Health Care,,Low,Web Search,Found
ruth.dupont@meliorahealthcare.com,,,Ruth,Dupont,Ruth Dupont,,Unknown,Meliora Health Care,,,,Not Found
elyssa.sisko@themorrisonclinic.com,,,Elyssa,Sisko,Elyssa Sisko,,Unknown,Themorrison Clinic,,,,Not Found
sarah@thrivewellclinic.com,,,Sarah,,Sarah,,Unknown,Thrivewell Clinic,,,,Not Found
sboone@wilkensmedicalgroup.com,,,Sboone,,Sboone,,Unknown,Wilkens Medical Group,,,,Not Found
rjohnson@wilkensmedicalgroup.com,,,Rjohnson,,Rjohnson,,Unknown,Wilkens Medical Group,,,,Not Found
tperkins@wilkensmedicalgroup.com,,,Tperkins,,Tperkins,,Unknown,Wilkens Medical Group,,,,Not Found
mhatfield@wilkensmedicalgroup.com,,,Mhatfield,,Mhatfield,,Unknown,Wilkens Medical Group,,,,Not Found
tsamson@sensenbrennerprimarycare.com,,,Tsamson,,Tsamson,,Unknown,Sensenbrennerprimary Care,,,,Not Found
astogner@sensenbrennerprimarycare.com,,,Astogner,,Astogner,,Unknown,Sensenbrennerprimary Care,,,,Not Found
brittany@pienkowskimd.com,,,Brittany,,Brittany,,Unknown,Pienkowskimd,,,,Not Found
stephanie@eileenwestmd.com,,,Stephanie,,Stephanie,,Unknown,Eileenwestmd,,,,Not Found
znayak@greenspringmed.com,,,Znayak,,Znayak,,Unknown,Greenspringmed,,,,Not Found
lcalderon@riograndemedicine.com,,,Lcalderon,,Lcalderon,,Unknown,Riograndemedicine,,,,Not Found
niki@sundaramed.com,,,Niki,,Niki,Partner,Owner / Executive (C-Suite),Sundaramed,,Low,Web Search,Found
js@sensenbrennerprimarycare.com,,,Js,,Js,,Unknown,Sensenbrennerprimary Care,,,,Not Found
ihaw@ihawmd.com,,,Ihaw,,Ihaw,,Unknown,Ihawmd,,,,Not Found
ncontey@dmcpa.com,,,Ncontey,,Ncontey,DENAGO NOMADXL OWNER'S MANUAL Pdf Download,Owner / Executive (C-Suite),Dmcpa,,Low,Web Search,Found
spistachio@dmcpa.com,,,Spistachio,,Spistachio,,Unknown,Dmcpa,,,,Not Found
tcampanella@dmcpa.com,,,Tcampanella,,Tcampanella,Analyst,Professional,Dmcpa,,Low,Web Search,Found
jkalebota@dmcpa.com,,,Jkalebota,,Jkalebota,DB-GPT: Open-source Agentic AI Data Assistant,Staff / Coordinator,Dmcpa,,Low,Web Search,Found
jkaiser@dmcpa.com,,,Jkaiser,,Jkaiser,,Unknown,Dmcpa,,,,Not Found
tjohnson@dmcpa.com,,,Tjohnson,,Tjohnson,President,Owner / Executive (C-Suite),Dmcpa,,Low,Web Search,Found
april@okeziemd.com,,,April,,April,,Unknown,Okeziemd,,,,Not Found
mcalabrese@dmcpa.com,,,Mcalabrese,,Mcalabrese,Supervisor,Manager / Admin,Dmcpa,,Low,Web Search,Found
raman@marytilakmd.com,,,Raman,,Raman,,Unknown,Marytilakmd,,,,Not Found
jschneider@dmcpa.com,,,Jschneider,,Jschneider,,Unknown,Dmcpa,,,,Not Found
abigail@marytilakmd.com,,,Abigail,,Abigail,Principal,Owner / Executive (C-Suite),Marytilakmd,,Low,Web Search,Found
alessandra@marytilakmd.com,,,Alessandra,,Alessandra,,Unknown,Marytilakmd,,,,Not Found
wayne.dysinger@lifestylemedical.com,,,Wayne,Dysinger,Wayne Dysinger,Owner,Owner / Executive (C-Suite),Lifestyle Medical,,Low,Web Search,Found
stephanie.clements@caremore.com,,,Stephanie,Clements,Stephanie Clements,,Unknown,Care More,,,,Not Found
gk@caremore.com,,,Gk,,Gk,,Unknown,Care More,,,,Not Found
james.walsh@caremore.com,,,James,Walsh,James Walsh,,Unknown,Care More,,,,Not Found
kent.tabor@caremore.com,,,Kent,Tabor,Kent Tabor,Owner,Owner / Executive (C-Suite),Care More,,Low,Web Search,Found
prasad.chode@caremore.com,,,Prasad,Chode,Prasad Chode,,Unknown,Care More,,,,Not Found
major@medicalcarecenter.com,,,Major,,Major,,Unknown,Medical Care Center,,,,Not Found
aholbrook@joshuamedicalgroup.com,,,Aholbrook,,Aholbrook,Manage Your Google Password Manager PIN,Manager / Admin,Joshua Medical Group,,Low,Web Search,Found
wbrophy@amgfairbanks.com,,,Wbrophy,,Wbrophy,Get Started With Google Password Manager,Manager / Admin,Amgfairbanks,,Low,Web Search,Found
allison@progressmedical.com,,,Allison,,Allison,,Unknown,Progress Medical,,,,Not Found
alexis@progressmedical.com,,,Alexis,,Alexis,,Unknown,Progress Medical,,,,Not Found
lreece@whspmedical.com,,,Lreece,,Lreece,Chief Technology Officer,Owner / Executive (C-Suite),Whsp Medical,,Low,Web Search,Found
khughes@whspmedical.com,,,Khughes,,Khughes,,Unknown,Whsp Medical,,,,Not Found
akeane@whspmedical.com,,,Akeane,,Akeane,,Unknown,Whsp Medical,,,,Not Found
jalal@caremedicals.com,,,Jalal,,Jalal,,Unknown,Care Medical S,,,,Not Found
e.andary@totalcare.us,,,E,Andary,E Andary,,Unknown,Total Care,,,,Not Found
r.carney@totalcare.us,,,R,Carney,R Carney,,Unknown,Total Care,,,,Not Found
d.lampe@totalcare.us,,,D,Lampe,D Lampe,,Unknown,Total Care,,,,Not Found
c.post@totalcare.us,,,C,Post,C Post,,Unknown,Total Care,,,,Not Found
l.gaouette@totalcare.us,,,L,Gaouette,L Gaouette,,Unknown,Total Care,,,,Not Found
a.ghanem@totalcare.us,,,A,Ghanem,A Ghanem,,Unknown,Total Care,,,,Not Found
e.dagher@totalcare.us,,,E,Dagher,E Dagher,,Unknown,Total Care,,,,Not Found
arden@greenwichmedicalpartners.com,,,Arden,,Arden,,Unknown,Greenwich Medical Partners,,,,Not Found
chelsea@greenwichmedicalpartners.com,,,Chelsea,,Chelsea,,Unknown,Greenwich Medical Partners,,,,Not Found
lisa@greenwichmedicalpartners.com,,,Lisa,,Lisa,,Unknown,Greenwich Medical Partners,,,,Not Found
paola@greenwichmedicalpartners.com,,,Paola,,Paola,,Unknown,Greenwich Medical Partners,,,,Not Found
fran@greenwichmedicalpartners.com,,,Fran,,Fran,Chief Technology Officer,Owner / Executive (C-Suite),Greenwich Medical Partners,,Low,Web Search,Found
ncavanaugh@legendmedical.us,,,Ncavanaugh,,Ncavanaugh,Partner,Owner / Executive (C-Suite),Legend Medical,,Low,Web Search,Found
esmith@legendmedical.us,,,Esmith,,Esmith,,Unknown,Legend Medical,,,,Not Found
ahendrickson@legendmedical.us,,,Ahendrickson,,Ahendrickson,,Unknown,Legend Medical,,,,Not Found
eangelucci@legendmedical.us,,,Eangelucci,,Eangelucci,DB-GPT: Open-source Agentic AI Data Assistant,Staff / Coordinator,Legend Medical,,Low,Web Search,Found
kjburk@palmsmg.org,,,Kjburk,,Kjburk,,Unknown,Palmsmg,,,,Not Found
chenry@smcmed.com,,,Chenry,,Chenry,,Unknown,Smcmed,,,,Not Found
mariac@cmbmed.com,,,Mariac,,Mariac,,Unknown,Cmbmed,,,,Not Found
matt@triadcompletehealthcare.com,,,Matt,,Matt,,Unknown,Triadcomplete Health Care,,,,Not Found
qmitchem@coastalhealthcare.us,,,Qmitchem,,Qmitchem,,Unknown,Coastal Health Care,,,,Not Found
sbecker@provmedgroup.com,,,Sbecker,,Sbecker,Principal,Owner / Executive (C-Suite),Provmed Group,,Low,Web Search,Found
ktodd@bluetailmg.com,,,Ktodd,,Ktodd,Partner,Owner / Executive (C-Suite),Bluetailmg,,Low,Web Search,Found
rafaelgonzalez@foxmedicalcenters.com,,,Rafaelgonzalez,,Rafaelgonzalez,,Unknown,Fox Medical Center S,,,,Not Found
mary.martinez@mycaremedicalgroup.com,,,Mary,Martinez,Mary Martinez,Founder,Owner / Executive (C-Suite),My Care Medical Group,,Low,Web Search,Found
tbailey@aylohealth.com,,,Tbailey,,Tbailey,,Unknown,Aylo Health,,,,Not Found
cturley@palmsmg.org,,,Cturley,,Cturley,,Unknown,Palmsmg,,,,Not Found
drlithgow@greenwichmedicalpartners.com,,,Lithgow,,Lithgow,,Unknown,Greenwich Medical Partners,,,,Not Found
amyjo@triadcompletehealthcare.com,,,Amyjo,,Amyjo,,Unknown,Triadcomplete Health Care,,,,Not Found
pjob@restoremedicalpartners.com,,,Pjob,,Pjob,,Unknown,Restore Medical Partners,,,,Not Found
swilson@restoremedicalpartners.com,,,Swilson,,Swilson,,Unknown,Restore Medical Partners,,,,Not Found
dklein@restoremedicalpartners.com,,,Dklein,,Dklein,,Unknown,Restore Medical Partners,,,,Not Found
kwilliams@restoremedicalpartners.com,,,Kwilliams,,Kwilliams,,Unknown,Restore Medical Partners,,,,Not Found
mharmon@restoremedicalpartners.com,,,Mharmon,,Mharmon,,Unknown,Restore Medical Partners,,,,Not Found
amanda.vu@gwinnettclinic.com,,,Amanda,Vu,Amanda Vu,,Unknown,Gwinnett Clinic,,,,Not Found
esmith@evansmedicalgroup.com,,,Esmith,,Esmith,,Unknown,Evans Medical Group,,,,Not Found
jamess@mybethanymedical.com,,,Jamess,,Jamess,,Unknown,Mybethany Medical,,,,Not Found
stalbot@aylohealth.com,,,Stalbot,,Stalbot,Chief Technology Officer,Owner / Executive (C-Suite),Aylo Health,,Low,Web Search,Found
jfendley@healthstarphysicians.com,,,Jfendley,,Jfendley,Dermatologist,Professional,Health Starphysicians,,Low,Web Search,Found
dbrusco@legendmedical.us,,,Dbrusco,,Dbrusco,,Unknown,Legend Medical,,,,Not Found
brenda@healthstarphysicians.com,,,Brenda,,Brenda,Specialist,Staff / Coordinator,Health Starphysicians,,Low,Web Search,Found
deanna.cruz@amhealthsystems.com,,,Deanna,Cruz,Deanna Cruz,,Unknown,Am Health Systems,,,,Not Found
smarberry@coastalhealth.com,,,Smarberry,,Smarberry,Device Manager,Manager / Admin,Coastal Health,,Low,Web Search,Found
nmanatt@healthstarphysicians.com,,,Nmanatt,,Nmanatt,,Unknown,Health Starphysicians,,,,Not Found
mark.llorente@innovacarehealth.com,,,Mark,Llorente,Mark Llorente,,Unknown,Innova Care Health,,,,Not Found
elizabeth.perez@innovacarehealth.com,,,Elizabeth,Perez,Elizabeth Perez,,Unknown,Innova Care Health,,,,Not Found
peter.kay@innovacarehealth.com,,,Peter,Kay,Peter Kay,,Unknown,Innova Care Health,,,,Not Found
nick.dambra@innovacarehealth.com,,,Nick,Dambra,Nick Dambra,,Unknown,Innova Care Health,,,,Not Found
suhely.sanchez@innovacarehealth.com,,,Suhely,Sanchez,Suhely Sanchez,CEO,Owner / Executive (C-Suite),Innova Care Health,,Low,Web Search,Found
udi.dotan@innovacarehealth.com,,,Udi,Dotan,Udi Dotan,Obstetrician,Professional,Innova Care Health,,Low,Web Search,Found
michelle.robinson@innovacarehealth.com,,,Michelle,Robinson,Michelle Robinson,,Unknown,Innova Care Health,,,,Not Found
lance.colby@innovacarehealth.com,,,Lance,Colby,Lance Colby,,Unknown,Innova Care Health,,,,Not Found
sissy.meredith@innovacarehealth.com,,,Sissy,Meredith,Sissy Meredith,Specialist,Staff / Coordinator,Innova Care Health,,Low,Web Search,Found
mclough@aylohealth.com,,,Mclough,,Mclough,,Unknown,Aylo Health,,,,Not Found
gzajicek@aylohealth.com,,,Gzajicek,,Gzajicek,,Unknown,Aylo Health,,,,Not Found
bruffin@aylohealth.com,,,Bruffin,,Bruffin,,Unknown,Aylo Health,,,,Not Found
droyster@aylohealth.com,,,Oyster,,Oyster,,Unknown,Aylo Health,,,,Not Found
smorgan@aylohealth.com,,,Smorgan,,Smorgan,,Unknown,Aylo Health,,,,Not Found
jpolite@aylohealth.com,,,Jpolite,,Jpolite,,Unknown,Aylo Health,,,,Not Found
jfalcomata@aylohealth.com,,,Jfalcomata,,Jfalcomata,Chief Technology Officer,Owner / Executive (C-Suite),Aylo Health,,Low,Web Search,Found
crollins@legendmedical.us,,,Crollins,,Crollins,President,Owner / Executive (C-Suite),Legend Medical,,Low,Web Search,Found
ccavanaugh@legendmedical.us,,,Ccavanaugh,,Ccavanaugh,,Unknown,Legend Medical,,,,Not Found
dfabius@continuumhealth.net,,,Dfabius,,Dfabius,Principal,Owner / Executive (C-Suite),Continuum Health,,Low,Web Search,Found
hmartin@wellmed.net,,,Hmartin,,Hmartin,Chief Technology Officer,Owner / Executive (C-Suite),Wellmed,,Low,Web Search,Found
georgine@healemedical.com,,,Georgine,,Georgine,AVP,Director / VP,Heale Medical,,Low,Web Search,Found
ruthh@birdseyemedical.com,,,Ruthh,,Ruthh,,Unknown,Birds Eye Medical,,,,Not Found
christinam@birdseyemedical.com,,,Christinam,,Christinam,,Unknown,Birds Eye Medical,,,,Not Found
tamram@birdseyemedical.com,,,Tamram,,Tamram,,Unknown,Birds Eye Medical,,,,Not Found
kblackman@ripplcare.com,,,Kblackman,,Kblackman,,Unknown,Rippl Care,,,,Not Found
aterpylak@ripplcare.com,,,Aterpylak,,Aterpylak,,Unknown,Rippl Care,,,,Not Found
sray@ripplcare.com,,,Sray,,Sray,Greg Sugars OAM- Director & Ceo-preston Rowe Paterson ...,Owner / Executive (C-Suite),Rippl Care,,Medium,LinkedIn (Public Dork),Found
mglasper@ripplcare.com,,,Mglasper,,Mglasper,,Unknown,Rippl Care,,,,Not Found
kenglish@ripplcare.com,,,Kenglish,,Kenglish,,Unknown,Rippl Care,,,,Not Found
esmith@ripplcare.com,,,Esmith,,Esmith,,Unknown,Rippl Care,,,,Not Found
nkuppuswamy@onmed.com,,,Nkuppuswamy,,Nkuppuswamy,,Unknown,Onmed,,,,Not Found
mkang@onmed.com,,,Mkang,,Mkang,,Unknown,Onmed,,,,Not Found
lsolie@onmed.com,,,Lsolie,,Lsolie,,Unknown,Onmed,,,,Not Found
kganesh@onmed.com,,,Kganesh,,Kganesh,Chief Technology Officer,Owner / Executive (C-Suite),Onmed,,Low,Web Search,Found
howard@onmed.com,,,Howard,,Howard,,Unknown,Onmed,,,,Not Found
corourke@onmed.com,,,Corourke,,Corourke,Director,Director / VP,Onmed,,Low,Web Search,Found
jdictenberg@onmed.com,,,Jdictenberg,,Jdictenberg,,Unknown,Onmed,,,,Not Found
apandey@onmed.com,,,Apandey,,Apandey,,Unknown,Onmed,,,,Not Found
btashman@onmed.com,,,Btashman,,Btashman,,Unknown,Onmed,,,,Not Found
aelsheikh@honesthealth.com,,,Aelsheikh,,Aelsheikh,,Unknown,Honest Health,,,,Not Found
janet.stewart@troymedicalcenter.com,,,Janet,Stewart,Janet Stewart,,Unknown,Troy Medical Center,,,,Not Found
ann.adams@troymedicalcenter.com,,,Ann,Adams,Ann Adams,,Unknown,Troy Medical Center,,,,Not Found
amy.minor@troymedicalcenter.com,,,Amy,Minor,Amy Minor,,Unknown,Troy Medical Center,,,,Not Found
stephanie.turner@troymedicalcenter.com,,,Stephanie,Turner,Stephanie Turner,,Unknown,Troy Medical Center,,,,Not Found
cortne.benton@troymedicalcenter.com,,,Cortne,Benton,Cortne Benton,,Unknown,Troy Medical Center,,,,Not Found
j.madsen@ascendmedical.com,,,J,Madsen,J Madsen,,Unknown,Ascend Medical,,,,Not Found
tom.bowenwright@ascendmedical.com,,,Tom,Bowenwright,Tom Bowenwright,,Unknown,Ascend Medical,,,,Not Found
hogai.nassery@ascendmedical.com,,,Hogai,Nassery,Hogai Nassery,Partner,Owner / Executive (C-Suite),Ascend Medical,,Low,Web Search,Found
jeff.zivan@ascendmedical.com,,,Jeff,Zivan,Jeff Zivan,Grants and Contracts Manager,Manager / Admin,Ascend Medical,https://www.linkedin.com/in/jeffzivan,Medium,LinkedIn (Public Dork),Found
yancey.stewart@ascendmedical.com,,,Yancey,Stewart,Yancey Stewart,,Unknown,Ascend Medical,,,,Not Found
r.cramer@ascendmedical.com,,,R,Cramer,R Cramer,Director of ...,Director / VP,Ascend Medical,https://www.apollo.io/people/Jason/Cramer/63243c04fe6e2f0001815f21,Medium,Apollo.io (Public Dork),Found
taylor@completehealthpartners.com,,,Taylor,,Taylor,,Unknown,Complete Health Partners,,,,Not Found
marc@completehealthpartners.com,,,Marc,,Marc,,Unknown,Complete Health Partners,,,,Not Found
rachel@completehealthpartners.com,,,Rachel,,Rachel,,Unknown,Complete Health Partners,,,,Not Found
ty@completehealthpartners.com,,,Ty,,Ty,,Unknown,Complete Health Partners,,,,Not Found
abigail@completehealthpartners.com,,,Abigail,,Abigail,,Unknown,Complete Health Partners,,,,Not Found
becky@completehealthpartners.com,,,Becky,,Becky,,Unknown,Complete Health Partners,,,,Not Found
chood@vitalitymedical.com,,,Chood,,Chood,,Unknown,Vitality Medical,,,,Not Found
loropeza@vitalitymedical.com,,,Loropeza,,Loropeza,,Unknown,Vitality Medical,,,,Not Found
mwayman@vitalitymedical.com,,,Mwayman,,Mwayman,,Unknown,Vitality Medical,,,,Not Found
csmith@vitalitymedical.com,,,Csmith,,Csmith,DB-GPT: Open-source Agentic AI Data Assistant,Staff / Coordinator,Vitality Medical,,Low,Web Search,Found
rpacker@vitalitymedical.com,,,Rpacker,,Rpacker,,Unknown,Vitality Medical,,,,Not Found
bpacker@vitalitymedical.com,,,Bpacker,,Bpacker,President,Owner / Executive (C-Suite),Vitality Medical,,Low,Web Search,Found
jerickson@vitalitymedical.com,,,Jerickson,,Jerickson,,Unknown,Vitality Medical,,,,Not Found
jmadsen@vitalitymedical.com,,,Jmadsen,,Jmadsen,,Unknown,Vitality Medical,,,,Not Found
deborahfry@wellswellnessmt.com,,,Deborahfry,,Deborahfry,,Unknown,Wellswellnessmt,,,,Not Found
mfrenkel@bewellmedical.com,,,Mfrenkel,,Mfrenkel,Analyst,Professional,Bewell Medical,,Low,Web Search,Found
obondarchuk@bewellmedical.com,,,Obondarchuk,,Obondarchuk,,Unknown,Bewell Medical,,,,Not Found
akrysevych@bewellmedical.com,,,Akrysevych,,Akrysevych,,Unknown,Bewell Medical,,,,Not Found
snardit@bewellmedical.com,,,Snardit,,Snardit,Founder,Owner / Executive (C-Suite),Bewell Medical,,Low,Web Search,Found
april@undeniablehealthcare.com,,,April,,April,,Unknown,Undeniable Health Care,,,,Not Found
heather@samatahealth.com,,,Heather,,Heather,,Unknown,Samata Health,,,,Not Found
peter@radianthealth.com,,,Peter,,Peter,,Unknown,Radiant Health,,,,Not Found
seema@radianthealth.com,,,Seema,,Seema,,Unknown,Radiant Health,,,,Not Found
claire@nivahealth.com,,,Claire,,Claire,,Unknown,Niva Health,,,,Not Found
shanna@nivahealth.com,,,Shanna,,Shanna,,Unknown,Niva Health,,,,Not Found
chloe@nivahealth.com,,,Chloe,,Chloe,,Unknown,Niva Health,,,,Not Found
garyreed@nivahealth.com,,,Garyreed,,Garyreed,DB-GPT: Open-source Agentic AI Data Assistant,Staff / Coordinator,Niva Health,,Low,Web Search,Found
michael@nivahealth.com,,,Michael,,Michael,Owner,Owner / Executive (C-Suite),Niva Health,,Low,Web Search,Found
monique@nivahealth.com,,,Monique,,Monique,,Unknown,Niva Health,,,,Not Found
amber@nivahealth.com,,,Amber,,Amber,,Unknown,Niva Health,,,,Not Found
zaais@orchidhealth.com,,,Zaais,,Zaais,,Unknown,Orchid Health,,,,Not Found
noor@orchidhealth.com,,,Noor,,Noor,,Unknown,Orchid Health,,,,Not Found
rebecca@orchidhealth.com,,,Rebecca,,Rebecca,,Unknown,Orchid Health,,,,Not Found
kristind@astiahealth.com,,,Kristind,,Kristind,,Unknown,Astia Health,,,,Not Found
danae@astiahealth.com,,,Danae,,Danae,,Unknown,Astia Health,,,,Not Found
lisas@astiahealth.com,,,Lisas,,Lisas,,Unknown,Astia Health,,,,Not Found
tracy@astiahealth.com,,,Tracy,,Tracy,,Unknown,Astia Health,,,,Not Found
jennifer@astiahealth.com,,,Jennifer,,Jennifer,,Unknown,Astia Health,,,,Not Found
nikki@astiahealth.com,,,Nikki,,Nikki,,Unknown,Astia Health,,,,Not Found
rachelle@astiahealth.com,,,Rachelle,,Rachelle,Ll-in-one Browser Assistant Designed,Staff / Coordinator,Astia Health,,Low,Web Search,Found
katie@astiahealth.com,,,Katie,,Katie,,Unknown,Astia Health,,,,Not Found
aharms@mednowclinics.com,,,Aharms,,Aharms,,Unknown,Mednow Clinic S,,,,Not Found
nmoore@mednowclinics.com,,,Nmoore,,Nmoore,,Unknown,Mednow Clinic S,,,,Not Found
mfriesen@innovativecare.com,,,Mfriesen,,Mfriesen,,Unknown,Innovative Care,,,,Not Found
bkane@innovativecare.com,,,Bkane,,Bkane,DB-GPT: Open-source Agentic AI Data Assistant,Staff / Coordinator,Innovative Care,,Low,Web Search,Found
bpica@innovativecare.com,,,Bpica,,Bpica,,Unknown,Innovative Care,,,,Not Found
lhammonds@innovativecare.com,,,Lhammonds,,Lhammonds,DB-GPT: Open-source Agentic AI Data Assistant,Staff / Coordinator,Innovative Care,,Low,Web Search,Found
mshipley@innovativecare.com,,,Hipley,,Hipley,CEO,Owner / Executive (C-Suite),Innovative Care,,Low,Web Search,Found
mhamilton@innovativecare.com,,,Mhamilton,,Mhamilton,Test Du Jeu Ghost of Tsushima : Director’s Cut,Director / VP,Innovative Care,,Low,Web Search,Found
dwright@innovativecare.com,,,Dwright,,Dwright,CEO,Owner / Executive (C-Suite),Innovative Care,,Low,Web Search,Found
khilliard@innovativecare.com,,,Khilliard,,Khilliard,CIA Director John Brennan Emails,Director / VP,Innovative Care,,Low,Web Search,Found
kmcclure@innovativecare.com,,,Kmcclure,,Kmcclure,,Unknown,Innovative Care,,,,Not Found
egard@innovativecare.com,,,Egard,,Egard,,Unknown,Innovative Care,,,,Not Found
thobbs@williamsonhealthwellness.com,,,Thobbs,,Thobbs,,Unknown,Williamson Health Wellness,,,,Not Found
cbaisden@williamsonhealthwellness.com,,,Cbaisden,,Cbaisden,,Unknown,Williamson Health Wellness,,,,Not Found
jramey@williamsonhealthwellness.com,,,Jramey,,Jramey,,Unknown,Williamson Health Wellness,,,,Not Found
mdillon@williamsonhealthwellness.com,,,Mdillon,,Mdillon,,Unknown,Williamson Health Wellness,,,,Not Found
mbaisden@williamsonhealthwellness.com,,,Mbaisden,,Mbaisden,,Unknown,Williamson Health Wellness,,,,Not Found
jhudson@williamsonhealthwellness.com,,,Jhudson,,Jhudson,,Unknown,Williamson Health Wellness,,,,Not Found
ashwini.mehendale@credahealth.com,,,Ashwini,Mehendale,Ashwini Mehendale,,Unknown,Creda Health,,,,Not Found
holly@graceycare.com,,,Holly,,Holly,,Unknown,Gracey Care,,,,Not Found
virginia@townsquarehealth.com,,,Virginia,,Virginia,,Unknown,Townsquare Health,,,,Not Found
jennifer.carroll@medicimed.com,,,Jennifer,Carroll,Jennifer Carroll,,Unknown,Medicimed,,,,Not Found
chitrav@cloudninecare.com,,,Chitrav,,Chitrav,Get the Best Route To Your Destination From Fellow Drivers,Practitioner / Doctor / Faculty,Cloudnine Care,,Low,Web Search,Found
sonalp@cloudninecare.com,,,Sonalp,,Sonalp,,Unknown,Cloudnine Care,,,,Not Found
anshus@cloudninecare.com,,,Anshus,,Anshus,Partner,Owner / Executive (C-Suite),Cloudnine Care,,Low,Web Search,Found
nidak@cloudninecare.com,,,Nidak,,Nidak,,Unknown,Cloudnine Care,,,,Not Found
richabh@cloudninecare.com,,,Richabh,,Richabh,,Unknown,Cloudnine Care,,,,Not Found
sarak@cloudninecare.com,,,Sarak,,Sarak,,Unknown,Cloudnine Care,,,,Not Found
mike@squarecare.com,,,Mike,,Mike,,Unknown,Square Care,,,,Not Found
lrokoske@veritashealthpllc.com,,,Lrokoske,,Lrokoske,,Unknown,Veritas Health Pllc,,,,Not Found
alobelles@convivasolutions.com,,,Alobelles,,Alobelles,,Unknown,Convivasolutions,,,,Not Found
hpatel@onemedical.com,,,Hpatel,,Hpatel,,Unknown,One Medical,,,,Not Found
bmilstien@onemedical.com,,,Bmilstien,,Bmilstien,Partner,Owner / Executive (C-Suite),One Medical,,Low,Web Search,Found
rdowning@premierhealthllc.org,,,Rdowning,,Rdowning,,Unknown,Premier Health Llc,,,,Not Found
cydni.martin@ponceprimarycare.com,,,Cydni,Martin,Cydni Martin,,Unknown,Ponceprimary Care,,,,Not Found
smerritt@heartlandmedical.com,,,Smerritt,,Smerritt,,Unknown,Heartland Medical,,,,Not Found
dbaker@heartlandmedical.com,,,Dbaker,,Dbaker,,Unknown,Heartland Medical,,,,Not Found
brumph@heartlandmedical.com,,,Brumph,,Brumph,,Unknown,Heartland Medical,,,,Not Found
solson@heartlandmedical.com,,,Solson,,Solson,,Unknown,Heartland Medical,,,,Not Found
ctucker@heartlandmedical.com,,,Ctucker,,Ctucker,,Unknown,Heartland Medical,,,,Not Found
pelmore@heartlandmedical.com,,,Pelmore,,Pelmore,,Unknown,Heartland Medical,,,,Not Found
erin@alderhealth.org,,,Erin,,Erin,,Unknown,Alder Health,,,,Not Found
scott@squarecare.com,,,Scott,,Scott,,Unknown,Square Care,,,,Not Found
mhoffman@ezramedical.org,,,Mhoffman,,Mhoffman,,Unknown,Ezra Medical,,,,Not Found
rlunger@ezramedical.org,,,Rlunger,,Rlunger,,Unknown,Ezra Medical,,,,Not Found
craig@empowerhealthormond.com,,,Craig,,Craig,,Unknown,Empower Health Ormond,,,,Not Found
drajmal@mymedclinic.us,,,Ajmal,,Ajmal,,Unknown,Mymed Clinic,,,,Not Found
eblake@crowleycare.com,,,Eblake,,Eblake,Chief Executive Officer,Owner / Executive (C-Suite),Crowley Care,,Low,Web Search,Found
grant.mckinley@steadfasthealth.com,,,Grant,Mckinley,Grant Mckinley,,Unknown,Steadfast Health,,,,Not Found
kevin.lee.smith@thegoodclinic.com,,,Kevin,Smith,Kevin Lee Smith,,Unknown,Thegood Clinic,,,,Not Found
mhaug@elitehealth.org,,,Mhaug,,Mhaug,,Unknown,Elite Health,,,,Not Found
rlamberts@welcomehealth.net,,,Rlamberts,,Rlamberts,Chief Technology Officer,Owner / Executive (C-Suite),Welcome Health,,Low,Web Search,Found
wbullock@primarycaresolutions.org,,,Wbullock,,Wbullock,,Unknown,Primary Care Solutions,,,,Not Found
rdonahue@personalhealthmd.com,,,Rdonahue,,Rdonahue,,Unknown,Personal Health Md,,,,Not Found
bwalkey@personalhealthmd.com,,,Bwalkey,,Bwalkey,Owner,Owner / Executive (C-Suite),Personal Health Md,,Low,Web Search,Found
jneurath@tucpc.net,,,Jneurath,,Jneurath,Your AI Assistant From Google,Staff / Coordinator,Tucpc,,Low,Web Search,Found
agrabowski@tucpc.net,,,Agrabowski,,Agrabowski,,Unknown,Tucpc,,,,Not Found
robe@evansmedical.net,,,Robe,,Robe,,Unknown,Evans Medical,,,,Not Found
ncrowder@opendoorhealth.com,,,Ncrowder,,Ncrowder,Partner,Owner / Executive (C-Suite),Opendoor Health,,Low,Web Search,Found
hcontreras@opendoorhealth.com,,,Hcontreras,,Hcontreras,,Unknown,Opendoor Health,,,,Not Found
creed@opendoorhealth.com,,,Creed,,Creed,,Unknown,Opendoor Health,,,,Not Found
robert.adlerstein@sagebrushhealth.com,,,Robert,Adlerstein,Robert Adlerstein,,Unknown,Sagebrush Health,,,,Not Found
bwilson@valleyhealthcolumbus.com,,,Bwilson,,Bwilson,,Unknown,Valley Health Columbus,,,,Not Found
estclaire@onemedical.com,,,Estclaire,,Estclaire,,Unknown,One Medical,,,,Not Found
greg@evercaremedical.com,,,Greg,,Greg,,Unknown,Ever Care Medical,,,,Not Found
missha_wagoner@nw-health.com,,,Missha,Wagoner,Missha Wagoner,,Unknown,Nw Health,,,,Not Found
gregory_harviston@nw-health.com,,,Gregory,Harviston,Gregory Harviston,,Unknown,Nw Health,,,,Not Found
wcook@districtprimarycare.com,,,Wcook,,Wcook,,Unknown,Districtprimary Care,,,,Not Found
arissa@clineva.com,,,Arissa,,Arissa,‪assistant Professor‬,Practitioner / Doctor / Faculty,Clineva,,Low,Web Search,Found
tyler.labauch@indycarehealth.com,,,Tyler,Labauch,Tyler Labauch,,Unknown,Indy Care Health,,,,Not Found
joerly.mendonca@inhealthmd.com,,,Joerly,Mendonca,Joerly Mendonca,Download Manager,Manager / Admin,In Health Md,,Low,Web Search,Found
jlujan@onemedical.com,,,Jlujan,,Jlujan,Keyboard Shortcuts for Smartcode VNC Manager,Manager / Admin,One Medical,,Low,Web Search,Found
mark.marten@healthlymedical.com,,,Mark,Marten,Mark Marten,,Unknown,Health Ly Medical,,,,Not Found
rosemary.rich@bluezoneshealth.com,,,Rosemary,Rich,Rosemary Rich,,Unknown,Bluezones Health,,,,Not Found
kaitlyn.benedict@mycare.us,,,Kaitlyn,Benedict,Kaitlyn Benedict,,Unknown,My Care,,,,Not Found
emartin@absolutecare.com,,,Emartin,,Emartin,,Unknown,Absolute Care,,,,Not Found
jlynas@absolutecare.com,,,Jlynas,,Jlynas,,Unknown,Absolute Care,,,,Not Found
thomas.morrell@mycare.us,,,Thomas,Morrell,Thomas Morrell,,Unknown,My Care,,,,Not Found
tgunderson@evivamd.com,,,Tgunderson,,Tgunderson,,Unknown,Evivamd,,,,Not Found
ange.johnson@creekvalleyhc.com,,,Ange,Johnson,Ange Johnson,,Unknown,Creekvalleyhc,,,,Not Found
jhill@absolutecare.com,,,Jhill,,Jhill,,Unknown,Absolute Care,,,,Not Found
mdimaggio@primapcw.com,,,Mdimaggio,,Mdimaggio,,Unknown,Primapcw,,,,Not Found
kimberly.schnupp@mycare.us,,,Kimberly,Schnupp,Kimberly Schnupp,,Unknown,My Care,,,,Not Found
jspicka@absolutecare.com,,,Jspicka,,Jspicka,,Unknown,Absolute Care,,,,Not Found
thgonzalez@absolutecare.com,,,Thgonzalez,,Thgonzalez,,Unknown,Absolute Care,,,,Not Found
lpei@sevamedcare.com,,,Lpei,,Lpei,,Unknown,Sevamed Care,,,,Not Found
motero@compass.md,,,Motero,,Motero,,Unknown,Compass,,,,Not Found
melissa@totalmd.com,,,Melissa,,Melissa,,Unknown,Totalmd,,,,Not Found
pdeltor@scapsmedical.com,,,Pdeltor,,Pdeltor,,Unknown,Scaps Medical,,,,Not Found
kyle.quirk@bluezoneshealth.org,,,Kyle,Quirk,Kyle Quirk,,Unknown,Bluezones Health,,,,Not Found
nicole.jablonski@mycare.us,,,Nicole,Jablonski,Nicole Jablonski,,Unknown,My Care,,,,Not Found
adedayo.okubadejo@creekvalleyhc.com,,,Adedayo,Okubadejo,Adedayo Okubadejo,,Unknown,Creekvalleyhc,,,,Not Found
osmith@mckinneyhealth.com,,,Osmith,,Osmith,,Unknown,Mckinney Health,,,,Not Found
smistry@sevamedcare.com,,,Smistry,,Smistry,,Unknown,Sevamed Care,,,,Not Found
medge@lubbockcooperhealth.com,,,Medge,,Medge,Smart Assistant for Your Field Team,Staff / Coordinator,Lubbockcooper Health,,Medium,Web Search,Found
plarsen@absolutecare.com,,,Plarsen,,Plarsen,Director,Director / VP,Absolute Care,,Low,Web Search,Found
hunter.adams@creekvalleyhc.com,,,Hunter,Adams,Hunter Adams,,Unknown,Creekvalleyhc,,,,Not Found
jcolby@healthystepsmed.com,,,Jcolby,,Jcolby,Chief Technology Officer,Owner / Executive (C-Suite),Health Ystepsmed,,Low,Web Search,Found
eigel@ezramedical.org,,,Eigel,,Eigel,Owner,Owner / Executive (C-Suite),Ezra Medical,,Medium,Web Search,Found
rvaiselberg@ezramedical.org,,,Rvaiselberg,,Rvaiselberg,,Unknown,Ezra Medical,,,,Not Found
alichtenstein@ezramedical.org,,,Alichtenstein,,Alichtenstein,,Unknown,Ezra Medical,,,,Not Found
gengel@ezramedical.org,,,Gengel,,Gengel,,Unknown,Ezra Medical,,,,Not Found
jessicachomd@choice.md,,,Jessicachomd,,Jessicachomd,,Unknown,Choice,,,,Not Found
rosemaryb@alderhealth.org,,,Rosemaryb,,Rosemaryb,,Unknown,Alder Health,,,,Not Found
jboskind@tsclinic.com,,,Jboskind,,Jboskind,,Unknown,Ts Clinic,,,,Not Found
mainbilling@doctormbrown.com,,,Mainbilling,,Mainbilling,,Unknown,Doctormbrown,,,,Not Found
zpage@bach.health,,,Zpage,,Zpage,,Unknown,Bach,,,,Not Found
katie@viarohealth.com,,,Katie,,Katie,,Unknown,Viaro Health,,,,Not Found
josthimer@sandimasmedical.com,,,Josthimer,,Josthimer,,Unknown,Sandimas Medical,,,,Not Found
pruacho@pinnacleprimarygroup.com,,,Pruacho,,Pruacho,,Unknown,Pinnacleprimary Group,,,,Not Found
Paola@pinnaclecareaz.com,,,,,,,,,,,,
cie.cascone@spiracare.com,,,Cie,Cascone,Cie Cascone,,Unknown,Spira Care,,,,Not Found
jjgilmore@asaarmedical.com,,,Jjgilmore,,Jjgilmore,,Unknown,Asaar Medical,,,,Not Found
YBecerra@pinnacleprimarygroup.com,,,,,,,,,,,,
amberw@Pinnaclecareaz.com,,,,,,,,,,,,
rnassif@ambanes.com,,,Rnassif,,Rnassif,,Unknown,Ambanes,,,,Not Found
smoises@palmmedicalcenters.com,,,Smoises,,Smoises,,Unknown,Palm Medical Center S,,,,Not Found
bzeman@palmmedicalcenters.com,,,Bzeman,,Bzeman,,Unknown,Palm Medical Center S,,,,Not Found
jgarcia@palmmedicalcenters.com,,,Jgarcia,,Jgarcia,Correct DIR-12: Independent To Promoter Director,Director / VP,Palm Medical Center S,,Low,Web Search,Found
kgillaspie@palmmedicalcenters.com,,,Kgillaspie,,Kgillaspie,,Unknown,Palm Medical Center S,,,,Not Found
gpizzani@palmmedicalcenters.com,,,Gpizzani,,Gpizzani,,Unknown,Palm Medical Center S,,,,Not Found
ccampo@palmmedicalcenters.com,,,Ccampo,,Ccampo,,Unknown,Palm Medical Center S,,,,Not Found
jramos@palmmedicalcenters.com,,,Jramos,,Jramos,,Unknown,Palm Medical Center S,,,,Not Found
fsinchi@reddycare.net,,,Fsinchi,,Fsinchi,President,Owner / Executive (C-Suite),Reddy Care,,Low,Web Search,Found
dhausman@reddycare.net,,,Dhausman,,Dhausman,,Unknown,Reddy Care,,,,Not Found
lmontello@reddycare.net,,,Lmontello,,Lmontello,,Unknown,Reddy Care,,,,Not Found
kbrennan@reddycare.net,,,Kbrennan,,Kbrennan,,Unknown,Reddy Care,,,,Not Found
mchauhan@reddycare.net,,,Mchauhan,,Mchauhan,Director,Director / VP,Reddy Care,,Low,Web Search,Found
yabreu@reddycare.net,,,Yabreu,,Yabreu,Partner,Owner / Executive (C-Suite),Reddy Care,,Low,Web Search,Found
ajocson@reddycare.net,,,Ajocson,,Ajocson,,Unknown,Reddy Care,,,,Not Found
hhussain@reddycare.net,,,Hhussain,,Hhussain,,Unknown,Reddy Care,,,,Not Found
paugustin@reddycare.net,,,Paugustin,,Paugustin,,Unknown,Reddy Care,,,,Not Found
sselim@reddycare.net,,,Sselim,,Sselim,,Unknown,Reddy Care,,,,Not Found
aldine@kaawsclinic.com,,,Aldine,,Aldine,,Unknown,Kaaws Clinic,,,,Not Found
kathryn@thrivekirkland.com,,,Kathryn,,Kathryn,,Unknown,Thrivekirkland,,,,Not Found
robyn@clineva.com,,,Robyn,,Robyn,,Unknown,Clineva,,,,Not Found
amoore@viarohealth.com,,,Amoore,,Amoore,,Unknown,Viaro Health,,,,Not Found
preuteman@viarohealth.com,,,Preuteman,,Preuteman,,Unknown,Viaro Health,,,,Not Found
pisaacs@viarohealth.com,,,Pisaacs,,Pisaacs,,Unknown,Viaro Health,,,,Not Found
ashley@viarohealth.com,,,Ashley,,Ashley,,Unknown,Viaro Health,,,,Not Found
tpulvermacher@viarohealth.com,,,Tpulvermacher,,Tpulvermacher,,Unknown,Viaro Health,,,,Not Found
kschmeling@viarohealth.com,,,Kschmeling,,Kschmeling,,Unknown,Viaro Health,,,,Not Found
mfannin@viarohealth.com,,,Mfannin,,Mfannin,,Unknown,Viaro Health,,,,Not Found
colby@viarohealth.com,,,Colby,,Colby,,Unknown,Viaro Health,,,,Not Found
ajoseph@pathpointhealth.com,,,Ajoseph,,Ajoseph,,Unknown,Pathpoint Health,,,,Not Found
wwilliams@pathpointhealth.com,,,Wwilliams,,Wwilliams,,Unknown,Pathpoint Health,,,,Not Found
hhuxtable@pathpointhealth.com,,,Hhuxtable,,Hhuxtable,,Unknown,Pathpoint Health,,,,Not Found
vchester@pathpointhealth.com,,,Vchester,,Vchester,,Unknown,Pathpoint Health,,,,Not Found
lholt@pathpointhealth.com,,,Lholt,,Lholt,,Unknown,Pathpoint Health,,,,Not Found
vvero@retrohealth.com,,,Vvero,,Vvero,,Unknown,Retro Health,,,,Not Found
juli.castro@retrohealth.com,,,Juli,Castro,Juli Castro,,Unknown,Retro Health,,,,Not Found
vyoung@nextrahealth.com,,,Vyoung,,Vyoung,,Unknown,Nextra Health,,,,Not Found
jessicas@pucclinic.com,,,Jessicas,,Jessicas,,Unknown,Puc Clinic,,,,Not Found
nabilb@pucclinic.com,,,Nabilb,,Nabilb,,Unknown,Puc Clinic,,,,Not Found
emilys@pucclinic.com,,,Emilys,,Emilys,,Unknown,Puc Clinic,,,,Not Found
nnamdia@pucclinic.com,,,Nnamdia,,Nnamdia,CEO,Owner / Executive (C-Suite),Puc Clinic,,Low,Web Search,Found
alex@pucclinic.com,,,Alex,,Alex,,Unknown,Puc Clinic,,,,Not Found
valerie@pucclinic.com,,,Valerie,,Valerie,,Unknown,Puc Clinic,,,,Not Found
dallas@pucclinic.com,,,Dallas,,Dallas,,Unknown,Puc Clinic,,,,Not Found
amandao@pucclinic.com,,,Amandao,,Amandao,Owner,Owner / Executive (C-Suite),Puc Clinic,,Low,Web Search,Found
david.peck@florencehealth.com,,,David,Peck,David Peck,,Unknown,Florence Health,,,,Not Found
adrian.sheridan@florencehealth.com,,,Adrian,Sheridan,Adrian Sheridan,,Unknown,Florence Health,,,,Not Found
mmack@optimalhealthassociates.com,,,Mmack,,Mmack,,Unknown,Optimal Health Associates,,,,Not Found
chendee@optimalhealthassociates.com,,,Chendee,,Chendee,,Unknown,Optimal Health Associates,,,,Not Found
jallen@optimalhealthassociates.com,,,Jallen,,Jallen,,Unknown,Optimal Health Associates,,,,Not Found
ctelcocci@optimalhealthassociates.com,,,Ctelcocci,,Ctelcocci,,Unknown,Optimal Health Associates,,,,Not Found
krider@optimalhealthassociates.com,,,Krider,,Krider,Partner,Owner / Executive (C-Suite),Optimal Health Associates,,Low,Web Search,Found
asantimaw@optimalhealthassociates.com,,,Asantimaw,,Asantimaw,,Unknown,Optimal Health Associates,,,,Not Found
jefaw@optimalhealthassociates.com,,,Jefaw,,Jefaw,,Unknown,Optimal Health Associates,,,,Not Found
jdhooge@optimalhealthassociates.com,,,Jdhooge,,Jdhooge,,Unknown,Optimal Health Associates,,,,Not Found
pedro.aragon@neighbormd.com,,,Pedro,Aragon,Pedro Aragon,Director,Director / VP,Neighbormd,,Low,Web Search,Found
djien.so@mdclinics.org,,,Djien,So,Djien So,DB-GPT: Open-source Agentic AI Data Assistant,Staff / Coordinator,Md Clinic S,,Low,Web Search,Found
jsheth@bach.health,,,Jsheth,,Jsheth,,Unknown,Bach,,,,Not Found
tmonterola@bach.health,,,Tmonterola,,Tmonterola,,Unknown,Bach,,,,Not Found
vanessa.hourihan@inhealthmd.com,,,Vanessa,Hourihan,Vanessa Hourihan,,Unknown,In Health Md,,,,Not Found
katkinson@doctorkate.net,,,Katkinson,,Katkinson,,Unknown,Doctorkate,,,,Not Found
lhegarty@doctorkate.net,,,Lhegarty,,Lhegarty,,Unknown,Doctorkate,,,,Not Found
sduininck@centerforlifetimehealth.com,,,Sduininck,,Sduininck,,Unknown,Center Forlifetime Health,,,,Not Found
msocha@centerforlifetimehealth.com,,,Ocha,,Ocha,,Unknown,Center Forlifetime Health,,,,Not Found
abartlett@centerforlifetimehealth.com,,,Abartlett,,Abartlett,,Unknown,Center Forlifetime Health,,,,Not Found
bwaite@centerforlifetimehealth.com,,,Bwaite,,Bwaite,,Unknown,Center Forlifetime Health,,,,Not Found
jesse@totalmd.com,,,Jesse,,Jesse,,Unknown,Totalmd,,,,Not Found
landon@totalmd.com,,,Landon,,Landon,Founder,Owner / Executive (C-Suite),Totalmd,,Medium,Web Search,Found
christina@totalmd.com,,,Christina,,Christina,,Unknown,Totalmd,,,,Not Found
richard.winters@inhealthmd.com,,,Richard,Winters,Richard Winters,,Unknown,In Health Md,,,,Not Found
zoe.fortin@inhealthmd.com,,,Zoe,Fortin,Zoe Fortin,,Unknown,In Health Md,,,,Not Found
douglas.price@inhealthmd.com,,,Douglas,Price,Douglas Price,,Unknown,In Health Md,,,,Not Found
shannon.serio@inhealthmd.com,,,Shannon,Serio,Shannon Serio,,Unknown,In Health Md,,,,Not Found
bailey.donahue@bluezoneshealth.com,,,Bailey,Donahue,Bailey Donahue,,Unknown,Bluezones Health,,,,Not Found
erica.badran@healthlymedical.com,,,Erica,Badran,Erica Badran,,Unknown,Health Ly Medical,,,,Not Found
prasanga.lokuge@bluezoneshealth.com,,,Prasanga,Lokuge,Prasanga Lokuge,,Unknown,Bluezones Health,,,,Not Found
frank.canlas@bluezoneshealth.com,,,Frank,Canlas,Frank Canlas,,Unknown,Bluezones Health,,,,Not Found
shannon.badgley@bluezoneshealth.com,,,Shannon,Badgley,Shannon Badgley,,Unknown,Bluezones Health,,,,Not Found
ahoyle@medicalcarepllc.com,,,Ahoyle,,Ahoyle,Chief Technology Officer,Owner / Executive (C-Suite),Medical Care Pllc,,Low,Web Search,Found
tchesser@medicalcarepllc.com,,,Tchesser,,Tchesser,,Unknown,Medical Care Pllc,,,,Not Found
james.dubrey@inhealthmd.com,,,James,Dubrey,James Dubrey,,Unknown,In Health Md,,,,Not Found
lucia.martinez@inhealthmd.com,,,Lucia,Martinez,Lucia Martinez,Director's Cut,Director / VP,In Health Md,,Low,Web Search,Found
cosborn@opendoorhealth.com,,,Cosborn,,Cosborn,Specialist,Staff / Coordinator,Opendoor Health,,Low,Web Search,Found
rcrosse@tucpc.net,,,Rcrosse,,Rcrosse,AI Coding Partner From Openai,Owner / Executive (C-Suite),Tucpc,,Low,Web Search,Found
samuel.song@triadprimarycare.com,,,Samuel,Song,Samuel Song,,Unknown,Triadprimary Care,,,,Not Found
anagha.shetty@sagebrushhealth.com,,,Anagha,Shetty,Anagha Shetty,,Unknown,Sagebrush Health,,,,Not Found
mithila.urs@sagebrushhealth.com,,,Mithila,Urs,Mithila Urs,,Unknown,Sagebrush Health,,,,Not Found
todd.lefkowitz@sagebrushhealth.com,,,Todd,Lefkowitz,Todd Lefkowitz,,Unknown,Sagebrush Health,,,,Not Found
amol.mahajan@sagebrushhealth.com,,,Amol,Mahajan,Amol Mahajan,,Unknown,Sagebrush Health,,,,Not Found
ankita.dhankani@sagebrushhealth.com,,,Ankita,Dhankani,Ankita Dhankani,Consultant,Professional,Sagebrush Health,,Low,Web Search,Found
rishi.jhaver@sagebrushhealth.com,,,Rishi,Jhaver,Rishi Jhaver,,Unknown,Sagebrush Health,,,,Not Found
liliya.meadows@sagebrushhealth.com,,,Liliya,Meadows,Liliya Meadows,,Unknown,Sagebrush Health,,,,Not Found
prakhar.surolia@sagebrushhealth.com,,,Prakhar,Surolia,Prakhar Surolia,,Unknown,Sagebrush Health,,,,Not Found
christian.alquisada@sagebrushhealth.com,,,Christian,Alquisada,Christian Alquisada,,Unknown,Sagebrush Health,,,,Not Found
cvaldez14@centerwellprimarycare.com,,,Cvaldez,,Cvaldez,,Unknown,Center Wellprimary Care,,,,Not Found
aelicegui@pinnacleprimarygroup.com,,,Aelicegui,,Aelicegui,,Unknown,Pinnacleprimary Group,,,,Not Found
ajanssen@pinnacleprimarygroup.com,,,Ajanssen,,Ajanssen,Co-Founder,Owner / Executive (C-Suite),Pinnacleprimary Group,,Low,Web Search,Found
amandadoty@sommedicalpractice.com,,,Amandadoty,,Amandadoty,,Unknown,Som Medical Practice,,,,Not Found
scott.wright@swrightpc.com,,,Scott,Wright,Scott Wright,,Unknown,Swrightpc,,,,Not Found
onaseer@akpccorp.com,,,Onaseer,,Onaseer,Director,Director / VP,Akpccorp,,Medium,LinkedIn (Public Dork),Found
lwoods@summittotalhealth.com,,,Lwoods,,Lwoods,,Unknown,Summittotal Health,,,,Not Found
jkarvelas@summittotalhealth.com,,,Jkarvelas,,Jkarvelas,,Unknown,Summittotal Health,,,,Not Found
droper@akpccorp.com,,,Oper,,Oper,,Unknown,Akpccorp,,,,Not Found
lucindasmith@phcn.vic.gov.au,,,Lucindasmith,,Lucindasmith,,Unknown,Phcn,,,,Not Found
hmatthews@phcn.vic.gov.au,,,Hmatthews,,Hmatthews,,Unknown,Phcn,,,,Not Found
mroberts@phcn.vic.gov.au,,,Oberts,,Oberts,,Unknown,Phcn,,,,Not Found
kandrews@phcn.vic.gov.au,,,Kandrews,,Kandrews,,Unknown,Phcn,,,,Not Found
jhams@phcn.vic.gov.au,,,Jhams,,Jhams,Professor Zoe Peterson Is A Researcher,Practitioner / Doctor / Faculty,Phcn,,Low,Web Search,Found
llatchan@phcn.vic.gov.au,,,Llatchan,,Llatchan,,Unknown,Phcn,,,,Not Found
bdunsmore@phcn.vic.gov.au,,,Bdunsmore,,Bdunsmore,,Unknown,Phcn,,,,Not Found
schettri@phcn.vic.gov.au,,,Schettri,,Schettri,,Unknown,Phcn,,,,Not Found
rob.langrick@cfainstitute.org,,,Rob,Langrick,Rob Langrick,,Unknown,Cfainstitute,,,,Not Found
mona.naqvi@cfainstitute.org,,,Mona,Naqvi,Mona Naqvi,,Unknown,Cfainstitute,,,,Not Found
emma.tommony@cfainstitute.org,,,Emma,Tommony,Emma Tommony,,Unknown,Cfainstitute,,,,Not Found
arati.porwal@cfainstitute.in,,,Arati,Porwal,Arati Porwal,,Unknown,Cfainstitute,,,,Not Found
kavita.singh@cfainstitute.in,,,Kavita,Singh,Kavita Singh,,Unknown,Cfainstitute,,,,Not Found
paul.moody@cfainstitute.org,,,Paul,Moody,Paul Moody,,Unknown,Cfainstitute,,,,Not Found
suraj.nair@cfainstitute.in,,,Suraj,Nair,Suraj Nair,,Unknown,Cfainstitute,,,,Not Found
prasad.mohare@cfainstitute.org,,,Prasad,Mohare,Prasad Mohare,,Unknown,Cfainstitute,,,,Not Found
carol.snyder@ey.com,,,Carol,Snyder,Carol Snyder,President,Owner / Executive (C-Suite),Ey,,Low,Web Search,Found
slewis@evernest.co,,,Slewis,,Slewis,,Unknown,Evernest,,,,Not Found
dorian.nguyen@evernest.com,,,Dorian,Nguyen,Dorian Nguyen,,Unknown,Evernest,,,,Not Found
courtney.makris@pauldavis.com,,,Courtney,Makris,Courtney Makris,,Unknown,Pauldavis,,,,Not Found
tbannan@cpousa.com,,,Tbannan,,Tbannan,,Unknown,Cpousa,,,,Not Found
ggeagea@cpousa.com,,,Ggeagea,,Ggeagea,Specialist,Staff / Coordinator,Cpousa,,Low,Web Search,Found
scolon@cpousa.com,,,Scolon,,Scolon,,Unknown,Cpousa,,,,Not Found
riliff@cpousa.com,,,Riliff,,Riliff,,Unknown,Cpousa,,,,Not Found
emalone@cpousa.com,,,Emalone,,Emalone,,Unknown,Cpousa,,,,Not Found
jkahl@cpousa.com,,,Jkahl,,Jkahl,,Unknown,Cpousa,,,,Not Found
ggardner@cpousa.com,,,Ggardner,,Ggardner,,Unknown,Cpousa,,,,Not Found
pblake@cpousa.com,,,Pblake,,Pblake,,Unknown,Cpousa,,,,Not Found
rbullen@cpousa.com,,,Rbullen,,Rbullen,,Unknown,Cpousa,,,,Not Found
buntinge@tidelinepsych.com,,,Buntinge,,Buntinge,,Unknown,Tidelinepsych,,,,Not Found
sarah@cpsychiatricsolutions.com,,,Sarah,,Sarah,,Unknown,Cpsychiatricsolutions,,,,Not Found
tms@lhpsych.com,,,Tms,,Tms,,Unknown,Lhpsych,,,,Not Found
leann.bauernfeind@lhpsych.com,,,Leann,Bauernfeind,Leann Bauernfeind,,Unknown,Lhpsych,,,,Not Found
manami.montgomery@lhpsych.com,,,Manami,Montgomery,Manami Montgomery,,Unknown,Lhpsych,,,,Not Found
dpmurphy@pacificpsychiatry.com,,,Dpmurphy,,Dpmurphy,,Unknown,Pacificpsychiatry,,,,Not Found
corey@flowstatepsych.com,,,Corey,,Corey,,Unknown,Flowstatepsych,,,,Not Found
avelez@elevatepsychiatry.com,,,Avelez,,Avelez,,Unknown,Elevatepsychiatry,,,,Not Found
sbaliguat@compassionatepsychiatry.org,,,Sbaliguat,,Sbaliguat,,Unknown,Compassionatepsychiatry,,,,Not Found
lpadasay@compassionatepsychiatry.org,,,Lpadasay,,Lpadasay,,Unknown,Compassionatepsychiatry,,,,Not Found
tracimarando@familypsychiatricservices.com,,,Tracimarando,,Tracimarando,,Unknown,Family Psychiatricservices,,,,Not Found
pbhatia@elevatepsychiatry.com,,,Pbhatia,,Pbhatia,,Unknown,Elevatepsychiatry,,,,Not Found
yhenriquez@elevatepsychiatry.com,,,Yhenriquez,,Yhenriquez,Lead Fertility Specialist,Manager / Admin,Elevatepsychiatry,,Low,Web Search,Found
shidalgo@elevatepsychiatry.com,,,Shidalgo,,Shidalgo,Test Du Jeu Ghost of Tsushima : Director’s Cut,Director / VP,Elevatepsychiatry,,Low,Web Search,Found
anieto@elevatepsychiatry.com,,,Anieto,,Anieto,,Unknown,Elevatepsychiatry,,,,Not Found
nchalapud@elevatepsychiatry.com,,,Nchalapud,,Nchalapud,,Unknown,Elevatepsychiatry,,,,Not Found
lortega@elevatepsychiatry.com,,,Lortega,,Lortega,,Unknown,Elevatepsychiatry,,,,Not Found
mjimenez@elevatepsychiatry.com,,,Mjimenez,,Mjimenez,,Unknown,Elevatepsychiatry,,,,Not Found
dorozco@elevatepsychiatry.com,,,Dorozco,,Dorozco,SVP,Director / VP,Elevatepsychiatry,,Low,Web Search,Found
lblaylock@greenbrooktms.com,,,Lblaylock,,Lblaylock,,Unknown,Greenbrooktms,,,,Not Found
eparsons@greenbrooktms.com,,,Eparsons,,Eparsons,When Did Vice President and President Run On Same Ticket ...,Owner / Executive (C-Suite),Greenbrooktms,,Low,Web Search,Found
jsussal@greenbrooktms.com,,,Jsussal,,Jsussal,,Unknown,Greenbrooktms,,,,Not Found
bneumann@greenbrooktms.com,,,Bneumann,,Bneumann,,Unknown,Greenbrooktms,,,,Not Found
mkupiec@greenbrooktms.com,,,Mkupiec,,Mkupiec,,Unknown,Greenbrooktms,,,,Not Found
jvolkwijn@greenbrooktms.com,,,Jvolkwijn,,Jvolkwijn,President,Owner / Executive (C-Suite),Greenbrooktms,,Low,Web Search,Found
nlowry@greenbrooktms.com,,,Nlowry,,Nlowry,President,Owner / Executive (C-Suite),Greenbrooktms,,Low,Web Search,Found
cdennis@tmsneurosolutions.com,,,Cdennis,,Cdennis,,Unknown,Tmsneurosolutions,,,,Not Found
bpowers@psychmc.com,,,Bpowers,,Bpowers,,Unknown,Psychmc,,,,Not Found
brian.delano@psychmc.com,,,Brian,Delano,Brian Delano,,Unknown,Psychmc,,,,Not Found
mmusic@psychmc.com,,,Mmusic,,Mmusic,,Unknown,Psychmc,,,,Not Found
sbevis@psychmc.com,,,Sbevis,,Sbevis,Owner,Owner / Executive (C-Suite),Psychmc,,Low,Web Search,Found
marissa.lovelady@psychmc.com,,,Marissa,Lovelady,Marissa Lovelady,Chief Technology Officer,Owner / Executive (C-Suite),Psychmc,,Low,Web Search,Found
paul.smith@psychmc.com,,,Paul,Smith,Paul Smith,,Unknown,Psychmc,,,,Not Found
msmith@psychmc.com,,,Mith,,Mith,,Unknown,Psychmc,,,,Not Found
mmartin@psychmc.com,,,Mmartin,,Mmartin,,Unknown,Psychmc,,,,Not Found
jloewen@psychmc.com,,,Jloewen,,Jloewen,,Unknown,Psychmc,,,,Not Found
emma.barker@geodehealth.com,,,Emma,Barker,Emma Barker,,Unknown,Geode Health,,,,Not Found
astone@primepsychiatrymd.com,,,Astone,,Astone,,Unknown,Primepsychiatrymd,,,,Not Found
calen@sanapsychiatric.com,,,Calen,,Calen,,Unknown,Sanapsychiatric,,,,Not Found
cfloreani@primepsychiatrymd.com,,,Cfloreani,,Cfloreani,,Unknown,Primepsychiatrymd,,,,Not Found
aabington@primepsychiatrymd.com,,,Aabington,,Aabington,,Unknown,Primepsychiatrymd,,,,Not Found
jsackley@primepsychiatrymd.com,,,Jsackley,,Jsackley,,Unknown,Primepsychiatrymd,,,,Not Found
amanda@rogerspsychotherapy.com,,,Amanda,,Amanda,,Unknown,Rogerspsychotherapy,,,,Not Found
jjones@mcboh.com,,,Jjones,,Jjones,Principal,Owner / Executive (C-Suite),Mcboh,,Low,Web Search,Found
lsiler@mcboh.com,,,Lsiler,,Lsiler,,Unknown,Mcboh,,,,Not Found
amanda.russell@pchdtx.org,,,Amanda,Russell,Amanda Russell,,Unknown,Pchdtx,,,,Not Found
kdepew@fayettehealthdept.org,,,Kdepew,,Kdepew,,Unknown,Fayette Health Dept,,,,Not Found
greg.roberts@adph.state.al.us,,,Greg,Roberts,Greg Roberts,,Unknown,Adph,,,,Not Found
susana.rinderle@doh.nm.gov,,,Susana,Rinderle,Susana Rinderle,Partner,Owner / Executive (C-Suite),Doh,,Low,Web Search,Found
terry.schleder@doh.nm.gov,,,Terry,Schleder,Terry Schleder,,Unknown,Doh,,,,Not Found
christopher.harris@doh.nm.gov,,,Christopher,Harris,Christopher Harris,,Unknown,Doh,,,,Not Found
pamela.flores@doh.nm.gov,,,Pamela,Flores,Pamela Flores,,Unknown,Doh,,,,Not Found
leif.gregory@doh.nm.gov,,,Leif,Gregory,Leif Gregory,,Unknown,Doh,,,,Not Found
alexander.cutler@doh.nm.gov,,,Alexander,Cutler,Alexander Cutler,,Unknown,Doh,,,,Not Found
brett.siefert@lchdmo.org,,,Brett,Siefert,Brett Siefert,,Unknown,Lchdmo,,,,Not Found
erothschild@bmorehealthe.com,,,Erothschild,,Erothschild,Hello Doctor Philippines,Practitioner / Doctor / Faculty,Bmore Health E,,Low,Web Search,Found
bgreen@bmorehealthe.com,,,Bgreen,,Bgreen,,Unknown,Bmore Health E,,,,Not Found
avivanco@wuft.org,,,Avivanco,,Avivanco,,Unknown,Wuft,,,,Not Found
bmontas@wuft.org,,,Bmontas,,Bmontas,,Unknown,Wuft,,,,Not Found
mginsberg@wuft.org,,,Mginsberg,,Mginsberg,,Unknown,Wuft,,,,Not Found
ksims@wuft.org,,,Ksims,,Ksims,,Unknown,Wuft,,,,Not Found
jking@bayareachest.com,,,Jking,,Jking,,Unknown,Bayareachest,,,,Not Found
twhite@psadocs.com,,,Twhite,,Twhite,,Unknown,Psadocs,,,,Not Found
dbadertscher@psadocs.com,,,Dbadertscher,,Dbadertscher,,Unknown,Psadocs,,,,Not Found
pmehta@psadocs.com,,,Pmehta,,Pmehta,,Unknown,Psadocs,,,,Not Found
acavanagh@psadocs.com,,,Acavanagh,,Acavanagh,Football Manager 26,Manager / Admin,Psadocs,,Low,Web Search,Found
jmeyer@psadocs.com,,,Jmeyer,,Jmeyer,,Unknown,Psadocs,,,,Not Found
rmacmicking@psadocs.com,,,Rmacmicking,,Rmacmicking,,Unknown,Psadocs,,,,Not Found
llanier@psadocs.com,,,Llanier,,Llanier,,Unknown,Psadocs,,,,Not Found
mgarcia@psadocs.com,,,Mgarcia,,Mgarcia,,Unknown,Psadocs,,,,Not Found
jvanvorst@psadocs.com,,,Jvanvorst,,Jvanvorst,,Unknown,Psadocs,,,,Not Found
rmehok@psadocs.com,,,Rmehok,,Rmehok,Chief Technology Officer,Owner / Executive (C-Suite),Psadocs,,Low,Web Search,Found
ccrosby@psadocs.com,,,Ccrosby,,Ccrosby,Manage Your Google Password Manager PIN,Manager / Admin,Psadocs,,Low,Web Search,Found
rstringham@psadocs.com,,,Rstringham,,Rstringham,,Unknown,Psadocs,,,,Not Found
akerby@psadocs.com,,,Akerby,,Akerby,,Unknown,Psadocs,,,,Not Found
phartman@psadocs.com,,,Phartman,,Phartman,,Unknown,Psadocs,,,,Not Found
aholthofer@psadocs.com,,,Aholthofer,,Aholthofer,,Unknown,Psadocs,,,,Not Found
lstech@psadocs.com,,,Lstech,,Lstech,Device Manager,Manager / Admin,Psadocs,,Low,Web Search,Found
lfuller@psadocs.com,,,Lfuller,,Lfuller,Director,Director / VP,Psadocs,,Low,Web Search,Found
akachele@psadocs.com,,,Akachele,,Akachele,,Unknown,Psadocs,,,,Not Found
cwilliamson@psadocs.com,,,Cwilliamson,,Cwilliamson,President,Owner / Executive (C-Suite),Psadocs,,Low,Web Search,Found
jpisani@psadocs.com,,,Jpisani,,Jpisani,Doctor,Practitioner / Doctor / Faculty,Psadocs,,Low,Web Search,Found
ngonzalez@lungdoctors.com,,,Ngonzalez,,Ngonzalez,EPFO Assistant 2019 Admit Will Be Releasing Soon,Staff / Coordinator,Lungdoctors,,Low,Web Search,Found
btrespalacios@lungdoctors.com,,,Btrespalacios,,Btrespalacios,,Unknown,Lungdoctors,,,,Not Found
igarciacbo@lungdoctors.com,,,Igarciacbo,,Igarciacbo,,Unknown,Lungdoctors,,,,Not Found
jkadakia@clarksvillepulmonary.com,,,Jkadakia,,Jkadakia,,Unknown,Clarksvillepulmonary,,,,Not Found
klovell@pulmed.com,,,Klovell,,Klovell,,Unknown,Pulmed,,,,Not Found
abenavidez@arkansaslungcenter.com,,,Abenavidez,,Abenavidez,,Unknown,Arkansaslung Center,,,,Not Found
ajackson@arkansaslungcenter.com,,,Ajackson,,Ajackson,,Unknown,Arkansaslung Center,,,,Not Found
mphandanouvong@arkansaslungcenter.com,,,Mphandanouvong,,Mphandanouvong,,Unknown,Arkansaslung Center,,,,Not Found
rahman@advancedmidwestradiology.com,,,Rahman,,Rahman,,Unknown,Advancedmidwestradiology,,,,Not Found
ashishvyas@advancedmidwestradiology.com,,,Ashishvyas,,Ashishvyas,,Unknown,Advancedmidwestradiology,,,,Not Found
eshna.kumar@ljhooker.com.au,,,Eshna,Kumar,Eshna Kumar,,Unknown,Ljhooker,,,,Not Found
cwallbank.pemberton@ljh.com.au,,,Cwallbank,Pemberton,Cwallbank Pemberton,,Unknown,Ljh,,,,Not Found
sregan@ljhooker.com,,,Sregan,,Sregan,,Unknown,Ljhooker,,,,Not Found
richards@rejuvmedical.com,,,Richards,,Richards,Director,Director / VP,Rejuv Medical,,Low,Web Search,Found
jennifere@rejuvmedical.com,,,Jennifere,,Jennifere,,Unknown,Rejuv Medical,,,,Not Found
jenf@rejuvmedical.com,,,Jenf,,Jenf,,Unknown,Rejuv Medical,,,,Not Found
ashleyj@rejuvmedical.com,,,Ashleyj,,Ashleyj,,Unknown,Rejuv Medical,,,,Not Found
chrish@rejuvmedical.com,,,Chrish,,Chrish,,Unknown,Rejuv Medical,,,,Not Found
katel@rejuvmedical.com,,,Katel,,Katel,,Unknown,Rejuv Medical,,,,Not Found
jasons@rejuvmedical.com,,,Jasons,,Jasons,,Unknown,Rejuv Medical,,,,Not Found
marcy.mitchell@crcamerica.org,,,Marcy,Mitchell,Marcy Mitchell,,Unknown,Crcamerica,,,,Not Found
yhatrid@alssaro.com,,,Yhatrid,,Yhatrid,,Unknown,Alssaro,,,,Not Found
sbachmaier@maerie.org,,,Sbachmaier,,Sbachmaier,,Unknown,Maerie,,,,Not Found
mbaker@maerie.org,,,Mbaker,,Mbaker,,Unknown,Maerie,,,,Not Found
john.bowenkamp@reviverx.com,,,John,Bowenkamp,John Bowenkamp,,Unknown,Reviverx,,,,Not Found
ken@reviverx.com,,,Ken,,Ken,,Unknown,Reviverx,,,,Not Found
mary@reviverx.com,,,Mary,,Mary,Founder,Owner / Executive (C-Suite),Reviverx,,Medium,Web Search,Found
shannon@reviverx.com,,,Shannon,,Shannon,,Unknown,Reviverx,,,,Not Found
christine.eskandar@reviverx.com,,,Christine,Eskandar,Christine Eskandar,,Unknown,Reviverx,,,,Not Found
moragant@reviverx.com,,,Moragant,,Moragant,,Unknown,Reviverx,,,,Not Found
amber@reviverx.com,,,Amber,,Amber,,Unknown,Reviverx,,,,Not Found
pablo@mactivity.com,,,Pablo,,Pablo,,Unknown,Mactivity,,,,Not Found
ngiambrone@rainiercenter.com,,,Ngiambrone,,Ngiambrone,Analyst,Professional,Rainier Center,,Low,Web Search,Found
atotaro@christianhealthnj.org,,,Atotaro,,Atotaro,,Unknown,Christian Health Nj,,,,Not Found
daiana@acerehab.com,,,Daiana,,Daiana,,Unknown,Acerehab,,,,Not Found
laxmi@acerehab.com,,,Laxmi,,Laxmi,,Unknown,Acerehab,,,,Not Found
eden.smyth@siskin.org,,,Eden,Smyth,Eden Smyth,,Unknown,Siskin,,,,Not Found
shannon.york@siskin.org,,,Shannon,York,Shannon York,,Unknown,Siskin,,,,Not Found
noah.perales@siskin.org,,,Noah,Perales,Noah Perales,,Unknown,Siskin,,,,Not Found
mspigel@gsrh.org,,,Pigel,,Pigel,,Unknown,Gsrh,,,,Not Found
mabryant@selectmedical.com,,,Mabryant,,Mabryant,,Unknown,Select Medical,,,,Not Found
mmarykwas@gsrh.org,,,Mmarykwas,,Mmarykwas,,Unknown,Gsrh,,,,Not Found
jessica.agee@encompasshealth.com,,,Jessica,Agee,Jessica Agee,Founder,Owner / Executive (C-Suite),Encompass Health,,Low,Web Search,Found
chris.andree@encompasshealth.com,,,Chris,Andree,Chris Andree,Director,Director / VP,Encompass Health,,Low,Web Search,Found
wbrummett@broadriverrehab.com,,,Wbrummett,,Wbrummett,,Unknown,Broadriverrehab,,,,Not Found
faris.shteyh@broadriverrehab.com,,,Faris,Shteyh,Faris Shteyh,,Unknown,Broadriverrehab,,,,Not Found
nikki.pegues@broadriverrehab.com,,,Nikki,Pegues,Nikki Pegues,,Unknown,Broadriverrehab,,,,Not Found
lmuller@choices.org,,,Lmuller,,Lmuller,Associate,Staff / Coordinator,Choices,,Low,Web Search,Found
bernita.white@breathingassociation.org,,,Bernita,White,Bernita White,,Unknown,Breathingassociation,,,,Not Found
michelle.floyd@breathingassociation.org,,,Michelle,Floyd,Michelle Floyd,,Unknown,Breathingassociation,,,,Not Found
kandace.cates@breathingassociation.org,,,Kandace,Cates,Kandace Cates,,Unknown,Breathingassociation,,,,Not Found
vernice.wright@breathingassociation.org,,,Vernice,Wright,Vernice Wright,,Unknown,Breathingassociation,,,,Not Found
starla.mason@breathingassociation.org,,,Starla,Mason,Starla Mason,Official Ticketing Partner -ticketmaster,Owner / Executive (C-Suite),Breathingassociation,,Low,Web Search,Found
maguire.kate@heb.com,,,Maguire,Kate,Maguire Kate,,Unknown,Heb,,,,Not Found
arshad.rais@retinacentertx.com,,,Arshad,Rais,Arshad Rais,,Unknown,Retina Center Tx,,,,Not Found
mmuzones@janigianretina.com,,,Mmuzones,,Mmuzones,,Unknown,Janigianretina,,,,Not Found
elman@elmanretina.com,,,Elman,,Elman,,Unknown,Elmanretina,,,,Not Found
sotirakos@elmanretina.com,,,Sotirakos,,Sotirakos,,Unknown,Elmanretina,,,,Not Found
mcunningham@floridaretinainstitute.com,,,Mcunningham,,Mcunningham,,Unknown,Floridaretinainstitute,,,,Not Found
nicole@floridaretinainstitute.com,,,Nicole,,Nicole,,Unknown,Floridaretinainstitute,,,,Not Found
jayak@floridaretinainstitute.com,,,Jayak,,Jayak,,Unknown,Floridaretinainstitute,,,,Not Found
mwillis@tnretina.com,,,Mwillis,,Mwillis,Whenmy Littlesister Wants To Play 'doctor',Practitioner / Doctor / Faculty,Tnretina,,Low,Web Search,Found
hgabr@tnretina.com,,,Hgabr,,Hgabr,,Unknown,Tnretina,,,,Not Found
cwilliard@tnretina.com,,,Cwilliard,,Cwilliard,,Unknown,Tnretina,,,,Not Found
k.ortiz@retinacharleston.com,,,K,Ortiz,K Ortiz,,Unknown,Retinacharleston,,,,Not Found
rbryan@janigianretina.com,,,Rbryan,,Rbryan,Partner,Owner / Executive (C-Suite),Janigianretina,,Low,Web Search,Found
dbitondo@tnretina.com,,,Dbitondo,,Dbitondo,,Unknown,Tnretina,,,,Not Found
jbrown@retinaconsultants.net,,,Jbrown,,Jbrown,,Unknown,Retinaconsultants,,,,Not Found
dac@dallasarthritiscenter.com,,,Dac,,Dac,,Unknown,Dallasarthritis Center,,,,Not Found
hnorton@sfrheumatology.com,,,Hnorton,,Hnorton,,Unknown,Sfrheumatology,,,,Not Found
jsmith@rheumatologycarecenter.com,,,Jsmith,,Jsmith,,Unknown,Rheumatology Care Center,,,,Not Found
alysa@bayarthritis.com,,,Alysa,,Alysa,,Unknown,Bayarthritis,,,,Not Found
pdara@dallasarthritiscenter.com,,,Pdara,,Pdara,,Unknown,Dallasarthritis Center,,,,Not Found
theath@freddyandsonroofing.com,,,Theath,,Theath,,Unknown,Freddyandsonroofing,,,,Not Found
dowens@ocracokehealthcenter.org,,,Dowens,,Dowens,,Unknown,Ocracoke Health Center,,,,Not Found
jcarter@ocracokehealthcenter.org,,,Jcarter,,Jcarter,,Unknown,Ocracoke Health Center,,,,Not Found
loneal@ocracokehealthcenter.org,,,Loneal,,Loneal,Principal,Owner / Executive (C-Suite),Ocracoke Health Center,,Low,Web Search,Found
moneal@ocracokehealthcenter.org,,,Moneal,,Moneal,,Unknown,Ocracoke Health Center,,,,Not Found
jparrish@ocracokehealthcenter.org,,,Jparrish,,Jparrish,,Unknown,Ocracoke Health Center,,,,Not Found
kawanza.dukes@gccisd.net,,,Kawanza,Dukes,Kawanza Dukes,,Unknown,Gccisd,,,,Not Found
erin.orr@fcps.org,,,Erin,Orr,Erin Orr,,Unknown,Fcps,,,,Not Found
robert.phelan@fcps.org,,,Robert,Phelan,Robert Phelan,,Unknown,Fcps,,,,Not Found
sarah.sirgo@fcps.org,,,Sarah,Sirgo,Sarah Sirgo,,Unknown,Fcps,,,,Not Found
edward.reinhold@fcps.org,,,Edward,Reinhold,Edward Reinhold,,Unknown,Fcps,,,,Not Found
steven.blivess@fcps.org,,,Steven,Blivess,Steven Blivess,,Unknown,Fcps,,,,Not Found
christopher.stack@fcps.org,,,Christopher,Stack,Christopher Stack,,Unknown,Fcps,,,,Not Found
devon.troy@fcps.org,,,Devon,Troy,Devon Troy,,Unknown,Fcps,,,,Not Found
jennifer.kaufman@fcps.org,,,Jennifer,Kaufman,Jennifer Kaufman,,Unknown,Fcps,,,,Not Found
mackenzi.carr@fcps.org,,,Mackenzi,Carr,Mackenzi Carr,Analyst,Professional,Fcps,,Low,Web Search,Found
twatkins@cosi.org,,,Twatkins,,Twatkins,Doctor,Practitioner / Doctor / Faculty,Cosi,,Low,Web Search,Found
cpeters@cosi.org,,,Cpeters,,Cpeters,President,Owner / Executive (C-Suite),Cosi,,Low,Web Search,Found
tcarter@cosi.org,,,Tcarter,,Tcarter,,Unknown,Cosi,,,,Not Found
kwilliams@cosi.org,,,Kwilliams,,Kwilliams,,Unknown,Cosi,,,,Not Found
amcvey@cosi.org,,,Amcvey,,Amcvey,,Unknown,Cosi,,,,Not Found
jsarver@cosi.org,,,Jsarver,,Jsarver,,Unknown,Cosi,,,,Not Found
hrvaccaro@vectorsecurity.com,,,Hrvaccaro,,Hrvaccaro,Chief Technology Officer,Owner / Executive (C-Suite),Vectorsecurity,,Low,Web Search,Found
csthropp@vectorsecurity.com,,,Csthropp,,Csthropp,,Unknown,Vectorsecurity,,,,Not Found
dapolvinale@vectorsecurity.com,,,Dapolvinale,,Dapolvinale,,Unknown,Vectorsecurity,,,,Not Found
mark@coast2coastsecurity.co.uk,,,Mark,,Mark,,Unknown,Coast2coastsecurity,,,,Not Found
mnorvell@bayaging.org,,,Mnorvell,,Mnorvell,,Unknown,Bayaging,,,,Not Found
sprice@bayaging.org,,,Sprice,,Sprice,,Unknown,Bayaging,,,,Not Found
marthur@bayaging.org,,,Marthur,,Marthur,,Unknown,Bayaging,,,,Not Found
mligon@bayaging.org,,,Mligon,,Mligon,Chief Technology Officer,Owner / Executive (C-Suite),Bayaging,,Low,Web Search,Found
pfrere@bayaging.org,,,Pfrere,,Pfrere,,Unknown,Bayaging,,,,Not Found
shudgins@bayaging.org,,,Shudgins,,Shudgins,,Unknown,Bayaging,,,,Not Found
tgoad@bayaging.org,,,Tgoad,,Tgoad,Owner,Owner / Executive (C-Suite),Bayaging,,Low,Web Search,Found
fanderson@bayaging.org,,,Fanderson,,Fanderson,,Unknown,Bayaging,,,,Not Found
mshaw@masonicpathways.com,,,Haw,,Haw,,Unknown,Masonicpathways,,,,Not Found
rjferguson@evergreenhealthcare.org,,,Rjferguson,,Rjferguson,Owner,Owner / Executive (C-Suite),Evergreen Health Care,,Low,Web Search,Found
jerheinheimer@evergreenhealthcare.org,,,Jerheinheimer,,Jerheinheimer,President,Owner / Executive (C-Suite),Evergreen Health Care,,Low,Web Search,Found
eakinnear@evergreenhealthcare.org,,,Eakinnear,,Eakinnear,,Unknown,Evergreen Health Care,,,,Not Found
amrana@evergreenhealthcare.org,,,Amrana,,Amrana,CEO,Owner / Executive (C-Suite),Evergreen Health Care,,Low,Web Search,Found
josh.niehaus@welbehealth.com,,,Josh,Niehaus,Josh Niehaus,,Unknown,Welbe Health,,,,Not Found
debra.olshefski@welbehealth.com,,,Debra,Olshefski,Debra Olshefski,,Unknown,Welbe Health,,,,Not Found
tifanee.fraser@welbehealth.com,,,Tifanee,Fraser,Tifanee Fraser,,Unknown,Welbe Health,,,,Not Found
nicole.langenderfer@welbehealth.com,,,Nicole,Langenderfer,Nicole Langenderfer,,Unknown,Welbe Health,,,,Not Found
christine.parnell@welbehealth.com,,,Christine,Parnell,Christine Parnell,,Unknown,Welbe Health,,,,Not Found
ashley.leverenz@welbehealth.com,,,Ashley,Leverenz,Ashley Leverenz,,Unknown,Welbe Health,,,,Not Found
shanda.jenkins@welbehealth.com,,,Shanda,Jenkins,Shanda Jenkins,,Unknown,Welbe Health,,,,Not Found
alexis.montinola@welbehealth.com,,,Alexis,Montinola,Alexis Montinola,,Unknown,Welbe Health,,,,Not Found
angharad.bhardwaj@welbehealth.com,,,Angharad,Bhardwaj,Angharad Bhardwaj,,Unknown,Welbe Health,,,,Not Found
shelby@conciergecareadvisors.com,,,Shelby,,Shelby,,Unknown,Concierge Care Advisors,,,,Not Found
heather@conciergecareadvisors.com,,,Heather,,Heather,,Unknown,Concierge Care Advisors,,,,Not Found
kecia@conciergecareadvisors.com,,,Kecia,,Kecia,,Unknown,Concierge Care Advisors,,,,Not Found
agrove@jmsseniorliving.com,,,Agrove,,Agrove,,Unknown,Jmsseniorliving,,,,Not Found
qpreston@ohmanfamilyliving.com,,,Qpreston,,Qpreston,,Unknown,Ohman Family Living,,,,Not Found
DDamante@ohmanfamilyliving.com,,,,,,,,,,,,
cleehaywood@ohmanfamilyliving.com,,,Cleehaywood,,Cleehaywood,,Unknown,Ohman Family Living,,,,Not Found
mbors@ohmanfamilyliving.com,,,Mbors,,Mbors,Chief Technology Officer,Owner / Executive (C-Suite),Ohman Family Living,,Low,Web Search,Found
bbucceri@ohmanfamilyliving.com,,,Bbucceri,,Bbucceri,,Unknown,Ohman Family Living,,,,Not Found
nboutton@ohmanfamilyliving.com,,,Nboutton,,Nboutton,,Unknown,Ohman Family Living,,,,Not Found
dyoung@ohmanfamilyliving.com,,,Dyoung,,Dyoung,,Unknown,Ohman Family Living,,,,Not Found
aaxcell@nationalchurchresidences.org,,,Aaxcell,,Aaxcell,,Unknown,Nationalchurchresidences,,,,Not Found
sbricker@nationalchurchresidences.org,,,Sbricker,,Sbricker,,Unknown,Nationalchurchresidences,,,,Not Found
jbowers@nationalchurchresidences.org,,,Jbowers,,Jbowers,,Unknown,Nationalchurchresidences,,,,Not Found
wvoorhees@srlife.net,,,Wvoorhees,,Wvoorhees,,Unknown,Srlife,,,,Not Found
andy.haws@ovationbyavamere.com,,,Andy,Haws,Andy Haws,,Unknown,Ovationbyavamere,,,,Not Found
scampos@cenvalss.com,,,Scampos,,Scampos,,Unknown,Cenvalss,,,,Not Found
twilight.thomas@texashealthaction.org,,,Twilight,Thomas,Twilight Thomas,Director,Director / VP,Texas Health Action,,Low,Web Search,Found
william.pugh@texashealthaction.org,,,William,Pugh,William Pugh,,Unknown,Texas Health Action,,,,Not Found
christopher.hamilton@texashealthaction.org,,,Christopher,Hamilton,Christopher Hamilton,,Unknown,Texas Health Action,,,,Not Found
allie.roberts@texashealthaction.org,,,Allie,Roberts,Allie Roberts,,Unknown,Texas Health Action,,,,Not Found
uhlesm@claytonsleep.com,,,Uhlesm,,Uhlesm,Founder,Owner / Executive (C-Suite),Claytonsleep,,Low,Web Search,Found
skaggst@claytonsleep.com,,,Skaggst,,Skaggst,,Unknown,Claytonsleep,,,,Not Found
uribec@claytonsleep.com,,,Uribec,,Uribec,,Unknown,Claytonsleep,,,,Not Found
pinsonm@claytonsleep.com,,,Pinsonm,,Pinsonm,,Unknown,Claytonsleep,,,,Not Found
kentd@claytonsleep.com,,,Kentd,,Kentd,,Unknown,Claytonsleep,,,,Not Found
wileyj@claytonsleep.com,,,Wileyj,,Wileyj,,Unknown,Claytonsleep,,,,Not Found
finderc@claytonsleep.com,,,Finderc,,Finderc,,Unknown,Claytonsleep,,,,Not Found
mary@texassleepclinic.com,,,Mary,,Mary,Founder,Owner / Executive (C-Suite),Texassleep Clinic,,Medium,Web Search,Found
kelli@texassleepclinic.com,,,Kelli,,Kelli,,Unknown,Texassleep Clinic,,,,Not Found
ashley@dreamsleepmedicine.com,,,Ashley,,Ashley,,Unknown,Dreamsleepmedicine,,,,Not Found
rjain@dreamsleepmedicine.com,,,Rjain,,Rjain,,Unknown,Dreamsleepmedicine,,,,Not Found
drd@respairsleep.com,,,Drd,,Drd,,Unknown,Respairsleep,,,,Not Found
hmassey@sleepandsinuscenters.com,,,Hmassey,,Hmassey,,Unknown,Sleepandsinus Center S,,,,Not Found
stephanie@nationalsleepsolutions.com,,,Stephanie,,Stephanie,,Unknown,Nationalsleepsolutions,,,,Not Found
dnorman@santamonicasleep.com,,,Dnorman,,Dnorman,,Unknown,Santamonicasleep,,,,Not Found
icezenwa@melsleep.com,,,Icezenwa,,Icezenwa,,Unknown,Melsleep,,,,Not Found
jdann@sleepinsights.com,,,Jdann,,Jdann,,Unknown,Sleepinsights,,,,Not Found
aaron.morse.md@sleephealthmd.com,,,Aaron,Md,Aaron Morse Md,,Unknown,Sleep Health Md,,,,Not Found
cassie.westgate@sleephealthmd.com,,,Cassie,Westgate,Cassie Westgate,,Unknown,Sleep Health Md,,,,Not Found
ymedina@completesleepsolutions.com,,,Ymedina,,Ymedina,,Unknown,Completesleepsolutions,,,,Not Found
rghaly@sleepinsights.com,,,Rghaly,,Rghaly,Director,Director / VP,Sleepinsights,,Low,Web Search,Found
lstrassheim@sleepinsights.com,,,Lstrassheim,,Lstrassheim,CEO,Owner / Executive (C-Suite),Sleepinsights,,Low,Web Search,Found
ncutler@sleepinsights.com,,,Ncutler,,Ncutler,,Unknown,Sleepinsights,,,,Not Found
lyron@delsleep.com,,,Lyron,,Lyron,,Unknown,Delsleep,,,,Not Found
jtait@oregonsleepassociates.com,,,Jtait,,Jtait,,Unknown,Oregonsleep Associates,,,,Not Found
mkeeslar@oregonsleepassociates.com,,,Mkeeslar,,Mkeeslar,,Unknown,Oregonsleep Associates,,,,Not Found
agaytan@completesleepsolutions.com,,,Agaytan,,Agaytan,,Unknown,Completesleepsolutions,,,,Not Found
lhernandez@completesleepsolutions.com,,,Lhernandez,,Lhernandez,CEO,Owner / Executive (C-Suite),Completesleepsolutions,,Low,Web Search,Found
aleuthner@completesleepsolutions.com,,,Aleuthner,,Aleuthner,Partner,Owner / Executive (C-Suite),Completesleepsolutions,,Low,Web Search,Found
april@sleepdallas.com,,,April,,April,,Unknown,Sleepdallas,,,,Not Found
catherine@sleepdallas.com,,,Catherine,,Catherine,,Unknown,Sleepdallas,,,,Not Found
bailey@sleepdallas.com,,,Bailey,,Bailey,,Unknown,Sleepdallas,,,,Not Found
rsenescall@alarm.com,,,Rsenescall,,Rsenescall,,Unknown,Alarm,,,,Not Found
arasam@alarm.com,,,Arasam,,Arasam,,Unknown,Alarm,,,,Not Found
jweiner@linkedin.com,,,Jweiner,,Jweiner,,Unknown,Linkedin,,,,Not Found
mdolaway@covenanthouse.org,,,Mdolaway,,Mdolaway,Owner,Owner / Executive (C-Suite),Covenanthouse,,Low,Web Search,Found
roberto.carozza@partnerpage.io,,,Roberto,Carozza,Roberto Carozza,,Unknown,Partnerpage,,,,Not Found
miquel.romero@partnerpage.io,,,Miquel,Romero,Miquel Romero,Specialist,Staff / Coordinator,Partnerpage,,Low,Web Search,Found
quinekwa@fosnightcenter.com,,,Quinekwa,,Quinekwa,,Unknown,Fosnight Center,,,,Not Found
hawadallah2@shieldsrx.com,,,Hawadallah,,Hawadallah,,Unknown,Shieldsrx,,,,Not Found
agale@greenappletherapy.com,,,Agale,,Agale,,Unknown,Greenappletherapy,,,,Not Found
mineccij@centerforspineandortho.com,,,Mineccij,,Mineccij,,Unknown,Center Forspineand Ortho,,,,Not Found
stepanc@centerforspineandortho.com,,,Stepanc,,Stepanc,Specialist,Staff / Coordinator,Center Forspineand Ortho,,Low,Web Search,Found
beckj@centerforspineandortho.com,,,Beckj,,Beckj,,Unknown,Center Forspineand Ortho,,,,Not Found
smiths@centerforspineandortho.com,,,Smiths,,Smiths,Chief Technology Officer,Owner / Executive (C-Suite),Center Forspineand Ortho,,Low,Web Search,Found
rumleyj@centerforspineandortho.com,,,Rumleyj,,Rumleyj,Owner,Owner / Executive (C-Suite),Center Forspineand Ortho,,Low,Web Search,Found
levye@centerforspineandortho.com,,,Levye,,Levye,,Unknown,Center Forspineand Ortho,,,,Not Found
weisenbornk@centerforspineandortho.com,,,Weisenbornk,,Weisenbornk,,Unknown,Center Forspineand Ortho,,,,Not Found
shelby_pham@floridaspinecare.com,,,Shelby,Pham,Shelby Pham,,Unknown,Floridaspine Care,,,,Not Found
sherrya@floridaspinecare.com,,,Sherrya,,Sherrya,,Unknown,Floridaspine Care,,,,Not Found
jeff.conway@pain-spine.com,,,Jeff,Conway,Jeff Conway,,Unknown,Pain Spine,,,,Not Found
karrie@pain-spine.com,,,Karrie,,Karrie,Coordinator,Staff / Coordinator,Pain Spine,,Low,Web Search,Found
dan@pain-spine.com,,,Dan,,Dan,Founder,Owner / Executive (C-Suite),Pain Spine,,Medium,Web Search,Found
kforester@pain-spine.com,,,Kforester,,Kforester,,Unknown,Pain Spine,,,,Not Found
jpatel@pain-spine.com,,,Jpatel,,Jpatel,,Unknown,Pain Spine,,,,Not Found
uv.patel@pain-spine.com,,,Uv,Patel,Uv Patel,,Unknown,Pain Spine,,,,Not Found
jignesh.patel@pain-spine.com,,,Jignesh,Patel,Jignesh Patel,,Unknown,Pain Spine,,,,Not Found
atrine@prairiespine.com,,,Atrine,,Atrine,Co-Founder,Owner / Executive (C-Suite),Prairiespine,,Low,Web Search,Found
vbeck@spinepains.com,,,Vbeck,,Vbeck,,Unknown,Spinepains,,,,Not Found
esherrod@spinepains.com,,,Esherrod,,Esherrod,,Unknown,Spinepains,,,,Not Found
claudiar@neckandback.org,,,Claudiar,,Claudiar,,Unknown,Neckandback,,,,Not Found
marielle@spinezone.com,,,Marielle,,Marielle,,Unknown,Spinezone,,,,Not Found
bbenny@thespineandsportscenter.com,,,Bbenny,,Bbenny,,Unknown,Thespineandsports Center,,,,Not Found
szhang@thespineandsportscenter.com,,,Szhang,,Szhang,,Unknown,Thespineandsports Center,,,,Not Found
Krizer@centralvalleysc.com,,,,,,,,,,,,
kristina.veilleux@signespine.com,,,Kristina,Veilleux,Kristina Veilleux,,Unknown,Signespine,,,,Not Found
nicohl.cave@signespine.com,,,Nicohl,Cave,Nicohl Cave,Analyst,Professional,Signespine,,Low,Web Search,Found
autumn.grantz@signespine.com,,,Autumn,Grantz,Autumn Grantz,,Unknown,Signespine,,,,Not Found
rdigianni@spinemedli.com,,,Rdigianni,,Rdigianni,,Unknown,Spinemedli,,,,Not Found
aargyriou@spinemedli.com,,,Aargyriou,,Aargyriou,,Unknown,Spinemedli,,,,Not Found
mcatalanotto@spinemedli.com,,,Mcatalanotto,,Mcatalanotto,,Unknown,Spinemedli,,,,Not Found
chris.steffen@ispineclinics.com,,,Chris,Steffen,Chris Steffen,Director,Director / VP,Ispine Clinic S,,Low,Web Search,Found
mark.backlund@ispineclinics.com,,,Mark,Backlund,Mark Backlund,,Unknown,Ispine Clinic S,,,,Not Found
james.koth@ispineclinics.com,,,James,Koth,James Koth,,Unknown,Ispine Clinic S,,,,Not Found
asia.vann@ispineclinics.com,,,Asia,Vann,Asia Vann,,Unknown,Ispine Clinic S,,,,Not Found
peyton.murphy@ispineclinics.com,,,Peyton,Murphy,Peyton Murphy,,Unknown,Ispine Clinic S,,,,Not Found
allison.lofboom@ispineclinics.com,,,Allison,Lofboom,Allison Lofboom,,Unknown,Ispine Clinic S,,,,Not Found
mark.thibault@ispineclinics.com,,,Mark,Thibault,Mark Thibault,,Unknown,Ispine Clinic S,,,,Not Found
nicolel@seattlespineinstitute.com,,,Nicolel,,Nicolel,,Unknown,Seattlespineinstitute,,,,Not Found
niccolen@floridaspineassociates.com,,,Niccolen,,Niccolen,,Unknown,Floridaspine Associates,,,,Not Found
andreww@floridaspineassociates.com,,,Andreww,,Andreww,,Unknown,Floridaspine Associates,,,,Not Found
jamesd@floridaspineassociates.com,,,Jamesd,,Jamesd,,Unknown,Floridaspine Associates,,,,Not Found
elijahl@floridaspineassociates.com,,,Elijahl,,Elijahl,,Unknown,Floridaspine Associates,,,,Not Found
hemak@floridaspineassociates.com,,,Hemak,,Hemak,,Unknown,Floridaspine Associates,,,,Not Found
mildredt@floridaspineassociates.com,,,Mildredt,,Mildredt,,Unknown,Floridaspine Associates,,,,Not Found
chelseab@floridaspineassociates.com,,,Chelseab,,Chelseab,CEO,Owner / Executive (C-Suite),Floridaspine Associates,,Low,Web Search,Found
nicollettel@floridaspineassociates.com,,,Nicollettel,,Nicollettel,,Unknown,Floridaspine Associates,,,,Not Found
kleong@seattlespine.com,,,Kleong,,Kleong,,Unknown,Seattlespine,,,,Not Found
vsingh@seattlespine.com,,,Vsingh,,Vsingh,,Unknown,Seattlespine,,,,Not Found
leticia.uribe@rscbayarea.com,,,Leticia,Uribe,Leticia Uribe,,Unknown,Rscbayarea,,,,Not Found
evan.rosenbluth@rscbayarea.com,,,Evan,Rosenbluth,Evan Rosenbluth,,Unknown,Rscbayarea,,,,Not Found
mary.hinckley@rscbayarea.com,,,Mary,Hinckley,Mary Hinckley,Founder,Owner / Executive (C-Suite),Rscbayarea,,Low,Web Search,Found
amy@rigbyperformancemedicine.com,,,Amy,,Amy,,Unknown,Rigbyperformancemedicine,,,,Not Found
docrigby@rigbyperformancemedicine.com,,,Docrigby,,Docrigby,,Unknown,Rigbyperformancemedicine,,,,Not Found
zacharyamon@parkerperformanceinstitute.com,,,Zacharyamon,,Zacharyamon,,Unknown,Parkerperformanceinstitute,,,,Not Found
dwise@elitesportswaco.com,,,Dwise,,Dwise,,Unknown,Elitesportswaco,,,,Not Found
jstone@oksmm.com,,,Jstone,,Jstone,"Elon Musk, the CEO of Tesla, Has A Significant",Owner / Executive (C-Suite),Oksmm,,Low,Web Search,Found
jhoward@nba.com,,,Jhoward,,Jhoward,,Unknown,Nba,,,,Not Found
jzisa@nba.com,,,Jzisa,,Jzisa,,Unknown,Nba,,,,Not Found
jorozco@nba.com,,,Jorozco,,Jorozco,,Unknown,Nba,,,,Not Found
vwilliams@nba.com,,,Vwilliams,,Vwilliams,,Unknown,Nba,,,,Not Found
mdakes@nba.com,,,Mdakes,,Mdakes,Chief Technology Officer,Owner / Executive (C-Suite),Nba,,Low,Web Search,Found
phernandez@nba.com,,,Phernandez,,Phernandez,Principal,Owner / Executive (C-Suite),Nba,,Low,Web Search,Found
mosikoya@nba.com,,,Mosikoya,,Mosikoya,,Unknown,Nba,,,,Not Found
fmcnally@nba.com,,,Fmcnally,,Fmcnally,,Unknown,Nba,,,,Not Found
tmulcahy@nba.com,,,Tmulcahy,,Tmulcahy,,Unknown,Nba,,,,Not Found
ewolf@nba.com,,,Ewolf,,Ewolf,,Unknown,Nba,,,,Not Found
jsegal@nba.com,,,Jsegal,,Jsegal,,Unknown,Nba,,,,Not Found
smalik@nba.com,,,Smalik,,Smalik,Partner,Owner / Executive (C-Suite),Nba,,Low,Web Search,Found
abrooks@nba.com,,,Abrooks,,Abrooks,,Unknown,Nba,,,,Not Found
mcoyle@nba.com,,,Mcoyle,,Mcoyle,,Unknown,Nba,,,,Not Found
lkashouty@nba.com,,,Lkashouty,,Lkashouty,Owner,Owner / Executive (C-Suite),Nba,,Low,Web Search,Found
kflatow@nba.com,,,Kflatow,,Kflatow,,Unknown,Nba,,,,Not Found
mcrnkovich@nba.com,,,Mcrnkovich,,Mcrnkovich,Analyst,Professional,Nba,,Low,Web Search,Found
crusso@nba.com,,,Crusso,,Crusso,,Unknown,Nba,,,,Not Found
alevy@nba.com,,,Alevy,,Alevy,,Unknown,Nba,,,,Not Found
jesanchez@nba.com,,,Jesanchez,,Jesanchez,,Unknown,Nba,,,,Not Found
gaivazoglou@nba.com,,,Gaivazoglou,,Gaivazoglou,,Unknown,Nba,,,,Not Found
akhalique@nba.com,,,Akhalique,,Akhalique,President,Owner / Executive (C-Suite),Nba,,Low,Web Search,Found
byang@nba.com,,,Byang,,Byang,,Unknown,Nba,,,,Not Found
dstrinkovsky@nba.com,,,Dstrinkovsky,,Dstrinkovsky,,Unknown,Nba,,,,Not Found
kwilliams@nba.com,,,Kwilliams,,Kwilliams,Chief Technology Officer,Owner / Executive (C-Suite),Nba,,Low,Web Search,Found
nhanlon@nba.com,,,Nhanlon,,Nhanlon,,Unknown,Nba,,,,Not Found
mtatum@nba.com,,,Mtatum,,Mtatum,,Unknown,Nba,,,,Not Found
sgreig@nba.com,,,Sgreig,,Sgreig,,Unknown,Nba,,,,Not Found
jzhang@nba.com,,,Jzhang,,Jzhang,,Unknown,Nba,,,,Not Found
agarstang@nba.com,,,Agarstang,,Agarstang,Get the Best Route To Your Destination From Fellow Drivers,Practitioner / Doctor / Faculty,Nba,,Low,Web Search,Found
skaufman-ross@nba.com,,,Skaufman,Ross,Skaufman Ross,,Unknown,Nba,,,,Not Found
mbass@nba.com,,,Mbass,,Mbass,,Unknown,Nba,,,,Not Found
mnicastro@nba.com,,,Mnicastro,,Mnicastro,,Unknown,Nba,,,,Not Found
slackey@sportherapy.net,,,Slackey,,Slackey,,Unknown,Sportherapy,,,,Not Found
tchappell@sportherapy.net,,,Tchappell,,Tchappell,,Unknown,Sportherapy,,,,Not Found
mchambers@sportherapy.net,,,Mchambers,,Mchambers,,Unknown,Sportherapy,,,,Not Found
ccallahan@sportherapy.net,,,Ccallahan,,Ccallahan,,Unknown,Sportherapy,,,,Not Found
ben.lopez@w3global.com,,,Ben,Lopez,Ben Lopez,,Unknown,W3global,,,,Not Found
sowmiya.saravanan@w3global.com,,,Sowmiya,Saravanan,Sowmiya Saravanan,,Unknown,W3global,,,,Not Found
t.reyes@proliancesurgeons.com,,,T,Reyes,T Reyes,,Unknown,Proliancesurgeons,,,,Not Found
l.evans@proliancesurgeons.com,,,L,Evans,L Evans,,Unknown,Proliancesurgeons,,,,Not Found
t.knipe@proliancesurgeons.com,,,T,Knipe,T Knipe,,Unknown,Proliancesurgeons,,,,Not Found
paul.saenz@smasatx.com,,,Paul,Saenz,Paul Saenz,,Unknown,Smasatx,,,,Not Found
lilianna.gonzalez@smasatx.com,,,Lilianna,Gonzalez,Lilianna Gonzalez,Principal,Owner / Executive (C-Suite),Smasatx,,Low,Web Search,Found
timothy.palomera@smasatx.com,,,Timothy,Palomera,Timothy Palomera,,Unknown,Smasatx,,,,Not Found
m.sciarrio@proliancesurgeons.com,,,M,Sciarrio,M Sciarrio,,Unknown,Proliancesurgeons,,,,Not Found
c.peterson2@proliancesurgeons.com,,,C,Peterson,C Peterson,,Unknown,Proliancesurgeons,,,,Not Found
s.ortiz@proliancesurgeons.com,,,S,Ortiz,S Ortiz,,Unknown,Proliancesurgeons,,,,Not Found
lbaldwin@proliancesurgeons.com,,,Lbaldwin,,Lbaldwin,,Unknown,Proliancesurgeons,,,,Not Found
kacie@thrive-surgery.com,,,Kacie,,Kacie,,Unknown,Thrive Surgery,,,,Not Found
afondaw@capitalsurgeons.com,,,Afondaw,,Afondaw,,Unknown,Capitalsurgeons,,,,Not Found
ankurbhakta@capitalsurgeons.com,,,Ankurbhakta,,Ankurbhakta,,Unknown,Capitalsurgeons,,,,Not Found
elough@capitalsurgeons.com,,,Elough,,Elough,,Unknown,Capitalsurgeons,,,,Not Found
isabellbacot@capitalsurgeons.com,,,Isabellbacot,,Isabellbacot,,Unknown,Capitalsurgeons,,,,Not Found
ashleyharlan@capitalsurgeons.com,,,Ashleyharlan,,Ashleyharlan,,Unknown,Capitalsurgeons,,,,Not Found
ashleygarces@capitalsurgeons.com,,,Ashleygarces,,Ashleygarces,,Unknown,Capitalsurgeons,,,,Not Found
mfurr@capitalsurgeons.com,,,Mfurr,,Mfurr,,Unknown,Capitalsurgeons,,,,Not Found
jwacksman@mps-mail.com,,,Jwacksman,,Jwacksman,,Unknown,Mps Mail,,,,Not Found
mark.lauby@nerc.net,,,Mark,Lauby,Mark Lauby,,Unknown,Nerc,,,,Not Found
kelly.hanson@nerc.net,,,Kelly,Hanson,Kelly Hanson,,Unknown,Nerc,,,,Not Found
camilo.serna@nerc.net,,,Camilo,Serna,Camilo Serna,,Unknown,Nerc,,,,Not Found
zachary.greene@nerc.net,,,Zachary,Greene,Zachary Greene,,Unknown,Nerc,,,,Not Found
nicole.perez@heat.com,,,Nicole,Perez,Nicole Perez,,Unknown,Heat,,,,Not Found
rod@expotechinc.com,,,Rod,,Rod,,Unknown,Expotechinc,,,,Not Found
mmagnus@fioptics.com,,,Mmagnus,,Mmagnus,,Unknown,Fioptics,,,,Not Found
denisplumbingnow@rogers.com,,,Denisplumbingnow,,Denisplumbingnow,,Unknown,Rogers,,,,Not Found
dlhoward@myvirtualphysician.com,,,Dlhoward,,Dlhoward,Founder,Owner / Executive (C-Suite),Myvirtualphysician,,Low,Web Search,Found
mrainville@bridgetelehealth.com,,,Ainville,,Ainville,,Unknown,Bridgetele Health,,,,Not Found
aravenscroft@soctelemed.com,,,Aravenscroft,,Aravenscroft,President,Owner / Executive (C-Suite),Soctelemed,,Low,Web Search,Found
rickpaul.vander@steadymd.com,,,Rickpaul,Vander,Rickpaul Vander,,Unknown,Steadymd,,,,Not Found
kzapata@telmedical.com,,,Kzapata,,Kzapata,,Unknown,Tel Medical,,,,Not Found
cwien@telmedical.com,,,Cwien,,Cwien,,Unknown,Tel Medical,,,,Not Found
amoya@telmedical.com,,,Amoya,,Amoya,Owner,Owner / Executive (C-Suite),Tel Medical,,Low,Web Search,Found
tchase@telmedical.com,,,Tchase,,Tchase,,Unknown,Tel Medical,,,,Not Found
aray@telmedical.com,,,Aray,,Aray,,Unknown,Tel Medical,,,,Not Found
lfehmerling@telmedical.com,,,Lfehmerling,,Lfehmerling,Windows Update Assistant,Staff / Coordinator,Tel Medical,,Low,Web Search,Found
bgashaw@telmedical.com,,,Bgashaw,,Bgashaw,,Unknown,Tel Medical,,,,Not Found
psapia@telescopehealth.com,,,Psapia,,Psapia,,Unknown,Telescope Health,,,,Not Found
tblanchard@telescopehealth.com,,,Tblanchard,,Tblanchard,,Unknown,Telescope Health,,,,Not Found
jdavis@telescopehealth.com,,,Jdavis,,Jdavis,,Unknown,Telescope Health,,,,Not Found
sreid@telescopehealth.com,,,Sreid,,Sreid,,Unknown,Telescope Health,,,,Not Found
jdetillio@accesstelecare.com,,,Jdetillio,,Jdetillio,,Unknown,Accesstele Care,,,,Not Found
mgenovese@accesstelecare.com,,,Mgenovese,,Mgenovese,,Unknown,Accesstele Care,,,,Not Found
kakib@accesstelecare.com,,,Kakib,,Kakib,Associate,Staff / Coordinator,Accesstele Care,,Low,Web Search,Found
cgallagher@accesstelecare.com,,,Cgallagher,,Cgallagher,,Unknown,Accesstele Care,,,,Not Found
sbidari@accesstelecare.com,,,Sbidari,,Sbidari,,Unknown,Accesstele Care,,,,Not Found
gyoungblood@accesstelecare.com,,,Gyoungblood,,Gyoungblood,,Unknown,Accesstele Care,,,,Not Found
kkistler@accesstelecare.com,,,Kkistler,,Kkistler,Partner Services,Owner / Executive (C-Suite),Accesstele Care,,Low,Web Search,Found
jhenry@accesstelecare.com,,,Jhenry,,Jhenry,,Unknown,Accesstele Care,,,,Not Found
pwilhite@accesstelecare.com,,,Pwilhite,,Pwilhite,,Unknown,Accesstele Care,,,,Not Found
tvitek@palomapc.com,,,Tvitek,,Tvitek,Chief Technology Officer,Owner / Executive (C-Suite),Palomapc,,Low,Web Search,Found
ctrego@palomapc.com,,,Ctrego,,Ctrego,Partner,Owner / Executive (C-Suite),Palomapc,,Low,Web Search,Found
bwilborn@palomapc.com,,,Bwilborn,,Bwilborn,Doctor,Practitioner / Doctor / Faculty,Palomapc,,Low,Web Search,Found
mmccarver@palomapc.com,,,Mmccarver,,Mmccarver,,Unknown,Palomapc,,,,Not Found
dmonilaws@palomapc.com,,,Dmonilaws,,Dmonilaws,,Unknown,Palomapc,,,,Not Found
jnorris@palomapc.com,,,Jnorris,,Jnorris,,Unknown,Palomapc,,,,Not Found
rsimmons@palomapc.com,,,Rsimmons,,Rsimmons,,Unknown,Palomapc,,,,Not Found
jcasey@flynnstire.com,,,Jcasey,,Jcasey,Owner,Owner / Executive (C-Suite),Flynnstire,,Low,Web Search,Found
kikivedders@cwtitle.com,,,Kikivedders,,Kikivedders,,Unknown,Cwtitle,,,,Not Found
jstallings@cwtitle.com,,,Jstallings,,Jstallings,,Unknown,Cwtitle,,,,Not Found
cmorton@cwtitle.com,,,Cmorton,,Cmorton,,Unknown,Cwtitle,,,,Not Found
jjensen@cwtitle.com,,,Jjensen,,Jjensen,,Unknown,Cwtitle,,,,Not Found
sgault@cwtitle.com,,,Sgault,,Sgault,,Unknown,Cwtitle,,,,Not Found
ttrudeau@cwtitle.com,,,Ttrudeau,,Ttrudeau,,Unknown,Cwtitle,,,,Not Found
tcorp@cwtitle.com,,,Tcorp,,Tcorp,,Unknown,Cwtitle,,,,Not Found
louie@panhandlegetaways.com,,,Louie,,Louie,,Unknown,Panhandlegetaways,,,,Not Found
sean@thetourguy.com,,,Sean,,Sean,,Unknown,Thetourguy,,,,Not Found
drtamallen@travelmeds2go.com,,,Tamallen,,Tamallen,,Unknown,Travelmeds2go,,,,Not Found
gary.shu@tananachiefs.org,,,Gary,Shu,Gary Shu,CEO,Owner / Executive (C-Suite),Tananachiefs,,Low,Web Search,Found
geraldine.simon@tananachiefs.org,,,Geraldine,Simon,Geraldine Simon,,Unknown,Tananachiefs,,,,Not Found
eliana.mckee@tananachiefs.org,,,Eliana,Mckee,Eliana Mckee,Partner,Owner / Executive (C-Suite),Tananachiefs,,Low,Web Search,Found
lynsey.jemmett@tananachiefs.org,,,Lynsey,Jemmett,Lynsey Jemmett,,Unknown,Tananachiefs,,,,Not Found
jami.debano@tananachiefs.org,,,Jami,Debano,Jami Debano,,Unknown,Tananachiefs,,,,Not Found
miguelt@ufl.edu,,,Miguelt,,Miguelt,Coordinator,Staff / Coordinator,Ufl,,Low,Web Search,Found
rmalm@uwyo.edu,,,Rmalm,,Rmalm,,Unknown,Uwyo,,,,Not Found
todd.dickson2@mail.waldenu.edu,,,Todd,Dickson,Todd Dickson,,Unknown,Waldenu,,,,Not Found
hyadav@usf.edu,,,Hyadav,,Hyadav,,Unknown,Usf,,,,Not Found
glennhoffman@usf.edu,,,Glennhoffman,,Glennhoffman,,Unknown,Usf,,,,Not Found
chardigree@usf.edu,,,Chardigree,,Chardigree,,Unknown,Usf,,,,Not Found
mgkoulianos@usf.edu,,,Mgkoulianos,,Mgkoulianos,,Unknown,Usf,,,,Not Found
tcostello111@usf.edu,,,Tcostello,,Tcostello,,Unknown,Usf,,,,Not Found
denisedwards@usf.edu,,,Denisedwards,,Denisedwards,,Unknown,Usf,,,,Not Found
vellis@usf.edu,,,Vellis,,Vellis,,Unknown,Usf,,,,Not Found
frazier.beatty@regiscollege.edu,,,Frazier,Beatty,Frazier Beatty,,Unknown,Regiscollege,,,,Not Found
erin.diguardia@regiscollege.edu,,,Erin,Diguardia,Erin Diguardia,,Unknown,Regiscollege,,,,Not Found
jeff.joseph@regiscollege.edu,,,Jeff,Joseph,Jeff Joseph,,Unknown,Regiscollege,,,,Not Found
jonathan.small@regiscollege.edu,,,Jonathan,Small,Jonathan Small,,Unknown,Regiscollege,,,,Not Found
pamela.roecker@regiscollege.edu,,,Pamela,Roecker,Pamela Roecker,,Unknown,Regiscollege,,,,Not Found
blf@unc.edu,,,Blf,,Blf,,Unknown,Unc,,,,Not Found
hamlimor@gvsu.edu,,,Hamlimor,,Hamlimor,Former Delhi Chief Secretaryrakesh Mehtadies,Owner / Executive (C-Suite),Gvsu,,Low,Web Search,Found
computing@gvsu.edu,,,Computing,,Computing,,Unknown,Gvsu,,,,Not Found
mantella@gvsu.edu,,,Mantella,,Mantella,,Unknown,Gvsu,,,,Not Found
topicm@gvsu.edu,,,Topicm,,Topicm,Partner,Owner / Executive (C-Suite),Gvsu,,Low,Web Search,Found
sobeckc@gvsu.edu,,,Sobeckc,,Sobeckc,,Unknown,Gvsu,,,,Not Found
lefridm@gvsu.edu,,,Lefridm,,Lefridm,,Unknown,Gvsu,,,,Not Found
alrebhab@gvsu.edu,,,Alrebhab,,Alrebhab,,Unknown,Gvsu,,,,Not Found
lisa.batten@sgsc.edu,,,Lisa,Batten,Lisa Batten,,Unknown,Sgsc,,,,Not Found
joseph.renzulli@uconn.edu,,,Joseph,Renzulli,Joseph Renzulli,,Unknown,Uconn,,,,Not Found
abryant@campbell.edu,,,Abryant,,Abryant,,Unknown,Campbell,,,,Not Found
yerk-zwickl@campbell.edu,,,Yerk,Zwickl,Yerk Zwickl,,Unknown,Campbell,,,,Not Found
bethr@uwyo.edu,,,Bethr,,Bethr,,Unknown,Uwyo,,,,Not Found
afaque@wustl.edu,,,Afaque,,Afaque,,Unknown,Wustl,,,,Not Found
caseyjenkerson@wustl.edu,,,Caseyjenkerson,,Caseyjenkerson,,Unknown,Wustl,,,,Not Found
jgfrank@wustl.edu,,,Jgfrank,,Jgfrank,,Unknown,Wustl,,,,Not Found
boumgardenp@wustl.edu,,,Boumgardenp,,Boumgardenp,,Unknown,Wustl,,,,Not Found
danielle.field@wmich.edu,,,Danielle,Field,Danielle Field,,Unknown,Wmich,,,,Not Found
ishmaelduah.tsibu@wmich.edu,,,Ishmaelduah,Tsibu,Ishmaelduah Tsibu,,Unknown,Wmich,,,,Not Found
renuka.m.phillips@wmich.edu,,,Renuka,Phillips,Renuka M Phillips,,Unknown,Wmich,,,,Not Found
shauna.m.waltmire@wmich.edu,,,Shauna,Waltmire,Shauna M Waltmire,,Unknown,Wmich,,,,Not Found
doriana.dervishi@unitir.edu.al,,,Doriana,Dervishi,Doriana Dervishi,Co-Founder,Owner / Executive (C-Suite),Unitir,,Low,Web Search,Found
matthew.kopp@northwestern.edu,,,Matthew,Kopp,Matthew Kopp,,Unknown,Northwestern,,,,Not Found
satish.deshpande@wmich.edu,,,Satish,Deshpande,Satish Deshpande,Director,Director / VP,Wmich,,Low,Web Search,Found
cherie@alaska.edu,,,Cherie,,Cherie,,Unknown,Alaska,,,,Not Found
bratton@campbell.edu,,,Bratton,,Bratton,"Abba Aliyu- MD/CEO, Rural Electrification Agency (REA)",Owner / Executive (C-Suite),Campbell,,Medium,LinkedIn (Public Dork),Found
sekou_bermiss@kenan-flagler.unc.edu,,,Sekou,Bermiss,Sekou Bermiss,,Unknown,Kenan Flagler,,,,Not Found
coehlod@oregonstate.edu,,,Coehlod,,Coehlod,,Unknown,Oregonstate,,,,Not Found
jalferink@valdosta.edu,,,Jalferink,,Jalferink,,Unknown,Valdosta,,,,Not Found
exm251@shsu.edu,,,Exm,,Exm,,Unknown,Shsu,,,,Not Found
dean166@marshall.edu,,,Dean,,Dean,,Unknown,Marshall,,,,Not Found
harkinsj@tcnj.edu,,,Harkinsj,,Harkinsj,Specialist,Staff / Coordinator,Tcnj,,Low,Web Search,Found
amitband@wsu.edu,,,Amitband,,Amitband,,Unknown,Wsu,,,,Not Found
rice@campbell.edu,,,Rice,,Rice,,Unknown,Campbell,,,,Not Found
szl0226@auburn.edu,,,Szl,,Szl,,Unknown,Auburn,,,,Not Found
nethra.sambamoorthi@northwestern.edu,,,Nethra,Sambamoorthi,Nethra Sambamoorthi,Owner,Owner / Executive (C-Suite),Northwestern,,Low,Web Search,Found
janita.zimmerman-1@ou.edu,,,Janita,Zimmerman,Janita Zimmerman,,Unknown,Ou,,,,Not Found
bernard.akaawase@uconn.edu,,,Bernard,Akaawase,Bernard Akaawase,,Unknown,Uconn,,,,Not Found
radenka.maric@uconn.edu,,,Radenka,Maric,Radenka Maric,,Unknown,Uconn,,,,Not Found
jeffrey.mccutcheon@uconn.edu,,,Jeffrey,Mccutcheon,Jeffrey Mccutcheon,,Unknown,Uconn,,,,Not Found
lee.phillips@louisville.edu,,,Lee,Phillips,Lee Phillips,,Unknown,Louisville,,,,Not Found
admartin@wustl.edu,,,Admartin,,Admartin,,Unknown,Wustl,,,,Not Found
liebig@wustl.edu,,,Liebig,,Liebig,,Unknown,Wustl,,,,Not Found
mdejam@uwyo.edu,,,Mdejam,,Mdejam,Doctor,Practitioner / Doctor / Faculty,Uwyo,,Low,Web Search,Found
knoble@uwyo.edu,,,Knoble,,Knoble,,Unknown,Uwyo,,,,Not Found
slupien@uwyo.edu,,,Slupien,,Slupien,,Unknown,Uwyo,,,,Not Found
dgossler@uwyo.edu,,,Dgossler,,Dgossler,,Unknown,Uwyo,,,,Not Found
dchakra1@uwyo.edu,,,Dchakra,,Dchakra,Partner,Owner / Executive (C-Suite),Uwyo,,Low,Web Search,Found
apradhan@uwyo.edu,,,Apradhan,,Apradhan,,Unknown,Uwyo,,,,Not Found
edward.seidel@uwyo.edu,,,Edward,Seidel,Edward Seidel,,Unknown,Uwyo,,,,Not Found
msmith21@uwyo.edu,,,Mith,,Mith,CEO,Owner / Executive (C-Suite),Uwyo,,Low,Web Search,Found
klrossi@buffalo.edu,,,Klrossi,,Klrossi,VP,Director / VP,Buffalo,,Low,Web Search,Found
wyant18@marshall.edu,,,Wyant,,Wyant,,Unknown,Marshall,,,,Not Found
willis4@marshall.edu,,,Willis,,Willis,,Unknown,Marshall,,,,Not Found
fenertyj@marshall.edu,,,Fenertyj,,Fenertyj,,Unknown,Marshall,,,,Not Found
saine1@marshall.edu,,,Saine,,Saine,,Unknown,Marshall,,,,Not Found
rchristie@uta.edu,,,Rchristie,,Rchristie,President,Owner / Executive (C-Suite),Uta,,Low,Web Search,Found
cbb055@shsu.edu,,,Cbb,,Cbb,,Unknown,Shsu,,,,Not Found
fug002@shsu.edu,,,Fug,,Fug,,Unknown,Shsu,,,,Not Found
dpg016@shsu.edu,,,Dpg,,Dpg,,Unknown,Shsu,,,,Not Found
dww008@shsu.edu,,,Dww,,Dww,Accounts Manager,Manager / Admin,Shsu,,Low,Web Search,Found
beyzayilmaz@shsu.edu,,,Beyzayilmaz,,Beyzayilmaz,,Unknown,Shsu,,,,Not Found
ruthcubas@shsu.edu,,,Ruthcubas,,Ruthcubas,,Unknown,Shsu,,,,Not Found
ward85@marshall.edu,,,Ward,,Ward,,Unknown,Marshall,,,,Not Found
angeliakey@ufl.edu,,,Angeliakey,,Angeliakey,,Unknown,Ufl,,,,Not Found
hellenyaa.agbevey@wmich.edu,,,Hellenyaa,Agbevey,Hellenyaa Agbevey,,Unknown,Wmich,,,,Not Found
riley.a.nettle@wmich.edu,,,Riley,Nettle,Riley A Nettle,,Unknown,Wmich,,,,Not Found
karen.xospaanaya@wmich.edu,,,Karen,Xospaanaya,Karen Xospaanaya,,Unknown,Wmich,,,,Not Found
matthew@txstate.edu,,,Matthew,,Matthew,,Unknown,Txstate,,,,Not Found
kc35@txstate.edu,,,Kc,,Kc,,Unknown,Txstate,,,,Not Found
chiefmatt@txstate.edu,,,Chiefmatt,,Chiefmatt,,Unknown,Txstate,,,,Not Found
tmac90@txstate.edu,,,Tmac,,Tmac,,Unknown,Txstate,,,,Not Found
zachary.williams@wmich.edu,,,Zachary,Williams,Zachary Williams,,Unknown,Wmich,,,,Not Found
stirol@regis.edu,,,Stirol,,Stirol,,Unknown,Regis,,,,Not Found
patrick.ivey@louisville.edu,,,Patrick,Ivey,Patrick Ivey,,Unknown,Louisville,,,,Not Found
anthony.okafor@louisville.edu,,,Anthony,Okafor,Anthony Okafor,,Unknown,Louisville,,,,Not Found
szimmer@wustl.edu,,,Szimmer,,Szimmer,,Unknown,Wustl,,,,Not Found
nana@wustl.edu,,,Nana,,Nana,,Unknown,Wustl,,,,Not Found
tiffany.kelley@uconn.edu,,,Tiffany,Kelley,Tiffany Kelley,,Unknown,Uconn,,,,Not Found
jiapeng.huang@louisville.edu,,,Jiapeng,Huang,Jiapeng Huang,Consultant,Professional,Louisville,,Low,Web Search,Found
rvyamp01@louisville.edu,,,Rvyamp,,Rvyamp,President,Owner / Executive (C-Suite),Louisville,,Low,Web Search,Found
pjstrickland@campbell.edu,,,Pjstrickland,,Pjstrickland,,Unknown,Campbell,,,,Not Found
pedwards@campbell.edu,,,Pedwards,,Pedwards,,Unknown,Campbell,,,,Not Found
aalex@uwyo.edu,,,Aalex,,Aalex,,Unknown,Uwyo,,,,Not Found
james.barraclough@washburn.edu,,,James,Barraclough,James Barraclough,Chief Technology Officer,Owner / Executive (C-Suite),Washburn,,Low,Web Search,Found
bergj@fiu.edu,,,Bergj,,Bergj,,Unknown,Fiu,,,,Not Found
billdow@uw.edu,,,Billdow,,Billdow,,Unknown,Uw,,,,Not Found
juliewy@uw.edu,,,Juliewy,,Juliewy,,Unknown,Uw,,,,Not Found
seang151@uw.edu,,,Seang,,Seang,,Unknown,Uw,,,,Not Found
amy.disney-mantuano@yale.edu,,,Amy,Mantuano,Amy Disney Mantuano,,Unknown,Yale,,,,Not Found
reflynn@iu.edu,,,Reflynn,,Reflynn,Director,Director / VP,Iu,,Low,Web Search,Found
pnakhate@iu.edu,,,Pnakhate,,Pnakhate,,Unknown,Iu,,,,Not Found
kumarama@iu.edu,,,Kumarama,,Kumarama,Partner,Owner / Executive (C-Suite),Iu,,Low,Web Search,Found
atsubhas@iu.edu,,,Atsubhas,,Atsubhas,,Unknown,Iu,,,,Not Found
kadebiyi@iu.edu,,,Kadebiyi,,Kadebiyi,,Unknown,Iu,,,,Not Found
hokunani@uw.edu,,,Hokunani,,Hokunani,,Unknown,Uw,,,,Not Found
asubat@iu.edu,,,Asubat,,Asubat,,Unknown,Iu,,,,Not Found
saderint@fiu.edu,,,Saderint,,Saderint,,Unknown,Fiu,,,,Not Found
sanklesh@iu.edu,,,Sanklesh,,Sanklesh,,Unknown,Iu,,,,Not Found
maryann.riederer@washburn.edu,,,Maryann,Riederer,Maryann Riederer,,Unknown,Washburn,,,,Not Found
barbara.scofield@washburn.edu,,,Barbara,Scofield,Barbara Scofield,,Unknown,Washburn,,,,Not Found
chris.enos@washburn.edu,,,Chris,Enos,Chris Enos,Director,Director / VP,Washburn,,Low,Web Search,Found
john.haverty@washburn.edu,,,John,Haverty,John Haverty,,Unknown,Washburn,,,,Not Found
bac60@uw.edu,,,Bac,,Bac,,Unknown,Uw,,,,Not Found
esharpe@uw.edu,,,Esharpe,,Esharpe,,Unknown,Uw,,,,Not Found
mollycam@uw.edu,,,Mollycam,,Mollycam,,Unknown,Uw,,,,Not Found
uwmtalk@uw.edu,,,Uwmtalk,,Uwmtalk,,Unknown,Uw,,,,Not Found
bryan.rowland@uafoundation.org,,,Bryan,Rowland,Bryan Rowland,,Unknown,Uafoundation,,,,Not Found
mscott@onpointurgentcare.com,,,Cott,,Cott,,Unknown,Onpointurgent Care,,,,Not Found
adittenber@springfieldurgentcare.com,,,Adittenber,,Adittenber,,Unknown,Springfieldurgent Care,,,,Not Found
candace@springfieldurgentcare.com,,,Candace,,Candace,,Unknown,Springfieldurgent Care,,,,Not Found
mrappuhn@springfieldurgentcare.com,,,Appuhn,,Appuhn,LOCK UPP 🚨 Co-founder: …,Owner / Executive (C-Suite),Springfieldurgent Care,,Low,Web Search,Found
jharrill@springfieldurgentcare.com,,,Jharrill,,Jharrill,,Unknown,Springfieldurgent Care,,,,Not Found
eczuprenski@springfieldurgentcare.com,,,Eczuprenski,,Eczuprenski,,Unknown,Springfieldurgent Care,,,,Not Found
djones@springfieldurgentcare.com,,,Djones,,Djones,President,Owner / Executive (C-Suite),Springfieldurgent Care,,Low,Web Search,Found
emaples@springfieldurgentcare.com,,,Emaples,,Emaples,,Unknown,Springfieldurgent Care,,,,Not Found
tholden@springfieldurgentcare.com,,,Tholden,,Tholden,CEO,Owner / Executive (C-Suite),Springfieldurgent Care,,Low,Web Search,Found
mwalter@springfieldurgentcare.com,,,Mwalter,,Mwalter,,Unknown,Springfieldurgent Care,,,,Not Found
imelton@alldaymedicalcare.com,,,Imelton,,Imelton,,Unknown,Allday Medical Care,,,,Not Found
skhusid@alldaymedicalcare.com,,,Skhusid,,Skhusid,,Unknown,Allday Medical Care,,,,Not Found
ledmondson@southernimmediatecare.com,,,Ledmondson,,Ledmondson,,Unknown,Southernimmediate Care,,,,Not Found
jjunkins@southernimmediatecare.com,,,Jjunkins,,Jjunkins,Chief Executive Officer,Owner / Executive (C-Suite),Southernimmediate Care,,Low,Web Search,Found
skeith@southernimmediatecare.com,,,Skeith,,Skeith,,Unknown,Southernimmediate Care,,,,Not Found
mcoefield@southernimmediatecare.com,,,Mcoefield,,Mcoefield,Consultant,Professional,Southernimmediate Care,,Low,Web Search,Found
aboody@southernimmediatecare.com,,,Aboody,,Aboody,,Unknown,Southernimmediate Care,,,,Not Found
hlangdon@southernimmediatecare.com,,,Hlangdon,,Hlangdon,CTO,Professional,Southernimmediate Care,,Low,Web Search,Found
jthornton@trustcarehealth.com,,,Jthornton,,Jthornton,,Unknown,Trust Care Health,,,,Not Found
wherring@trustcarehealth.com,,,Wherring,,Wherring,,Unknown,Trust Care Health,,,,Not Found
rpantoja@firstcareclinics.com,,,Rpantoja,,Rpantoja,Helpful Professor,Practitioner / Doctor / Faculty,First Care Clinic S,,Low,Web Search,Found
cleath@firstcareclinics.com,,,Cleath,,Cleath,Chief Executive Officer of Sanofi,Owner / Executive (C-Suite),First Care Clinic S,,Medium,LinkedIn (Public Dork),Found
adeane@firstcareclinics.com,,,Adeane,,Adeane,,Unknown,First Care Clinic S,,,,Not Found
ashoulders@firstcareclinics.com,,,Ashoulders,,Ashoulders,,Unknown,First Care Clinic S,,,,Not Found
mswaw@firstcareclinics.com,,,Waw,,Waw,,Unknown,First Care Clinic S,,,,Not Found
apounders@zupmed.com,,,Apounders,,Apounders,Profile Manager for Customers & Partners,Owner / Executive (C-Suite),Zupmed,,Low,Web Search,Found
llemley@zupmed.com,,,Llemley,,Llemley,,Unknown,Zupmed,,,,Not Found
eyopp@zupmed.com,,,Eyopp,,Eyopp,DB-GPT: Open-source Agentic AI Data Assistant,Staff / Coordinator,Zupmed,,Low,Web Search,Found
ssaunders@zupmed.com,,,Ssaunders,,Ssaunders,,Unknown,Zupmed,,,,Not Found
john.waugh@redicare.com,,,John,Waugh,John Waugh,,Unknown,Redi Care,,,,Not Found
trase.barney@healthyuclinics.com,,,Trase,Barney,Trase Barney,Partner,Owner / Executive (C-Suite),Health Yu Clinic S,,Low,Web Search,Found
alexander.dydyk@healthyuclinics.com,,,Alexander,Dydyk,Alexander Dydyk,,Unknown,Health Yu Clinic S,,,,Not Found
jennifer.calosso@healthyuclinics.com,,,Jennifer,Calosso,Jennifer Calosso,,Unknown,Health Yu Clinic S,,,,Not Found
nichole.casseus@healthyuclinics.com,,,Nichole,Casseus,Nichole Casseus,,Unknown,Health Yu Clinic S,,,,Not Found
justin.singh@healthyuclinics.com,,,Justin,Singh,Justin Singh,,Unknown,Health Yu Clinic S,,,,Not Found
brett.gall@patientfirst.com,,,Brett,Gall,Brett Gall,Partner,Owner / Executive (C-Suite),Patientfirst,,Low,Web Search,Found
emartin@zoomcare.com,,,Emartin,,Emartin,,Unknown,Zoom Care,,,,Not Found
cgrant@expercarehealth.com,,,Cgrant,,Cgrant,,Unknown,Exper Care Health,,,,Not Found
christina@liveurgentcare.com,,,Christina,,Christina,,Unknown,Liveurgent Care,,,,Not Found
amberthorsen@nextcare.com,,,Amberthorsen,,Amberthorsen,,Unknown,Next Care,,,,Not Found
ninajorajuria@nextcare.com,,,Ninajorajuria,,Ninajorajuria,CEO,Owner / Executive (C-Suite),Next Care,,Low,Web Search,Found
suzannecoleman@nextcare.com,,,Suzannecoleman,,Suzannecoleman,,Unknown,Next Care,,,,Not Found
jhenefeld@lincolnurgentcare.com,,,Jhenefeld,,Jhenefeld,,Unknown,Lincolnurgent Care,,,,Not Found
ceggert@lincolnurgentcare.com,,,Ceggert,,Ceggert,,Unknown,Lincolnurgent Care,,,,Not Found
bberger@fasttrackurgentcare.com,,,Bberger,,Bberger,,Unknown,Fasttrackurgent Care,,,,Not Found
pamela@healthcareexpress.us,,,Pamela,,Pamela,,Unknown,Health Care Express,,,,Not Found
danielgeer@nextcare.com,,,Danielgeer,,Danielgeer,,Unknown,Next Care,,,,Not Found
pnanda@fasttrackurgentcare.com,,,Pnanda,,Pnanda,,Unknown,Fasttrackurgent Care,,,,Not Found
ekearney@fasttrackurgentcare.com,,,Ekearney,,Ekearney,,Unknown,Fasttrackurgent Care,,,,Not Found
drgrubb@nowcare-dixon.com,,,Grubb,,Grubb,,Unknown,Now Care Dixon,,,,Not Found
lwheat@expercarehealth.com,,,Lwheat,,Lwheat,,Unknown,Exper Care Health,,,,Not Found
jswartout@expresscareofbelleview.com,,,Jswartout,,Jswartout,,Unknown,Express Care Ofbelleview,,,,Not Found
mohammed.ghadyali@fastrackmd.com,,,Mohammed,Ghadyali,Mohammed Ghadyali,,Unknown,Fastrackmd,,,,Not Found
lena.esmail@quickmed-uc.com,,,Lena,Esmail,Lena Esmail,,Unknown,Quickmed Uc,,,,Not Found
shelley.janssen@doctorscare.com,,,Shelley,Janssen,Shelley Janssen,,Unknown,Doctors Care,,,,Not Found
rachael.dorsey@doctorscare.com,,,Rachael,Dorsey,Rachael Dorsey,,Unknown,Doctors Care,,,,Not Found
dawn.mccoury@doctorscare.com,,,Dawn,Mccoury,Dawn Mccoury,,Unknown,Doctors Care,,,,Not Found
danielle.hickson@doctorscare.com,,,Danielle,Hickson,Danielle Hickson,,Unknown,Doctors Care,,,,Not Found
jennifer.champion@doctorscare.com,,,Jennifer,Champion,Jennifer Champion,,Unknown,Doctors Care,,,,Not Found
mary.acly@doctorscare.com,,,Mary,Acly,Mary Acly,Founder,Owner / Executive (C-Suite),Doctors Care,,Low,Web Search,Found
kesha.ready@doctorscare.com,,,Kesha,Ready,Kesha Ready,Partner,Owner / Executive (C-Suite),Doctors Care,,Low,Web Search,Found
lpitt@expercarehealth.com,,,Lpitt,,Lpitt,SVP,Director / VP,Exper Care Health,,Low,Web Search,Found
shutchinson@expercarehealth.com,,,Shutchinson,,Shutchinson,,Unknown,Exper Care Health,,,,Not Found
slowe@expercarehealth.com,,,Slowe,,Slowe,Director,Director / VP,Exper Care Health,,Low,Web Search,Found
mcordell@urgentcarenw.com,,,Mcordell,,Mcordell,,Unknown,Urgent Care Nw,,,,Not Found
wporter@expercarehealth.com,,,Wporter,,Wporter,,Unknown,Exper Care Health,,,,Not Found
bkohn@expercarehealth.com,,,Bkohn,,Bkohn,,Unknown,Exper Care Health,,,,Not Found
dwagda@expercarehealth.com,,,Dwagda,,Dwagda,,Unknown,Exper Care Health,,,,Not Found
sydni.clemmons@fastpacehealth.com,,,Sydni,Clemmons,Sydni Clemmons,,Unknown,Fastpace Health,,,,Not Found
melissa.harlan@fastpacehealth.com,,,Melissa,Harlan,Melissa Harlan,Founder,Owner / Executive (C-Suite),Fastpace Health,,Low,Web Search,Found
vchikezie@carewelluc.com,,,Vchikezie,,Vchikezie,,Unknown,Care Welluc,,,,Not Found
jgormley@carewelluc.com,,,Jgormley,,Jgormley,,Unknown,Care Welluc,,,,Not Found
mgentile@carewelluc.com,,,Mgentile,,Mgentile,,Unknown,Care Welluc,,,,Not Found
mfoster@carewelluc.com,,,Mfoster,,Mfoster,,Unknown,Care Welluc,,,,Not Found
efitzgibbons@carewelluc.com,,,Efitzgibbons,,Efitzgibbons,,Unknown,Care Welluc,,,,Not Found
rkinney@carewelluc.com,,,Rkinney,,Rkinney,,Unknown,Care Welluc,,,,Not Found
cofurumononiwu@carewelluc.com,,,Cofurumononiwu,,Cofurumononiwu,,Unknown,Care Welluc,,,,Not Found
gwood@carewelluc.com,,,Gwood,,Gwood,Associate,Staff / Coordinator,Care Welluc,,Low,Web Search,Found
angela.glasgow@fastpacehealth.com,,,Angela,Glasgow,Angela Glasgow,,Unknown,Fastpace Health,,,,Not Found
larisa.milam@fastpacehealth.com,,,Larisa,Milam,Larisa Milam,,Unknown,Fastpace Health,,,,Not Found
joyce.henson@fastpacehealth.com,,,Joyce,Henson,Joyce Henson,,Unknown,Fastpace Health,,,,Not Found
patrica.hand@fastpacehealth.com,,,Patrica,Hand,Patrica Hand,Coordinator,Staff / Coordinator,Fastpace Health,,Low,Web Search,Found
austin.davis@fastpacehealth.com,,,Austin,Davis,Austin Davis,,Unknown,Fastpace Health,,,,Not Found
aswinton@fasttrackurgentcare.com,,,Aswinton,,Aswinton,,Unknown,Fasttrackurgent Care,,,,Not Found
lblizard@fasttrackurgentcare.com,,,Lblizard,,Lblizard,,Unknown,Fasttrackurgent Care,,,,Not Found
trosenberg@fasttrackurgentcare.com,,,Trosenberg,,Trosenberg,,Unknown,Fasttrackurgent Care,,,,Not Found
dgdiecidue@fasttrackurgentcare.com,,,Dgdiecidue,,Dgdiecidue,Chief Technology Officer,Owner / Executive (C-Suite),Fasttrackurgent Care,,Low,Web Search,Found
jeremy@redicareco.com,,,Jeremy,,Jeremy,CEO,Owner / Executive (C-Suite),Redi Care Co,,Low,Web Search,Found
jeledge@communityquickcare.com,,,Jeledge,,Jeledge,,Unknown,Communityquick Care,,,,Not Found
robert.benson@fastpacemedical.com,,,Robert,Benson,Robert Benson,,Unknown,Fastpace Medical,,,,Not Found
cbowman@fasttrackurgentcare.com,,,Cbowman,,Cbowman,Obstetrician,Professional,Fasttrackurgent Care,,Low,Web Search,Found
agirit@fasttrackurgentcare.com,,,Agirit,,Agirit,CEO,Owner / Executive (C-Suite),Fasttrackurgent Care,,Low,Web Search,Found
aisrael@levelupuc.com,,,Aisrael,,Aisrael,,Unknown,Levelupuc,,,,Not Found
rrolon@fasttrackurgentcare.com,,,Rrolon,,Rrolon,,Unknown,Fasttrackurgent Care,,,,Not Found
marcus.hobgood@fastpacehealth.com,,,Marcus,Hobgood,Marcus Hobgood,,Unknown,Fastpace Health,,,,Not Found
abid@doctorsurgentcaregroup.com,,,Abid,,Abid,,Unknown,Doctorsurgent Care Group,,,,Not Found
clydic@fasttrackurgentcare.com,,,Clydic,,Clydic,Partner,Owner / Executive (C-Suite),Fasttrackurgent Care,,Low,Web Search,Found
mvisconi@levelupuc.com,,,Mvisconi,,Mvisconi,,Unknown,Levelupuc,,,,Not Found
hgreer@fasttrackurgentcare.com,,,Hgreer,,Hgreer,,Unknown,Fasttrackurgent Care,,,,Not Found
kdorbor@levelupuc.com,,,Kdorbor,,Kdorbor,,Unknown,Levelupuc,,,,Not Found
sroman@levelupuc.com,,,Sroman,,Sroman,,Unknown,Levelupuc,,,,Not Found
cyandle@wellstreet.com,,,Cyandle,,Cyandle,,Unknown,Wellstreet,,,,Not Found
msturdevant@wellstreet.com,,,Turdevant,,Turdevant,,Unknown,Wellstreet,,,,Not Found
rhawkins@wellstreet.com,,,Rhawkins,,Rhawkins,Project Manager,Manager / Admin,Wellstreet,,Low,Web Search,Found
kjones@wellstreet.com,,,Kjones,,Kjones,,Unknown,Wellstreet,,,,Not Found
ccousins@wellstreet.com,,,Ccousins,,Ccousins,Bydfi Global Partner Program,Owner / Executive (C-Suite),Wellstreet,,Low,Web Search,Found
cdonnelly@wellstreet.com,,,Cdonnelly,,Cdonnelly,Chief Technology Officer,Owner / Executive (C-Suite),Wellstreet,,Low,Web Search,Found
cclayton@wellstreet.com,,,Cclayton,,Cclayton,,Unknown,Wellstreet,,,,Not Found
mkossman@wellstreet.com,,,Mkossman,,Mkossman,,Unknown,Wellstreet,,,,Not Found
lresnick@wellstreet.com,,,Lresnick,,Lresnick,Analyst,Professional,Wellstreet,,Low,Web Search,Found
mwebb@wellstreet.com,,,Mwebb,,Mwebb,,Unknown,Wellstreet,,,,Not Found
jcole@wellstreet.com,,,Jcole,,Jcole,,Unknown,Wellstreet,,,,Not Found
kdang@wellstreet.com,,,Kdang,,Kdang,,Unknown,Wellstreet,,,,Not Found
jmoneill@wellstreet.com,,,Jmoneill,,Jmoneill,,Unknown,Wellstreet,,,,Not Found
ttinsley@wellstreet.com,,,Ttinsley,,Ttinsley,Principal Fact-finding Agency,Owner / Executive (C-Suite),Wellstreet,,Low,Web Search,Found
jwilson@wellstreet.com,,,Jwilson,,Jwilson,,Unknown,Wellstreet,,,,Not Found
rbaron@wellstreet.com,,,Rbaron,,Rbaron,President,Owner / Executive (C-Suite),Wellstreet,,Low,Web Search,Found
jbyrd@memphisurology.com,,,Jbyrd,,Jbyrd,,Unknown,Memphisurology,,,,Not Found
irisn@nwurology.com,,,Irisn,,Irisn,,Unknown,Nwurology,,,,Not Found
raechalh@nwurology.com,,,Raechalh,,Raechalh,,Unknown,Nwurology,,,,Not Found
rjenkins@gaurology.com,,,Rjenkins,,Rjenkins,,Unknown,Gaurology,,,,Not Found
spitter@gaurology.com,,,Spitter,,Spitter,,Unknown,Gaurology,,,,Not Found
dcarmen@gaurology.com,,,Dcarmen,,Dcarmen,,Unknown,Gaurology,,,,Not Found
hkorman@urologist.org,,,Hkorman,,Hkorman,,Unknown,Urologist,,,,Not Found
rhoang@goldengateurology.com,,,Rhoang,,Rhoang,,Unknown,Goldengateurology,,,,Not Found
rmooney@northdallasurology.com,,,Rmooney,,Rmooney,,Unknown,Northdallasurology,,,,Not Found
mwansik@urologygroup.com,,,Mwansik,,Mwansik,,Unknown,Urology Group,,,,Not Found
pfried@urologygroup.com,,,Pfried,,Pfried,Ble Chief Minister of Telangana,Owner / Executive (C-Suite),Urology Group,,Low,Web Search,Found
serenam@nwurology.com,,,Serenam,,Serenam,Partner,Owner / Executive (C-Suite),Nwurology,,Low,Web Search,Found
kevinb@nwurology.com,,,Kevinb,,Kevinb,,Unknown,Nwurology,,,,Not Found
slieman@northdallasurology.com,,,Slieman,,Slieman,,Unknown,Northdallasurology,,,,Not Found
shassell@northdallasurology.com,,,Shassell,,Shassell,,Unknown,Northdallasurology,,,,Not Found
ckirkpatrick@northdallasurology.com,,,Ckirkpatrick,,Ckirkpatrick,CEO,Owner / Executive (C-Suite),Northdallasurology,,Low,Web Search,Found
ncontreras@northdallasurology.com,,,Ncontreras,,Ncontreras,,Unknown,Northdallasurology,,,,Not Found
hweber@northdallasurology.com,,,Hweber,,Hweber,,Unknown,Northdallasurology,,,,Not Found
bedwards@urologygroup.com,,,Bedwards,,Bedwards,,Unknown,Urology Group,,,,Not Found
mgalvin@urologygroup.com,,,Mgalvin,,Mgalvin,,Unknown,Urology Group,,,,Not Found
tmoehringer@urologygroup.com,,,Tmoehringer,,Tmoehringer,,Unknown,Urology Group,,,,Not Found
ckwolek@vascularcaregrp.com,,,Ckwolek,,Ckwolek,,Unknown,Vascular Care Grp,,,,Not Found
kcuddy@vascularcaregrp.com,,,Kcuddy,,Kcuddy,,Unknown,Vascular Care Grp,,,,Not Found
eblazick@vascularcaregrp.com,,,Eblazick,,Eblazick,,Unknown,Vascular Care Grp,,,,Not Found
dgorin@vascularcaregrp.com,,,Dgorin,,Dgorin,,Unknown,Vascular Care Grp,,,,Not Found
csmith@vascularcaregrp.com,,,Csmith,,Csmith,,Unknown,Vascular Care Grp,,,,Not Found
earous@vascularcaregrp.com,,,Earous,,Earous,,Unknown,Vascular Care Grp,,,,Not Found
kpantore@thevascularexperts.com,,,Kpantore,,Kpantore,,Unknown,Thevascularexperts,,,,Not Found
jwatson@northbeachvascular.com,,,Jwatson,,Jwatson,,Unknown,Northbeachvascular,,,,Not Found
jvillaruz@universityvascular.com,,,Jvillaruz,,Jvillaruz,,Unknown,Universityvascular,,,,Not Found
kmiller@savannahvascular.com,,,Kmiller,,Kmiller,,Unknown,Savannahvascular,,,,Not Found
jauguste@thevascularexperts.com,,,Jauguste,,Jauguste,Google Account Manager APK for Android Download,Manager / Admin,Thevascularexperts,,Low,Web Search,Found
tmuro@thevascularexperts.com,,,Tmuro,,Tmuro,,Unknown,Thevascularexperts,,,,Not Found
bgleason@thevascularexperts.com,,,Bgleason,,Bgleason,,Unknown,Thevascularexperts,,,,Not Found
mmanuel@thevascularexperts.com,,,Mmanuel,,Mmanuel,,Unknown,Thevascularexperts,,,,Not Found
aperrotti@thevascularexperts.com,,,Aperrotti,,Aperrotti,,Unknown,Thevascularexperts,,,,Not Found
jwesley@arteryandvein.com,,,Jwesley,,Jwesley,,Unknown,Arteryandvein,,,,Not Found
nnassiri@thevascularcaregroup.com,,,Nnassiri,,Nnassiri,Chief Technology Officer,Owner / Executive (C-Suite),Thevascular Care Group,,Low,Web Search,Found
naranson@thevascularcaregroup.com,,,Naranson,,Naranson,,Unknown,Thevascular Care Group,,,,Not Found
alazar@thevascularcaregroup.com,,,Alazar,,Alazar,,Unknown,Thevascular Care Group,,,,Not Found
desiree@vascularinstitute.com,,,Desiree,,Desiree,,Unknown,Vascularinstitute,,,,Not Found
ofeingold@sovms.com,,,Ofeingold,,Ofeingold,,Unknown,Sovms,,,,Not Found
bkusako@vascularct.com,,,Bkusako,,Bkusako,,Unknown,Vascularct,,,,Not Found
ann@physiciansveinclinics.com,,,Ann,,Ann,,Unknown,Physiciansvein Clinic S,,,,Not Found
krista@physiciansveinclinics.com,,,Krista,,Krista,,Unknown,Physiciansvein Clinic S,,,,Not Found
jhmiller@millervein.com,,,Jhmiller,,Jhmiller,,Unknown,Millervein,,,,Not Found
darrell.springfield@centerforvein.com,,,Darrell,Springfield,Darrell Springfield,,Unknown,Center Forvein,,,,Not Found
samuel.castano@centerforvein.com,,,Samuel,Castano,Samuel Castano,,Unknown,Center Forvein,,,,Not Found
bill.kelly@centerforvein.com,,,Bill,Kelly,Bill Kelly,,Unknown,Center Forvein,,,,Not Found
nancy.whisler@centerforvein.com,,,Nancy,Whisler,Nancy Whisler,,Unknown,Center Forvein,,,,Not Found
samantha.barrington@centerforvein.com,,,Samantha,Barrington,Samantha Barrington,Owner,Owner / Executive (C-Suite),Center Forvein,,Low,Web Search,Found
latrisha.lundy@centerforvein.com,,,Latrisha,Lundy,Latrisha Lundy,,Unknown,Center Forvein,,,,Not Found
drbragg@floridaveincare.com,,,Bragg,,Bragg,Ebay Partner Network,Owner / Executive (C-Suite),Floridavein Care,,Low,Web Search,Found
azita@veinandlaser.org,,,Azita,,Azita,,Unknown,Veinandlaser,,,,Not Found
wendy.johnson@centerforvein.com,,,Wendy,Johnson,Wendy Johnson,,Unknown,Center Forvein,,,,Not Found
lori.wright@centerforvein.com,,,Lori,Wright,Lori Wright,,Unknown,Center Forvein,,,,Not Found
jonathan.felts@centerforvein.com,,,Jonathan,Felts,Jonathan Felts,,Unknown,Center Forvein,,,,Not Found
administration@ny4vein.com,,,Administration,,Administration,,Unknown,Ny4vein,,,,Not Found
nilofar@physiciansveinclinics.com,,,Nilofar,,Nilofar,,Unknown,Physiciansvein Clinic S,,,,Not Found
justin@odonnellveinandlaser.com,,,Justin,,Justin,,Unknown,Odonnellveinandlaser,,,,Not Found
david@odonnellveinandlaser.com,,,David,,David,,Unknown,Odonnellveinandlaser,,,,Not Found
eric.sigg@vca.com,,,Eric,Sigg,Eric Sigg,,Unknown,Vca,,,,Not Found
kristopher.erpelding@nva.com,,,Kristopher,Erpelding,Kristopher Erpelding,,Unknown,Nva,,,,Not Found
vet@my24hrvet.com,,,Vet,,Vet,Doctor,Practitioner / Doctor / Faculty,My24hrvet,,Medium,Web Search,Found
amanda.stilwell@nva.com,,,Amanda,Stilwell,Amanda Stilwell,,Unknown,Nva,,,,Not Found
rmabry@alphapointe.org,,,Rmabry,,Rmabry,,Unknown,Alphapointe,,,,Not Found
hlarue@alphapointe.org,,,Hlarue,,Hlarue,,Unknown,Alphapointe,,,,Not Found
acampbell@alphapointe.org,,,Acampbell,,Acampbell,,Unknown,Alphapointe,,,,Not Found
rwilliams@alphapointe.org,,,Rwilliams,,Rwilliams,,Unknown,Alphapointe,,,,Not Found
ggowin@alphapointe.org,,,Ggowin,,Ggowin,,Unknown,Alphapointe,,,,Not Found
ckosiorek@alphapointe.org,,,Ckosiorek,,Ckosiorek,,Unknown,Alphapointe,,,,Not Found
tengland@alphapointe.org,,,Tengland,,Tengland,,Unknown,Alphapointe,,,,Not Found
jroller@rollerweightloss.com,,,Jroller,,Jroller,,Unknown,Rollerweightloss,,,,Not Found
acassotta@soundmedicalweightloss.com,,,Acassotta,,Acassotta,,Unknown,Sound Medical Weightloss,,,,Not Found
kendall.reicherter@flytehealth.com,,,Kendall,Reicherter,Kendall Reicherter,,Unknown,Flyte Health,,,,Not Found
elizabeth.white@poundsmwlt.com,,,Elizabeth,White,Elizabeth White,,Unknown,Poundsmwlt,,,,Not Found
terria@trueyouweightloss.com,,,Terria,,Terria,,Unknown,Trueyouweightloss,,,,Not Found
adria@trueyouweightloss.com,,,Adria,,Adria,,Unknown,Trueyouweightloss,,,,Not Found
laura@trueyouweightloss.com,,,Laura,,Laura,,Unknown,Trueyouweightloss,,,,Not Found
sydney@joelwellnessclinic.com,,,Sydney,,Sydney,,Unknown,Joelwellness Clinic,,,,Not Found
jordan.leedy@digwellnesscenter.com,,,Jordan,Leedy,Jordan Leedy,Co-Owner,Owner / Executive (C-Suite),Digwellness Center,,Low,Web Search,Found
jcrivas@empoweringwellnessict.com,,,Jcrivas,,Jcrivas,,Unknown,Empoweringwellnessict,,,,Not Found
m.mielak@marketplacewellnesscenter.com,,,M,Mielak,M Mielak,,Unknown,Marketplacewellness Center,,,,Not Found
gabriela@marketplacewellnesscenter.com,,,Gabriela,,Gabriela,,Unknown,Marketplacewellness Center,,,,Not Found
jasmine@marketplacewellnesscenter.com,,,Jasmine,,Jasmine,,Unknown,Marketplacewellness Center,,,,Not Found
christopher.raddatz@andersencorp.com,,,Christopher,Raddatz,Christopher Raddatz,,Unknown,Andersencorp,,,,Not Found
mprindle@elevatewindows.net,,,Mprindle,,Mprindle,,Unknown,Elevatewindows,,,,Not Found
ssmith@vintagewineestates.com,,,Ssmith,,Ssmith,,Unknown,Vintagewineestates,,,,Not Found
acameron@vintagewineestates.com,,,Acameron,,Acameron,,Unknown,Vintagewineestates,,,,Not Found
lfates@vintagewineestates.com,,,Lfates,,Lfates,,Unknown,Vintagewineestates,,,,Not Found
sreich@whealthtx.com,,,Sreich,,Sreich,,Unknown,W Health Tx,,,,Not Found
nfernandez@whealthtx.com,,,Nfernandez,,Nfernandez,,Unknown,W Health Tx,,,,Not Found
mgordon@whealthtx.com,,,Mgordon,,Mgordon,,Unknown,W Health Tx,,,,Not Found
dreue@whealthtx.com,,,Eue,,Eue,,Unknown,W Health Tx,,,,Not Found
jess@birth-co.com,,,Jess,,Jess,,Unknown,Birth Co,,,,Not Found
ndolley@onsitewomenshealth.com,,,Ndolley,,Ndolley,,Unknown,Onsitewomens Health,,,,Not Found
elease.emporellis@bonadeagynecology.com,,,Elease,Emporellis,Elease Emporellis,,Unknown,Bonadeagynecology,,,,Not Found
christine@quiltedhealth.com,,,Christine,,Christine,,Unknown,Quilted Health,,,,Not Found
mmendez@quiltedhealth.com,,,Mmendez,,Mmendez,,Unknown,Quilted Health,,,,Not Found
lsevern@quiltedhealth.com,,,Lsevern,,Lsevern,,Unknown,Quilted Health,,,,Not Found
lisa@quiltedhealth.com,,,Lisa,,Lisa,,Unknown,Quilted Health,,,,Not Found
jkeenan@baby4me.net,,,Jkeenan,,Jkeenan,,Unknown,Baby4me,,,,Not Found
jessica@femmeflor.com,,,Jessica,,Jessica,Founder,Owner / Executive (C-Suite),Femmeflor,,Medium,Web Search,Found
mg@brookwoodwomenshealth.com,,,Mg,,Mg,,Unknown,Brookwoodwomens Health,,,,Not Found
stephanie@collaborativewomenscare.com,,,Stephanie,,Stephanie,,Unknown,Collaborativewomens Care,,,,Not Found
sgatewood@pearlwomenscenter.com,,,Sgatewood,,Sgatewood,,Unknown,Pearlwomens Center,,,,Not Found
pruffner@pearlwomenscenter.com,,,Pruffner,,Pruffner,,Unknown,Pearlwomens Center,,,,Not Found
chidimma@femmeflor.com,,,Chidimma,,Chidimma,,Unknown,Femmeflor,,,,Not Found
karina@femmeflor.com,,,Karina,,Karina,,Unknown,Femmeflor,,,,Not Found
dpezzuto@queencitywomenshealth.com,,,Dpezzuto,,Dpezzuto,,Unknown,Queencitywomens Health,,,,Not Found
ajackson@womenshealthct.com,,,Ajackson,,Ajackson,,Unknown,Womens Health Ct,,,,Not Found
nurbanski@womenshealthct.com,,,Nurbanski,,Nurbanski,Chief Executive Officer of Sanofi,Owner / Executive (C-Suite),Womens Health Ct,,Medium,LinkedIn (Public Dork),Found
rschubach@womenshealthct.com,,,Rschubach,,Rschubach,,Unknown,Womens Health Ct,,,,Not Found
askrijelj@womenshealthct.com,,,Askrijelj,,Askrijelj,,Unknown,Womens Health Ct,,,,Not Found
lkowalski@womenshealthct.com,,,Lkowalski,,Lkowalski,President,Owner / Executive (C-Suite),Womens Health Ct,,Low,Web Search,Found
asaracevic@womenshealthct.com,,,Asaracevic,,Asaracevic,,Unknown,Womens Health Ct,,,,Not Found
imani.finn@advantiahealth.com,,,Imani,Finn,Imani Finn,,Unknown,Advantia Health,,,,Not Found
lisa.garcia@squarecarehealth.com,,,Lisa,Garcia,Lisa Garcia,,Unknown,Square Care Health,,,,Not Found
ecooper@womenscare.com,,,Ecooper,,Ecooper,,Unknown,Womens Care,,,,Not Found
lfein@camelbackwomenshealth.com,,,Lfein,,Lfein,,Unknown,Camelbackwomens Health,,,,Not Found
screnwelge@womenscare.com,,,Screnwelge,,Screnwelge,,Unknown,Womens Care,,,,Not Found
kim@girltalkgyn.com,,,Kim,,Kim,,Unknown,Girltalkgyn,,,,Not Found
erodgers@springobgyn.com,,,Erodgers,,Erodgers,,Unknown,Springobgyn,,,,Not Found
mercadoe@physiciansandmidwives.com,,,Mercadoe,,Mercadoe,,Unknown,Physiciansandmidwives,,,,Not Found
bjones@womenscare.com,,,Bjones,,Bjones,,Unknown,Womens Care,,,,Not Found
cmerritt@womenshealthaz.com,,,Cmerritt,,Cmerritt,,Unknown,Womens Health Az,,,,Not Found
tgordon@womenshealthaz.com,,,Tgordon,,Tgordon,,Unknown,Womens Health Az,,,,Not Found
ssongne@womenshealthaz.com,,,Ssongne,,Ssongne,Chief Technology Officer,Owner / Executive (C-Suite),Womens Health Az,,Low,Web Search,Found
hmueller@womenshealthaz.com,,,Hmueller,,Hmueller,,Unknown,Womens Health Az,,,,Not Found
mmalic@womenshealthaz.com,,,Mmalic,,Mmalic,,Unknown,Womens Health Az,,,,Not Found
kbarron@womenshealthaz.com,,,Kbarron,,Kbarron,Analyst,Professional,Womens Health Az,,Low,Web Search,Found
aaugur@womenshealthaz.com,,,Aaugur,,Aaugur,,Unknown,Womens Health Az,,,,Not Found
aurquiola@womenshealthaz.com,,,Aurquiola,,Aurquiola,Owner,Owner / Executive (C-Suite),Womens Health Az,,Low,Web Search,Found
mrossman@womenshealthaz.com,,,Ossman,,Ossman,,Unknown,Womens Health Az,,,,Not Found
janene@awomanstime.com,,,Janene,,Janene,,Unknown,Awomanstime,,,,Not Found
tshafrath@mnwcare.com,,,Tshafrath,,Tshafrath,,Unknown,Mnw Care,,,,Not Found
cpace@mnwcare.com,,,Cpace,,Cpace,,Unknown,Mnw Care,,,,Not Found
hwilson@wngpa.com,,,Hwilson,,Hwilson,Director,Director / VP,Wngpa,,Low,Web Search,Found
jswenson@mnwcare.com,,,Jswenson,,Jswenson,,Unknown,Mnw Care,,,,Not Found
mashford@mnwcare.com,,,Mashford,,Mashford,Ads Manager,Manager / Admin,Mnw Care,,Low,Web Search,Found
klundstrom@mnwcare.com,,,Klundstrom,,Klundstrom,,Unknown,Mnw Care,,,,Not Found
jpelkey@nbopri.com,,,Jpelkey,,Jpelkey,Administrative Assistant Test,Staff / Coordinator,Nbopri,,Low,Web Search,Found
lisa.dangle@genesisobgyn.net,,,Lisa,Dangle,Lisa Dangle,,Unknown,Genesisobgyn,,,,Not Found
jmellott@womenscare.com,,,Jmellott,,Jmellott,,Unknown,Womens Care,,,,Not Found
scovarrubias@womenshealthaz.com,,,Scovarrubias,,Scovarrubias,,Unknown,Womens Health Az,,,,Not Found
gdoyal@bayareaobgyn.com,,,Gdoyal,,Gdoyal,,Unknown,Bayareaobgyn,,,,Not Found
vhaywood@bayareaobgyn.com,,,Vhaywood,,Vhaywood,,Unknown,Bayareaobgyn,,,,Not Found
iberkoski@womenshealthct.com,,,Iberkoski,,Iberkoski,,Unknown,Womens Health Ct,,,,Not Found
alexandre.joly@ipwgroup.com,,,Alexandre,Joly,Alexandre Joly,Analyst,Professional,Ipw Group,,Low,Web Search,Found
enewell@spokaneobgyn.com,,,Enewell,,Enewell,,Unknown,Spokaneobgyn,,,,Not Found
jhuskey@effinghamobgyn.com,,,Jhuskey,,Jhuskey,,Unknown,Effinghamobgyn,,,,Not Found
wanda.walker@floridawomancare.com,,,Wanda,Walker,Wanda Walker,,Unknown,Floridawoman Care,,,,Not Found
katie@womenshealthmd.org,,,Katie,,Katie,,Unknown,Womens Health Md,,,,Not Found
selene.zayasolacio@floridawomancare.com,,,Selene,Zayasolacio,Selene Zayasolacio,,Unknown,Floridawoman Care,,,,Not Found
lpellerin@harbourwomenshealth.com,,,Lpellerin,,Lpellerin,,Unknown,Harbourwomens Health,,,,Not Found
eclifford@truewomenshealth.com,,,Eclifford,,Eclifford,,Unknown,Truewomens Health,,,,Not Found
dlangston@thecenterforwomen.net,,,Dlangston,,Dlangston,Specialist,Staff / Coordinator,The Center Forwomen,,Low,Web Search,Found
rstevens@alliance-obgyn.com,,,Rstevens,,Rstevens,Resident Evil 5 Benchmark Utility Download,Practitioner / Doctor / Faculty,Alliance Obgyn,,Low,Web Search,Found
jmalloch@alliance-obgyn.com,,,Jmalloch,,Jmalloch,,Unknown,Alliance Obgyn,,,,Not Found
lkelly@alliance-obgyn.com,,,Lkelly,,Lkelly,,Unknown,Alliance Obgyn,,,,Not Found
madie.fischer@togetherwomenshealth.com,,,Madie,Fischer,Madie Fischer,,Unknown,Togetherwomens Health,,,,Not Found
molly.mcvay@togetherwomenshealth.com,,,Molly,Mcvay,Molly Mcvay,,Unknown,Togetherwomens Health,,,,Not Found
john.starr@togetherwomenshealth.com,,,John,Starr,John Starr,,Unknown,Togetherwomens Health,,,,Not Found
anthony@togetherwomenshealth.com,,,Anthony,,Anthony,,Unknown,Togetherwomens Health,,,,Not Found
barb.zarankin@togetherwomenshealth.com,,,Barb,Zarankin,Barb Zarankin,,Unknown,Togetherwomens Health,,,,Not Found
garrett@obgynsouth.com,,,Garrett,,Garrett,Partner,Owner / Executive (C-Suite),Obgynsouth,,Low,Web Search,Found
jordan.werner@togetherwomenshealth.com,,,Jordan,Werner,Jordan Werner,Co-Owner,Owner / Executive (C-Suite),Togetherwomens Health,,Low,Web Search,Found
jean.tang@ipwgroup.com,,,Jean,Tang,Jean Tang,,Unknown,Ipw Group,,,,Not Found
nloveless@avinawomenscare.com,,,Nloveless,,Nloveless,Chief Technology Officer,Owner / Executive (C-Suite),Avinawomens Care,,Low,Web Search,Found
karthurs@spokaneobgyn.com,,,Karthurs,,Karthurs,,Unknown,Spokaneobgyn,,,,Not Found
bboren@spokaneobgyn.com,,,Bboren,,Bboren,,Unknown,Spokaneobgyn,,,,Not Found
saras@awomanstime.com,,,Saras,,Saras,,Unknown,Awomanstime,,,,Not Found
christine.sarkinen@oakdaleobgyn.com,,,Christine,Sarkinen,Christine Sarkinen,,Unknown,Oakdaleobgyn,,,,Not Found
katy.schlueter@oakdaleobgyn.com,,,Katy,Schlueter,Katy Schlueter,,Unknown,Oakdaleobgyn,,,,Not Found
stephanie.drost@oakdaleobgyn.com,,,Stephanie,Drost,Stephanie Drost,,Unknown,Oakdaleobgyn,,,,Not Found
nicole.mikota@oakdaleobgyn.com,,,Nicole,Mikota,Nicole Mikota,,Unknown,Oakdaleobgyn,,,,Not Found
jennifer.wargo@advantiahealth.com,,,Jennifer,Wargo,Jennifer Wargo,,Unknown,Advantia Health,,,,Not Found
juan.vega@advantiahealth.com,,,Juan,Vega,Juan Vega,Plastic Surgeon,Practitioner / Doctor / Faculty,Advantia Health,,Low,Web Search,Found
melissa.coeling@advantiahealth.com,,,Melissa,Coeling,Melissa Coeling,,Unknown,Advantia Health,,,,Not Found
jeanette.christopher@nwpc.com,,,Jeanette,Christopher,Jeanette Christopher,,Unknown,Nwpc,,,,Not Found
brittany.baker@nwpc.com,,,Brittany,Baker,Brittany Baker,,Unknown,Nwpc,,,,Not Found
htrimble@calhounwomenscenter.com,,,Htrimble,,Htrimble,,Unknown,Calhounwomens Center,,,,Not Found
fmcspadden@eliteobgynpb.com,,,Fmcspadden,,Fmcspadden,,Unknown,Eliteobgynpb,,,,Not Found
cwomble@whadwc.com,,,Cwomble,,Cwomble,,Unknown,Whadwc,,,,Not Found
lindsey.gollnick@catawbawomenscenter.com,,,Lindsey,Gollnick,Lindsey Gollnick,,Unknown,Catawbawomens Center,,,,Not Found
kristy.whitesides@catawbawomenscenter.com,,,Kristy,Whitesides,Kristy Whitesides,EPFO Assistant 2019 Admit Will Be Releasing Soon,Staff / Coordinator,Catawbawomens Center,,Low,Web Search,Found
jhelminen@catawbawomenscenter.com,,,Jhelminen,,Jhelminen,,Unknown,Catawbawomens Center,,,,Not Found
sydney.hall@catawbawomenscenter.com,,,Sydney,Hall,Sydney Hall,,Unknown,Catawbawomens Center,,,,Not Found
brianna.lee@catawbawomenscenter.com,,,Brianna,Lee,Brianna Lee,,Unknown,Catawbawomens Center,,,,Not Found
llemley@catawbawomenscenter.com,,,Llemley,,Llemley,Partner,Owner / Executive (C-Suite),Catawbawomens Center,,Low,Web Search,Found
tracymoister@highlandscenterforwomen.com,,,Tracymoister,,Tracymoister,,Unknown,Highlands Center Forwomen,,,,Not Found
quinm@valleywomenshealth.com,,,Quinm,,Quinm,Partner,Owner / Executive (C-Suite),Valleywomens Health,,Low,Web Search,Found
stephanieb@valleywomenshealth.com,,,Stephanieb,,Stephanieb,,Unknown,Valleywomens Health,,,,Not Found
mccready@valleywomenshealth.com,,,Mccready,,Mccready,,Unknown,Valleywomens Health,,,,Not Found
camim@valleywomenshealth.com,,,Camim,,Camim,,Unknown,Valleywomens Health,,,,Not Found
seamons@valleywomenshealth.com,,,Seamons,,Seamons,,Unknown,Valleywomens Health,,,,Not Found
dluna@caringcenterforwomen.com,,,Dluna,,Dluna,,Unknown,Caring Center Forwomen,,,,Not Found
khartman@allianceobgyn.org,,,Khartman,,Khartman,Principal,Owner / Executive (C-Suite),Allianceobgyn,,Low,Web Search,Found
rlsmith@wpmllc.com,,,Rlsmith,,Rlsmith,,Unknown,Wpmllc,,,,Not Found
khouston@wpmllc.com,,,Khouston,,Khouston,,Unknown,Wpmllc,,,,Not Found
kborkowski@wpmllc.com,,,Kborkowski,,Kborkowski,,Unknown,Wpmllc,,,,Not Found
vbeccio@wpmllc.com,,,Vbeccio,,Vbeccio,,Unknown,Wpmllc,,,,Not Found
jdahlgren@wpmllc.com,,,Jdahlgren,,Jdahlgren,,Unknown,Wpmllc,,,,Not Found
mgambuto@wpmllc.com,,,Mgambuto,,Mgambuto,,Unknown,Wpmllc,,,,Not Found
williamsl@wfph.org,,,Williamsl,,Williamsl,Partner,Owner / Executive (C-Suite),Wfph,,Low,Web Search,Found
johnsonc@wfph.org,,,Johnsonc,,Johnsonc,,Unknown,Wfph,,,,Not Found
doeschers@wfph.org,,,Doeschers,,Doeschers,,Unknown,Wfph,,,,Not Found
cheathamk@wfph.org,,,Cheathamk,,Cheathamk,,Unknown,Wfph,,,,Not Found
terryk@wfph.org,,,Terryk,,Terryk,Principal,Owner / Executive (C-Suite),Wfph,,Low,Web Search,Found
noblea@wfph.org,,,Noblea,,Noblea,,Unknown,Wfph,,,,Not Found
harveyl@wfph.org,,,Harveyl,,Harveyl,Partner,Owner / Executive (C-Suite),Wfph,,Low,Web Search,Found
petersa@wfph.org,,,Petersa,,Petersa,,Unknown,Wfph,,,,Not Found
deb.dittberner@herself-health.com,,,Deb,Dittberner,Deb Dittberner,,Unknown,Herself Health,,,,Not Found
tduru@priorityhw.com,,,Tduru,,Tduru,Partner,Owner / Executive (C-Suite),Priorityhw,,Low,Web Search,Found
aford@obria.org,,,Aford,,Aford,,Unknown,Obria,,,,Not Found
tammy.powell@wihcare.com,,,Tammy,Powell,Tammy Powell,,Unknown,Wih Care,,,,Not Found
mnavarro@femmpro.com,,,Mnavarro,,Mnavarro,,Unknown,Femmpro,,,,Not Found
alfredo@whwc.com,,,Alfredo,,Alfredo,,Unknown,Whwc,,,,Not Found
jfrasca@femmpro.com,,,Jfrasca,,Jfrasca,Owner,Owner / Executive (C-Suite),Femmpro,,Low,Web Search,Found
asarfraz@femmpro.com,,,Asarfraz,,Asarfraz,,Unknown,Femmpro,,,,Not Found
skirschner@femmpro.com,,,Skirschner,,Skirschner,,Unknown,Femmpro,,,,Not Found
davinaw@wpcc.obria.org,,,Davinaw,,Davinaw,Partner,Owner / Executive (C-Suite),Wpcc,,Low,Web Search,Found
lisas@wpcc.obria.org,,,Lisas,,Lisas,,Unknown,Wpcc,,,,Not Found
cintia.frua@carafem.org,,,Cintia,Frua,Cintia Frua,,Unknown,Carafem,,,,Not Found
melanie.newman@ppfa.org,,,Melanie,Newman,Melanie Newman,,Unknown,Ppfa,,,,Not Found
kporras@restorefirsthealth.com,,,Kporras,,Kporras,,Unknown,Restorefirst Health,,,,Not Found
mmages@restorefirsthealth.com,,,Mmages,,Mmages,,Unknown,Restorefirst Health,,,,Not Found
rhaupt@restorefirsthealth.com,,,Rhaupt,,Rhaupt,,Unknown,Restorefirst Health,,,,Not Found
sbarrieau@restorefirsthealth.com,,,Sbarrieau,,Sbarrieau,,Unknown,Restorefirst Health,,,,Not Found
jfish@restorefirsthealth.com,,,Jfish,,Jfish,Administrator Updates To Visual Studio 2019,Manager / Admin,Restorefirst Health,,Low,Web Search,Found
jlutz@restorefirsthealth.com,,,Jlutz,,Jlutz,,Unknown,Restorefirst Health,,,,Not Found
jholland@restorefirsthealth.com,,,Jholland,,Jholland,,Unknown,Restorefirst Health,,,,Not Found
alaw@restorefirsthealth.com,,,Alaw,,Alaw,,Unknown,Restorefirst Health,,,,Not Found
hboylan@restorefirsthealth.com,,,Hboylan,,Hboylan,Chief Technology Officer,Owner / Executive (C-Suite),Restorefirst Health,,Low,Web Search,Found
yescobar@restorefirsthealth.com,,,Yescobar,,Yescobar,Administrator,Manager / Admin,Restorefirst Health,,Low,Web Search,Found
cmeny@restorefirsthealth.com,,,Cmeny,,Cmeny,Administrator,Manager / Admin,Restorefirst Health,,Low,Web Search,Found
