Email,Detected_First_Name,Detected_Last_Name,Detected_Full_Name,Job_Title,Seniority,Company_Name,LinkedIn_URL,Confidence_Score,Data_Source,Status,EMAIL
admin@cbgaba.com,,,,General Inbox / Staff,Staff / Coordinator,Cbg Aba,,Medium,Role-based Mailbox,Role-Based,
kenneth.gow@stonybrookmedicine.edu,Kenneth,Gow,Kenneth Gow,,Unknown,Stony Brook Medicine,,,,Not Found,
jrizzo@behaviorchangesuccessaba.com,Jrizzo,,Jrizzo,,Unknown,Behavior Change Success Aba,,,,Not Found,
duxins@med.umich.edu,Duxins,,Duxins,,Unknown,Michigan Medicine (University of Michigan),,,,Not Found,
kayvan@med.umich.edu,Kayvan,,Kayvan,,Unknown,Michigan Medicine (University of Michigan),,,,Not Found,
amaechi@uthscsa.edu,Amaechi,,Amaechi,Owner,Owner / Executive (C-Suite),UT Health San Antonio,,Low,LinkedIn / Web Search,Found,
seifi@uthscsa.edu,Seifi,,Seifi,Owner,Owner / Executive (C-Suite),UT Health San Antonio,,Low,LinkedIn / Web Search,Found,
buridge@med.umich.edu,Buridge,,Buridge,,Unknown,Michigan Medicine (University of Michigan),,,,Not Found,
saint@med.umich.edu,Saint,,Saint,,Unknown,Michigan Medicine (University of Michigan),,,,Not Found,
turc@uthscsa.edu,Turc,,Turc,,Unknown,UT Health San Antonio,,,,Not Found,
austinfe@med.umich.edu,Austinfe,,Austinfe,,Unknown,Michigan Medicine (University of Michigan),,,,Not Found,
rrcox@mednet.ucla.edu,Rrcox,,Rrcox,VP,Director / VP,UCLA Health,,Low,LinkedIn / Web Search,Found,
jfoust@mednet.ucla.edu,Jfoust,,Jfoust,,Unknown,UCLA Health,,,,Not Found,
tawney@uthscsa.edu,Tawney,,Tawney,,Unknown,UT Health San Antonio,,,,Not Found,
timothyjones@cvaba.com,Timothyjones,,Timothyjones,,Unknown,Cv Aba,,,,Not Found,
nancy.nelson@utsouthwestern.edu,Nancy,Nelson,Nancy Nelson,CTO,Professional,UT Southwestern Medical Center,,Low,LinkedIn / Web Search,Found,
ishola.adeyemo@downstate.edu,Ishola,Adeyemo,Ishola Adeyemo,,Unknown,SUNY Downstate Health Sciences,,,,Not Found,
koosha_paydary@rush.edu,Koosha,Paydary,Koosha Paydary,,Unknown,Rush University Medical Center,,,,Not Found,
jjeffries@utmck.edu,Jjeffries,,Jjeffries,,Unknown,UT Medical Center Knoxville,,,,Not Found,
sgettelfinger@utmck.edu,Sgettelfinger,,Sgettelfinger,,Unknown,UT Medical Center Knoxville,,,,Not Found,
marisa.elliott@chs-mi.com,Marisa,Elliott,Marisa Elliott,Finance Manager,Manager / Admin,Chs Mi,https://www.linkedin.com/in/marisa-elliott-19aa40157,High,LinkedIn / Web Search,Found,marisa.elliott@chs-mi.com
joseph.dutoi@chs-mi.com,Joseph,Dutoi,Joseph Dutoi,,Unknown,Chs Mi,,None,,Not Found,joseph.dutoi@chs-mi.com
deeann.schoenfield@chs-mi.com,Deeann,Schoenfield,Deeann Schoenfield,Physician,Practitioner / Doctor / Faculty,Chs Mi,,Low,LinkedIn / Web Search,Found,deeann.schoenfield@chs-mi.com
mark.bullock@chs-mi.com,Mark,Bullock,Mark Bullock,,Unknown,Chs Mi,,None,,Not Found,mark.bullock@chs-mi.com
michael.marques@halifax.org,Michael,Marques,Michael Marques,Founder,Owner / Executive (C-Suite),Halifax,,Low,LinkedIn / Web Search,Found,michael.marques@halifax.org
darla_chambers@bayhealth.org,Darla,Chambers,Darla Chambers,Partner,Owner / Executive (C-Suite),Bay Health,,Low,LinkedIn / Web Search,Found,darla_chambers@bayhealth.org
michele.dasilva@atlantichealth.org,Michele,Dasilva,Michele Dasilva,,Unknown,Atlantic Health,,None,,Not Found,michele.dasilva@atlantichealth.org
gcynamon@lhs.org,Gcynamon,,Gcynamon,,Unknown,Lhs,,None,,Not Found,gcynamon@lhs.org
joywhite@lhs.org,Joywhite,,Joywhite,Co-Owner,Owner / Executive (C-Suite),Lhs,,Low,LinkedIn / Web Search,Found,joywhite@lhs.org
ttrautma@lhs.org,Ttrautma,,Ttrautma,Consultant,Professional,Lhs,https://www.linkedin.com/in/kelly-s-5b63904,High,LinkedIn / Web Search,Found,ttrautma@lhs.org
abeslic@lhs.org,Abeslic,,Abeslic,,Unknown,Lhs,,None,,Not Found,abeslic@lhs.org
cbrewer@lhs.org,Cbrewer,,Cbrewer,,Unknown,Lhs,,None,,Not Found,cbrewer@lhs.org
bwanly@lhs.org,Bwanly,,Bwanly,,Unknown,Lhs,,None,,Not Found,bwanly@lhs.org
kstrahm@lhs.org,Kstrahm,,Kstrahm,,Unknown,Lhs,,None,,Not Found,kstrahm@lhs.org
miguel.salcedo@halifax.org,Miguel,Salcedo,Miguel Salcedo,,Unknown,Halifax,,None,,Not Found,miguel.salcedo@halifax.org
dmccue@lhs.org,Dmccue,,Dmccue,,Unknown,Lhs,,None,,Not Found,dmccue@lhs.org
gasharp@lhs.org,Gasharp,,Gasharp,,Unknown,Lhs,,None,,Not Found,gasharp@lhs.org
sjohn@novanthealth.org,Sjohn,,Sjohn,,Unknown,Novant Health,,None,,Not Found,sjohn@novanthealth.org
aaron.jones@bmhcc.org,Aaron,Jones,Aaron Jones,,Unknown,Bmhcc,,None,,Not Found,aaron.jones@bmhcc.org
lesley.kirkendall@bmhcc.org,Lesley,Kirkendall,Lesley Kirkendall,Partner,Owner / Executive (C-Suite),Bmhcc,,Low,LinkedIn / Web Search,Found,lesley.kirkendall@bmhcc.org
layne.lyles@bmhcc.org,Layne,Lyles,Layne Lyles,Partnersuche Ab 50: Online Einen Partner Finden,Owner / Executive (C-Suite),Bmhcc,,Low,LinkedIn / Web Search,Found,layne.lyles@bmhcc.org
jason.little@bmhcc.org,Jason,Little,Jason Little,Director,Director / VP,Bmhcc,,Low,LinkedIn / Web Search,Found,jason.little@bmhcc.org
michael.tomblyn@bmhcc.org,Michael,Tomblyn,Michael Tomblyn,Founder,Owner / Executive (C-Suite),Bmhcc,,Low,LinkedIn / Web Search,Found,michael.tomblyn@bmhcc.org
skip.steward@bmhcc.org,Skip,Steward,Skip Steward,,Unknown,Bmhcc,,None,,Not Found,skip.steward@bmhcc.org
kennen.brooks@bmhcc.org,Kennen,Brooks,Kennen Brooks,,Unknown,Bmhcc,,None,,Not Found,kennen.brooks@bmhcc.org
annmarie.wallace@bmhcc.org,Annmarie,Wallace,Annmarie Wallace,,Unknown,Bmhcc,,None,,Not Found,annmarie.wallace@bmhcc.org
tom.barnett@bmhcc.org,Tom,Barnett,Tom Barnett,,Unknown,Bmhcc,,None,,Not Found,tom.barnett@bmhcc.org
nicole.zahn@bmhcc.org,Nicole,Zahn,Nicole Zahn,,Unknown,Bmhcc,,None,,Not Found,nicole.zahn@bmhcc.org
herbsmo@sutterhealth.org,Herbsmo,,Herbsmo,CEO,Owner / Executive (C-Suite),Sutter Health,,Low,LinkedIn / Web Search,Found,herbsmo@sutterhealth.org
eduran@lifebridgehealth.org,Eduran,,Eduran,,Unknown,Lifebridge Health,,None,,Not Found,eduran@lifebridgehealth.org
fzimberg@lifebridgehealth.org,Fzimberg,,Fzimberg,,Unknown,Lifebridge Health,,None,,Not Found,fzimberg@lifebridgehealth.org
cgough2@lifebridgehealth.org,Cgough,,Cgough,,Unknown,Lifebridge Health,,None,,Not Found,cgough2@lifebridgehealth.org
nmeltzer@lifebridgehealth.org,Nmeltzer,,Nmeltzer,,Unknown,Lifebridge Health,,None,,Not Found,nmeltzer@lifebridgehealth.org
ldouglas@lifebridgehealth.org,Ldouglas,,Ldouglas,CEO,Owner / Executive (C-Suite),Lifebridge Health,,Low,LinkedIn / Web Search,Found,ldouglas@lifebridgehealth.org
jroberge@lifebridgehealth.org,Jroberge,,Jroberge,,Unknown,Lifebridge Health,,None,,Not Found,jroberge@lifebridgehealth.org
miflynn@lifebridgehealth.org,Miflynn,,Miflynn,,Unknown,Lifebridge Health,,None,,Not Found,miflynn@lifebridgehealth.org
nsilver@lifebridgehealth.org,Nsilver,,Nsilver,,Unknown,Lifebridge Health,,None,,Not Found,nsilver@lifebridgehealth.org
beth_mcdorman@bshsi.org,Beth,Mcdorman,Beth Mcdorman,,Unknown,Bshsi,,None,,Not Found,beth_mcdorman@bshsi.org
padekeye@dh.org,Padekeye,,Padekeye,,Unknown,Dh,,None,,Not Found,padekeye@dh.org
cmarren@dh.org,Cmarren,,Cmarren,,Unknown,Dh,,None,,Not Found,cmarren@dh.org
mcostello@dh.org,Mcostello,,Mcostello,,Unknown,Dh,,None,,Not Found,mcostello@dh.org
eseeber@dh.org,Eseeber,,Eseeber,,Unknown,Dh,,None,,Not Found,eseeber@dh.org
mpellegrini@dh.org,Mpellegrini,,Mpellegrini,,Unknown,Dh,,None,,Not Found,mpellegrini@dh.org
ssinni@dh.org,Ssinni,,Ssinni,,Unknown,Dh,,None,,Not Found,ssinni@dh.org
sdavis@pih.org,Sdavis,,Sdavis,,Unknown,Pih,,None,,Not Found,sdavis@pih.org
coswald@pih.org,Coswald,,Coswald,,Unknown,Pih,,None,,Not Found,coswald@pih.org
amanzi@pih.org,Amanzi,,Amanzi,,Unknown,Pih,,None,,Not Found,amanzi@pih.org
prichard@pih.org,Prichard,,Prichard,,Unknown,Pih,,None,,Not Found,prichard@pih.org
johnkamara@pih.org,Johnkamara,,Johnkamara,,Unknown,Pih,,None,,Not Found,johnkamara@pih.org
sbernette@pih.org,Sbernette,,Sbernette,,Unknown,Pih,,None,,Not Found,sbernette@pih.org
kfife1@iuhealth.org,Kfife,,Kfife,Principal,Owner / Executive (C-Suite),Iu Health,,Low,LinkedIn / Web Search,Found,kfife1@iuhealth.org
ydibba@pih.org,Ydibba,,Ydibba,,Unknown,Pih,,None,,Not Found,ydibba@pih.org
dbryden@pih.org,Dbryden,,Dbryden,,Unknown,Pih,,None,,Not Found,dbryden@pih.org
smurff@iuhealth.org,Smurff,,Smurff,,Unknown,Iu Health,,None,,Not Found,smurff@iuhealth.org
lpurdy@iuhealth.org,Lpurdy,,Lpurdy,,Unknown,Iu Health,,None,,Not Found,lpurdy@iuhealth.org
lshostra@iuhealth.org,Lshostra,,Lshostra,,Unknown,Iu Health,,None,,Not Found,lshostra@iuhealth.org
jhollin4@iuhealth.org,Jhollin,,Jhollin,,Unknown,Iu Health,,None,,Not Found,jhollin4@iuhealth.org
sajid.saraf@steward.org,Sajid,Saraf,Sajid Saraf,Director,Director / VP,Steward,,Low,LinkedIn / Web Search,Found,sajid.saraf@steward.org
tariq.bhat@steward.org,Tariq,Bhat,Tariq Bhat,,Unknown,Steward,,None,,Not Found,tariq.bhat@steward.org
kemkelly@lhs.org,Kemkelly,,Kemkelly,,Unknown,Lhs,,None,,Not Found,kemkelly@lhs.org
jenna.lyn@balladhealth.org,Jenna,Lyn,Jenna Lyn,,Unknown,Ballad Health,,None,,Not Found,jenna.lyn@balladhealth.org
kcasavan@iuhealth.org,Kcasavan,,Kcasavan,,Unknown,Iu Health,,None,,Not Found,kcasavan@iuhealth.org
stuart.samples@nghs.com,Stuart,Samples,Stuart Samples,Partner,Owner / Executive (C-Suite),Nghs,,Low,LinkedIn / Web Search,Found,stuart.samples@nghs.com
phippsjg@msha.com,Phippsjg,,Phippsjg,,Unknown,Msha,,None,,Not Found,phippsjg@msha.com
stuart.downs@nghs.com,Stuart,Downs,Stuart Downs,Partner,Owner / Executive (C-Suite),Nghs,,Low,LinkedIn / Web Search,Found,stuart.downs@nghs.com
sloane.guy@nghs.com,Sloane,Guy,Sloane Guy,,Unknown,Nghs,,None,,Not Found,sloane.guy@nghs.com
kevin.matson@nghs.com,Kevin,Matson,Kevin Matson,,Unknown,Nghs,,None,,Not Found,kevin.matson@nghs.com
cheryl.rasnake@msha.com,Cheryl,Rasnake,Cheryl Rasnake,,Unknown,Msha,,None,,Not Found,cheryl.rasnake@msha.com
mike.foster@nghs.com,Mike,Foster,Mike Foster,,Unknown,Nghs,,None,,Not Found,mike.foster@nghs.com
john.kueven@nghs.com,John,Kueven,John Kueven,,Unknown,Nghs,,None,,Not Found,john.kueven@nghs.com
jsilva@umchealth.org,Jsilva,,Jsilva,,Unknown,Umc Health,,None,,Not Found,jsilva@umchealth.org
mpatterson@umchealth.org,Mpatterson,,Mpatterson,,Unknown,Umc Health,,None,,Not Found,mpatterson@umchealth.org
vsornia@umchealth.org,Vsornia,,Vsornia,,Unknown,Umc Health,,None,,Not Found,vsornia@umchealth.org
mfuentes@umchealth.org,Mfuentes,,Mfuentes,,Unknown,Umc Health,,None,,Not Found,mfuentes@umchealth.org
gjerome@mckenziehealth.org,Gjerome,,Gjerome,Download Legacy Version of HP Suport Assistant,Staff / Coordinator,Mckenzie Health,,Low,LinkedIn / Web Search,Found,gjerome@mckenziehealth.org
btrepkowski@mckenziehealth.org,Btrepkowski,,Btrepkowski,,Unknown,Mckenzie Health,,None,,Not Found,btrepkowski@mckenziehealth.org
cfestian@mckenziehealth.org,Cfestian,,Cfestian,,Unknown,Mckenzie Health,,None,,Not Found,cfestian@mckenziehealth.org
dhayden@mckenziehealth.org,Dhayden,,Dhayden,,Unknown,Mckenzie Health,,None,,Not Found,dhayden@mckenziehealth.org
mgovea@mckenziehealth.org,Mgovea,,Mgovea,DB-GPT: Open-source Agentic AI Data Assistant,Staff / Coordinator,Mckenzie Health,,Low,LinkedIn / Web Search,Found,mgovea@mckenziehealth.org
jevon.price@sutterhealth.org,Jevon,Price,Jevon Price,,Unknown,Sutter Health,,None,,Not Found,jevon.price@sutterhealth.org
jkubik@mckenziehealth.org,Jkubik,,Jkubik,,Unknown,Mckenzie Health,,None,,Not Found,jkubik@mckenziehealth.org
monsonja@sutterhealth.org,Monsonja,,Monsonja,,Unknown,Sutter Health,,None,,Not Found,monsonja@sutterhealth.org
tloding@mckenziehealth.org,Tloding,,Tloding,,Unknown,Mckenzie Health,,None,,Not Found,tloding@mckenziehealth.org
perry.kirwan@sutterhealth.org,Perry,Kirwan,Perry Kirwan,,Unknown,Sutter Health,,None,,Not Found,perry.kirwan@sutterhealth.org
torrem9@sutterhealth.org,Torrem,,Torrem,,Unknown,Sutter Health,,None,,Not Found,torrem9@sutterhealth.org
warner.thomas@sutterhealth.org,Warner,Thomas,Warner Thomas,,Unknown,Sutter Health,,None,,Not Found,warner.thomas@sutterhealth.org
wallee@sutterhealth.org,Wallee,,Wallee,,Unknown,Sutter Health,,None,,Not Found,wallee@sutterhealth.org
cindy.deeble@sutterhealth.org,Cindy,Deeble,Cindy Deeble,,Unknown,Sutter Health,,None,,Not Found,cindy.deeble@sutterhealth.org
greg.moore@sutterhealth.org,Greg,Moore,Greg Moore,,Unknown,Sutter Health,,None,,Not Found,greg.moore@sutterhealth.org
valerie.macallister@christushealth.org,Valerie,Macallister,Valerie Macallister,,Unknown,Christus Health,,None,,Not Found,valerie.macallister@christushealth.org
jennifer.ronda@christushealth.org,Jennifer,Ronda,Jennifer Ronda,,Unknown,Christus Health,,None,,Not Found,jennifer.ronda@christushealth.org
ahmad.sharif@christushealth.org,Ahmad,Sharif,Ahmad Sharif,,Unknown,Christus Health,,None,,Not Found,ahmad.sharif@christushealth.org
jennifer.beal@christushealth.org,Jennifer,Beal,Jennifer Beal,,Unknown,Christus Health,,None,,Not Found,jennifer.beal@christushealth.org
msabbota@mhs.net,Abbota,,Abbota,CEO,Owner / Executive (C-Suite),Mhs,,Low,LinkedIn / Web Search,Found,msabbota@mhs.net
jacqueline.clark@sutterhealth.org,Jacqueline,Clark,Jacqueline Clark,,Unknown,Sutter Health,,None,,Not Found,jacqueline.clark@sutterhealth.org
savitha.gowda@steward.org,Savitha,Gowda,Savitha Gowda,,Unknown,Steward,,None,,Not Found,savitha.gowda@steward.org
sam.peng@wellstar.org,Sam,Peng,Sam Peng,,Unknown,Wellstar,,None,,Not Found,sam.peng@wellstar.org
rharrigan@iuhealth.org,Rharrigan,,Rharrigan,Specialist,Staff / Coordinator,Iu Health,,Low,LinkedIn / Web Search,Found,rharrigan@iuhealth.org
dnadelhoffer@paloshealth.com,Dnadelhoffer,,Dnadelhoffer,,Unknown,Palos Health,,None,,Not Found,dnadelhoffer@paloshealth.com
kboreman@paloshealth.com,Kboreman,,Kboreman,,Unknown,Palos Health,,None,,Not Found,kboreman@paloshealth.com
fryan@iuhealth.org,Fryan,,Fryan,,Unknown,Iu Health,,None,,Not Found,fryan@iuhealth.org
progowski@iuhealth.org,Progowski,,Progowski,,Unknown,Iu Health,,None,,Not Found,progowski@iuhealth.org
bgresky@paloshealth.com,Bgresky,,Bgresky,,Unknown,Palos Health,,None,,Not Found,bgresky@paloshealth.com
bstanford@iuhealth.org,Bstanford,,Bstanford,,Unknown,Iu Health,,None,,Not Found,bstanford@iuhealth.org
lthomas@paloshealth.com,Lthomas,,Lthomas,,Unknown,Palos Health,,None,,Not Found,lthomas@paloshealth.com
cthome@paloshealth.com,Cthome,,Cthome,,Unknown,Palos Health,,None,,Not Found,cthome@paloshealth.com
pgupta@paloshealth.com,Pgupta,,Pgupta,,Unknown,Palos Health,,None,,Not Found,pgupta@paloshealth.com
ssobczak@paloshealth.com,Ssobczak,,Ssobczak,,Unknown,Palos Health,,None,,Not Found,ssobczak@paloshealth.com
jtrenhaile@paloshealth.com,Jtrenhaile,,Jtrenhaile,,Unknown,Palos Health,,None,,Not Found,jtrenhaile@paloshealth.com
kthier@paloshealth.com,Kthier,,Kthier,,Unknown,Palos Health,,None,,Not Found,kthier@paloshealth.com
elizabeth.mellon@christushealth.org,Elizabeth,Mellon,Elizabeth Mellon,,Unknown,Christus Health,,None,,Not Found,elizabeth.mellon@christushealth.org
manuel.acuna@christushealth.org,Manuel,Acuna,Manuel Acuna,,Unknown,Christus Health,,None,,Not Found,manuel.acuna@christushealth.org
amy.adams@midmichiganhs.org,Amy,Adams,Amy Adams,,Unknown,Midmichiganhs,,None,,Not Found,amy.adams@midmichiganhs.org
loren.robinson@christushealth.org,Loren,Robinson,Loren Robinson,,Unknown,Christus Health,,None,,Not Found,loren.robinson@christushealth.org
pedram.hamrah@tuftsmedicine.org,Pedram,Hamrah,Pedram Hamrah,,Unknown,Tuftsmedicine,,None,,Not Found,pedram.hamrah@tuftsmedicine.org
thagan@greatriverhealth.org,Thagan,,Thagan,,Unknown,Greatriver Health,,None,,Not Found,thagan@greatriverhealth.org
jhutcheson@greatriverhealth.org,Jhutcheson,,Jhutcheson,,Unknown,Greatriver Health,,None,,Not Found,jhutcheson@greatriverhealth.org
slperkins@greatriverhealth.org,Slperkins,,Slperkins,,Unknown,Greatriver Health,,None,,Not Found,slperkins@greatriverhealth.org
nkrosnicki@mckenziehealth.org,Nkrosnicki,,Nkrosnicki,,Unknown,Mckenzie Health,,None,,Not Found,nkrosnicki@mckenziehealth.org
mkalmbach@iuhealth.org,Mkalmbach,,Mkalmbach,,Unknown,Iu Health,,None,,Not Found,mkalmbach@iuhealth.org
nricketts@iuhealth.org,Nricketts,,Nricketts,,Unknown,Iu Health,,None,,Not Found,nricketts@iuhealth.org
eric.belden@aultman.com,Eric,Belden,Eric Belden,,Unknown,Aultman,,None,,Not Found,eric.belden@aultman.com
benjamin.alderfer@aultman.org,Benjamin,Alderfer,Benjamin Alderfer,Founder,Owner / Executive (C-Suite),Aultman,,Low,LinkedIn / Web Search,Found,benjamin.alderfer@aultman.org
chris.parrish@aultman.com,Chris,Parrish,Chris Parrish,Director,Director / VP,Aultman,,Low,LinkedIn / Web Search,Found,chris.parrish@aultman.com
patrick.ayers@aultman.com,Patrick,Ayers,Patrick Ayers,,Unknown,Aultman,,None,,Not Found,patrick.ayers@aultman.com
charmon@aultman.org,Charmon,,Charmon,,Unknown,Aultman,,None,,Not Found,charmon@aultman.org
jroth@aultman.org,Jroth,,Jroth,,Unknown,Aultman,,None,,Not Found,jroth@aultman.org
samuel.green@halifax.org,Samuel,Green,Samuel Green,,Unknown,Halifax,,None,,Not Found,samuel.green@halifax.org
john.guthrie@halifax.org,John,Guthrie,John Guthrie,,Unknown,Halifax,,None,,Not Found,john.guthrie@halifax.org
cbredeson@evergreenhealth.com,Cbredeson,,Cbredeson,,Unknown,Evergreen Health,,None,,Not Found,cbredeson@evergreenhealth.com
keith.sofiak@halifax.org,Keith,Sofiak,Keith Sofiak,,Unknown,Halifax,,None,,Not Found,keith.sofiak@halifax.org
kristi.thurmaier@halifax.org,Kristi,Thurmaier,Kristi Thurmaier,,Unknown,Halifax,,None,,Not Found,kristi.thurmaier@halifax.org
sbahl@evergreenhealth.com,Sbahl,,Sbahl,,Unknown,Evergreen Health,,None,,Not Found,sbahl@evergreenhealth.com
sstuart@evergreenhealth.com,Sstuart,,Sstuart,,Unknown,Evergreen Health,,None,,Not Found,sstuart@evergreenhealth.com
rameeks@evergreenhealth.com,Rameeks,,Rameeks,,Unknown,Evergreen Health,,None,,Not Found,rameeks@evergreenhealth.com
bsorg@metrohealth.org,Bsorg,,Bsorg,Founder,Owner / Executive (C-Suite),Metro Health,,Low,LinkedIn / Web Search,Found,bsorg@metrohealth.org
dhollings@metrohealth.org,Dhollings,,Dhollings,Manage Your Google Password Manager PIN,Manager / Admin,Metro Health,,Low,LinkedIn / Web Search,Found,dhollings@metrohealth.org
tkrieger@metrohealth.org,Tkrieger,,Tkrieger,,Unknown,Metro Health,,None,,Not Found,tkrieger@metrohealth.org
cmodlin@metrohealth.org,Cmodlin,,Cmodlin,,Unknown,Metro Health,,None,,Not Found,cmodlin@metrohealth.org
aalqahtani@metrohealth.org,Aalqahtani,,Aalqahtani,,Unknown,Metro Health,,None,,Not Found,aalqahtani@metrohealth.org
christina.crowe@halifax.org,Christina,Crowe,Christina Crowe,,Unknown,Halifax,,None,,Not Found,christina.crowe@halifax.org
rchowdhary@metrohealth.org,Rchowdhary,,Rchowdhary,,Unknown,Metro Health,,None,,Not Found,rchowdhary@metrohealth.org
trolsen@metrohealth.org,Trolsen,,Trolsen,,Unknown,Metro Health,,None,,Not Found,trolsen@metrohealth.org
tgraves@metrohealth.org,Tgraves,,Tgraves,,Unknown,Metro Health,,None,,Not Found,tgraves@metrohealth.org
bpushparaji@metrohealth.org,Bpushparaji,,Bpushparaji,,Unknown,Metro Health,,None,,Not Found,bpushparaji@metrohealth.org
dfiser@metrohealth.org,Dfiser,,Dfiser,,Unknown,Metro Health,,None,,Not Found,dfiser@metrohealth.org
dashraf@montefiore.org,Dashraf,,Dashraf,,Unknown,Montefiore,,None,,Not Found,dashraf@montefiore.org
casey.green@nm.org,Casey,Green,Casey Green,,Unknown,Nm,,None,,Not Found,casey.green@nm.org
david.mann@nm.org,David,Mann,David Mann,,Unknown,Nm,,None,,Not Found,david.mann@nm.org
erin.cohan@nm.org,Erin,Cohan,Erin Cohan,,Unknown,Nm,,None,,Not Found,erin.cohan@nm.org
jessica.mcgee@nm.org,Jessica,Mcgee,Jessica Mcgee,,Unknown,Nm,,None,,Not Found,jessica.mcgee@nm.org
julia.musso@nm.org,Julia,Musso,Julia Musso,,Unknown,Nm,,None,,Not Found,julia.musso@nm.org
martin.pearson@nm.org,Martin,Pearson,Martin Pearson,,Unknown,Nm,,None,,Not Found,martin.pearson@nm.org
tj.rumler@prismahealth.org,Tj,Rumler,Tj Rumler,Analyst,Professional,Prisma Health,,Low,LinkedIn / Web Search,Found,tj.rumler@prismahealth.org
homer@lifespan.org,Homer,,Homer,CEO,Owner / Executive (C-Suite),Lifespan,,Low,LinkedIn / Web Search,Found,homer@lifespan.org
megan.mummert@nm.org,Megan,Mummert,Megan Mummert,,Unknown,Nm,,None,,Not Found,megan.mummert@nm.org
richard.southgate@nm.org,Richard,Southgate,Richard Southgate,,Unknown,Nm,,None,,Not Found,richard.southgate@nm.org
rolande.sumner@prismahealth.org,Rolande,Sumner,Rolande Sumner,,Unknown,Prisma Health,,None,,Not Found,rolande.sumner@prismahealth.org
ggames@holzer.org,Ggames,,Ggames,,Unknown,Holzer,,None,,Not Found,ggames@holzer.org
tfowler@holzer.org,Tfowler,,Tfowler,,Unknown,Holzer,,None,,Not Found,tfowler@holzer.org
ernie.sadau@christushealth.org,Ernie,Sadau,Ernie Sadau,,Unknown,Christus Health,,None,,Not Found,ernie.sadau@christushealth.org
krose@holzer.org,Krose,,Krose,,Unknown,Holzer,,None,,Not Found,krose@holzer.org
gcraft@holzer.org,Gcraft,,Gcraft,Partner,Owner / Executive (C-Suite),Holzer,,Low,LinkedIn / Web Search,Found,gcraft@holzer.org
masgeri@holzer.org,Masgeri,,Masgeri,,Unknown,Holzer,,None,,Not Found,masgeri@holzer.org
brobinson@huntregional.org,Brobinson,,Brobinson,,Unknown,Huntregional,,None,,Not Found,brobinson@huntregional.org
lcmiller@sentara.com,Lcmiller,,Lcmiller,,Unknown,Sentara,,None,,Not Found,lcmiller@sentara.com
rmcrowe@sentara.com,Rmcrowe,,Rmcrowe,,Unknown,Sentara,,None,,Not Found,rmcrowe@sentara.com
slkesler@sentara.com,Slkesler,,Slkesler,,Unknown,Sentara,,None,,Not Found,slkesler@sentara.com
joel.kern@oaklawn.org,Joel,Kern,Joel Kern,,Unknown,Oaklawn,,None,,Not Found,joel.kern@oaklawn.org
cindy.schulz@oaklawn.org,Cindy,Schulz,Cindy Schulz,,Unknown,Oaklawn,,None,,Not Found,cindy.schulz@oaklawn.org
jane.abel@piedmont.org,Jane,Abel,Jane Abel,,Unknown,Piedmont,,None,,Not Found,jane.abel@piedmont.org
excowani@sentara.com,Excowani,,Excowani,,Unknown,Sentara,,None,,Not Found,excowani@sentara.com
rebecca.walker@piedmont.org,Rebecca,Walker,Rebecca Walker,Owner,Owner / Executive (C-Suite),Piedmont,,Low,LinkedIn / Web Search,Found,rebecca.walker@piedmont.org
ryan.conklin@christushealth.org,Ryan,Conklin,Ryan Conklin,CEO,Owner / Executive (C-Suite),Christus Health,,Low,LinkedIn / Web Search,Found,ryan.conklin@christushealth.org
andrea.barajas@christushealth.org,Andrea,Barajas,Andrea Barajas,,Unknown,Christus Health,,None,,Not Found,andrea.barajas@christushealth.org
amit.kharod@atlantichealth.org,Amit,Kharod,Amit Kharod,President,Owner / Executive (C-Suite),Atlantic Health,,Low,LinkedIn / Web Search,Found,amit.kharod@atlantichealth.org
judy_heilman@bshsi.org,Judy,Heilman,Judy Heilman,,Unknown,Bshsi,,None,,Not Found,judy_heilman@bshsi.org
jennifer.sudduth@christushealth.org,Jennifer,Sudduth,Jennifer Sudduth,,Unknown,Christus Health,,None,,Not Found,jennifer.sudduth@christushealth.org
michael.cline@valleybaptist.net,Michael,Cline,Michael Cline,Founder,Owner / Executive (C-Suite),Valleybaptist,,Low,LinkedIn / Web Search,Found,michael.cline@valleybaptist.net
brian.rasmus@tenethealth.com,Brian,Rasmus,Brian Rasmus,,Unknown,Tenet Health,,None,,Not Found,brian.rasmus@tenethealth.com
michelle.lopez@valleybaptist.net,Michelle,Lopez,Michelle Lopez,,Unknown,Valleybaptist,,None,,Not Found,michelle.lopez@valleybaptist.net
daniel.ponce@valleybaptist.net,Daniel,Ponce,Daniel Ponce,Director,Director / VP,Valleybaptist,,Low,LinkedIn / Web Search,Found,daniel.ponce@valleybaptist.net
suzette.crews@valleybaptist.net,Suzette,Crews,Suzette Crews,,Unknown,Valleybaptist,,None,,Not Found,suzette.crews@valleybaptist.net
leslie.bingham@valleybaptist.net,Leslie,Bingham,Leslie Bingham,,Unknown,Valleybaptist,,None,,Not Found,leslie.bingham@valleybaptist.net
patricia.robles@valleybaptist.net,Patricia,Robles,Patricia Robles,,Unknown,Valleybaptist,,None,,Not Found,patricia.robles@valleybaptist.net
anahi.garza@valleybaptist.net,Anahi,Garza,Anahi Garza,,Unknown,Valleybaptist,,None,,Not Found,anahi.garza@valleybaptist.net
analiza.amaya-diaz@valleybaptist.net,Analiza,Diaz,Analiza Amaya Diaz,,Unknown,Valleybaptist,,None,,Not Found,analiza.amaya-diaz@valleybaptist.net
rob.giorgiani@tenethealth.com,Rob,Giorgiani,Rob Giorgiani,,Unknown,Tenet Health,,None,,Not Found,rob.giorgiani@tenethealth.com
angela.strunk@tuftsmedicine.org,Angela,Strunk,Angela Strunk,,Unknown,Tuftsmedicine,,None,,Not Found,angela.strunk@tuftsmedicine.org
edmund.lew@ah.org,Edmund,Lew,Edmund Lew,,Unknown,Ah,,None,,Not Found,edmund.lew@ah.org
areiter@lhs.org,Areiter,,Areiter,,Unknown,Lhs,,None,,Not Found,areiter@lhs.org
dhamm@lakeviewsystem.com,Dhamm,,Dhamm,,Unknown,Lakeviewsystem,,None,,Not Found,dhamm@lakeviewsystem.com
bduke@lakeviewsystem.com,Bduke,,Bduke,,Unknown,Lakeviewsystem,,None,,Not Found,bduke@lakeviewsystem.com
cslover@lakeviewsystem.com,Cslover,,Cslover,,Unknown,Lakeviewsystem,,None,,Not Found,cslover@lakeviewsystem.com
mugahed.alameri@icnarelief.org,Mugahed,Alameri,Mugahed Alameri,,Unknown,Icnarelief,,None,,Not Found,mugahed.alameri@icnarelief.org
sfl@icnarelief.org,Sfl,,Sfl,,Unknown,Icnarelief,,None,,Not Found,sfl@icnarelief.org
nomi.palwala@icnarelief.org,Nomi,Palwala,Nomi Palwala,,Unknown,Icnarelief,,None,,Not Found,nomi.palwala@icnarelief.org
mukhtar.hussain@icnarelief.org,Mukhtar,Hussain,Mukhtar Hussain,,Unknown,Icnarelief,,None,,Not Found,mukhtar.hussain@icnarelief.org
skalamouni@iocc.org,Skalamouni,,Skalamouni,,Unknown,Iocc,,None,,Not Found,skalamouni@iocc.org
skhachouf@iocc.org,Skhachouf,,Skhachouf,,Unknown,Iocc,,None,,Not Found,skhachouf@iocc.org
sdjokic@iocc.org,Sdjokic,,Sdjokic,,Unknown,Iocc,,None,,Not Found,sdjokic@iocc.org
malazzam@iocc.org,Malazzam,,Malazzam,,Unknown,Iocc,,None,,Not Found,malazzam@iocc.org
falali@iocc.org,Falali,,Falali,,Unknown,Iocc,,None,,Not Found,falali@iocc.org
mhayek@iocc.org,Mhayek,,Mhayek,,Unknown,Iocc,,None,,Not Found,mhayek@iocc.org
lhyatt@iocc.org,Lhyatt,,Lhyatt,,Unknown,Iocc,,None,,Not Found,lhyatt@iocc.org
meryum.siddiqi@icnarelief.org,Meryum,Siddiqi,Meryum Siddiqi,,Unknown,Icnarelief,,None,,Not Found,meryum.siddiqi@icnarelief.org
stoomey@ars.com,Stoomey,,Stoomey,,Unknown,Ars,,None,,Not Found,stoomey@ars.com
sazfar@icnarelief.org,Sazfar,,Sazfar,,Unknown,Icnarelief,,None,,Not Found,sazfar@icnarelief.org
amir.saeed@icnarelief.org,Amir,Saeed,Amir Saeed,,Unknown,Icnarelief,,None,,Not Found,amir.saeed@icnarelief.org
kkirby@seweurodrive.com,Kkirby,,Kkirby,,Unknown,Seweurodrive,,None,,Not Found,kkirby@seweurodrive.com
jscott@seweurodrive.com,Jscott,,Jscott,,Unknown,Seweurodrive,,None,,Not Found,jscott@seweurodrive.com
maryam.rasouli@icnarelief.org,Maryam,Rasouli,Maryam Rasouli,,Unknown,Icnarelief,,None,,Not Found,maryam.rasouli@icnarelief.org
sbennett@seweurodrive.com,Sbennett,,Sbennett,,Unknown,Seweurodrive,,None,,Not Found,sbennett@seweurodrive.com
drprince@hyperbaricmedicalsolutions.com,Prince,,Prince,,Unknown,Hyperbaric Medical Solutions,,None,,Not Found,drprince@hyperbaricmedicalsolutions.com
wgill@idcdenver.com,Wgill,,Wgill,,Unknown,Idcdenver,,None,,Not Found,wgill@idcdenver.com
bill@onpointid.com,Bill,,Bill,,Unknown,Onpointid,,None,,Not Found,bill@onpointid.com
srenae@infectionsmanaged.com,Srenae,,Srenae,,Unknown,Infectionsmanaged,,None,,Not Found,srenae@infectionsmanaged.com
dawn.duffy@piic.org,Dawn,Duffy,Dawn Duffy,,Unknown,Piic,,None,,Not Found,dawn.duffy@piic.org
admin@nourips.com,,,,General Inbox / Staff,Staff / Coordinator,Nourips,,Medium,Role-based Mailbox,Role-Based,admin@nourips.com
renee.gregory@piic.org,Renee,Gregory,Renee Gregory,,Unknown,Piic,,None,,Not Found,renee.gregory@piic.org
rylee.hince@piic.org,Rylee,Hince,Rylee Hince,,Unknown,Piic,,None,,Not Found,rylee.hince@piic.org
renee.martin@piic.org,Renee,Martin,Renee Martin,,Unknown,Piic,,None,,Not Found,renee.martin@piic.org
team@dehoyosinjury.com,,,,General Inbox / Staff,Staff / Coordinator,Dehoyosinjury,,Medium,Role-based Mailbox,Role-Based,team@dehoyosinjury.com
jeff.white@infusionassociates.com,Jeff,White,Jeff White,CEO,Owner / Executive (C-Suite),Infusion Associates,,Low,LinkedIn / Web Search,Found,jeff.white@infusionassociates.com
danielle.sabestinas@assurancesd.com,Danielle,Sabestinas,Danielle Sabestinas,,Unknown,Assurancesd,,None,,Not Found,danielle.sabestinas@assurancesd.com
gail@mountaininsurance.com,Gail,,Gail,,Unknown,Mountaininsurance,,None,,Not Found,gail@mountaininsurance.com
eric.gilbers@asr.nl,Eric,Gilbers,Eric Gilbers,,Unknown,Asr,,None,,Not Found,eric.gilbers@asr.nl
wim.steenland@asr.nl,Wim,Steenland,Wim Steenland,Web Information Manager (WIM),Manager / Admin,Asr,,Low,LinkedIn / Web Search,Found,wim.steenland@asr.nl
ilhan.gonul@asr.nl,Ilhan,Gonul,Ilhan Gonul,,Unknown,Asr,,None,,Not Found,ilhan.gonul@asr.nl
john.crawford@infusionassociates.com,John,Crawford,John Crawford,,Unknown,Infusion Associates,,None,,Not Found,john.crawford@infusionassociates.com
betsy.lipzinski@infusionassociates.com,Betsy,Lipzinski,Betsy Lipzinski,,Unknown,Infusion Associates,,None,,Not Found,betsy.lipzinski@infusionassociates.com
karson.grigsby@funeraldirectorslife.com,Karson,Grigsby,Karson Grigsby,Partner,Owner / Executive (C-Suite),Funeraldirectorslife,,Low,LinkedIn / Web Search,Found,karson.grigsby@funeraldirectorslife.com
stephen.corbett@funeraldirectorslife.com,Stephen,Corbett,Stephen Corbett,Psychiatrist,Professional,Funeraldirectorslife,,Low,LinkedIn / Web Search,Found,stephen.corbett@funeraldirectorslife.com
chelsea@mellickgrp.com,Chelsea,,Chelsea,,Unknown,Mellickgrp,,None,,Not Found,chelsea@mellickgrp.com
keith.carroll@funeraldirectorslife.com,Keith,Carroll,Keith Carroll,,Unknown,Funeraldirectorslife,,None,,Not Found,keith.carroll@funeraldirectorslife.com
rich.mboneko@funeraldirectorslife.com,Rich,Mboneko,Rich Mboneko,,Unknown,Funeraldirectorslife,,None,,Not Found,rich.mboneko@funeraldirectorslife.com
john.chaka@funeraldirectorslife.com,John,Chaka,John Chaka,,Unknown,Funeraldirectorslife,,None,,Not Found,john.chaka@funeraldirectorslife.com
jonathan.ross@fhins.com,Jonathan,Ross,Jonathan Ross,Executive Vice President,Owner / Executive (C-Suite),Fhins,,Medium,Website (/staff-directory),Found,jonathan.ross@fhins.com
aroberts@diversifiedinsurance.com,Aroberts,,Aroberts,,Unknown,Diversifiedinsurance,,None,,Not Found,aroberts@diversifiedinsurance.com
drweitz@alpineintegratedmedicine.com,Weitz,,Weitz,,Unknown,Alpineintegratedmedicine,,None,,Not Found,drweitz@alpineintegratedmedicine.com
jane@alpineintegratedmedicine.com,Jane,,Jane,,Unknown,Alpineintegratedmedicine,,None,,Not Found,jane@alpineintegratedmedicine.com
reception@alpineintegratedmedicine.com,,,,General Inbox / Staff,Staff / Coordinator,Alpineintegratedmedicine,,Medium,Role-based Mailbox,Role-Based,reception@alpineintegratedmedicine.com
jevans@evansclaims.com,Jevans,,Jevans,,Unknown,Evansclaims,,None,,Not Found,jevans@evansclaims.com
delali.hevi@zenithhealthinstitute.com,Delali,Hevi,Delali Hevi,Doctor,Practitioner / Doctor / Faculty,Zenith Health Institute,,Medium,Website (Homepage),Found,delali.hevi@zenithhealthinstitute.com
jherzog@herzogvitalitycenter.com,Jherzog,,Jherzog,,Unknown,Herzogvitality Center,,None,,Not Found,jherzog@herzogvitalitycenter.com
mwilliams@progressivemedicalcenter.com,Mwilliams,,Mwilliams,,Unknown,Progressive Medical Center,,None,,Not Found,mwilliams@progressivemedicalcenter.com
natalie@therenewalpoint.com,Natalie,,Natalie,,Unknown,Therenewalpoint,,None,,Not Found,natalie@therenewalpoint.com
cperrella@progressivemedicalcenter.com,Cperrella,,Cperrella,,Unknown,Progressive Medical Center,,None,,Not Found,cperrella@progressivemedicalcenter.com
gtaphorn@farmersagent.com,Gtaphorn,,Gtaphorn,,Unknown,Farmersagent,,None,,Not Found,gtaphorn@farmersagent.com
banchors@progressivemedicalcenter.com,Banchors,,Banchors,,Unknown,Progressive Medical Center,,None,,Not Found,banchors@progressivemedicalcenter.com
smcquitty@progressivemedicalcenter.com,Smcquitty,,Smcquitty,,Unknown,Progressive Medical Center,,None,,Not Found,smcquitty@progressivemedicalcenter.com
andrzej@progressivemedicalcenter.com,Andrzej,,Andrzej,Director,Director / VP,Progressive Medical Center,,Medium,Website (/team/),Found,andrzej@progressivemedicalcenter.com
tself@progressivemedicalcenter.com,Tself,,Tself,,Unknown,Progressive Medical Center,,None,,Not Found,tself@progressivemedicalcenter.com
joshua@progressivemedicalcenter.com,Joshua,,Joshua,VP,Director / VP,Progressive Medical Center,,Medium,Website (/team/),Found,joshua@progressivemedicalcenter.com
jlopez@progressivemedicalcenter.com,Jlopez,,Jlopez,CEO,Owner / Executive (C-Suite),Progressive Medical Center,,Low,LinkedIn / Web Search,Found,jlopez@progressivemedicalcenter.com
lpsalidas@progressivemedicalcenter.com,Lpsalidas,,Lpsalidas,,Unknown,Progressive Medical Center,,None,,Not Found,lpsalidas@progressivemedicalcenter.com
heather@tworoadswellnessclinic.com,Heather,,Heather,Clinical Supervisor,Manager / Admin,Tworoadswellness Clinic,,Medium,Website (/ourteam),Found,heather@tworoadswellnessclinic.com
jchavez4@farmersagent.com,Jchavez,,Jchavez,,Unknown,Farmersagent,,None,,Not Found,jchavez4@farmersagent.com
allie@tworoadswellnessclinic.com,Allie,,Allie,Chief Executive Officer,Owner / Executive (C-Suite),Tworoadswellness Clinic,,Medium,Website (/ourteam),Found,allie@tworoadswellnessclinic.com
ted@tworoadswellnessclinic.com,Ted,,Ted,Chief Executive Officer,Owner / Executive (C-Suite),Tworoadswellness Clinic,,Medium,Website (/ourteam),Found,ted@tworoadswellnessclinic.com
paula@tworoadswellnessclinic.com,Paula,,Paula,,Unknown,Tworoadswellness Clinic,,None,,Not Found,paula@tworoadswellnessclinic.com
jessica@tworoadswellnessclinic.com,Jessica,,Jessica,Chief Executive Officer,Owner / Executive (C-Suite),Tworoadswellness Clinic,,Medium,Website (/ourteam),Found,jessica@tworoadswellnessclinic.com
marie@tworoadswellnessclinic.com,Marie,,Marie,Clinical Supervisor,Manager / Admin,Tworoadswellness Clinic,,Medium,Website (/ourteam),Found,marie@tworoadswellnessclinic.com
drkilleen@cassileth.com,Killeen,,Killeen,Budget Direct Policy Manager,Manager / Admin,Cassileth,,Low,LinkedIn / Web Search,Found,drkilleen@cassileth.com
thomasincledon@causenta.com,Thomasincledon,,Thomasincledon,,Unknown,Causenta,,None,,Not Found,thomasincledon@causenta.com
drlarew@larewinternalmedicine.com,Larew,,Larew,Doctor,Practitioner / Doctor / Faculty,Larewinternalmedicine,,Medium,Website (Homepage),Found,drlarew@larewinternalmedicine.com
drcassidy@msmedicine.com,Cassidy,,Cassidy,,Unknown,Msmedicine,,None,,Not Found,drcassidy@msmedicine.com
kelly@walkerip.com,Kelly,,Kelly,Business Development Manager,Manager / Admin,Walkerip,,Medium,Website (/team),Found,kelly@walkerip.com
jessica@larewinternalmedicine.com,Jessica,,Jessica,,Unknown,Larewinternalmedicine,,None,,Not Found,jessica@larewinternalmedicine.com
holly@cassileth.com,Holly,,Holly,,Unknown,Cassileth,,None,,Not Found,holly@cassileth.com
gamador@simpr.org,Gamador,,Gamador,,Unknown,Simpr,,None,,Not Found,gamador@simpr.org
shtorres@simpr.org,Shtorres,,Shtorres,Partner,Owner / Executive (C-Suite),Simpr,,Low,LinkedIn / Web Search,Found,shtorres@simpr.org
cwhittle@ipaclinic.com,Cwhittle,,Cwhittle,,Unknown,Ipa Clinic,,None,,Not Found,cwhittle@ipaclinic.com
kpayne@ipaclinic.com,Kpayne,,Kpayne,,Unknown,Ipa Clinic,,None,,Not Found,kpayne@ipaclinic.com
meera5@att.net,Meera,,Meera,Gynecologist,Professional,Att,,Medium,LinkedIn / Web Search,Found,meera5@att.net
aclaxton@ipaclinic.com,Aclaxton,,Aclaxton,,Unknown,Ipa Clinic,,None,,Not Found,aclaxton@ipaclinic.com
jblacknd@comcast.net,Jblacknd,,Jblacknd,,Unknown,,,None,,Not Found,jblacknd@comcast.net
linmacey@comcast.net,Linmacey,,Linmacey,,Unknown,,,None,,Not Found,linmacey@comcast.net
arporn@comcast.net,Arporn,,Arporn,,Unknown,,,None,,Not Found,arporn@comcast.net
avega@simpr.org,Avega,,Avega,,Unknown,Simpr,,None,,Not Found,avega@simpr.org
bpcasson@comcast.net,Bpcasson,,Bpcasson,,Unknown,,,None,,Not Found,bpcasson@comcast.net
ishara113@comcast.net,Ishara,,Ishara,,Unknown,,,None,,Not Found,ishara113@comcast.net
bbasow@verizon.net,Bbasow,,Bbasow,,Unknown,,,None,,Not Found,bbasow@verizon.net
denfab1@verizon.net,Denfab,,Denfab,,Unknown,,,None,,Not Found,denfab1@verizon.net
pwellness@earthlink.net,Pwellness,,Pwellness,,Unknown,Earthlink,,None,,Not Found,pwellness@earthlink.net
kbalagtas@necc.net,Kbalagtas,,Kbalagtas,,Unknown,Necc,,None,,Not Found,kbalagtas@necc.net
mgonzalez@necc.net,Mgonzalez,,Mgonzalez,,Unknown,Necc,,None,,Not Found,mgonzalez@necc.net
ynguyen@necc.net,Ynguyen,,Ynguyen,,Unknown,Necc,,None,,Not Found,ynguyen@necc.net
atrujillo@necc.net,Atrujillo,,Atrujillo,,Unknown,Necc,,None,,Not Found,atrujillo@necc.net
clau@necc.net,Clau,,Clau,,Unknown,Necc,,None,,Not Found,clau@necc.net
aarmada@necc.net,Aarmada,,Aarmada,,Unknown,Necc,,None,,Not Found,aarmada@necc.net
smozo@necc.net,Smozo,,Smozo,,Unknown,Necc,,None,,Not Found,smozo@necc.net
akim@necc.net,Akim,,Akim,,Unknown,Necc,,None,,Not Found,akim@necc.net
kevin@milesbroadband.com,Kevin,,Kevin,,Unknown,Milesbroadband,,None,,Not Found,kevin@milesbroadband.com
dklein@townisp.com,Dklein,,Dklein,,Unknown,Townisp,,None,,Not Found,dklein@townisp.com
mperkins@dcol.net,Mperkins,,Mperkins,,Unknown,Dcol,,None,,Not Found,mperkins@dcol.net
nrodden@campinterventionalpain.com,Nrodden,,Nrodden,,Unknown,Campinterventionalpain,,None,,Not Found,nrodden@campinterventionalpain.com
haleigh.schwartz@interworks.com,Haleigh,Schwartz,Haleigh Schwartz,Consultant,Professional,Interworks,,Medium,Website (/de/team/),Found,haleigh.schwartz@interworks.com
lguzman@campinterventionalpain.com,Lguzman,,Lguzman,,Unknown,Campinterventionalpain,,None,,Not Found,lguzman@campinterventionalpain.com
spirit.dorris@newhorizons.com,Spirit,Dorris,Spirit Dorris,,Unknown,Newhorizons,,None,,Not Found,spirit.dorris@newhorizons.com
arichard@southoakcapital.com,Arichard,,Arichard,,Unknown,Southoakcapital,,None,,Not Found,arichard@southoakcapital.com
rick.mulligan@newhorizons.com,Rick,Mulligan,Rick Mulligan,,Unknown,Newhorizons,,None,,Not Found,rick.mulligan@newhorizons.com
tracy.ali@newhorizons.com,Tracy,Ali,Tracy Ali,,Unknown,Newhorizons,,None,,Not Found,tracy.ali@newhorizons.com
marc@michelijewellery.com.au,Marc,,Marc,Co-Owner,Owner / Executive (C-Suite),Michelijewellery,,Medium,Website (/pages/meet-the-team),Found,marc@michelijewellery.com.au
jeremy.poling@newhorizons.com,Jeremy,Poling,Jeremy Poling,,Unknown,Newhorizons,,None,,Not Found,jeremy.poling@newhorizons.com
christopher.hebert@kahdallas.com,Christopher,Hebert,Christopher Hebert,,Unknown,Kahdallas,,None,,Not Found,christopher.hebert@kahdallas.com
steve.trainor@junk-king.com,Steve,Trainor,Steve Trainor,,Unknown,Junk King,,None,,Not Found,steve.trainor@junk-king.com
voncha.reddy@monogramhealth.com,Voncha,Reddy,Voncha Reddy,,Unknown,Monogram Health,,None,,Not Found,voncha.reddy@monogramhealth.com
arader@raderlawgroup.com,Arader,,Arader,,Unknown,Raderlaw Group,,None,,Not Found,arader@raderlawgroup.com
mkepchar@weinerlaw.com,Mkepchar,,Mkepchar,,Unknown,Weinerlaw,,None,,Not Found,mkepchar@weinerlaw.com
yleza@jbplegal.com,Yleza,,Yleza,,Unknown,Jbplegal,,None,,Not Found,yleza@jbplegal.com
terri@kanehallbarry.com,Terri,,Terri,,Unknown,Kanehallbarry,,None,,Not Found,terri@kanehallbarry.com
mlewis@weinerlaw.com,Mlewis,,Mlewis,,Unknown,Weinerlaw,,None,,Not Found,mlewis@weinerlaw.com
bhanson@weinerlaw.com,Bhanson,,Bhanson,,Unknown,Weinerlaw,,None,,Not Found,bhanson@weinerlaw.com
choward@weinerlaw.com,Choward,,Choward,,Unknown,Weinerlaw,,None,,Not Found,choward@weinerlaw.com
cjeffrey@weinerlaw.com,Cjeffrey,,Cjeffrey,,Unknown,Weinerlaw,,None,,Not Found,cjeffrey@weinerlaw.com
dwolters@weinerlaw.com,Dwolters,,Dwolters,,Unknown,Weinerlaw,,None,,Not Found,dwolters@weinerlaw.com
rbass@paulweiss.com,Rbass,,Rbass,,Unknown,Paulweiss,,None,,Not Found,rbass@paulweiss.com
masonm@maxeylaw.com,Masonm,,Masonm,,Unknown,Maxeylaw,,None,,Not Found,masonm@maxeylaw.com
dwinter@foley.com,Dwinter,,Dwinter,,Unknown,Foley,,None,,Not Found,dwinter@foley.com
ngai.zhang@foley.com,Ngai,Zhang,Ngai Zhang,,Unknown,Foley,,None,,Not Found,ngai.zhang@foley.com
pat.kane@popalock.com,Pat,Kane,Pat Kane,,Unknown,Popalock,,None,,Not Found,pat.kane@popalock.com
aric@zionandzion.com,Aric,,Aric,Associate,Staff / Coordinator,Zionandzion,,Medium,LinkedIn / Web Search,Found,aric@zionandzion.com
akimmerling@spotinc.com,Akimmerling,,Akimmerling,Administrator,Manager / Admin,Spotinc,,Low,LinkedIn / Web Search,Found,akimmerling@spotinc.com
bevans@spotinc.com,Bevans,,Bevans,,Unknown,Spotinc,,None,,Not Found,bevans@spotinc.com
ebuening@spotinc.com,Ebuening,,Ebuening,,Unknown,Spotinc,,None,,Not Found,ebuening@spotinc.com
gdrazek@njperinatal.com,Gdrazek,,Gdrazek,Director,Director / VP,Njperinatal,,Low,LinkedIn / Web Search,Found,gdrazek@njperinatal.com
lwestcott@njperinatal.com,Lwestcott,,Lwestcott,,Unknown,Njperinatal,,None,,Not Found,lwestcott@njperinatal.com
alombardo@njperinatal.com,Alombardo,,Alombardo,,Unknown,Njperinatal,,None,,Not Found,alombardo@njperinatal.com
atwaheel@rosenbergmfm.com,Atwaheel,,Atwaheel,,Unknown,Rosenbergmfm,,None,,Not Found,atwaheel@rosenbergmfm.com
tyler.bowers@mattressfirm.com,Tyler,Bowers,Tyler Bowers,,Unknown,Mattressfirm,,None,,Not Found,tyler.bowers@mattressfirm.com
dwayne.james@mattressfirm.com,Dwayne,James,Dwayne James,,Unknown,Mattressfirm,,None,,Not Found,dwayne.james@mattressfirm.com
matt@gamattressbrokers.com,Matt,,Matt,Associate,Staff / Coordinator,Gamattressbrokers,,Medium,Website (Homepage),Found,matt@gamattressbrokers.com
lpoko@hfsa.org,Lpoko,,Lpoko,CEO,Owner / Executive (C-Suite),Hfsa,,Low,LinkedIn / Web Search,Found,lpoko@hfsa.org
krishna@injectrxwellness.com,Krishna,,Krishna,,Unknown,Injectrxwellness,,None,,Not Found,krishna@injectrxwellness.com
tania@sharplight.com,Tania,,Tania,,Unknown,Sharplight,,None,,Not Found,tania@sharplight.com
kvazquez@hfsa.org,Kvazquez,,Kvazquez,,Unknown,Hfsa,,None,,Not Found,kvazquez@hfsa.org
steve.daurio@nbcuni.com,Steve,Daurio,Steve Daurio,,Unknown,Nbcuni,,None,,Not Found,steve.daurio@nbcuni.com
cmiranda@hfsa.org,Cmiranda,,Cmiranda,,Unknown,Hfsa,,None,,Not Found,cmiranda@hfsa.org
mpoinelli@hfsa.org,Mpoinelli,,Mpoinelli,,Unknown,Hfsa,,None,,Not Found,mpoinelli@hfsa.org
lplizka@aaaai.org,Lplizka,,Lplizka,Your AI Assistant From Google,Staff / Coordinator,Aaaai,,Low,LinkedIn / Web Search,Found,lplizka@aaaai.org
mbales@hfsa.org,Mbales,,Mbales,,Unknown,Hfsa,,None,,Not Found,mbales@hfsa.org
govt-issues@osteopathic.org,Govt,Issues,Govt Issues,,Unknown,Osteopathic,,None,,Not Found,govt-issues@osteopathic.org
stevie@omca.com,Stevie,,Stevie,Director,Director / VP,Omca,,Medium,LinkedIn / Web Search,Found,stevie@omca.com
sbarnes@aaaai.org,Sbarnes,,Sbarnes,,Unknown,Aaaai,,None,,Not Found,sbarnes@aaaai.org
jason@nwmedbill.com,Jason,,Jason,Director,Director / VP,Nwmedbill,,Medium,LinkedIn / Web Search,Found,jason@nwmedbill.com
austin@cannabisdocgroup.com,Austin,,Austin,,Unknown,Cannabisdoc Group,,None,,Not Found,austin@cannabisdocgroup.com
ray@omca.com,Ray,,Ray,,Unknown,Omca,,None,,Not Found,ray@omca.com
luke.fitzgerald@abbott.com,Luke,Fitzgerald,Luke Fitzgerald,Founder,Owner / Executive (C-Suite),Abbott,,Low,LinkedIn / Web Search,Found,luke.fitzgerald@abbott.com
laura@omca.com,Laura,,Laura,,Unknown,Omca,,None,,Not Found,laura@omca.com
caitlin@omca.com,Caitlin,,Caitlin,,Unknown,Omca,,None,,Not Found,caitlin@omca.com
afisher@zynex.com,Afisher,,Afisher,,Unknown,Zynex,,None,,Not Found,afisher@zynex.com
jburnside@zynex.com,Jburnside,,Jburnside,,Unknown,Zynex,,None,,Not Found,jburnside@zynex.com
aroman@zynex.com,Aroman,,Aroman,,Unknown,Zynex,,None,,Not Found,aroman@zynex.com
jmayo@zynex.com,Jmayo,,Jmayo,,Unknown,Zynex,,None,,Not Found,jmayo@zynex.com
lkessler@zynex.com,Lkessler,,Lkessler,Founder,Owner / Executive (C-Suite),Zynex,,Low,LinkedIn / Web Search,Found,lkessler@zynex.com
sdixson@zynex.com,Sdixson,,Sdixson,,Unknown,Zynex,,None,,Not Found,sdixson@zynex.com
ssammons@zynex.com,Ssammons,,Ssammons,,Unknown,Zynex,,None,,Not Found,ssammons@zynex.com
ssolis@zynex.com,Ssolis,,Ssolis,Director,Director / VP,Zynex,,Low,LinkedIn / Web Search,Found,ssolis@zynex.com
sfaulkner@zynex.com,Sfaulkner,,Sfaulkner,,Unknown,Zynex,,None,,Not Found,sfaulkner@zynex.com
amarcell@zynex.com,Amarcell,,Amarcell,Partner,Owner / Executive (C-Suite),Zynex,,Low,LinkedIn / Web Search,Found,amarcell@zynex.com
aabouelazm@zynex.com,Aabouelazm,,Aabouelazm,Din Partner I Bil,Owner / Executive (C-Suite),Zynex,,Low,LinkedIn / Web Search,Found,aabouelazm@zynex.com
jniekerk@zynex.com,Jniekerk,,Jniekerk,,Unknown,Zynex,,None,,Not Found,jniekerk@zynex.com
aisaacks@zynex.com,Aisaacks,,Aisaacks,,Unknown,Zynex,,None,,Not Found,aisaacks@zynex.com
adeboer@zynex.com,Adeboer,,Adeboer,,Unknown,Zynex,,None,,Not Found,adeboer@zynex.com
agarcia1@zynex.com,Agarcia,,Agarcia,,Unknown,Zynex,,None,,Not Found,agarcia1@zynex.com
anava@zynex.com,Anava,,Anava,,Unknown,Zynex,,None,,Not Found,anava@zynex.com
adavis1@zynex.com,Adavis,,Adavis,,Unknown,Zynex,,None,,Not Found,adavis1@zynex.com
aharris@zynex.com,Aharris,,Aharris,,Unknown,Zynex,,None,,Not Found,aharris@zynex.com
aleslie@zynex.com,Aleslie,,Aleslie,,Unknown,Zynex,,None,,Not Found,aleslie@zynex.com
acharoenkul@zynex.com,Acharoenkul,,Acharoenkul,,Unknown,Zynex,,None,,Not Found,acharoenkul@zynex.com
abroyles@zynex.com,Abroyles,,Abroyles,,Unknown,Zynex,,None,,Not Found,abroyles@zynex.com
aball@zynex.com,Aball,,Aball,,Unknown,Zynex,,None,,Not Found,aball@zynex.com
aburrows@zynex.com,Aburrows,,Aburrows,,Unknown,Zynex,,None,,Not Found,aburrows@zynex.com
acohen@zynex.com,Acohen,,Acohen,CEO,Owner / Executive (C-Suite),Zynex,,Low,LinkedIn / Web Search,Found,acohen@zynex.com
acharbonneau@zynex.com,Acharbonneau,,Acharbonneau,,Unknown,Zynex,,None,,Not Found,acharbonneau@zynex.com
ajohnsonmunoz@zynex.com,Ajohnsonmunoz,,Ajohnsonmunoz,,Unknown,Zynex,,None,,Not Found,ajohnsonmunoz@zynex.com
ahines@zynex.com,Ahines,,Ahines,,Unknown,Zynex,,None,,Not Found,ahines@zynex.com
bdchinacsec@bd.com,Bdchinacsec,,Bdchinacsec,,Unknown,Bd,,None,,Not Found,bdchinacsec@bd.com
amy.bamford@fmc-na.com,Amy,Bamford,Amy Bamford,,Unknown,Fmc Na,,None,,Not Found,amy.bamford@fmc-na.com
fsayeed@vitaledgeinstruments.com,Fsayeed,,Fsayeed,,Unknown,Vitaledgeinstruments,,None,,Not Found,fsayeed@vitaledgeinstruments.com
justin@voyagemedicalsolutions.net,Justin,,Justin,,Unknown,Voyage Medical Solutions,,None,,Not Found,justin@voyagemedicalsolutions.net
lorenia.frias@sunmed.com,Lorenia,Frias,Lorenia Frias,,Unknown,Sunmed,,None,,Not Found,lorenia.frias@sunmed.com
danielle.james@indigomedical.co.uk,Danielle,James,Danielle James,,Unknown,Indigo Medical,,None,,Not Found,danielle.james@indigomedical.co.uk
roda@indigomedical.co.uk,Roda,,Roda,,Unknown,Indigo Medical,,None,,Not Found,roda@indigomedical.co.uk
rema@indigomedical.co.uk,Rema,,Rema,,Unknown,Indigo Medical,,None,,Not Found,rema@indigomedical.co.uk
trea@indigomedical.co.uk,Trea,,Trea,,Unknown,Indigo Medical,,None,,Not Found,trea@indigomedical.co.uk
arian.vahidansari@indigomedical.co.uk,Arian,Vahidansari,Arian Vahidansari,,Unknown,Indigo Medical,,None,,Not Found,arian.vahidansari@indigomedical.co.uk
hannah@indigomedical.co.uk,Hannah,,Hannah,,Unknown,Indigo Medical,,None,,Not Found,hannah@indigomedical.co.uk
ciara.obrien@indigomedical.co.uk,Ciara,Obrien,Ciara Obrien,"Ciara (@ciara) On Instagram: ""co-owner & Co-founder @frosh",Owner / Executive (C-Suite),Indigo Medical,,Low,LinkedIn / Web Search,Found,ciara.obrien@indigomedical.co.uk
gina@indigomedical.co.uk,Gina,,Gina,,Unknown,Indigo Medical,,None,,Not Found,gina@indigomedical.co.uk
sharaz@indigomedical.co.uk,Sharaz,,Sharaz,,Unknown,Indigo Medical,,None,,Not Found,sharaz@indigomedical.co.uk
matthias.kuss@fmc-ag.com,Matthias,Kuss,Matthias Kuss,President,Owner / Executive (C-Suite),Fmc Ag,,Low,LinkedIn / Web Search,Found,matthias.kuss@fmc-ag.com
grace.vetch@indigomedical.co.uk,Grace,Vetch,Grace Vetch,,Unknown,Indigo Medical,,None,,Not Found,grace.vetch@indigomedical.co.uk
joerg.schuschnig@coveris.com,Joerg,Schuschnig,Joerg Schuschnig,Bydfi Global Partner Program,Owner / Executive (C-Suite),Coveris,,Low,LinkedIn / Web Search,Found,joerg.schuschnig@coveris.com
ian.vickery@coveris.com,Ian,Vickery,Ian Vickery,Owner,Owner / Executive (C-Suite),Coveris,,Low,LinkedIn / Web Search,Found,ian.vickery@coveris.com
sivan.corin@fmc-ag.com,Sivan,Corin,Sivan Corin,,Unknown,Fmc Ag,,None,,Not Found,sivan.corin@fmc-ag.com
david.brookes@coveris.com,David,Brookes,David Brookes,Associate,Staff / Coordinator,Coveris,,Low,LinkedIn / Web Search,Found,david.brookes@coveris.com
michaela.van-noordt@coveris.com,Michaela,Noordt,Michaela Van Noordt,,Unknown,Coveris,,None,,Not Found,michaela.van-noordt@coveris.com
will.mercer@coveris.com,Will,Mercer,Will Mercer,,Unknown,Coveris,,None,,Not Found,will.mercer@coveris.com
andrew.wright@coveris.com,Andrew,Wright,Andrew Wright,,Unknown,Coveris,,None,,Not Found,andrew.wright@coveris.com
kshahzad@medcaremso.com,Kshahzad,,Kshahzad,,Unknown,Med Care Mso,,None,,Not Found,kshahzad@medcaremso.com
jclark@theshm.org,Jclark,,Jclark,,Unknown,Theshm,,None,,Not Found,jclark@theshm.org
mj@nakedmd.com,Mj,,Mj,,Unknown,Nakedmd,,None,,Not Found,mj@nakedmd.com
shawnc@nakedmd.com,Shawnc,,Shawnc,,Unknown,Nakedmd,,None,,Not Found,shawnc@nakedmd.com
cz@nakedmd.com,Cz,,Cz,Owner,Owner / Executive (C-Suite),Nakedmd,,Medium,LinkedIn / Web Search,Found,cz@nakedmd.com
cc@nakedmd.com,Cc,,Cc,,Unknown,Nakedmd,,None,,Not Found,cc@nakedmd.com
rg@nakedmd.com,Rg,,Rg,Plastic Surgeon,Practitioner / Doctor / Faculty,Nakedmd,,Medium,Website (Homepage),Found,rg@nakedmd.com
czav@nakedmd.com,Czav,,Czav,,Unknown,Nakedmd,,None,,Not Found,czav@nakedmd.com
hello@youthful-theory.com,,,,General Inbox / Staff,Staff / Coordinator,Youthful Theory,,Medium,Role-based Mailbox,Role-Based,hello@youthful-theory.com
lz@nakedmd.com,Lz,,Lz,,Unknown,Nakedmd,,None,,Not Found,lz@nakedmd.com
acer@nakedmd.com,Acer,,Acer,,Unknown,Nakedmd,,None,,Not Found,acer@nakedmd.com
beautiful@duolaserspa.com,Beautiful,,Beautiful,,Unknown,Duolaserspa,,None,,Not Found,beautiful@duolaserspa.com
clomiguen@lecom.edu,Clomiguen,,Clomiguen,,Unknown,Lecom,,None,,Not Found,clomiguen@lecom.edu
dstyn@lecom.edu,Dstyn,,Dstyn,,Unknown,Lecom,,None,,Not Found,dstyn@lecom.edu
cjames@rossu.edu,Cjames,,Cjames,,Unknown,Rossu,,None,,Not Found,cjames@rossu.edu
ann.arrabaca@melanoma.org.au,Ann,Arrabaca,Ann Arrabaca,,Unknown,Melanoma,,None,,Not Found,ann.arrabaca@melanoma.org.au
esther.swerling@melanoma.org.au,Esther,Swerling,Esther Swerling,,Unknown,Melanoma,,None,,Not Found,esther.swerling@melanoma.org.au
danielle.fischer@melanoma.org.au,Danielle,Fischer,Danielle Fischer,,Unknown,Melanoma,,None,,Not Found,danielle.fischer@melanoma.org.au
ibrahim.saleh@melanoma.org.au,Ibrahim,Saleh,Ibrahim Saleh,,Unknown,Melanoma,,None,,Not Found,ibrahim.saleh@melanoma.org.au
shahin.sarker@melanoma.org.au,Shahin,Sarker,Shahin Sarker,,Unknown,Melanoma,,None,,Not Found,shahin.sarker@melanoma.org.au
jessica.harris@melanoma.org.au,Jessica,Harris,Jessica Harris,,Unknown,Melanoma,,None,,Not Found,jessica.harris@melanoma.org.au
matt@posterityhealth.com,Matt,,Matt,,Unknown,Posterity Health,,None,,Not Found,matt@posterityhealth.com
cecilia@posterityhealth.com,Cecilia,,Cecilia,,Unknown,Posterity Health,,None,,Not Found,cecilia@posterityhealth.com
leigh@posterityhealth.com,Leigh,,Leigh,,Unknown,Posterity Health,,None,,Not Found,leigh@posterityhealth.com
carla.gilbert@cedarcomem.com,Carla,Gilbert,Carla Gilbert,,Unknown,Cedarcomem,,None,,Not Found,carla.gilbert@cedarcomem.com
josiah.batson@cedarcomem.com,Josiah,Batson,Josiah Batson,,Unknown,Cedarcomem,,None,,Not Found,josiah.batson@cedarcomem.com
alec@posterityhealth.com,Alec,,Alec,,Unknown,Posterity Health,,None,,Not Found,alec@posterityhealth.com
elizabeth@posterityhealth.com,Elizabeth,,Elizabeth,,Unknown,Posterity Health,,None,,Not Found,elizabeth@posterityhealth.com
barrett@posterityhealth.com,Barrett,,Barrett,,Unknown,Posterity Health,,None,,Not Found,barrett@posterityhealth.com
natalie@posterityhealth.com,Natalie,,Natalie,,Unknown,Posterity Health,,None,,Not Found,natalie@posterityhealth.com
kent@posterityhealth.com,Kent,,Kent,Vice President Operations,Owner / Executive (C-Suite),Posterity Health,https://www.linkedin.com/in/rodgerskent,Medium,LinkedIn / Web Search,Found,kent@posterityhealth.com
katherine@posterityhealth.com,Katherine,,Katherine,,Unknown,Posterity Health,,None,,Not Found,katherine@posterityhealth.com
miles@posterityhealth.com,Miles,,Miles,,Unknown,Posterity Health,,None,,Not Found,miles@posterityhealth.com
haley@lionsdensmp.com,Haley,,Haley,Founder,Owner / Executive (C-Suite),Lionsdensmp,,Low,LinkedIn / Web Search,Found,haley@lionsdensmp.com
amber@victorymenshealth.com,Amber,,Amber,,Unknown,Victorymens Health,,None,,Not Found,amber@victorymenshealth.com
kerry@optimalmenscenter.com,Kerry,,Kerry,Owner of Optimal Health &amp; Wellness ...,Owner / Executive (C-Suite),Optimalmens Center,https://www.linkedin.com/in/kerry-knight-pa-c-713b6a61,High,LinkedIn / Web Search,Found,kerry@optimalmenscenter.com
angela@victorymenshealth.com,Angela,,Angela,Director,Director / VP,Victorymens Health,,Medium,LinkedIn / Web Search,Found,angela@victorymenshealth.com
kevin@menshealthboston.com,Kevin,,Kevin,,Unknown,Mens Health Boston,,None,,Not Found,kevin@menshealthboston.com
stuttle@victorymenshealth.com,Stuttle,,Stuttle,,Unknown,Victorymens Health,,None,,Not Found,stuttle@victorymenshealth.com
donna@menshealthboston.com,Donna,,Donna,,Unknown,Mens Health Boston,,None,,Not Found,donna@menshealthboston.com
drb@healingunleashed.com,Drb,,Drb,,Unknown,Healingunleashed,,None,,Not Found,drb@healingunleashed.com
info@hebervalleyhealing.com,,,,General Inbox / Staff,Staff / Coordinator,Hebervalleyhealing,,Medium,Role-based Mailbox,Role-Based,info@hebervalleyhealing.com
intake@ascensioncounseling.com,,,,General Inbox / Staff,Staff / Coordinator,Ascensioncounseling,,Medium,Role-based Mailbox,Role-Based,intake@ascensioncounseling.com
info@harvest-therapy.co.uk,,,,General Inbox / Staff,Staff / Coordinator,Harvest Therapy,,Medium,Role-based Mailbox,Role-Based,info@harvest-therapy.co.uk
drjoan@healingunleashed.com,Joan,,Joan,Medical Director,Director / VP,Healingunleashed,,Medium,Website (/team),Found,drjoan@healingunleashed.com
bmontes@thwhcounseling.com,Bmontes,,Bmontes,,Unknown,Thwhcounseling,,None,,Not Found,bmontes@thwhcounseling.com
paul@counselinglexingtonky.com,Paul,,Paul,Director,Director / VP,Counselinglexingtonky,,Medium,LinkedIn / Web Search,Found,paul@counselinglexingtonky.com
billing@ascensioncounseling.com,,,,General Inbox / Staff,Staff / Coordinator,Ascensioncounseling,,Medium,Role-based Mailbox,Role-Based,billing@ascensioncounseling.com
alice@peonycounseling.com,Alice,,Alice,,Unknown,Peonycounseling,,None,,Not Found,alice@peonycounseling.com
mgarcia@aspirecounselingservice.com,Mgarcia,,Mgarcia,,Unknown,Aspirecounselingservice,,None,,Not Found,mgarcia@aspirecounselingservice.com
mavila@consejocounseling.org,Mavila,,Mavila,CEO,Owner / Executive (C-Suite),Consejocounseling,,Low,LinkedIn / Web Search,Found,mavila@consejocounseling.org
sharon@pgccounseling.com,Sharon,,Sharon,,Unknown,Pgccounseling,,None,,Not Found,sharon@pgccounseling.com
phopper@consejocounseling.org,Phopper,,Phopper,,Unknown,Consejocounseling,,None,,Not Found,phopper@consejocounseling.org
bochoa@consejocounseling.org,Bochoa,,Bochoa,,Unknown,Consejocounseling,,None,,Not Found,bochoa@consejocounseling.org
tnguyen@consejocounseling.org,Tnguyen,,Tnguyen,,Unknown,Consejocounseling,,None,,Not Found,tnguyen@consejocounseling.org
gkleiner@consejocounseling.org,Gkleiner,,Gkleiner,,Unknown,Consejocounseling,,None,,Not Found,gkleiner@consejocounseling.org
andrea@vitalitycounselinginc.com,Andrea,,Andrea,Partner,Owner / Executive (C-Suite),Vitalitycounselinginc,,Low,LinkedIn / Web Search,Found,andrea@vitalitycounselinginc.com
drb@theloudouncenter.com,Drb,,Drb,,Unknown,Theloudoun Center,,None,,Not Found,drb@theloudouncenter.com
nikkie@consejocounseling.org,Nikkie,,Nikkie,,Unknown,Consejocounseling,,None,,Not Found,nikkie@consejocounseling.org
genevieve@awakenedheartpdx.com,Genevieve,,Genevieve,,Unknown,Awakenedheartpdx,,None,,Not Found,genevieve@awakenedheartpdx.com
llocke@ryansplace.org,Llocke,,Llocke,"Founder,ausviet Bridge| Cross-border Advisor",Owner / Executive (C-Suite),Ryansplace,,Low,LinkedIn / Web Search,Found,llocke@ryansplace.org
mackenzie@shineapp.co,Mackenzie,,Mackenzie,CEO,Owner / Executive (C-Suite),Shineapp,,Low,LinkedIn / Web Search,Found,mackenzie@shineapp.co
adeegan@ryansplace.org,Adeegan,,Adeegan,,Unknown,Ryansplace,,None,,Not Found,adeegan@ryansplace.org
tiffany.hopper@re3healing.com,Tiffany,Hopper,Tiffany Hopper,,Unknown,Re3healing,,None,,Not Found,tiffany.hopper@re3healing.com
justin@vantagementalhealth.org,Justin,,Justin,Psychiatrist,Professional,Vantagemental Health,https://www.linkedin.com/in/justin-gerstner-59b0b525,High,LinkedIn / Web Search,Found,justin@vantagementalhealth.org
nikolay.penev@newhorizons.bg,Nikolay,Penev,Nikolay Penev,,Unknown,Newhorizons,,None,,Not Found,nikolay.penev@newhorizons.bg
lclausen@mendingmh.com,Lclausen,,Lclausen,,Unknown,Mendingmh,,None,,Not Found,lclausen@mendingmh.com
chelsie@balancedmentalwellness.com,Chelsie,,Chelsie,Partner,Owner / Executive (C-Suite),Balancedmentalwellness,,Medium,LinkedIn / Web Search,Found,chelsie@balancedmentalwellness.com
sarah.mattioli@athenacare.co.uk,Sarah,Mattioli,Sarah Mattioli,,Unknown,Athena Care,,None,,Not Found,sarah.mattioli@athenacare.co.uk
cperez@axismh.com,Cperez,,Cperez,DB-GPT: Open-source Agentic AI Data Assistant,Staff / Coordinator,Axismh,,Low,LinkedIn / Web Search,Found,cperez@axismh.com
haley@balancedmentalwellness.com,Haley,,Haley,Founder,Owner / Executive (C-Suite),Balancedmentalwellness,,Low,LinkedIn / Web Search,Found,haley@balancedmentalwellness.com
christine@balancedmentalwellness.com,Christine,,Christine,Specialist,Staff / Coordinator,Balancedmentalwellness,,Medium,Website (/about),Found,christine@balancedmentalwellness.com
clara@balancedmentalwellness.com,Clara,,Clara,Patient Care Coordinator,Staff / Coordinator,Balancedmentalwellness,,Medium,Website (/about),Found,clara@balancedmentalwellness.com
jesse@balancedmentalwellness.com,Jesse,,Jesse,,Unknown,Balancedmentalwellness,,None,,Not Found,jesse@balancedmentalwellness.com
ethan@balancedmentalwellness.com,Ethan,,Ethan,Patient Care Coordinator,Staff / Coordinator,Balancedmentalwellness,,Medium,Website (/about),Found,ethan@balancedmentalwellness.com
ebourgois@crisisconnections.org,Ebourgois,,Ebourgois,,Unknown,Crisisconnections,,None,,Not Found,ebourgois@crisisconnections.org
batwell@crisisconnections.org,Batwell,,Batwell,,Unknown,Crisisconnections,,None,,Not Found,batwell@crisisconnections.org
dmayes@crisisconnections.org,Dmayes,,Dmayes,,Unknown,Crisisconnections,,None,,Not Found,dmayes@crisisconnections.org
msolis@crisisconnections.org,Olis,,Olis,President,Owner / Executive (C-Suite),Crisisconnections,,Medium,LinkedIn / Web Search,Found,msolis@crisisconnections.org
ssrinivasan@crisisconnections.org,Ssrinivasan,,Ssrinivasan,,Unknown,Crisisconnections,,None,,Not Found,ssrinivasan@crisisconnections.org
sshrimali@crisisconnections.org,Sshrimali,,Sshrimali,,Unknown,Crisisconnections,,None,,Not Found,sshrimali@crisisconnections.org
smaple@crisisconnections.org,Smaple,,Smaple,,Unknown,Crisisconnections,,None,,Not Found,smaple@crisisconnections.org
klora@crisisconnections.org,Klora,,Klora,,Unknown,Crisisconnections,,None,,Not Found,klora@crisisconnections.org
dmarkowitz@crisisconnections.org,Dmarkowitz,,Dmarkowitz,,Unknown,Crisisconnections,,None,,Not Found,dmarkowitz@crisisconnections.org
mhenry@crisisconnections.org,Mhenry,,Mhenry,,Unknown,Crisisconnections,,None,,Not Found,mhenry@crisisconnections.org
amanda.reagan@findheadway.com,Amanda,Reagan,Amanda Reagan,,Unknown,Findheadway,,None,,Not Found,amanda.reagan@findheadway.com
nbrodka@nationalmentalhealth.com,Nbrodka,,Nbrodka,,Unknown,Nationalmental Health,,None,,Not Found,nbrodka@nationalmentalhealth.com
stephanie@thisisfortify.com,Stephanie,,Stephanie,CEO,Owner / Executive (C-Suite),Thisisfortify,,Medium,Website (/about/),Found,stephanie@thisisfortify.com
themidwives@midwiferycare.org,Themidwives,,Themidwives,,Unknown,Midwifery Care,,None,,Not Found,themidwives@midwiferycare.org
grutledge@metabolichp.com,Grutledge,,Grutledge,,Unknown,Metabolichp,,None,,Not Found,grutledge@metabolichp.com
asim.malik@dispatchhealth.com,Asim,Malik,Asim Malik,,Unknown,Dispatch Health,,None,,Not Found,asim.malik@dispatchhealth.com
nicole.barker@dispatchhealth.com,Nicole,Barker,Nicole Barker,,Unknown,Dispatch Health,,None,,Not Found,nicole.barker@dispatchhealth.com
pippa.shulman@dispatchhealth.com,Pippa,Shulman,Pippa Shulman,Chief Executive Officer,Owner / Executive (C-Suite),Dispatch Health,,Medium,Website (/about),Found,pippa.shulman@dispatchhealth.com
pmitchell@dispatchhealth.com,Pmitchell,,Pmitchell,,Unknown,Dispatch Health,,None,,Not Found,pmitchell@dispatchhealth.com
paul@catchmobilehealth.com,Paul,,Paul,Director,Director / VP,Catchmobile Health,,Medium,LinkedIn / Web Search,Found,paul@catchmobilehealth.com
gregory.snyder@dispatchhealth.com,Gregory,Snyder,Gregory Snyder,,Unknown,Dispatch Health,,None,,Not Found,gregory.snyder@dispatchhealth.com
erin.bartley@dispatchhealth.com,Erin,Bartley,Erin Bartley,Chief Executive Officer,Owner / Executive (C-Suite),Dispatch Health,,Medium,Website (/about),Found,erin.bartley@dispatchhealth.com
lance@catchmobilehealth.com,Lance,,Lance,Chief Executive Officer,Owner / Executive (C-Suite),Catchmobile Health,,Medium,Website (Homepage),Found,lance@catchmobilehealth.com
emily@mobilehealthteam.com,Emily,,Emily,,Unknown,Mobile Health Team,,None,,Not Found,emily@mobilehealthteam.com
david@mobility-rx.com,David,,David,Clinical Director,Director / VP,Mobility Rx,,Medium,Website (/team),Found,david@mobility-rx.com
angela.tracey@loanmarket.com.au,Angela,Tracey,Angela Tracey,,Unknown,Loanmarket,,None,,Not Found,angela.tracey@loanmarket.com.au
mark@salmonstransfer.com,Mark,,Mark,,Unknown,Salmonstransfer,,None,,Not Found,mark@salmonstransfer.com
ken.cohen@jkmoving.com,Ken,Cohen,Ken Cohen,,Unknown,Jkmoving,,None,,Not Found,ken.cohen@jkmoving.com
rebekah.hill@jkmoving.com,Rebekah,Hill,Rebekah Hill,,Unknown,Jkmoving,,None,,Not Found,rebekah.hill@jkmoving.com
lori.camden@jkmoving.com,Lori,Camden,Lori Camden,,Unknown,Jkmoving,,None,,Not Found,lori.camden@jkmoving.com
npatel@epichealthsystems.com,Npatel,,Npatel,,Unknown,Epic Health Systems,,None,,Not Found,npatel@epichealthsystems.com
amankin@txhealthcare.com,Amankin,,Amankin,,Unknown,Tx Health Care,,None,,Not Found,amankin@txhealthcare.com
prairieville@aspenclinic.com,Prairieville,,Prairieville,,Unknown,Aspen Clinic,,None,,Not Found,prairieville@aspenclinic.com
barbie@aspenclinic.com,Barbie,,Barbie,,Unknown,Aspen Clinic,,None,,Not Found,barbie@aspenclinic.com
batonrouge@aspenclinic.com,Batonrouge,,Batonrouge,,Unknown,Aspen Clinic,,None,,Not Found,batonrouge@aspenclinic.com
metairie@aspenclinic.com,Metairie,,Metairie,,Unknown,Aspen Clinic,,None,,Not Found,metairie@aspenclinic.com
jheberlein@thedoctorsclinic.com,Jheberlein,,Jheberlein,Owner,Owner / Executive (C-Suite),Thedoctors Clinic,,Low,LinkedIn / Web Search,Found,jheberlein@thedoctorsclinic.com
jjones@thedoctorsclinic.com,Jjones,,Jjones,CEO,Owner / Executive (C-Suite),Thedoctors Clinic,,Low,LinkedIn / Web Search,Found,jjones@thedoctorsclinic.com
cberg@thedoctorsclinic.com,Cberg,,Cberg,,Unknown,Thedoctors Clinic,,None,,Not Found,cberg@thedoctorsclinic.com
kgallington@thedoctorsclinic.com,Kgallington,,Kgallington,,Unknown,Thedoctors Clinic,,None,,Not Found,kgallington@thedoctorsclinic.com
timothy@willisclinic.com,Timothy,,Timothy,Timothy Willis Chief Operating Officer,Owner / Executive (C-Suite),Willis Clinic,,Medium,Website (/team),Found,timothy@willisclinic.com
lindsay.fitzgerald@intermed.com,Lindsay,Fitzgerald,Lindsay Fitzgerald,Partner,Owner / Executive (C-Suite),Intermed,,Low,LinkedIn / Web Search,Found,lindsay.fitzgerald@intermed.com
chajok@saliencehealth.com,Chajok,,Chajok,,Unknown,Salience Health,,None,,Not Found,chajok@saliencehealth.com
stacy.cloutier@intermed.com,Stacy,Cloutier,Stacy Cloutier,,Unknown,Intermed,,None,,Not Found,stacy.cloutier@intermed.com
melissa.miller@intermed.com,Melissa,Miller,Melissa Miller,,Unknown,Intermed,,None,,Not Found,melissa.miller@intermed.com
mark.jones@intermed.com,Mark,Jones,Mark Jones,,Unknown,Intermed,,None,,Not Found,mark.jones@intermed.com
nicole.thayer@intermed.com,Nicole,Thayer,Nicole Thayer,,Unknown,Intermed,,None,,Not Found,nicole.thayer@intermed.com
mworley@intermed.com,Mworley,,Mworley,Analyst,Professional,Intermed,,Low,LinkedIn / Web Search,Found,mworley@intermed.com
alex.deering@intermed.com,Alex,Deering,Alex Deering,,Unknown,Intermed,,None,,Not Found,alex.deering@intermed.com
emily.deerwester@intermed.com,Emily,Deerwester,Emily Deerwester,,Unknown,Intermed,,None,,Not Found,emily.deerwester@intermed.com
maura.fox@intermed.com,Maura,Fox,Maura Fox,,Unknown,Intermed,,None,,Not Found,maura.fox@intermed.com
kstang@capefearclinic.org,Kstang,,Kstang,,Unknown,Capefear Clinic,,None,,Not Found,kstang@capefearclinic.org
vtorres@premiermgllc.com,Vtorres,,Vtorres,,Unknown,Premiermgllc,,None,,Not Found,vtorres@premiermgllc.com
greg.muhs@hmutx.com,Greg,Muhs,Greg Muhs,,Unknown,Hmutx,,None,,Not Found,greg.muhs@hmutx.com
tracey.greaves@premiermedical.co.uk,Tracey,Greaves,Tracey Greaves,,Unknown,Premier Medical,,None,,Not Found,tracey.greaves@premiermedical.co.uk
zvi.schiffman@hmutx.com,Zvi,Schiffman,Zvi Schiffman,Chief Executive Officer of Sanofi,Owner / Executive (C-Suite),Hmutx,,Low,LinkedIn / Web Search,Found,zvi.schiffman@hmutx.com
dezell@watsonclinic.com,Dezell,,Dezell,,Unknown,Watson Clinic,,None,,Not Found,dezell@watsonclinic.com
michelle.buslov@reliantmedicalgroup.org,Michelle,Buslov,Michelle Buslov,,Unknown,Reliant Medical Group,,None,,Not Found,michelle.buslov@reliantmedicalgroup.org
james.kenealy@reliantmedicalgroup.org,James,Kenealy,James Kenealy,,Unknown,Reliant Medical Group,,None,,Not Found,james.kenealy@reliantmedicalgroup.org
sjackson@southeastmedicalgroup.com,Sjackson,,Sjackson,,Unknown,Southeast Medical Group,,None,,Not Found,sjackson@southeastmedicalgroup.com
dthomas@southeastmedicalgroup.com,Dthomas,,Dthomas,,Unknown,Southeast Medical Group,,None,,Not Found,dthomas@southeastmedicalgroup.com
ctweet@bozemanclinic.com,Ctweet,,Ctweet,,Unknown,Bozeman Clinic,,None,,Not Found,ctweet@bozemanclinic.com
drosenstein@imsdoctors.com,Osenstein,,Osenstein,,Unknown,Imsdoctors,,None,,Not Found,drosenstein@imsdoctors.com
epatterson@southeastmedicalgroup.com,Epatterson,,Epatterson,,Unknown,Southeast Medical Group,,None,,Not Found,epatterson@southeastmedicalgroup.com
keith.sparenberg@texasregionalclinic.com,Keith,Sparenberg,Keith Sparenberg,,Unknown,Texasregional Clinic,,None,,Not Found,keith.sparenberg@texasregionalclinic.com
omar.nolasco@kelsey-seybold.com,Omar,Nolasco,Omar Nolasco,D.masilamani & S.jayanthi P.G Assistant In Tamil …,Staff / Coordinator,Kelsey Seybold,,Low,LinkedIn / Web Search,Found,omar.nolasco@kelsey-seybold.com
salma.mangal@bassmedicalgroup.com,Salma,Mangal,Salma Mangal,,Unknown,Bass Medical Group,,None,,Not Found,salma.mangal@bassmedicalgroup.com
cpmathews@northstarmedicalspecialists.com,Cpmathews,,Cpmathews,,Unknown,Northstar Medical Specialists,,None,,Not Found,cpmathews@northstarmedicalspecialists.com
nichole.jackson@kelsey-seybold.com,Nichole,Jackson,Nichole Jackson,,Unknown,Kelsey Seybold,,None,,Not Found,nichole.jackson@kelsey-seybold.com
allison.luedeker@kelsey-seybold.com,Allison,Luedeker,Allison Luedeker,,Unknown,Kelsey Seybold,,None,,Not Found,allison.luedeker@kelsey-seybold.com
diana.lopez@kelsey-seybold.com,Diana,Lopez,Diana Lopez,,Unknown,Kelsey Seybold,,None,,Not Found,diana.lopez@kelsey-seybold.com
jarobbins@austinregionalclinic.com,Jarobbins,,Jarobbins,,Unknown,Austinregional Clinic,,None,,Not Found,jarobbins@austinregionalclinic.com
kenya.talbert@kelsey-seybold.com,Kenya,Talbert,Kenya Talbert,,Unknown,Kelsey Seybold,,None,,Not Found,kenya.talbert@kelsey-seybold.com
margaret.kraft@kelsey-seybold.com,Margaret,Kraft,Margaret Kraft,,Unknown,Kelsey Seybold,,None,,Not Found,margaret.kraft@kelsey-seybold.com
rosario.martinez@kelsey-seybold.com,Rosario,Martinez,Rosario Martinez,,Unknown,Kelsey Seybold,,None,,Not Found,rosario.martinez@kelsey-seybold.com
tanderson@southeastmedicalgroup.com,Tanderson,,Tanderson,,Unknown,Southeast Medical Group,,None,,Not Found,tanderson@southeastmedicalgroup.com
alongenecker@capefearclinic.org,Alongenecker,,Alongenecker,,Unknown,Capefear Clinic,,None,,Not Found,alongenecker@capefearclinic.org
sean.mccarthy@reliantmedicalgroup.org,Sean,Mccarthy,Sean Mccarthy,,Unknown,Reliant Medical Group,,None,,Not Found,sean.mccarthy@reliantmedicalgroup.org
louis.jenis@reliantmedicalgroup.org,Louis,Jenis,Louis Jenis,,Unknown,Reliant Medical Group,,None,,Not Found,louis.jenis@reliantmedicalgroup.org
mturner@imperialhealth.com,Mturner,,Mturner,,Unknown,Imperial Health,,None,,Not Found,mturner@imperialhealth.com
melody.deguzman@kelsey-seybold.com,Melody,Deguzman,Melody Deguzman,,Unknown,Kelsey Seybold,,None,,Not Found,melody.deguzman@kelsey-seybold.com
dguidry@kelsey-seybold.com,Dguidry,,Dguidry,,Unknown,Kelsey Seybold,,None,,Not Found,dguidry@kelsey-seybold.com
rose.martinez@kelsey-seybold.com,Rose,Martinez,Rose Martinez,,Unknown,Kelsey Seybold,,None,,Not Found,rose.martinez@kelsey-seybold.com
cheryl.joseph@kelsey-seybold.com,Cheryl,Joseph,Cheryl Joseph,,Unknown,Kelsey Seybold,,None,,Not Found,cheryl.joseph@kelsey-seybold.com
jamie.freeman@kelsey-seybold.com,Jamie,Freeman,Jamie Freeman,Wellness Coordinator,Staff / Coordinator,Kelsey Seybold,https://www.linkedin.com/in/jamie-freeman-43117790,High,LinkedIn / Web Search,Found,jamie.freeman@kelsey-seybold.com
maria.martinez@kelsey-seybold.com,Maria,Martinez,Maria Martinez,Director,Director / VP,Kelsey Seybold,,Low,LinkedIn / Web Search,Found,maria.martinez@kelsey-seybold.com
benafsha.irani@kelsey-seybold.com,Benafsha,Irani,Benafsha Irani,,Unknown,Kelsey Seybold,,None,,Not Found,benafsha.irani@kelsey-seybold.com
preston.nevlud@kelsey-seybold.com,Preston,Nevlud,Preston Nevlud,Marketing Performance Specialist,Staff / Coordinator,Kelsey Seybold,https://www.linkedin.com/in/pnevlud,Medium,LinkedIn / Web Search,Found,preston.nevlud@kelsey-seybold.com
jaron.banks@kelsey-seybold.com,Jaron,Banks,Jaron Banks,,Unknown,Kelsey Seybold,,None,,Not Found,jaron.banks@kelsey-seybold.com
kayla.belin@kelsey-seybold.com,Kayla,Belin,Kayla Belin,Physician Assistant,Practitioner / Doctor / Faculty,Kelsey Seybold,https://www.linkedin.com/in/kayla-belin-pa-c-0a12199a,Medium,LinkedIn / Web Search,Found,kayla.belin@kelsey-seybold.com
david.weed@kelsey-seybold.com,David,Weed,David Weed,"Partner Yoga Challenge| Strength,balance& Trust",Owner / Executive (C-Suite),Kelsey Seybold,,Low,LinkedIn / Web Search,Found,david.weed@kelsey-seybold.com
donteja.barnes-smart@kelsey-seybold.com,Donteja,Smart,Donteja Barnes Smart,CEO,Owner / Executive (C-Suite),Kelsey Seybold,,Low,LinkedIn / Web Search,Found,donteja.barnes-smart@kelsey-seybold.com
mfelger@austinregionalclinic.com,Mfelger,,Mfelger,,Unknown,Austinregional Clinic,,None,,Not Found,mfelger@austinregionalclinic.com
mrramirez@austinregionalclinic.com,Ramirez,,Ramirez,,Unknown,Austinregional Clinic,,None,,Not Found,mrramirez@austinregionalclinic.com
annette.parson@kelsey-seybold.com,Annette,Parson,Annette Parson,,Unknown,Kelsey Seybold,,None,,Not Found,annette.parson@kelsey-seybold.com
creshawnda.spears-bernard@kelsey-seybold.com,Creshawnda,Bernard,Creshawnda Spears Bernard,,Unknown,Kelsey Seybold,,None,,Not Found,creshawnda.spears-bernard@kelsey-seybold.com
shepherd.l@kelsey-seybold.com,Shepherd,L,Shepherd L,,Unknown,Kelsey Seybold,,None,,Not Found,shepherd.l@kelsey-seybold.com
haley.mcdonald@kelsey-seybold.com,Haley,Mcdonald,Haley Mcdonald,Founder,Owner / Executive (C-Suite),Kelsey Seybold,,Low,LinkedIn / Web Search,Found,haley.mcdonald@kelsey-seybold.com
angelica.higgins@kelsey-seybold.com,Angelica,Higgins,Angelica Higgins,Principal,Owner / Executive (C-Suite),Kelsey Seybold,,Low,LinkedIn / Web Search,Found,angelica.higgins@kelsey-seybold.com
kolanda.johnson@kelsey-seybold.com,Kolanda,Johnson,Kolanda Johnson,,Unknown,Kelsey Seybold,,None,,Not Found,kolanda.johnson@kelsey-seybold.com
alexander.constantine@kelsey-seybold.com,Alexander,Constantine,Alexander Constantine,,Unknown,Kelsey Seybold,,None,,Not Found,alexander.constantine@kelsey-seybold.com
omeed.paknejad@kelsey-seybold.com,Omeed,Paknejad,Omeed Paknejad,Specialist,Staff / Coordinator,Kelsey Seybold,https://www.linkedin.com/in/omeed-paknejad-3b39464a,Medium,LinkedIn / Web Search,Found,omeed.paknejad@kelsey-seybold.com
flowers.batina@kelsey-seybold.com,Flowers,Batina,Flowers Batina,,Unknown,Kelsey Seybold,,None,,Not Found,flowers.batina@kelsey-seybold.com
slopez@austinregionalclinic.com,Slopez,,Slopez,,Unknown,Austinregional Clinic,,None,,Not Found,slopez@austinregionalclinic.com
cynthia.nuno@kelsey-seybold.com,Cynthia,Nuno,Cynthia Nuno,旅行&戶外探索 🦢 Founder,Owner / Executive (C-Suite),Kelsey Seybold,,Low,LinkedIn / Web Search,Found,cynthia.nuno@kelsey-seybold.com
lujean.johnson@kelsey-seybold.com,Lujean,Johnson,Lujean Johnson,,Unknown,Kelsey Seybold,,None,,Not Found,lujean.johnson@kelsey-seybold.com
miguel.velasquez@kelsey-seybold.com,Miguel,Velasquez,Miguel Velasquez,,Unknown,Kelsey Seybold,,None,,Not Found,miguel.velasquez@kelsey-seybold.com
carlitheia.carter@kelsey-seybold.com,Carlitheia,Carter,Carlitheia Carter,,Unknown,Kelsey Seybold,,None,,Not Found,carlitheia.carter@kelsey-seybold.com
vickey.rice@kelsey-seybold.com,Vickey,Rice,Vickey Rice,,Unknown,Kelsey Seybold,,None,,Not Found,vickey.rice@kelsey-seybold.com
janderson@austinregionalclinic.com,Janderson,,Janderson,,Unknown,Austinregional Clinic,,None,,Not Found,janderson@austinregionalclinic.com
hafsa.med@kelsey-seybold.com,Hafsa,Med,Hafsa Med,,Unknown,Kelsey Seybold,,None,,Not Found,hafsa.med@kelsey-seybold.com
jeanene.smith@kelsey-seybold.com,Jeanene,Smith,Jeanene Smith,,Unknown,Kelsey Seybold,,None,,Not Found,jeanene.smith@kelsey-seybold.com
patricia.records@kelsey-seybold.com,Patricia,Records,Patricia Records,,Unknown,Kelsey Seybold,,None,,Not Found,patricia.records@kelsey-seybold.com
anna.lis@kelsey-seybold.com,Anna,Lis,Anna Lis,,Unknown,Kelsey Seybold,,None,,Not Found,anna.lis@kelsey-seybold.com
trey.burrow@kelsey-seybold.com,Trey,Burrow,Trey Burrow,,Unknown,Kelsey Seybold,,None,,Not Found,trey.burrow@kelsey-seybold.com
jamey.pippert@kelsey-seybold.com,Jamey,Pippert,Jamey Pippert,,Unknown,Kelsey Seybold,,None,,Not Found,jamey.pippert@kelsey-seybold.com
plonkar@austinregionalclinic.com,Plonkar,,Plonkar,,Unknown,Austinregional Clinic,,None,,Not Found,plonkar@austinregionalclinic.com
lee.davidson@kelsey-seybold.com,Lee,Davidson,Lee Davidson,,Unknown,Kelsey Seybold,,None,,Not Found,lee.davidson@kelsey-seybold.com
faustina.martinez@kelsey-seybold.com,Faustina,Martinez,Faustina Martinez,and I Am the Chief Business Officer,Owner / Executive (C-Suite),Kelsey Seybold,,Low,LinkedIn / Web Search,Found,faustina.martinez@kelsey-seybold.com
nancy.carranza@kelsey-seybold.com,Nancy,Carranza,Nancy Carranza,,Unknown,Kelsey Seybold,,None,,Not Found,nancy.carranza@kelsey-seybold.com
abdi.rasekh@kelsey-seybold.com,Abdi,Rasekh,Abdi Rasekh,,Unknown,Kelsey Seybold,,None,,Not Found,abdi.rasekh@kelsey-seybold.com
mehran.massumi@kelsey-seybold.com,Mehran,Massumi,Mehran Massumi,,Unknown,Kelsey Seybold,,None,,Not Found,mehran.massumi@kelsey-seybold.com
jennifer.bonilla@kelsey-seybold.com,Jennifer,Bonilla,Jennifer Bonilla,,Unknown,Kelsey Seybold,,None,,Not Found,jennifer.bonilla@kelsey-seybold.com
kausar.mukhi@kelsey-seybold.com,Kausar,Mukhi,Kausar Mukhi,,Unknown,Kelsey Seybold,,None,,Not Found,kausar.mukhi@kelsey-seybold.com
andrew.vader@kelsey-seybold.com,Andrew,Vader,Andrew Vader,,Unknown,Kelsey Seybold,,None,,Not Found,andrew.vader@kelsey-seybold.com
esmeralda.delatorre@kelsey-seybold.com,Esmeralda,Delatorre,Esmeralda Delatorre,,Unknown,Kelsey Seybold,,None,,Not Found,esmeralda.delatorre@kelsey-seybold.com
cynthia.garcia@kelsey-seybold.com,Cynthia,Garcia,Cynthia Garcia,旅行&戶外探索 🦢 Founder,Owner / Executive (C-Suite),Kelsey Seybold,,Low,LinkedIn / Web Search,Found,cynthia.garcia@kelsey-seybold.com
jlwilhite@austinregionalclinic.com,Jlwilhite,,Jlwilhite,,Unknown,Austinregional Clinic,,None,,Not Found,jlwilhite@austinregionalclinic.com
jahanzeb.shaikh@kelsey-seybold.com,Jahanzeb,Shaikh,Jahanzeb Shaikh,,Unknown,Kelsey Seybold,,None,,Not Found,jahanzeb.shaikh@kelsey-seybold.com
latonya.p@kelsey-seybold.com,Latonya,P,Latonya P,,Unknown,Kelsey Seybold,,None,,Not Found,latonya.p@kelsey-seybold.com
mvallejo@austinregionalclinic.com,Mvallejo,,Mvallejo,,Unknown,Austinregional Clinic,,None,,Not Found,mvallejo@austinregionalclinic.com
elmira.hansen@kelsey-seybold.com,Elmira,Hansen,Elmira Hansen,,Unknown,Kelsey Seybold,,None,,Not Found,elmira.hansen@kelsey-seybold.com
zakia.beg@kelsey-seybold.com,Zakia,Beg,Zakia Beg,,Unknown,Kelsey Seybold,,None,,Not Found,zakia.beg@kelsey-seybold.com
mohsin.ali@kelsey-seybold.com,Mohsin,Ali,Mohsin Ali,,Unknown,Kelsey Seybold,,None,,Not Found,mohsin.ali@kelsey-seybold.com
deleon.dancy@kelsey-seybold.com,Deleon,Dancy,Deleon Dancy,,Unknown,Kelsey Seybold,,None,,Not Found,deleon.dancy@kelsey-seybold.com
cynthia.garner@kelsey-seybold.com,Cynthia,Garner,Cynthia Garner,旅行&戶外探索 🦢 Founder,Owner / Executive (C-Suite),Kelsey Seybold,,Low,LinkedIn / Web Search,Found,cynthia.garner@kelsey-seybold.com
tina.miller@kelsey-seybold.com,Tina,Miller,Tina Miller,,Unknown,Kelsey Seybold,,None,,Not Found,tina.miller@kelsey-seybold.com
jorge.tobar@austinregionalclinic.com,Jorge,Tobar,Jorge Tobar,,Unknown,Austinregional Clinic,,None,,Not Found,jorge.tobar@austinregionalclinic.com
shanschen@austinregionalclinic.com,Shanschen,,Shanschen,Free AI Assistant,Staff / Coordinator,Austinregional Clinic,,Low,LinkedIn / Web Search,Found,shanschen@austinregionalclinic.com
jburgess@austinregionalclinic.com,Jburgess,,Jburgess,,Unknown,Austinregional Clinic,,None,,Not Found,jburgess@austinregionalclinic.com
danica.hutchins@kelsey-seybold.com,Danica,Hutchins,Danica Hutchins,DB-GPT: Open-source Agentic AI Data Assistant,Staff / Coordinator,Kelsey Seybold,,Low,LinkedIn / Web Search,Found,danica.hutchins@kelsey-seybold.com
pamela.sease@kelsey-seybold.com,Pamela,Sease,Pamela Sease,,Unknown,Kelsey Seybold,,None,,Not Found,pamela.sease@kelsey-seybold.com
jaci.fay-wilks@kelsey-seybold.com,Jaci,Wilks,Jaci Fay Wilks,,Unknown,Kelsey Seybold,,None,,Not Found,jaci.fay-wilks@kelsey-seybold.com
john.hancock@kelsey-seybold.com,John,Hancock,John Hancock,,Unknown,Kelsey Seybold,,None,,Not Found,john.hancock@kelsey-seybold.com
codom@southeastmedicalgroup.com,Codom,,Codom,,Unknown,Southeast Medical Group,,None,,Not Found,codom@southeastmedicalgroup.com
kbrown@lmgdoctors.com,Kbrown,,Kbrown,,Unknown,Lmgdoctors,,None,,Not Found,kbrown@lmgdoctors.com
jsnodgrass@springfieldclinic.com,Jsnodgrass,,Jsnodgrass,,Unknown,Springfield Clinic,,None,,Not Found,jsnodgrass@springfieldclinic.com
landgrebek@newtonclinic.com,Landgrebek,,Landgrebek,Manage Your Google Password Manager PIN,Manager / Admin,Newton Clinic,,Low,LinkedIn / Web Search,Found,landgrebek@newtonclinic.com
gslings@newtonclinic.com,Gslings,,Gslings,,Unknown,Newton Clinic,,None,,Not Found,gslings@newtonclinic.com
bghadishah@imsdoctors.com,Bghadishah,,Bghadishah,,Unknown,Imsdoctors,,None,,Not Found,bghadishah@imsdoctors.com
julie@newtonclinic.com,Julie,,Julie,Sameermusic Director,Director / VP,Newton Clinic,,Medium,LinkedIn / Web Search,Found,julie@newtonclinic.com
leonard.spishakoff@duly.com,Leonard,Spishakoff,Leonard Spishakoff,,Unknown,Duly,,None,,Not Found,leonard.spishakoff@duly.com
lyndi@newtonclinic.com,Lyndi,,Lyndi,,Unknown,Newton Clinic,,None,,Not Found,lyndi@newtonclinic.com
ksohail@saliencehealth.com,Ksohail,,Ksohail,,Unknown,Salience Health,,None,,Not Found,ksohail@saliencehealth.com
sgarza@saliencehealth.com,Sgarza,,Sgarza,,Unknown,Salience Health,,None,,Not Found,sgarza@saliencehealth.com
sdauphin@saliencehealth.com,Sdauphin,,Sdauphin,,Unknown,Salience Health,,None,,Not Found,sdauphin@saliencehealth.com
bhetrick@saliencehealth.com,Bhetrick,,Bhetrick,,Unknown,Salience Health,,None,,Not Found,bhetrick@saliencehealth.com
jbailleu@saliencehealth.com,Jbailleu,,Jbailleu,,Unknown,Salience Health,,None,,Not Found,jbailleu@saliencehealth.com
azaya@saliencehealth.com,Azaya,,Azaya,,Unknown,Salience Health,,None,,Not Found,azaya@saliencehealth.com
kmontgomery@saliencehealth.com,Kmontgomery,,Kmontgomery,,Unknown,Salience Health,,None,,Not Found,kmontgomery@saliencehealth.com
drbaba@cls.health,Baba,,Baba,President,Owner / Executive (C-Suite),Cls,,Medium,Website (/about-us),Found,drbaba@cls.health
tmcdowell@southeastmedicalgroup.com,Tmcdowell,,Tmcdowell,Owner,Owner / Executive (C-Suite),Southeast Medical Group,,Low,LinkedIn / Web Search,Found,tmcdowell@southeastmedicalgroup.com
jstone@southeastmedicalgroup.com,Jstone,,Jstone,,Unknown,Southeast Medical Group,,None,,Not Found,jstone@southeastmedicalgroup.com
nichola.hayes@premiermedical.co.uk,Nichola,Hayes,Nichola Hayes,,Unknown,Premier Medical,,None,,Not Found,nichola.hayes@premiermedical.co.uk
acarlyon@northstarmedicalspecialists.com,Acarlyon,,Acarlyon,,Unknown,Northstar Medical Specialists,,None,,Not Found,acarlyon@northstarmedicalspecialists.com
mcalmer@white-wilson.com,Mcalmer,,Mcalmer,,Unknown,White Wilson,,None,,Not Found,mcalmer@white-wilson.com
cdavis@white-wilson.com,Cdavis,,Cdavis,,Unknown,White Wilson,,None,,Not Found,cdavis@white-wilson.com
lalevato@white-wilson.com,Lalevato,,Lalevato,,Unknown,White Wilson,,None,,Not Found,lalevato@white-wilson.com
klong@white-wilson.com,Klong,,Klong,,Unknown,White Wilson,,None,,Not Found,klong@white-wilson.com
ibethea@white-wilson.com,Ibethea,,Ibethea,,Unknown,White Wilson,,None,,Not Found,ibethea@white-wilson.com
aortega@white-wilson.com,Aortega,,Aortega,AI Coding Partner From Openai,Owner / Executive (C-Suite),White Wilson,,Low,LinkedIn / Web Search,Found,aortega@white-wilson.com
jpitts@white-wilson.com,Jpitts,,Jpitts,,Unknown,White Wilson,,None,,Not Found,jpitts@white-wilson.com
ahenry@white-wilson.com,Ahenry,,Ahenry,,Unknown,White Wilson,,None,,Not Found,ahenry@white-wilson.com
lcarneiro@white-wilson.com,Lcarneiro,,Lcarneiro,,Unknown,White Wilson,,None,,Not Found,lcarneiro@white-wilson.com
plee@white-wilson.com,Plee,,Plee,,Unknown,White Wilson,,None,,Not Found,plee@white-wilson.com
bsnyder@altushealthsystem.com,Bsnyder,,Bsnyder,,Unknown,Altus Health System,,None,,Not Found,bsnyder@altushealthsystem.com
tdickey@summitdoctors.com,Tdickey,,Tdickey,,Unknown,Summitdoctors,,None,,Not Found,tdickey@summitdoctors.com
brobinson@altushealthsystem.com,Brobinson,,Brobinson,,Unknown,Altus Health System,,None,,Not Found,brobinson@altushealthsystem.com
sgreen@altushealthsystem.com,Sgreen,,Sgreen,,Unknown,Altus Health System,,None,,Not Found,sgreen@altushealthsystem.com
rgillespie@altushealthsystem.com,Rgillespie,,Rgillespie,,Unknown,Altus Health System,,None,,Not Found,rgillespie@altushealthsystem.com
mhajovsky@altushealthsystem.com,Mhajovsky,,Mhajovsky,,Unknown,Altus Health System,,None,,Not Found,mhajovsky@altushealthsystem.com
bmoreno@altushealthsystem.com,Bmoreno,,Bmoreno,,Unknown,Altus Health System,,None,,Not Found,bmoreno@altushealthsystem.com
cwebb@altushealthsystem.com,Cwebb,,Cwebb,,Unknown,Altus Health System,,None,,Not Found,cwebb@altushealthsystem.com
jhutchins@altushealthsystem.com,Jhutchins,,Jhutchins,,Unknown,Altus Health System,,None,,Not Found,jhutchins@altushealthsystem.com
dcheng@altushealthsystem.com,Dcheng,,Dcheng,,Unknown,Altus Health System,,None,,Not Found,dcheng@altushealthsystem.com
bstice@wsmg-lga.com,Bstice,,Bstice,,Unknown,Wsmg Lga,,None,,Not Found,bstice@wsmg-lga.com
jvicens-villafana@ocwmg.com,Jvicens,Villafana,Jvicens Villafana,,Unknown,Ocwmg,,None,,Not Found,jvicens-villafana@ocwmg.com
istork1@ocwmg.com,Istork,,Istork,,Unknown,Ocwmg,,None,,Not Found,istork1@ocwmg.com
winter@ocwmg.com,Winter,,Winter,,Unknown,Ocwmg,,None,,Not Found,winter@ocwmg.com
araffo@ocwmg.com,Araffo,,Araffo,,Unknown,Ocwmg,,None,,Not Found,araffo@ocwmg.com
cpatchett@ocwmg.com,Cpatchett,,Cpatchett,,Unknown,Ocwmg,,None,,Not Found,cpatchett@ocwmg.com
twhitman@ocwmg.com,Twhitman,,Twhitman,,Unknown,Ocwmg,,None,,Not Found,twhitman@ocwmg.com
jlogan@pmg-net.com,Jlogan,,Jlogan,,Unknown,Pmg Net,,None,,Not Found,jlogan@pmg-net.com
akim@ocwmg.com,Akim,,Akim,,Unknown,Ocwmg,,None,,Not Found,akim@ocwmg.com
jasonv@pmg-net.com,Jasonv,,Jasonv,,Unknown,Pmg Net,,None,,Not Found,jasonv@pmg-net.com
bmiller@facultyphysicians.com,Bmiller,,Bmiller,Owner,Owner / Executive (C-Suite),Facultyphysicians,,Low,LinkedIn / Web Search,Found,bmiller@facultyphysicians.com
phasler@facultyphysicians.com,Phasler,,Phasler,,Unknown,Facultyphysicians,,None,,Not Found,phasler@facultyphysicians.com
rholloway@facultyphysicians.com,Rholloway,,Rholloway,,Unknown,Facultyphysicians,,None,,Not Found,rholloway@facultyphysicians.com
swarwick@facultyphysicians.com,Swarwick,,Swarwick,,Unknown,Facultyphysicians,,None,,Not Found,swarwick@facultyphysicians.com
shalina.thornhill@cmgdoctor.com,Shalina,Thornhill,Shalina Thornhill,,Unknown,Cmgdoctor,,None,,Not Found,shalina.thornhill@cmgdoctor.com
taleah.rule@cmgdoctor.com,Taleah,Rule,Taleah Rule,,Unknown,Cmgdoctor,,None,,Not Found,taleah.rule@cmgdoctor.com
renny.abraham@cmgdoctor.com,Renny,Abraham,Renny Abraham,,Unknown,Cmgdoctor,,None,,Not Found,renny.abraham@cmgdoctor.com
christina.joslin@cmgdoctor.com,Christina,Joslin,Christina Joslin,,Unknown,Cmgdoctor,,None,,Not Found,christina.joslin@cmgdoctor.com
salomi.rami@cmgdoctor.com,Salomi,Rami,Salomi Rami,,Unknown,Cmgdoctor,,None,,Not Found,salomi.rami@cmgdoctor.com
nicole.gent@cmgdoctor.com,Nicole,Gent,Nicole Gent,,Unknown,Cmgdoctor,,None,,Not Found,nicole.gent@cmgdoctor.com
ademas@btmg.com,Ademas,,Ademas,,Unknown,Btmg,,None,,Not Found,ademas@btmg.com
cmartin@btmg.com,Cmartin,,Cmartin,,Unknown,Btmg,,None,,Not Found,cmartin@btmg.com
cchanco@btmg.com,Cchanco,,Cchanco,,Unknown,Btmg,,None,,Not Found,cchanco@btmg.com
jrhodes@btmg.com,Jrhodes,,Jrhodes,,Unknown,Btmg,,None,,Not Found,jrhodes@btmg.com
gareth.hughes@phmg.com,Gareth,Hughes,Gareth Hughes,,Unknown,Phmg,,None,,Not Found,gareth.hughes@phmg.com
lori.glenn@phmg.com,Lori,Glenn,Lori Glenn,,Unknown,Phmg,,None,,Not Found,lori.glenn@phmg.com
daniel.halkyard@phmg.com,Daniel,Halkyard,Daniel Halkyard,Director,Director / VP,Phmg,,Low,LinkedIn / Web Search,Found,daniel.halkyard@phmg.com
lorna.johnson@phmg.com,Lorna,Johnson,Lorna Johnson,"@lorna On Instagram: ""founder @l_a_s_lifestyle …",Owner / Executive (C-Suite),Phmg,,Low,LinkedIn / Web Search,Found,lorna.johnson@phmg.com
tara.evans@phmg.com,Tara,Evans,Tara Evans,,Unknown,Phmg,,None,,Not Found,tara.evans@phmg.com
alan.jolley@phmg.com,Alan,Jolley,Alan Jolley,,Unknown,Phmg,,None,,Not Found,alan.jolley@phmg.com
bjoson@btmg.com,Bjoson,,Bjoson,,Unknown,Btmg,,None,,Not Found,bjoson@btmg.com
donnie.mathers@phmg.com,Donnie,Mathers,Donnie Mathers,,Unknown,Phmg,,None,,Not Found,donnie.mathers@phmg.com
ben.makinson@phmg.com,Ben,Makinson,Ben Makinson,,Unknown,Phmg,,None,,Not Found,ben.makinson@phmg.com
achung@dallashealthpartners.com,Achung,,Achung,,Unknown,Dallas Health Partners,,None,,Not Found,achung@dallashealthpartners.com
marissa@dallashealthpartners.com,Marissa,,Marissa,,Unknown,Dallas Health Partners,,None,,Not Found,marissa@dallashealthpartners.com
chloe.loftus@phmg.com,Chloe,Loftus,Chloe Loftus,,Unknown,Phmg,,None,,Not Found,chloe.loftus@phmg.com
jcarter@msahealthcare.com,Jcarter,,Jcarter,,Unknown,Msa Health Care,,None,,Not Found,jcarter@msahealthcare.com
jspero@ihphysicians.com,Jspero,,Jspero,,Unknown,Ihphysicians,,None,,Not Found,jspero@ihphysicians.com
tharden@ihphysicians.com,Tharden,,Tharden,,Unknown,Ihphysicians,,None,,Not Found,tharden@ihphysicians.com
cdejesus@ihphysicians.com,Cdejesus,,Cdejesus,,Unknown,Ihphysicians,,None,,Not Found,cdejesus@ihphysicians.com
mcombs@ihphysicians.com,Mcombs,,Mcombs,,Unknown,Ihphysicians,,None,,Not Found,mcombs@ihphysicians.com
raquelg@ihphysicians.com,Raquelg,,Raquelg,,Unknown,Ihphysicians,,None,,Not Found,raquelg@ihphysicians.com
aparr@ihphysicians.com,Aparr,,Aparr,,Unknown,Ihphysicians,,None,,Not Found,aparr@ihphysicians.com
hmcmahon@ihphysicians.com,Hmcmahon,,Hmcmahon,CEO,Owner / Executive (C-Suite),Ihphysicians,,Low,LinkedIn / Web Search,Found,hmcmahon@ihphysicians.com
slefleur@ihphysicians.com,Slefleur,,Slefleur,,Unknown,Ihphysicians,,None,,Not Found,slefleur@ihphysicians.com
klayne@ihphysicians.com,Klayne,,Klayne,,Unknown,Ihphysicians,,None,,Not Found,klayne@ihphysicians.com
samara.friedman@consensushealth.com,Samara,Friedman,Samara Friedman,Director,Director / VP,Consensus Health,,Low,LinkedIn / Web Search,Found,samara.friedman@consensushealth.com
jstevens@priviahealth.com,Jstevens,,Jstevens,,Unknown,Privia Health,,None,,Not Found,jstevens@priviahealth.com
javier.martinez@priviahealth.com,Javier,Martinez,Javier Martinez,,Unknown,Privia Health,,None,,Not Found,javier.martinez@priviahealth.com
randy.kasir@priviahealth.com,Randy,Kasir,Randy Kasir,,Unknown,Privia Health,,None,,Not Found,randy.kasir@priviahealth.com
g.gonzales@kellumphysicianpartners.com,G,Gonzales,G Gonzales,,Unknown,Kellumphysician Partners,,None,,Not Found,g.gonzales@kellumphysicianpartners.com
mflammini@priviahealth.com,Mflammini,,Mflammini,,Unknown,Privia Health,,None,,Not Found,mflammini@priviahealth.com
aarmstrong@thephysicians.com,Aarmstrong,,Aarmstrong,Analyst,Professional,Thephysicians,,Low,LinkedIn / Web Search,Found,aarmstrong@thephysicians.com
pmorris@thephysicians.com,Pmorris,,Pmorris,,Unknown,Thephysicians,,None,,Not Found,pmorris@thephysicians.com
ncoulard@msahealthcare.com,Ncoulard,,Ncoulard,,Unknown,Msa Health Care,,None,,Not Found,ncoulard@msahealthcare.com
michael.sherman@consensushealth.com,Michael,Sherman,Michael Sherman,,Unknown,Consensus Health,,None,,Not Found,michael.sherman@consensushealth.com
pmefferd@thephysicians.com,Pmefferd,,Pmefferd,,Unknown,Thephysicians,,None,,Not Found,pmefferd@thephysicians.com
kcobb@thephysicians.com,Kcobb,,Kcobb,,Unknown,Thephysicians,,None,,Not Found,kcobb@thephysicians.com
lisa.boydston@wrightstatephysicians.org,Lisa,Boydston,Lisa Boydston,,Unknown,Wrightstatephysicians,,None,,Not Found,lisa.boydston@wrightstatephysicians.org
asanchez@ampny.com,Asanchez,,Asanchez,,Unknown,Ampny,,None,,Not Found,asanchez@ampny.com
mramirez@ampny.com,Amirez,,Amirez,,Unknown,Ampny,,None,,Not Found,mramirez@ampny.com
john.juzaitis@consensushealth.com,John,Juzaitis,John Juzaitis,,Unknown,Consensus Health,,None,,Not Found,john.juzaitis@consensushealth.com
kgrzeskowiak@ihphysicians.com,Kgrzeskowiak,,Kgrzeskowiak,,Unknown,Ihphysicians,,None,,Not Found,kgrzeskowiak@ihphysicians.com
anna.katsman@consensushealth.com,Anna,Katsman,Anna Katsman,,Unknown,Consensus Health,,None,,Not Found,anna.katsman@consensushealth.com
david.conway@coloradophysicianpartners.com,David,Conway,David Conway,,Unknown,Coloradophysician Partners,,None,,Not Found,david.conway@coloradophysicianpartners.com
melanie.mccoy@coloradophysicianpartners.com,Melanie,Mccoy,Melanie Mccoy,,Unknown,Coloradophysician Partners,,None,,Not Found,melanie.mccoy@coloradophysicianpartners.com
aimhof@coloradophysicianpartners.com,Aimhof,,Aimhof,,Unknown,Coloradophysician Partners,,None,,Not Found,aimhof@coloradophysicianpartners.com
mguese@coloradophysicianpartners.com,Mguese,,Mguese,,Unknown,Coloradophysician Partners,,None,,Not Found,mguese@coloradophysicianpartners.com
tboone@msahealthcare.com,Tboone,,Tboone,,Unknown,Msa Health Care,,None,,Not Found,tboone@msahealthcare.com
michael.lovett@consensushealth.com,Michael,Lovett,Michael Lovett,,Unknown,Consensus Health,,None,,Not Found,michael.lovett@consensushealth.com
christine.hayek@consensushealth.com,Christine,Hayek,Christine Hayek,,Unknown,Consensus Health,,None,,Not Found,christine.hayek@consensushealth.com
lisa.murphy@consensushealth.com,Lisa,Murphy,Lisa Murphy,,Unknown,Consensus Health,,None,,Not Found,lisa.murphy@consensushealth.com
juliana.patino@consensushealth.com,Juliana,Patino,Juliana Patino,,Unknown,Consensus Health,,None,,Not Found,juliana.patino@consensushealth.com
mindy.peterson@schmittmusic.com,Mindy,Peterson,Mindy Peterson,,Unknown,Schmittmusic,,None,,Not Found,mindy.peterson@schmittmusic.com
gianna.clayton@consensushealth.com,Gianna,Clayton,Gianna Clayton,,Unknown,Consensus Health,,None,,Not Found,gianna.clayton@consensushealth.com
brooke.serovich@consensushealth.com,Brooke,Serovich,Brooke Serovich,,Unknown,Consensus Health,,None,,Not Found,brooke.serovich@consensushealth.com
michael.wolfson@consensushealth.com,Michael,Wolfson,Michael Wolfson,,Unknown,Consensus Health,,None,,Not Found,michael.wolfson@consensushealth.com
apearson@westmusic.com,Apearson,,Apearson,,Unknown,Westmusic,,None,,Not Found,apearson@westmusic.com
jdasari@americarekidney.com,Jdasari,,Jdasari,,Unknown,Ameri Care Kidney,,None,,Not Found,jdasari@americarekidney.com
a.tillery@sonoran.edu,A,Tillery,A Tillery,,Unknown,Sonoran,,None,,Not Found,a.tillery@sonoran.edu
a.felix@sonoran.edu,A,Felix,A Felix,,Unknown,Sonoran,,None,,Not Found,a.felix@sonoran.edu
oopelami@americarekidney.com,Oopelami,,Oopelami,,Unknown,Ameri Care Kidney,,None,,Not Found,oopelami@americarekidney.com
alubahn@americarekidney.com,Alubahn,,Alubahn,,Unknown,Ameri Care Kidney,,None,,Not Found,alubahn@americarekidney.com
sabbas@kidneycares.com,Sabbas,,Sabbas,Founder,Owner / Executive (C-Suite),Kidney Care S,,Medium,LinkedIn / Web Search,Found,sabbas@kidneycares.com
edawodu@kidneycares.com,Edawodu,,Edawodu,,Unknown,Kidney Care S,,None,,Not Found,edawodu@kidneycares.com
mohammedalausa@kidneycares.com,Mohammedalausa,,Mohammedalausa,,Unknown,Kidney Care S,,None,,Not Found,mohammedalausa@kidneycares.com
msarfraz@kidneycares.com,Arfraz,,Arfraz,,Unknown,Kidney Care S,,None,,Not Found,msarfraz@kidneycares.com
atenedor@kidneycares.com,Atenedor,,Atenedor,,Unknown,Kidney Care S,,None,,Not Found,atenedor@kidneycares.com
smajid@kidneycares.com,Smajid,,Smajid,,Unknown,Kidney Care S,,None,,Not Found,smajid@kidneycares.com
mtalha@kidneycares.com,Mtalha,,Mtalha,,Unknown,Kidney Care S,,None,,Not Found,mtalha@kidneycares.com
upervaiz@kidneycares.com,Upervaiz,,Upervaiz,,Unknown,Kidney Care S,,None,,Not Found,upervaiz@kidneycares.com
mzeeshan@kidneycares.com,Mzeeshan,,Mzeeshan,,Unknown,Kidney Care S,,None,,Not Found,mzeeshan@kidneycares.com
rey@suncitykidney.com,Rey,,Rey,,Unknown,Suncitykidney,,None,,Not Found,rey@suncitykidney.com
creyes@kidneycares.com,Creyes,,Creyes,,Unknown,Kidney Care S,,None,,Not Found,creyes@kidneycares.com
tjones@northtexaskidney.com,Tjones,,Tjones,Co-Founder,Owner / Executive (C-Suite),Northtexaskidney,,Low,LinkedIn / Web Search,Found,tjones@northtexaskidney.com
mkline@kidneygroup.com,Mkline,,Mkline,,Unknown,Kidney Group,,None,,Not Found,mkline@kidneygroup.com
plazowski@southshorenephrology.com,Plazowski,,Plazowski,,Unknown,Southshorenephrology,,None,,Not Found,plazowski@southshorenephrology.com
jruiz@nephdocs.com,Jruiz,,Jruiz,,Unknown,Nephdocs,,None,,Not Found,jruiz@nephdocs.com
smartin@northtexaskidney.com,Smartin,,Smartin,,Unknown,Northtexaskidney,,None,,Not Found,smartin@northtexaskidney.com
blund@nephrologycare.net,Blund,,Blund,Doctor,Practitioner / Doctor / Faculty,Nephrology Care,,Low,LinkedIn / Web Search,Found,blund@nephrologycare.net
rmarcus@clinicalrenal.com,Rmarcus,,Rmarcus,,Unknown,Clinic Alrenal,,None,,Not Found,rmarcus@clinicalrenal.com
abellistri@clinicalrenal.com,Abellistri,,Abellistri,,Unknown,Clinic Alrenal,,None,,Not Found,abellistri@clinicalrenal.com
cwitmer@clinicalrenal.com,Cwitmer,,Cwitmer,,Unknown,Clinic Alrenal,,None,,Not Found,cwitmer@clinicalrenal.com
tlombardo@lynchburgnephrology.com,Tlombardo,,Tlombardo,CEO,Owner / Executive (C-Suite),Lynchburgnephrology,,Low,LinkedIn / Web Search,Found,tlombardo@lynchburgnephrology.com
lsayer@clinicalrenal.com,Lsayer,,Lsayer,,Unknown,Clinic Alrenal,,None,,Not Found,lsayer@clinicalrenal.com
mashraf@lynchburgnephrology.com,Mashraf,,Mashraf,,Unknown,Lynchburgnephrology,,None,,Not Found,mashraf@lynchburgnephrology.com
kdivers@lynchburgnephrology.com,Kdivers,,Kdivers,,Unknown,Lynchburgnephrology,,None,,Not Found,kdivers@lynchburgnephrology.com
kcallaham@lynchburgnephrology.com,Kcallaham,,Kcallaham,,Unknown,Lynchburgnephrology,,None,,Not Found,kcallaham@lynchburgnephrology.com
lthomas@lynchburgnephrology.com,Lthomas,,Lthomas,,Unknown,Lynchburgnephrology,,None,,Not Found,lthomas@lynchburgnephrology.com
schebrolumd@northtexaskidney.com,Schebrolumd,,Schebrolumd,,Unknown,Northtexaskidney,,None,,Not Found,schebrolumd@northtexaskidney.com
mbotchkova@evergreennephrology.com,Mbotchkova,,Mbotchkova,,Unknown,Evergreennephrology,,None,,Not Found,mbotchkova@evergreennephrology.com
fhofacker@evergreennephrology.com,Fhofacker,,Fhofacker,,Unknown,Evergreennephrology,,None,,Not Found,fhofacker@evergreennephrology.com
slloyd@evergreennephrology.com,Slloyd,,Slloyd,CEO,Owner / Executive (C-Suite),Evergreennephrology,,Low,LinkedIn / Web Search,Found,slloyd@evergreennephrology.com
yjoo@evergreennephrology.com,Yjoo,,Yjoo,,Unknown,Evergreennephrology,,None,,Not Found,yjoo@evergreennephrology.com
rmargalit@evergreennephrology.com,Rmargalit,,Rmargalit,,Unknown,Evergreennephrology,,None,,Not Found,rmargalit@evergreennephrology.com
mthornton@evergreennephrology.com,Mthornton,,Mthornton,,Unknown,Evergreennephrology,,None,,Not Found,mthornton@evergreennephrology.com
jdonlan@evergreennephrology.com,Jdonlan,,Jdonlan,,Unknown,Evergreennephrology,,None,,Not Found,jdonlan@evergreennephrology.com
jstaler@evergreennephrology.com,Jstaler,,Jstaler,,Unknown,Evergreennephrology,,None,,Not Found,jstaler@evergreennephrology.com
cmaynard@evergreennephrology.com,Cmaynard,,Cmaynard,,Unknown,Evergreennephrology,,None,,Not Found,cmaynard@evergreennephrology.com
jnash@northwestnephrology.com,Jnash,,Jnash,,Unknown,Northwestnephrology,,None,,Not Found,jnash@northwestnephrology.com
jpimentel@northwestnephrology.com,Jpimentel,,Jpimentel,Partner,Owner / Executive (C-Suite),Northwestnephrology,,Low,LinkedIn / Web Search,Found,jpimentel@northwestnephrology.com
rsherman@premierneurology.org,Rsherman,,Rsherman,,Unknown,Premierneurology,,None,,Not Found,rsherman@premierneurology.org
m.alosilla@palmbeachneurology.com,M,Alosilla,M Alosilla,,Unknown,Palmbeachneurology,,None,,Not Found,m.alosilla@palmbeachneurology.com
bhuisa@theneuronclinic.com,Bhuisa,,Bhuisa,,Unknown,Theneuron Clinic,,None,,Not Found,bhuisa@theneuronclinic.com
agelabert@theneuronclinic.com,Agelabert,,Agelabert,,Unknown,Theneuron Clinic,,None,,Not Found,agelabert@theneuronclinic.com
vnguyen@theneuronclinic.com,Vnguyen,,Vnguyen,,Unknown,Theneuron Clinic,,None,,Not Found,vnguyen@theneuronclinic.com
lindsey@theneuronclinic.com,Lindsey,,Lindsey,Principal,Owner / Executive (C-Suite),Theneuron Clinic,,Low,LinkedIn / Web Search,Found,lindsey@theneuronclinic.com
tsperry@theneuronclinic.com,Tsperry,,Tsperry,,Unknown,Theneuron Clinic,,None,,Not Found,tsperry@theneuronclinic.com
rbuller@theneuronclinic.com,Rbuller,,Rbuller,,Unknown,Theneuron Clinic,,None,,Not Found,rbuller@theneuronclinic.com
kmcgehrin@theneuronclinic.com,Kmcgehrin,,Kmcgehrin,,Unknown,Theneuron Clinic,,None,,Not Found,kmcgehrin@theneuronclinic.com
fcampos@familyneurology.com,Fcampos,,Fcampos,,Unknown,Family Neurology,,None,,Not Found,fcampos@familyneurology.com
cmcgroarty@mnepilepsy.net,Cmcgroarty,,Cmcgroarty,Din Partner I Bil,Owner / Executive (C-Suite),Mnepilepsy,,Low,LinkedIn / Web Search,Found,cmcgroarty@mnepilepsy.net
yessar@austinneuromuscle.com,Yessar,,Yessar,CEO,Owner / Executive (C-Suite),Austinneuromuscle,,Low,LinkedIn / Web Search,Found,yessar@austinneuromuscle.com
jenna@drbrainrx.com,Jenna,,Jenna,,Unknown,Drbrainrx,,None,,Not Found,jenna@drbrainrx.com
dkelly@pacificneuro.org,Dkelly,,Dkelly,,Unknown,Pacificneuro,,None,,Not Found,dkelly@pacificneuro.org
sarah@piedmontneurosciencecenter.com,Sarah,,Sarah,,Unknown,Piedmontneuroscience Center,,None,,Not Found,sarah@piedmontneurosciencecenter.com
tom@brainhealthhawaii.com,Tom,,Tom,,Unknown,Brain Health Hawaii,,None,,Not Found,tom@brainhealthhawaii.com
ggonzalez@caneuroinst.com,Ggonzalez,,Ggonzalez,,Unknown,Caneuroinst,,None,,Not Found,ggonzalez@caneuroinst.com
amowla@pacificneuro.org,Amowla,,Amowla,,Unknown,Pacificneuro,,None,,Not Found,amowla@pacificneuro.org
kendall@piedmontneurosciencecenter.com,Kendall,,Kendall,,Unknown,Piedmontneuroscience Center,,None,,Not Found,kendall@piedmontneurosciencecenter.com
michelle@piedmontneurosciencecenter.com,Michelle,,Michelle,,Unknown,Piedmontneuroscience Center,,None,,Not Found,michelle@piedmontneurosciencecenter.com
andrew@piedmontneurosciencecenter.com,Andrew,,Andrew,,Unknown,Piedmontneuroscience Center,,None,,Not Found,andrew@piedmontneurosciencecenter.com
tlong@emgclinics.com,Tlong,,Tlong,,Unknown,Emg Clinic S,,None,,Not Found,tlong@emgclinics.com
dnagasawa@achievebrainandspine.com,Dnagasawa,,Dnagasawa,Surgeon,Practitioner / Doctor / Faculty,Achievebrainandspine,,Low,LinkedIn / Web Search,Found,dnagasawa@achievebrainandspine.com
gmonaco@regionalbrainandspine.com,Gmonaco,,Gmonaco,CEO,Owner / Executive (C-Suite),Regionalbrainandspine,,Low,LinkedIn / Web Search,Found,gmonaco@regionalbrainandspine.com
kerry@achievebrainandspine.com,Kerry,,Kerry,Physician Assistant,Practitioner / Doctor / Faculty,Achievebrainandspine,,Medium,Website (/about/our-staff/),Found,kerry@achievebrainandspine.com
lsprandel@regionalbrainandspine.com,Lsprandel,,Lsprandel,CEO,Owner / Executive (C-Suite),Regionalbrainandspine,,Low,LinkedIn / Web Search,Found,lsprandel@regionalbrainandspine.com
kjenkins@regionalbrainandspine.com,Kjenkins,,Kjenkins,,Unknown,Regionalbrainandspine,,None,,Not Found,kjenkins@regionalbrainandspine.com
creis@regionalbrainandspine.com,Creis,,Creis,,Unknown,Regionalbrainandspine,,None,,Not Found,creis@regionalbrainandspine.com
crucker@regionalbrainandspine.com,Crucker,,Crucker,,Unknown,Regionalbrainandspine,,None,,Not Found,crucker@regionalbrainandspine.com
jwomack@regionalbrainandspine.com,Jwomack,,Jwomack,,Unknown,Regionalbrainandspine,,None,,Not Found,jwomack@regionalbrainandspine.com
bward@theneuromedicalcenter.com,Bward,,Bward,,Unknown,Theneuro Medical Center,,None,,Not Found,bward@theneuromedicalcenter.com
kholtzhouser@regionalbrainandspine.com,Kholtzhouser,,Kholtzhouser,,Unknown,Regionalbrainandspine,,None,,Not Found,kholtzhouser@regionalbrainandspine.com
bgaynor@theneuromedicalcenter.com,Bgaynor,,Bgaynor,,Unknown,Theneuro Medical Center,,None,,Not Found,bgaynor@theneuromedicalcenter.com
sjohnson@theneuromedicalcenter.com,Sjohnson,,Sjohnson,Partner,Owner / Executive (C-Suite),Theneuro Medical Center,,Low,LinkedIn / Web Search,Found,sjohnson@theneuromedicalcenter.com
bboudreaux@theneuromedicalcenter.com,Bboudreaux,,Bboudreaux,,Unknown,Theneuro Medical Center,,None,,Not Found,bboudreaux@theneuromedicalcenter.com
jnabors@theneuromedicalcenter.com,Jnabors,,Jnabors,,Unknown,Theneuro Medical Center,,None,,Not Found,jnabors@theneuromedicalcenter.com
vcavalier@theneuromedicalcenter.com,Vcavalier,,Vcavalier,,Unknown,Theneuro Medical Center,,None,,Not Found,vcavalier@theneuromedicalcenter.com
mdorante@neuropaxclinic.com,Mdorante,,Mdorante,,Unknown,Neuropax Clinic,,None,,Not Found,mdorante@neuropaxclinic.com
mvarisco@theneuromedicalcenter.com,Mvarisco,,Mvarisco,,Unknown,Theneuro Medical Center,,None,,Not Found,mvarisco@theneuromedicalcenter.com
ascheibler@neuropaxclinic.com,Ascheibler,,Ascheibler,VP,Director / VP,Neuropax Clinic,,Medium,Website (/meet-our-team/),Found,ascheibler@neuropaxclinic.com
kkoontz@neuropaxclinic.com,Kkoontz,,Kkoontz,Medical Assistant,Staff / Coordinator,Neuropax Clinic,,Medium,Website (/meet-our-team/),Found,kkoontz@neuropaxclinic.com
edamico@neuropaxclinic.com,Edamico,,Edamico,Medical Assistant,Staff / Coordinator,Neuropax Clinic,,Medium,Website (/meet-our-team/),Found,edamico@neuropaxclinic.com
khartke@neuropaxclinic.com,Khartke,,Khartke,Medical Assistant,Staff / Coordinator,Neuropax Clinic,,Medium,Website (/meet-our-team/),Found,khartke@neuropaxclinic.com
rm@bluecactusneuro.com,Rm,,Rm,Terms & Conditions Website By DOCTOR Multimedia,Practitioner / Doctor / Faculty,Bluecactusneuro,,Medium,Website (Homepage),Found,rm@bluecactusneuro.com
tkhosla@foothillsneurology.com,Tkhosla,,Tkhosla,,Unknown,Foothillsneurology,,None,,Not Found,tkhosla@foothillsneurology.com
jhetrick@foothillsneurology.com,Jhetrick,,Jhetrick,,Unknown,Foothillsneurology,,None,,Not Found,jhetrick@foothillsneurology.com
vkumar@neurotucson.com,Vkumar,,Vkumar,,Unknown,Neurotucson,,None,,Not Found,vkumar@neurotucson.com
cstevens@neuroroc.com,Cstevens,,Cstevens,,Unknown,Neuroroc,,None,,Not Found,cstevens@neuroroc.com
jmoon@denverneuroclinic.com,Jmoon,,Jmoon,,Unknown,Denverneuro Clinic,,None,,Not Found,jmoon@denverneuroclinic.com
beck@gilbertneurology.com,Beck,,Beck,,Unknown,Gilbertneurology,,None,,Not Found,beck@gilbertneurology.com
gregory.sahagian@neurocenter.com,Gregory,Sahagian,Gregory Sahagian,,Unknown,Neuro Center,,None,,Not Found,gregory.sahagian@neurocenter.com
daniel@rareneuro.com,Daniel,,Daniel,Director,Director / VP,Rareneuro,,Medium,LinkedIn / Web Search,Found,daniel@rareneuro.com
jewing@salienceneuro.com,Jewing,,Jewing,,Unknown,Salienceneuro,,None,,Not Found,jewing@salienceneuro.com
derek@hopeneuromed.com,Derek,,Derek,Chief Financial Officer,Owner / Executive (C-Suite),Hopeneuromed,,Medium,Website (/our-team),Found,derek@hopeneuromed.com
jfortner@neurotn.com,Jfortner,,Jfortner,CEO,Owner / Executive (C-Suite),Neurotn,,Low,LinkedIn / Web Search,Found,jfortner@neurotn.com
tconquest@neurotn.com,Tconquest,,Tconquest,CEO,Owner / Executive (C-Suite),Neurotn,,Low,LinkedIn / Web Search,Found,tconquest@neurotn.com
gcrowe@neurotn.com,Gcrowe,,Gcrowe,,Unknown,Neurotn,,None,,Not Found,gcrowe@neurotn.com
sdasari@advancedneurology.com,Sdasari,,Sdasari,Partner,Owner / Executive (C-Suite),Advancedneurology,,Low,LinkedIn / Web Search,Found,sdasari@advancedneurology.com
hharrell@neurotn.com,Hharrell,,Hharrell,,Unknown,Neurotn,,None,,Not Found,hharrell@neurotn.com
emaurer@neurotn.com,Emaurer,,Emaurer,,Unknown,Neurotn,,None,,Not Found,emaurer@neurotn.com
elackey@advancedneurology.com,Elackey,,Elackey,Analyst,Professional,Advancedneurology,,Low,LinkedIn / Web Search,Found,elackey@advancedneurology.com
jgentilcore@advancedneurology.com,Jgentilcore,,Jgentilcore,,Unknown,Advancedneurology,,None,,Not Found,jgentilcore@advancedneurology.com
syang@advancedneurology.com,Syang,,Syang,,Unknown,Advancedneurology,,None,,Not Found,syang@advancedneurology.com
mbelge@advancedneurology.com,Mbelge,,Mbelge,,Unknown,Advancedneurology,,None,,Not Found,mbelge@advancedneurology.com
jslonaker@gilbertneurology.com,Jslonaker,,Jslonaker,Receptionist,Staff / Coordinator,Gilbertneurology,,Low,LinkedIn / Web Search,Found,jslonaker@gilbertneurology.com
saxon@advancedneurology.com,Saxon,,Saxon,,Unknown,Advancedneurology,,None,,Not Found,saxon@advancedneurology.com
bpedersen@advancedneurology.com,Bpedersen,,Bpedersen,,Unknown,Advancedneurology,,None,,Not Found,bpedersen@advancedneurology.com
mburr@gilbertneurology.com,Mburr,,Mburr,,Unknown,Gilbertneurology,,None,,Not Found,mburr@gilbertneurology.com
info@capecodneuropsychology.com,,,,General Inbox / Staff,Staff / Coordinator,Capecodneuropsychology,,Medium,Role-based Mailbox,Role-Based,info@capecodneuropsychology.com
alicia@hdneurology.com,Alicia,,Alicia,Founder,Owner / Executive (C-Suite),Hdneurology,,Medium,LinkedIn / Web Search,Found,alicia@hdneurology.com
cmurray@neurotn.com,Cmurray,,Cmurray,,Unknown,Neurotn,,None,,Not Found,cmurray@neurotn.com
alex@hdneurology.com,Alex,,Alex,,Unknown,Hdneurology,,None,,Not Found,alex@hdneurology.com
lynch@theswiftinstitute.com,Lynch,,Lynch,President,Owner / Executive (C-Suite),Theswiftinstitute,,Medium,Website (/leadership/),Found,lynch@theswiftinstitute.com
taryn@polinneurosurgery.com,Taryn,,Taryn,,Unknown,Polinneuro Surgery,,None,,Not Found,taryn@polinneurosurgery.com
jjohnson@portlandneurosurgery.com,Jjohnson,,Jjohnson,,Unknown,Portlandneuro Surgery,,None,,Not Found,jjohnson@portlandneurosurgery.com
mwiggers@portlandneurosurgery.com,Mwiggers,,Mwiggers,,Unknown,Portlandneuro Surgery,,None,,Not Found,mwiggers@portlandneurosurgery.com
ana@neosurgicalgroup.com,Ana,,Ana,Doctor,Practitioner / Doctor / Faculty,Neosurgical Group,,Medium,Website (/our-doctors/dr-gabriel-j-hernandez-figueroa/),Found,ana@neosurgicalgroup.com
tetyanam@neosurgicalgroup.com,Tetyanam,,Tetyanam,,Unknown,Neosurgical Group,,None,,Not Found,tetyanam@neosurgicalgroup.com
natalie@neosurgicalgroup.com,Natalie,,Natalie,,Unknown,Neosurgical Group,,None,,Not Found,natalie@neosurgicalgroup.com
dvacca@sierraneurosurgery.com,Dvacca,,Dvacca,,Unknown,Sierraneuro Surgery,,None,,Not Found,dvacca@sierraneurosurgery.com
jmorgan@sierraneurosurgery.com,Jmorgan,,Jmorgan,,Unknown,Sierraneuro Surgery,,None,,Not Found,jmorgan@sierraneurosurgery.com
helenb@sierraneurosurgery.com,Helenb,,Helenb,,Unknown,Sierraneuro Surgery,,None,,Not Found,helenb@sierraneurosurgery.com
jblake@sierraneurosurgery.com,Jblake,,Jblake,,Unknown,Sierraneuro Surgery,,None,,Not Found,jblake@sierraneurosurgery.com
oleg@neosurgicalgroup.com,Oleg,,Oleg,,Unknown,Neosurgical Group,,None,,Not Found,oleg@neosurgicalgroup.com
rrindler@sierraneurosurgery.com,Rrindler,,Rrindler,,Unknown,Sierraneuro Surgery,,None,,Not Found,rrindler@sierraneurosurgery.com
erich@sierraneurosurgery.com,Erich,,Erich,,Unknown,Sierraneuro Surgery,,None,,Not Found,erich@sierraneurosurgery.com
msilva@sierraneurosurgery.com,Ilva,,Ilva,,Unknown,Sierraneuro Surgery,,None,,Not Found,msilva@sierraneurosurgery.com
annam@neosurgicalgroup.com,Annam,,Annam,,Unknown,Neosurgical Group,,None,,Not Found,annam@neosurgicalgroup.com
max@neosurgicalgroup.com,Max,,Max,,Unknown,Neosurgical Group,,None,,Not Found,max@neosurgicalgroup.com
dwbarnett@txneurosurgery.com,Dwbarnett,,Dwbarnett,,Unknown,Txneuro Surgery,,None,,Not Found,dwbarnett@txneurosurgery.com
cohen.david@abc.net.au,Cohen,David,Cohen David,,Unknown,Abc,,None,,Not Found,cohen.david@abc.net.au
patrick.phelan@ucsf.edu,Patrick,Phelan,Patrick Phelan,,Unknown,Ucsf,,None,,Not Found,patrick.phelan@ucsf.edu
jose.hernandez4@ucsf.edu,Jose,Hernandez,Jose Hernandez,Principal,Owner / Executive (C-Suite),Ucsf,,Low,LinkedIn / Web Search,Found,jose.hernandez4@ucsf.edu
claire.brindis@ucsf.edu,Claire,Brindis,Claire Brindis,,Unknown,Ucsf,,None,,Not Found,claire.brindis@ucsf.edu
suresh@ucsf.edu,Suresh,,Suresh,President,Owner / Executive (C-Suite),Ucsf,,Medium,LinkedIn / Web Search,Found,suresh@ucsf.edu
james.pease@ucsf.edu,James,Pease,James Pease,,Unknown,Ucsf,,None,,Not Found,james.pease@ucsf.edu
stephanie.yi@ucsf.edu,Stephanie,Yi,Stephanie Yi,,Unknown,Ucsf,,None,,Not Found,stephanie.yi@ucsf.edu
luke.bonner@bonnerag.com,Luke,Bonner,Luke Bonner,Founder,Owner / Executive (C-Suite),Bonnerag,,Low,LinkedIn / Web Search,Found,luke.bonner@bonnerag.com
jay.cheung@ucsf.edu,Jay,Cheung,Jay Cheung,,Unknown,Ucsf,,None,,Not Found,jay.cheung@ucsf.edu
eknudsen@kwanyinhealingarts.com,Eknudsen,,Eknudsen,,Unknown,Kwanyinhealingarts,,None,,Not Found,eknudsen@kwanyinhealingarts.com
tmcshane@kwanyinhealingarts.com,Tmcshane,,Tmcshane,,Unknown,Kwanyinhealingarts,,None,,Not Found,tmcshane@kwanyinhealingarts.com
kerry.chant@health.nsw.gov.au,Kerry,Chant,Kerry Chant,,Unknown,Nsw,,None,,Not Found,kerry.chant@health.nsw.gov.au
ada.lei@health.nsw.gov.au,Ada,Lei,Ada Lei,,Unknown,Nsw,,None,,Not Found,ada.lei@health.nsw.gov.au
affan.khan@health.nsw.gov.au,Affan,Khan,Affan Khan,,Unknown,Nsw,,None,,Not Found,affan.khan@health.nsw.gov.au
sridhar.vijayan@health.nsw.gov.au,Sridhar,Vijayan,Sridhar Vijayan,Partner,Owner / Executive (C-Suite),Nsw,,Low,LinkedIn / Web Search,Found,sridhar.vijayan@health.nsw.gov.au
anthony.clay@health.nsw.gov.au,Anthony,Clay,Anthony Clay,,Unknown,Nsw,,None,,Not Found,anthony.clay@health.nsw.gov.au
christopher.roberts3@health.nsw.gov.au,Christopher,Roberts,Christopher Roberts,,Unknown,Nsw,,None,,Not Found,christopher.roberts3@health.nsw.gov.au
shivani.prakash@health.nsw.gov.au,Shivani,Prakash,Shivani Prakash,,Unknown,Nsw,,None,,Not Found,shivani.prakash@health.nsw.gov.au
paul.smith@buyaustralianproperties.com.au,Paul,Smith,Paul Smith,Director,Director / VP,Buyaustralianproperties,,Low,LinkedIn / Web Search,Found,paul.smith@buyaustralianproperties.com.au
david.ng@health.nsw.gov.au,David,Ng,David Ng,,Unknown,Nsw,,None,,Not Found,david.ng@health.nsw.gov.au
michelle.williams9@health.nsw.gov.au,Michelle,Williams,Michelle Williams,,Unknown,Nsw,,None,,Not Found,michelle.williams9@health.nsw.gov.au
erik@embracewomenshealth.com.au,Erik,,Erik,,Unknown,Embracewomens Health,,None,,Not Found,erik@embracewomenshealth.com.au
keely@embracewomenshealth.com.au,Keely,,Keely,,Unknown,Embracewomens Health,,None,,Not Found,keely@embracewomenshealth.com.au
aprila@bu.edu,Aprila,,Aprila,,Unknown,Bu,,None,,Not Found,aprila@bu.edu
annemarie.hadley@health.nsw.gov.au,Annemarie,Hadley,Annemarie Hadley,,Unknown,Nsw,,None,,Not Found,annemarie.hadley@health.nsw.gov.au
davidwood@byu.edu,Davidwood,,Davidwood,,Unknown,Byu,,None,,Not Found,davidwood@byu.edu
hank_smith@byu.edu,Hank,Smith,Hank Smith,,Unknown,Byu,,None,,Not Found,hank_smith@byu.edu
swk16@gsb.columbia.edu,Swk,,Swk,,Unknown,Gsb,,None,,Not Found,swk16@gsb.columbia.edu
michelle@previvoredge.com,Michelle,,Michelle,,Unknown,Previvoredge,,None,,Not Found,michelle@previvoredge.com
ray@previvoredge.com,Ray,,Ray,,Unknown,Previvoredge,,None,,Not Found,ray@previvoredge.com
john.enzler@catholiccharitiesdc.org,John,Enzler,John Enzler,,Unknown,Catholiccharitiesdc,,None,,Not Found,john.enzler@catholiccharitiesdc.org
karen.jones@cc-dc.org,Karen,Jones,Karen Jones,,Unknown,Cc Dc,,None,,Not Found,karen.jones@cc-dc.org
afghani.barakzai@cc-dc.org,Afghani,Barakzai,Afghani Barakzai,,Unknown,Cc Dc,,None,,Not Found,afghani.barakzai@cc-dc.org
patrick.dunne@cc-dc.org,Patrick,Dunne,Patrick Dunne,,Unknown,Cc Dc,,None,,Not Found,patrick.dunne@cc-dc.org
sarah.watkins@cc-dc.org,Sarah,Watkins,Sarah Watkins,,Unknown,Cc Dc,,None,,Not Found,sarah.watkins@cc-dc.org
pabernathy@neighborhoodresilience.org,Pabernathy,,Pabernathy,,Unknown,Neighborhoodresilience,,None,,Not Found,pabernathy@neighborhoodresilience.org
kabernathy@neighborhoodresilience.org,Kabernathy,,Kabernathy,,Unknown,Neighborhoodresilience,,None,,Not Found,kabernathy@neighborhoodresilience.org
danielle@trainyourbrain.me,Danielle,,Danielle,,Unknown,Trainyourbrain,,None,,Not Found,danielle@trainyourbrain.me
laura.fewer@cc-dc.org,Laura,Fewer,Laura Fewer,,Unknown,Cc Dc,,None,,Not Found,laura.fewer@cc-dc.org
ngoussetis@neighborhoodresilience.org,Ngoussetis,,Ngoussetis,,Unknown,Neighborhoodresilience,,None,,Not Found,ngoussetis@neighborhoodresilience.org
bisrat@neighborhoodresilience.org,Bisrat,,Bisrat,,Unknown,Neighborhoodresilience,,None,,Not Found,bisrat@neighborhoodresilience.org
ttownsend@neighborhoodresilience.org,Ttownsend,,Ttownsend,,Unknown,Neighborhoodresilience,,None,,Not Found,ttownsend@neighborhoodresilience.org
jgardner@neighborhoodresilience.org,Jgardner,,Jgardner,SVP,Director / VP,Neighborhoodresilience,,Low,LinkedIn / Web Search,Found,jgardner@neighborhoodresilience.org
debra.gersten@cc-dc.org,Debra,Gersten,Debra Gersten,,Unknown,Cc Dc,,None,,Not Found,debra.gersten@cc-dc.org
dtimbers@neighborhoodresilience.org,Dtimbers,,Dtimbers,,Unknown,Neighborhoodresilience,,None,,Not Found,dtimbers@neighborhoodresilience.org
ksamuel@neighborhoodresilience.org,Ksamuel,,Ksamuel,,Unknown,Neighborhoodresilience,,None,,Not Found,ksamuel@neighborhoodresilience.org
adam.birenbaum@focuspartners.com,Adam,Birenbaum,Adam Birenbaum,,Unknown,Focus Partners,,None,,Not Found,adam.birenbaum@focuspartners.com
mark.israel@focuspartners.com,Mark,Israel,Mark Israel,,Unknown,Focus Partners,,None,,Not Found,mark.israel@focuspartners.com
mary.finnegan@focuspartners.com,Mary,Finnegan,Mary Finnegan,Founder,Owner / Executive (C-Suite),Focus Partners,,Low,LinkedIn / Web Search,Found,mary.finnegan@focuspartners.com
jordan.johnson@focuspartners.com,Jordan,Johnson,Jordan Johnson,,Unknown,Focus Partners,,None,,Not Found,jordan.johnson@focuspartners.com
guillermo.pedroni@focuspartners.com,Guillermo,Pedroni,Guillermo Pedroni,CEO,Owner / Executive (C-Suite),Focus Partners,,Low,LinkedIn / Web Search,Found,guillermo.pedroni@focuspartners.com
mnathanson@focuspartners.com,Mnathanson,,Mnathanson,,Unknown,Focus Partners,,None,,Not Found,mnathanson@focuspartners.com
sterling.freeman@focuspartners.com,Sterling,Freeman,Sterling Freeman,,Unknown,Focus Partners,,None,,Not Found,sterling.freeman@focuspartners.com
deidre@dscontractllc.com,Deidre,,Deidre,,Unknown,Dscontractllc,,None,,Not Found,deidre@dscontractllc.com
info@mydentistforlife.com,,,,General Inbox / Staff,Staff / Coordinator,Mydentistforlife,,Medium,Role-based Mailbox,Role-Based,info@mydentistforlife.com
a.akguc@fmconsulting.com,A,Akguc,A Akguc,,Unknown,Fmconsulting,,None,,Not Found,a.akguc@fmconsulting.com
matthew.sackett@focuspartners.com,Matthew,Sackett,Matthew Sackett,,Unknown,Focus Partners,,None,,Not Found,matthew.sackett@focuspartners.com
countyclerk@daviesscountymo.gov,Countyclerk,,Countyclerk,,Unknown,Daviesscountymo,,None,,Not Found,countyclerk@daviesscountymo.gov
rich.salas@dmu.edu,Rich,Salas,Rich Salas,,Unknown,Dmu,,None,,Not Found,rich.salas@dmu.edu
jsemprini@dmu.edu,Jsemprini,,Jsemprini,,Unknown,Dmu,,None,,Not Found,jsemprini@dmu.edu
philip.blumberg@dmu.edu,Philip,Blumberg,Philip Blumberg,,Unknown,Dmu,,None,,Not Found,philip.blumberg@dmu.edu
kdavenport@easterseals.com,Kdavenport,,Kdavenport,,Unknown,Easterseals,,None,,Not Found,kdavenport@easterseals.com
tthompson@easterseals.com,Tthompson,,Tthompson,,Unknown,Easterseals,,None,,Not Found,tthompson@easterseals.com
dbunke@easterseals.com,Dbunke,,Dbunke,,Unknown,Easterseals,,None,,Not Found,dbunke@easterseals.com
jshanley@easterseals.com,Jshanley,,Jshanley,Analyst,Professional,Easterseals,,Low,LinkedIn / Web Search,Found,jshanley@easterseals.com
relefane@easterseals.com,Relefane,,Relefane,,Unknown,Easterseals,,None,,Not Found,relefane@easterseals.com
tnguyen@easterseals.com,Tnguyen,,Tnguyen,,Unknown,Easterseals,,None,,Not Found,tnguyen@easterseals.com
cathyb@wa.easterseals.com,Cathyb,,Cathyb,,Unknown,Wa,,None,,Not Found,cathyb@wa.easterseals.com
goakley@easterseals.com,Goakley,,Goakley,CEO,Owner / Executive (C-Suite),Easterseals,,Low,LinkedIn / Web Search,Found,goakley@easterseals.com
jgarcia@eshawaii.org,Jgarcia,,Jgarcia,Partner,Owner / Executive (C-Suite),Eshawaii,,Low,LinkedIn / Web Search,Found,jgarcia@eshawaii.org
abacher@eastersealshawaii.org,Abacher,,Abacher,,Unknown,Eastersealshawaii,,None,,Not Found,abacher@eastersealshawaii.org
awebste6@emich.edu,Awebste,,Awebste,,Unknown,Emich,,None,,Not Found,awebste6@emich.edu
sarah.heggie@eshawaii.org,Sarah,Heggie,Sarah Heggie,,Unknown,Eshawaii,,None,,Not Found,sarah.heggie@eshawaii.org
maddisen.domingo@eshawaii.org,Maddisen,Domingo,Maddisen Domingo,,Unknown,Eshawaii,,None,,Not Found,maddisen.domingo@eshawaii.org
jjcorso@eecs.umich.edu,Jjcorso,,Jjcorso,,Unknown,Michigan Medicine (University of Michigan),,None,,Not Found,jjcorso@eecs.umich.edu
saraband@eecs.umich.edu,Saraband,,Saraband,,Unknown,Michigan Medicine (University of Michigan),,None,,Not Found,saraband@eecs.umich.edu
p.heidinger@fmcgroup.com,P,Heidinger,P Heidinger,CEO,Owner / Executive (C-Suite),Fmc Group,,Medium,Website (/about-us/testimonials/),Found,p.heidinger@fmcgroup.com
i.hamdi@fmcgroup.com,I,Hamdi,I Hamdi,,Unknown,Fmc Group,,None,,Not Found,i.hamdi@fmcgroup.com
e.ulku@fmcgroup.com,E,Ulku,E Ulku,,Unknown,Fmc Group,,None,,Not Found,e.ulku@fmcgroup.com
b.gurleyen@fmcgroup.com,B,Gurleyen,B Gurleyen,,Unknown,Fmc Group,,None,,Not Found,b.gurleyen@fmcgroup.com
l.maglalang@fmcgroup.com,L,Maglalang,L Maglalang,,Unknown,Fmc Group,,None,,Not Found,l.maglalang@fmcgroup.com
n.kutay@fmcgroup.com,N,Kutay,N Kutay,,Unknown,Fmc Group,,None,,Not Found,n.kutay@fmcgroup.com
a.atasoy@fmcgroup.com,A,Atasoy,A Atasoy,,Unknown,Fmc Group,,None,,Not Found,a.atasoy@fmcgroup.com
t.kucukal@fmcgroup.com,T,Kucukal,T Kucukal,,Unknown,Fmc Group,,None,,Not Found,t.kucukal@fmcgroup.com
sg@designandbusiness.eu,Sg,,Sg,,Unknown,Designandbusiness,,None,,Not Found,sg@designandbusiness.eu
jrosen@vertrax.com,Jrosen,,Jrosen,,Unknown,Vertrax,,None,,Not Found,jrosen@vertrax.com
cturcotte@vertrax.com,Cturcotte,,Cturcotte,,Unknown,Vertrax,,None,,Not Found,cturcotte@vertrax.com
bnguyen@vertrax.com,Bnguyen,,Bnguyen,,Unknown,Vertrax,,None,,Not Found,bnguyen@vertrax.com
mstillman@vertrax.com,Tillman,,Tillman,Owner,Owner / Executive (C-Suite),Vertrax,,Medium,LinkedIn / Web Search,Found,mstillman@vertrax.com
nick@vertrax.com,Nick,,Nick,,Unknown,Vertrax,,None,,Not Found,nick@vertrax.com
fbuonocore@vertrax.com,Fbuonocore,,Fbuonocore,,Unknown,Vertrax,,None,,Not Found,fbuonocore@vertrax.com
dmytro@vertrax.com,Dmytro,,Dmytro,,Unknown,Vertrax,,None,,Not Found,dmytro@vertrax.com
delano@gabbi.com,Delano,,Delano,Owner,Owner / Executive (C-Suite),Gabbi,,Low,LinkedIn / Web Search,Found,delano@gabbi.com
sandy@vertrax.com,Sandy,,Sandy,,Unknown,Vertrax,,None,,Not Found,sandy@vertrax.com
mblasch@vertrax.com,Mblasch,,Mblasch,,Unknown,Vertrax,,None,,Not Found,mblasch@vertrax.com
cgladstone@vertrax.com,Cgladstone,,Cgladstone,President,Owner / Executive (C-Suite),Vertrax,,Low,LinkedIn / Web Search,Found,cgladstone@vertrax.com
elana@the4020collective.org,Elana,,Elana,,Unknown,The4020collective,,None,,Not Found,elana@the4020collective.org
sbekanich@irisplans.com,Sbekanich,,Sbekanich,,Unknown,Irisplans,,None,,Not Found,sbekanich@irisplans.com
nadira.kharmai@priorityhealth.com,Nadira,Kharmai,Nadira Kharmai,Specialist,Staff / Coordinator,Priority Health,https://www.linkedin.com/in/nadirakharmai,Medium,LinkedIn / Web Search,Found,nadira.kharmai@priorityhealth.com
john.davidson@carefirst.com,John,Davidson,John Davidson,,Unknown,Care First,,None,,Not Found,john.davidson@carefirst.com
joseph.klesney@priorityhealth.com,Joseph,Klesney,Joseph Klesney,"Senior Director, Market ...",Director / VP,Priority Health,https://www.linkedin.com/in/joseph-klesney-mba-fache-93086b3,High,LinkedIn / Web Search,Found,joseph.klesney@priorityhealth.com
doug.fair@carebridgehealth.com,Doug,Fair,Doug Fair,"Owner, SUCCESSFUL SENIORS",Owner / Executive (C-Suite),Care Bridge Health,https://www.linkedin.com/in/dougcfair,High,LinkedIn / Web Search,Found,doug.fair@carebridgehealth.com
ameeth.reddy@priorityhealth.com,Ameeth,Reddy,Ameeth Reddy,Partner,Owner / Executive (C-Suite),Priority Health,https://www.linkedin.com/in/ameeth-reddy,Medium,LinkedIn / Web Search,Found,ameeth.reddy@priorityhealth.com
shannon.wilson@priorityhealth.com,Shannon,Wilson,Shannon Wilson,,Unknown,Priority Health,,None,,Not Found,shannon.wilson@priorityhealth.com
scott.norman@priorityhealth.com,Scott,Norman,Scott Norman,,Unknown,Priority Health,,None,,Not Found,scott.norman@priorityhealth.com
andre.mota@carebridgehealth.com,Andre,Mota,Andre Mota,,Unknown,Care Bridge Health,,None,,Not Found,andre.mota@carebridgehealth.com
brandon.kerns@carebridgehealth.com,Brandon,Kerns,Brandon Kerns,,Unknown,Care Bridge Health,,None,,Not Found,brandon.kerns@carebridgehealth.com
hannah.lowe@carebridgehealth.com,Hannah,Lowe,Hannah Lowe,CEO,Owner / Executive (C-Suite),Care Bridge Health,,Low,LinkedIn / Web Search,Found,hannah.lowe@carebridgehealth.com
derek.lindblom@carebridgehealth.com,Derek,Lindblom,Derek Lindblom,Chief Operating Officer,Owner / Executive (C-Suite),Care Bridge Health,https://www.linkedin.com/in/derek-lindblom-366520b,High,LinkedIn / Web Search,Found,derek.lindblom@carebridgehealth.com
mike.tudeen@carebridgehealth.com,Mike,Tudeen,Mike Tudeen,CEO,Owner / Executive (C-Suite),Care Bridge Health,https://www.linkedin.com/in/mike-tudeen-4a4a39a,Medium,LinkedIn / Web Search,Found,mike.tudeen@carebridgehealth.com
robert.hart@carebridgehealth.com,Robert,Hart,Robert Hart,Senior Tarbell Fellow,Practitioner / Doctor / Faculty,Care Bridge Health,https://www.linkedin.com/in/robert-hart-b7a7673a,High,LinkedIn / Web Search,Found,robert.hart@carebridgehealth.com
steven.shterenberg@carebridgehealth.com,Steven,Shterenberg,Steven Shterenberg,SVP,Director / VP,Care Bridge Health,https://www.linkedin.com/in/steven-shterenberg-m-d-mba-75460032,High,LinkedIn / Web Search,Found,steven.shterenberg@carebridgehealth.com
lynne.schaffler@carebridgehealth.com,Lynne,Schaffler,Lynne Schaffler,,Unknown,Care Bridge Health,,None,,Not Found,lynne.schaffler@carebridgehealth.com
clay@nimbushealth.com,Clay,,Clay,Founder of Nimbus Health,Owner / Executive (C-Suite),Nimbus Health,https://www.linkedin.com/in/clayspence,High,LinkedIn / Web Search,Found,clay@nimbushealth.com
beth.riha@carebridgehealth.com,Beth,Riha,Beth Riha,,Unknown,Care Bridge Health,,None,,Not Found,beth.riha@carebridgehealth.com
sharvil@nimbushealth.com,Sharvil,,Sharvil,Co-Founder,Owner / Executive (C-Suite),Nimbus Health,,Medium,Website (/about),Found,sharvil@nimbushealth.com
james@nimbushealth.com,James,,James,Co-Founder,Owner / Executive (C-Suite),Nimbus Health,,Medium,Website (/about),Found,james@nimbushealth.com
shiah@nimbushealth.com,Shiah,,Shiah,,Unknown,Nimbus Health,,None,,Not Found,shiah@nimbushealth.com
maria@nimbushealth.com,Maria,,Maria,Founder of Nimbus Health,Owner / Executive (C-Suite),Nimbus Health,https://www.linkedin.com/in/clayspence,High,LinkedIn / Web Search,Found,maria@nimbushealth.com
margarita@nimbushealth.com,Margarita,,Margarita,,Unknown,Nimbus Health,,None,,Not Found,margarita@nimbushealth.com
cari@nimbushealth.com,Cari,,Cari,,Unknown,Nimbus Health,,None,,Not Found,cari@nimbushealth.com
vescareno@vytalus.com,Vescareno,,Vescareno,,Unknown,Vytalus,,None,,Not Found,vescareno@vytalus.com
aneill@vytalus.com,Aneill,,Aneill,,Unknown,Vytalus,,None,,Not Found,aneill@vytalus.com
ctrappey@vytalus.com,Ctrappey,,Ctrappey,,Unknown,Vytalus,,None,,Not Found,ctrappey@vytalus.com
ahicks@vytalus.com,Ahicks,,Ahicks,,Unknown,Vytalus,,None,,Not Found,ahicks@vytalus.com
mjawad@vytalus.com,Mjawad,,Mjawad,,Unknown,Vytalus,,None,,Not Found,mjawad@vytalus.com
cburch@vytalus.com,Cburch,,Cburch,,Unknown,Vytalus,,None,,Not Found,cburch@vytalus.com
paul@dimerhealth.com,Paul,,Paul,Director,Director / VP,Dimer Health,,Medium,LinkedIn / Web Search,Found,paul@dimerhealth.com
jangell@vytalus.com,Jangell,,Jangell,,Unknown,Vytalus,,None,,Not Found,jangell@vytalus.com
gidon@dimerhealth.com,Gidon,,Gidon,President,Owner / Executive (C-Suite),Dimer Health,,Low,LinkedIn / Web Search,Found,gidon@dimerhealth.com
kayla.montgomery@dimerhealth.com,Kayla,Montgomery,Kayla Montgomery,Owner,Owner / Executive (C-Suite),Dimer Health,,Low,LinkedIn / Web Search,Found,kayla.montgomery@dimerhealth.com
sarig@dimerhealth.com,Sarig,,Sarig,Co-Founder,Owner / Executive (C-Suite),Dimer Health,,Medium,Website (/about-us/leadership),Found,sarig@dimerhealth.com
tamar@dimerhealth.com,Tamar,,Tamar,Physician Assistant,Practitioner / Doctor / Faculty,Dimer Health,,Medium,Website (/about-us/clinical-team),Found,tamar@dimerhealth.com
ruty@dimerhealth.com,Ruty,,Ruty,,Unknown,Dimer Health,,None,,Not Found,ruty@dimerhealth.com
sumegha@dimerhealth.com,Sumegha,,Sumegha,,Unknown,Dimer Health,,None,,Not Found,sumegha@dimerhealth.com
david@dimerhealth.com,David,,David,Partner Desk,Owner / Executive (C-Suite),Dimer Health,,Low,LinkedIn / Web Search,Found,david@dimerhealth.com
andrea@dimerhealth.com,Andrea,,Andrea,Physician Assistant,Practitioner / Doctor / Faculty,Dimer Health,,Medium,Website (/about-us/clinical-team),Found,andrea@dimerhealth.com
steven@dimerhealth.com,Steven,,Steven,,Unknown,Dimer Health,,None,,Not Found,steven@dimerhealth.com
marcel.vandesande@cortexon.com,Marcel,Vandesande,Marcel Vandesande,,Unknown,Cortexon,,None,,Not Found,marcel.vandesande@cortexon.com
mark.lauwen@cortexon.com,Mark,Lauwen,Mark Lauwen,,Unknown,Cortexon,,None,,Not Found,mark.lauwen@cortexon.com
simon.verlinden@cortexon.com,Simon,Verlinden,Simon Verlinden,,Unknown,Cortexon,,None,,Not Found,simon.verlinden@cortexon.com
roy.ketelaars@cortexon.com,Roy,Ketelaars,Roy Ketelaars,,Unknown,Cortexon,,None,,Not Found,roy.ketelaars@cortexon.com
pim.eling@cortexon.com,Pim,Eling,Pim Eling,,Unknown,Cortexon,,None,,Not Found,pim.eling@cortexon.com
cfo@stallanthealth.com,Cfo,,Cfo,Chief Financial Officer,Owner / Executive (C-Suite),Stallant Health,,Medium,LinkedIn / Web Search,Found,cfo@stallanthealth.com
cmo@stallant.com,Cmo,,Cmo,Principal,Owner / Executive (C-Suite),Stallant,,Low,LinkedIn / Web Search,Found,cmo@stallant.com
april@stallant.com,April,,April,,Unknown,Stallant,,None,,Not Found,april@stallant.com
ioana@stallant.com,Ioana,,Ioana,,Unknown,Stallant,,None,,Not Found,ioana@stallant.com
hannah.moralde@stallant.com,Hannah,Moralde,Hannah Moralde,,Unknown,Stallant,,None,,Not Found,hannah.moralde@stallant.com
anastasia@stallant.com,Anastasia,,Anastasia,,Unknown,Stallant,,None,,Not Found,anastasia@stallant.com
jovana@welliti.com,Jovana,,Jovana,Associate,Staff / Coordinator,Welliti,,Low,LinkedIn / Web Search,Found,jovana@welliti.com
billie@stallant.com,Billie,,Billie,,Unknown,Stallant,,None,,Not Found,billie@stallant.com
alina.grigore@stallant.com,Alina,Grigore,Alina Grigore,,Unknown,Stallant,,None,,Not Found,alina.grigore@stallant.com
glen.ferris@healthcaretoday.com,Glen,Ferris,Glen Ferris,,Unknown,Health Care Today,,None,,Not Found,glen.ferris@healthcaretoday.com
erica@welliti.com,Erica,,Erica,,Unknown,Welliti,,None,,Not Found,erica@welliti.com
brian.kinsella@rappore.com,Brian,Kinsella,Brian Kinsella,Co-Founder,Owner / Executive (C-Suite),Rappore,,Medium,Website (/meet-the-team),Found,brian.kinsella@rappore.com
cheryl.gould@rappore.com,Cheryl,Gould,Cheryl Gould,Nurse Practitioner,Practitioner / Doctor / Faculty,Rappore,,Medium,Website (/meet-the-team),Found,cheryl.gould@rappore.com
giovanna.guarnieri@rappore.com,Giovanna,Guarnieri,Giovanna Guarnieri,,Unknown,Rappore,,None,,Not Found,giovanna.guarnieri@rappore.com
elizabeth.latsos@rappore.com,Elizabeth,Latsos,Elizabeth Latsos,,Unknown,Rappore,,None,,Not Found,elizabeth.latsos@rappore.com
lindsay.thomas@rappore.com,Lindsay,Thomas,Lindsay Thomas,Partner,Owner / Executive (C-Suite),Rappore,,Low,LinkedIn / Web Search,Found,lindsay.thomas@rappore.com
amelia.zucco@rappore.com,Amelia,Zucco,Amelia Zucco,,Unknown,Rappore,,None,,Not Found,amelia.zucco@rappore.com
perla.soto@acmconnect.com,Perla,Soto,Perla Soto,Partner,Owner / Executive (C-Suite),Acmconnect,,Low,LinkedIn / Web Search,Found,perla.soto@acmconnect.com
jill.wynn@rappore.com,Jill,Wynn,Jill Wynn,,Unknown,Rappore,,None,,Not Found,jill.wynn@rappore.com
jacqueline.burnett@rappore.com,Jacqueline,Burnett,Jacqueline Burnett,,Unknown,Rappore,,None,,Not Found,jacqueline.burnett@rappore.com
megan.senko@rappore.com,Megan,Senko,Megan Senko,,Unknown,Rappore,,None,,Not Found,megan.senko@rappore.com
lautaro.rosales@acmconnect.com,Lautaro,Rosales,Lautaro Rosales,Director,Director / VP,Acmconnect,,Medium,Website (/about-us/),Found,lautaro.rosales@acmconnect.com
pacino.mancillas@acmconnect.com,Pacino,Mancillas,Pacino Mancillas,VP,Director / VP,Acmconnect,,Medium,Website (/about-us/),Found,pacino.mancillas@acmconnect.com
gail.cox@acmconnect.com,Gail,Cox,Gail Cox,VP,Director / VP,Acmconnect,,Medium,Website (/about-us/),Found,gail.cox@acmconnect.com
jaime.cardenas@acmconnect.com,Jaime,Cardenas,Jaime Cardenas,CEO,Owner / Executive (C-Suite),Acmconnect,,Medium,Website (/about-us/),Found,jaime.cardenas@acmconnect.com
florencia.fernandez@acmconnect.com,Florencia,Fernandez,Florencia Fernandez,Marketing Manager,Manager / Admin,Acmconnect,,Medium,Website (/about-us/),Found,florencia.fernandez@acmconnect.com
kristi.booker@acmconnect.com,Kristi,Booker,Kristi Booker,Director,Director / VP,Acmconnect,,Medium,Website (/about-us/),Found,kristi.booker@acmconnect.com
natalia.schiappacasse@acmconnect.com,Natalia,Schiappacasse,Natalia Schiappacasse,Partner,Owner / Executive (C-Suite),Acmconnect,,Low,LinkedIn / Web Search,Found,natalia.schiappacasse@acmconnect.com
richard.rodarte@acmconnect.com,Richard,Rodarte,Richard Rodarte,,Unknown,Acmconnect,,None,,Not Found,richard.rodarte@acmconnect.com
amanda.breslin@acmconnect.com,Amanda,Breslin,Amanda Breslin,,Unknown,Acmconnect,,None,,Not Found,amanda.breslin@acmconnect.com
ben.dillon@geonetric.com,Ben,Dillon,Ben Dillon,Chief Executive Officer,Owner / Executive (C-Suite),Geonetric,,Medium,Website (/about-us),Found,ben.dillon@geonetric.com
will.saunders@athomeharmony.com,Will,Saunders,Will Saunders,,Unknown,Athomeharmony,,None,,Not Found,will.saunders@athomeharmony.com
vanessa.naber@geonetric.com,Vanessa,Naber,Vanessa Naber,,Unknown,Geonetric,,None,,Not Found,vanessa.naber@geonetric.com
amelia.baerenwald@geonetric.com,Amelia,Baerenwald,Amelia Baerenwald,,Unknown,Geonetric,,None,,Not Found,amelia.baerenwald@geonetric.com
scott.springer@geonetric.com,Scott,Springer,Scott Springer,,Unknown,Geonetric,,None,,Not Found,scott.springer@geonetric.com
mark.tripodi@athomeharmony.com,Mark,Tripodi,Mark Tripodi,,Unknown,Athomeharmony,,None,,Not Found,mark.tripodi@athomeharmony.com
robert.jones@athomeharmony.com,Robert,Jones,Robert Jones,,Unknown,Athomeharmony,,None,,Not Found,robert.jones@athomeharmony.com
lea.carino@athomeharmony.com,Lea,Carino,Lea Carino,,Unknown,Athomeharmony,,None,,Not Found,lea.carino@athomeharmony.com
parizad.irani@athomeharmony.com,Parizad,Irani,Parizad Irani,,Unknown,Athomeharmony,,None,,Not Found,parizad.irani@athomeharmony.com
kimberly.kirsch@athomeharmony.com,Kimberly,Kirsch,Kimberly Kirsch,,Unknown,Athomeharmony,,None,,Not Found,kimberly.kirsch@athomeharmony.com
tara.beatty@athomeharmony.com,Tara,Beatty,Tara Beatty,,Unknown,Athomeharmony,,None,,Not Found,tara.beatty@athomeharmony.com
olivia.iovino@athomeharmony.com,Olivia,Iovino,Olivia Iovino,,Unknown,Athomeharmony,,None,,Not Found,olivia.iovino@athomeharmony.com
kate.nesbitt@newh.org,Kate,Nesbitt,Kate Nesbitt,,Unknown,Newh,,None,,Not Found,kate.nesbitt@newh.org
melani.beattie@newh.org,Melani,Beattie,Melani Beattie,,Unknown,Newh,,None,,Not Found,melani.beattie@newh.org
chris.tucker@newh.org,Chris,Tucker,Chris Tucker,,Unknown,Newh,,None,,Not Found,chris.tucker@newh.org
hillary.eggebrecht@newh.org,Hillary,Eggebrecht,Hillary Eggebrecht,,Unknown,Newh,,None,,Not Found,hillary.eggebrecht@newh.org
beth@imge.com,Beth,,Beth,,Unknown,Imge,,None,,Not Found,beth@imge.com
newh.milano@newh.org,Newh,Milano,Newh Milano,,Unknown,Newh,,None,,Not Found,newh.milano@newh.org
andrew@imge.com,Andrew,,Andrew,,Unknown,Imge,,None,,Not Found,andrew@imge.com
adam.parcel@imge.com,Adam,Parcel,Adam Parcel,,Unknown,Imge,,None,,Not Found,adam.parcel@imge.com
courtney@imge.com,Courtney,,Courtney,,Unknown,Imge,,None,,Not Found,courtney@imge.com
kyle.schutt@imge.com,Kyle,Schutt,Kyle Schutt,,Unknown,Imge,,None,,Not Found,kyle.schutt@imge.com
seth@imge.com,Seth,,Seth,,Unknown,Imge,,None,,Not Found,seth@imge.com
lauren@imge.com,Lauren,,Lauren,,Unknown,Imge,,None,,Not Found,lauren@imge.com
conner@imge.com,Conner,,Conner,,Unknown,Imge,,None,,Not Found,conner@imge.com
jacob.klingensmith@imge.com,Jacob,Klingensmith,Jacob Klingensmith,,Unknown,Imge,,None,,Not Found,jacob.klingensmith@imge.com
fyang@allcareipa.com,Fyang,,Fyang,,Unknown,All Care Ipa,,None,,Not Found,fyang@allcareipa.com
stran@allcareipa.com,Stran,,Stran,,Unknown,All Care Ipa,,None,,Not Found,stran@allcareipa.com
lsatoshige@allcareipa.com,Lsatoshige,,Lsatoshige,,Unknown,All Care Ipa,,None,,Not Found,lsatoshige@allcareipa.com
njos.evelyn@optimum.net,Njos,Evelyn,Njos Evelyn,,Unknown,Optimum,,None,,Not Found,njos.evelyn@optimum.net
cogden@allcareipa.com,Cogden,,Cogden,DB-GPT: Open-source Agentic AI Data Assistant,Staff / Coordinator,All Care Ipa,,Low,LinkedIn / Web Search,Found,cogden@allcareipa.com
brees@allcareipa.com,Brees,,Brees,,Unknown,All Care Ipa,,None,,Not Found,brees@allcareipa.com
sbrown@allcareipa.com,Sbrown,,Sbrown,,Unknown,All Care Ipa,,None,,Not Found,sbrown@allcareipa.com
lmoser@allcareipa.com,Lmoser,,Lmoser,,Unknown,All Care Ipa,,None,,Not Found,lmoser@allcareipa.com
reed@oicinc.com,Reed,,Reed,Specialist,Staff / Coordinator,Oicinc,,Medium,LinkedIn / Web Search,Found,reed@oicinc.com
dbernaldo@allcareipa.com,Dbernaldo,,Dbernaldo,,Unknown,All Care Ipa,,None,,Not Found,dbernaldo@allcareipa.com
sara.pozzi@zipo.it,Sara,Pozzi,Sara Pozzi,Microsoft Support and Recovery Assistant (sara),Staff / Coordinator,Zipo,,Low,LinkedIn / Web Search,Found,sara.pozzi@zipo.it
rvalentin@allcareipa.com,Rvalentin,,Rvalentin,,Unknown,All Care Ipa,,None,,Not Found,rvalentin@allcareipa.com
dfoehringer@allcareipa.com,Dfoehringer,,Dfoehringer,,Unknown,All Care Ipa,,None,,Not Found,dfoehringer@allcareipa.com
cdemaioribus@jfsrichmond.org,Cdemaioribus,,Cdemaioribus,,Unknown,Jfsrichmond,,None,,Not Found,cdemaioribus@jfsrichmond.org
roxanne@oicinc.com,Roxanne,,Roxanne,,Unknown,Oicinc,,None,,Not Found,roxanne@oicinc.com
fjones@jfsrichmond.org,Fjones,,Fjones,Configuration Manager,Manager / Admin,Jfsrichmond,,Low,LinkedIn / Web Search,Found,fjones@jfsrichmond.org
awharam@jfsrichmond.org,Awharam,,Awharam,,Unknown,Jfsrichmond,,None,,Not Found,awharam@jfsrichmond.org
rabbott@jfsrichmond.org,Rabbott,,Rabbott,,Unknown,Jfsrichmond,,None,,Not Found,rabbott@jfsrichmond.org
wkreuter@jfsrichmond.org,Wkreuter,,Wkreuter,Chief Executive Officer,Owner / Executive (C-Suite),Jfsrichmond,,Medium,Website (/about/),Found,wkreuter@jfsrichmond.org
lcolegrove@jfsrichmond.org,Lcolegrove,,Lcolegrove,,Unknown,Jfsrichmond,,None,,Not Found,lcolegrove@jfsrichmond.org
kemerson@jfsrichmond.org,Kemerson,,Kemerson,,Unknown,Jfsrichmond,,None,,Not Found,kemerson@jfsrichmond.org
gary@hoffman-hoffman.net,Gary,,Gary,,Unknown,Hoffman Hoffman,,None,,Not Found,gary@hoffman-hoffman.net
mohd.navajish@ipsos.com,Mohd,Navajish,Mohd Navajish,,Unknown,Ipsos,,None,,Not Found,mohd.navajish@ipsos.com
amy.brinkman@ipsos.com,Amy,Brinkman,Amy Brinkman,,Unknown,Ipsos,,None,,Not Found,amy.brinkman@ipsos.com
kristen.mockler@huschblackwell.com,Kristen,Mockler,Kristen Mockler,,Unknown,Huschblackwell,,None,,Not Found,kristen.mockler@huschblackwell.com
subrat.pati@ipsos.com,Subrat,Pati,Subrat Pati,,Unknown,Ipsos,,None,,Not Found,subrat.pati@ipsos.com
tanya@granerlaw.com,Tanya,,Tanya,,Unknown,Granerlaw,,None,,Not Found,tanya@granerlaw.com
robert.cardarelli@ipsos.com,Robert,Cardarelli,Robert Cardarelli,,Unknown,Ipsos,,None,,Not Found,robert.cardarelli@ipsos.com
surya.pandruvada@ipsos.com,Surya,Pandruvada,Surya Pandruvada,,Unknown,Ipsos,,None,,Not Found,surya.pandruvada@ipsos.com
shay@cashmediq.com,Shay,,Shay,,Unknown,Cashmediq,,None,,Not Found,shay@cashmediq.com
kellyf@mercyurgentbilling.com,Kellyf,,Kellyf,,Unknown,Mercyurgentbilling,,None,,Not Found,kellyf@mercyurgentbilling.com
haley@crossroadsmedicalmission.org,Haley,,Haley,Founder,Owner / Executive (C-Suite),Crossroads Medical Mission,,Low,LinkedIn / Web Search,Found,haley@crossroadsmedicalmission.org
nathan@crossroadsmedicalmission.org,Nathan,,Nathan,,Unknown,Crossroads Medical Mission,,None,,Not Found,nathan@crossroadsmedicalmission.org
cindy@crossroadsmedicalmission.org,Cindy,,Cindy,,Unknown,Crossroads Medical Mission,,None,,Not Found,cindy@crossroadsmedicalmission.org
erin@crossroadsmedicalmission.org,Erin,,Erin,,Unknown,Crossroads Medical Mission,,None,,Not Found,erin@crossroadsmedicalmission.org
chery.johnson@acaciamedicalmission.org,Chery,Johnson,Chery Johnson,,Unknown,Acacia Medical Mission,,None,,Not Found,chery.johnson@acaciamedicalmission.org
switt@guardianmedicalusa.com,Switt,,Switt,Analyst,Professional,Guardian Medical Usa,,Low,LinkedIn / Web Search,Found,switt@guardianmedicalusa.com
hbirchall@guardianmedicalusa.com,Hbirchall,,Hbirchall,,Unknown,Guardian Medical Usa,,None,,Not Found,hbirchall@guardianmedicalusa.com
ssullivan@guardianmedicalusa.com,Ssullivan,,Ssullivan,,Unknown,Guardian Medical Usa,,None,,Not Found,ssullivan@guardianmedicalusa.com
sdurbin@guardianmedicalusa.com,Sdurbin,,Sdurbin,,Unknown,Guardian Medical Usa,,None,,Not Found,sdurbin@guardianmedicalusa.com
v.kumar@scanhealthplan.com,V,Kumar,V Kumar,,Unknown,Scan Health Plan,,None,,Not Found,v.kumar@scanhealthplan.com
corina@minddemand.com,Corina,,Corina,Operations Manager,Manager / Admin,Minddemand,,Low,LinkedIn / Web Search,Found,corina@minddemand.com
brigid@radiant-health.co.nz,Brigid,,Brigid,Owner,Owner / Executive (C-Suite),Radiant Health,,Low,LinkedIn / Web Search,Found,brigid@radiant-health.co.nz
remery@hopeonhavenhill.org,Remery,,Remery,Owner,Owner / Executive (C-Suite),Hopeonhavenhill,,Low,LinkedIn / Web Search,Found,remery@hopeonhavenhill.org
knorton@hopeonhavenhill.org,Knorton,,Knorton,,Unknown,Hopeonhavenhill,,None,,Not Found,knorton@hopeonhavenhill.org
kplasse@hopeonhavenhill.org,Kplasse,,Kplasse,,Unknown,Hopeonhavenhill,,None,,Not Found,kplasse@hopeonhavenhill.org
golhava@hopeonhavenhill.org,Golhava,,Golhava,,Unknown,Hopeonhavenhill,,None,,Not Found,golhava@hopeonhavenhill.org
lpollard@hopeonhavenhill.org,Lpollard,,Lpollard,,Unknown,Hopeonhavenhill,,None,,Not Found,lpollard@hopeonhavenhill.org
gabe@intuitivepe.com,Gabe,,Gabe,Co-Founder,Owner / Executive (C-Suite),Intuitivepe,,Medium,LinkedIn / Web Search,Found,gabe@intuitivepe.com
azam@productsource.biz,Azam,,Azam,,Unknown,Productsource,,None,,Not Found,azam@productsource.biz
pforziati@hopeonhavenhill.org,Pforziati,,Pforziati,,Unknown,Hopeonhavenhill,,None,,Not Found,pforziati@hopeonhavenhill.org
mmckinnon@hopeonhavenhill.org,Mmckinnon,,Mmckinnon,,Unknown,Hopeonhavenhill,,None,,Not Found,mmckinnon@hopeonhavenhill.org
esheffield@hopeonhavenhill.org,Esheffield,,Esheffield,,Unknown,Hopeonhavenhill,,None,,Not Found,esheffield@hopeonhavenhill.org
tim@homeward.com,Tim,,Tim,Chief Financial Officer,Owner / Executive (C-Suite),Homeward,,Medium,Website (/about-us),Found,tim@homeward.com
nachiket.khatavkar@homeward.com,Nachiket,Khatavkar,Nachiket Khatavkar,,Unknown,Homeward,,None,,Not Found,nachiket.khatavkar@homeward.com
megan.ford@homeward.com,Megan,Ford,Megan Ford,,Unknown,Homeward,,None,,Not Found,megan.ford@homeward.com
shikha.kapur@homeward.com,Shikha,Kapur,Shikha Kapur,,Unknown,Homeward,,None,,Not Found,shikha.kapur@homeward.com
colin@homeward.com,Colin,,Colin,Chief Financial Officer,Owner / Executive (C-Suite),Homeward,,Medium,Website (/about-us),Found,colin@homeward.com
maria.rincon@homeward.com,Maria,Rincon,Maria Rincon,Partner,Owner / Executive (C-Suite),Homeward,,Low,LinkedIn / Web Search,Found,maria.rincon@homeward.com
megan@homeward.com,Megan,,Megan,Chief Financial Officer,Owner / Executive (C-Suite),Homeward,,Medium,Website (/about-us),Found,megan@homeward.com
tony.hughes@homeward.com,Tony,Hughes,Tony Hughes,,Unknown,Homeward,,None,,Not Found,tony.hughes@homeward.com
adoe@toourshores.org,Adoe,,Adoe,,Unknown,Toourshores,,None,,Not Found,adoe@toourshores.org
paul@rivercityministry.org,Paul,,Paul,Director,Director / VP,Rivercityministry,,Medium,LinkedIn / Web Search,Found,paul@rivercityministry.org
shana@themercyministries.org,Shana,,Shana,,Unknown,Themercyministries,,None,,Not Found,shana@themercyministries.org
karime@themercyministries.org,Karime,,Karime,,Unknown,Themercyministries,,None,,Not Found,karime@themercyministries.org
steven@rivercityministry.org,Steven,,Steven,,Unknown,Rivercityministry,,None,,Not Found,steven@rivercityministry.org
angelo@capricm.com,Angelo,,Angelo,,Unknown,Capricm,,None,,Not Found,angelo@capricm.com
theresa@capricm.com,Theresa,,Theresa,,Unknown,Capricm,,None,,Not Found,theresa@capricm.com
acquisitions@capricm.com,Acquisitions,,Acquisitions,,Unknown,Capricm,,None,,Not Found,acquisitions@capricm.com
esther@capricm.com,Esther,,Esther,,Unknown,Capricm,,None,,Not Found,esther@capricm.com
istvan@radianthealthsaunas.com,Istvan,,Istvan,,Unknown,Radiant Health Saunas,,None,,Not Found,istvan@radianthealthsaunas.com
eluster@seniorsrising.us,Eluster,,Eluster,,Unknown,Seniorsrising,,None,,Not Found,eluster@seniorsrising.us
sbruce@seniorsrising.us,Sbruce,,Sbruce,,Unknown,Seniorsrising,,None,,Not Found,sbruce@seniorsrising.us
vikki.wofford@ludlow.kyschools.us,Vikki,Wofford,Vikki Wofford,,Unknown,Ludlow,,None,,Not Found,vikki.wofford@ludlow.kyschools.us
carolyn@hellosage.com,Carolyn,,Carolyn,Founder,Owner / Executive (C-Suite),Hellosage,,Medium,LinkedIn / Web Search,Found,carolyn@hellosage.com
shane@hellosage.com,Shane,,Shane,,Unknown,Hellosage,,None,,Not Found,shane@hellosage.com
kalyn@hellosage.com,Kalyn,,Kalyn,Analyst,Professional,Hellosage,,Low,LinkedIn / Web Search,Found,kalyn@hellosage.com
kelly@hellosage.com,Kelly,,Kelly,,Unknown,Hellosage,,None,,Not Found,kelly@hellosage.com
lindsey@hellosage.com,Lindsey,,Lindsey,,Unknown,Hellosage,,None,,Not Found,lindsey@hellosage.com
raj@hellosage.com,Raj,,Raj,Chief Operating Officer,Owner / Executive (C-Suite),Hellosage,,Medium,Website (/company/about),Found,raj@hellosage.com
pedro@hellosage.com,Pedro,,Pedro,,Unknown,Hellosage,,None,,Not Found,pedro@hellosage.com
christina@hellosage.com,Christina,,Christina,,Unknown,Hellosage,,None,,Not Found,christina@hellosage.com
claire.iball@touchmark.com,Claire,Iball,Claire Iball,Claire M. Iball Vice President,Owner / Executive (C-Suite),Touchmark,,Medium,Website (/leadership/),Found,claire.iball@touchmark.com
chris.thompson@touchmark.com,Chris,Thompson,Chris Thompson,,Unknown,Touchmark,,None,,Not Found,chris.thompson@touchmark.com
kari.dick@touchmark.com,Kari,Dick,Kari Dick,Kari B. Dick Vice President,Owner / Executive (C-Suite),Touchmark,,Medium,Website (/leadership/),Found,kari.dick@touchmark.com
adam@hellosage.com,Adam,,Adam,,Unknown,Hellosage,,None,,Not Found,adam@hellosage.com
james.kluka@touchmark.com,James,Kluka,James Kluka,,Unknown,Touchmark,,None,,Not Found,james.kluka@touchmark.com
tim.cross@touchmark.com,Tim,Cross,Tim Cross,Tim W. Cross Vice President,Owner / Executive (C-Suite),Touchmark,,Medium,Website (/leadership/),Found,tim.cross@touchmark.com
tracy.wise@touchmark.com,Tracy,Wise,Tracy Wise,,Unknown,Touchmark,,None,,Not Found,tracy.wise@touchmark.com
alyssa.shelton@touchmark.com,Alyssa,Shelton,Alyssa Shelton,,Unknown,Touchmark,,None,,Not Found,alyssa.shelton@touchmark.com
mkingsley@naborly.net,Mkingsley,,Mkingsley,,Unknown,Naborly,,None,,Not Found,mkingsley@naborly.net
arnir@google.com,Arnir,,Arnir,,Unknown,Google,,None,,Not Found,arnir@google.com
andee.anthony@homewardtitle.com,Andee,Anthony,Andee Anthony,,Unknown,Homewardtitle,,None,,Not Found,andee.anthony@homewardtitle.com
rouxj@health-worx.co.za,Rouxj,,Rouxj,,Unknown,Health Worx,,None,,Not Found,rouxj@health-worx.co.za
johnm@uci.edu,Johnm,,Johnm,,Unknown,Uci,,None,,Not Found,johnm@uci.edu
zotmail@uci.edu,Zotmail,,Zotmail,,Unknown,Uci,,None,,Not Found,zotmail@uci.edu
keith@synergyhealthcare.co.uk,Keith,,Keith,,Unknown,Synergy Health Care,,None,,Not Found,keith@synergyhealthcare.co.uk
m.cheraghchi@imperial.ac.uk,M,Cheraghchi,M Cheraghchi,,Unknown,Imperial,,None,,Not Found,m.cheraghchi@imperial.ac.uk
ssimerville@scc.md,Ssimerville,,Ssimerville,,Unknown,Scc,,None,,Not Found,ssimerville@scc.md
aperides@scc.md,Aperides,,Aperides,,Unknown,Scc,,None,,Not Found,aperides@scc.md
sfuller@scc.md,Sfuller,,Sfuller,,Unknown,Scc,,None,,Not Found,sfuller@scc.md
haragon@scc.md,Haragon,,Haragon,,Unknown,Scc,,None,,Not Found,haragon@scc.md
jon.foran@cmbsllc.net,Jon,Foran,Jon Foran,AI Prompt Optimization Specialist · Github,Staff / Coordinator,Cmbsllc,,Low,LinkedIn / Web Search,Found,jon.foran@cmbsllc.net
sderuiter@scc.md,Sderuiter,,Sderuiter,,Unknown,Scc,,None,,Not Found,sderuiter@scc.md
mbriggs-mead@scc.md,Mbriggs,Mead,Mbriggs Mead,,Unknown,Scc,,None,,Not Found,mbriggs-mead@scc.md
susanw@ajrcso.com,Susanw,,Susanw,,Unknown,Ajrcso,,None,,Not Found,susanw@ajrcso.com
jatkinson@osicda.com,Jatkinson,,Jatkinson,,Unknown,Osicda,,None,,Not Found,jatkinson@osicda.com
akrumm@chambersandblohm.com,Akrumm,,Akrumm,,Unknown,Chambersandblohm,,None,,Not Found,akrumm@chambersandblohm.com
hastingsv@whds.com,Hastingsv,,Hastingsv,,Unknown,Whds,,None,,Not Found,hastingsv@whds.com
tblend@theblendinstitute.com,Tblend,,Tblend,,Unknown,Theblendinstitute,,None,,Not Found,tblend@theblendinstitute.com
sandra.mancia@cmbsllc.net,Sandra,Mancia,Sandra Mancia,,Unknown,Cmbsllc,,None,,Not Found,sandra.mancia@cmbsllc.net
hmcdermott@epfh.org,Hmcdermott,,Hmcdermott,,Unknown,Epfh,,None,,Not Found,hmcdermott@epfh.org
ntheiler@theblendinstitute.com,Ntheiler,,Ntheiler,,Unknown,Theblendinstitute,,None,,Not Found,ntheiler@theblendinstitute.com
chip@fillingane.com,Chip,,Chip,,Unknown,Fillingane,,None,,Not Found,chip@fillingane.com
ssylvester@sndc.info,Ssylvester,,Ssylvester,,Unknown,Sndc,,None,,Not Found,ssylvester@sndc.info
c.matthews@tgfw.com,C,Matthews,C Matthews,,Unknown,Tgfw,,None,,Not Found,c.matthews@tgfw.com
g.pirkle@tgfw.com,G,Pirkle,G Pirkle,,Unknown,Tgfw,,None,,Not Found,g.pirkle@tgfw.com
t.chamberlain@tgfw.com,T,Chamberlain,T Chamberlain,,Unknown,Tgfw,,None,,Not Found,t.chamberlain@tgfw.com
johnoh@alumni.emory.edu,Johnoh,,Johnoh,,Unknown,Alumni,,None,,Not Found,johnoh@alumni.emory.edu
alison.flynngaffney@hsc.utah.edu,Alison,Flynngaffney,Alison Flynngaffney,,Unknown,Utah,,None,,Not Found,alison.flynngaffney@hsc.utah.edu
bob.d@columbia.edu,Bob,D,Bob D,,Unknown,Columbia,,None,,Not Found,bob.d@columbia.edu
rb3000@columbia.edu,Rb,,Rb,Ads Manager,Manager / Admin,Columbia,,Low,LinkedIn / Web Search,Found,rb3000@columbia.edu
silvia.m@columbia.edu,Silvia,M,Silvia M,,Unknown,Columbia,,None,,Not Found,silvia.m@columbia.edu
k.obrien@columbia.edu,K,Obrien,K Obrien,,Unknown,Columbia,,None,,Not Found,k.obrien@columbia.edu
bs2286@columbia.edu,Bs,,Bs,,Unknown,Columbia,,None,,Not Found,bs2286@columbia.edu
kayla.diaz@va.gov,Kayla,Diaz,Kayla Diaz,Owner,Owner / Executive (C-Suite),Va,,Low,LinkedIn / Web Search,Found,kayla.diaz@va.gov
c.lencheski@columbia.edu,C,Lencheski,C Lencheski,,Unknown,Columbia,,None,,Not Found,c.lencheski@columbia.edu
michael.payne6@va.gov,Michael,Payne,Michael Payne,Founder,Owner / Executive (C-Suite),Va,,Low,LinkedIn / Web Search,Found,michael.payne6@va.gov
js6681@columbia.edu,Js,,Js,,Unknown,Columbia,,None,,Not Found,js6681@columbia.edu
ryan@k50ventures.com,Ryan,,Ryan,CEO,Owner / Executive (C-Suite),K50ventures,,Medium,LinkedIn / Web Search,Found,ryan@k50ventures.com
nkosaraju@uh.edu,Nkosaraju,,Nkosaraju,,Unknown,Uh,,None,,Not Found,nkosaraju@uh.edu
joseph.lippi@dc.gov,Joseph,Lippi,Joseph Lippi,Budget Direct Policy Manager,Manager / Admin,Dc,,Low,LinkedIn / Web Search,Found,joseph.lippi@dc.gov
priyam.saha@transformationplus.com,Priyam,Saha,Priyam Saha,Partner,Owner / Executive (C-Suite),Transformationplus,,Low,LinkedIn / Web Search,Found,priyam.saha@transformationplus.com
karthik@transformationplus.com,Karthik,,Karthik,Director,Director / VP,Transformationplus,,Medium,LinkedIn / Web Search,Found,karthik@transformationplus.com
joshua.oberg@health.mil,Joshua,Oberg,Joshua Oberg,,Unknown,Health,,None,,Not Found,joshua.oberg@health.mil
pratibha.prasad@transformationplus.com,Pratibha,Prasad,Pratibha Prasad,,Unknown,Transformationplus,,None,,Not Found,pratibha.prasad@transformationplus.com
prakash@transformationplus.com,Prakash,,Prakash,,Unknown,Transformationplus,,None,,Not Found,prakash@transformationplus.com
erick.aol@health.mil,Erick,Aol,Erick Aol,,Unknown,Health,,None,,Not Found,erick.aol@health.mil
groute@region7aaa.org,Groute,,Groute,DB-GPT: Open-source Agentic AI Data Assistant,Staff / Coordinator,Region7aaa,,Low,LinkedIn / Web Search,Found,groute@region7aaa.org
cameron.pickett@amaterrawines.com,Cameron,Pickett,Cameron Pickett,,Unknown,Amaterrawines,,None,,Not Found,cameron.pickett@amaterrawines.com
kr@roccosremedy.com,Kr,,Kr,,Unknown,Roccosremedy,,None,,Not Found,kr@roccosremedy.com
pschmidt@bodyvitalitynow.com,Pschmidt,,Pschmidt,,Unknown,Bodyvitalitynow,,None,,Not Found,pschmidt@bodyvitalitynow.com
daniellen@region7aaa.org,Daniellen,,Daniellen,,Unknown,Region7aaa,,None,,Not Found,daniellen@region7aaa.org
johnsonm@region7aaa.org,Johnsonm,,Johnsonm,,Unknown,Region7aaa,,None,,Not Found,johnsonm@region7aaa.org
allyc@region7aaa.org,Allyc,,Allyc,CEO,Owner / Executive (C-Suite),Region7aaa,,Low,LinkedIn / Web Search,Found,allyc@region7aaa.org
debraa@region7aaa.org,Debraa,,Debraa,,Unknown,Region7aaa,,None,,Not Found,debraa@region7aaa.org
britzp@region7aaa.org,Britzp,,Britzp,,Unknown,Region7aaa,,None,,Not Found,britzp@region7aaa.org
abcpedijackie@sbcglobal.net,Abcpedijackie,,Abcpedijackie,,Unknown,,,None,,Not Found,abcpedijackie@sbcglobal.net
millare9@sbcglobal.net,Millare,,Millare,,Unknown,,,None,,Not Found,millare9@sbcglobal.net
tammya@region7aaa.org,Tammya,,Tammya,,Unknown,Region7aaa,,None,,Not Found,tammya@region7aaa.org
tpynes@pynes.com,Tpynes,,Tpynes,,Unknown,Pynes,,None,,Not Found,tpynes@pynes.com
kliparoto@gpatech.com,Kliparoto,,Kliparoto,,Unknown,Gpatech,,None,,Not Found,kliparoto@gpatech.com
rkahn@kahnconsultinginc.com,Rkahn,,Rkahn,,Unknown,Kahnconsultinginc,,None,,Not Found,rkahn@kahnconsultinginc.com
cengel@ssc.wisc.edu,Cengel,,Cengel,Professor Emeritus,Practitioner / Doctor / Faculty,Ssc,,Low,LinkedIn / Web Search,Found,cengel@ssc.wisc.edu
jrsantiago@homesc.com,Jrsantiago,,Jrsantiago,,Unknown,Homesc,,None,,Not Found,jrsantiago@homesc.com
jrineck@wisc.edu,Jrineck,,Jrineck,Principal,Owner / Executive (C-Suite),Wisc,,Low,LinkedIn / Web Search,Found,jrineck@wisc.edu
sranjbar@wisc.edu,Sranjbar,,Sranjbar,,Unknown,Wisc,,None,,Not Found,sranjbar@wisc.edu
kip.ludwig@wisc.edu,Kip,Ludwig,Kip Ludwig,,Unknown,Wisc,,None,,Not Found,kip.ludwig@wisc.edu
doug.barton@wisc.edu,Doug,Barton,Doug Barton,,Unknown,Wisc,,None,,Not Found,doug.barton@wisc.edu
romainlechevallier@graffdiamonds.hk,Romainlechevallier,,Romainlechevallier,,Unknown,Graffdiamonds,,None,,Not Found,romainlechevallier@graffdiamonds.hk
jrink@wisc.edu,Jrink,,Jrink,,Unknown,Wisc,,None,,Not Found,jrink@wisc.edu
scott@liveoak.com,Scott,,Scott,Partner,Owner / Executive (C-Suite),Liveoak,,Medium,Website (/about),Found,scott@liveoak.com
jon.eckhardt@wisc.edu,Jon,Eckhardt,Jon Eckhardt,,Unknown,Wisc,,None,,Not Found,jon.eckhardt@wisc.edu
rwhalen@liveoak.com,Rwhalen,,Rwhalen,,Unknown,Liveoak,,None,,Not Found,rwhalen@liveoak.com
sati@liveoakestateplanning.com,Sati,,Sati,,Unknown,Liveoakestateplanning,,None,,Not Found,sati@liveoakestateplanning.com
ben@liveoak.com,Ben,,Ben,View Bio Ben Williamson Partner,Owner / Executive (C-Suite),Liveoak,,Medium,Website (/about),Found,ben@liveoak.com
jhughes@liveoak.com,Jhughes,,Jhughes,,Unknown,Liveoak,,None,,Not Found,jhughes@liveoak.com
tcampillo@liveoak.com,Tcampillo,,Tcampillo,,Unknown,Liveoak,,None,,Not Found,tcampillo@liveoak.com
sari@liveoak.com,Sari,,Sari,Director,Director / VP,Liveoak,,Medium,Website (/about),Found,sari@liveoak.com
ree@liveoaklg.com,Ree,,Ree,,Unknown,Liveoaklg,,None,,Not Found,ree@liveoaklg.com
amy.wilson@hillenbrand.com,Amy,Wilson,Amy Wilson,,Unknown,Hillenbrand,,None,,Not Found,amy.wilson@hillenbrand.com
enrico.papagianis@hillenbrand.com,Enrico,Papagianis,Enrico Papagianis,,Unknown,Hillenbrand,,None,,Not Found,enrico.papagianis@hillenbrand.com
tory.flynn@hillenbrand.com,Tory,Flynn,Tory Flynn,,Unknown,Hillenbrand,,None,,Not Found,tory.flynn@hillenbrand.com
tomasz.stoklosa@hillenbrand.com,Tomasz,Stoklosa,Tomasz Stoklosa,,Unknown,Hillenbrand,,None,,Not Found,tomasz.stoklosa@hillenbrand.com
jennifer.pannill@hillenbrand.com,Jennifer,Pannill,Jennifer Pannill,,Unknown,Hillenbrand,,None,,Not Found,jennifer.pannill@hillenbrand.com
lorenzo.andreani@hillenbrand.com,Lorenzo,Andreani,Lorenzo Andreani,,Unknown,Hillenbrand,,None,,Not Found,lorenzo.andreani@hillenbrand.com
christian.ewald@umu.se,Christian,Ewald,Christian Ewald,,Unknown,Umu,,None,,Not Found,christian.ewald@umu.se
jonny.holmstrom@umu.se,Jonny,Holmstrom,Jonny Holmstrom,,Unknown,Umu,,None,,Not Found,jonny.holmstrom@umu.se
tomas.blomquist@umu.se,Tomas,Blomquist,Tomas Blomquist,,Unknown,Umu,,None,,Not Found,tomas.blomquist@umu.se
mehdi.moradi@umu.se,Mehdi,Moradi,Mehdi Moradi,CEO,Owner / Executive (C-Suite),Umu,,Low,LinkedIn / Web Search,Found,mehdi.moradi@umu.se
james.brown@umu.se,James,Brown,James Brown,,Unknown,Umu,,None,,Not Found,james.brown@umu.se
marene.landstrom@umu.se,Marene,Landstrom,Marene Landstrom,,Unknown,Umu,,None,,Not Found,marene.landstrom@umu.se
ramy.shenouda@umu.se,Ramy,Shenouda,Ramy Shenouda,,Unknown,Umu,,None,,Not Found,ramy.shenouda@umu.se
pallabi.sengupta@umu.se,Pallabi,Sengupta,Pallabi Sengupta,,Unknown,Umu,,None,,Not Found,pallabi.sengupta@umu.se
mark.woodhead@headlandmedia.com,Mark,Woodhead,Mark Woodhead,,Unknown,Headlandmedia,,None,,Not Found,mark.woodhead@headlandmedia.com
diego.calvanese@umu.se,Diego,Calvanese,Diego Calvanese,,Unknown,Umu,,None,,Not Found,diego.calvanese@umu.se
groupvicechancellor@amity.edu,Groupvicechancellor,,Groupvicechancellor,,Unknown,Amity,,None,,Not Found,groupvicechancellor@amity.edu
marc.mueller@4tecture.ch,Marc,Mueller,Marc Mueller,,Unknown,4tecture,,None,,Not Found,marc.mueller@4tecture.ch
aarora8@amity.edu,Aarora,,Aarora,,Unknown,Amity,,None,,Not Found,aarora8@amity.edu
schawla94@amity.edu,Schawla,,Schawla,,Unknown,Amity,,None,,Not Found,schawla94@amity.edu
dkumar@amity.edu,Dkumar,,Dkumar,,Unknown,Amity,,None,,Not Found,dkumar@amity.edu
mverma2@amity.edu,Mverma,,Mverma,,Unknown,Amity,,None,,Not Found,mverma2@amity.edu
rrana@amity.edu,Rrana,,Rrana,Partner,Owner / Executive (C-Suite),Amity,,Low,LinkedIn / Web Search,Found,rrana@amity.edu
bbhardwaj@amity.edu,Bbhardwaj,,Bbhardwaj,,Unknown,Amity,,None,,Not Found,bbhardwaj@amity.edu
satyan@microsoft.com,Satyan,,Satyan,,Unknown,Microsoft,,None,,Not Found,satyan@microsoft.com
ajbhatnagar@amity.edu,Ajbhatnagar,,Ajbhatnagar,,Unknown,Amity,,None,,Not Found,ajbhatnagar@amity.edu
jirving@sbts.edu,Jirving,,Jirving,,Unknown,Sbts,,None,,Not Found,jirving@sbts.edu
rplummer@sbts.edu,Rplummer,,Rplummer,,Unknown,Sbts,,None,,Not Found,rplummer@sbts.edu
moneill@sbts.edu,Moneill,,Moneill,,Unknown,Sbts,,None,,Not Found,moneill@sbts.edu
ksavage@sbts.edu,Ksavage,,Ksavage,Owner,Owner / Executive (C-Suite),Sbts,,Low,LinkedIn / Web Search,Found,ksavage@sbts.edu
jpercy@sbts.edu,Jpercy,,Jpercy,President,Owner / Executive (C-Suite),Sbts,,Low,LinkedIn / Web Search,Found,jpercy@sbts.edu
jhorner@sbts.edu,Jhorner,,Jhorner,,Unknown,Sbts,,None,,Not Found,jhorner@sbts.edu
jheath@sbts.edu,Jheath,,Jheath,,Unknown,Sbts,,None,,Not Found,jheath@sbts.edu
vpandey@ptn.amity.edu,Vpandey,,Vpandey,,Unknown,Ptn,,None,,Not Found,vpandey@ptn.amity.edu
swhitener@sbts.edu,Swhitener,,Swhitener,,Unknown,Sbts,,None,,Not Found,swhitener@sbts.edu
msmith@sbts.edu,Mith,,Mith,Associate,Staff / Coordinator,Sbts,,Medium,Website (/faculty/),Found,msmith@sbts.edu
azammd@aol.com,Azammd,,Azammd,,Unknown,,,None,,Not Found,azammd@aol.com
jwilsey@sbts.edu,Jwilsey,,Jwilsey,,Unknown,Sbts,,None,,Not Found,jwilsey@sbts.edu
janet@mendpoverty.org,Janet,,Janet,President,Owner / Executive (C-Suite),Mendpoverty,,Medium,Website (/Our-Team),Found,janet@mendpoverty.org
steve.smith@foodpackltd.co.uk,Steve,Smith,Steve Smith,,Unknown,Foodpackltd,,None,,Not Found,steve.smith@foodpackltd.co.uk
georgimaynell@aol.com,Georgimaynell,,Georgimaynell,,Unknown,,,None,,Not Found,georgimaynell@aol.com
sunpedaz@aol.com,Sunpedaz,,Sunpedaz,President,Owner / Executive (C-Suite),,,Low,LinkedIn / Web Search,Found,sunpedaz@aol.com
jbtneuro@aol.com,Jbtneuro,,Jbtneuro,,Unknown,,,None,,Not Found,jbtneuro@aol.com
monicaclark77@aol.com,Monicaclark,,Monicaclark,,Unknown,,,None,,Not Found,monicaclark77@aol.com
walk1313@aol.com,Walk,,Walk,,Unknown,,,None,,Not Found,walk1313@aol.com
lamont@betterwaytomeet.com,Lamont,,Lamont,Dentist,Practitioner / Doctor / Faculty,Betterwaytomeet,,Medium,Website (Homepage),Found,lamont@betterwaytomeet.com
husamalsadi@aol.com,Husamalsadi,,Husamalsadi,,Unknown,,,None,,Not Found,HUSAMALSADI@AOL.COM
rbnov28@aol.com,Rbnov,,Rbnov,,Unknown,,,None,,Not Found,rbnov28@aol.com
sgies1217@aol.com,Sgies,,Sgies,,Unknown,,,None,,Not Found,sgies1217@aol.com
prabu125@aol.com,Prabu,,Prabu,,Unknown,,,None,,Not Found,prabu125@aol.com
rebecca@redrocksobgyn.com,Rebecca,,Rebecca,,Unknown,Redrocksobgyn,,None,,Not Found,rebecca@redrocksobgyn.com
emily@redrocksobgyn.com,Emily,,Emily,,Unknown,Redrocksobgyn,,None,,Not Found,emily@redrocksobgyn.com
dione@redrocksobgyn.com,Dione,,Dione,,Unknown,Redrocksobgyn,,None,,Not Found,dione@redrocksobgyn.com
stephanie@redrocksobgyn.com,Stephanie,,Stephanie,,Unknown,Redrocksobgyn,,None,,Not Found,stephanie@redrocksobgyn.com
marta@redrocksobgyn.com,Marta,,Marta,,Unknown,Redrocksobgyn,,None,,Not Found,marta@redrocksobgyn.com
kristine@redrocksobgyn.com,Kristine,,Kristine,,Unknown,Redrocksobgyn,,None,,Not Found,kristine@redrocksobgyn.com
carolyn@craigranchobgyn.com,Carolyn,,Carolyn,Founder,Owner / Executive (C-Suite),Craigranchobgyn,,Medium,LinkedIn / Web Search,Found,carolyn@craigranchobgyn.com
mmiller@nashobgyn.com,Mmiller,,Mmiller,,Unknown,Nashobgyn,,None,,Not Found,mmiller@nashobgyn.com
rn@northspringsobgyn.com,Rn,,Rn,Registered Nurse,Professional,Northspringsobgyn,,Low,LinkedIn / Web Search,Found,rn@northspringsobgyn.com
tblack@omegaobgyn.com,Tblack,,Tblack,,Unknown,Omegaobgyn,,None,,Not Found,tblack@omegaobgyn.com
jbills@allianceobgyn.com,Jbills,,Jbills,,Unknown,Allianceobgyn,,None,,Not Found,jbills@allianceobgyn.com
ebills@allianceobgyn.com,Ebills,,Ebills,,Unknown,Allianceobgyn,,None,,Not Found,ebills@allianceobgyn.com
ttucker@omegaobgyn.com,Ttucker,,Ttucker,,Unknown,Omegaobgyn,,None,,Not Found,ttucker@omegaobgyn.com
lserrano@omegaobgyn.com,Lserrano,,Lserrano,,Unknown,Omegaobgyn,,None,,Not Found,lserrano@omegaobgyn.com
lflorey@omegaobgyn.com,Lflorey,,Lflorey,,Unknown,Omegaobgyn,,None,,Not Found,lflorey@omegaobgyn.com
rene@craigranchobgyn.com,Rene,,Rene,,Unknown,Craigranchobgyn,,None,,Not Found,rene@craigranchobgyn.com
drstacey@wihobgyn.com,Stacey,,Stacey,,Unknown,Wihobgyn,,None,,Not Found,drstacey@wihobgyn.com
lisas@magnoliaobgyn.com,Lisas,,Lisas,,Unknown,Magnoliaobgyn,,None,,Not Found,lisas@magnoliaobgyn.com
heather@magnoliaobgyn.com,Heather,,Heather,,Unknown,Magnoliaobgyn,,None,,Not Found,heather@magnoliaobgyn.com
mhorne@omegaobgyn.com,Mhorne,,Mhorne,,Unknown,Omegaobgyn,,None,,Not Found,mhorne@omegaobgyn.com
karen.edwards-key@ovationobgyn.com,Karen,Key,Karen Edwards Key,,Unknown,Ovationobgyn,,None,,Not Found,karen.edwards-key@ovationobgyn.com
lwilson@gaprenatal.com,Lwilson,,Lwilson,,Unknown,Gaprenatal,,None,,Not Found,lwilson@gaprenatal.com
sdunn@advgyn.com,Sdunn,,Sdunn,,Unknown,Advgyn,,None,,Not Found,sdunn@advgyn.com
colem@ocpbc.com,Colem,,Colem,,Unknown,Ocpbc,,None,,Not Found,colem@ocpbc.com
sfarmer@gyngeorgia.com,Sfarmer,,Sfarmer,,Unknown,Gyngeorgia,,None,,Not Found,sfarmer@gyngeorgia.com
gabrielm@ocpbc.com,Gabrielm,,Gabrielm,,Unknown,Ocpbc,,None,,Not Found,gabrielm@ocpbc.com
maxm@ocpbc.com,Maxm,,Maxm,,Unknown,Ocpbc,,None,,Not Found,maxm@ocpbc.com
liezl@katieostrommd.com,Liezl,,Liezl,,Unknown,Katieostrommd,,None,,Not Found,liezl@katieostrommd.com
cmikell@ogeecheeobgyn.com,Cmikell,,Cmikell,,Unknown,Ogeecheeobgyn,,None,,Not Found,cmikell@ogeecheeobgyn.com
cplican@replyobgyn.com,Cplican,,Cplican,,Unknown,Replyobgyn,,None,,Not Found,cplican@replyobgyn.com
natalieh@ocpbc.com,Natalieh,,Natalieh,,Unknown,Ocpbc,,None,,Not Found,natalieh@ocpbc.com
dcolloton@replyobgyn.com,Dcolloton,,Dcolloton,,Unknown,Replyobgyn,,None,,Not Found,dcolloton@replyobgyn.com
bburch@replyobgyn.com,Bburch,,Bburch,,Unknown,Replyobgyn,,None,,Not Found,bburch@replyobgyn.com
bmeier@replyobgyn.com,Bmeier,,Bmeier,,Unknown,Replyobgyn,,None,,Not Found,bmeier@replyobgyn.com
dzubrod@replyobgyn.com,Dzubrod,,Dzubrod,,Unknown,Replyobgyn,,None,,Not Found,dzubrod@replyobgyn.com
bstone@replyobgyn.com,Bstone,,Bstone,,Unknown,Replyobgyn,,None,,Not Found,bstone@replyobgyn.com
aayala@replyobgyn.com,Aayala,,Aayala,,Unknown,Replyobgyn,,None,,Not Found,aayala@replyobgyn.com
emily.durfee@healthworx.com,Emily,Durfee,Emily Durfee,,Unknown,Health Worx,,None,,Not Found,emily.durfee@healthworx.com
melanie@artspiretherapy.com,Melanie,,Melanie,,Unknown,Artspiretherapy,,None,,Not Found,melanie@artspiretherapy.com
nirban.singh@healthworx.com,Nirban,Singh,Nirban Singh,,Unknown,Health Worx,,None,,Not Found,nirban.singh@healthworx.com
chadrobran@excelmedsolutions.com,Chadrobran,,Chadrobran,Analyst,Professional,Excelmedsolutions,,Low,LinkedIn / Web Search,Found,chadrobran@excelmedsolutions.com
laura.gomezcadena@healthworx.com,Laura,Gomezcadena,Laura Gomezcadena,,Unknown,Health Worx,,None,,Not Found,laura.gomezcadena@healthworx.com
dan.zohorsky@healthworx.com,Dan,Zohorsky,Dan Zohorsky,,Unknown,Health Worx,,None,,Not Found,dan.zohorsky@healthworx.com
soo.jeon@healthworx.com,Soo,Jeon,Soo Jeon,,Unknown,Health Worx,,None,,Not Found,soo.jeon@healthworx.com
bchao@kronoshealth.com,Bchao,,Bchao,,Unknown,Kronos Health,,None,,Not Found,bchao@kronoshealth.com
amitchell@kronoshealth.com,Amitchell,,Amitchell,,Unknown,Kronos Health,,None,,Not Found,amitchell@kronoshealth.com
ecarpenter@kronoshealth.com,Ecarpenter,,Ecarpenter,,Unknown,Kronos Health,,None,,Not Found,ecarpenter@kronoshealth.com
rodneyrufo@os.health,Rodneyrufo,,Rodneyrufo,,Unknown,Os,,None,,Not Found,rodneyrufo@os.health
pschoonman@kronoshealth.com,Pschoonman,,Pschoonman,,Unknown,Kronos Health,,None,,Not Found,pschoonman@kronoshealth.com
michaelescobar@wellworkforce.com,Michaelescobar,,Michaelescobar,,Unknown,Wellworkforce,,None,,Not Found,michaelescobar@wellworkforce.com
jarettpeikert@wellworkforce.com,Jarettpeikert,,Jarettpeikert,,Unknown,Wellworkforce,,None,,Not Found,jarettpeikert@wellworkforce.com
marksnow@wellworkforce.com,Marksnow,,Marksnow,,Unknown,Wellworkforce,,None,,Not Found,marksnow@wellworkforce.com
kyracollins@wellworkforce.com,Kyracollins,,Kyracollins,,Unknown,Wellworkforce,,None,,Not Found,kyracollins@wellworkforce.com
colinkelly@wellworkforce.com,Colinkelly,,Colinkelly,Agentscope-ai/qwenpaw: Your Personal AI Assistant; Easy …,Staff / Coordinator,Wellworkforce,,Low,LinkedIn / Web Search,Found,colinkelly@wellworkforce.com
davemeyer@wellworkforce.com,Davemeyer,,Davemeyer,Beneficial Owner Definition & Example,Owner / Executive (C-Suite),Wellworkforce,,Low,LinkedIn / Web Search,Found,davemeyer@wellworkforce.com
connorlarson@wellworkforce.com,Connorlarson,,Connorlarson,Analyst,Professional,Wellworkforce,,Low,LinkedIn / Web Search,Found,connorlarson@wellworkforce.com
joehaan@wellworkforce.com,Joehaan,,Joehaan,,Unknown,Wellworkforce,,None,,Not Found,joehaan@wellworkforce.com
kylebraulick@wellworkforce.com,Kylebraulick,,Kylebraulick,,Unknown,Wellworkforce,,None,,Not Found,kylebraulick@wellworkforce.com
jessicaherrera@wellworkforce.com,Jessicaherrera,,Jessicaherrera,CEO,Owner / Executive (C-Suite),Wellworkforce,,Low,LinkedIn / Web Search,Found,jessicaherrera@wellworkforce.com
sarazehnder@wellworkforce.com,Sarazehnder,,Sarazehnder,President,Owner / Executive (C-Suite),Wellworkforce,,Low,LinkedIn / Web Search,Found,sarazehnder@wellworkforce.com
kthede@wellworkforce.com,Kthede,,Kthede,,Unknown,Wellworkforce,,None,,Not Found,kthede@wellworkforce.com
bmcgregor@redimed.com.au,Bmcgregor,,Bmcgregor,Principal,Owner / Executive (C-Suite),Redimed,,Low,LinkedIn / Web Search,Found,bmcgregor@redimed.com.au
tking@redimed.com.au,Tking,,Tking,,Unknown,Redimed,,None,,Not Found,tking@redimed.com.au
gcasey@redimed.com.au,Gcasey,,Gcasey,,Unknown,Redimed,,None,,Not Found,gcasey@redimed.com.au
bmckay@redimed.com.au,Bmckay,,Bmckay,,Unknown,Redimed,,None,,Not Found,bmckay@redimed.com.au
codyhornsby@wellworkforce.com,Codyhornsby,,Codyhornsby,,Unknown,Wellworkforce,,None,,Not Found,codyhornsby@wellworkforce.com
lashmore@redimed.com.au,Lashmore,,Lashmore,,Unknown,Redimed,,None,,Not Found,lashmore@redimed.com.au
rchiam@redimed.com.au,Rchiam,,Rchiam,,Unknown,Redimed,,None,,Not Found,rchiam@redimed.com.au
ecunningham@redimed.com.au,Ecunningham,,Ecunningham,,Unknown,Redimed,,None,,Not Found,ecunningham@redimed.com.au
atrajkovski@redimed.com.au,Atrajkovski,,Atrajkovski,,Unknown,Redimed,,None,,Not Found,atrajkovski@redimed.com.au
tfridley@onsitehealth.com,Tfridley,,Tfridley,,Unknown,Onsite Health,,None,,Not Found,tfridley@onsitehealth.com
msmith@onsitehealth.com,Mith,,Mith,,Unknown,Onsite Health,,None,,Not Found,msmith@onsitehealth.com
natalie.silva@usoncology.com,Natalie,Silva,Natalie Silva,CEO,Owner / Executive (C-Suite),Usoncology,,Low,LinkedIn / Web Search,Found,natalie.silva@usoncology.com
kevin@ehsdocs.com,Kevin,,Kevin,,Unknown,Ehsdocs,,None,,Not Found,kevin@ehsdocs.com
gpaschke@cancersf.com,Gpaschke,,Gpaschke,Partner,Owner / Executive (C-Suite),Cancersf,,Low,LinkedIn / Web Search,Found,gpaschke@cancersf.com
adrian.canizales@usoncology.com,Adrian,Canizales,Adrian Canizales,,Unknown,Usoncology,,None,,Not Found,adrian.canizales@usoncology.com
judy.peinado@workwellworks.com,Judy,Peinado,Judy Peinado,,Unknown,Workwellworks,,None,,Not Found,judy.peinado@workwellworks.com
mtariq@jobsitecare.com,Mtariq,,Mtariq,,Unknown,Jobsite Care,,None,,Not Found,mtariq@jobsitecare.com
dpingue@cancersf.com,Dpingue,,Dpingue,,Unknown,Cancersf,,None,,Not Found,dpingue@cancersf.com
cmclaughlin@cancersf.com,Cmclaughlin,,Cmclaughlin,,Unknown,Cancersf,,None,,Not Found,cmclaughlin@cancersf.com
agropp@cancersf.com,Agropp,,Agropp,,Unknown,Cancersf,,None,,Not Found,agropp@cancersf.com
jlozanoyohn@cancersf.com,Jlozanoyohn,,Jlozanoyohn,,Unknown,Cancersf,,None,,Not Found,jlozanoyohn@cancersf.com
rdillard@cancersf.com,Rdillard,,Rdillard,,Unknown,Cancersf,,None,,Not Found,rdillard@cancersf.com
lmaklary@cancersf.com,Lmaklary,,Lmaklary,,Unknown,Cancersf,,None,,Not Found,lmaklary@cancersf.com
lkommatas@cancersf.com,Lkommatas,,Lkommatas,,Unknown,Cancersf,,None,,Not Found,lkommatas@cancersf.com
riad.ibrahimi@bamfhealth.com,Riad,Ibrahimi,Riad Ibrahimi,,Unknown,Bamf Health,,None,,Not Found,riad.ibrahimi@bamfhealth.com
rahul.soni@bamfhealth.com,Rahul,Soni,Rahul Soni,President,Owner / Executive (C-Suite),Bamf Health,,Low,LinkedIn / Web Search,Found,rahul.soni@bamfhealth.com
hannahh@eyesthetica.com,Hannahh,,Hannahh,Director,Director / VP,Eye Sthetica,,Low,LinkedIn / Web Search,Found,hannahh@eyesthetica.com
johanna.edwards@gacancer.com,Johanna,Edwards,Johanna Edwards,,Unknown,Gacancer,,None,,Not Found,johanna.edwards@gacancer.com
shamekia.crum@gacancer.com,Shamekia,Crum,Shamekia Crum,,Unknown,Gacancer,,None,,Not Found,shamekia.crum@gacancer.com
ricky.seales@flcancer.com,Ricky,Seales,Ricky Seales,,Unknown,Flcancer,,None,,Not Found,ricky.seales@flcancer.com
kwilliams@eyecareassociates.com,Kwilliams,,Kwilliams,,Unknown,Eye Care Associates,,None,,Not Found,kwilliams@eyecareassociates.com
rsok@eyecareassociates.com,Rsok,,Rsok,,Unknown,Eye Care Associates,,None,,Not Found,rsok@eyecareassociates.com
kstillwagon@eyecareassociates.com,Kstillwagon,,Kstillwagon,,Unknown,Eye Care Associates,,None,,Not Found,kstillwagon@eyecareassociates.com
vplessinger@eyecareassociates.com,Vplessinger,,Vplessinger,,Unknown,Eye Care Associates,,None,,Not Found,vplessinger@eyecareassociates.com
cbrown@eyecareassociates.com,Cbrown,,Cbrown,,Unknown,Eye Care Associates,,None,,Not Found,cbrown@eyecareassociates.com
msierra@eyecareassociates.com,Ierra,,Ierra,,Unknown,Eye Care Associates,,None,,Not Found,msierra@eyecareassociates.com
akidd@southerneyenetwork.com,Akidd,,Akidd,,Unknown,Southern Eye Network,,None,,Not Found,akidd@southerneyenetwork.com
cheryl@coastaleye.com,Cheryl,,Cheryl,,Unknown,Coastal Eye,,None,,Not Found,cheryl@coastaleye.com
ksivaraman@cvphealth.com,Ksivaraman,,Ksivaraman,CEO,Owner / Executive (C-Suite),Cvp Health,,Low,LinkedIn / Web Search,Found,ksivaraman@cvphealth.com
diana@coastaleye.com,Diana,,Diana,,Unknown,Coastal Eye,,None,,Not Found,diana@coastaleye.com
nicole@coastaleye.com,Nicole,,Nicole,,Unknown,Coastal Eye,,None,,Not Found,nicole@coastaleye.com
kespencer@cvphealth.com,Kespencer,,Kespencer,Analyst,Professional,Cvp Health,,Low,LinkedIn / Web Search,Found,kespencer@cvphealth.com
anthony.vazquez@nvisioncenters.com,Anthony,Vazquez,Anthony Vazquez,,Unknown,N Vision Center S,,None,,Not Found,anthony.vazquez@nvisioncenters.com
mmitchell@cincinnatieye.com,Mmitchell,,Mmitchell,,Unknown,Cincinnati Eye,,None,,Not Found,mmitchell@cincinnatieye.com
suzy.bray@nvisioncenters.com,Suzy,Bray,Suzy Bray,,Unknown,N Vision Center S,,None,,Not Found,suzy.bray@nvisioncenters.com
lesley.alstrom@victoriaeyecenter.net,Lesley,Alstrom,Lesley Alstrom,,Unknown,Victoria Eye Center,,None,,Not Found,lesley.alstrom@victoriaeyecenter.net
christine-w@omnieyeservices.com,Christine,W,Christine W,,Unknown,Omni Eye Services,,None,,Not Found,christine-w@omnieyeservices.com
akhatana@cvphealth.com,Akhatana,,Akhatana,,Unknown,Cvp Health,,None,,Not Found,akhatana@cvphealth.com
ra@furlongvision.com,Ra,,Ra,Optometrist,Practitioner / Doctor / Faculty,Furlong Vision,,Medium,Website (Homepage),Found,ra@furlongvision.com
twilliams@exceleyecenter.com,Twilliams,,Twilliams,,Unknown,Excel Eye Center,,None,,Not Found,twilliams@exceleyecenter.com
jboren@exceleyecenter.com,Jboren,,Jboren,,Unknown,Excel Eye Center,,None,,Not Found,jboren@exceleyecenter.com
hajnalka.nagy@nvisioncenters.com,Hajnalka,Nagy,Hajnalka Nagy,,Unknown,N Vision Center S,,None,,Not Found,hajnalka.nagy@nvisioncenters.com
john.hays@nvisioncenters.com,John,Hays,John Hays,,Unknown,N Vision Center S,,None,,Not Found,john.hays@nvisioncenters.com
ann-l@omnieyeservices.com,Ann,L,Ann L,,Unknown,Omni Eye Services,,None,,Not Found,ann-l@omnieyeservices.com
b.spier@nnjei.com,B,Spier,B Spier,,Unknown,Nnjei,,None,,Not Found,b.spier@nnjei.com
kwoods@exceleyecenter.com,Kwoods,,Kwoods,,Unknown,Excel Eye Center,,None,,Not Found,kwoods@exceleyecenter.com
svitale@nnjei.com,Svitale,,Svitale,,Unknown,Nnjei,,None,,Not Found,svitale@nnjei.com
warner.sallman@nvisioncenters.com,Warner,Sallman,Warner Sallman,,Unknown,N Vision Center S,,None,,Not Found,warner.sallman@nvisioncenters.com
ana-espinal@omnieyeservices.com,Ana,Espinal,Ana Espinal,,Unknown,Omni Eye Services,,None,,Not Found,ana-espinal@omnieyeservices.com
slilly@exceleyecenter.com,Slilly,,Slilly,,Unknown,Excel Eye Center,,None,,Not Found,slilly@exceleyecenter.com
jennifer.molina@nvisioncenters.com,Jennifer,Molina,Jennifer Molina,,Unknown,N Vision Center S,,None,,Not Found,jennifer.molina@nvisioncenters.com
fiorella.chuquipul@nvisioncenters.com,Fiorella,Chuquipul,Fiorella Chuquipul,,Unknown,N Vision Center S,,None,,Not Found,fiorella.chuquipul@nvisioncenters.com
susanh@tucsoneyephysicians.com,Susanh,,Susanh,Owner,Owner / Executive (C-Suite),Tucson Eye Physicians,,Low,LinkedIn / Web Search,Found,susanh@tucsoneyephysicians.com
ckarkenny@nvisioncenters.com,Ckarkenny,,Ckarkenny,,Unknown,N Vision Center S,,None,,Not Found,ckarkenny@nvisioncenters.com
ccrane@nnjei.com,Ccrane,,Ccrane,Owner,Owner / Executive (C-Suite),Nnjei,,Low,LinkedIn / Web Search,Found,ccrane@nnjei.com
araventos@nnjei.com,Araventos,,Araventos,,Unknown,Nnjei,,None,,Not Found,araventos@nnjei.com
jennifer.guy@nvisioncenters.com,Jennifer,Guy,Jennifer Guy,,Unknown,N Vision Center S,,None,,Not Found,jennifer.guy@nvisioncenters.com
ryan.mannix@nvisioncenters.com,Ryan,Mannix,Ryan Mannix,CEO,Owner / Executive (C-Suite),N Vision Center S,,Low,LinkedIn / Web Search,Found,ryan.mannix@nvisioncenters.com
melanie.reese@sawyereyecenter.com,Melanie,Reese,Melanie Reese,Director,Director / VP,Sawyer Eye Center,,Low,LinkedIn / Web Search,Found,melanie.reese@sawyereyecenter.com
rscalice@horizoneyecare.com,Rscalice,,Rscalice,,Unknown,Horizon Eye Care,,None,,Not Found,rscalice@horizoneyecare.com
oded.fuchs@nvisioncenters.com,Oded,Fuchs,Oded Fuchs,,Unknown,N Vision Center S,,None,,Not Found,oded.fuchs@nvisioncenters.com
george-v@omnieyeservices.com,George,V,George V,Founder,Owner / Executive (C-Suite),Omni Eye Services,,Low,LinkedIn / Web Search,Found,george-v@omnieyeservices.com
mparsons@exceleyecenter.com,Mparsons,,Mparsons,,Unknown,Excel Eye Center,,None,,Not Found,mparsons@exceleyecenter.com
paola.mejia@nvisioncenters.com,Paola,Mejia,Paola Mejia,,Unknown,N Vision Center S,,None,,Not Found,paola.mejia@nvisioncenters.com
claudia.moran@nvisioncenters.com,Claudia,Moran,Claudia Moran,,Unknown,N Vision Center S,,None,,Not Found,claudia.moran@nvisioncenters.com
allyssa.garcia@nvisioncenters.com,Allyssa,Garcia,Allyssa Garcia,,Unknown,N Vision Center S,,None,,Not Found,allyssa.garcia@nvisioncenters.com
vanessa.muniz@nvisioncenters.com,Vanessa,Muniz,Vanessa Muniz,,Unknown,N Vision Center S,,None,,Not Found,vanessa.muniz@nvisioncenters.com
allen.kim@nvisioncenters.com,Allen,Kim,Allen Kim,,Unknown,N Vision Center S,,None,,Not Found,allen.kim@nvisioncenters.com
fbasich@sloeyemd.com,Fbasich,,Fbasich,,Unknown,Slo Eye Md,,None,,Not Found,fbasich@sloeyemd.com
alison.marcek@nvisioncenters.com,Alison,Marcek,Alison Marcek,,Unknown,N Vision Center S,,None,,Not Found,alison.marcek@nvisioncenters.com
jgealy@sloeyemd.com,Jgealy,,Jgealy,,Unknown,Slo Eye Md,,None,,Not Found,jgealy@sloeyemd.com
ahedayati@liocny.com,Ahedayati,,Ahedayati,,Unknown,Liocny,,None,,Not Found,ahedayati@liocny.com
siyoune.torousian@nvisioncenters.com,Siyoune,Torousian,Siyoune Torousian,,Unknown,N Vision Center S,,None,,Not Found,siyoune.torousian@nvisioncenters.com
svold@voldvision.com,Svold,,Svold,,Unknown,Vold Vision,,None,,Not Found,svold@voldvision.com
shritz@voldvision.com,Shritz,,Shritz,,Unknown,Vold Vision,,None,,Not Found,shritz@voldvision.com
dmcgee@voldvision.com,Dmcgee,,Dmcgee,,Unknown,Vold Vision,,None,,Not Found,dmcgee@voldvision.com
dgriffin@voldvision.com,Dgriffin,,Dgriffin,,Unknown,Vold Vision,,None,,Not Found,dgriffin@voldvision.com
cmorse@voldvision.com,Cmorse,,Cmorse,,Unknown,Vold Vision,,None,,Not Found,cmorse@voldvision.com
apumphrey@voldvision.com,Apumphrey,,Apumphrey,,Unknown,Vold Vision,,None,,Not Found,apumphrey@voldvision.com
info@drstevechee.com,,,,General Inbox / Staff,Staff / Coordinator,Drstevechee,,Medium,Role-based Mailbox,Role-Based,info@drstevechee.com
shiggins@voldvision.com,Shiggins,,Shiggins,,Unknown,Vold Vision,,None,,Not Found,shiggins@voldvision.com
jpina@lceyes.com,Jpina,,Jpina,DB-GPT: Open-source Agentic AI Data Assistant,Staff / Coordinator,Lc Eye S,,Low,LinkedIn / Web Search,Found,jpina@lceyes.com
annie.kolcun@kremereyecenter.com,Annie,Kolcun,Annie Kolcun,Director,Director / VP,Kremer Eye Center,,Low,LinkedIn / Web Search,Found,annie.kolcun@kremereyecenter.com
nikki.slatten@sawyereyecenter.com,Nikki,Slatten,Nikki Slatten,,Unknown,Sawyer Eye Center,,None,,Not Found,nikki.slatten@sawyereyecenter.com
dreed@speyecare.com,Eed,,Eed,,Unknown,Sp Eye Care,,None,,Not Found,dreed@speyecare.com
specs@ahrenseyeworks.com,Specs,,Specs,,Unknown,Ahrens Eye Works,,None,,Not Found,specs@ahrenseyeworks.com
jordan.cox@sawyereyecenter.com,Jordan,Cox,Jordan Cox,,Unknown,Sawyer Eye Center,,None,,Not Found,jordan.cox@sawyereyecenter.com
cburns@eyecenteroftexas.com,Cburns,,Cburns,,Unknown,Eye Center Oftexas,,None,,Not Found,cburns@eyecenteroftexas.com
simbran.bhaidani@eyecenteroftexas.com,Simbran,Bhaidani,Simbran Bhaidani,,Unknown,Eye Center Oftexas,,None,,Not Found,simbran.bhaidani@eyecenteroftexas.com
mmayo@eyecenteroftexas.com,Mmayo,,Mmayo,,Unknown,Eye Center Oftexas,,None,,Not Found,mmayo@eyecenteroftexas.com
mlee@eyecenteroftexas.com,Mlee,,Mlee,,Unknown,Eye Center Oftexas,,None,,Not Found,mlee@eyecenteroftexas.com
pmcdaniel@southerneyenetwork.com,Pmcdaniel,,Pmcdaniel,Owner,Owner / Executive (C-Suite),Southern Eye Network,,Low,LinkedIn / Web Search,Found,pmcdaniel@southerneyenetwork.com
ashley.mottern@eyecenteroftexas.com,Ashley,Mottern,Ashley Mottern,Manage Your Google Password Manager PIN,Manager / Admin,Eye Center Oftexas,,Low,LinkedIn / Web Search,Found,ashley.mottern@eyecenteroftexas.com
salic@southerneyenetwork.com,Salic,,Salic,,Unknown,Southern Eye Network,,None,,Not Found,salic@southerneyenetwork.com
kbreland@southerneyenetwork.com,Kbreland,,Kbreland,,Unknown,Southern Eye Network,,None,,Not Found,kbreland@southerneyenetwork.com
yahmed@eyecenteroftexas.com,Yahmed,,Yahmed,,Unknown,Eye Center Oftexas,,None,,Not Found,yahmed@eyecenteroftexas.com
abachman@eyecenteroftexas.com,Abachman,,Abachman,,Unknown,Eye Center Oftexas,,None,,Not Found,abachman@eyecenteroftexas.com
kscarrow@hoaeyes.com,Kscarrow,,Kscarrow,,Unknown,Hoa Eye S,,None,,Not Found,kscarrow@hoaeyes.com
gcline@hoaeyes.com,Gcline,,Gcline,,Unknown,Hoa Eye S,,None,,Not Found,gcline@hoaeyes.com
boutros@theeyecenter.com,Boutros,,Boutros,Medical Director,Director / VP,The Eye Center,,Medium,Website (Homepage),Found,boutros@theeyecenter.com
kthibodeaux@eyecareneworleans.com,Kthibodeaux,,Kthibodeaux,,Unknown,Eye Care Neworleans,,None,,Not Found,kthibodeaux@eyecareneworleans.com
mlutz@aiovision.com,Mlutz,,Mlutz,,Unknown,Aio Vision,,None,,Not Found,mlutz@aiovision.com
aumphress@hoaeyes.com,Aumphress,,Aumphress,,Unknown,Hoa Eye S,,None,,Not Found,aumphress@hoaeyes.com
cgraham@theeyecaregroup.com,Cgraham,,Cgraham,,Unknown,The Eye Care Group,,None,,Not Found,cgraham@theeyecaregroup.com
rm@maloneyvision.com,Rm,,Rm,Surgeon,Practitioner / Doctor / Faculty,Maloney Vision,,Medium,Website (Homepage),Found,rm@maloneyvision.com
bjewart@aiovision.com,Bjewart,,Bjewart,Doctor,Practitioner / Doctor / Faculty,Aio Vision,,Low,LinkedIn / Web Search,Found,bjewart@aiovision.com
phorres@waringvision.com,Phorres,,Phorres,,Unknown,Waring Vision,,None,,Not Found,phorres@waringvision.com
gwaring@waringvision.com,Gwaring,,Gwaring,,Unknown,Waring Vision,,None,,Not Found,gwaring@waringvision.com
pbranden@theeyecaregroup.com,Pbranden,,Pbranden,,Unknown,The Eye Care Group,,None,,Not Found,pbranden@theeyecaregroup.com
dbrown@cfvi.net,Dbrown,,Dbrown,,Unknown,Cfvi,,None,,Not Found,dbrown@cfvi.net
bethn@cfvi.net,Bethn,,Bethn,,Unknown,Cfvi,,None,,Not Found,bethn@cfvi.net
jpasterchick@millenniumeyecare.com,Jpasterchick,,Jpasterchick,CEO,Owner / Executive (C-Suite),Millennium Eye Care,,Low,LinkedIn / Web Search,Found,jpasterchick@millenniumeyecare.com
jjwachter@eyecare-partners.com,Jjwachter,,Jjwachter,,Unknown,Eye Care Partners,,None,,Not Found,jjwachter@eyecare-partners.com
soniabm@cfvi.net,Soniabm,,Soniabm,,Unknown,Cfvi,,None,,Not Found,soniabm@cfvi.net
akhan@outlookeyecare.com,Akhan,,Akhan,,Unknown,Outlook Eye Care,,None,,Not Found,akhan@outlookeyecare.com
anicholas@centralmarylandeye.com,Anicholas,,Anicholas,,Unknown,Centralmaryland Eye,,None,,Not Found,anicholas@centralmarylandeye.com
info@abcopticalelpaso.com,,,,General Inbox / Staff,Staff / Coordinator,Abcopticalelpaso,,Medium,Role-based Mailbox,Role-Based,info@abcopticalelpaso.com
kschultz@akreclarkeyecare.com,Kschultz,,Kschultz,,Unknown,Akreclark Eye Care,,None,,Not Found,kschultz@akreclarkeyecare.com
info@sunshinevision.com,,,,General Inbox / Staff,Staff / Coordinator,Sunshine Vision,,Medium,Role-based Mailbox,Role-Based,info@sunshinevision.com
info@communityomfs.com,,,,General Inbox / Staff,Staff / Coordinator,Communityomfs,,Medium,Role-based Mailbox,Role-Based,info@communityomfs.com
shearn@arthritiskneepain.com,Shearn,,Shearn,,Unknown,Arthritiskneepain,,None,,Not Found,shearn@arthritiskneepain.com
lgalik@vision144.com,Lgalik,,Lgalik,,Unknown,Vision 144,,None,,Not Found,lgalik@vision144.com
mjorgensen@arthritiskneepain.com,Mjorgensen,,Mjorgensen,,Unknown,Arthritiskneepain,,None,,Not Found,mjorgensen@arthritiskneepain.com
eromero@arthritiskneepain.com,Eromero,,Eromero,,Unknown,Arthritiskneepain,,None,,Not Found,eromero@arthritiskneepain.com
cescoto@hudsoneye.com,Cescoto,,Cescoto,,Unknown,Hudson Eye,,None,,Not Found,cescoto@hudsoneye.com
whconstad@hudsoneye.com,Whconstad,,Whconstad,,Unknown,Hudson Eye,,None,,Not Found,whconstad@hudsoneye.com
bhowell@posmc.com,Bhowell,,Bhowell,Partner,Owner / Executive (C-Suite),Posmc,,Low,LinkedIn / Web Search,Found,bhowell@posmc.com
laurie@froula.com,Laurie,,Laurie,,Unknown,Froula,,None,,Not Found,laurie@froula.com
klowery@arthritiskneepain.com,Klowery,,Klowery,,Unknown,Arthritiskneepain,,None,,Not Found,klowery@arthritiskneepain.com
dsunwoo@posmc.com,Dsunwoo,,Dsunwoo,Principal,Owner / Executive (C-Suite),Posmc,,Low,LinkedIn / Web Search,Found,dsunwoo@posmc.com
smacdonald@posmc.com,Smacdonald,,Smacdonald,,Unknown,Posmc,,None,,Not Found,smacdonald@posmc.com
awright@posmc.com,Awright,,Awright,,Unknown,Posmc,,None,,Not Found,awright@posmc.com
msiren@posmc.com,Iren,,Iren,,Unknown,Posmc,,None,,Not Found,msiren@posmc.com
dgrosser@posmc.com,Dgrosser,,Dgrosser,,Unknown,Posmc,,None,,Not Found,dgrosser@posmc.com
pamz@orthorehab.com,Pamz,,Pamz,,Unknown,Ortho Rehab,,None,,Not Found,pamz@orthorehab.com
bhand@posmc.com,Bhand,,Bhand,,Unknown,Posmc,,None,,Not Found,bhand@posmc.com
l.larsen@orthorehab.com,L,Larsen,L Larsen,Certified Hand Therapist,Practitioner / Doctor / Faculty,Ortho Rehab,https://www.linkedin.com/in/rachel-burke-larson,High,LinkedIn / Web Search,Found,l.larsen@orthorehab.com
rmehta@posmc.com,Rmehta,,Rmehta,,Unknown,Posmc,,None,,Not Found,rmehta@posmc.com
theresa.m@orthorehab.com,Theresa,M,Theresa M,,Unknown,Ortho Rehab,,None,,Not Found,theresa.m@orthorehab.com
tyler@orthorehab.com,Tyler,,Tyler,Owner,Owner / Executive (C-Suite),Ortho Rehab,,Medium,Website (Homepage),Found,tyler@orthorehab.com
ttracy@orthorehab.com,Ttracy,,Ttracy,,Unknown,Ortho Rehab,,None,,Not Found,ttracy@orthorehab.com
damy@orthorehab.com,Damy,,Damy,,Unknown,Ortho Rehab,,None,,Not Found,damy@orthorehab.com
bmoerkerke@orthorehab.com,Bmoerkerke,,Bmoerkerke,,Unknown,Ortho Rehab,,None,,Not Found,bmoerkerke@orthorehab.com
ivanl@midlandsortho.com,Ivanl,,Ivanl,,Unknown,Midlands Ortho,,None,,Not Found,ivanl@midlandsortho.com
lynne.devenny@emergeortho.com,Lynne,Devenny,Lynne Devenny,CEO,Owner / Executive (C-Suite),Emerge Ortho,,Low,LinkedIn / Web Search,Found,lynne.devenny@emergeortho.com
gloriat@midlandsortho.com,Gloriat,,Gloriat,,Unknown,Midlands Ortho,,None,,Not Found,gloriat@midlandsortho.com
evelynw@midlandsortho.com,Evelynw,,Evelynw,,Unknown,Midlands Ortho,,None,,Not Found,evelynw@midlandsortho.com
amanda.kennedy@mediciortho.com,Amanda,Kennedy,Amanda Kennedy,,Unknown,Medici Ortho,,None,,Not Found,amanda.kennedy@mediciortho.com
avanpelt@orthowisconsin.com,Avanpelt,,Avanpelt,,Unknown,Ortho Wisconsin,,None,,Not Found,avanpelt@orthowisconsin.com
kfitch@orthowisconsin.com,Kfitch,,Kfitch,,Unknown,Ortho Wisconsin,,None,,Not Found,kfitch@orthowisconsin.com
greg.guymon@meridianortho.com,Greg,Guymon,Greg Guymon,,Unknown,Meridian Ortho,,None,,Not Found,greg.guymon@meridianortho.com
ssmiley@oppj.org,Ssmiley,,Ssmiley,,Unknown,Oppj,,None,,Not Found,ssmiley@oppj.org
amis@atxortho.com,Amis,,Amis,Principal,Owner / Executive (C-Suite),Atx Ortho,,Medium,LinkedIn / Web Search,Found,amis@atxortho.com
ddrumgo@oppj.org,Ddrumgo,,Ddrumgo,,Unknown,Oppj,,None,,Not Found,ddrumgo@oppj.org
mmaier@campbellclinic.com,Mmaier,,Mmaier,,Unknown,Campbell Clinic,,None,,Not Found,mmaier@campbellclinic.com
kgray@advantageorthopedic.com,Kgray,,Kgray,,Unknown,Advantage Ortho Pedic,,None,,Not Found,kgray@advantageorthopedic.com
mkeirns@fwhuston.com,Mkeirns,,Mkeirns,,Unknown,Fwhuston,,None,,Not Found,mkeirns@fwhuston.com
snicholas@newyorkorthopedics.com,Snicholas,,Snicholas,,Unknown,Newyork Ortho Pedics,,None,,Not Found,snicholas@newyorkorthopedics.com
kashmore@osc-ortho.com,Kashmore,,Kashmore,Analyst,Professional,Osc Ortho,,Low,LinkedIn / Web Search,Found,kashmore@osc-ortho.com
dbertine@southflaortho.com,Dbertine,,Dbertine,,Unknown,Southfla Ortho,,None,,Not Found,dbertine@southflaortho.com
priyac@pboi.com,Priyac,,Priyac,,Unknown,Pboi,,None,,Not Found,priyac@pboi.com
msheridan@southflaortho.com,Heridan,,Heridan,,Unknown,Southfla Ortho,,None,,Not Found,msheridan@southflaortho.com
rpetrie@newportortho.com,Rpetrie,,Rpetrie,Doctor,Practitioner / Doctor / Faculty,Newport Ortho,,Low,LinkedIn / Web Search,Found,rpetrie@newportortho.com
ancunningham@joint-docs.com,Ancunningham,,Ancunningham,,Unknown,Joint Docs,,None,,Not Found,ancunningham@joint-docs.com
lmitchell@beaconortho.com,Lmitchell,,Lmitchell,,Unknown,Beacon Ortho,,None,,Not Found,lmitchell@beaconortho.com
dpowell@southflaortho.com,Dpowell,,Dpowell,,Unknown,Southfla Ortho,,None,,Not Found,dpowell@southflaortho.com
elayman@southflaortho.com,Elayman,,Elayman,,Unknown,Southfla Ortho,,None,,Not Found,elayman@southflaortho.com
nmcmullen@southflaortho.com,Nmcmullen,,Nmcmullen,,Unknown,Southfla Ortho,,None,,Not Found,nmcmullen@southflaortho.com
kmcbride@beaconortho.com,Kmcbride,,Kmcbride,,Unknown,Beacon Ortho,,None,,Not Found,kmcbride@beaconortho.com
kdickson@southflaortho.com,Kdickson,,Kdickson,,Unknown,Southfla Ortho,,None,,Not Found,kdickson@southflaortho.com
cghobbs@southflaortho.com,Cghobbs,,Cghobbs,,Unknown,Southfla Ortho,,None,,Not Found,cghobbs@southflaortho.com
ebrenman@tsaog.com,Ebrenman,,Ebrenman,Partner,Owner / Executive (C-Suite),Tsaog,,Low,LinkedIn / Web Search,Found,ebrenman@tsaog.com
msmith@southflaortho.com,Mith,,Mith,,Unknown,Southfla Ortho,,None,,Not Found,msmith@southflaortho.com
jkoser@fixbones.com,Jkoser,,Jkoser,,Unknown,Fixbones,,None,,Not Found,jkoser@fixbones.com
jschacterdo@pinnacleorthowf.com,Jschacterdo,,Jschacterdo,,Unknown,Pinnacle Ortho Wf,,None,,Not Found,jschacterdo@pinnacleorthowf.com
kanderson@elevateorthopedics.com,Kanderson,,Kanderson,,Unknown,Elevate Ortho Pedics,,None,,Not Found,kanderson@elevateorthopedics.com
kirk.reynolds@orthoarkansas.com,Kirk,Reynolds,Kirk Reynolds,President,Owner / Executive (C-Suite),Ortho Arkansas,,Low,LinkedIn / Web Search,Found,kirk.reynolds@orthoarkansas.com
kdaniels@orthoga.org,Kdaniels,,Kdaniels,,Unknown,Ortho Ga,,None,,Not Found,kdaniels@orthoga.org
kguzman@fixbones.com,Kguzman,,Kguzman,,Unknown,Fixbones,,None,,Not Found,kguzman@fixbones.com
wlc@fixbones.com,Wlc,,Wlc,,Unknown,Fixbones,,None,,Not Found,wlc@fixbones.com
tcoker@ozarkorthopaedic.com,Tcoker,,Tcoker,,Unknown,Ozark Ortho Paedic,,None,,Not Found,tcoker@ozarkorthopaedic.com
smcnally@orclinic.com,Smcnally,,Smcnally,Consultant,Professional,Or Clinic,,Low,LinkedIn / Web Search,Found,smcnally@orclinic.com
dhanks@orclinic.com,Dhanks,,Dhanks,CEO,Owner / Executive (C-Suite),Or Clinic,,Low,LinkedIn / Web Search,Found,dhanks@orclinic.com
troy.ardoin@orthoarkansas.com,Troy,Ardoin,Troy Ardoin,,Unknown,Ortho Arkansas,,None,,Not Found,troy.ardoin@orthoarkansas.com
zankhana.patel@orthoarkansas.com,Zankhana,Patel,Zankhana Patel,,Unknown,Ortho Arkansas,,None,,Not Found,zankhana.patel@orthoarkansas.com
tsanchez@orclinic.com,Tsanchez,,Tsanchez,,Unknown,Or Clinic,,None,,Not Found,tsanchez@orclinic.com
leo.spector@orthocarolina.com,Leo,Spector,Leo Spector,Chief Executive Officer,Owner / Executive (C-Suite),Ortho Carolina,,Medium,Website (/about-us),Found,leo.spector@orthocarolina.com
ryan.bowser@orthocarolina.com,Ryan,Bowser,Ryan Bowser,CEO,Owner / Executive (C-Suite),Ortho Carolina,,Low,LinkedIn / Web Search,Found,ryan.bowser@orthocarolina.com
johnathon.mccormick@orthocarolina.com,Johnathon,Mccormick,Johnathon Mccormick,Mystic Light 3 Requires Administrator Privileges To Run,Manager / Admin,Ortho Carolina,,Low,LinkedIn / Web Search,Found,johnathon.mccormick@orthocarolina.com
amiles@orclinic.com,Amiles,,Amiles,,Unknown,Or Clinic,,None,,Not Found,amiles@orclinic.com
pkrull@orclinic.com,Pkrull,,Pkrull,,Unknown,Or Clinic,,None,,Not Found,pkrull@orclinic.com
kgulling@greatbasinortho.com,Kgulling,,Kgulling,,Unknown,Greatbasin Ortho,,None,,Not Found,kgulling@greatbasinortho.com
jpeck@greatbasinortho.com,Jpeck,,Jpeck,,Unknown,Greatbasin Ortho,,None,,Not Found,jpeck@greatbasinortho.com
kwaller@greatbasinortho.com,Kwaller,,Kwaller,,Unknown,Greatbasin Ortho,,None,,Not Found,kwaller@greatbasinortho.com
dhickey@greatbasinortho.com,Dhickey,,Dhickey,,Unknown,Greatbasin Ortho,,None,,Not Found,dhickey@greatbasinortho.com
dnagl@greatbasinortho.com,Dnagl,,Dnagl,,Unknown,Greatbasin Ortho,,None,,Not Found,dnagl@greatbasinortho.com
mbenitezflores@greatbasinortho.com,Mbenitezflores,,Mbenitezflores,,Unknown,Greatbasin Ortho,,None,,Not Found,mbenitezflores@greatbasinortho.com
ktunsil@greatbasinortho.com,Ktunsil,,Ktunsil,,Unknown,Greatbasin Ortho,,None,,Not Found,ktunsil@greatbasinortho.com
ajanas@greatbasinortho.com,Ajanas,,Ajanas,,Unknown,Greatbasin Ortho,,None,,Not Found,ajanas@greatbasinortho.com
jgoff@greatbasinortho.com,Jgoff,,Jgoff,,Unknown,Greatbasin Ortho,,None,,Not Found,jgoff@greatbasinortho.com
mrivera@greatbasinortho.com,Ivera,,Ivera,,Unknown,Greatbasin Ortho,,None,,Not Found,mrivera@greatbasinortho.com
nhammel@coreorthopaedic.com,Nhammel,,Nhammel,Surgeon,Practitioner / Doctor / Faculty,Core Ortho Paedic,,Medium,Website (Homepage),Found,nhammel@coreorthopaedic.com
cclyde@fixbones.com,Cclyde,,Cclyde,Analyst,Professional,Fixbones,,Low,LinkedIn / Web Search,Found,cclyde@fixbones.com
blindsey@orthoga.org,Blindsey,,Blindsey,,Unknown,Ortho Ga,,None,,Not Found,blindsey@orthoga.org
cpokabla@orthosouth.org,Cpokabla,,Cpokabla,,Unknown,Ortho South,,None,,Not Found,cpokabla@orthosouth.org
kjenkins@orthosouth.org,Kjenkins,,Kjenkins,,Unknown,Ortho South,,None,,Not Found,kjenkins@orthosouth.org
ddeneka@orthosouth.org,Ddeneka,,Ddeneka,,Unknown,Ortho South,,None,,Not Found,ddeneka@orthosouth.org
adriana@fl-ortho.com,Adriana,,Adriana,,Unknown,Fl Ortho,,None,,Not Found,adriana@fl-ortho.com
alencioni@renoortho.com,Alencioni,,Alencioni,,Unknown,Reno Ortho,,None,,Not Found,alencioni@renoortho.com
swarren@renoortho.com,Swarren,,Swarren,,Unknown,Reno Ortho,,None,,Not Found,swarren@renoortho.com
vgoz@renoortho.com,Vgoz,,Vgoz,,Unknown,Reno Ortho,,None,,Not Found,vgoz@renoortho.com
johnt@renoortho.com,Johnt,,Johnt,,Unknown,Reno Ortho,,None,,Not Found,johnt@renoortho.com
mmcewen@chathamortho.com,Mmcewen,,Mmcewen,CIA Director John Brennan Emails,Director / VP,Chatham Ortho,,Low,LinkedIn / Web Search,Found,mmcewen@chathamortho.com
mcox@chathamortho.com,Mcox,,Mcox,,Unknown,Chatham Ortho,,None,,Not Found,mcox@chathamortho.com
rpolsinelli@chathamortho.com,Rpolsinelli,,Rpolsinelli,,Unknown,Chatham Ortho,,None,,Not Found,rpolsinelli@chathamortho.com
kwhitley@chathamortho.com,Kwhitley,,Kwhitley,,Unknown,Chatham Ortho,,None,,Not Found,kwhitley@chathamortho.com
kslatkovsky@chathamortho.com,Kslatkovsky,,Kslatkovsky,,Unknown,Chatham Ortho,,None,,Not Found,kslatkovsky@chathamortho.com
lglasser@oibortho.com,Lglasser,,Lglasser,CEO,Owner / Executive (C-Suite),Oib Ortho,,Low,LinkedIn / Web Search,Found,lglasser@oibortho.com
ngalustyan@newportortho.com,Ngalustyan,,Ngalustyan,CEO,Owner / Executive (C-Suite),Newport Ortho,,Low,LinkedIn / Web Search,Found,ngalustyan@newportortho.com
kwalcher@upstateoa.com,Kwalcher,,Kwalcher,,Unknown,Upstateoa,,None,,Not Found,kwalcher@upstateoa.com
jfoley@newportortho.com,Jfoley,,Jfoley,,Unknown,Newport Ortho,,None,,Not Found,jfoley@newportortho.com
dcasaroli@newportortho.com,Dcasaroli,,Dcasaroli,Doctor,Practitioner / Doctor / Faculty,Newport Ortho,,Low,LinkedIn / Web Search,Found,dcasaroli@newportortho.com
jwilliams@oppj.org,Jwilliams,,Jwilliams,,Unknown,Oppj,,None,,Not Found,jwilliams@oppj.org
lissaowen@newportortho.com,Lissaowen,,Lissaowen,,Unknown,Newport Ortho,,None,,Not Found,lissaowen@newportortho.com
pvaldovinos@newportortho.com,Pvaldovinos,,Pvaldovinos,,Unknown,Newport Ortho,,None,,Not Found,pvaldovinos@newportortho.com
heidi.haller@orthosc.org,Heidi,Haller,Heidi Haller,Partner,Owner / Executive (C-Suite),Ortho Sc,,Low,LinkedIn / Web Search,Found,heidi.haller@orthosc.org
tprashad@oibortho.com,Tprashad,,Tprashad,,Unknown,Oib Ortho,,None,,Not Found,tprashad@oibortho.com
ccollicott@orthosc.org,Ccollicott,,Ccollicott,,Unknown,Ortho Sc,,None,,Not Found,ccollicott@orthosc.org
pmcdaid@oaainstitute.com,Pmcdaid,,Pmcdaid,,Unknown,Oaainstitute,,None,,Not Found,pmcdaid@oaainstitute.com
jhurt@columbusortho.com,Jhurt,,Jhurt,Partner,Owner / Executive (C-Suite),Columbus Ortho,,Low,LinkedIn / Web Search,Found,jhurt@columbusortho.com
jschecter@orthomichigan.com,Jschecter,,Jschecter,,Unknown,Ortho Michigan,,None,,Not Found,jschecter@orthomichigan.com
arogan@drnortho.com,Arogan,,Arogan,,Unknown,Drn Ortho,,None,,Not Found,arogan@drnortho.com
jclack@oppj.org,Jclack,,Jclack,Specialist,Staff / Coordinator,Oppj,,Low,LinkedIn / Web Search,Found,jclack@oppj.org
jenniferbatshon@midamericaortho.com,Jenniferbatshon,,Jenniferbatshon,,Unknown,Midamerica Ortho,,None,,Not Found,jenniferbatshon@midamericaortho.com
terri.kraft@americanhipinstitute.com,Terri,Kraft,Terri Kraft,,Unknown,Americanhipinstitute,,None,,Not Found,terri.kraft@americanhipinstitute.com
arobinson@columbusortho.com,Arobinson,,Arobinson,,Unknown,Columbus Ortho,,None,,Not Found,arobinson@columbusortho.com
brendan.higgins@concordortho.com,Brendan,Higgins,Brendan Higgins,,Unknown,Concord Ortho,,None,,Not Found,brendan.higgins@concordortho.com
kristen.stupay@concordortho.com,Kristen,Stupay,Kristen Stupay,,Unknown,Concord Ortho,,None,,Not Found,kristen.stupay@concordortho.com
mira.caron@concordortho.com,Mira,Caron,Mira Caron,Co-Founder,Owner / Executive (C-Suite),Concord Ortho,,Low,LinkedIn / Web Search,Found,mira.caron@concordortho.com
gabrielle.pierce@concordortho.com,Gabrielle,Pierce,Gabrielle Pierce,CEO,Owner / Executive (C-Suite),Concord Ortho,,Low,LinkedIn / Web Search,Found,gabrielle.pierce@concordortho.com
jason.desmarais@concordortho.com,Jason,Desmarais,Jason Desmarais,Director,Director / VP,Concord Ortho,,Low,LinkedIn / Web Search,Found,jason.desmarais@concordortho.com
kevin.mccall@concordortho.com,Kevin,Mccall,Kevin Mccall,,Unknown,Concord Ortho,,None,,Not Found,kevin.mccall@concordortho.com
samantha.harris@concordortho.com,Samantha,Harris,Samantha Harris,,Unknown,Concord Ortho,,None,,Not Found,samantha.harris@concordortho.com
lgiles@umpquaortho.com,Lgiles,,Lgiles,,Unknown,Umpqua Ortho,,None,,Not Found,lgiles@umpquaortho.com
janice.he@concordortho.com,Janice,He,Janice He,,Unknown,Concord Ortho,,None,,Not Found,janice.he@concordortho.com
mahima.bhattacharjee@concordortho.com,Mahima,Bhattacharjee,Mahima Bhattacharjee,,Unknown,Concord Ortho,,None,,Not Found,mahima.bhattacharjee@concordortho.com
sjohnson@hughston.com,Sjohnson,,Sjohnson,DB-GPT: Open-source Agentic AI Data Assistant,Staff / Coordinator,Hughston,,Low,LinkedIn / Web Search,Found,sjohnson@hughston.com
vmurray@hughston.com,Vmurray,,Vmurray,Partner,Owner / Executive (C-Suite),Hughston,,Low,LinkedIn / Web Search,Found,vmurray@hughston.com
mmoore@hughston.com,Mmoore,,Mmoore,,Unknown,Hughston,,None,,Not Found,mmoore@hughston.com
lena.cheyne@concordortho.com,Lena,Cheyne,Lena Cheyne,,Unknown,Concord Ortho,,None,,Not Found,lena.cheyne@concordortho.com
smile@drbrennan.net,Smile,,Smile,Psychiatrist,Professional,Drbrennan,,Medium,LinkedIn / Web Search,Found,smile@drbrennan.net
kbeecher@hughston.com,Kbeecher,,Kbeecher,,Unknown,Hughston,,None,,Not Found,kbeecher@hughston.com
csavory@hughston.com,Csavory,,Csavory,,Unknown,Hughston,,None,,Not Found,csavory@hughston.com
smartinez@orthoaustin.com,Smartinez,,Smartinez,,Unknown,Ortho Austin,,None,,Not Found,SMartinez@orthoaustin.com
cermis@orthoaustin.com,Cermis,,Cermis,,Unknown,Ortho Austin,,None,,Not Found,cermis@orthoaustin.com
ldunne@oaainstitute.com,Ldunne,,Ldunne,,Unknown,Oaainstitute,,None,,Not Found,ldunne@oaainstitute.com
levi.bauer@orthoarkansas.com,Levi,Bauer,Levi Bauer,,Unknown,Ortho Arkansas,,None,,Not Found,levi.bauer@orthoarkansas.com
lmoore@oaainstitute.com,Lmoore,,Lmoore,,Unknown,Oaainstitute,,None,,Not Found,lmoore@oaainstitute.com
ckozak@cfaortho.com,Ckozak,,Ckozak,Your AI Assistant From Google,Staff / Coordinator,Cfa Ortho,,Low,LinkedIn / Web Search,Found,ckozak@cfaortho.com
lweiss@oaainstitute.com,Lweiss,,Lweiss,,Unknown,Oaainstitute,,None,,Not Found,lweiss@oaainstitute.com
pbermudez@orthoaustin.com,Pbermudez,,Pbermudez,,Unknown,Ortho Austin,,None,,Not Found,PBermudez@orthoaustin.com
mnakashian@oibortho.com,Mnakashian,,Mnakashian,,Unknown,Oib Ortho,,None,,Not Found,mnakashian@oibortho.com
bcook@oaainstitute.com,Bcook,,Bcook,,Unknown,Oaainstitute,,None,,Not Found,bcook@oaainstitute.com
matt@hockingortho.com,Matt,,Matt,,Unknown,Hocking Ortho,,None,,Not Found,matt@hockingortho.com
rparry@ct-ortho.com,Rparry,,Rparry,,Unknown,Ct Ortho,,None,,Not Found,rparry@ct-ortho.com
gavin@pposac.com,Gavin,,Gavin,,Unknown,Pposac,,None,,Not Found,gavin@pposac.com
louis.jones@orthoarkansas.com,Louis,Jones,Louis Jones,,Unknown,Ortho Arkansas,,None,,Not Found,louis.jones@orthoarkansas.com
lori.carter@teamtoc.com,Lori,Carter,Lori Carter,,Unknown,Teamtoc,,None,,Not Found,lori.carter@teamtoc.com
paige.hadidon@orthoarkansas.com,Paige,Hadidon,Paige Hadidon,,Unknown,Ortho Arkansas,,None,,Not Found,paige.hadidon@orthoarkansas.com
paige.simpson@orthoarkansas.com,Paige,Simpson,Paige Simpson,,Unknown,Ortho Arkansas,,None,,Not Found,paige.simpson@orthoarkansas.com
richard.wirges@orthoarkansas.com,Richard,Wirges,Richard Wirges,,Unknown,Ortho Arkansas,,None,,Not Found,richard.wirges@orthoarkansas.com
kalvarado@tsaog.com,Kalvarado,,Kalvarado,,Unknown,Tsaog,,None,,Not Found,kalvarado@tsaog.com
gpoulter@orthoindy.com,Gpoulter,,Gpoulter,,Unknown,Ortho Indy,,None,,Not Found,gpoulter@orthoindy.com
sfulcher@chathamortho.com,Sfulcher,,Sfulcher,,Unknown,Chatham Ortho,,None,,Not Found,sfulcher@chathamortho.com
rmontano@midamericaortho.com,Rmontano,,Rmontano,,Unknown,Midamerica Ortho,,None,,Not Found,rmontano@midamericaortho.com
otaibl@ohinj.org,Otaibl,,Otaibl,,Unknown,Ohinj,,None,,Not Found,otaibl@ohinj.org
eddie.parrish@emergeortho.com,Eddie,Parrish,Eddie Parrish,The Assistant Video Editor for Pros,Staff / Coordinator,Emerge Ortho,,Low,LinkedIn / Web Search,Found,eddie.parrish@emergeortho.com
cmcintosh@ohinj.org,Cmcintosh,,Cmcintosh,,Unknown,Ohinj,,None,,Not Found,cmcintosh@ohinj.org
nikki.hudson@emergeortho.com,Nikki,Hudson,Nikki Hudson,Project Manager,Manager / Admin,Emerge Ortho,,Low,LinkedIn / Web Search,Found,nikki.hudson@emergeortho.com
christopher.daley@emergeortho.com,Christopher,Daley,Christopher Daley,,Unknown,Emerge Ortho,,None,,Not Found,christopher.daley@emergeortho.com
frank.aluisio@emergeortho.com,Frank,Aluisio,Frank Aluisio,,Unknown,Emerge Ortho,,None,,Not Found,frank.aluisio@emergeortho.com
zachary.welch@emergeortho.com,Zachary,Welch,Zachary Welch,,Unknown,Emerge Ortho,,None,,Not Found,zachary.welch@emergeortho.com
michael.berwanger@emergeortho.com,Michael,Berwanger,Michael Berwanger,,Unknown,Emerge Ortho,,None,,Not Found,michael.berwanger@emergeortho.com
dwhiddon@floridaortho.com,Dwhiddon,,Dwhiddon,Partner,Owner / Executive (C-Suite),Florida Ortho,,Low,LinkedIn / Web Search,Found,dwhiddon@floridaortho.com
sbowman@floridaortho.com,Sbowman,,Sbowman,,Unknown,Florida Ortho,,None,,Not Found,sbowman@floridaortho.com
marisa.henry@emergeortho.com,Marisa,Henry,Marisa Henry,,Unknown,Emerge Ortho,,None,,Not Found,marisa.henry@emergeortho.com
danielle.frost@oawf.com,Danielle,Frost,Danielle Frost,,Unknown,Oawf,,None,,Not Found,danielle.frost@oawf.com
lheath@floridaortho.com,Lheath,,Lheath,,Unknown,Florida Ortho,,None,,Not Found,lheath@floridaortho.com
jmorgan@floridaortho.com,Jmorgan,,Jmorgan,,Unknown,Florida Ortho,,None,,Not Found,jmorgan@floridaortho.com
debsnow@oawf.com,Debsnow,,Debsnow,,Unknown,Oawf,,None,,Not Found,debsnow@oawf.com
blanglais@oawf.com,Blanglais,,Blanglais,,Unknown,Oawf,,None,,Not Found,blanglais@oawf.com
mnolte@orthowisconsin.com,Mnolte,,Mnolte,,Unknown,Ortho Wisconsin,,None,,Not Found,mnolte@orthowisconsin.com
jmiller@orthowisconsin.com,Jmiller,,Jmiller,,Unknown,Ortho Wisconsin,,None,,Not Found,jmiller@orthowisconsin.com
adrake@orthowisconsin.com,Adrake,,Adrake,,Unknown,Ortho Wisconsin,,None,,Not Found,adrake@orthowisconsin.com
lvandeleest@orthowisconsin.com,Lvandeleest,,Lvandeleest,President,Owner / Executive (C-Suite),Ortho Wisconsin,,Low,LinkedIn / Web Search,Found,lvandeleest@orthowisconsin.com
kblindauer@orthowisconsin.com,Kblindauer,,Kblindauer,,Unknown,Ortho Wisconsin,,None,,Not Found,kblindauer@orthowisconsin.com
mkelly@orthowisconsin.com,Mkelly,,Mkelly,,Unknown,Ortho Wisconsin,,None,,Not Found,mkelly@orthowisconsin.com
sgausman@nebraskaortho.com,Sgausman,,Sgausman,Principal,Owner / Executive (C-Suite),Nebraska Ortho,,Low,LinkedIn / Web Search,Found,sgausman@nebraskaortho.com
dtucker@orthowisconsin.com,Dtucker,,Dtucker,,Unknown,Ortho Wisconsin,,None,,Not Found,dtucker@orthowisconsin.com
rhall@nebraskaortho.com,Rhall,,Rhall,,Unknown,Nebraska Ortho,,None,,Not Found,rhall@nebraskaortho.com
boligmueller@nebraskaortho.com,Boligmueller,,Boligmueller,,Unknown,Nebraska Ortho,,None,,Not Found,boligmueller@nebraskaortho.com
jpetersen@nebraskaortho.com,Jpetersen,,Jpetersen,,Unknown,Nebraska Ortho,,None,,Not Found,jpetersen@nebraskaortho.com
bwoodhead@nebraskaortho.com,Bwoodhead,,Bwoodhead,,Unknown,Nebraska Ortho,,None,,Not Found,bwoodhead@nebraskaortho.com
mblair@nebraskaortho.com,Mblair,,Mblair,,Unknown,Nebraska Ortho,,None,,Not Found,mblair@nebraskaortho.com
cmitchell@nebraskaortho.com,Cmitchell,,Cmitchell,,Unknown,Nebraska Ortho,,None,,Not Found,cmitchell@nebraskaortho.com
amcintyre@nebraskaortho.com,Amcintyre,,Amcintyre,,Unknown,Nebraska Ortho,,None,,Not Found,amcintyre@nebraskaortho.com
george.makris@allianceortho.com,George,Makris,George Makris,Founder,Owner / Executive (C-Suite),Alliance Ortho,,Low,LinkedIn / Web Search,Found,george.makris@allianceortho.com
rodneyrufo@orthopaedicspecialists.com,Rodneyrufo,,Rodneyrufo,,Unknown,Ortho Paedicspecialists,,None,,Not Found,rodneyrufo@orthopaedicspecialists.com
todd.webb@allianceortho.com,Todd,Webb,Todd Webb,Clinical Director,Director / VP,Alliance Ortho,,Medium,Website (/team/),Found,todd.webb@allianceortho.com
bryant.acquaro@allianceortho.com,Bryant,Acquaro,Bryant Acquaro,,Unknown,Alliance Ortho,,None,,Not Found,bryant.acquaro@allianceortho.com
salvatore.montuori@allianceortho.com,Salvatore,Montuori,Salvatore Montuori,,Unknown,Alliance Ortho,,None,,Not Found,salvatore.montuori@allianceortho.com
anthony.lanzano@allianceortho.com,Anthony,Lanzano,Anthony Lanzano,Director,Director / VP,Alliance Ortho,,Medium,Website (/team/),Found,anthony.lanzano@allianceortho.com
ariana.chambers@allianceortho.com,Ariana,Chambers,Ariana Chambers,Physician,Practitioner / Doctor / Faculty,Alliance Ortho,,Medium,Website (/team/),Found,ariana.chambers@allianceortho.com
megan.mcdermott@allianceortho.com,Megan,Mcdermott,Megan Mcdermott,,Unknown,Alliance Ortho,,None,,Not Found,megan.mcdermott@allianceortho.com
brooke.livesey@allianceortho.com,Brooke,Livesey,Brooke Livesey,,Unknown,Alliance Ortho,,None,,Not Found,brooke.livesey@allianceortho.com
samantha.smith@orthoassociates.com,Samantha,Smith,Samantha Smith,,Unknown,Ortho Associates,,None,,Not Found,samantha.smith@orthoassociates.com
mark.seelen@orthoassociates.com,Mark,Seelen,Mark Seelen,,Unknown,Ortho Associates,,None,,Not Found,mark.seelen@orthoassociates.com
andrew.england@orthoassociates.com,Andrew,England,Andrew England,President,Owner / Executive (C-Suite),Ortho Associates,,Low,LinkedIn / Web Search,Found,andrew.england@orthoassociates.com
megan.savino@orthoassociates.com,Megan,Savino,Megan Savino,,Unknown,Ortho Associates,,None,,Not Found,megan.savino@orthoassociates.com
brittany.ohora@orthoassociates.com,Brittany,Ohora,Brittany Ohora,,Unknown,Ortho Associates,,None,,Not Found,brittany.ohora@orthoassociates.com
emily.belgard@orthoassociates.com,Emily,Belgard,Emily Belgard,,Unknown,Ortho Associates,,None,,Not Found,emily.belgard@orthoassociates.com
alison.doiron@orthoassociates.com,Alison,Doiron,Alison Doiron,,Unknown,Ortho Associates,,None,,Not Found,alison.doiron@orthoassociates.com
emily.kumagae@orthoassociates.com,Emily,Kumagae,Emily Kumagae,Physician Assistant,Practitioner / Doctor / Faculty,Ortho Associates,,Medium,Website (/providers),Found,emily.kumagae@orthoassociates.com
zabbott@olyortho.com,Zabbott,,Zabbott,,Unknown,Oly Ortho,,None,,Not Found,zabbott@olyortho.com
rescamilla@nebraskaortho.com,Rescamilla,,Rescamilla,,Unknown,Nebraska Ortho,,None,,Not Found,rescamilla@nebraskaortho.com
lward@oaswo.com,Lward,,Lward,,Unknown,Oaswo,,None,,Not Found,lward@oaswo.com
elizabeth.stevens@emergeortho.com,Elizabeth,Stevens,Elizabeth Stevens,,Unknown,Emerge Ortho,,None,,Not Found,elizabeth.stevens@emergeortho.com
jbonevich@ohinj.org,Jbonevich,,Jbonevich,,Unknown,Ohinj,,None,,Not Found,jbonevich@ohinj.org
rrobinson@cfaortho.com,Rrobinson,,Rrobinson,Best Partner for Test Contacting Solutions,Owner / Executive (C-Suite),Cfa Ortho,,Low,LinkedIn / Web Search,Found,rrobinson@cfaortho.com
erosenbloom@englewoodortho.com,Erosenbloom,,Erosenbloom,,Unknown,Englewood Ortho,,None,,Not Found,erosenbloom@englewoodortho.com
rbyrnes@englewoodortho.com,Rbyrnes,,Rbyrnes,,Unknown,Englewood Ortho,,None,,Not Found,rbyrnes@englewoodortho.com
yleesheng@englewoodortho.com,Yleesheng,,Yleesheng,,Unknown,Englewood Ortho,,None,,Not Found,yleesheng@englewoodortho.com
mbutler@venturaortho.com,Mbutler,,Mbutler,,Unknown,Ventura Ortho,,None,,Not Found,mbutler@venturaortho.com
mlankachandra@englewoodortho.com,Mlankachandra,,Mlankachandra,Partner,Owner / Executive (C-Suite),Englewood Ortho,,Low,LinkedIn / Web Search,Found,mlankachandra@englewoodortho.com
dchuang@englewoodortho.com,Dchuang,,Dchuang,,Unknown,Englewood Ortho,,None,,Not Found,dchuang@englewoodortho.com
clenhardt@englewoodortho.com,Clenhardt,,Clenhardt,,Unknown,Englewood Ortho,,None,,Not Found,clenhardt@englewoodortho.com
wjanes@englewoodortho.com,Wjanes,,Wjanes,Associate,Staff / Coordinator,Englewood Ortho,,Low,LinkedIn / Web Search,Found,wjanes@englewoodortho.com
jkripalani@englewoodortho.com,Jkripalani,,Jkripalani,,Unknown,Englewood Ortho,,None,,Not Found,jkripalani@englewoodortho.com
kleddy@oibortho.com,Kleddy,,Kleddy,,Unknown,Oib Ortho,,None,,Not Found,kleddy@oibortho.com
jlee@englewoodortho.com,Jlee,,Jlee,,Unknown,Englewood Ortho,,None,,Not Found,jlee@englewoodortho.com
asipple@ohinj.org,Asipple,,Asipple,,Unknown,Ohinj,,None,,Not Found,asipple@ohinj.org
lsekhon@renoortho.com,Lsekhon,,Lsekhon,,Unknown,Reno Ortho,,None,,Not Found,lsekhon@renoortho.com
lyndaz@renoortho.com,Lyndaz,,Lyndaz,,Unknown,Reno Ortho,,None,,Not Found,lyndaz@renoortho.com
cierac@renoortho.com,Cierac,,Cierac,,Unknown,Reno Ortho,,None,,Not Found,cierac@renoortho.com
crystalm@renoortho.com,Crystalm,,Crystalm,,Unknown,Reno Ortho,,None,,Not Found,crystalm@renoortho.com
kelliej@renoortho.com,Kelliej,,Kelliej,,Unknown,Reno Ortho,,None,,Not Found,kelliej@renoortho.com
msayer@chathamortho.com,Ayer,,Ayer,,Unknown,Chatham Ortho,,None,,Not Found,msayer@chathamortho.com
leigam@renoortho.com,Leigam,,Leigam,,Unknown,Reno Ortho,,None,,Not Found,leigam@renoortho.com
asaunders@chathamortho.com,Asaunders,,Asaunders,,Unknown,Chatham Ortho,,None,,Not Found,asaunders@chathamortho.com
ghawk@oaainstitute.com,Ghawk,,Ghawk,,Unknown,Oaainstitute,,None,,Not Found,ghawk@oaainstitute.com
cradloff@chathamortho.com,Cradloff,,Cradloff,,Unknown,Chatham Ortho,,None,,Not Found,cradloff@chathamortho.com
jcrosson@oaainstitute.com,Jcrosson,,Jcrosson,,Unknown,Oaainstitute,,None,,Not Found,jcrosson@oaainstitute.com
jfarabaugh@oaainstitute.com,Jfarabaugh,,Jfarabaugh,,Unknown,Oaainstitute,,None,,Not Found,jfarabaugh@oaainstitute.com
dmontanelli@ohinj.org,Dmontanelli,,Dmontanelli,Partner,Owner / Executive (C-Suite),Ohinj,,Low,LinkedIn / Web Search,Found,dmontanelli@ohinj.org
jtalsania@oaainstitute.com,Jtalsania,,Jtalsania,,Unknown,Oaainstitute,,None,,Not Found,jtalsania@oaainstitute.com
tmerrill@downeastortho.com,Tmerrill,,Tmerrill,,Unknown,Downeast Ortho,,None,,Not Found,tmerrill@downeastortho.com
matthew.hannibal@emergeortho.com,Matthew,Hannibal,Matthew Hannibal,,Unknown,Emerge Ortho,,None,,Not Found,matthew.hannibal@emergeortho.com
asjackson@hughston.com,Asjackson,,Asjackson,,Unknown,Hughston,,None,,Not Found,asjackson@hughston.com
ann@precisionorthomd.com,Ann,,Ann,,Unknown,Precision Ortho Md,,None,,Not Found,ann@precisionorthomd.com
jswinyard@hughston.com,Jswinyard,,Jswinyard,,Unknown,Hughston,,None,,Not Found,jswinyard@hughston.com
mike@ohinj.org,Mike,,Mike,,Unknown,Ohinj,,None,,Not Found,mike@ohinj.org
hhawkins@sonoranorthotrauma.com,Hhawkins,,Hhawkins,,Unknown,Sonoran Ortho Trauma,,None,,Not Found,hhawkins@sonoranorthotrauma.com
mbaker@hughston.com,Mbaker,,Mbaker,,Unknown,Hughston,,None,,Not Found,mbaker@hughston.com
jkolb@orthoxpress.com,Jkolb,,Jkolb,Specialist,Staff / Coordinator,Ortho Xpress,,Low,LinkedIn / Web Search,Found,jkolb@orthoxpress.com
sscholl@orthoxpress.com,Sscholl,,Sscholl,Doctor,Practitioner / Doctor / Faculty,Ortho Xpress,,Low,LinkedIn / Web Search,Found,sscholl@orthoxpress.com
mwells@orthoxpress.com,Mwells,,Mwells,,Unknown,Ortho Xpress,,None,,Not Found,mwells@orthoxpress.com
ttorigiani@orthoxpress.com,Ttorigiani,,Ttorigiani,Doctor,Practitioner / Doctor / Faculty,Ortho Xpress,,Low,LinkedIn / Web Search,Found,ttorigiani@orthoxpress.com
dshannon@orthoxpress.com,Dshannon,,Dshannon,,Unknown,Ortho Xpress,,None,,Not Found,dshannon@orthoxpress.com
ssalamon@orthoxpress.com,Ssalamon,,Ssalamon,,Unknown,Ortho Xpress,,None,,Not Found,ssalamon@orthoxpress.com
budolph@orthoxpress.com,Budolph,,Budolph,,Unknown,Ortho Xpress,,None,,Not Found,budolph@orthoxpress.com
dbennett@orthoxpress.com,Dbennett,,Dbennett,,Unknown,Ortho Xpress,,None,,Not Found,dbennett@orthoxpress.com
bvarner@orthoxpress.com,Bvarner,,Bvarner,,Unknown,Ortho Xpress,,None,,Not Found,bvarner@orthoxpress.com
dzyber@orthoxpress.com,Dzyber,,Dzyber,,Unknown,Ortho Xpress,,None,,Not Found,dzyber@orthoxpress.com
tdresser@azaleaortho.com,Tdresser,,Tdresser,,Unknown,Azalea Ortho,,None,,Not Found,tdresser@azaleaortho.com
nshah@seaviewortho.com,Nshah,,Nshah,,Unknown,Seaview Ortho,,None,,Not Found,nshah@seaviewortho.com
jzangrilli@seaviewortho.com,Jzangrilli,,Jzangrilli,,Unknown,Seaview Ortho,,None,,Not Found,jzangrilli@seaviewortho.com
jbyrne@orthoxpress.com,Jbyrne,,Jbyrne,,Unknown,Ortho Xpress,,None,,Not Found,jbyrne@orthoxpress.com
stimon@allstarortho.com,Stimon,,Stimon,,Unknown,Allstar Ortho,,None,,Not Found,stimon@allstarortho.com
ihersh@seaviewortho.com,Ihersh,,Ihersh,,Unknown,Seaview Ortho,,None,,Not Found,ihersh@seaviewortho.com
tellis@orthopedicone.com,Tellis,,Tellis,,Unknown,Ortho Pedicone,,None,,Not Found,tellis@orthopedicone.com
lcoppola@caportho.com,Lcoppola,,Lcoppola,,Unknown,Cap Ortho,,None,,Not Found,lcoppola@caportho.com
tshatynski@caportho.com,Tshatynski,,Tshatynski,,Unknown,Cap Ortho,,None,,Not Found,tshatynski@caportho.com
sdas@caportho.com,Sdas,,Sdas,,Unknown,Cap Ortho,,None,,Not Found,sdas@caportho.com
shenery@caportho.com,Shenery,,Shenery,,Unknown,Cap Ortho,,None,,Not Found,shenery@caportho.com
pmarinello@caportho.com,Pmarinello,,Pmarinello,Analyst,Professional,Cap Ortho,,Low,LinkedIn / Web Search,Found,pmarinello@caportho.com
ccastiglione@caportho.com,Ccastiglione,,Ccastiglione,,Unknown,Cap Ortho,,None,,Not Found,ccastiglione@caportho.com
dortiz@caportho.com,Dortiz,,Dortiz,,Unknown,Cap Ortho,,None,,Not Found,dortiz@caportho.com
kschuller@caportho.com,Kschuller,,Kschuller,,Unknown,Cap Ortho,,None,,Not Found,kschuller@caportho.com
adaniels@universityorthopedics.com,Adaniels,,Adaniels,,Unknown,University Ortho Pedics,,None,,Not Found,adaniels@universityorthopedics.com
kmittelsteadt@universityorthopedics.com,Kmittelsteadt,,Kmittelsteadt,,Unknown,University Ortho Pedics,,None,,Not Found,kmittelsteadt@universityorthopedics.com
agreen@universityorthopedics.com,Agreen,,Agreen,,Unknown,University Ortho Pedics,,None,,Not Found,agreen@universityorthopedics.com
jczerwein@universityorthopedics.com,Jczerwein,,Jczerwein,,Unknown,University Ortho Pedics,,None,,Not Found,jczerwein@universityorthopedics.com
mflaherty@caportho.com,Mflaherty,,Mflaherty,,Unknown,Cap Ortho,,None,,Not Found,mflaherty@caportho.com
jroberts@caportho.com,Jroberts,,Jroberts,,Unknown,Cap Ortho,,None,,Not Found,jroberts@caportho.com
ceberson@universityorthopedics.com,Ceberson,,Ceberson,,Unknown,University Ortho Pedics,,None,,Not Found,ceberson@universityorthopedics.com
bsochacka@universityorthopedics.com,Bsochacka,,Bsochacka,,Unknown,University Ortho Pedics,,None,,Not Found,bsochacka@universityorthopedics.com
kfilippo@universityorthopedics.com,Kfilippo,,Kfilippo,,Unknown,University Ortho Pedics,,None,,Not Found,kfilippo@universityorthopedics.com
eosborne@universityorthopedics.com,Eosborne,,Eosborne,,Unknown,University Ortho Pedics,,None,,Not Found,eosborne@universityorthopedics.com
mia.jimenez@ortholonestar.com,Mia,Jimenez,Mia Jimenez,Founder,Owner / Executive (C-Suite),Ortho Lonestar,,Low,LinkedIn / Web Search,Found,mia.jimenez@ortholonestar.com
anthony.brooks@ortholonestar.com,Anthony,Brooks,Anthony Brooks,,Unknown,Ortho Lonestar,,None,,Not Found,anthony.brooks@ortholonestar.com
brittany.ardito@ortholonestar.com,Brittany,Ardito,Brittany Ardito,,Unknown,Ortho Lonestar,,None,,Not Found,brittany.ardito@ortholonestar.com
linden.jackson@ortholonestar.com,Linden,Jackson,Linden Jackson,,Unknown,Ortho Lonestar,,None,,Not Found,linden.jackson@ortholonestar.com
amy.hoke@ortholonestar.com,Amy,Hoke,Amy Hoke,,Unknown,Ortho Lonestar,,None,,Not Found,amy.hoke@ortholonestar.com
sandi.pike@ortholonestar.com,Sandi,Pike,Sandi Pike,,Unknown,Ortho Lonestar,,None,,Not Found,sandi.pike@ortholonestar.com
april.bradley@ortholonestar.com,April,Bradley,April Bradley,,Unknown,Ortho Lonestar,,None,,Not Found,april.bradley@ortholonestar.com
gshifflett@thunderortho.com,Gshifflett,,Gshifflett,Specialist,Staff / Coordinator,Thunder Ortho,,Low,LinkedIn / Web Search,Found,gshifflett@thunderortho.com
nswanson@thunderortho.com,Nswanson,,Nswanson,,Unknown,Thunder Ortho,,None,,Not Found,nswanson@thunderortho.com
kwatkins@thunderortho.com,Kwatkins,,Kwatkins,,Unknown,Thunder Ortho,,None,,Not Found,kwatkins@thunderortho.com
kaures@premierortho.com,Kaures,,Kaures,,Unknown,Premier Ortho,,None,,Not Found,kaures@premierortho.com
craig.lareau@neortho.com,Craig,Lareau,Craig Lareau,Founder,Owner / Executive (C-Suite),Ne Ortho,,Low,LinkedIn / Web Search,Found,craig.lareau@neortho.com
alyssa.davis@neortho.com,Alyssa,Davis,Alyssa Davis,Receptionist,Staff / Coordinator,Ne Ortho,,Low,LinkedIn / Web Search,Found,alyssa.davis@neortho.com
john.corsetti@neortho.com,John,Corsetti,John Corsetti,Orthopedic Surgeon,Practitioner / Doctor / Faculty,Ne Ortho,,Medium,Website (Homepage),Found,john.corsetti@neortho.com
devin.walsh@neortho.com,Devin,Walsh,Devin Walsh,Orthopedic Surgeon,Practitioner / Doctor / Faculty,Ne Ortho,,Medium,Website (Homepage),Found,devin.walsh@neortho.com
jfeliciano@neortho.com,Jfeliciano,,Jfeliciano,Partner,Owner / Executive (C-Suite),Ne Ortho,,Low,LinkedIn / Web Search,Found,jfeliciano@neortho.com
matthew.girard@neortho.com,Matthew,Girard,Matthew Girard,,Unknown,Ne Ortho,,None,,Not Found,matthew.girard@neortho.com
patrick.nelson@coastalortho.com,Patrick,Nelson,Patrick Nelson,,Unknown,Coastal Ortho,,None,,Not Found,patrick.nelson@coastalortho.com
hank.casagrande@neortho.com,Hank,Casagrande,Hank Casagrande,,Unknown,Ne Ortho,,None,,Not Found,hank.casagrande@neortho.com
rebecca.russo@neortho.com,Rebecca,Russo,Rebecca Russo,,Unknown,Ne Ortho,,None,,Not Found,rebecca.russo@neortho.com
lkelly@coastalorthopedics.com,Lkelly,,Lkelly,,Unknown,Coastal Ortho Pedics,,None,,Not Found,lkelly@coastalorthopedics.com
tamann@premierortho.com,Tamann,,Tamann,,Unknown,Premier Ortho,,None,,Not Found,tamann@premierortho.com
smonaco@premierortho.com,Smonaco,,Smonaco,,Unknown,Premier Ortho,,None,,Not Found,smonaco@premierortho.com
mwilson@premierortho.com,Mwilson,,Mwilson,,Unknown,Premier Ortho,,None,,Not Found,mwilson@premierortho.com
mlennon@orthopedicone.com,Mlennon,,Mlennon,,Unknown,Ortho Pedicone,,None,,Not Found,mlennon@orthopedicone.com
mstenger@seaviewortho.com,Tenger,,Tenger,,Unknown,Seaview Ortho,,None,,Not Found,mstenger@seaviewortho.com
bsuk@seaviewortho.com,Bsuk,,Bsuk,,Unknown,Seaview Ortho,,None,,Not Found,bsuk@seaviewortho.com
mstefanowicz@seaviewortho.com,Tefanowicz,,Tefanowicz,,Unknown,Seaview Ortho,,None,,Not Found,mstefanowicz@seaviewortho.com
sruotola@seaviewortho.com,Sruotola,,Sruotola,,Unknown,Seaview Ortho,,None,,Not Found,sruotola@seaviewortho.com
jennifer.kinman@ortholonestar.com,Jennifer,Kinman,Jennifer Kinman,,Unknown,Ortho Lonestar,,None,,Not Found,jennifer.kinman@ortholonestar.com
jcraig@universityorthopedics.com,Jcraig,,Jcraig,,Unknown,University Ortho Pedics,,None,,Not Found,jcraig@universityorthopedics.com
rblackwell@orthopedicone.com,Rblackwell,,Rblackwell,,Unknown,Ortho Pedicone,,None,,Not Found,rblackwell@orthopedicone.com
ljabbar@seaviewortho.com,Ljabbar,,Ljabbar,,Unknown,Seaview Ortho,,None,,Not Found,ljabbar@seaviewortho.com
cdaknis@seaviewortho.com,Cdaknis,,Cdaknis,,Unknown,Seaview Ortho,,None,,Not Found,cdaknis@seaviewortho.com
connor.ziegler@neortho.com,Connor,Ziegler,Connor Ziegler,,Unknown,Ne Ortho,,None,,Not Found,connor.ziegler@neortho.com
teshabrock@louisvillehipandkneeinstitute.com,Teshabrock,,Teshabrock,CEO,Owner / Executive (C-Suite),Louisvillehipandkneeinstitute,,Low,LinkedIn / Web Search,Found,teshabrock@louisvillehipandkneeinstitute.com
joegreenemd@louisvillehipandkneeinstitute.com,Joegreenemd,,Joegreenemd,,Unknown,Louisvillehipandkneeinstitute,,None,,Not Found,joegreenemd@louisvillehipandkneeinstitute.com
jeremyhamilton@louisvillehipandkneeinstitute.com,Jeremyhamilton,,Jeremyhamilton,,Unknown,Louisvillehipandkneeinstitute,,None,,Not Found,jeremyhamilton@louisvillehipandkneeinstitute.com
barry.morin@neortho.com,Barry,Morin,Barry Morin,,Unknown,Ne Ortho,,None,,Not Found,barry.morin@neortho.com
stephaniestewart@louisvillehipandkneeinstitute.com,Stephaniestewart,,Stephaniestewart,,Unknown,Louisvillehipandkneeinstitute,,None,,Not Found,stephaniestewart@louisvillehipandkneeinstitute.com
ethanelkins@louisvillehipandkneeinstitute.com,Ethanelkins,,Ethanelkins,,Unknown,Louisvillehipandkneeinstitute,,None,,Not Found,ethanelkins@louisvillehipandkneeinstitute.com
eric.regan@thebonehealthclinic.com,Eric,Regan,Eric Regan,,Unknown,Thebone Health Clinic,,None,,Not Found,eric.regan@thebonehealthclinic.com
shannon.carpenter@thebonehealthclinic.com,Shannon,Carpenter,Shannon Carpenter,Orthopedic Surgeon,Practitioner / Doctor / Faculty,Thebone Health Clinic,,Medium,Website (Homepage),Found,shannon.carpenter@thebonehealthclinic.com
rsershon@andersonclinic.com,Rsershon,,Rsershon,Analyst,Professional,Anderson Clinic,,Low,LinkedIn / Web Search,Found,rsershon@andersonclinic.com
rhubbard@andersonclinic.com,Rhubbard,,Rhubbard,President,Owner / Executive (C-Suite),Anderson Clinic,,Low,LinkedIn / Web Search,Found,rhubbard@andersonclinic.com
nicole.fronk@thebonehealthclinic.com,Nicole,Fronk,Nicole Fronk,,Unknown,Thebone Health Clinic,,None,,Not Found,nicole.fronk@thebonehealthclinic.com
mackenziedodge@louisvillehipandkneeinstitute.com,Mackenziedodge,,Mackenziedodge,,Unknown,Louisvillehipandkneeinstitute,,None,,Not Found,mackenziedodge@louisvillehipandkneeinstitute.com
msheth@andersonclinic.com,Heth,,Heth,Director,Director / VP,Anderson Clinic,,Low,LinkedIn / Web Search,Found,msheth@andersonclinic.com
mnarvaez@andersonclinic.com,Mnarvaez,,Mnarvaez,,Unknown,Anderson Clinic,,None,,Not Found,mnarvaez@andersonclinic.com
kfricka@andersonclinic.com,Kfricka,,Kfricka,,Unknown,Anderson Clinic,,None,,Not Found,kfricka@andersonclinic.com
snagda@andersonclinic.com,Snagda,,Snagda,,Unknown,Anderson Clinic,,None,,Not Found,snagda@andersonclinic.com
mblaine@andersonclinic.com,Mblaine,,Mblaine,,Unknown,Anderson Clinic,,None,,Not Found,mblaine@andersonclinic.com
gbranche@andersonclinic.com,Gbranche,,Gbranche,Partner,Owner / Executive (C-Suite),Anderson Clinic,,Low,LinkedIn / Web Search,Found,gbranche@andersonclinic.com
tina.caster@oandfs.com,Tina,Caster,Tina Caster,Director,Director / VP,Oandfs,,Low,LinkedIn / Web Search,Found,tina.caster@oandfs.com
avillatoro@clearwaypain.com,Avillatoro,,Avillatoro,,Unknown,Clearwaypain,,None,,Not Found,avillatoro@clearwaypain.com
william.newton@clearwaypain.com,William,Newton,William Newton,,Unknown,Clearwaypain,,None,,Not Found,william.newton@clearwaypain.com
erica.briggs@clearwaypain.com,Erica,Briggs,Erica Briggs,,Unknown,Clearwaypain,,None,,Not Found,erica.briggs@clearwaypain.com
gaylon.willis@clearwaypain.com,Gaylon,Willis,Gaylon Willis,,Unknown,Clearwaypain,,None,,Not Found,gaylon.willis@clearwaypain.com
rgandhi@andersonclinic.com,Rgandhi,,Rgandhi,,Unknown,Anderson Clinic,,None,,Not Found,rgandhi@andersonclinic.com
mani.hashemi@clearwaypain.com,Mani,Hashemi,Mani Hashemi,,Unknown,Clearwaypain,,None,,Not Found,mani.hashemi@clearwaypain.com
rsaltiel@relievus.com,Rsaltiel,,Rsaltiel,,Unknown,Relievus,,None,,Not Found,rsaltiel@relievus.com
critter@andersonclinic.com,Critter,,Critter,,Unknown,Anderson Clinic,,None,,Not Found,critter@andersonclinic.com
chaynes@clearwaypain.com,Chaynes,,Chaynes,,Unknown,Clearwaypain,,None,,Not Found,chaynes@clearwaypain.com
ddavis@buxpainmanagement.com,Ddavis,,Ddavis,,Unknown,Buxpainmanagement,,None,,Not Found,ddavis@buxpainmanagement.com
jonathan.davis@clearwaypain.com,Jonathan,Davis,Jonathan Davis,,Unknown,Clearwaypain,,None,,Not Found,jonathan.davis@clearwaypain.com
sgoodin@buxpainmanagement.com,Sgoodin,,Sgoodin,,Unknown,Buxpainmanagement,,None,,Not Found,sgoodin@buxpainmanagement.com
mgonsalves@buxpainmanagement.com,Mgonsalves,,Mgonsalves,,Unknown,Buxpainmanagement,,None,,Not Found,mgonsalves@buxpainmanagement.com
bcullen@clearwaypain.com,Bcullen,,Bcullen,,Unknown,Clearwaypain,,None,,Not Found,bcullen@clearwaypain.com
dfreas@clearwaypain.com,Dfreas,,Dfreas,,Unknown,Clearwaypain,,None,,Not Found,dfreas@clearwaypain.com
ikornbluth@clearwaypain.com,Ikornbluth,,Ikornbluth,,Unknown,Clearwaypain,,None,,Not Found,ikornbluth@clearwaypain.com
sgeorge@clearwaypain.com,Sgeorge,,Sgeorge,,Unknown,Clearwaypain,,None,,Not Found,sgeorge@clearwaypain.com
ahunt@buxpainmanagement.com,Ahunt,,Ahunt,,Unknown,Buxpainmanagement,,None,,Not Found,ahunt@buxpainmanagement.com
ecummins@southernpainandspine.com,Ecummins,,Ecummins,Partner,Owner / Executive (C-Suite),Southernpainandspine,,Low,LinkedIn / Web Search,Found,ecummins@southernpainandspine.com
drtate@southernpainandspine.com,Tate,,Tate,,Unknown,Southernpainandspine,,None,,Not Found,drtate@southernpainandspine.com
drpatel@southernpainandspine.com,Patel,,Patel,,Unknown,Southernpainandspine,,None,,Not Found,drpatel@southernpainandspine.com
nhanniford@southernpainandspine.com,Nhanniford,,Nhanniford,,Unknown,Southernpainandspine,,None,,Not Found,nhanniford@southernpainandspine.com
thomashong@improvingpain.com,Thomashong,,Thomashong,,Unknown,Improvingpain,,None,,Not Found,thomashong@improvingpain.com
dfield@painandspinespecialists.com,Dfield,,Dfield,,Unknown,Painandspinespecialists,,None,,Not Found,dfield@painandspinespecialists.com
mrusso@painandspinespecialists.com,Usso,,Usso,,Unknown,Painandspinespecialists,,None,,Not Found,mrusso@painandspinespecialists.com
jaltman@painandspinespecialists.com,Jaltman,,Jaltman,,Unknown,Painandspinespecialists,,None,,Not Found,jaltman@painandspinespecialists.com
alexandra@painandspinesa.com,Alexandra,,Alexandra,Registered Nurse,Professional,Painandspinesa,,Low,LinkedIn / Web Search,Found,alexandra@painandspinesa.com
claire@pacificpaingroup.com,Claire,,Claire,,Unknown,Pacificpain Group,,None,,Not Found,claire@pacificpaingroup.com
ckonecni@painandspinespecialists.com,Ckonecni,,Ckonecni,,Unknown,Painandspinespecialists,,None,,Not Found,ckonecni@painandspinespecialists.com
shoar@painandspinespecialists.com,Shoar,,Shoar,,Unknown,Painandspinespecialists,,None,,Not Found,shoar@painandspinespecialists.com
kclement@painandspinespecialists.com,Kclement,,Kclement,,Unknown,Painandspinespecialists,,None,,Not Found,kclement@painandspinespecialists.com
mfresques@compasspainandwellness.com,Mfresques,,Mfresques,,Unknown,Compasspainandwellness,,None,,Not Found,mfresques@compasspainandwellness.com
chase.morrison@desertpainspecialists.com,Chase,Morrison,Chase Morrison,,Unknown,Desertpainspecialists,,None,,Not Found,chase.morrison@desertpainspecialists.com
chance@pacificpaingroup.com,Chance,,Chance,,Unknown,Pacificpain Group,,None,,Not Found,chance@pacificpaingroup.com
dfisher@painphysicians.com,Dfisher,,Dfisher,Manage Your Google Password Manager PIN,Manager / Admin,Painphysicians,,Low,LinkedIn / Web Search,Found,dfisher@painphysicians.com
ssims@northlakespain.com,Ssims,,Ssims,,Unknown,Northlakespain,,None,,Not Found,ssims@northlakespain.com
msanchez@lapaincare.com,Anchez,,Anchez,,Unknown,Lapain Care,,None,,Not Found,msanchez@lapaincare.com
kfarmer@painphysicians.com,Kfarmer,,Kfarmer,,Unknown,Painphysicians,,None,,Not Found,kfarmer@painphysicians.com
kstapleton@lapaincare.com,Kstapleton,,Kstapleton,,Unknown,Lapain Care,,None,,Not Found,kstapleton@lapaincare.com
gbright@lapaincare.com,Gbright,,Gbright,Specialist,Staff / Coordinator,Lapain Care,,Low,LinkedIn / Web Search,Found,gbright@lapaincare.com
ismith@lapaincare.com,Ismith,,Ismith,,Unknown,Lapain Care,,None,,Not Found,ismith@lapaincare.com
jimcarson@southsidepain.com,Jimcarson,,Jimcarson,CEO,Owner / Executive (C-Suite),Southsidepain,,Low,LinkedIn / Web Search,Found,jimcarson@southsidepain.com
lori.berg@painphysicians.com,Lori,Berg,Lori Berg,,Unknown,Painphysicians,,None,,Not Found,lori.berg@painphysicians.com
drdave@elitepaincare.com,Dave,,Dave,,Unknown,Elitepain Care,,None,,Not Found,drdave@elitepaincare.com
jaime@comprehensivepainspecialists.com,Jaime,,Jaime,,Unknown,Comprehensivepainspecialists,,None,,Not Found,jaime@comprehensivepainspecialists.com
jonathan.chin.md@excelpain.com,Jonathan,Md,Jonathan Chin Md,,Unknown,Excelpain,,None,,Not Found,jonathan.chin.md@excelpain.com
lmorris@floridapainmedicine.com,Lmorris,,Lmorris,,Unknown,Floridapainmedicine,,None,,Not Found,lmorris@floridapainmedicine.com
col@illinoispain.com,Col,,Col,Partner,Owner / Executive (C-Suite),Illinoispain,,Medium,LinkedIn / Web Search,Found,col@illinoispain.com
kpatel@floridapainmedicine.com,Kpatel,,Kpatel,,Unknown,Floridapainmedicine,,None,,Not Found,kpatel@floridapainmedicine.com
jagee@tridentpaincenter.com,Jagee,,Jagee,,Unknown,Tridentpain Center,,None,,Not Found,jagee@tridentpaincenter.com
faf@illinoispain.com,Faf,,Faf,,Unknown,Illinoispain,,None,,Not Found,faf@illinoispain.com
scarter@utpainrelief.com,Scarter,,Scarter,,Unknown,Utpainrelief,,None,,Not Found,scarter@utpainrelief.com
cpiperis@momentapaincare.com,Cpiperis,,Cpiperis,Luca Tonello- Founder&ceo,Owner / Executive (C-Suite),Momentapain Care,,Low,LinkedIn / Web Search,Found,cpiperis@momentapaincare.com
julia@ashfordpain.com,Julia,,Julia,Physician Assistant,Practitioner / Doctor / Faculty,Ashfordpain,,Medium,Website (Homepage),Found,julia@ashfordpain.com
m.hesseltine@inlandpainmedicine.com,M,Hesseltine,M Hesseltine,Chief Medical Officer,Owner / Executive (C-Suite),Inlandpainmedicine,,Medium,Website (/medical-team/),Found,m.hesseltine@inlandpainmedicine.com
ssimon@midwestpainclinics.com,Ssimon,,Ssimon,,Unknown,Midwestpain Clinic S,,None,,Not Found,ssimon@midwestpainclinics.com
jparks@midwestpainclinics.com,Jparks,,Jparks,,Unknown,Midwestpain Clinic S,,None,,Not Found,jparks@midwestpainclinics.com
anna@midwestpainclinics.com,Anna,,Anna,,Unknown,Midwestpain Clinic S,,None,,Not Found,anna@midwestpainclinics.com
amy@kindlymd.com,Amy,,Amy,,Unknown,Kindlymd,,None,,Not Found,amy@kindlymd.com
amanda.dailey-hansen@kindlymd.com,Amanda,Hansen,Amanda Dailey Hansen,,Unknown,Kindlymd,,None,,Not Found,amanda.dailey-hansen@kindlymd.com
srao@painandspinespecialists.com,Srao,,Srao,,Unknown,Painandspinespecialists,,None,,Not Found,srao@painandspinespecialists.com
mallen@napc.md,Mallen,,Mallen,,Unknown,Napc,,None,,Not Found,mallen@napc.md
jlewis@mypainsolution.com,Jlewis,,Jlewis,,Unknown,Mypainsolution,,None,,Not Found,jlewis@mypainsolution.com
jessica.converse@paincareflorida.com,Jessica,Converse,Jessica Converse,Founder,Owner / Executive (C-Suite),Pain Care Florida,,Low,LinkedIn / Web Search,Found,jessica.converse@paincareflorida.com
rjarecke@momentapaincare.com,Rjarecke,,Rjarecke,,Unknown,Momentapain Care,,None,,Not Found,rjarecke@momentapaincare.com
ppiperis@momentapaincare.com,Ppiperis,,Ppiperis,,Unknown,Momentapain Care,,None,,Not Found,ppiperis@momentapaincare.com
tim@kindlymd.com,Tim,,Tim,,Unknown,Kindlymd,,None,,Not Found,tim@kindlymd.com
anorris@napc.md,Anorris,,Anorris,,Unknown,Napc,,None,,Not Found,anorris@napc.md
rod@napc.md,Rod,,Rod,,Unknown,Napc,,None,,Not Found,rod@napc.md
adrian@kindlymd.com,Adrian,,Adrian,,Unknown,Kindlymd,,None,,Not Found,adrian@kindlymd.com
jared@kindlymd.com,Jared,,Jared,,Unknown,Kindlymd,,None,,Not Found,jared@kindlymd.com
sydney@niramedical.com,Sydney,,Sydney,,Unknown,Nira Medical,,None,,Not Found,sydney@niramedical.com
lissa.reed@kindlymd.com,Lissa,Reed,Lissa Reed,,Unknown,Kindlymd,,None,,Not Found,lissa.reed@kindlymd.com
nancy.pratt@kindlymd.com,Nancy,Pratt,Nancy Pratt,,Unknown,Kindlymd,,None,,Not Found,nancy.pratt@kindlymd.com
courtney@kindlymd.com,Courtney,,Courtney,,Unknown,Kindlymd,,None,,Not Found,courtney@kindlymd.com
justin.degooyer@kindlymd.com,Justin,Degooyer,Justin Degooyer,,Unknown,Kindlymd,,None,,Not Found,justin.degooyer@kindlymd.com
alyssa@cedarhillpain.com,Alyssa,,Alyssa,,Unknown,Cedarhillpain,,None,,Not Found,alyssa@cedarhillpain.com
lrodriguez@painspecialistsofaustin.com,Lrodriguez,,Lrodriguez,,Unknown,Painspecialistsofaustin,,None,,Not Found,lrodriguez@painspecialistsofaustin.com
parish.vaidya@myalliedpain.com,Parish,Vaidya,Parish Vaidya,Chief Medical Officer,Owner / Executive (C-Suite),Myalliedpain,,Medium,Website (/about/our-team/),Found,parish.vaidya@myalliedpain.com
mdecker@neopathhealth.com,Mdecker,,Mdecker,,Unknown,Neopath Health,,None,,Not Found,mdecker@neopathhealth.com
dzongo@neopathhealth.com,Dzongo,,Dzongo,,Unknown,Neopath Health,,None,,Not Found,dzongo@neopathhealth.com
sepstein@neopathhealth.com,Sepstein,,Sepstein,,Unknown,Neopath Health,,None,,Not Found,sepstein@neopathhealth.com
jmcerlane@neopathhealth.com,Jmcerlane,,Jmcerlane,,Unknown,Neopath Health,,None,,Not Found,jmcerlane@neopathhealth.com
kpeterson@neopathhealth.com,Kpeterson,,Kpeterson,,Unknown,Neopath Health,,None,,Not Found,kpeterson@neopathhealth.com
slien@neopathhealth.com,Slien,,Slien,,Unknown,Neopath Health,,None,,Not Found,slien@neopathhealth.com
aanderson@neopathhealth.com,Aanderson,,Aanderson,,Unknown,Neopath Health,,None,,Not Found,aanderson@neopathhealth.com
khalsne@neopathhealth.com,Khalsne,,Khalsne,,Unknown,Neopath Health,,None,,Not Found,khalsne@neopathhealth.com
elarson@neopathhealth.com,Elarson,,Elarson,,Unknown,Neopath Health,,None,,Not Found,elarson@neopathhealth.com
hello@katrinamichele.com,,,,General Inbox / Staff,Staff / Coordinator,Katrinamichele,,Medium,Role-based Mailbox,Role-Based,hello@katrinamichele.com
bcamp@pestdefense.com,Bcamp,,Bcamp,President,Owner / Executive (C-Suite),Pestdefense,,Low,LinkedIn / Web Search,Found,bcamp@pestdefense.com
bherdman@neopathhealth.com,Bherdman,,Bherdman,,Unknown,Neopath Health,,None,,Not Found,bherdman@neopathhealth.com
michael.sen@fresenius-kabi.com,Michael,Sen,Michael Sen,,Unknown,Fresenius Kabi,,None,,Not Found,michael.sen@fresenius-kabi.com
rsaxton@curativecarecenter.com,Rsaxton,,Rsaxton,,Unknown,Curative Care Center,,None,,Not Found,rsaxton@curativecarecenter.com
glenn.anderson@mnk.com,Glenn,Anderson,Glenn Anderson,,Unknown,Mnk,,None,,Not Found,glenn.anderson@mnk.com
alvinb@rkpharmainc.com,Alvinb,,Alvinb,Analyst,Professional,Rkpharmainc,,Low,LinkedIn / Web Search,Found,alvinb@rkpharmainc.com
alice.blanco@evertecinc.com,Alice,Blanco,Alice Blanco,,Unknown,Evertecinc,,None,,Not Found,alice.blanco@evertecinc.com
ramjikasiappan@drreddys.com,Ramjikasiappan,,Ramjikasiappan,,Unknown,Drreddys,,None,,Not Found,ramjikasiappan@drreddys.com
subramanyam.turga@bms.com,Subramanyam,Turga,Subramanyam Turga,,Unknown,Bms,,None,,Not Found,subramanyam.turga@bms.com
alejandra.allard@bms.com,Alejandra,Allard,Alejandra Allard,,Unknown,Bms,,None,,Not Found,alejandra.allard@bms.com
fernando.salinas@bms.com,Fernando,Salinas,Fernando Salinas,,Unknown,Bms,,None,,Not Found,fernando.salinas@bms.com
antonio.ammirati@bms.com,Antonio,Ammirati,Antonio Ammirati,Principal,Owner / Executive (C-Suite),Bms,,Low,LinkedIn / Web Search,Found,antonio.ammirati@bms.com
cwitenko@theravance.com,Cwitenko,,Cwitenko,,Unknown,Theravance,,None,,Not Found,cwitenko@theravance.com
divya.singh@bms.com,Divya,Singh,Divya Singh,,Unknown,Bms,,None,,Not Found,divya.singh@bms.com
rohit.jadhav@bms.com,Rohit,Jadhav,Rohit Jadhav,,Unknown,Bms,,None,,Not Found,rohit.jadhav@bms.com
shalynn.sapotichne@bms.com,Shalynn,Sapotichne,Shalynn Sapotichne,,Unknown,Bms,,None,,Not Found,shalynn.sapotichne@bms.com
karencristina.nunessalles@bms.com,Karencristina,Nunessalles,Karencristina Nunessalles,,Unknown,Bms,,None,,Not Found,karencristina.nunessalles@bms.com
jayleen.altamirano@skyridgerx.com,Jayleen,Altamirano,Jayleen Altamirano,,Unknown,Skyridgerx,,None,,Not Found,jayleen.altamirano@skyridgerx.com
matthew.ware@bms.com,Matthew,Ware,Matthew Ware,,Unknown,Bms,,None,,Not Found,matthew.ware@bms.com
rinkesh.patel@bms.com,Rinkesh,Patel,Rinkesh Patel,,Unknown,Bms,,None,,Not Found,rinkesh.patel@bms.com
jill.smith@adelaideapothecary.com,Jill,Smith,Jill Smith,,Unknown,Adelaideapothecary,,None,,Not Found,jill.smith@adelaideapothecary.com
ksatalowich@triahealth.com,Ksatalowich,,Ksatalowich,Principal,Owner / Executive (C-Suite),Tria Health,,Low,LinkedIn / Web Search,Found,ksatalowich@triahealth.com
jpointer@triahealth.com,Jpointer,,Jpointer,,Unknown,Tria Health,,None,,Not Found,jpointer@triahealth.com
mbaki@triahealth.com,Mbaki,,Mbaki,,Unknown,Tria Health,,None,,Not Found,mbaki@triahealth.com
lokeefe@triahealth.com,Lokeefe,,Lokeefe,,Unknown,Tria Health,,None,,Not Found,lokeefe@triahealth.com
thopper@triahealth.com,Thopper,,Thopper,,Unknown,Tria Health,,None,,Not Found,thopper@triahealth.com
tselby@triahealth.com,Tselby,,Tselby,,Unknown,Tria Health,,None,,Not Found,tselby@triahealth.com
dschneider@triahealth.com,Dschneider,,Dschneider,,Unknown,Tria Health,,None,,Not Found,dschneider@triahealth.com
jdougherty@triahealth.com,Jdougherty,,Jdougherty,,Unknown,Tria Health,,None,,Not Found,jdougherty@triahealth.com
jwinne@triahealth.com,Jwinne,,Jwinne,,Unknown,Tria Health,,None,,Not Found,jwinne@triahealth.com
info@luxerx.net,,,,General Inbox / Staff,Staff / Coordinator,Luxerx,,Medium,Role-based Mailbox,Role-Based,info@luxerx.net
sholland@triahealth.com,Sholland,,Sholland,Resident Evil 5 Benchmark Utility Download,Practitioner / Doctor / Faculty,Tria Health,,Low,LinkedIn / Web Search,Found,sholland@triahealth.com
evan.anderson@potentrx.com,Evan,Anderson,Evan Anderson,,Unknown,Potentrx,,None,,Not Found,evan.anderson@potentrx.com
gbarrett@ncrx.org,Gbarrett,,Gbarrett,,Unknown,Ncrx,,None,,Not Found,gbarrett@ncrx.org
kathleen.putnam@potentrx.com,Kathleen,Putnam,Kathleen Putnam,,Unknown,Potentrx,,None,,Not Found,kathleen.putnam@potentrx.com
salihovic.yaz@pharmisse.com,Salihovic,Yaz,Salihovic Yaz,,Unknown,Pharmisse,,None,,Not Found,salihovic.yaz@pharmisse.com
hdavila@completerx.com,Hdavila,,Hdavila,,Unknown,Completerx,,None,,Not Found,hdavila@completerx.com
vnosowicz@completerx.com,Vnosowicz,,Vnosowicz,,Unknown,Completerx,,None,,Not Found,vnosowicz@completerx.com
latanelov@steadystridesmd.com,Latanelov,,Latanelov,,Unknown,Steadystridesmd,,None,,Not Found,latanelov@steadystridesmd.com
bjansen@scriptcare.com,Bjansen,,Bjansen,,Unknown,Script Care,,None,,Not Found,bjansen@scriptcare.com
silver@getluna.com,Silver,,Silver,,Unknown,Getluna,,None,,Not Found,silver@getluna.com
joseph.donadio@pmrhealthcare.com,Joseph,Donadio,Joseph Donadio,,Unknown,Pmr Health Care,,None,,Not Found,joseph.donadio@pmrhealthcare.com
lboland@capitolpt.com,Lboland,,Lboland,,Unknown,Capitolpt,,None,,Not Found,lboland@capitolpt.com
rdemaderios@getluna.com,Rdemaderios,,Rdemaderios,,Unknown,Getluna,,None,,Not Found,rdemaderios@getluna.com
santi@casanovapt.com,Santi,,Santi,Physical Therapist,Practitioner / Doctor / Faculty,Casanovapt,,Medium,Website (/staff/),Found,santi@casanovapt.com
jovanar@footprintstofeelbetter.com,Jovanar,,Jovanar,,Unknown,Footprintstofeelbetter,,None,,Not Found,Jovanar@footprintstofeelbetter.com
ascott@motionheal.ca,Ascott,,Ascott,"‏safety Specialist , Diploma In Safety &fire ...",Staff / Coordinator,Motionheal,,Low,LinkedIn / Web Search,Found,ascott@motionheal.ca
karl@tier1therapy.com,Karl,,Karl,Founder,Owner / Executive (C-Suite),Tier1therapy,,Medium,Website (/about-us/),Found,karl@tier1therapy.com
dpegram@physicalrehabgroup.com,Dpegram,,Dpegram,,Unknown,Physicalrehab Group,,None,,Not Found,dpegram@physicalrehabgroup.com
emcguire@rehabunited.com,Emcguire,,Emcguire,,Unknown,Rehabunited,,None,,Not Found,emcguire@rehabunited.com
tporter@thetherapynetwork.com,Tporter,,Tporter,,Unknown,Thetherapynetwork,,None,,Not Found,tporter@thetherapynetwork.com
sean@rehabunited.com,Sean,,Sean,Vice President,Owner / Executive (C-Suite),Rehabunited,,Medium,Website (/about),Found,sean@rehabunited.com
mcecena@rehabunited.com,Mcecena,,Mcecena,,Unknown,Rehabunited,,None,,Not Found,mcecena@rehabunited.com
jonathan.winter@ivyrehab.com,Jonathan,Winter,Jonathan Winter,,Unknown,Ivyrehab,,None,,Not Found,jonathan.winter@ivyrehab.com
stephanie.rodzewicz@ivyrehab.com,Stephanie,Rodzewicz,Stephanie Rodzewicz,,Unknown,Ivyrehab,,None,,Not Found,stephanie.rodzewicz@ivyrehab.com
bridgette.nehlen@ivyrehab.com,Bridgette,Nehlen,Bridgette Nehlen,,Unknown,Ivyrehab,,None,,Not Found,bridgette.nehlen@ivyrehab.com
leah.paulson@ivyrehab.com,Leah,Paulson,Leah Paulson,Founder,Owner / Executive (C-Suite),Ivyrehab,,Low,LinkedIn / Web Search,Found,leah.paulson@ivyrehab.com
megan.ambers@ivyrehab.com,Megan,Ambers,Megan Ambers,Chief Information Officer,Owner / Executive (C-Suite),Ivyrehab,,Medium,Website (/about-ivy-rehab/executive-team/),Found,megan.ambers@ivyrehab.com
colson@rehabunited.com,Colson,,Colson,,Unknown,Rehabunited,,None,,Not Found,colson@rehabunited.com
james.white@foothillsrehab.com,James,White,James White,,Unknown,Foothillsrehab,,None,,Not Found,james.white@foothillsrehab.com
jmoyer@foothillsrehab.com,Jmoyer,,Jmoyer,,Unknown,Foothillsrehab,,None,,Not Found,jmoyer@foothillsrehab.com
matthew.miller@athletico.com,Matthew,Miller,Matthew Miller,,Unknown,Athletico,,None,,Not Found,matthew.miller@athletico.com
glucas@foothillsrehab.com,Glucas,,Glucas,,Unknown,Foothillsrehab,,None,,Not Found,glucas@foothillsrehab.com
mpadget@foothillsrehab.com,Mpadget,,Mpadget,,Unknown,Foothillsrehab,,None,,Not Found,mpadget@foothillsrehab.com
eric@foothillsrehab.com,Eric,,Eric,,Unknown,Foothillsrehab,,None,,Not Found,eric@foothillsrehab.com
cross@foothillsrehab.com,Cross,,Cross,Principal,Owner / Executive (C-Suite),Foothillsrehab,,Medium,LinkedIn / Web Search,Found,cross@foothillsrehab.com
dgoettlvergne@foothillsrehab.com,Dgoettlvergne,,Dgoettlvergne,Specialist,Staff / Coordinator,Foothillsrehab,,Low,LinkedIn / Web Search,Found,dgoettlvergne@foothillsrehab.com
cstokes@rehabunited.com,Cstokes,,Cstokes,Analyst,Professional,Rehabunited,,Low,LinkedIn / Web Search,Found,cstokes@rehabunited.com
lfrancoeur@foothillsrehab.com,Lfrancoeur,,Lfrancoeur,,Unknown,Foothillsrehab,,None,,Not Found,lfrancoeur@foothillsrehab.com
jsweet@foothillsrehab.com,Jsweet,,Jsweet,,Unknown,Foothillsrehab,,None,,Not Found,jsweet@foothillsrehab.com
michael.stratton@foothillsrehab.com,Michael,Stratton,Michael Stratton,,Unknown,Foothillsrehab,,None,,Not Found,michael.stratton@foothillsrehab.com
mschultz@foothillsrehab.com,Chultz,,Chultz,,Unknown,Foothillsrehab,,None,,Not Found,mschultz@foothillsrehab.com
lfonacier@foothillsrehab.com,Lfonacier,,Lfonacier,,Unknown,Foothillsrehab,,None,,Not Found,lfonacier@foothillsrehab.com
matt.hubble@foothillsrehab.com,Matt,Hubble,Matt Hubble,,Unknown,Foothillsrehab,,None,,Not Found,matt.hubble@foothillsrehab.com
tbohne@foothillsrehab.com,Tbohne,,Tbohne,,Unknown,Foothillsrehab,,None,,Not Found,tbohne@foothillsrehab.com
jbayless@foothillsrehab.com,Jbayless,,Jbayless,,Unknown,Foothillsrehab,,None,,Not Found,jbayless@foothillsrehab.com
jrmiller@foothillsrehab.com,Jrmiller,,Jrmiller,,Unknown,Foothillsrehab,,None,,Not Found,jrmiller@foothillsrehab.com
drovny@kessler-rehab.com,Ovny,,Ovny,,Unknown,Kessler Rehab,,None,,Not Found,drovny@kessler-rehab.com
gnicolopoulos@foothillsrehab.com,Gnicolopoulos,,Gnicolopoulos,,Unknown,Foothillsrehab,,None,,Not Found,gnicolopoulos@foothillsrehab.com
calvin.pt@ivyrehab.com,Calvin,Pt,Calvin Pt,,Unknown,Ivyrehab,,None,,Not Found,calvin.pt@ivyrehab.com
kelly.hiller@ivyrehab.com,Kelly,Hiller,Kelly Hiller,,Unknown,Ivyrehab,,None,,Not Found,kelly.hiller@ivyrehab.com
erik.perez@ivyrehab.com,Erik,Perez,Erik Perez,,Unknown,Ivyrehab,,None,,Not Found,erik.perez@ivyrehab.com
chris.kish@ivyrehab.com,Chris,Kish,Chris Kish,,Unknown,Ivyrehab,,None,,Not Found,chris.kish@ivyrehab.com
charlsie.aigotti@ivyrehab.com,Charlsie,Aigotti,Charlsie Aigotti,,Unknown,Ivyrehab,,None,,Not Found,charlsie.aigotti@ivyrehab.com
dgoins@athletico.com,Dgoins,,Dgoins,,Unknown,Athletico,,None,,Not Found,dgoins@athletico.com
aguanco@corahealth.com,Aguanco,,Aguanco,CEO,Owner / Executive (C-Suite),Cora Health,,Low,LinkedIn / Web Search,Found,aguanco@corahealth.com
lmorales2@corahealth.com,Lmorales,,Lmorales,,Unknown,Cora Health,,None,,Not Found,lmorales2@corahealth.com
jbingen@kessler-rehab.com,Jbingen,,Jbingen,,Unknown,Kessler Rehab,,None,,Not Found,jbingen@kessler-rehab.com
ajusino@ivyrehab.com,Ajusino,,Ajusino,,Unknown,Ivyrehab,,None,,Not Found,ajusino@ivyrehab.com
sneha.nair@ivyrehab.com,Sneha,Nair,Sneha Nair,,Unknown,Ivyrehab,,None,,Not Found,sneha.nair@ivyrehab.com
kelly.lease@ivyrehab.com,Kelly,Lease,Kelly Lease,,Unknown,Ivyrehab,,None,,Not Found,kelly.lease@ivyrehab.com
lance.pt@ivyrehab.com,Lance,Pt,Lance Pt,,Unknown,Ivyrehab,,None,,Not Found,lance.pt@ivyrehab.com
elizabeth.fry@ivyrehab.com,Elizabeth,Fry,Elizabeth Fry,,Unknown,Ivyrehab,,None,,Not Found,elizabeth.fry@ivyrehab.com
valerie.diment@ivyrehab.com,Valerie,Diment,Valerie Diment,,Unknown,Ivyrehab,,None,,Not Found,valerie.diment@ivyrehab.com
aprince@corahealth.com,Aprince,,Aprince,,Unknown,Cora Health,,None,,Not Found,aprince@corahealth.com
mstohr@foothillsrehab.com,Tohr,,Tohr,Associate,Staff / Coordinator,Foothillsrehab,,Low,LinkedIn / Web Search,Found,mstohr@foothillsrehab.com
tmealing@ivyrehab.com,Tmealing,,Tmealing,Analyst,Professional,Ivyrehab,,Low,LinkedIn / Web Search,Found,tmealing@ivyrehab.com
tcarter@foothillsrehab.com,Tcarter,,Tcarter,,Unknown,Foothillsrehab,,None,,Not Found,tcarter@foothillsrehab.com
rbailey@corahealth.com,Rbailey,,Rbailey,,Unknown,Cora Health,,None,,Not Found,rbailey@corahealth.com
avillar@foothillsrehab.com,Avillar,,Avillar,,Unknown,Foothillsrehab,,None,,Not Found,avillar@foothillsrehab.com
jillwieciech@uprehab.com,Jillwieciech,,Jillwieciech,,Unknown,Uprehab,,None,,Not Found,jillwieciech@uprehab.com
bpage@h2health.com,Bpage,,Bpage,,Unknown,H2 Health,,None,,Not Found,bpage@h2health.com
spurcell@h2health.com,Spurcell,,Spurcell,President,Owner / Executive (C-Suite),H2 Health,,Low,LinkedIn / Web Search,Found,spurcell@h2health.com
ssmith@h2health.com,Ssmith,,Ssmith,,Unknown,H2 Health,,None,,Not Found,ssmith@h2health.com
krista@partnersinrehab.com,Krista,,Krista,,Unknown,Partners Inrehab,,None,,Not Found,krista@partnersinrehab.com
aschatz@h2health.com,Aschatz,,Aschatz,,Unknown,H2 Health,,None,,Not Found,aschatz@h2health.com
tmorford@striverehab.com,Tmorford,,Tmorford,,Unknown,Striverehab,,None,,Not Found,tmorford@striverehab.com
kglass@h2health.com,Kglass,,Kglass,,Unknown,H2 Health,,None,,Not Found,kglass@h2health.com
mpulwers@h2health.com,Mpulwers,,Mpulwers,,Unknown,H2 Health,,None,,Not Found,mpulwers@h2health.com
lthomsen@h2health.com,Lthomsen,,Lthomsen,,Unknown,H2 Health,,None,,Not Found,lthomsen@h2health.com
mbelino@h2health.com,Mbelino,,Mbelino,,Unknown,H2 Health,,None,,Not Found,mbelino@h2health.com
ptalamas@h2health.com,Ptalamas,,Ptalamas,,Unknown,H2 Health,,None,,Not Found,ptalamas@h2health.com
lweicht@h2health.com,Lweicht,,Lweicht,,Unknown,H2 Health,,None,,Not Found,lweicht@h2health.com
rruscitto@smoc-pt.com,Rruscitto,,Rruscitto,Free AI Assistant,Staff / Coordinator,Smoc Pt,,Low,LinkedIn / Web Search,Found,rruscitto@smoc-pt.com
mallen@h2health.com,Mallen,,Mallen,,Unknown,H2 Health,,None,,Not Found,mallen@h2health.com
todd@performanceoptimalhealth.com,Todd,,Todd,Founder,Owner / Executive (C-Suite),Performanceoptimal Health,,Medium,Website (/team/),Found,todd@performanceoptimalhealth.com
jnasman@striverehab.com,Jnasman,,Jnasman,,Unknown,Striverehab,,None,,Not Found,jnasman@striverehab.com
jrogoff@motionptg.com,Jrogoff,,Jrogoff,,Unknown,Motionptg,,None,,Not Found,jrogoff@motionptg.com
tplowinske@accessptw.com,Tplowinske,,Tplowinske,,Unknown,Accessptw,,None,,Not Found,tplowinske@accessptw.com
drews@breakthrough-pt.com,Ews,,Ews,,Unknown,Breakthrough Pt,,None,,Not Found,drews@breakthrough-pt.com
ksullivan@accessptw.com,Ksullivan,,Ksullivan,,Unknown,Accessptw,,None,,Not Found,ksullivan@accessptw.com
jyoungblood@motionptg.com,Jyoungblood,,Jyoungblood,,Unknown,Motionptg,,None,,Not Found,jyoungblood@motionptg.com
rgreer@benchmarkpt.com,Rgreer,,Rgreer,,Unknown,Benchmarkpt,,None,,Not Found,rgreer@benchmarkpt.com
justine.henderson@baystatept.com,Justine,Henderson,Justine Henderson,,Unknown,Baystatept,,None,,Not Found,justine.henderson@baystatept.com
lschneider@accessptw.com,Lschneider,,Lschneider,,Unknown,Accessptw,,None,,Not Found,lschneider@accessptw.com
kglobuschutz@motionptg.com,Kglobuschutz,,Kglobuschutz,,Unknown,Motionptg,,None,,Not Found,kglobuschutz@motionptg.com
cmorton@prorehablou.com,Cmorton,,Cmorton,,Unknown,Prorehablou,,None,,Not Found,cmorton@prorehablou.com
abell@texpts.com,Abell,,Abell,Owner,Owner / Executive (C-Suite),Texpts,,Low,LinkedIn / Web Search,Found,abell@texpts.com
sjasper@motionptg.com,Sjasper,,Sjasper,,Unknown,Motionptg,,None,,Not Found,sjasper@motionptg.com
jrifino@accessptw.com,Jrifino,,Jrifino,,Unknown,Accessptw,,None,,Not Found,jrifino@accessptw.com
jgutierrez@retpt.com,Jgutierrez,,Jgutierrez,,Unknown,Retpt,,None,,Not Found,jgutierrez@retpt.com
hannah.mueller@baystatept.com,Hannah,Mueller,Hannah Mueller,,Unknown,Baystatept,,None,,Not Found,hannah.mueller@baystatept.com
kespenorio@motionptg.com,Kespenorio,,Kespenorio,,Unknown,Motionptg,,None,,Not Found,kespenorio@motionptg.com
alexandra.caulfield@baystatept.com,Alexandra,Caulfield,Alexandra Caulfield,,Unknown,Baystatept,,None,,Not Found,alexandra.caulfield@baystatept.com
janash@accessptw.com,Janash,,Janash,,Unknown,Accessptw,,None,,Not Found,janash@accessptw.com
leeanng@breakthrough-pt.com,Leeanng,,Leeanng,,Unknown,Breakthrough Pt,,None,,Not Found,leeanng@breakthrough-pt.com
shalbanese@accessptw.com,Shalbanese,,Shalbanese,Principal,Owner / Executive (C-Suite),Accessptw,,Low,LinkedIn / Web Search,Found,shalbanese@accessptw.com
kbirk@texpts.com,Kbirk,,Kbirk,,Unknown,Texpts,,None,,Not Found,kbirk@texpts.com
lschum@accessptw.com,Lschum,,Lschum,,Unknown,Accessptw,,None,,Not Found,lschum@accessptw.com
cboudreau@baystatept.com,Cboudreau,,Cboudreau,,Unknown,Baystatept,,None,,Not Found,cboudreau@baystatept.com
kpaul@baystatept.com,Kpaul,,Kpaul,,Unknown,Baystatept,,None,,Not Found,kpaul@baystatept.com
tbridge-pope@retpt.com,Tbridge,Pope,Tbridge Pope,,Unknown,Retpt,,None,,Not Found,tbridge-pope@retpt.com
mriccardi@baystatept.com,Iccardi,,Iccardi,,Unknown,Baystatept,,None,,Not Found,mriccardi@baystatept.com
kshilling@retpt.com,Kshilling,,Kshilling,,Unknown,Retpt,,None,,Not Found,kshilling@retpt.com
thaffner@texpts.com,Thaffner,,Thaffner,,Unknown,Texpts,,None,,Not Found,thaffner@texpts.com
rmelino@baystatept.com,Rmelino,,Rmelino,,Unknown,Baystatept,,None,,Not Found,rmelino@baystatept.com
joseph.white@baystatept.com,Joseph,White,Joseph White,,Unknown,Baystatept,,None,,Not Found,joseph.white@baystatept.com
bethany@prorehab-pc.com,Bethany,,Bethany,,Unknown,Prorehab Pc,,None,,Not Found,bethany@prorehab-pc.com
devin.finnegan@baystatept.com,Devin,Finnegan,Devin Finnegan,,Unknown,Baystatept,,None,,Not Found,devin.finnegan@baystatept.com
swilloughby@baystatept.com,Swilloughby,,Swilloughby,,Unknown,Baystatept,,None,,Not Found,swilloughby@baystatept.com
mattw@breakthrough-pt.com,Mattw,,Mattw,,Unknown,Breakthrough Pt,,None,,Not Found,mattw@breakthrough-pt.com
msnyder@baystatept.com,Nyder,,Nyder,,Unknown,Baystatept,,None,,Not Found,msnyder@baystatept.com
acabrera@motionptg.com,Acabrera,,Acabrera,,Unknown,Motionptg,,None,,Not Found,acabrera@motionptg.com
ckahl@proactivepts.com,Ckahl,,Ckahl,,Unknown,Proactivepts,,None,,Not Found,ckahl@proactivepts.com
mgill@baystatept.com,Mgill,,Mgill,,Unknown,Baystatept,,None,,Not Found,mgill@baystatept.com
cmclaughlin@baystatept.com,Cmclaughlin,,Cmclaughlin,,Unknown,Baystatept,,None,,Not Found,cmclaughlin@baystatept.com
mhernandez@motionptg.com,Mhernandez,,Mhernandez,,Unknown,Motionptg,,None,,Not Found,mhernandez@motionptg.com
ckirkes@ptcentral.org,Ckirkes,,Ckirkes,,Unknown,Ptcentral,,None,,Not Found,ckirkes@ptcentral.org
dgoll@ptcentral.org,Dgoll,,Dgoll,,Unknown,Ptcentral,,None,,Not Found,dgoll@ptcentral.org
kgarrigan@baystatept.com,Kgarrigan,,Kgarrigan,,Unknown,Baystatept,,None,,Not Found,kgarrigan@baystatept.com
jgualtieri@accessptw.com,Jgualtieri,,Jgualtieri,,Unknown,Accessptw,,None,,Not Found,jgualtieri@accessptw.com
snelson@texpts.com,Snelson,,Snelson,CEO,Owner / Executive (C-Suite),Texpts,,Low,LinkedIn / Web Search,Found,snelson@texpts.com
cboccia@accessptw.com,Cboccia,,Cboccia,,Unknown,Accessptw,,None,,Not Found,cboccia@accessptw.com
lauren@baystatept.com,Lauren,,Lauren,,Unknown,Baystatept,,None,,Not Found,lauren@baystatept.com
amanda.mcmorrow@baystatept.com,Amanda,Mcmorrow,Amanda Mcmorrow,,Unknown,Baystatept,,None,,Not Found,amanda.mcmorrow@baystatept.com
wross@motionptg.com,Wross,,Wross,,Unknown,Motionptg,,None,,Not Found,wross@motionptg.com
k_johnson@peakphysicaltherapy.net,K,Johnson,K Johnson,,Unknown,Peakphysicaltherapy,,None,,Not Found,k_johnson@peakphysicaltherapy.net
jfox@baystatept.com,Jfox,,Jfox,,Unknown,Baystatept,,None,,Not Found,jfox@baystatept.com
ttrinidad@baystatept.com,Ttrinidad,,Ttrinidad,Partner,Owner / Executive (C-Suite),Baystatept,,Low,LinkedIn / Web Search,Found,ttrinidad@baystatept.com
priyanka.k@motionptg.com,Priyanka,K,Priyanka K,,Unknown,Motionptg,,None,,Not Found,priyanka.k@motionptg.com
ebegon@baystatept.com,Ebegon,,Ebegon,,Unknown,Baystatept,,None,,Not Found,ebegon@baystatept.com
edurrwachter@accessptw.com,Edurrwachter,,Edurrwachter,,Unknown,Accessptw,,None,,Not Found,edurrwachter@accessptw.com
ssarkisian@baystatept.com,Ssarkisian,,Ssarkisian,,Unknown,Baystatept,,None,,Not Found,ssarkisian@baystatept.com
maron@motionptg.com,Maron,,Maron,Supervisor,Manager / Admin,Motionptg,,Low,LinkedIn / Web Search,Found,maron@motionptg.com
mthomas@retpt.com,Mthomas,,Mthomas,,Unknown,Retpt,,None,,Not Found,mthomas@retpt.com
nstein@accessptw.com,Nstein,,Nstein,,Unknown,Accessptw,,None,,Not Found,nstein@accessptw.com
mhawa@prorehablou.com,Mhawa,,Mhawa,Associate,Staff / Coordinator,Prorehablou,,Low,LinkedIn / Web Search,Found,mhawa@prorehablou.com
keely.bass@peakphysicaltherapy.net,Keely,Bass,Keely Bass,,Unknown,Peakphysicaltherapy,,None,,Not Found,keely.bass@peakphysicaltherapy.net
chip@motionptg.com,Chip,,Chip,,Unknown,Motionptg,,None,,Not Found,chip@motionptg.com
kalterio@baystatept.com,Kalterio,,Kalterio,,Unknown,Baystatept,,None,,Not Found,kalterio@baystatept.com
tvenditti@prorehab-pc.com,Tvenditti,,Tvenditti,,Unknown,Prorehab Pc,,None,,Not Found,tvenditti@prorehab-pc.com
dkagan@motionptg.com,Dkagan,,Dkagan,,Unknown,Motionptg,,None,,Not Found,dkagan@motionptg.com
brett@ptcentral.org,Brett,,Brett,,Unknown,Ptcentral,,None,,Not Found,brett@ptcentral.org
kathy@prorehab-pc.com,Kathy,,Kathy,,Unknown,Prorehab Pc,,None,,Not Found,kathy@prorehab-pc.com
jstump@prorehablou.com,Jstump,,Jstump,,Unknown,Prorehablou,,None,,Not Found,jstump@prorehablou.com
jennifer.schlageter@baystatept.com,Jennifer,Schlageter,Jennifer Schlageter,,Unknown,Baystatept,,None,,Not Found,jennifer.schlageter@baystatept.com
pat@prorehab-pc.com,Pat,,Pat,,Unknown,Prorehab Pc,,None,,Not Found,pat@prorehab-pc.com
cartwright@texpts.com,Cartwright,,Cartwright,,Unknown,Texpts,,None,,Not Found,cartwright@texpts.com
alpayne@ptcentral.org,Alpayne,,Alpayne,,Unknown,Ptcentral,,None,,Not Found,alpayne@ptcentral.org
hbrandon@ptcentral.org,Hbrandon,,Hbrandon,,Unknown,Ptcentral,,None,,Not Found,hbrandon@ptcentral.org
hetal.bhimjiani@baystatept.com,Hetal,Bhimjiani,Hetal Bhimjiani,,Unknown,Baystatept,,None,,Not Found,hetal.bhimjiani@baystatept.com
vradia@baystatept.com,Vradia,,Vradia,,Unknown,Baystatept,,None,,Not Found,vradia@baystatept.com
pzavodsky@accessptw.com,Pzavodsky,,Pzavodsky,,Unknown,Accessptw,,None,,Not Found,pzavodsky@accessptw.com
akurtz@accessptw.com,Akurtz,,Akurtz,Your AI Assistant From Google,Staff / Coordinator,Accessptw,,Low,LinkedIn / Web Search,Found,akurtz@accessptw.com
michelle.kierce@baystatept.com,Michelle,Kierce,Michelle Kierce,,Unknown,Baystatept,,None,,Not Found,michelle.kierce@baystatept.com
pablo.rodriguez@baystatept.com,Pablo,Rodriguez,Pablo Rodriguez,,Unknown,Baystatept,,None,,Not Found,pablo.rodriguez@baystatept.com
rstone@baystatept.com,Rstone,,Rstone,,Unknown,Baystatept,,None,,Not Found,rstone@baystatept.com
anne@prorehab-pc.com,Anne,,Anne,,Unknown,Prorehab Pc,,None,,Not Found,anne@prorehab-pc.com
mlewis@proactivepts.com,Mlewis,,Mlewis,,Unknown,Proactivepts,,None,,Not Found,mlewis@proactivepts.com
lmiccio-chaplin@motionptg.com,Lmiccio,Chaplin,Lmiccio Chaplin,Configuration Manager,Manager / Admin,Motionptg,,Low,LinkedIn / Web Search,Found,lmiccio-chaplin@motionptg.com
cstaley@ptcentral.org,Cstaley,,Cstaley,Associate,Staff / Coordinator,Ptcentral,,Low,LinkedIn / Web Search,Found,cstaley@ptcentral.org
mhernandez@texpts.com,Mhernandez,,Mhernandez,,Unknown,Texpts,,None,,Not Found,mhernandez@texpts.com
cpoulin@breakthrough-pt.com,Cpoulin,,Cpoulin,,Unknown,Breakthrough Pt,,None,,Not Found,cpoulin@breakthrough-pt.com
mbuitkus@baystatept.com,Mbuitkus,,Mbuitkus,Partner,Owner / Executive (C-Suite),Baystatept,,Low,LinkedIn / Web Search,Found,mbuitkus@baystatept.com
slashley@baystatept.com,Slashley,,Slashley,,Unknown,Baystatept,,None,,Not Found,slashley@baystatept.com
amccauley@accessptw.com,Amccauley,,Amccauley,,Unknown,Accessptw,,None,,Not Found,amccauley@accessptw.com
steve@stlpt.com,Steve,,Steve,,Unknown,Stlpt,,None,,Not Found,steve@stlpt.com
kkay@motionptg.com,Kkay,,Kkay,,Unknown,Motionptg,,None,,Not Found,kkay@motionptg.com
ddemilio@accessptw.com,Ddemilio,,Ddemilio,,Unknown,Accessptw,,None,,Not Found,ddemilio@accessptw.com
apliskow@accessptw.com,Apliskow,,Apliskow,,Unknown,Accessptw,,None,,Not Found,apliskow@accessptw.com
jchambers@kort.com,Jchambers,,Jchambers,,Unknown,Kort,,None,,Not Found,jchambers@kort.com
reneroy@baystatept.com,Reneroy,,Reneroy,,Unknown,Baystatept,,None,,Not Found,reneroy@baystatept.com
agoelzhauser@prorehab-pc.com,Agoelzhauser,,Agoelzhauser,,Unknown,Prorehab Pc,,None,,Not Found,agoelzhauser@prorehab-pc.com
wendyk@taipt.com,Wendyk,,Wendyk,,Unknown,Taipt,,None,,Not Found,wendyk@taipt.com
aproffitt@retpt.com,Aproffitt,,Aproffitt,,Unknown,Retpt,,None,,Not Found,aproffitt@retpt.com
apohl@texpts.com,Apohl,,Apohl,,Unknown,Texpts,,None,,Not Found,apohl@texpts.com
mbock@accessptw.com,Mbock,,Mbock,,Unknown,Accessptw,,None,,Not Found,mbock@accessptw.com
jmarcotte@baystatept.com,Jmarcotte,,Jmarcotte,Analyst,Professional,Baystatept,,Low,LinkedIn / Web Search,Found,jmarcotte@baystatept.com
franklin@evolution-pt.com,Franklin,,Franklin,,Unknown,Evolution Pt,,None,,Not Found,franklin@evolution-pt.com
bdougherty@breakthrough-pt.com,Bdougherty,,Bdougherty,,Unknown,Breakthrough Pt,,None,,Not Found,bdougherty@breakthrough-pt.com
mlongnaker@prorehablou.com,Mlongnaker,,Mlongnaker,Owner,Owner / Executive (C-Suite),Prorehablou,,Low,LinkedIn / Web Search,Found,mlongnaker@prorehablou.com
csullivan@baystatept.com,Csullivan,,Csullivan,,Unknown,Baystatept,,None,,Not Found,csullivan@baystatept.com
evaw@breakthrough-pt.com,Evaw,,Evaw,CEO,Owner / Executive (C-Suite),Breakthrough Pt,,Low,LinkedIn / Web Search,Found,evaw@breakthrough-pt.com
acabrillas@accessptw.com,Acabrillas,,Acabrillas,,Unknown,Accessptw,,None,,Not Found,acabrillas@accessptw.com
mevans@motionptg.com,Mevans,,Mevans,,Unknown,Motionptg,,None,,Not Found,mevans@motionptg.com
gennessa.spang-hansen@baystatept.com,Gennessa,Hansen,Gennessa Spang Hansen,,Unknown,Baystatept,,None,,Not Found,gennessa.spang-hansen@baystatept.com
melanie.caine@ptsolutions.com,Melanie,Caine,Melanie Caine,Analyst,Professional,Ptsolutions,,Low,LinkedIn / Web Search,Found,melanie.caine@ptsolutions.com
rnall@proactivepts.com,Rnall,,Rnall,,Unknown,Proactivepts,,None,,Not Found,rnall@proactivepts.com
jfitzgerald@benchmarkpt.com,Jfitzgerald,,Jfitzgerald,,Unknown,Benchmarkpt,,None,,Not Found,jfitzgerald@benchmarkpt.com
sweyandt@benchmarkpt.com,Sweyandt,,Sweyandt,,Unknown,Benchmarkpt,,None,,Not Found,sweyandt@benchmarkpt.com
patrick.fleming@resultspt.com,Patrick,Fleming,Patrick Fleming,,Unknown,Resultspt,,None,,Not Found,patrick.fleming@resultspt.com
rroberson@benchmarkpt.com,Rroberson,,Rroberson,,Unknown,Benchmarkpt,,None,,Not Found,rroberson@benchmarkpt.com
admin@dynamicmovespt.com,,,,General Inbox / Staff,Staff / Coordinator,Dynamicmovespt,,Medium,Role-based Mailbox,Role-Based,admin@dynamicmovespt.com
sbauernfeind@benchmarkpt.com,Sbauernfeind,,Sbauernfeind,,Unknown,Benchmarkpt,,None,,Not Found,sbauernfeind@benchmarkpt.com
morgan.hardwick@resultspt.com,Morgan,Hardwick,Morgan Hardwick,,Unknown,Resultspt,,None,,Not Found,morgan.hardwick@resultspt.com
keith@physiquetherapy.com,Keith,,Keith,,Unknown,Physiquetherapy,,None,,Not Found,keith@physiquetherapy.com
amy.holzhueter@ptsolutions.com,Amy,Holzhueter,Amy Holzhueter,,Unknown,Ptsolutions,,None,,Not Found,amy.holzhueter@ptsolutions.com
erin.woolford@team-rehab.com,Erin,Woolford,Erin Woolford,,Unknown,Team Rehab,,None,,Not Found,erin.woolford@team-rehab.com
jeremy.smith@team-rehab.com,Jeremy,Smith,Jeremy Smith,,Unknown,Team Rehab,,None,,Not Found,jeremy.smith@team-rehab.com
gwynne.waters@team-rehab.com,Gwynne,Waters,Gwynne Waters,,Unknown,Team Rehab,,None,,Not Found,gwynne.waters@team-rehab.com
jasmine.sanchez@ptsolutions.com,Jasmine,Sanchez,Jasmine Sanchez,,Unknown,Ptsolutions,,None,,Not Found,jasmine.sanchez@ptsolutions.com
kristie.kessler@resultspt.com,Kristie,Kessler,Kristie Kessler,,Unknown,Resultspt,,None,,Not Found,kristie.kessler@resultspt.com
krista.bass@resultspt.com,Krista,Bass,Krista Bass,,Unknown,Resultspt,,None,,Not Found,krista.bass@resultspt.com
malia.hostetler@ptsolutions.com,Malia,Hostetler,Malia Hostetler,,Unknown,Ptsolutions,,None,,Not Found,malia.hostetler@ptsolutions.com
bkarl@benchmarkpt.com,Bkarl,,Bkarl,CEO,Owner / Executive (C-Suite),Benchmarkpt,,Low,LinkedIn / Web Search,Found,bkarl@benchmarkpt.com
ahoneycutt@benchmarkpt.com,Ahoneycutt,,Ahoneycutt,,Unknown,Benchmarkpt,,None,,Not Found,ahoneycutt@benchmarkpt.com
atice@benchmarkpt.com,Atice,,Atice,,Unknown,Benchmarkpt,,None,,Not Found,atice@benchmarkpt.com
cameron.peden@resultspt.com,Cameron,Peden,Cameron Peden,,Unknown,Resultspt,,None,,Not Found,cameron.peden@resultspt.com
ashley.stone@ptsolutions.com,Ashley,Stone,Ashley Stone,,Unknown,Ptsolutions,,None,,Not Found,ashley.stone@ptsolutions.com
gillian.charbeneau@team-rehab.com,Gillian,Charbeneau,Gillian Charbeneau,,Unknown,Team Rehab,,None,,Not Found,gillian.charbeneau@team-rehab.com
janeen.kovacevic@baystatept.com,Janeen,Kovacevic,Janeen Kovacevic,Student Doctor Network Forums,Practitioner / Doctor / Faculty,Baystatept,,Low,LinkedIn / Web Search,Found,janeen.kovacevic@baystatept.com
elizardo@motionptg.com,Elizardo,,Elizardo,,Unknown,Motionptg,,None,,Not Found,elizardo@motionptg.com
jsternecker@breakthrough-pt.com,Jsternecker,,Jsternecker,,Unknown,Breakthrough Pt,,None,,Not Found,jsternecker@breakthrough-pt.com
dmcmurtry@benchmarkpt.com,Dmcmurtry,,Dmcmurtry,,Unknown,Benchmarkpt,,None,,Not Found,dmcmurtry@benchmarkpt.com
james@peakphysicaltherapy.net,James,,James,,Unknown,Peakphysicaltherapy,,None,,Not Found,james@peakphysicaltherapy.net
tony@texpts.com,Tony,,Tony,,Unknown,Texpts,,None,,Not Found,tony@texpts.com
jwhitacre@texpts.com,Jwhitacre,,Jwhitacre,,Unknown,Texpts,,None,,Not Found,jwhitacre@texpts.com
jjolly@prorehab-pc.com,Jjolly,,Jjolly,,Unknown,Prorehab Pc,,None,,Not Found,jjolly@prorehab-pc.com
rking@baystatept.com,Rking,,Rking,,Unknown,Baystatept,,None,,Not Found,rking@baystatept.com
andrea@prorehab-pc.com,Andrea,,Andrea,,Unknown,Prorehab Pc,,None,,Not Found,andrea@prorehab-pc.com
jbeller@ptcentral.org,Jbeller,,Jbeller,,Unknown,Ptcentral,,None,,Not Found,jbeller@ptcentral.org
ahiggins@texpts.com,Ahiggins,,Ahiggins,,Unknown,Texpts,,None,,Not Found,ahiggins@texpts.com
smccarthy@motionptg.com,Smccarthy,,Smccarthy,,Unknown,Motionptg,,None,,Not Found,smccarthy@motionptg.com
tdpt@motionptg.com,Tdpt,,Tdpt,President,Owner / Executive (C-Suite),Motionptg,,Low,LinkedIn / Web Search,Found,tdpt@motionptg.com
jessica@prorehablou.com,Jessica,,Jessica,Founder,Owner / Executive (C-Suite),Prorehablou,,Medium,LinkedIn / Web Search,Found,jessica@prorehablou.com
kaitlyn.rose@baystatept.com,Kaitlyn,Rose,Kaitlyn Rose,,Unknown,Baystatept,,None,,Not Found,kaitlyn.rose@baystatept.com
brenda@coloradoinmotion.com,Brenda,,Brenda,,Unknown,Coloradoinmotion,,None,,Not Found,brenda@coloradoinmotion.com
mvirgile@spearcenter.com,Mvirgile,,Mvirgile,Become A Strategic Partner Withdhan,Owner / Executive (C-Suite),Spear Center,,Low,LinkedIn / Web Search,Found,mvirgile@spearcenter.com
josh.gillanders@irgpt.com,Josh,Gillanders,Josh Gillanders,Library Assistant (casual),Staff / Coordinator,Irgpt,,Low,LinkedIn / Web Search,Found,josh.gillanders@irgpt.com
kflynn@accessptw.com,Kflynn,,Kflynn,,Unknown,Accessptw,,None,,Not Found,kflynn@accessptw.com
socasio@baystatept.com,Socasio,,Socasio,DB-GPT: Open-source Agentic AI Data Assistant,Staff / Coordinator,Baystatept,,Low,LinkedIn / Web Search,Found,socasio@baystatept.com
jtennant@twinboro.com,Jtennant,,Jtennant,,Unknown,Twinboro,,None,,Not Found,jtennant@twinboro.com
brian@evolution-pt.com,Brian,,Brian,Partner,Owner / Executive (C-Suite),Evolution Pt,,Medium,Website (/about/press/),Found,brian@evolution-pt.com
ben.cooley@irgpt.com,Ben,Cooley,Ben Cooley,,Unknown,Irgpt,,None,,Not Found,ben.cooley@irgpt.com
cwharam@drsofpt.com,Cwharam,,Cwharam,,Unknown,Drsofpt,,None,,Not Found,cwharam@drsofpt.com
lsilvano@twinboro.com,Lsilvano,,Lsilvano,,Unknown,Twinboro,,None,,Not Found,lsilvano@twinboro.com
jmatthews@peak-therapy.com,Jmatthews,,Jmatthews,,Unknown,Peak Therapy,,None,,Not Found,jmatthews@peak-therapy.com
mrajotte@baystatept.com,Ajotte,,Ajotte,,Unknown,Baystatept,,None,,Not Found,mrajotte@baystatept.com
pglushakov@spearcenter.com,Pglushakov,,Pglushakov,,Unknown,Spear Center,,None,,Not Found,pglushakov@spearcenter.com
jestes@peak-therapy.com,Jestes,,Jestes,,Unknown,Peak Therapy,,None,,Not Found,jestes@peak-therapy.com
nicole.palizzolo@baystatept.com,Nicole,Palizzolo,Nicole Palizzolo,,Unknown,Baystatept,,None,,Not Found,nicole.palizzolo@baystatept.com
mkraft@baystatept.com,Mkraft,,Mkraft,,Unknown,Baystatept,,None,,Not Found,mkraft@baystatept.com
sszawlowski@kort.com,Sszawlowski,,Sszawlowski,,Unknown,Kort,,None,,Not Found,sszawlowski@kort.com
marc@agilept.com,Marc,,Marc,Physical Therapist,Practitioner / Doctor / Faculty,Agilept,,Medium,Website (/about/why-agile/),Found,marc@agilept.com
mseymour@baystatept.com,Eymour,,Eymour,,Unknown,Baystatept,,None,,Not Found,mseymour@baystatept.com
nlangstaff@sacobaypt.com,Nlangstaff,,Nlangstaff,,Unknown,Sacobaypt,,None,,Not Found,nlangstaff@sacobaypt.com
jocelyn.mach@baystatept.com,Jocelyn,Mach,Jocelyn Mach,,Unknown,Baystatept,,None,,Not Found,jocelyn.mach@baystatept.com
msabogal@spearcenter.com,Abogal,,Abogal,,Unknown,Spear Center,,None,,Not Found,msabogal@spearcenter.com
aphadke@spearcenter.com,Aphadke,,Aphadke,,Unknown,Spear Center,,None,,Not Found,aphadke@spearcenter.com
asoiref@baystatept.com,Asoiref,,Asoiref,,Unknown,Baystatept,,None,,Not Found,asoiref@baystatept.com
ruston@coulterpt.com,Ruston,,Ruston,Principal,Owner / Executive (C-Suite),Coulterpt,,Medium,LinkedIn / Web Search,Found,ruston@coulterpt.com
nstudden@fxphysicaltherapy.com,Nstudden,,Nstudden,,Unknown,Fxphysicaltherapy,,None,,Not Found,nstudden@fxphysicaltherapy.com
ahayman@bridgetownpt.com,Ahayman,,Ahayman,,Unknown,Bridgetownpt,,None,,Not Found,ahayman@bridgetownpt.com
mercole@ace-pt.org,Mercole,,Mercole,,Unknown,Ace Pt,,None,,Not Found,mercole@ace-pt.org
tmitchell@ace-pt.org,Tmitchell,,Tmitchell,,Unknown,Ace Pt,,None,,Not Found,tmitchell@ace-pt.org
taylor@physiquetherapy.com,Taylor,,Taylor,,Unknown,Physiquetherapy,,None,,Not Found,taylor@physiquetherapy.com
anna@salmonbaypt.com,Anna,,Anna,,Unknown,Salmonbaypt,,None,,Not Found,anna@salmonbaypt.com
elloyd@fxphysicaltherapy.com,Elloyd,,Elloyd,,Unknown,Fxphysicaltherapy,,None,,Not Found,elloyd@fxphysicaltherapy.com
mtaylor@fxphysicaltherapy.com,Mtaylor,,Mtaylor,,Unknown,Fxphysicaltherapy,,None,,Not Found,mtaylor@fxphysicaltherapy.com
andra@salmonbaypt.com,Andra,,Andra,Physical Therapist,Practitioner / Doctor / Faculty,Salmonbaypt,,Medium,Website (/our-physical-therapy-clinic/),Found,andra@salmonbaypt.com
egarguilo@fxphysicaltherapy.com,Egarguilo,,Egarguilo,,Unknown,Fxphysicaltherapy,,None,,Not Found,egarguilo@fxphysicaltherapy.com
bsouder@fxphysicaltherapy.com,Bsouder,,Bsouder,CEO,Owner / Executive (C-Suite),Fxphysicaltherapy,,Low,LinkedIn / Web Search,Found,bsouder@fxphysicaltherapy.com
jreider@fxphysicaltherapy.com,Jreider,,Jreider,,Unknown,Fxphysicaltherapy,,None,,Not Found,jreider@fxphysicaltherapy.com
staceymarkley@mobilityprojectpt.com,Staceymarkley,,Staceymarkley,,Unknown,Mobilityprojectpt,,None,,Not Found,staceymarkley@mobilityprojectpt.com
jtola@fxphysicaltherapy.com,Jtola,,Jtola,,Unknown,Fxphysicaltherapy,,None,,Not Found,jtola@fxphysicaltherapy.com
aaron@mobilityprojectpt.com,Aaron,,Aaron,Specialist,Staff / Coordinator,Mobilityprojectpt,,Medium,Website (Homepage),Found,aaron@mobilityprojectpt.com
rbibeau@fxphysicaltherapy.com,Rbibeau,,Rbibeau,,Unknown,Fxphysicaltherapy,,None,,Not Found,rbibeau@fxphysicaltherapy.com
ndobbs@fxphysicaltherapy.com,Ndobbs,,Ndobbs,,Unknown,Fxphysicaltherapy,,None,,Not Found,ndobbs@fxphysicaltherapy.com
thennessey-crowell@rebound-pt.com,Thennessey,Crowell,Thennessey Crowell,,Unknown,Rebound Pt,,None,,Not Found,thennessey-crowell@rebound-pt.com
mtalavera@prefitpt.com,Mtalavera,,Mtalavera,Partner Portal,Owner / Executive (C-Suite),Prefitpt,,Low,LinkedIn / Web Search,Found,mtalavera@prefitpt.com
ekam@fxphysicaltherapy.com,Ekam,,Ekam,,Unknown,Fxphysicaltherapy,,None,,Not Found,ekam@fxphysicaltherapy.com
bgreene@fxphysicaltherapy.com,Bgreene,,Bgreene,,Unknown,Fxphysicaltherapy,,None,,Not Found,bgreene@fxphysicaltherapy.com
cwoods@fxphysicaltherapy.com,Cwoods,,Cwoods,,Unknown,Fxphysicaltherapy,,None,,Not Found,cwoods@fxphysicaltherapy.com
ghorath@prefitpt.com,Ghorath,,Ghorath,,Unknown,Prefitpt,,None,,Not Found,ghorath@prefitpt.com
jerod@fxphysicaltherapy.com,Jerod,,Jerod,Physical Therapist,Practitioner / Doctor / Faculty,Fxphysicaltherapy,,Medium,Website (/meet-our-team/),Found,jerod@fxphysicaltherapy.com
brian@salmonbaypt.com,Brian,,Brian,,Unknown,Salmonbaypt,,None,,Not Found,brian@salmonbaypt.com
cvanwerkhoven@fxphysicaltherapy.com,Cvanwerkhoven,,Cvanwerkhoven,,Unknown,Fxphysicaltherapy,,None,,Not Found,cvanwerkhoven@fxphysicaltherapy.com
amaxwell@fxphysicaltherapy.com,Amaxwell,,Amaxwell,,Unknown,Fxphysicaltherapy,,None,,Not Found,amaxwell@fxphysicaltherapy.com
jvegher@prefitpt.com,Jvegher,,Jvegher,,Unknown,Prefitpt,,None,,Not Found,jvegher@prefitpt.com
adupaya@fxphysicaltherapy.com,Adupaya,,Adupaya,,Unknown,Fxphysicaltherapy,,None,,Not Found,adupaya@fxphysicaltherapy.com
msinnott@prefitpt.com,Innott,,Innott,,Unknown,Prefitpt,,None,,Not Found,msinnott@prefitpt.com
jacob@mobilityprojectpt.com,Jacob,,Jacob,,Unknown,Mobilityprojectpt,,None,,Not Found,jacob@mobilityprojectpt.com
lspiker@rebound-pt.com,Lspiker,,Lspiker,,Unknown,Rebound Pt,,None,,Not Found,lspiker@rebound-pt.com
kzarzuela@fxphysicaltherapy.com,Kzarzuela,,Kzarzuela,,Unknown,Fxphysicaltherapy,,None,,Not Found,kzarzuela@fxphysicaltherapy.com
afunk@fxphysicaltherapy.com,Afunk,,Afunk,,Unknown,Fxphysicaltherapy,,None,,Not Found,afunk@fxphysicaltherapy.com
croosa@fxphysicaltherapy.com,Croosa,,Croosa,,Unknown,Fxphysicaltherapy,,None,,Not Found,croosa@fxphysicaltherapy.com
kholt@fxphysicaltherapy.com,Kholt,,Kholt,,Unknown,Fxphysicaltherapy,,None,,Not Found,kholt@fxphysicaltherapy.com
oajayi@fxphysicaltherapy.com,Oajayi,,Oajayi,,Unknown,Fxphysicaltherapy,,None,,Not Found,oajayi@fxphysicaltherapy.com
wesley.wood@mapbt.com,Wesley,Wood,Wesley Wood,Founder,Owner / Executive (C-Suite),Mapbt,,Low,LinkedIn / Web Search,Found,wesley.wood@mapbt.com
jparsons@fxphysicaltherapy.com,Jparsons,,Jparsons,,Unknown,Fxphysicaltherapy,,None,,Not Found,jparsons@fxphysicaltherapy.com
aswider@elitephysicaltherapy.com,Aswider,,Aswider,DB-GPT: Open-source Agentic AI Data Assistant,Staff / Coordinator,Elitephysicaltherapy,,Low,LinkedIn / Web Search,Found,aswider@elitephysicaltherapy.com
angelica@ace-pt.org,Angelica,,Angelica,,Unknown,Ace Pt,,None,,Not Found,angelica@ace-pt.org
rgoddu@elitephysicaltherapy.com,Rgoddu,,Rgoddu,,Unknown,Elitephysicaltherapy,,None,,Not Found,rgoddu@elitephysicaltherapy.com
myole@elitephysicaltherapy.com,Myole,,Myole,,Unknown,Elitephysicaltherapy,,None,,Not Found,myole@elitephysicaltherapy.com
rebecca.engelhardt@oxfordpt.com,Rebecca,Engelhardt,Rebecca Engelhardt,,Unknown,Oxfordpt,,None,,Not Found,rebecca.engelhardt@oxfordpt.com
gzangari@elitephysicaltherapy.com,Gzangari,,Gzangari,,Unknown,Elitephysicaltherapy,,None,,Not Found,gzangari@elitephysicaltherapy.com
mcreel@moreaupt.com,Mcreel,,Mcreel,,Unknown,Moreaupt,,None,,Not Found,mcreel@moreaupt.com
dmiller@northlandplasticsurgery.com,Dmiller,,Dmiller,,Unknown,Northlandplastic Surgery,,None,,Not Found,dmiller@northlandplasticsurgery.com
jleblanc@moreaupt.com,Jleblanc,,Jleblanc,,Unknown,Moreaupt,,None,,Not Found,jleblanc@moreaupt.com
shess@moreaupt.com,Shess,,Shess,,Unknown,Moreaupt,,None,,Not Found,shess@moreaupt.com
abesser@northlandplasticsurgery.com,Abesser,,Abesser,,Unknown,Northlandplastic Surgery,,None,,Not Found,abesser@northlandplasticsurgery.com
ltaylor@athenixbody.com,Ltaylor,,Ltaylor,President,Owner / Executive (C-Suite),Athenixbody,,Low,LinkedIn / Web Search,Found,ltaylor@athenixbody.com
dleiva@athenixbody.com,Dleiva,,Dleiva,,Unknown,Athenixbody,,None,,Not Found,dleiva@athenixbody.com
tglenn@ramoscenter.com,Tglenn,,Tglenn,Sapaccount Manager,Manager / Admin,Ramos Center,,Low,LinkedIn / Web Search,Found,tglenn@ramoscenter.com
lharrison@nassericlinic.com,Lharrison,,Lharrison,,Unknown,Nasseri Clinic,,None,,Not Found,lharrison@nassericlinic.com
mtorres@athenixbody.com,Mtorres,,Mtorres,,Unknown,Athenixbody,,None,,Not Found,mtorres@athenixbody.com
ed@donaldsonplasticsurgery.com,Ed,,Ed,Director,Director / VP,Donaldsonplastic Surgery,,Medium,LinkedIn / Web Search,Found,ed@donaldsonplasticsurgery.com
stephan@donaldsonplasticsurgery.com,Stephan,,Stephan,CEO,Owner / Executive (C-Suite),Donaldsonplastic Surgery,,Low,LinkedIn / Web Search,Found,stephan@donaldsonplasticsurgery.com
corbin@donaldsonplasticsurgery.com,Corbin,,Corbin,,Unknown,Donaldsonplastic Surgery,,None,,Not Found,corbin@donaldsonplasticsurgery.com
laura@donaldsonplasticsurgery.com,Laura,,Laura,,Unknown,Donaldsonplastic Surgery,,None,,Not Found,laura@donaldsonplasticsurgery.com
shawndra@donaldsonplasticsurgery.com,Shawndra,,Shawndra,,Unknown,Donaldsonplastic Surgery,,None,,Not Found,shawndra@donaldsonplasticsurgery.com
drdonaldson@donaldsonplasticsurgery.com,Donaldson,,Donaldson,,Unknown,Donaldsonplastic Surgery,,None,,Not Found,drdonaldson@donaldsonplasticsurgery.com
jill@drchernoff.com,Jill,,Jill,,Unknown,Drchernoff,,None,,Not Found,jill@drchernoff.com
ben-hur@benhurmd.com.br,Ben,Hur,Ben Hur,,Unknown,Benhurmd,,None,,Not Found,ben-hur@benhurmd.com.br
kari@drleavitt.net,Kari,,Kari,,Unknown,Drleavitt,,None,,Not Found,kari@drleavitt.net
lshroyer@ramoscenter.com,Lshroyer,,Lshroyer,,Unknown,Ramos Center,,None,,Not Found,lshroyer@ramoscenter.com
lydia@drchernoff.com,Lydia,,Lydia,,Unknown,Drchernoff,,None,,Not Found,lydia@drchernoff.com
logan.konkol@zarminali.com,Logan,Konkol,Logan Konkol,,Unknown,Zarminali,,None,,Not Found,logan.konkol@zarminali.com
salena.epperson@zarminali.com,Salena,Epperson,Salena Epperson,,Unknown,Zarminali,,None,,Not Found,salena.epperson@zarminali.com
brad@bradmcewan.com,Brad,,Brad,,Unknown,Bradmcewan,,None,,Not Found,brad@bradmcewan.com
taylor@drboudreaux.com,Taylor,,Taylor,Office Manager,Manager / Admin,Drboudreaux,,Medium,Website (/about-the-staff/),Found,taylor@drboudreaux.com
kendra@drboudreaux.com,Kendra,,Kendra,,Unknown,Drboudreaux,,None,,Not Found,kendra@drboudreaux.com
mlandon@tanasbourneplasticsurgery.com,Mlandon,,Mlandon,,Unknown,Tanasbourneplastic Surgery,,None,,Not Found,mlandon@tanasbourneplasticsurgery.com
tony@atlantafaceandbody.com,Tony,,Tony,,Unknown,Atlantafaceandbody,,None,,Not Found,tony@atlantafaceandbody.com
samantha@changesplasticsurgery.com,Samantha,,Samantha,,Unknown,Changesplastic Surgery,,None,,Not Found,samantha@changesplasticsurgery.com
appointments@sellwoodpodiatry.com,,,,General Inbox / Staff,Staff / Coordinator,Sellwoodpodiatry,,Medium,Role-based Mailbox,Role-Based,appointments@sellwoodpodiatry.com
drjcm@westchesterpodiatric.com,Jcm,,Jcm,,Unknown,Westchesterpodiatric,,None,,Not Found,drjcm@westchesterpodiatric.com
dwhite@kcfoot.com,Dwhite,,Dwhite,,Unknown,Kcfoot,,None,,Not Found,dwhite@kcfoot.com
jsikes@footanklecenter.com,Jsikes,,Jsikes,,Unknown,Footankle Center,,None,,Not Found,jsikes@footanklecenter.com
dbromfield@upperlinehealth.com,Dbromfield,,Dbromfield,CEO,Owner / Executive (C-Suite),Upperline Health,,Low,LinkedIn / Web Search,Found,dbromfield@upperlinehealth.com
swerter@coastalpodiatry.com,Swerter,,Swerter,,Unknown,Coastalpodiatry,,None,,Not Found,swerter@coastalpodiatry.com
patrick.deheer@upperlinehealth.com,Patrick,Deheer,Patrick Deheer,,Unknown,Upperline Health,,None,,Not Found,patrick.deheer@upperlinehealth.com
sarah.hicks@upperlinehealth.com,Sarah,Hicks,Sarah Hicks,,Unknown,Upperline Health,,None,,Not Found,sarah.hicks@upperlinehealth.com
kyle.hoskins@upperlinehealth.com,Kyle,Hoskins,Kyle Hoskins,,Unknown,Upperline Health,,None,,Not Found,kyle.hoskins@upperlinehealth.com
jennifer.cardona@upperlinehealth.com,Jennifer,Cardona,Jennifer Cardona,,Unknown,Upperline Health,,None,,Not Found,jennifer.cardona@upperlinehealth.com
bobby.murphy@upperlinehealth.com,Bobby,Murphy,Bobby Murphy,,Unknown,Upperline Health,,None,,Not Found,bobby.murphy@upperlinehealth.com
james.calderwood@upperlinehealth.com,James,Calderwood,James Calderwood,,Unknown,Upperline Health,,None,,Not Found,james.calderwood@upperlinehealth.com
matt.mclaughlin@upperlinehealth.com,Matt,Mclaughlin,Matt Mclaughlin,,Unknown,Upperline Health,,None,,Not Found,matt.mclaughlin@upperlinehealth.com
dthorpe@upperlinehealth.com,Dthorpe,,Dthorpe,,Unknown,Upperline Health,,None,,Not Found,dthorpe@upperlinehealth.com
mdavis@physiciansfootcare.com,Mdavis,,Mdavis,Partner,Owner / Executive (C-Suite),Physiciansfoot Care,,Low,LinkedIn / Web Search,Found,mdavis@physiciansfootcare.com
cconroy@physiciansfootcare.com,Cconroy,,Cconroy,,Unknown,Physiciansfoot Care,,None,,Not Found,cconroy@physiciansfootcare.com
rreyzelman@balancehealth.com,Rreyzelman,,Rreyzelman,,Unknown,Balance Health,,None,,Not Found,rreyzelman@balancehealth.com
abillups@upperlinehealth.com,Abillups,,Abillups,,Unknown,Upperline Health,,None,,Not Found,abillups@upperlinehealth.com
rreyes@capitalpostacute.com,Rreyes,,Rreyes,Partner,Owner / Executive (C-Suite),Capitalpostacute,,Low,LinkedIn / Web Search,Found,rreyes@capitalpostacute.com
ldaniels@physiciansfootcare.com,Ldaniels,,Ldaniels,,Unknown,Physiciansfoot Care,,None,,Not Found,ldaniels@physiciansfootcare.com
kray@physiciansfootcare.com,Kray,,Kray,,Unknown,Physiciansfoot Care,,None,,Not Found,kray@physiciansfootcare.com
ashley.harris@concertocare.com,Ashley,Harris,Ashley Harris,,Unknown,Concerto Care,,None,,Not Found,ashley.harris@concertocare.com
skeeling@centerwell.com,Skeeling,,Skeeling,,Unknown,Center Well,,None,,Not Found,skeeling@centerwell.com
juan@cercanoscare.com,Juan,,Juan,Co-Founder,Owner / Executive (C-Suite),Cercanos Care,,Medium,Website (/about),Found,juan@cercanoscare.com
vjimenez@vivasaludclinic.com,Vjimenez,,Vjimenez,,Unknown,Vivasalud Clinic,,None,,Not Found,vjimenez@vivasaludclinic.com
traznoff@healthcareswfl.org,Traznoff,,Traznoff,,Unknown,Health Care Swfl,,None,,Not Found,traznoff@healthcareswfl.org
hdomond@healthcareswfl.org,Hdomond,,Hdomond,,Unknown,Health Care Swfl,,None,,Not Found,hdomond@healthcareswfl.org
mwoolley@healthcareswfl.org,Mwoolley,,Mwoolley,,Unknown,Health Care Swfl,,None,,Not Found,mwoolley@healthcareswfl.org
jbeahler@healthcareswfl.org,Jbeahler,,Jbeahler,,Unknown,Health Care Swfl,,None,,Not Found,jbeahler@healthcareswfl.org
doug.hill@rosettahealth.com,Doug,Hill,Doug Hill,,Unknown,Rosetta Health,,None,,Not Found,doug.hill@rosettahealth.com
zach.hill@rosettahealth.com,Zach,Hill,Zach Hill,,Unknown,Rosetta Health,,None,,Not Found,zach.hill@rosettahealth.com
kevin.puscas@rosettahealth.com,Kevin,Puscas,Kevin Puscas,,Unknown,Rosetta Health,,None,,Not Found,kevin.puscas@rosettahealth.com
josh.sasman@rosettahealth.com,Josh,Sasman,Josh Sasman,,Unknown,Rosetta Health,,None,,Not Found,josh.sasman@rosettahealth.com
wendy.caudill@rosettahealth.com,Wendy,Caudill,Wendy Caudill,,Unknown,Rosetta Health,,None,,Not Found,wendy.caudill@rosettahealth.com
jeremy@virtuemd.com,Jeremy,,Jeremy,,Unknown,Virtuemd,,None,,Not Found,jeremy@virtuemd.com
justin@lifexmd.com,Justin,,Justin,,Unknown,Lifexmd,,None,,Not Found,justin@lifexmd.com
leticia@tenurehealth.com,Leticia,,Leticia,,Unknown,Tenure Health,,None,,Not Found,leticia@tenurehealth.com
smccune@peakmed.com,Smccune,,Smccune,,Unknown,Peakmed,,None,,Not Found,smccune@peakmed.com
ekautzner@peakmed.com,Ekautzner,,Ekautzner,,Unknown,Peakmed,,None,,Not Found,ekautzner@peakmed.com
jforbes@peakmed.com,Jforbes,,Jforbes,,Unknown,Peakmed,,None,,Not Found,jforbes@peakmed.com
amy@greatergoodhealth.com,Amy,,Amy,,Unknown,Greatergood Health,,None,,Not Found,amy@greatergoodhealth.com
susan@greatergoodhealth.com,Susan,,Susan,,Unknown,Greatergood Health,,None,,Not Found,susan@greatergoodhealth.com
klee@paretoclinic.com,Klee,,Klee,,Unknown,Pareto Clinic,,None,,Not Found,klee@paretoclinic.com
caleb.wiles@dragonflyprimarycare.com,Caleb,Wiles,Caleb Wiles,Analyst,Professional,Dragonflyprimary Care,,Low,LinkedIn / Web Search,Found,caleb.wiles@dragonflyprimarycare.com
andy@journeyhealthdpc.com,Andy,,Andy,,Unknown,Journey Health Dpc,,None,,Not Found,andy@journeyhealthdpc.com
mike@greatergoodhealth.com,Mike,,Mike,CFO,Professional,Greatergood Health,,Medium,Website (/about-us/news/),Found,mike@greatergoodhealth.com
sarah.buckley@greatergoodhealth.com,Sarah,Buckley,Sarah Buckley,,Unknown,Greatergood Health,,None,,Not Found,sarah.buckley@greatergoodhealth.com
slatifi@swanprimarycare.com,Slatifi,,Slatifi,,Unknown,Swanprimary Care,,None,,Not Found,slatifi@swanprimarycare.com
marki@greatergoodhealth.com,Marki,,Marki,,Unknown,Greatergood Health,,None,,Not Found,marki@greatergoodhealth.com
matt@greatergoodhealth.com,Matt,,Matt,,Unknown,Greatergood Health,,None,,Not Found,matt@greatergoodhealth.com
mary@greatergoodhealth.com,Mary,,Mary,Chief Executive Officer,Owner / Executive (C-Suite),Greatergood Health,,Low,LinkedIn / Web Search,Found,mary@greatergoodhealth.com
betsy@greatergoodhealth.com,Betsy,,Betsy,,Unknown,Greatergood Health,,None,,Not Found,betsy@greatergoodhealth.com
heaven@greatergoodhealth.com,Heaven,,Heaven,,Unknown,Greatergood Health,,None,,Not Found,heaven@greatergoodhealth.com
shawn@twentyonemedical.com,Shawn,,Shawn,,Unknown,Twentyone Medical,,None,,Not Found,shawn@twentyonemedical.com
shannon@twentyonemedical.com,Shannon,,Shannon,,Unknown,Twentyone Medical,,None,,Not Found,shannon@twentyonemedical.com
kparent@highlandhealthdirect.com,Kparent,,Kparent,,Unknown,Highland Health Direct,,None,,Not Found,kparent@highlandhealthdirect.com
jenita.lyons@marathon.health,Jenita,Lyons,Jenita Lyons,,Unknown,Marathon,,None,,Not Found,jenita.lyons@marathon.health
maleese@originhealth.com,Maleese,,Maleese,,Unknown,Origin Health,,None,,Not Found,maleese@originhealth.com
kyokum@ashleyclinic.com,Kyokum,,Kyokum,Associate,Staff / Coordinator,Ashley Clinic,,Low,LinkedIn / Web Search,Found,kyokum@ashleyclinic.com
jweber@ashleyclinic.com,Jweber,,Jweber,,Unknown,Ashley Clinic,,None,,Not Found,jweber@ashleyclinic.com
snwakanma@merciehealth.com,Snwakanma,,Snwakanma,,Unknown,Mercie Health,,None,,Not Found,snwakanma@merciehealth.com
lengelman@ashleyclinic.com,Lengelman,,Lengelman,,Unknown,Ashley Clinic,,None,,Not Found,lengelman@ashleyclinic.com
cvanhouden@ashleyclinic.com,Cvanhouden,,Cvanhouden,,Unknown,Ashley Clinic,,None,,Not Found,cvanhouden@ashleyclinic.com
staylor@ashleyclinic.com,Staylor,,Staylor,,Unknown,Ashley Clinic,,None,,Not Found,staylor@ashleyclinic.com
kvaughan@ashleyclinic.com,Kvaughan,,Kvaughan,,Unknown,Ashley Clinic,,None,,Not Found,kvaughan@ashleyclinic.com
rorr@ashleyclinic.com,Rorr,,Rorr,,Unknown,Ashley Clinic,,None,,Not Found,rorr@ashleyclinic.com
wmulkey@emeraldwatersprimarycare.com,Wmulkey,,Wmulkey,,Unknown,Emeraldwatersprimary Care,,None,,Not Found,wmulkey@emeraldwatersprimarycare.com
aaragon@emeraldwatersprimarycare.com,Aaragon,,Aaragon,,Unknown,Emeraldwatersprimary Care,,None,,Not Found,aaragon@emeraldwatersprimarycare.com
ahartwig@ashleyclinic.com,Ahartwig,,Ahartwig,,Unknown,Ashley Clinic,,None,,Not Found,ahartwig@ashleyclinic.com
mdillow@ashleyclinic.com,Mdillow,,Mdillow,,Unknown,Ashley Clinic,,None,,Not Found,mdillow@ashleyclinic.com
robert.ruth@kolbeclinic.com,Robert,Ruth,Robert Ruth,,Unknown,Kolbe Clinic,,None,,Not Found,robert.ruth@kolbeclinic.com
mickey.trimm@kolbeclinic.com,Mickey,Trimm,Mickey Trimm,,Unknown,Kolbe Clinic,,None,,Not Found,mickey.trimm@kolbeclinic.com
william.wainscott@kolbeclinic.com,William,Wainscott,William Wainscott,,Unknown,Kolbe Clinic,,None,,Not Found,william.wainscott@kolbeclinic.com
claire.eagan@kolbeclinic.com,Claire,Eagan,Claire Eagan,,Unknown,Kolbe Clinic,,None,,Not Found,claire.eagan@kolbeclinic.com
miranda.ruth@kolbeclinic.com,Miranda,Ruth,Miranda Ruth,Owner,Owner / Executive (C-Suite),Kolbe Clinic,,Low,LinkedIn / Web Search,Found,miranda.ruth@kolbeclinic.com
miranda.new@kolbeclinic.com,Miranda,New,Miranda New,,Unknown,Kolbe Clinic,,None,,Not Found,miranda.new@kolbeclinic.com
lilah.ruth@kolbeclinic.com,Lilah,Ruth,Lilah Ruth,,Unknown,Kolbe Clinic,,None,,Not Found,lilah.ruth@kolbeclinic.com
j.davis@kolbeclinic.com,J,Davis,J Davis,,Unknown,Kolbe Clinic,,None,,Not Found,j.davis@kolbeclinic.com
jbhatia@saapc.com,Jbhatia,,Jbhatia,,Unknown,Saapc,,None,,Not Found,jbhatia@saapc.com
crystal.leis@sunflowermedicalclinic.com,Crystal,Leis,Crystal Leis,,Unknown,Sunflower Medical Clinic,,None,,Not Found,crystal.leis@sunflowermedicalclinic.com
beth@thechadwickclinic.com,Beth,,Beth,,Unknown,Thechadwick Clinic,,None,,Not Found,beth@thechadwickclinic.com
german.montenegro@clinicamedicos.com,German,Montenegro,German Montenegro,,Unknown,Clinic Amedicos,,None,,Not Found,german.montenegro@clinicamedicos.com
maggarwal@hillsboroclinic.com,Maggarwal,,Maggarwal,,Unknown,Hillsboro Clinic,,None,,Not Found,maggarwal@hillsboroclinic.com
beyherabide@honestmedicalgroup.com,Beyherabide,,Beyherabide,,Unknown,Honest Medical Group,,None,,Not Found,beyherabide@honestmedicalgroup.com
rgoins@honestmedicalgroup.com,Rgoins,,Rgoins,,Unknown,Honest Medical Group,,None,,Not Found,rgoins@honestmedicalgroup.com
dcrocker@honestmedicalgroup.com,Dcrocker,,Dcrocker,Owner,Owner / Executive (C-Suite),Honest Medical Group,,Low,LinkedIn / Web Search,Found,dcrocker@honestmedicalgroup.com
npigamd@pigaprimarycare.com,Npigamd,,Npigamd,,Unknown,Pigaprimary Care,,None,,Not Found,npigamd@pigaprimarycare.com
tcaniglia@honestmedicalgroup.com,Tcaniglia,,Tcaniglia,,Unknown,Honest Medical Group,,None,,Not Found,tcaniglia@honestmedicalgroup.com
ktodd@honestmedicalgroup.com,Ktodd,,Ktodd,,Unknown,Honest Medical Group,,None,,Not Found,ktodd@honestmedicalgroup.com
chet@bewellprimarycare.com,Chet,,Chet,,Unknown,Bewellprimary Care,,None,,Not Found,chet@bewellprimarycare.com
steve@bewellprimarycare.com,Steve,,Steve,,Unknown,Bewellprimary Care,,None,,Not Found,steve@bewellprimarycare.com
ollie@bewellprimarycare.com,Ollie,,Ollie,Specialist,Staff / Coordinator,Bewellprimary Care,,Low,LinkedIn / Web Search,Found,ollie@bewellprimarycare.com
casey@bewellprimarycare.com,Casey,,Casey,,Unknown,Bewellprimary Care,,None,,Not Found,casey@bewellprimarycare.com
priya@bewellprimarycare.com,Priya,,Priya,,Unknown,Bewellprimary Care,,None,,Not Found,priya@bewellprimarycare.com
dr.g@kemellhealth.com,G,,G,Doctor,Practitioner / Doctor / Faculty,Kemell Health,,Low,LinkedIn / Web Search,Found,dr.g@kemellhealth.com
monique@bewellprimarycare.com,Monique,,Monique,,Unknown,Bewellprimary Care,,None,,Not Found,monique@bewellprimarycare.com
af@hopeprimarycare.com,Af,,Af,Founder,Owner / Executive (C-Suite),Hopeprimary Care,,Medium,Website (Homepage),Found,af@hopeprimarycare.com
dcoplon@hopeprimarycare.com,Dcoplon,,Dcoplon,,Unknown,Hopeprimary Care,,None,,Not Found,dcoplon@hopeprimarycare.com
tkleist@prairieclinic.com,Tkleist,,Tkleist,Partner,Owner / Executive (C-Suite),Prairie Clinic,,Low,LinkedIn / Web Search,Found,tkleist@prairieclinic.com
ekippley@prairieclinic.com,Ekippley,,Ekippley,,Unknown,Prairie Clinic,,None,,Not Found,ekippley@prairieclinic.com
tbuss@prairieclinic.com,Tbuss,,Tbuss,,Unknown,Prairie Clinic,,None,,Not Found,tbuss@prairieclinic.com
cdisch@prairieclinic.com,Cdisch,,Cdisch,,Unknown,Prairie Clinic,,None,,Not Found,cdisch@prairieclinic.com
lrichter@prairieclinic.com,Lrichter,,Lrichter,,Unknown,Prairie Clinic,,None,,Not Found,lrichter@prairieclinic.com
tvanfossen@prairieclinic.com,Tvanfossen,,Tvanfossen,,Unknown,Prairie Clinic,,None,,Not Found,tvanfossen@prairieclinic.com
cgibson@prairieclinic.com,Cgibson,,Cgibson,,Unknown,Prairie Clinic,,None,,Not Found,cgibson@prairieclinic.com
jblum@prairieclinic.com,Jblum,,Jblum,,Unknown,Prairie Clinic,,None,,Not Found,jblum@prairieclinic.com
robert.rodgers@archesmed.com,Robert,Rodgers,Robert Rodgers,,Unknown,Archesmed,,None,,Not Found,robert.rodgers@archesmed.com
ryan.shores@archesmed.com,Ryan,Shores,Ryan Shores,CEO,Owner / Executive (C-Suite),Archesmed,,Low,LinkedIn / Web Search,Found,ryan.shores@archesmed.com
gregory.allen@archesmed.com,Gregory,Allen,Gregory Allen,,Unknown,Archesmed,,None,,Not Found,gregory.allen@archesmed.com
david.gellis@archesmed.com,David,Gellis,David Gellis,,Unknown,Archesmed,,None,,Not Found,david.gellis@archesmed.com
danielle.suttie@archesmed.com,Danielle,Suttie,Danielle Suttie,,Unknown,Archesmed,,None,,Not Found,danielle.suttie@archesmed.com
bonnie.cahill@archesmed.com,Bonnie,Cahill,Bonnie Cahill,,Unknown,Archesmed,,None,,Not Found,bonnie.cahill@archesmed.com
rebecca.rathbun@archesmed.com,Rebecca,Rathbun,Rebecca Rathbun,,Unknown,Archesmed,,None,,Not Found,rebecca.rathbun@archesmed.com
tyovankin@greywoodhealth.com,Tyovankin,,Tyovankin,,Unknown,Greywood Health,,None,,Not Found,tyovankin@greywoodhealth.com
keith.shields@archesmed.com,Keith,Shields,Keith Shields,,Unknown,Archesmed,,None,,Not Found,keith.shields@archesmed.com
jimlyn.laurent@highlandhealthcare.com,Jimlyn,Laurent,Jimlyn Laurent,,Unknown,Highland Health Care,,None,,Not Found,jimlyn.laurent@highlandhealthcare.com
cgarcia@greywoodhealth.com,Cgarcia,,Cgarcia,,Unknown,Greywood Health,,None,,Not Found,cgarcia@greywoodhealth.com
jgordon@honestmedicalgroup.com,Jgordon,,Jgordon,,Unknown,Honest Medical Group,,None,,Not Found,jgordon@honestmedicalgroup.com
drfraiman@ascendingmedicine.com,Fraiman,,Fraiman,Office Administrator,Manager / Admin,Ascendingmedicine,,Medium,Website (/our-team),Found,drfraiman@ascendingmedicine.com
drmonsef@ascendingmedicine.com,Monsef,,Monsef,Office Administrator,Manager / Admin,Ascendingmedicine,,Medium,Website (/our-team),Found,drmonsef@ascendingmedicine.com
andrew@signalhealthpartners.com,Andrew,,Andrew,President,Owner / Executive (C-Suite),Signal Health Partners,,Medium,LinkedIn / Web Search,Found,andrew@signalhealthpartners.com
keshiiar@ascendingmedicine.com,Keshiiar,,Keshiiar,,Unknown,Ascendingmedicine,,None,,Not Found,keshiiar@ascendingmedicine.com
daynab@ascendingmedicine.com,Daynab,,Daynab,,Unknown,Ascendingmedicine,,None,,Not Found,daynab@ascendingmedicine.com
sarah.pittocco@greenwichpuremed.com,Sarah,Pittocco,Sarah Pittocco,,Unknown,Greenwichpuremed,,None,,Not Found,sarah.pittocco@greenwichpuremed.com
amandan@signalhealthpartners.com,Amandan,,Amandan,Supervisor,Manager / Admin,Signal Health Partners,,Low,LinkedIn / Web Search,Found,amandan@signalhealthpartners.com
mjessessky@advantagehealth.com,Mjessessky,,Mjessessky,,Unknown,Advantage Health,,None,,Not Found,mjessessky@advantagehealth.com
molson@advantagehealth.com,Molson,,Molson,,Unknown,Advantage Health,,None,,Not Found,molson@advantagehealth.com
kgallagher@advantagehealth.com,Kgallagher,,Kgallagher,,Unknown,Advantage Health,,None,,Not Found,kgallagher@advantagehealth.com
azmuda@advantagehealth.com,Azmuda,,Azmuda,,Unknown,Advantage Health,,None,,Not Found,azmuda@advantagehealth.com
jon@healthyhomehc.com,Jon,,Jon,Specialist,Staff / Coordinator,Health Yhomehc,,Low,LinkedIn / Web Search,Found,jon@healthyhomehc.com
rbarrett@advantagehealth.com,Rbarrett,,Rbarrett,,Unknown,Advantage Health,,None,,Not Found,rbarrett@advantagehealth.com
dustin@collaborativehealth.com,Dustin,,Dustin,Partner,Owner / Executive (C-Suite),Collaborative Health,,Medium,LinkedIn / Web Search,Found,dustin@collaborativehealth.com
wbland@healthyhomeprimarycare.com,Wbland,,Wbland,,Unknown,Health Yhomeprimary Care,,None,,Not Found,wbland@healthyhomeprimarycare.com
jackie@thrivewellclinic.com,Jackie,,Jackie,President,Owner / Executive (C-Suite),Thrivewell Clinic,,Medium,LinkedIn / Web Search,Found,jackie@thrivewellclinic.com
emily@collaborativehealth.com,Emily,,Emily,,Unknown,Collaborative Health,,None,,Not Found,emily@collaborativehealth.com
joy@collaborativehealth.com,Joy,,Joy,,Unknown,Collaborative Health,,None,,Not Found,joy@collaborativehealth.com
kaitlyn@thrivewellclinic.com,Kaitlyn,,Kaitlyn,,Unknown,Thrivewell Clinic,,None,,Not Found,kaitlyn@thrivewellclinic.com
ed@atmaclinic.com,Ed,,Ed,Director,Director / VP,Atma Clinic,,Medium,LinkedIn / Web Search,Found,ed@atmaclinic.com
stephanie@collaborativehealth.com,Stephanie,,Stephanie,,Unknown,Collaborative Health,,None,,Not Found,stephanie@collaborativehealth.com
mjahn@ironwoodhealth.com,Mjahn,,Mjahn,,Unknown,Ironwood Health,,None,,Not Found,mjahn@ironwoodhealth.com
eliza@atmaclinic.com,Eliza,,Eliza,,Unknown,Atma Clinic,,None,,Not Found,eliza@atmaclinic.com
alittle@ironwoodhealth.com,Alittle,,Alittle,,Unknown,Ironwood Health,,None,,Not Found,alittle@ironwoodhealth.com
nsandal@atmaclinic.com,Nsandal,,Nsandal,,Unknown,Atma Clinic,,None,,Not Found,nsandal@atmaclinic.com
rhondarobertson@moderaclinic.com,Rhondarobertson,,Rhondarobertson,Partner,Owner / Executive (C-Suite),Modera Clinic,,Low,LinkedIn / Web Search,Found,rhondarobertson@moderaclinic.com
msyiek@ironwoodhealth.com,Yiek,,Yiek,,Unknown,Ironwood Health,,None,,Not Found,msyiek@ironwoodhealth.com
kwhitley@ironwoodhealth.com,Kwhitley,,Kwhitley,,Unknown,Ironwood Health,,None,,Not Found,kwhitley@ironwoodhealth.com
mazen.albeldawi@meliorahealthcare.com,Mazen,Albeldawi,Mazen Albeldawi,Doctor,Practitioner / Doctor / Faculty,Meliora Health Care,,Medium,Website (Homepage),Found,mazen.albeldawi@meliorahealthcare.com
dawn.gill@meliorahealthcare.com,Dawn,Gill,Dawn Gill,,Unknown,Meliora Health Care,,None,,Not Found,dawn.gill@meliorahealthcare.com
sarah.lindsay@meliorahealthcare.com,Sarah,Lindsay,Sarah Lindsay,,Unknown,Meliora Health Care,,None,,Not Found,sarah.lindsay@meliorahealthcare.com
karin.gutierrez@meliorahealthcare.com,Karin,Gutierrez,Karin Gutierrez,,Unknown,Meliora Health Care,,None,,Not Found,karin.gutierrez@meliorahealthcare.com
katiegarcia@moderaclinic.com,Katiegarcia,,Katiegarcia,,Unknown,Modera Clinic,,None,,Not Found,katiegarcia@moderaclinic.com
amorrison@morrisonclinic.com,Amorrison,,Amorrison,Doctor,Practitioner / Doctor / Faculty,Morrison Clinic,,Low,LinkedIn / Web Search,Found,amorrison@morrisonclinic.com
ruth.dupont@meliorahealthcare.com,Ruth,Dupont,Ruth Dupont,,Unknown,Meliora Health Care,,None,,Not Found,ruth.dupont@meliorahealthcare.com
mary.romero@meliorahealthcare.com,Mary,Romero,Mary Romero,,Unknown,Meliora Health Care,,None,,Not Found,mary.romero@meliorahealthcare.com
sumant.hegde@jivahealth.com,Sumant,Hegde,Sumant Hegde,"Founder, Chairman & CEO, Renew",Owner / Executive (C-Suite),Jiva Health,,Low,LinkedIn / Web Search,Found,sumant.hegde@jivahealth.com
elyssa.sisko@themorrisonclinic.com,Elyssa,Sisko,Elyssa Sisko,,Unknown,Themorrison Clinic,,None,,Not Found,elyssa.sisko@themorrisonclinic.com
sarah@thrivewellclinic.com,Sarah,,Sarah,,Unknown,Thrivewell Clinic,,None,,Not Found,sarah@thrivewellclinic.com
agaylor@wilkensmedicalgroup.com,Agaylor,,Agaylor,Partner,Owner / Executive (C-Suite),Wilkens Medical Group,,Low,LinkedIn / Web Search,Found,agaylor@wilkensmedicalgroup.com
rjohnson@wilkensmedicalgroup.com,Rjohnson,,Rjohnson,,Unknown,Wilkens Medical Group,,None,,Not Found,rjohnson@wilkensmedicalgroup.com
sboone@wilkensmedicalgroup.com,Sboone,,Sboone,,Unknown,Wilkens Medical Group,,None,,Not Found,sboone@wilkensmedicalgroup.com
tperkins@wilkensmedicalgroup.com,Tperkins,,Tperkins,,Unknown,Wilkens Medical Group,,None,,Not Found,tperkins@wilkensmedicalgroup.com
th@sensenbrennerprimarycare.com,Th,,Th,Practice Manager,Manager / Admin,Sensenbrennerprimary Care,,Medium,Website (Homepage),Found,th@sensenbrennerprimarycare.com
tsamson@sensenbrennerprimarycare.com,Tsamson,,Tsamson,,Unknown,Sensenbrennerprimary Care,,None,,Not Found,tsamson@sensenbrennerprimarycare.com
lorifnp@pienkowskimd.com,Lorifnp,,Lorifnp,CEO,Owner / Executive (C-Suite),Pienkowskimd,,Low,LinkedIn / Web Search,Found,lorifnp@pienkowskimd.com
brittany@pienkowskimd.com,Brittany,,Brittany,,Unknown,Pienkowskimd,,None,,Not Found,brittany@pienkowskimd.com
mhatfield@wilkensmedicalgroup.com,Mhatfield,,Mhatfield,,Unknown,Wilkens Medical Group,,None,,Not Found,mhatfield@wilkensmedicalgroup.com
astogner@sensenbrennerprimarycare.com,Astogner,,Astogner,,Unknown,Sensenbrennerprimary Care,,None,,Not Found,astogner@sensenbrennerprimarycare.com
idongesit@greenspringmed.com,Idongesit,,Idongesit,Administrator,Manager / Admin,Greenspringmed,,Low,LinkedIn / Web Search,Found,idongesit@greenspringmed.com
morgan@morgansilldorffmd.com,Morgan,,Morgan,Orthopedic Surgeon,Practitioner / Doctor / Faculty,Morgansilldorffmd,,Medium,Website (Homepage),Found,morgan@morgansilldorffmd.com
znayak@greenspringmed.com,Znayak,,Znayak,,Unknown,Greenspringmed,,None,,Not Found,znayak@greenspringmed.com
niki@sundaramed.com,Niki,,Niki,,Unknown,Sundaramed,,None,,Not Found,niki@sundaramed.com
lcalderon@riograndemedicine.com,Lcalderon,,Lcalderon,,Unknown,Riograndemedicine,,None,,Not Found,lcalderon@riograndemedicine.com
stephanie@eileenwestmd.com,Stephanie,,Stephanie,,Unknown,Eileenwestmd,,None,,Not Found,stephanie@eileenwestmd.com
jan@janhestermd.com,Jan,,Jan,Family Physician,Practitioner / Doctor / Faculty,Janhestermd,,Medium,Website (Homepage),Found,jan@janhestermd.com
ihaw@ihawmd.com,Ihaw,,Ihaw,,Unknown,Ihawmd,,None,,Not Found,ihaw@ihawmd.com
ncontey@dmcpa.com,Ncontey,,Ncontey,,Unknown,Dmcpa,,None,,Not Found,ncontey@dmcpa.com
spistachio@dmcpa.com,Spistachio,,Spistachio,,Unknown,Dmcpa,,None,,Not Found,spistachio@dmcpa.com
js@sensenbrennerprimarycare.com,Js,,Js,,Unknown,Sensenbrennerprimary Care,,None,,Not Found,js@sensenbrennerprimarycare.com
jkalebota@dmcpa.com,Jkalebota,,Jkalebota,,Unknown,Dmcpa,,None,,Not Found,jkalebota@dmcpa.com
jkaiser@dmcpa.com,Jkaiser,,Jkaiser,,Unknown,Dmcpa,,None,,Not Found,jkaiser@dmcpa.com
tjohnson@dmcpa.com,Tjohnson,,Tjohnson,,Unknown,Dmcpa,,None,,Not Found,tjohnson@dmcpa.com
april@okeziemd.com,April,,April,,Unknown,Okeziemd,,None,,Not Found,april@okeziemd.com
patrice@marytilakmd.com,Patrice,,Patrice,Partner,Owner / Executive (C-Suite),Marytilakmd,,Low,LinkedIn / Web Search,Found,patrice@marytilakmd.com
mcalabrese@dmcpa.com,Mcalabrese,,Mcalabrese,,Unknown,Dmcpa,,None,,Not Found,mcalabrese@dmcpa.com
tcampanella@dmcpa.com,Tcampanella,,Tcampanella,,Unknown,Dmcpa,,None,,Not Found,tcampanella@dmcpa.com
raking@trinitymedicine.com,Raking,,Raking,Partner,Owner / Executive (C-Suite),Trinitymedicine,,Low,LinkedIn / Web Search,Found,raking@trinitymedicine.com
jschneider@dmcpa.com,Jschneider,,Jschneider,,Unknown,Dmcpa,,None,,Not Found,jschneider@dmcpa.com
raman@marytilakmd.com,Raman,,Raman,,Unknown,Marytilakmd,,None,,Not Found,raman@marytilakmd.com
abigail@marytilakmd.com,Abigail,,Abigail,,Unknown,Marytilakmd,,None,,Not Found,abigail@marytilakmd.com
lindsay.racey@caremore.com,Lindsay,Racey,Lindsay Racey,Partner,Owner / Executive (C-Suite),Care More,,Low,LinkedIn / Web Search,Found,lindsay.racey@caremore.com
alessandra@marytilakmd.com,Alessandra,,Alessandra,,Unknown,Marytilakmd,,None,,Not Found,alessandra@marytilakmd.com
stephanie.clements@caremore.com,Stephanie,Clements,Stephanie Clements,,Unknown,Care More,,None,,Not Found,stephanie.clements@caremore.com
james.walsh@caremore.com,James,Walsh,James Walsh,,Unknown,Care More,,None,,Not Found,james.walsh@caremore.com
gk@caremore.com,Gk,,Gk,,Unknown,Care More,,None,,Not Found,gk@caremore.com
wayne.dysinger@lifestylemedical.com,Wayne,Dysinger,Wayne Dysinger,,Unknown,Lifestyle Medical,,None,,Not Found,wayne.dysinger@lifestylemedical.com
amit.gupta@medicalcarecenter.com,Amit,Gupta,Amit Gupta,President,Owner / Executive (C-Suite),Medical Care Center,,Low,LinkedIn / Web Search,Found,amit.gupta@medicalcarecenter.com
kent.tabor@caremore.com,Kent,Tabor,Kent Tabor,,Unknown,Care More,,None,,Not Found,kent.tabor@caremore.com
major@medicalcarecenter.com,Major,,Major,,Unknown,Medical Care Center,,None,,Not Found,major@medicalcarecenter.com
prasad.chode@caremore.com,Prasad,Chode,Prasad Chode,,Unknown,Care More,,None,,Not Found,prasad.chode@caremore.com
wbrophy@amgfairbanks.com,Wbrophy,,Wbrophy,,Unknown,Amgfairbanks,,None,,Not Found,wbrophy@amgfairbanks.com
allison@progressmedical.com,Allison,,Allison,,Unknown,Progress Medical,,None,,Not Found,allison@progressmedical.com
alexis@progressmedical.com,Alexis,,Alexis,,Unknown,Progress Medical,,None,,Not Found,alexis@progressmedical.com
aholbrook@joshuamedicalgroup.com,Aholbrook,,Aholbrook,,Unknown,Joshua Medical Group,,None,,Not Found,aholbrook@joshuamedicalgroup.com
lreece@whspmedical.com,Lreece,,Lreece,,Unknown,Whsp Medical,,None,,Not Found,lreece@whspmedical.com
khughes@whspmedical.com,Khughes,,Khughes,,Unknown,Whsp Medical,,None,,Not Found,khughes@whspmedical.com
akeane@whspmedical.com,Akeane,,Akeane,,Unknown,Whsp Medical,,None,,Not Found,akeane@whspmedical.com
nfarnsworth@whspmedical.com,Nfarnsworth,,Nfarnsworth,Specialist,Staff / Coordinator,Whsp Medical,,Low,LinkedIn / Web Search,Found,nfarnsworth@whspmedical.com
jalal@caremedicals.com,Jalal,,Jalal,,Unknown,Care Medical S,,None,,Not Found,jalal@caremedicals.com
e.andary@totalcare.us,E,Andary,E Andary,,Unknown,Total Care,,None,,Not Found,e.andary@totalcare.us
r.carney@totalcare.us,R,Carney,R Carney,,Unknown,Total Care,,None,,Not Found,r.carney@totalcare.us
d.lampe@totalcare.us,D,Lampe,D Lampe,,Unknown,Total Care,,None,,Not Found,d.lampe@totalcare.us
c.post@totalcare.us,C,Post,C Post,,Unknown,Total Care,,None,,Not Found,c.post@totalcare.us
l.gaouette@totalcare.us,L,Gaouette,L Gaouette,,Unknown,Total Care,,None,,Not Found,l.gaouette@totalcare.us
a.ghanem@totalcare.us,A,Ghanem,A Ghanem,,Unknown,Total Care,,None,,Not Found,a.ghanem@totalcare.us
e.dagher@totalcare.us,E,Dagher,E Dagher,,Unknown,Total Care,,None,,Not Found,e.dagher@totalcare.us
felicia@greenwichmedicalpartners.com,Felicia,,Felicia,Owner,Owner / Executive (C-Suite),Greenwich Medical Partners,,Low,LinkedIn / Web Search,Found,felicia@greenwichmedicalpartners.com
arden@greenwichmedicalpartners.com,Arden,,Arden,,Unknown,Greenwich Medical Partners,,None,,Not Found,arden@greenwichmedicalpartners.com
lisa@greenwichmedicalpartners.com,Lisa,,Lisa,,Unknown,Greenwich Medical Partners,,None,,Not Found,lisa@greenwichmedicalpartners.com
chelsea@greenwichmedicalpartners.com,Chelsea,,Chelsea,,Unknown,Greenwich Medical Partners,,None,,Not Found,chelsea@greenwichmedicalpartners.com
paola@greenwichmedicalpartners.com,Paola,,Paola,,Unknown,Greenwich Medical Partners,,None,,Not Found,paola@greenwichmedicalpartners.com
ncavanaugh@legendmedical.us,Ncavanaugh,,Ncavanaugh,,Unknown,Legend Medical,,None,,Not Found,ncavanaugh@legendmedical.us
esmith@legendmedical.us,Esmith,,Esmith,,Unknown,Legend Medical,,None,,Not Found,esmith@legendmedical.us
quentin.huguley@smcmed.com,Quentin,Huguley,Quentin Huguley,Director,Director / VP,Smcmed,,Low,LinkedIn / Web Search,Found,quentin.huguley@smcmed.com
ahendrickson@legendmedical.us,Ahendrickson,,Ahendrickson,,Unknown,Legend Medical,,None,,Not Found,ahendrickson@legendmedical.us
eangelucci@legendmedical.us,Eangelucci,,Eangelucci,,Unknown,Legend Medical,,None,,Not Found,eangelucci@legendmedical.us
ssehneah@smcmed.com,Ssehneah,,Ssehneah,Vice President,Owner / Executive (C-Suite),Smcmed,,Low,LinkedIn / Web Search,Found,ssehneah@smcmed.com
mariac@cmbmed.com,Mariac,,Mariac,,Unknown,Cmbmed,,None,,Not Found,mariac@cmbmed.com
kjburk@palmsmg.org,Kjburk,,Kjburk,,Unknown,Palmsmg,,None,,Not Found,kjburk@palmsmg.org
fran@greenwichmedicalpartners.com,Fran,,Fran,,Unknown,Greenwich Medical Partners,,None,,Not Found,fran@greenwichmedicalpartners.com
qmitchem@coastalhealthcare.us,Qmitchem,,Qmitchem,,Unknown,Coastal Health Care,,None,,Not Found,qmitchem@coastalhealthcare.us
matt@triadcompletehealthcare.com,Matt,,Matt,,Unknown,Triadcomplete Health Care,,None,,Not Found,matt@triadcompletehealthcare.com
johne@totalcaremg.com,Johne,,Johne,Windows Update Assistant,Staff / Coordinator,Total Care Mg,,Low,LinkedIn / Web Search,Found,johne@totalcaremg.com
ktodd@bluetailmg.com,Ktodd,,Ktodd,,Unknown,Bluetailmg,,None,,Not Found,ktodd@bluetailmg.com
sbecker@provmedgroup.com,Sbecker,,Sbecker,,Unknown,Provmed Group,,None,,Not Found,sbecker@provmedgroup.com
ljones@madrasmedicalgroup.com,Ljones,,Ljones,Owner,Owner / Executive (C-Suite),Madras Medical Group,,Low,LinkedIn / Web Search,Found,ljones@madrasmedicalgroup.com
dechevarria@foxmedicalcenters.com,Dechevarria,,Dechevarria,CEO,Owner / Executive (C-Suite),Fox Medical Center S,,Low,LinkedIn / Web Search,Found,dechevarria@foxmedicalcenters.com
anarodriguez@foxmedicalcenters.com,Anarodriguez,,Anarodriguez,DB-GPT: Open-source Agentic AI Data Assistant,Staff / Coordinator,Fox Medical Center S,,Low,LinkedIn / Web Search,Found,anarodriguez@foxmedicalcenters.com
natali.jaimes@jaimesmedicalgroup.com,Natali,Jaimes,Natali Jaimes,Specialist,Staff / Coordinator,Jaimes Medical Group,,Low,LinkedIn / Web Search,Found,natali.jaimes@jaimesmedicalgroup.com
chenry@smcmed.com,Chenry,,Chenry,,Unknown,Smcmed,,None,,Not Found,chenry@smcmed.com
tbailey@aylohealth.com,Tbailey,,Tbailey,,Unknown,Aylo Health,,None,,Not Found,tbailey@aylohealth.com
cturley@palmsmg.org,Cturley,,Cturley,,Unknown,Palmsmg,,None,,Not Found,cturley@palmsmg.org
mary.martinez@mycaremedicalgroup.com,Mary,Martinez,Mary Martinez,,Unknown,My Care Medical Group,,None,,Not Found,mary.martinez@mycaremedicalgroup.com
rafaelgonzalez@foxmedicalcenters.com,Rafaelgonzalez,,Rafaelgonzalez,,Unknown,Fox Medical Center S,,None,,Not Found,rafaelgonzalez@foxmedicalcenters.com
amyjo@triadcompletehealthcare.com,Amyjo,,Amyjo,,Unknown,Triadcomplete Health Care,,None,,Not Found,amyjo@triadcompletehealthcare.com
pjob@restoremedicalpartners.com,Pjob,,Pjob,,Unknown,Restore Medical Partners,,None,,Not Found,pjob@restoremedicalpartners.com
swilson@restoremedicalpartners.com,Swilson,,Swilson,,Unknown,Restore Medical Partners,,None,,Not Found,swilson@restoremedicalpartners.com
dklein@restoremedicalpartners.com,Dklein,,Dklein,,Unknown,Restore Medical Partners,,None,,Not Found,dklein@restoremedicalpartners.com
pam.williams@innovacarehealth.com,Pam,Williams,Pam Williams,Login Manager,Manager / Admin,Innova Care Health,,Low,LinkedIn / Web Search,Found,pam.williams@innovacarehealth.com
kwilliams@restoremedicalpartners.com,Kwilliams,,Kwilliams,,Unknown,Restore Medical Partners,,None,,Not Found,kwilliams@restoremedicalpartners.com
mharmon@restoremedicalpartners.com,Mharmon,,Mharmon,,Unknown,Restore Medical Partners,,None,,Not Found,mharmon@restoremedicalpartners.com
drlithgow@greenwichmedicalpartners.com,Lithgow,,Lithgow,,Unknown,Greenwich Medical Partners,,None,,Not Found,drlithgow@greenwichmedicalpartners.com
amanda.vu@gwinnettclinic.com,Amanda,Vu,Amanda Vu,,Unknown,Gwinnett Clinic,,None,,Not Found,amanda.vu@gwinnettclinic.com
esmith@evansmedicalgroup.com,Esmith,,Esmith,,Unknown,Evans Medical Group,,None,,Not Found,esmith@evansmedicalgroup.com
stalbot@aylohealth.com,Stalbot,,Stalbot,,Unknown,Aylo Health,,None,,Not Found,stalbot@aylohealth.com
jamess@mybethanymedical.com,Jamess,,Jamess,,Unknown,Mybethany Medical,,None,,Not Found,jamess@mybethanymedical.com
jfendley@healthstarphysicians.com,Jfendley,,Jfendley,,Unknown,Health Starphysicians,,None,,Not Found,jfendley@healthstarphysicians.com
brenda@healthstarphysicians.com,Brenda,,Brenda,,Unknown,Health Starphysicians,,None,,Not Found,brenda@healthstarphysicians.com
dbrusco@legendmedical.us,Dbrusco,,Dbrusco,,Unknown,Legend Medical,,None,,Not Found,dbrusco@legendmedical.us
deanna.cruz@amhealthsystems.com,Deanna,Cruz,Deanna Cruz,,Unknown,Am Health Systems,,None,,Not Found,deanna.cruz@amhealthsystems.com
nmanatt@healthstarphysicians.com,Nmanatt,,Nmanatt,,Unknown,Health Starphysicians,,None,,Not Found,nmanatt@healthstarphysicians.com
andrew.mcbrien@innovacarehealth.com,Andrew,Mcbrien,Andrew Mcbrien,President,Owner / Executive (C-Suite),Innova Care Health,,Low,LinkedIn / Web Search,Found,andrew.mcbrien@innovacarehealth.com
smarberry@coastalhealth.com,Smarberry,,Smarberry,,Unknown,Coastal Health,,None,,Not Found,smarberry@coastalhealth.com
mark.llorente@innovacarehealth.com,Mark,Llorente,Mark Llorente,,Unknown,Innova Care Health,,None,,Not Found,mark.llorente@innovacarehealth.com
elizabeth.perez@innovacarehealth.com,Elizabeth,Perez,Elizabeth Perez,,Unknown,Innova Care Health,,None,,Not Found,elizabeth.perez@innovacarehealth.com
nick.dambra@innovacarehealth.com,Nick,Dambra,Nick Dambra,,Unknown,Innova Care Health,,None,,Not Found,nick.dambra@innovacarehealth.com
peter.kay@innovacarehealth.com,Peter,Kay,Peter Kay,,Unknown,Innova Care Health,,None,,Not Found,peter.kay@innovacarehealth.com
suhely.sanchez@innovacarehealth.com,Suhely,Sanchez,Suhely Sanchez,,Unknown,Innova Care Health,,None,,Not Found,suhely.sanchez@innovacarehealth.com
udi.dotan@innovacarehealth.com,Udi,Dotan,Udi Dotan,,Unknown,Innova Care Health,,None,,Not Found,udi.dotan@innovacarehealth.com
michelle.robinson@innovacarehealth.com,Michelle,Robinson,Michelle Robinson,,Unknown,Innova Care Health,,None,,Not Found,michelle.robinson@innovacarehealth.com
lance.colby@innovacarehealth.com,Lance,Colby,Lance Colby,,Unknown,Innova Care Health,,None,,Not Found,lance.colby@innovacarehealth.com
sissy.meredith@innovacarehealth.com,Sissy,Meredith,Sissy Meredith,,Unknown,Innova Care Health,,None,,Not Found,sissy.meredith@innovacarehealth.com
mclough@aylohealth.com,Mclough,,Mclough,,Unknown,Aylo Health,,None,,Not Found,mclough@aylohealth.com
gzajicek@aylohealth.com,Gzajicek,,Gzajicek,,Unknown,Aylo Health,,None,,Not Found,gzajicek@aylohealth.com
bruffin@aylohealth.com,Bruffin,,Bruffin,,Unknown,Aylo Health,,None,,Not Found,bruffin@aylohealth.com
droyster@aylohealth.com,Oyster,,Oyster,,Unknown,Aylo Health,,None,,Not Found,droyster@aylohealth.com
smorgan@aylohealth.com,Smorgan,,Smorgan,,Unknown,Aylo Health,,None,,Not Found,smorgan@aylohealth.com
jpolite@aylohealth.com,Jpolite,,Jpolite,,Unknown,Aylo Health,,None,,Not Found,jpolite@aylohealth.com
ljob@restoremedicalpartners.com,Ljob,,Ljob,President,Owner / Executive (C-Suite),Restore Medical Partners,,Low,LinkedIn / Web Search,Found,ljob@restoremedicalpartners.com
jfalcomata@aylohealth.com,Jfalcomata,,Jfalcomata,,Unknown,Aylo Health,,None,,Not Found,jfalcomata@aylohealth.com
crollins@legendmedical.us,Crollins,,Crollins,,Unknown,Legend Medical,,None,,Not Found,crollins@legendmedical.us
ccavanaugh@legendmedical.us,Ccavanaugh,,Ccavanaugh,,Unknown,Legend Medical,,None,,Not Found,ccavanaugh@legendmedical.us
josh@joshuanewtonpac.com,Josh,,Josh,Partner,Owner / Executive (C-Suite),Joshuanewtonpac,,Medium,Website (Homepage),Found,josh@joshuanewtonpac.com
dfabius@continuumhealth.net,Dfabius,,Dfabius,,Unknown,Continuum Health,,None,,Not Found,dfabius@continuumhealth.net
maria@medcare.plus,Maria,,Maria,Partner,Owner / Executive (C-Suite),Med Care,,Medium,LinkedIn / Web Search,Found,maria@medcare.plus
hmartin@wellmed.net,Hmartin,,Hmartin,,Unknown,Wellmed,,None,,Not Found,hmartin@wellmed.net
patrick@birdseyemedical.com,Patrick,,Patrick,Chief Financial Officer,Owner / Executive (C-Suite),Birds Eye Medical,,Medium,Website (Homepage),Found,patrick@birdseyemedical.com
christinam@birdseyemedical.com,Christinam,,Christinam,,Unknown,Birds Eye Medical,,None,,Not Found,christinam@birdseyemedical.com
ruthh@birdseyemedical.com,Ruthh,,Ruthh,,Unknown,Birds Eye Medical,,None,,Not Found,ruthh@birdseyemedical.com
tamram@birdseyemedical.com,Tamram,,Tamram,,Unknown,Birds Eye Medical,,None,,Not Found,tamram@birdseyemedical.com
georgine@healemedical.com,Georgine,,Georgine,,Unknown,Heale Medical,,None,,Not Found,georgine@healemedical.com
kblackman@ripplcare.com,Kblackman,,Kblackman,,Unknown,Rippl Care,,None,,Not Found,kblackman@ripplcare.com
aterpylak@ripplcare.com,Aterpylak,,Aterpylak,,Unknown,Rippl Care,,None,,Not Found,aterpylak@ripplcare.com
sray@ripplcare.com,Sray,,Sray,,Unknown,Rippl Care,,None,,Not Found,sray@ripplcare.com
rjones@ripplcare.com,Rjones,,Rjones,Doctor,Practitioner / Doctor / Faculty,Rippl Care,,Low,LinkedIn / Web Search,Found,rjones@ripplcare.com
mglasper@ripplcare.com,Mglasper,,Mglasper,,Unknown,Rippl Care,,None,,Not Found,mglasper@ripplcare.com
kenglish@ripplcare.com,Kenglish,,Kenglish,,Unknown,Rippl Care,,None,,Not Found,kenglish@ripplcare.com
esmith@ripplcare.com,Esmith,,Esmith,,Unknown,Rippl Care,,None,,Not Found,esmith@ripplcare.com
mkang@onmed.com,Mkang,,Mkang,,Unknown,Onmed,,None,,Not Found,mkang@onmed.com
nkuppuswamy@onmed.com,Nkuppuswamy,,Nkuppuswamy,,Unknown,Onmed,,None,,Not Found,nkuppuswamy@onmed.com
lsolie@onmed.com,Lsolie,,Lsolie,,Unknown,Onmed,,None,,Not Found,lsolie@onmed.com
kganesh@onmed.com,Kganesh,,Kganesh,,Unknown,Onmed,,None,,Not Found,kganesh@onmed.com
corourke@onmed.com,Corourke,,Corourke,,Unknown,Onmed,,None,,Not Found,corourke@onmed.com
jdictenberg@onmed.com,Jdictenberg,,Jdictenberg,,Unknown,Onmed,,None,,Not Found,jdictenberg@onmed.com
howard@onmed.com,Howard,,Howard,,Unknown,Onmed,,None,,Not Found,howard@onmed.com
apandey@onmed.com,Apandey,,Apandey,,Unknown,Onmed,,None,,Not Found,apandey@onmed.com
achristy@onmed.com,Achristy,,Achristy,President,Owner / Executive (C-Suite),Onmed,,Low,LinkedIn / Web Search,Found,achristy@onmed.com
adeboer@honesthealth.com,Adeboer,,Adeboer,Chief Technology Officer,Owner / Executive (C-Suite),Honest Health,,Low,LinkedIn / Web Search,Found,adeboer@honesthealth.com
btashman@onmed.com,Btashman,,Btashman,,Unknown,Onmed,,None,,Not Found,btashman@onmed.com
aelsheikh@honesthealth.com,Aelsheikh,,Aelsheikh,,Unknown,Honest Health,,None,,Not Found,aelsheikh@honesthealth.com
rick.smith@troymedicalcenter.com,Rick,Smith,Rick Smith,CEO,Owner / Executive (C-Suite),Troy Medical Center,,Medium,Website (Homepage),Found,rick.smith@troymedicalcenter.com
paige.myers@troymedicalcenter.com,Paige,Myers,Paige Myers,Physician,Practitioner / Doctor / Faculty,Troy Medical Center,,Medium,Website (Homepage),Found,paige.myers@troymedicalcenter.com
janet.stewart@troymedicalcenter.com,Janet,Stewart,Janet Stewart,,Unknown,Troy Medical Center,,None,,Not Found,janet.stewart@troymedicalcenter.com
ann.adams@troymedicalcenter.com,Ann,Adams,Ann Adams,,Unknown,Troy Medical Center,,None,,Not Found,ann.adams@troymedicalcenter.com
amy.minor@troymedicalcenter.com,Amy,Minor,Amy Minor,,Unknown,Troy Medical Center,,None,,Not Found,amy.minor@troymedicalcenter.com
walt.sanders@troymedicalcenter.com,Walt,Sanders,Walt Sanders,Director of Business Development,Director / VP,Troy Medical Center,,Medium,Website (Homepage),Found,walt.sanders@troymedicalcenter.com
stephanie.turner@troymedicalcenter.com,Stephanie,Turner,Stephanie Turner,,Unknown,Troy Medical Center,,None,,Not Found,stephanie.turner@troymedicalcenter.com
steven.lisenby@troymedicalcenter.com,Steven,Lisenby,Steven Lisenby,Chief Financial Officer,Owner / Executive (C-Suite),Troy Medical Center,,Medium,Website (Homepage),Found,steven.lisenby@troymedicalcenter.com
cortne.benton@troymedicalcenter.com,Cortne,Benton,Cortne Benton,,Unknown,Troy Medical Center,,None,,Not Found,cortne.benton@troymedicalcenter.com
hogai.nassery@ascendmedical.com,Hogai,Nassery,Hogai Nassery,,Unknown,Ascend Medical,,None,,Not Found,hogai.nassery@ascendmedical.com
j.madsen@ascendmedical.com,J,Madsen,J Madsen,,Unknown,Ascend Medical,,None,,Not Found,j.madsen@ascendmedical.com
jeff.zivan@ascendmedical.com,Jeff,Zivan,Jeff Zivan,,Unknown,Ascend Medical,,None,,Not Found,jeff.zivan@ascendmedical.com
yancey.stewart@ascendmedical.com,Yancey,Stewart,Yancey Stewart,,Unknown,Ascend Medical,,None,,Not Found,yancey.stewart@ascendmedical.com
paul.ryan@ascendmedical.com,Paul,Ryan,Paul Ryan,Nurse Practitioner,Practitioner / Doctor / Faculty,Ascend Medical,,Medium,Website (/providers/jody-amazon),Found,paul.ryan@ascendmedical.com
r.cramer@ascendmedical.com,R,Cramer,R Cramer,,Unknown,Ascend Medical,,None,,Not Found,r.cramer@ascendmedical.com
ed@completehealthpartners.com,Ed,,Ed,Director,Director / VP,Complete Health Partners,,Medium,LinkedIn / Web Search,Found,ed@completehealthpartners.com
tom.bowenwright@ascendmedical.com,Tom,Bowenwright,Tom Bowenwright,,Unknown,Ascend Medical,,None,,Not Found,tom.bowenwright@ascendmedical.com
marc@completehealthpartners.com,Marc,,Marc,,Unknown,Complete Health Partners,,None,,Not Found,marc@completehealthpartners.com
taylor@completehealthpartners.com,Taylor,,Taylor,,Unknown,Complete Health Partners,,None,,Not Found,taylor@completehealthpartners.com
rachel@completehealthpartners.com,Rachel,,Rachel,,Unknown,Complete Health Partners,,None,,Not Found,rachel@completehealthpartners.com
larry@completehealthpartners.com,Larry,,Larry,CEO,Owner / Executive (C-Suite),Complete Health Partners,,Medium,LinkedIn / Web Search,Found,larry@completehealthpartners.com
jason@completehealthpartners.com,Jason,,Jason,Director,Director / VP,Complete Health Partners,,Medium,LinkedIn / Web Search,Found,jason@completehealthpartners.com
ty@completehealthpartners.com,Ty,,Ty,,Unknown,Complete Health Partners,,None,,Not Found,ty@completehealthpartners.com
malina@completehealthpartners.com,Malina,,Malina,CEO,Owner / Executive (C-Suite),Complete Health Partners,,Low,LinkedIn / Web Search,Found,malina@completehealthpartners.com
abigail@completehealthpartners.com,Abigail,,Abigail,,Unknown,Complete Health Partners,,None,,Not Found,abigail@completehealthpartners.com
becky@completehealthpartners.com,Becky,,Becky,,Unknown,Complete Health Partners,,None,,Not Found,becky@completehealthpartners.com
chood@vitalitymedical.com,Chood,,Chood,,Unknown,Vitality Medical,,None,,Not Found,chood@vitalitymedical.com
csmith@vitalitymedical.com,Csmith,,Csmith,,Unknown,Vitality Medical,,None,,Not Found,csmith@vitalitymedical.com
loropeza@vitalitymedical.com,Loropeza,,Loropeza,,Unknown,Vitality Medical,,None,,Not Found,loropeza@vitalitymedical.com
mwayman@vitalitymedical.com,Mwayman,,Mwayman,,Unknown,Vitality Medical,,None,,Not Found,mwayman@vitalitymedical.com
adunn@vitalitymedical.com,Adunn,,Adunn,Specialist,Staff / Coordinator,Vitality Medical,,Low,LinkedIn / Web Search,Found,adunn@vitalitymedical.com
rpacker@vitalitymedical.com,Rpacker,,Rpacker,,Unknown,Vitality Medical,,None,,Not Found,rpacker@vitalitymedical.com
bpacker@vitalitymedical.com,Bpacker,,Bpacker,,Unknown,Vitality Medical,,None,,Not Found,bpacker@vitalitymedical.com
jmadsen@vitalitymedical.com,Jmadsen,,Jmadsen,,Unknown,Vitality Medical,,None,,Not Found,jmadsen@vitalitymedical.com
jerickson@vitalitymedical.com,Jerickson,,Jerickson,,Unknown,Vitality Medical,,None,,Not Found,jerickson@vitalitymedical.com
mstepankoff@bewellmedical.com,Tepankoff,,Tepankoff,Director,Director / VP,Bewell Medical,,Low,LinkedIn / Web Search,Found,mstepankoff@bewellmedical.com
deborahfry@wellswellnessmt.com,Deborahfry,,Deborahfry,,Unknown,Wellswellnessmt,,None,,Not Found,deborahfry@wellswellnessmt.com
mfrenkel@bewellmedical.com,Mfrenkel,,Mfrenkel,,Unknown,Bewell Medical,,None,,Not Found,mfrenkel@bewellmedical.com
obondarchuk@bewellmedical.com,Obondarchuk,,Obondarchuk,,Unknown,Bewell Medical,,None,,Not Found,obondarchuk@bewellmedical.com
snardit@bewellmedical.com,Snardit,,Snardit,,Unknown,Bewell Medical,,None,,Not Found,snardit@bewellmedical.com
akrysevych@bewellmedical.com,Akrysevych,,Akrysevych,,Unknown,Bewell Medical,,None,,Not Found,akrysevych@bewellmedical.com
mdukhan@bewellmedical.com,Mdukhan,,Mdukhan,President,Owner / Executive (C-Suite),Bewell Medical,,Low,LinkedIn / Web Search,Found,mdukhan@bewellmedical.com
jackie@optimumwellnessmn.com,Jackie,,Jackie,President,Owner / Executive (C-Suite),Optimumwellnessmn,,Medium,LinkedIn / Web Search,Found,jackie@optimumwellnessmn.com
april@undeniablehealthcare.com,April,,April,,Unknown,Undeniable Health Care,,None,,Not Found,april@undeniablehealthcare.com
drgary@evolvehealthcare.com,Gary,,Gary,Doctor,Practitioner / Doctor / Faculty,Evolve Health Care,,Medium,Website (Homepage),Found,drgary@evolvehealthcare.com
heather@samatahealth.com,Heather,,Heather,,Unknown,Samata Health,,None,,Not Found,heather@samatahealth.com
seema@radianthealth.com,Seema,,Seema,,Unknown,Radiant Health,,None,,Not Found,seema@radianthealth.com
claire@nivahealth.com,Claire,,Claire,,Unknown,Niva Health,,None,,Not Found,claire@nivahealth.com
shanna@nivahealth.com,Shanna,,Shanna,,Unknown,Niva Health,,None,,Not Found,shanna@nivahealth.com
chloe@nivahealth.com,Chloe,,Chloe,,Unknown,Niva Health,,None,,Not Found,chloe@nivahealth.com
peter@radianthealth.com,Peter,,Peter,,Unknown,Radiant Health,,None,,Not Found,peter@radianthealth.com
drrafaelfoss@nivahealth.com,Rafaelfoss,,Rafaelfoss,Partner,Owner / Executive (C-Suite),Niva Health,,Low,LinkedIn / Web Search,Found,drrafaelfoss@nivahealth.com
garyreed@nivahealth.com,Garyreed,,Garyreed,,Unknown,Niva Health,,None,,Not Found,garyreed@nivahealth.com
michael@nivahealth.com,Michael,,Michael,,Unknown,Niva Health,,None,,Not Found,michael@nivahealth.com
funda@orchidhealth.com,Funda,,Funda,Founder,Owner / Executive (C-Suite),Orchid Health,,Medium,LinkedIn / Web Search,Found,funda@orchidhealth.com
monique@nivahealth.com,Monique,,Monique,,Unknown,Niva Health,,None,,Not Found,monique@nivahealth.com
amber@nivahealth.com,Amber,,Amber,,Unknown,Niva Health,,None,,Not Found,amber@nivahealth.com
sergey@orchidhealth.com,Sergey,,Sergey,Owner,Owner / Executive (C-Suite),Orchid Health,,Low,LinkedIn / Web Search,Found,sergey@orchidhealth.com
maria@orchidhealth.com,Maria,,Maria,Partner,Owner / Executive (C-Suite),Orchid Health,,Medium,LinkedIn / Web Search,Found,maria@orchidhealth.com
ben@orchidhealth.com,Ben,,Ben,Analyst,Professional,Orchid Health,,Low,LinkedIn / Web Search,Found,ben@orchidhealth.com
noor@orchidhealth.com,Noor,,Noor,,Unknown,Orchid Health,,None,,Not Found,noor@orchidhealth.com
qinnan@orchidhealth.com,Qinnan,,Qinnan,【懶人包】「nintendo Direct: Partner Showcase Feb…,Owner / Executive (C-Suite),Orchid Health,,Low,LinkedIn / Web Search,Found,qinnan@orchidhealth.com
rebecca@orchidhealth.com,Rebecca,,Rebecca,,Unknown,Orchid Health,,None,,Not Found,rebecca@orchidhealth.com
zaais@orchidhealth.com,Zaais,,Zaais,,Unknown,Orchid Health,,None,,Not Found,zaais@orchidhealth.com
kristind@astiahealth.com,Kristind,,Kristind,,Unknown,Astia Health,,None,,Not Found,kristind@astiahealth.com
danae@astiahealth.com,Danae,,Danae,,Unknown,Astia Health,,None,,Not Found,danae@astiahealth.com
lisas@astiahealth.com,Lisas,,Lisas,,Unknown,Astia Health,,None,,Not Found,lisas@astiahealth.com
tracy@astiahealth.com,Tracy,,Tracy,,Unknown,Astia Health,,None,,Not Found,tracy@astiahealth.com
jennifer@astiahealth.com,Jennifer,,Jennifer,,Unknown,Astia Health,,None,,Not Found,jennifer@astiahealth.com
nikki@astiahealth.com,Nikki,,Nikki,,Unknown,Astia Health,,None,,Not Found,nikki@astiahealth.com
rachelle@astiahealth.com,Rachelle,,Rachelle,,Unknown,Astia Health,,None,,Not Found,rachelle@astiahealth.com
katie@astiahealth.com,Katie,,Katie,,Unknown,Astia Health,,None,,Not Found,katie@astiahealth.com
aharms@mednowclinics.com,Aharms,,Aharms,,Unknown,Mednow Clinic S,,None,,Not Found,aharms@mednowclinics.com
nmoore@mednowclinics.com,Nmoore,,Nmoore,,Unknown,Mednow Clinic S,,None,,Not Found,nmoore@mednowclinics.com
bkane@innovativecare.com,Bkane,,Bkane,,Unknown,Innovative Care,,None,,Not Found,bkane@innovativecare.com
bpica@innovativecare.com,Bpica,,Bpica,,Unknown,Innovative Care,,None,,Not Found,bpica@innovativecare.com
lhammonds@innovativecare.com,Lhammonds,,Lhammonds,,Unknown,Innovative Care,,None,,Not Found,lhammonds@innovativecare.com
mfriesen@innovativecare.com,Mfriesen,,Mfriesen,,Unknown,Innovative Care,,None,,Not Found,mfriesen@innovativecare.com
mshipley@innovativecare.com,Hipley,,Hipley,,Unknown,Innovative Care,,None,,Not Found,mshipley@innovativecare.com
mhamilton@innovativecare.com,Mhamilton,,Mhamilton,,Unknown,Innovative Care,,None,,Not Found,mhamilton@innovativecare.com
dwright@innovativecare.com,Dwright,,Dwright,,Unknown,Innovative Care,,None,,Not Found,dwright@innovativecare.com
khilliard@innovativecare.com,Khilliard,,Khilliard,,Unknown,Innovative Care,,None,,Not Found,khilliard@innovativecare.com
kmcclure@innovativecare.com,Kmcclure,,Kmcclure,,Unknown,Innovative Care,,None,,Not Found,kmcclure@innovativecare.com
egard@innovativecare.com,Egard,,Egard,,Unknown,Innovative Care,,None,,Not Found,egard@innovativecare.com
thobbs@williamsonhealthwellness.com,Thobbs,,Thobbs,,Unknown,Williamson Health Wellness,,None,,Not Found,thobbs@williamsonhealthwellness.com
cbaisden@williamsonhealthwellness.com,Cbaisden,,Cbaisden,,Unknown,Williamson Health Wellness,,None,,Not Found,cbaisden@williamsonhealthwellness.com
jramey@williamsonhealthwellness.com,Jramey,,Jramey,,Unknown,Williamson Health Wellness,,None,,Not Found,jramey@williamsonhealthwellness.com
mdillon@williamsonhealthwellness.com,Mdillon,,Mdillon,,Unknown,Williamson Health Wellness,,None,,Not Found,mdillon@williamsonhealthwellness.com
dwarren@williamsonhealthwellness.com,Dwarren,,Dwarren,Python Install Manager 26.3 Latest Python 3 Release,Manager / Admin,Williamson Health Wellness,,Low,LinkedIn / Web Search,Found,dwarren@williamsonhealthwellness.com
mbaisden@williamsonhealthwellness.com,Mbaisden,,Mbaisden,,Unknown,Williamson Health Wellness,,None,,Not Found,mbaisden@williamsonhealthwellness.com
kim.shah@credahealth.com,Kim,Shah,Kim Shah,Vice President,Owner / Executive (C-Suite),Creda Health,,Medium,Website (/about-us),Found,kim.shah@credahealth.com
mamta.kothiwale@credahealth.com,Mamta,Kothiwale,Mamta Kothiwale,Vice President,Owner / Executive (C-Suite),Creda Health,,Medium,Website (/about-us),Found,mamta.kothiwale@credahealth.com
jhudson@williamsonhealthwellness.com,Jhudson,,Jhudson,,Unknown,Williamson Health Wellness,,None,,Not Found,jhudson@williamsonhealthwellness.com
ashwini.mehendale@credahealth.com,Ashwini,Mehendale,Ashwini Mehendale,,Unknown,Creda Health,,None,,Not Found,ashwini.mehendale@credahealth.com
holly@graceycare.com,Holly,,Holly,,Unknown,Gracey Care,,None,,Not Found,holly@graceycare.com
david@townsquarehealth.com,David,,David,Co-Founder,Owner / Executive (C-Suite),Townsquare Health,,Medium,Website (Homepage),Found,david@townsquarehealth.com
marshall@townsquarehealth.com,Marshall,,Marshall,Chief Technology Officer,Owner / Executive (C-Suite),Townsquare Health,,Medium,Website (/about-us/),Found,marshall@townsquarehealth.com
fiona@townsquarehealth.com,Fiona,,Fiona,Vice President,Owner / Executive (C-Suite),Townsquare Health,,Medium,Website (/about-us/),Found,fiona@townsquarehealth.com
amy@townsquarehealth.com,Amy,,Amy,Director,Director / VP,Townsquare Health,,Medium,Website (/about-us/),Found,amy@townsquarehealth.com
ellen@townsquarehealth.com,Ellen,,Ellen,Vice President of Operations,Owner / Executive (C-Suite),Townsquare Health,,Medium,Website (/about-us/),Found,ellen@townsquarehealth.com
srinivasr@cloudninecare.com,Srinivasr,,Srinivasr,Partner,Owner / Executive (C-Suite),Cloudnine Care,,Low,LinkedIn / Web Search,Found,srinivasr@cloudninecare.com
jennifer.carroll@medicimed.com,Jennifer,Carroll,Jennifer Carroll,,Unknown,Medicimed,,None,,Not Found,jennifer.carroll@medicimed.com
virginia@townsquarehealth.com,Virginia,,Virginia,,Unknown,Townsquare Health,,None,,Not Found,virginia@townsquarehealth.com
chitrav@cloudninecare.com,Chitrav,,Chitrav,,Unknown,Cloudnine Care,,None,,Not Found,chitrav@cloudninecare.com
ajayd@cloudninecare.com,Ajayd,,Ajayd,Principal,Owner / Executive (C-Suite),Cloudnine Care,,Low,LinkedIn / Web Search,Found,ajayd@cloudninecare.com
rahul@cloudninecare.com,Rahul,,Rahul,President,Owner / Executive (C-Suite),Cloudnine Care,,Medium,LinkedIn / Web Search,Found,rahul@cloudninecare.com
sonalp@cloudninecare.com,Sonalp,,Sonalp,,Unknown,Cloudnine Care,,None,,Not Found,sonalp@cloudninecare.com
anshus@cloudninecare.com,Anshus,,Anshus,,Unknown,Cloudnine Care,,None,,Not Found,anshus@cloudninecare.com
nidak@cloudninecare.com,Nidak,,Nidak,,Unknown,Cloudnine Care,,None,,Not Found,nidak@cloudninecare.com
richabh@cloudninecare.com,Richabh,,Richabh,,Unknown,Cloudnine Care,,None,,Not Found,richabh@cloudninecare.com
drkishore@cloudninecare.com,Kishore,,Kishore,Director,Director / VP,Cloudnine Care,,Medium,Website (/our-team),Found,drkishore@cloudninecare.com
sarak@cloudninecare.com,Sarak,,Sarak,,Unknown,Cloudnine Care,,None,,Not Found,sarak@cloudninecare.com
mike@squarecare.com,Mike,,Mike,,Unknown,Square Care,,None,,Not Found,mike@squarecare.com
alobelles@convivasolutions.com,Alobelles,,Alobelles,,Unknown,Convivasolutions,,None,,Not Found,alobelles@convivasolutions.com
lrokoske@veritashealthpllc.com,Lrokoske,,Lrokoske,,Unknown,Veritas Health Pllc,,None,,Not Found,lrokoske@veritashealthpllc.com
hpatel@onemedical.com,Hpatel,,Hpatel,,Unknown,One Medical,,None,,Not Found,hpatel@onemedical.com
bmilstien@onemedical.com,Bmilstien,,Bmilstien,,Unknown,One Medical,,None,,Not Found,bmilstien@onemedical.com
rdowning@premierhealthllc.org,Rdowning,,Rdowning,,Unknown,Premier Health Llc,,None,,Not Found,rdowning@premierhealthllc.org
smerritt@heartlandmedical.com,Smerritt,,Smerritt,,Unknown,Heartland Medical,,None,,Not Found,smerritt@heartlandmedical.com
dbaker@heartlandmedical.com,Dbaker,,Dbaker,,Unknown,Heartland Medical,,None,,Not Found,dbaker@heartlandmedical.com
cydni.martin@ponceprimarycare.com,Cydni,Martin,Cydni Martin,,Unknown,Ponceprimary Care,,None,,Not Found,cydni.martin@ponceprimarycare.com
brumph@heartlandmedical.com,Brumph,,Brumph,,Unknown,Heartland Medical,,None,,Not Found,brumph@heartlandmedical.com
ctucker@heartlandmedical.com,Ctucker,,Ctucker,,Unknown,Heartland Medical,,None,,Not Found,ctucker@heartlandmedical.com
solson@heartlandmedical.com,Solson,,Solson,,Unknown,Heartland Medical,,None,,Not Found,solson@heartlandmedical.com
pelmore@heartlandmedical.com,Pelmore,,Pelmore,,Unknown,Heartland Medical,,None,,Not Found,pelmore@heartlandmedical.com
mhersh@ezramedical.org,Mhersh,,Mhersh,Doctor,Practitioner / Doctor / Faculty,Ezra Medical,,Low,LinkedIn / Web Search,Found,mhersh@ezramedical.org
scott@squarecare.com,Scott,,Scott,,Unknown,Square Care,,None,,Not Found,scott@squarecare.com
mvalencia@ezramedical.org,Mvalencia,,Mvalencia,CEO,Owner / Executive (C-Suite),Ezra Medical,,Low,LinkedIn / Web Search,Found,mvalencia@ezramedical.org
mhoffman@ezramedical.org,Mhoffman,,Mhoffman,,Unknown,Ezra Medical,,None,,Not Found,mhoffman@ezramedical.org
rlunger@ezramedical.org,Rlunger,,Rlunger,,Unknown,Ezra Medical,,None,,Not Found,rlunger@ezramedical.org
erin@alderhealth.org,Erin,,Erin,,Unknown,Alder Health,,None,,Not Found,erin@alderhealth.org
drajmal@mymedclinic.us,Ajmal,,Ajmal,,Unknown,Mymed Clinic,,None,,Not Found,drajmal@mymedclinic.us
craig@empowerhealthormond.com,Craig,,Craig,,Unknown,Empower Health Ormond,,None,,Not Found,craig@empowerhealthormond.com
eblake@crowleycare.com,Eblake,,Eblake,,Unknown,Crowley Care,,None,,Not Found,eblake@crowleycare.com
grant.mckinley@steadfasthealth.com,Grant,Mckinley,Grant Mckinley,,Unknown,Steadfast Health,,None,,Not Found,grant.mckinley@steadfasthealth.com
mhaug@elitehealth.org,Mhaug,,Mhaug,,Unknown,Elite Health,,None,,Not Found,mhaug@elitehealth.org
mira@personalhealthmd.com,Mira,,Mira,Co-Founder,Owner / Executive (C-Suite),Personal Health Md,,Medium,LinkedIn / Web Search,Found,mira@personalhealthmd.com
rlamberts@welcomehealth.net,Rlamberts,,Rlamberts,,Unknown,Welcome Health,,None,,Not Found,rlamberts@welcomehealth.net
wbullock@primarycaresolutions.org,Wbullock,,Wbullock,,Unknown,Primary Care Solutions,,None,,Not Found,wbullock@primarycaresolutions.org
rdonahue@personalhealthmd.com,Rdonahue,,Rdonahue,,Unknown,Personal Health Md,,None,,Not Found,rdonahue@personalhealthmd.com
bwalkey@personalhealthmd.com,Bwalkey,,Bwalkey,,Unknown,Personal Health Md,,None,,Not Found,bwalkey@personalhealthmd.com
samira@personalhealthmd.com,Samira,,Samira,Coordinator,Staff / Coordinator,Personal Health Md,,Medium,Website (/our-practice/),Found,samira@personalhealthmd.com
robe@evansmedical.net,Robe,,Robe,,Unknown,Evans Medical,,None,,Not Found,robe@evansmedical.net
ncrowder@opendoorhealth.com,Ncrowder,,Ncrowder,,Unknown,Opendoor Health,,None,,Not Found,ncrowder@opendoorhealth.com
hcontreras@opendoorhealth.com,Hcontreras,,Hcontreras,,Unknown,Opendoor Health,,None,,Not Found,hcontreras@opendoorhealth.com
kevin.lee.smith@thegoodclinic.com,Kevin,Smith,Kevin Lee Smith,,Unknown,Thegood Clinic,,None,,Not Found,kevin.lee.smith@thegoodclinic.com
creed@opendoorhealth.com,Creed,,Creed,,Unknown,Opendoor Health,,None,,Not Found,creed@opendoorhealth.com
jneurath@tucpc.net,Jneurath,,Jneurath,,Unknown,Tucpc,,None,,Not Found,jneurath@tucpc.net
agrabowski@tucpc.net,Agrabowski,,Agrabowski,,Unknown,Tucpc,,None,,Not Found,agrabowski@tucpc.net
robert.adlerstein@sagebrushhealth.com,Robert,Adlerstein,Robert Adlerstein,,Unknown,Sagebrush Health,,None,,Not Found,robert.adlerstein@sagebrushhealth.com
greg@evercaremedical.com,Greg,,Greg,,Unknown,Ever Care Medical,,None,,Not Found,greg@evercaremedical.com
bwilson@valleyhealthcolumbus.com,Bwilson,,Bwilson,,Unknown,Valley Health Columbus,,None,,Not Found,bwilson@valleyhealthcolumbus.com
missha_wagoner@nw-health.com,Missha,Wagoner,Missha Wagoner,,Unknown,Nw Health,,None,,Not Found,missha_wagoner@nw-health.com
mzeller@clineva.com,Mzeller,,Mzeller,CEO,Owner / Executive (C-Suite),Clineva,,Low,LinkedIn / Web Search,Found,mzeller@clineva.com
wcook@districtprimarycare.com,Wcook,,Wcook,,Unknown,Districtprimary Care,,None,,Not Found,wcook@districtprimarycare.com
estclaire@onemedical.com,Estclaire,,Estclaire,,Unknown,One Medical,,None,,Not Found,estclaire@onemedical.com
arissa@clineva.com,Arissa,,Arissa,,Unknown,Clineva,,None,,Not Found,arissa@clineva.com
gregory_harviston@nw-health.com,Gregory,Harviston,Gregory Harviston,,Unknown,Nw Health,,None,,Not Found,gregory_harviston@nw-health.com
victoria.welch@indycarehealth.com,Victoria,Welch,Victoria Welch,Medical Assistant,Staff / Coordinator,Indy Care Health,,Medium,Website (/kp-about-us),Found,victoria.welch@indycarehealth.com
lauren.cunningham@indycarehealth.com,Lauren,Cunningham,Lauren Cunningham,"Global Technology, Cloud & AI Solutions Partner",Owner / Executive (C-Suite),Indy Care Health,,Low,LinkedIn / Web Search,Found,lauren.cunningham@indycarehealth.com
nelson@totalmd.com,Nelson,,Nelson,Director,Director / VP,Totalmd,,Medium,LinkedIn / Web Search,Found,nelson@totalmd.com
tyler.labauch@indycarehealth.com,Tyler,Labauch,Tyler Labauch,,Unknown,Indy Care Health,,None,,Not Found,tyler.labauch@indycarehealth.com
alain@scapsmedical.com,Alain,,Alain,Executive Vice President,Owner / Executive (C-Suite),Scaps Medical,,Medium,LinkedIn / Web Search,Found,alain@scapsmedical.com
elizabeth.haughton@inhealthmd.com,Elizabeth,Haughton,Elizabeth Haughton,President,Owner / Executive (C-Suite),In Health Md,,Low,LinkedIn / Web Search,Found,elizabeth.haughton@inhealthmd.com
joerly.mendonca@inhealthmd.com,Joerly,Mendonca,Joerly Mendonca,,Unknown,In Health Md,,None,,Not Found,joerly.mendonca@inhealthmd.com
jlujan@onemedical.com,Jlujan,,Jlujan,,Unknown,One Medical,,None,,Not Found,jlujan@onemedical.com
kenton.fong@savagemed.com,Kenton,Fong,Kenton Fong,Chief Executive Officer,Owner / Executive (C-Suite),Savagemed,,Medium,Website (/about),Found,kenton.fong@savagemed.com
kaitlyn.benedict@mycare.us,Kaitlyn,Benedict,Kaitlyn Benedict,,Unknown,My Care,,None,,Not Found,kaitlyn.benedict@mycare.us
rosemary.rich@bluezoneshealth.com,Rosemary,Rich,Rosemary Rich,,Unknown,Bluezones Health,,None,,Not Found,rosemary.rich@bluezoneshealth.com
emartin@absolutecare.com,Emartin,,Emartin,,Unknown,Absolute Care,,None,,Not Found,emartin@absolutecare.com
thomas.morrell@mycare.us,Thomas,Morrell,Thomas Morrell,,Unknown,My Care,,None,,Not Found,thomas.morrell@mycare.us
mark.marten@healthlymedical.com,Mark,Marten,Mark Marten,,Unknown,Health Ly Medical,,None,,Not Found,mark.marten@healthlymedical.com
tgunderson@evivamd.com,Tgunderson,,Tgunderson,,Unknown,Evivamd,,None,,Not Found,tgunderson@evivamd.com
jlynas@absolutecare.com,Jlynas,,Jlynas,,Unknown,Absolute Care,,None,,Not Found,jlynas@absolutecare.com
mdimaggio@primapcw.com,Mdimaggio,,Mdimaggio,,Unknown,Primapcw,,None,,Not Found,mdimaggio@primapcw.com
kimberly.schnupp@mycare.us,Kimberly,Schnupp,Kimberly Schnupp,,Unknown,My Care,,None,,Not Found,kimberly.schnupp@mycare.us
ange.johnson@creekvalleyhc.com,Ange,Johnson,Ange Johnson,,Unknown,Creekvalleyhc,,None,,Not Found,ange.johnson@creekvalleyhc.com
jhill@absolutecare.com,Jhill,,Jhill,,Unknown,Absolute Care,,None,,Not Found,jhill@absolutecare.com
lpei@sevamedcare.com,Lpei,,Lpei,,Unknown,Sevamed Care,,None,,Not Found,lpei@sevamedcare.com
motero@compass.md,Motero,,Motero,,Unknown,Compass,,None,,Not Found,motero@compass.md
jspicka@absolutecare.com,Jspicka,,Jspicka,,Unknown,Absolute Care,,None,,Not Found,jspicka@absolutecare.com
ryan.fischer@totalmd.com,Ryan,Fischer,Ryan Fischer,CEO,Owner / Executive (C-Suite),Totalmd,,Low,LinkedIn / Web Search,Found,ryan.fischer@totalmd.com
lkozak@absolutecare.com,Lkozak,,Lkozak,Partner,Owner / Executive (C-Suite),Absolute Care,,Low,LinkedIn / Web Search,Found,lkozak@absolutecare.com
jortega@ortegamedicalclinic.com,Jortega,,Jortega,AI Research Tool & Thinking Partner,Owner / Executive (C-Suite),Ortega Medical Clinic,,Low,LinkedIn / Web Search,Found,jortega@ortegamedicalclinic.com
thgonzalez@absolutecare.com,Thgonzalez,,Thgonzalez,,Unknown,Absolute Care,,None,,Not Found,thgonzalez@absolutecare.com
melissa@totalmd.com,Melissa,,Melissa,,Unknown,Totalmd,,None,,Not Found,melissa@totalmd.com
hlackey@absolutecare.com,Hlackey,,Hlackey,SVP,Director / VP,Absolute Care,,Low,LinkedIn / Web Search,Found,hlackey@absolutecare.com
nicole.jablonski@mycare.us,Nicole,Jablonski,Nicole Jablonski,,Unknown,My Care,,None,,Not Found,nicole.jablonski@mycare.us
pdeltor@scapsmedical.com,Pdeltor,,Pdeltor,,Unknown,Scaps Medical,,None,,Not Found,pdeltor@scapsmedical.com
smistry@sevamedcare.com,Smistry,,Smistry,,Unknown,Sevamed Care,,None,,Not Found,smistry@sevamedcare.com
adedayo.okubadejo@creekvalleyhc.com,Adedayo,Okubadejo,Adedayo Okubadejo,,Unknown,Creekvalleyhc,,None,,Not Found,adedayo.okubadejo@creekvalleyhc.com
maria.aguiar@creekvalleyhc.com,Maria,Aguiar,Maria Aguiar,Partner,Owner / Executive (C-Suite),Creekvalleyhc,,Low,LinkedIn / Web Search,Found,maria.aguiar@creekvalleyhc.com
kyle.quirk@bluezoneshealth.org,Kyle,Quirk,Kyle Quirk,,Unknown,Bluezones Health,,None,,Not Found,kyle.quirk@bluezoneshealth.org
medge@lubbockcooperhealth.com,Medge,,Medge,,Unknown,Lubbockcooper Health,,None,,Not Found,medge@lubbockcooperhealth.com
jcolby@healthystepsmed.com,Jcolby,,Jcolby,,Unknown,Health Ystepsmed,,None,,Not Found,jcolby@healthystepsmed.com
jgrizzel@medicalcarepllc.com,Jgrizzel,,Jgrizzel,Manage Your Google Password Manager PIN,Manager / Admin,Medical Care Pllc,,Low,LinkedIn / Web Search,Found,jgrizzel@medicalcarepllc.com
plarsen@absolutecare.com,Plarsen,,Plarsen,,Unknown,Absolute Care,,None,,Not Found,plarsen@absolutecare.com
hunter.adams@creekvalleyhc.com,Hunter,Adams,Hunter Adams,,Unknown,Creekvalleyhc,,None,,Not Found,hunter.adams@creekvalleyhc.com
eigel@ezramedical.org,Eigel,,Eigel,,Unknown,Ezra Medical,,None,,Not Found,eigel@ezramedical.org
rvaiselberg@ezramedical.org,Rvaiselberg,,Rvaiselberg,,Unknown,Ezra Medical,,None,,Not Found,rvaiselberg@ezramedical.org
mberkovitz@ezramedical.org,Mberkovitz,,Mberkovitz,Director,Director / VP,Ezra Medical,,Low,LinkedIn / Web Search,Found,mberkovitz@ezramedical.org
alichtenstein@ezramedical.org,Alichtenstein,,Alichtenstein,,Unknown,Ezra Medical,,None,,Not Found,alichtenstein@ezramedical.org
gengel@ezramedical.org,Gengel,,Gengel,,Unknown,Ezra Medical,,None,,Not Found,gengel@ezramedical.org
osmith@mckinneyhealth.com,Osmith,,Osmith,,Unknown,Mckinney Health,,None,,Not Found,osmith@mckinneyhealth.com
info@sanjuclinic.com,,,,General Inbox / Staff,Staff / Coordinator,Sanju Clinic,,Medium,Role-based Mailbox,Role-Based,info@sanjuclinic.com
jboskind@tsclinic.com,Jboskind,,Jboskind,,Unknown,Ts Clinic,,None,,Not Found,jboskind@tsclinic.com
rosemaryb@alderhealth.org,Rosemaryb,,Rosemaryb,,Unknown,Alder Health,,None,,Not Found,rosemaryb@alderhealth.org
mainbilling@doctormbrown.com,Mainbilling,,Mainbilling,,Unknown,Doctormbrown,,None,,Not Found,mainbilling@doctormbrown.com
zpage@bach.health,Zpage,,Zpage,,Unknown,Bach,,None,,Not Found,zpage@bach.health
ivorie@fulllifemedical.com,Ivorie,,Ivorie,Doctor,Practitioner / Doctor / Faculty,Fulllife Medical,,Medium,Website (Homepage),Found,ivorie@fulllifemedical.com
jessicachomd@choice.md,Jessicachomd,,Jessicachomd,,Unknown,Choice,,None,,Not Found,jessicachomd@choice.md
josthimer@sandimasmedical.com,Josthimer,,Josthimer,,Unknown,Sandimas Medical,,None,,Not Found,josthimer@sandimasmedical.com
katie@viarohealth.com,Katie,,Katie,,Unknown,Viaro Health,,None,,Not Found,katie@viarohealth.com
traceybutler@wholehealthphysicians.com,Traceybutler,,Traceybutler,Partner,Owner / Executive (C-Suite),Whole Health Physicians,,Low,LinkedIn / Web Search,Found,traceybutler@wholehealthphysicians.com
pruacho@pinnacleprimarygroup.com,Pruacho,,Pruacho,,Unknown,Pinnacleprimary Group,,None,,Not Found,pruacho@pinnacleprimarygroup.com
kquintero@pinnacleprimarygroup.com,Kquintero,,Kquintero,CEO,Owner / Executive (C-Suite),Pinnacleprimary Group,,Low,LinkedIn / Web Search,Found,kquintero@pinnacleprimarygroup.com
paola@pinnaclecareaz.com,Paola,,Paola,,Unknown,Pinnacle Care Az,,None,,Not Found,Paola@pinnaclecareaz.com
vanessac@pinnaclecareaz.com,Vanessac,,Vanessac,and I Am the Chief Business Officer,Owner / Executive (C-Suite),Pinnacle Care Az,,Low,LinkedIn / Web Search,Found,Vanessac@pinnaclecareaz.com
cie.cascone@spiracare.com,Cie,Cascone,Cie Cascone,,Unknown,Spira Care,,None,,Not Found,cie.cascone@spiracare.com
ybecerra@pinnacleprimarygroup.com,Ybecerra,,Ybecerra,,Unknown,Pinnacleprimary Group,,None,,Not Found,YBecerra@pinnacleprimarygroup.com
amberw@pinnaclecareaz.com,Amberw,,Amberw,,Unknown,Pinnacle Care Az,,None,,Not Found,amberw@Pinnaclecareaz.com
jjgilmore@asaarmedical.com,Jjgilmore,,Jjgilmore,,Unknown,Asaar Medical,,None,,Not Found,jjgilmore@asaarmedical.com
bzeman@palmmedicalcenters.com,Bzeman,,Bzeman,,Unknown,Palm Medical Center S,,None,,Not Found,bzeman@palmmedicalcenters.com
smoises@palmmedicalcenters.com,Smoises,,Smoises,,Unknown,Palm Medical Center S,,None,,Not Found,smoises@palmmedicalcenters.com
rnassif@ambanes.com,Rnassif,,Rnassif,,Unknown,Ambanes,,None,,Not Found,rnassif@ambanes.com
lsalcedo@palmmedicalcenters.com,Lsalcedo,,Lsalcedo,Open Task Manager In Windows 10,Manager / Admin,Palm Medical Center S,,Low,LinkedIn / Web Search,Found,lsalcedo@palmmedicalcenters.com
jgarcia@palmmedicalcenters.com,Jgarcia,,Jgarcia,,Unknown,Palm Medical Center S,,None,,Not Found,jgarcia@palmmedicalcenters.com
kgillaspie@palmmedicalcenters.com,Kgillaspie,,Kgillaspie,,Unknown,Palm Medical Center S,,None,,Not Found,kgillaspie@palmmedicalcenters.com
ccampo@palmmedicalcenters.com,Ccampo,,Ccampo,,Unknown,Palm Medical Center S,,None,,Not Found,ccampo@palmmedicalcenters.com
gpizzani@palmmedicalcenters.com,Gpizzani,,Gpizzani,,Unknown,Palm Medical Center S,,None,,Not Found,gpizzani@palmmedicalcenters.com
jramos@palmmedicalcenters.com,Jramos,,Jramos,,Unknown,Palm Medical Center S,,None,,Not Found,jramos@palmmedicalcenters.com
dhausman@reddycare.net,Dhausman,,Dhausman,,Unknown,Reddy Care,,None,,Not Found,dhausman@reddycare.net
kbrennan@reddycare.net,Kbrennan,,Kbrennan,,Unknown,Reddy Care,,None,,Not Found,kbrennan@reddycare.net
fsinchi@reddycare.net,Fsinchi,,Fsinchi,,Unknown,Reddy Care,,None,,Not Found,fsinchi@reddycare.net
lmontello@reddycare.net,Lmontello,,Lmontello,,Unknown,Reddy Care,,None,,Not Found,lmontello@reddycare.net
mpatel@reddycare.net,Mpatel,,Mpatel,Founder,Owner / Executive (C-Suite),Reddy Care,,Medium,LinkedIn / Web Search,Found,mpatel@reddycare.net
arigolli@reddycare.net,Arigolli,,Arigolli,Owner,Owner / Executive (C-Suite),Reddy Care,,Low,LinkedIn / Web Search,Found,arigolli@reddycare.net
cvolpe@reddycare.net,Cvolpe,,Cvolpe,Specialist,Staff / Coordinator,Reddy Care,,Low,LinkedIn / Web Search,Found,cvolpe@reddycare.net
mchauhan@reddycare.net,Mchauhan,,Mchauhan,,Unknown,Reddy Care,,None,,Not Found,mchauhan@reddycare.net
yabreu@reddycare.net,Yabreu,,Yabreu,,Unknown,Reddy Care,,None,,Not Found,yabreu@reddycare.net
cblum@reddycare.net,Cblum,,Cblum,CEO,Owner / Executive (C-Suite),Reddy Care,,Low,LinkedIn / Web Search,Found,cblum@reddycare.net
ajocson@reddycare.net,Ajocson,,Ajocson,,Unknown,Reddy Care,,None,,Not Found,ajocson@reddycare.net
hhussain@reddycare.net,Hhussain,,Hhussain,,Unknown,Reddy Care,,None,,Not Found,hhussain@reddycare.net
paugustin@reddycare.net,Paugustin,,Paugustin,,Unknown,Reddy Care,,None,,Not Found,paugustin@reddycare.net
sselim@reddycare.net,Sselim,,Sselim,,Unknown,Reddy Care,,None,,Not Found,sselim@reddycare.net
clinic@myhoustonhealth.com,Clinic,,Clinic,Founder and CEO,Owner / Executive (C-Suite),Myhouston Health,https://au.linkedin.com/in/christopher-o-donnell-89287085,High,LinkedIn / Web Search,Found,clinic@myhoustonhealth.com
kathryn@thrivekirkland.com,Kathryn,,Kathryn,,Unknown,Thrivekirkland,,None,,Not Found,kathryn@thrivekirkland.com
amoore@viarohealth.com,Amoore,,Amoore,,Unknown,Viaro Health,,None,,Not Found,amoore@viarohealth.com
aldine@kaawsclinic.com,Aldine,,Aldine,,Unknown,Kaaws Clinic,,None,,Not Found,aldine@kaawsclinic.com
robyn@clineva.com,Robyn,,Robyn,,Unknown,Clineva,,None,,Not Found,robyn@clineva.com
preuteman@viarohealth.com,Preuteman,,Preuteman,,Unknown,Viaro Health,,None,,Not Found,preuteman@viarohealth.com
pisaacs@viarohealth.com,Pisaacs,,Pisaacs,,Unknown,Viaro Health,,None,,Not Found,pisaacs@viarohealth.com
ashley@viarohealth.com,Ashley,,Ashley,,Unknown,Viaro Health,,None,,Not Found,ashley@viarohealth.com
tpulvermacher@viarohealth.com,Tpulvermacher,,Tpulvermacher,,Unknown,Viaro Health,,None,,Not Found,tpulvermacher@viarohealth.com
kschmeling@viarohealth.com,Kschmeling,,Kschmeling,,Unknown,Viaro Health,,None,,Not Found,kschmeling@viarohealth.com
mfannin@viarohealth.com,Mfannin,,Mfannin,,Unknown,Viaro Health,,None,,Not Found,mfannin@viarohealth.com
colby@viarohealth.com,Colby,,Colby,,Unknown,Viaro Health,,None,,Not Found,colby@viarohealth.com
ajoseph@pathpointhealth.com,Ajoseph,,Ajoseph,,Unknown,Pathpoint Health,,None,,Not Found,ajoseph@pathpointhealth.com
wwilliams@pathpointhealth.com,Wwilliams,,Wwilliams,,Unknown,Pathpoint Health,,None,,Not Found,wwilliams@pathpointhealth.com
vchester@pathpointhealth.com,Vchester,,Vchester,,Unknown,Pathpoint Health,,None,,Not Found,vchester@pathpointhealth.com
hhuxtable@pathpointhealth.com,Hhuxtable,,Hhuxtable,,Unknown,Pathpoint Health,,None,,Not Found,hhuxtable@pathpointhealth.com
edith.cantu@retrohealth.com,Edith,Cantu,Edith Cantu,Partner,Owner / Executive (C-Suite),Retro Health,,Low,LinkedIn / Web Search,Found,edith.cantu@retrohealth.com
lholt@pathpointhealth.com,Lholt,,Lholt,,Unknown,Pathpoint Health,,None,,Not Found,lholt@pathpointhealth.com
jessicas@pucclinic.com,Jessicas,,Jessicas,,Unknown,Puc Clinic,,None,,Not Found,jessicas@pucclinic.com
juli.castro@retrohealth.com,Juli,Castro,Juli Castro,,Unknown,Retro Health,,None,,Not Found,juli.castro@retrohealth.com
vvero@retrohealth.com,Vvero,,Vvero,,Unknown,Retro Health,,None,,Not Found,vvero@retrohealth.com
nabilb@pucclinic.com,Nabilb,,Nabilb,,Unknown,Puc Clinic,,None,,Not Found,nabilb@pucclinic.com
emilys@pucclinic.com,Emilys,,Emilys,,Unknown,Puc Clinic,,None,,Not Found,emilys@pucclinic.com
vyoung@nextrahealth.com,Vyoung,,Vyoung,,Unknown,Nextra Health,,None,,Not Found,vyoung@nextrahealth.com
nnamdia@pucclinic.com,Nnamdia,,Nnamdia,,Unknown,Puc Clinic,,None,,Not Found,nnamdia@pucclinic.com
christopher@pucclinic.com,Christopher,,Christopher,Browser Enterprise Site List Manager,Manager / Admin,Puc Clinic,,Low,LinkedIn / Web Search,Found,christopher@pucclinic.com
alex@pucclinic.com,Alex,,Alex,,Unknown,Puc Clinic,,None,,Not Found,alex@pucclinic.com
dallas@pucclinic.com,Dallas,,Dallas,,Unknown,Puc Clinic,,None,,Not Found,dallas@pucclinic.com
valerie@pucclinic.com,Valerie,,Valerie,,Unknown,Puc Clinic,,None,,Not Found,valerie@pucclinic.com
amandao@pucclinic.com,Amandao,,Amandao,,Unknown,Puc Clinic,,None,,Not Found,amandao@pucclinic.com
cmane@marprimarycare.com,Cmane,,Cmane,President,Owner / Executive (C-Suite),Marprimary Care,,Low,LinkedIn / Web Search,Found,cmane@marprimarycare.com
chris.poe@florencehealth.com,Chris,Poe,Chris Poe,Medical Director,Director / VP,Florence Health,,Medium,Website (/about),Found,chris.poe@florencehealth.com
rob.buss@florencehealth.com,Rob,Buss,Rob Buss,Medical Director,Director / VP,Florence Health,,Medium,Website (/about),Found,rob.buss@florencehealth.com
david.peck@florencehealth.com,David,Peck,David Peck,,Unknown,Florence Health,,None,,Not Found,david.peck@florencehealth.com
adrian.sheridan@florencehealth.com,Adrian,Sheridan,Adrian Sheridan,,Unknown,Florence Health,,None,,Not Found,adrian.sheridan@florencehealth.com
mmack@optimalhealthassociates.com,Mmack,,Mmack,,Unknown,Optimal Health Associates,,None,,Not Found,mmack@optimalhealthassociates.com
chendee@optimalhealthassociates.com,Chendee,,Chendee,,Unknown,Optimal Health Associates,,None,,Not Found,chendee@optimalhealthassociates.com
jallen@optimalhealthassociates.com,Jallen,,Jallen,,Unknown,Optimal Health Associates,,None,,Not Found,jallen@optimalhealthassociates.com
ctelcocci@optimalhealthassociates.com,Ctelcocci,,Ctelcocci,,Unknown,Optimal Health Associates,,None,,Not Found,ctelcocci@optimalhealthassociates.com
krider@optimalhealthassociates.com,Krider,,Krider,,Unknown,Optimal Health Associates,,None,,Not Found,krider@optimalhealthassociates.com
jefaw@optimalhealthassociates.com,Jefaw,,Jefaw,,Unknown,Optimal Health Associates,,None,,Not Found,jefaw@optimalhealthassociates.com
jdhooge@optimalhealthassociates.com,Jdhooge,,Jdhooge,,Unknown,Optimal Health Associates,,None,,Not Found,jdhooge@optimalhealthassociates.com
djien.so@mdclinics.org,Djien,So,Djien So,,Unknown,Md Clinic S,,None,,Not Found,djien.so@mdclinics.org
asantimaw@optimalhealthassociates.com,Asantimaw,,Asantimaw,,Unknown,Optimal Health Associates,,None,,Not Found,asantimaw@optimalhealthassociates.com
cshackelford@centerforlifetimehealth.com,Cshackelford,,Cshackelford,President,Owner / Executive (C-Suite),Center Forlifetime Health,,Low,LinkedIn / Web Search,Found,cshackelford@centerforlifetimehealth.com
jsheth@bach.health,Jsheth,,Jsheth,,Unknown,Bach,,None,,Not Found,jsheth@bach.health
pedro.aragon@neighbormd.com,Pedro,Aragon,Pedro Aragon,,Unknown,Neighbormd,,None,,Not Found,pedro.aragon@neighbormd.com
tmonterola@bach.health,Tmonterola,,Tmonterola,,Unknown,Bach,,None,,Not Found,tmonterola@bach.health
vanessa.hourihan@inhealthmd.com,Vanessa,Hourihan,Vanessa Hourihan,,Unknown,In Health Md,,None,,Not Found,vanessa.hourihan@inhealthmd.com
katkinson@doctorkate.net,Katkinson,,Katkinson,,Unknown,Doctorkate,,None,,Not Found,katkinson@doctorkate.net
lhegarty@doctorkate.net,Lhegarty,,Lhegarty,,Unknown,Doctorkate,,None,,Not Found,lhegarty@doctorkate.net
lspivey@centerforlifetimehealth.com,Lspivey,,Lspivey,President,Owner / Executive (C-Suite),Center Forlifetime Health,,Low,LinkedIn / Web Search,Found,lspivey@centerforlifetimehealth.com
msocha@centerforlifetimehealth.com,Ocha,,Ocha,,Unknown,Center Forlifetime Health,,None,,Not Found,msocha@centerforlifetimehealth.com
sduininck@centerforlifetimehealth.com,Sduininck,,Sduininck,,Unknown,Center Forlifetime Health,,None,,Not Found,sduininck@centerforlifetimehealth.com
bwaite@centerforlifetimehealth.com,Bwaite,,Bwaite,,Unknown,Center Forlifetime Health,,None,,Not Found,bwaite@centerforlifetimehealth.com
abartlett@centerforlifetimehealth.com,Abartlett,,Abartlett,,Unknown,Center Forlifetime Health,,None,,Not Found,abartlett@centerforlifetimehealth.com
jesse@totalmd.com,Jesse,,Jesse,,Unknown,Totalmd,,None,,Not Found,jesse@totalmd.com
landon@totalmd.com,Landon,,Landon,,Unknown,Totalmd,,None,,Not Found,landon@totalmd.com
richard.winters@inhealthmd.com,Richard,Winters,Richard Winters,,Unknown,In Health Md,,None,,Not Found,richard.winters@inhealthmd.com
christina@totalmd.com,Christina,,Christina,,Unknown,Totalmd,,None,,Not Found,christina@totalmd.com
alejandro.barajas@bluezoneshealth.com,Alejandro,Barajas,Alejandro Barajas,Director,Director / VP,Bluezones Health,,Low,LinkedIn / Web Search,Found,alejandro.barajas@bluezoneshealth.com
bailey.donahue@bluezoneshealth.com,Bailey,Donahue,Bailey Donahue,,Unknown,Bluezones Health,,None,,Not Found,bailey.donahue@bluezoneshealth.com
douglas.price@inhealthmd.com,Douglas,Price,Douglas Price,,Unknown,In Health Md,,None,,Not Found,douglas.price@inhealthmd.com
zoe.fortin@inhealthmd.com,Zoe,Fortin,Zoe Fortin,,Unknown,In Health Md,,None,,Not Found,zoe.fortin@inhealthmd.com
shannon.serio@inhealthmd.com,Shannon,Serio,Shannon Serio,,Unknown,In Health Md,,None,,Not Found,shannon.serio@inhealthmd.com
frank.canlas@bluezoneshealth.com,Frank,Canlas,Frank Canlas,,Unknown,Bluezones Health,,None,,Not Found,frank.canlas@bluezoneshealth.com
shannon.badgley@bluezoneshealth.com,Shannon,Badgley,Shannon Badgley,,Unknown,Bluezones Health,,None,,Not Found,shannon.badgley@bluezoneshealth.com
prasanga.lokuge@bluezoneshealth.com,Prasanga,Lokuge,Prasanga Lokuge,,Unknown,Bluezones Health,,None,,Not Found,prasanga.lokuge@bluezoneshealth.com
erica.badran@healthlymedical.com,Erica,Badran,Erica Badran,,Unknown,Health Ly Medical,,None,,Not Found,erica.badran@healthlymedical.com
james.dubrey@inhealthmd.com,James,Dubrey,James Dubrey,,Unknown,In Health Md,,None,,Not Found,james.dubrey@inhealthmd.com
tchesser@medicalcarepllc.com,Tchesser,,Tchesser,,Unknown,Medical Care Pllc,,None,,Not Found,tchesser@medicalcarepllc.com
ahoyle@medicalcarepllc.com,Ahoyle,,Ahoyle,,Unknown,Medical Care Pllc,,None,,Not Found,ahoyle@medicalcarepllc.com
prashanth.kurupati@inhealthmd.com,Prashanth,Kurupati,Prashanth Kurupati,Doctor,Practitioner / Doctor / Faculty,In Health Md,,Low,LinkedIn / Web Search,Found,prashanth.kurupati@inhealthmd.com
lucia.martinez@inhealthmd.com,Lucia,Martinez,Lucia Martinez,,Unknown,In Health Md,,None,,Not Found,lucia.martinez@inhealthmd.com
cosborn@opendoorhealth.com,Cosborn,,Cosborn,,Unknown,Opendoor Health,,None,,Not Found,cosborn@opendoorhealth.com
samuel.song@triadprimarycare.com,Samuel,Song,Samuel Song,,Unknown,Triadprimary Care,,None,,Not Found,samuel.song@triadprimarycare.com
anagha.shetty@sagebrushhealth.com,Anagha,Shetty,Anagha Shetty,,Unknown,Sagebrush Health,,None,,Not Found,anagha.shetty@sagebrushhealth.com
mithila.urs@sagebrushhealth.com,Mithila,Urs,Mithila Urs,,Unknown,Sagebrush Health,,None,,Not Found,mithila.urs@sagebrushhealth.com
todd.lefkowitz@sagebrushhealth.com,Todd,Lefkowitz,Todd Lefkowitz,,Unknown,Sagebrush Health,,None,,Not Found,todd.lefkowitz@sagebrushhealth.com
amol.mahajan@sagebrushhealth.com,Amol,Mahajan,Amol Mahajan,,Unknown,Sagebrush Health,,None,,Not Found,amol.mahajan@sagebrushhealth.com
ankita.dhankani@sagebrushhealth.com,Ankita,Dhankani,Ankita Dhankani,,Unknown,Sagebrush Health,,None,,Not Found,ankita.dhankani@sagebrushhealth.com
rcrosse@tucpc.net,Rcrosse,,Rcrosse,,Unknown,Tucpc,,None,,Not Found,rcrosse@tucpc.net
rishi.jhaver@sagebrushhealth.com,Rishi,Jhaver,Rishi Jhaver,,Unknown,Sagebrush Health,,None,,Not Found,rishi.jhaver@sagebrushhealth.com
liliya.meadows@sagebrushhealth.com,Liliya,Meadows,Liliya Meadows,,Unknown,Sagebrush Health,,None,,Not Found,liliya.meadows@sagebrushhealth.com
prakhar.surolia@sagebrushhealth.com,Prakhar,Surolia,Prakhar Surolia,,Unknown,Sagebrush Health,,None,,Not Found,prakhar.surolia@sagebrushhealth.com
christian.alquisada@sagebrushhealth.com,Christian,Alquisada,Christian Alquisada,,Unknown,Sagebrush Health,,None,,Not Found,christian.alquisada@sagebrushhealth.com
cvaldez14@centerwellprimarycare.com,Cvaldez,,Cvaldez,,Unknown,Center Wellprimary Care,,None,,Not Found,cvaldez14@centerwellprimarycare.com
aelicegui@pinnacleprimarygroup.com,Aelicegui,,Aelicegui,,Unknown,Pinnacleprimary Group,,None,,Not Found,aelicegui@pinnacleprimarygroup.com
aconte@pinnaclecareaz.com,Aconte,,Aconte,Principal,Owner / Executive (C-Suite),Pinnacle Care Az,,Low,LinkedIn / Web Search,Found,aconte@Pinnaclecareaz.com
ajanssen@pinnacleprimarygroup.com,Ajanssen,,Ajanssen,,Unknown,Pinnacleprimary Group,,None,,Not Found,ajanssen@pinnacleprimarygroup.com
scott.wright@swrightpc.com,Scott,Wright,Scott Wright,,Unknown,Swrightpc,,None,,Not Found,scott.wright@swrightpc.com
onaseer@akpccorp.com,Onaseer,,Onaseer,,Unknown,Akpccorp,,None,,Not Found,onaseer@akpccorp.com
amandadoty@sommedicalpractice.com,Amandadoty,,Amandadoty,,Unknown,Som Medical Practice,,None,,Not Found,amandadoty@sommedicalpractice.com
droper@akpccorp.com,Oper,,Oper,,Unknown,Akpccorp,,None,,Not Found,droper@akpccorp.com
lucindasmith@phcn.vic.gov.au,Lucindasmith,,Lucindasmith,,Unknown,Phcn,,None,,Not Found,lucindasmith@phcn.vic.gov.au
hmatthews@phcn.vic.gov.au,Hmatthews,,Hmatthews,,Unknown,Phcn,,None,,Not Found,hmatthews@phcn.vic.gov.au
mroberts@phcn.vic.gov.au,Oberts,,Oberts,,Unknown,Phcn,,None,,Not Found,mroberts@phcn.vic.gov.au
kandrews@phcn.vic.gov.au,Kandrews,,Kandrews,,Unknown,Phcn,,None,,Not Found,kandrews@phcn.vic.gov.au
jhams@phcn.vic.gov.au,Jhams,,Jhams,,Unknown,Phcn,,None,,Not Found,jhams@phcn.vic.gov.au
emannix@phcn.vic.gov.au,Emannix,,Emannix,Zhayujie/cowagent: Open-source Super AI Assistant & Agent …,Staff / Coordinator,Phcn,,Low,LinkedIn / Web Search,Found,emannix@phcn.vic.gov.au
jdunne@phcn.vic.gov.au,Jdunne,,Jdunne,Director,Director / VP,Phcn,,Low,LinkedIn / Web Search,Found,jdunne@phcn.vic.gov.au
llatchan@phcn.vic.gov.au,Llatchan,,Llatchan,,Unknown,Phcn,,None,,Not Found,llatchan@phcn.vic.gov.au
bdunsmore@phcn.vic.gov.au,Bdunsmore,,Bdunsmore,,Unknown,Phcn,,None,,Not Found,bdunsmore@phcn.vic.gov.au
lwoods@summittotalhealth.com,Lwoods,,Lwoods,,Unknown,Summittotal Health,,None,,Not Found,lwoods@summittotalhealth.com
schettri@phcn.vic.gov.au,Schettri,,Schettri,,Unknown,Phcn,,None,,Not Found,schettri@phcn.vic.gov.au
rob.langrick@cfainstitute.org,Rob,Langrick,Rob Langrick,,Unknown,Cfainstitute,,None,,Not Found,rob.langrick@cfainstitute.org
mona.naqvi@cfainstitute.org,Mona,Naqvi,Mona Naqvi,,Unknown,Cfainstitute,,None,,Not Found,mona.naqvi@cfainstitute.org
emma.tommony@cfainstitute.org,Emma,Tommony,Emma Tommony,,Unknown,Cfainstitute,,None,,Not Found,emma.tommony@cfainstitute.org
jkarvelas@summittotalhealth.com,Jkarvelas,,Jkarvelas,,Unknown,Summittotal Health,,None,,Not Found,jkarvelas@summittotalhealth.com
paul.moody@cfainstitute.org,Paul,Moody,Paul Moody,,Unknown,Cfainstitute,,None,,Not Found,paul.moody@cfainstitute.org
prasad.mohare@cfainstitute.org,Prasad,Mohare,Prasad Mohare,,Unknown,Cfainstitute,,None,,Not Found,prasad.mohare@cfainstitute.org
carol.snyder@ey.com,Carol,Snyder,Carol Snyder,,Unknown,Ey,,None,,Not Found,carol.snyder@ey.com
slewis@evernest.co,Slewis,,Slewis,,Unknown,Evernest,,None,,Not Found,slewis@evernest.co
dorian.nguyen@evernest.com,Dorian,Nguyen,Dorian Nguyen,,Unknown,Evernest,,None,,Not Found,dorian.nguyen@evernest.com
kavita.singh@cfainstitute.in,Kavita,Singh,Kavita Singh,,Unknown,Cfainstitute,,None,,Not Found,kavita.singh@cfainstitute.in
maxine@clark-fox.com,Maxine,,Maxine,Director,Director / VP,Clark Fox,,Low,LinkedIn / Web Search,Found,maxine@clark-fox.com
chelsie.arkell@mastersoandp.com,Chelsie,Arkell,Chelsie Arkell,Partner,Owner / Executive (C-Suite),Mastersoandp,,Low,LinkedIn / Web Search,Found,Chelsie.arkell@mastersoandp.com
suraj.nair@cfainstitute.in,Suraj,Nair,Suraj Nair,,Unknown,Cfainstitute,,None,,Not Found,suraj.nair@cfainstitute.in
courtney.makris@pauldavis.com,Courtney,Makris,Courtney Makris,,Unknown,Pauldavis,,None,,Not Found,courtney.makris@pauldavis.com
lindsay.feehan@mastersoandp.com,Lindsay,Feehan,Lindsay Feehan,Partner,Owner / Executive (C-Suite),Mastersoandp,,Low,LinkedIn / Web Search,Found,lindsay.feehan@mastersoandp.com
driber@cpousa.com,Iber,,Iber,DB-GPT: Open-source Agentic AI Data Assistant,Staff / Coordinator,Cpousa,,Low,LinkedIn / Web Search,Found,driber@cpousa.com
arati.porwal@cfainstitute.in,Arati,Porwal,Arati Porwal,,Unknown,Cfainstitute,,None,,Not Found,arati.porwal@cfainstitute.in
scolon@cpousa.com,Scolon,,Scolon,,Unknown,Cpousa,,None,,Not Found,scolon@cpousa.com
tbannan@cpousa.com,Tbannan,,Tbannan,,Unknown,Cpousa,,None,,Not Found,tbannan@cpousa.com
ggeagea@cpousa.com,Ggeagea,,Ggeagea,,Unknown,Cpousa,,None,,Not Found,ggeagea@cpousa.com
riliff@cpousa.com,Riliff,,Riliff,,Unknown,Cpousa,,None,,Not Found,riliff@cpousa.com
ggardner@cpousa.com,Ggardner,,Ggardner,,Unknown,Cpousa,,None,,Not Found,ggardner@cpousa.com
jkahl@cpousa.com,Jkahl,,Jkahl,,Unknown,Cpousa,,None,,Not Found,jkahl@cpousa.com
emalone@cpousa.com,Emalone,,Emalone,,Unknown,Cpousa,,None,,Not Found,emalone@cpousa.com
eboomer@cpousa.com,Eboomer,,Eboomer,CEO,Owner / Executive (C-Suite),Cpousa,,Low,LinkedIn / Web Search,Found,eboomer@cpousa.com
tessa.chancey@lifestance.com,Tessa,Chancey,Tessa Chancey,Dentist,Practitioner / Doctor / Faculty,Lifestance,,Low,LinkedIn / Web Search,Found,tessa.chancey@lifestance.com
buntinge@tidelinepsych.com,Buntinge,,Buntinge,,Unknown,Tidelinepsych,,None,,Not Found,buntinge@tidelinepsych.com
sarah@cpsychiatricsolutions.com,Sarah,,Sarah,,Unknown,Cpsychiatricsolutions,,None,,Not Found,sarah@cpsychiatricsolutions.com
tms@lhpsych.com,Tms,,Tms,,Unknown,Lhpsych,,None,,Not Found,tms@lhpsych.com
pblake@cpousa.com,Pblake,,Pblake,,Unknown,Cpousa,,None,,Not Found,pblake@cpousa.com
rbullen@cpousa.com,Rbullen,,Rbullen,,Unknown,Cpousa,,None,,Not Found,rbullen@cpousa.com
leann.bauernfeind@lhpsych.com,Leann,Bauernfeind,Leann Bauernfeind,,Unknown,Lhpsych,,None,,Not Found,leann.bauernfeind@lhpsych.com
manami.montgomery@lhpsych.com,Manami,Montgomery,Manami Montgomery,,Unknown,Lhpsych,,None,,Not Found,manami.montgomery@lhpsych.com
dpmurphy@pacificpsychiatry.com,Dpmurphy,,Dpmurphy,,Unknown,Pacificpsychiatry,,None,,Not Found,dpmurphy@pacificpsychiatry.com
avelez@elevatepsychiatry.com,Avelez,,Avelez,,Unknown,Elevatepsychiatry,,None,,Not Found,avelez@elevatepsychiatry.com
corey@flowstatepsych.com,Corey,,Corey,,Unknown,Flowstatepsych,,None,,Not Found,corey@flowstatepsych.com
info@araratpsychiatry.com,,,,General Inbox / Staff,Staff / Coordinator,Araratpsychiatry,,Medium,Role-based Mailbox,Role-Based,info@araratpsychiatry.com
lpadasay@compassionatepsychiatry.org,Lpadasay,,Lpadasay,,Unknown,Compassionatepsychiatry,,None,,Not Found,lpadasay@compassionatepsychiatry.org
sbaliguat@compassionatepsychiatry.org,Sbaliguat,,Sbaliguat,,Unknown,Compassionatepsychiatry,,None,,Not Found,sbaliguat@compassionatepsychiatry.org
pbhatia@elevatepsychiatry.com,Pbhatia,,Pbhatia,,Unknown,Elevatepsychiatry,,None,,Not Found,pbhatia@elevatepsychiatry.com
yhenriquez@elevatepsychiatry.com,Yhenriquez,,Yhenriquez,,Unknown,Elevatepsychiatry,,None,,Not Found,yhenriquez@elevatepsychiatry.com
shidalgo@elevatepsychiatry.com,Shidalgo,,Shidalgo,,Unknown,Elevatepsychiatry,,None,,Not Found,shidalgo@elevatepsychiatry.com
anieto@elevatepsychiatry.com,Anieto,,Anieto,,Unknown,Elevatepsychiatry,,None,,Not Found,anieto@elevatepsychiatry.com
nchalapud@elevatepsychiatry.com,Nchalapud,,Nchalapud,,Unknown,Elevatepsychiatry,,None,,Not Found,nchalapud@elevatepsychiatry.com
lortega@elevatepsychiatry.com,Lortega,,Lortega,,Unknown,Elevatepsychiatry,,None,,Not Found,lortega@elevatepsychiatry.com
frodriguez@greenbrooktms.com,Frodriguez,,Frodriguez,GP Maddington,Professional,Greenbrooktms,,Low,LinkedIn / Web Search,Found,frodriguez@greenbrooktms.com
tracimarando@familypsychiatricservices.com,Tracimarando,,Tracimarando,,Unknown,Family Psychiatricservices,,None,,Not Found,tracimarando@familypsychiatricservices.com
mjimenez@elevatepsychiatry.com,Mjimenez,,Mjimenez,,Unknown,Elevatepsychiatry,,None,,Not Found,mjimenez@elevatepsychiatry.com
dorozco@elevatepsychiatry.com,Dorozco,,Dorozco,,Unknown,Elevatepsychiatry,,None,,Not Found,dorozco@elevatepsychiatry.com
jsussal@greenbrooktms.com,Jsussal,,Jsussal,,Unknown,Greenbrooktms,,None,,Not Found,jsussal@greenbrooktms.com
eparsons@greenbrooktms.com,Eparsons,,Eparsons,,Unknown,Greenbrooktms,,None,,Not Found,eparsons@greenbrooktms.com
kcress@greenbrooktms.com,Kcress,,Kcress,Manage Your Google Password Manager PIN,Manager / Admin,Greenbrooktms,,Low,LinkedIn / Web Search,Found,kcress@greenbrooktms.com
bneumann@greenbrooktms.com,Bneumann,,Bneumann,,Unknown,Greenbrooktms,,None,,Not Found,bneumann@greenbrooktms.com
lblaylock@greenbrooktms.com,Lblaylock,,Lblaylock,,Unknown,Greenbrooktms,,None,,Not Found,lblaylock@greenbrooktms.com
mkupiec@greenbrooktms.com,Mkupiec,,Mkupiec,,Unknown,Greenbrooktms,,None,,Not Found,mkupiec@greenbrooktms.com
jvolkwijn@greenbrooktms.com,Jvolkwijn,,Jvolkwijn,,Unknown,Greenbrooktms,,None,,Not Found,jvolkwijn@greenbrooktms.com
nlowry@greenbrooktms.com,Nlowry,,Nlowry,,Unknown,Greenbrooktms,,None,,Not Found,nlowry@greenbrooktms.com
bpowers@psychmc.com,Bpowers,,Bpowers,,Unknown,Psychmc,,None,,Not Found,bpowers@psychmc.com
brian.delano@psychmc.com,Brian,Delano,Brian Delano,,Unknown,Psychmc,,None,,Not Found,brian.delano@psychmc.com
cdennis@tmsneurosolutions.com,Cdennis,,Cdennis,,Unknown,Tmsneurosolutions,,None,,Not Found,cdennis@tmsneurosolutions.com
mmusic@psychmc.com,Mmusic,,Mmusic,,Unknown,Psychmc,,None,,Not Found,mmusic@psychmc.com
sbevis@psychmc.com,Sbevis,,Sbevis,,Unknown,Psychmc,,None,,Not Found,sbevis@psychmc.com
marissa.lovelady@psychmc.com,Marissa,Lovelady,Marissa Lovelady,,Unknown,Psychmc,,None,,Not Found,marissa.lovelady@psychmc.com
msmith@psychmc.com,Mith,,Mith,,Unknown,Psychmc,,None,,Not Found,msmith@psychmc.com
paul.smith@psychmc.com,Paul,Smith,Paul Smith,,Unknown,Psychmc,,None,,Not Found,paul.smith@psychmc.com
torrie.york@psychmc.com,Torrie,York,Torrie York,Director,Director / VP,Psychmc,,Low,LinkedIn / Web Search,Found,torrie.york@psychmc.com
julie.wisniewski@geodehealth.com,Julie,Wisniewski,Julie Wisniewski,Sameermusic Director,Director / VP,Geode Health,,Low,LinkedIn / Web Search,Found,julie.wisniewski@geodehealth.com
jloewen@psychmc.com,Jloewen,,Jloewen,,Unknown,Psychmc,,None,,Not Found,jloewen@psychmc.com
emma.barker@geodehealth.com,Emma,Barker,Emma Barker,,Unknown,Geode Health,,None,,Not Found,emma.barker@geodehealth.com
oladele.adebogun@geodehealth.com,Oladele,Adebogun,Oladele Adebogun,Psychiatrist,Professional,Geode Health,,Medium,Website (Homepage),Found,oladele.adebogun@geodehealth.com
mmartin@psychmc.com,Mmartin,,Mmartin,,Unknown,Psychmc,,None,,Not Found,mmartin@psychmc.com
astone@primepsychiatrymd.com,Astone,,Astone,,Unknown,Primepsychiatrymd,,None,,Not Found,astone@primepsychiatrymd.com
calen@sanapsychiatric.com,Calen,,Calen,,Unknown,Sanapsychiatric,,None,,Not Found,calen@sanapsychiatric.com
admin@trishajohn.com,,,,General Inbox / Staff,Staff / Coordinator,Trishajohn,,Medium,Role-based Mailbox,Role-Based,admin@trishajohn.com
amanda@rogerspsychotherapy.com,Amanda,,Amanda,,Unknown,Rogerspsychotherapy,,None,,Not Found,amanda@rogerspsychotherapy.com
ncg@noelcgonzalezpsychotherapy.com,Ncg,,Ncg,Specialist,Staff / Coordinator,Noelcgonzalezpsychotherapy,,Medium,LinkedIn / Web Search,Found,ncg@noelcgonzalezpsychotherapy.com
aabington@primepsychiatrymd.com,Aabington,,Aabington,,Unknown,Primepsychiatrymd,,None,,Not Found,aabington@primepsychiatrymd.com
cfloreani@primepsychiatrymd.com,Cfloreani,,Cfloreani,,Unknown,Primepsychiatrymd,,None,,Not Found,cfloreani@primepsychiatrymd.com
jsackley@primepsychiatrymd.com,Jsackley,,Jsackley,,Unknown,Primepsychiatrymd,,None,,Not Found,jsackley@primepsychiatrymd.com
hjackson@fayettehealthdept.org,Hjackson,,Hjackson,EPFO Assistant 2019 Admit Will Be Releasing Soon,Staff / Coordinator,Fayette Health Dept,,Low,LinkedIn / Web Search,Found,hjackson@fayettehealthdept.org
jjones@mcboh.com,Jjones,,Jjones,,Unknown,Mcboh,,None,,Not Found,jjones@mcboh.com
lsiler@mcboh.com,Lsiler,,Lsiler,,Unknown,Mcboh,,None,,Not Found,lsiler@mcboh.com
susana.rinderle@doh.nm.gov,Susana,Rinderle,Susana Rinderle,,Unknown,Doh,,None,,Not Found,susana.rinderle@doh.nm.gov
amanda.russell@pchdtx.org,Amanda,Russell,Amanda Russell,,Unknown,Pchdtx,,None,,Not Found,amanda.russell@pchdtx.org
kdepew@fayettehealthdept.org,Kdepew,,Kdepew,,Unknown,Fayette Health Dept,,None,,Not Found,kdepew@fayettehealthdept.org
terry.schleder@doh.nm.gov,Terry,Schleder,Terry Schleder,,Unknown,Doh,,None,,Not Found,terry.schleder@doh.nm.gov
christopher.harris@doh.nm.gov,Christopher,Harris,Christopher Harris,,Unknown,Doh,,None,,Not Found,christopher.harris@doh.nm.gov
pamela.flores@doh.nm.gov,Pamela,Flores,Pamela Flores,,Unknown,Doh,,None,,Not Found,pamela.flores@doh.nm.gov
leif.gregory@doh.nm.gov,Leif,Gregory,Leif Gregory,,Unknown,Doh,,None,,Not Found,leif.gregory@doh.nm.gov
alexander.cutler@doh.nm.gov,Alexander,Cutler,Alexander Cutler,,Unknown,Doh,,None,,Not Found,alexander.cutler@doh.nm.gov
erothschild@bmorehealthe.com,Erothschild,,Erothschild,,Unknown,Bmore Health E,,None,,Not Found,erothschild@bmorehealthe.com
brett.siefert@lchdmo.org,Brett,Siefert,Brett Siefert,,Unknown,Lchdmo,,None,,Not Found,brett.siefert@lchdmo.org
greg.roberts@adph.state.al.us,Greg,Roberts,Greg Roberts,,Unknown,Adph,,None,,Not Found,greg.roberts@adph.state.al.us
bmontas@wuft.org,Bmontas,,Bmontas,,Unknown,Wuft,,None,,Not Found,bmontas@wuft.org
bgreen@bmorehealthe.com,Bgreen,,Bgreen,,Unknown,Bmore Health E,,None,,Not Found,bgreen@bmorehealthe.com
avivanco@wuft.org,Avivanco,,Avivanco,,Unknown,Wuft,,None,,Not Found,avivanco@wuft.org
lisa@amorepr.com,Lisa,,Lisa,Principal,Owner / Executive (C-Suite),Amorepr,,Medium,Website (/about/),Found,lisa@amorepr.com
jking@bayareachest.com,Jking,,Jking,,Unknown,Bayareachest,,None,,Not Found,jking@bayareachest.com
mginsberg@wuft.org,Mginsberg,,Mginsberg,,Unknown,Wuft,,None,,Not Found,mginsberg@wuft.org
mlombardi@psadocs.com,Mlombardi,,Mlombardi,Chief Technology Officer,Owner / Executive (C-Suite),Psadocs,,Low,LinkedIn / Web Search,Found,mlombardi@psadocs.com
ksims@wuft.org,Ksims,,Ksims,,Unknown,Wuft,,None,,Not Found,ksims@wuft.org
twhite@psadocs.com,Twhite,,Twhite,,Unknown,Psadocs,,None,,Not Found,twhite@psadocs.com
dbadertscher@psadocs.com,Dbadertscher,,Dbadertscher,,Unknown,Psadocs,,None,,Not Found,dbadertscher@psadocs.com
pmehta@psadocs.com,Pmehta,,Pmehta,,Unknown,Psadocs,,None,,Not Found,pmehta@psadocs.com
acavanagh@psadocs.com,Acavanagh,,Acavanagh,,Unknown,Psadocs,,None,,Not Found,acavanagh@psadocs.com
jmeyer@psadocs.com,Jmeyer,,Jmeyer,,Unknown,Psadocs,,None,,Not Found,jmeyer@psadocs.com
rmacmicking@psadocs.com,Rmacmicking,,Rmacmicking,,Unknown,Psadocs,,None,,Not Found,rmacmicking@psadocs.com
llanier@psadocs.com,Llanier,,Llanier,,Unknown,Psadocs,,None,,Not Found,llanier@psadocs.com
jvanvorst@psadocs.com,Jvanvorst,,Jvanvorst,,Unknown,Psadocs,,None,,Not Found,jvanvorst@psadocs.com
rmehok@psadocs.com,Rmehok,,Rmehok,,Unknown,Psadocs,,None,,Not Found,rmehok@psadocs.com
ccrosby@psadocs.com,Ccrosby,,Ccrosby,,Unknown,Psadocs,,None,,Not Found,ccrosby@psadocs.com
mgarcia@psadocs.com,Mgarcia,,Mgarcia,,Unknown,Psadocs,,None,,Not Found,mgarcia@psadocs.com
akerby@psadocs.com,Akerby,,Akerby,,Unknown,Psadocs,,None,,Not Found,akerby@psadocs.com
spitrucha@psadocs.com,Spitrucha,,Spitrucha,Your AI Assistant From Google,Staff / Coordinator,Psadocs,,Low,LinkedIn / Web Search,Found,spitrucha@psadocs.com
phartman@psadocs.com,Phartman,,Phartman,,Unknown,Psadocs,,None,,Not Found,phartman@psadocs.com
rstringham@psadocs.com,Rstringham,,Rstringham,,Unknown,Psadocs,,None,,Not Found,rstringham@psadocs.com
aholthofer@psadocs.com,Aholthofer,,Aholthofer,,Unknown,Psadocs,,None,,Not Found,aholthofer@psadocs.com
lstech@psadocs.com,Lstech,,Lstech,,Unknown,Psadocs,,None,,Not Found,lstech@psadocs.com
lfuller@psadocs.com,Lfuller,,Lfuller,,Unknown,Psadocs,,None,,Not Found,lfuller@psadocs.com
akachele@psadocs.com,Akachele,,Akachele,,Unknown,Psadocs,,None,,Not Found,akachele@psadocs.com
cwilliamson@psadocs.com,Cwilliamson,,Cwilliamson,,Unknown,Psadocs,,None,,Not Found,cwilliamson@psadocs.com
ngonzalez@lungdoctors.com,Ngonzalez,,Ngonzalez,,Unknown,Lungdoctors,,None,,Not Found,ngonzalez@lungdoctors.com
jpisani@psadocs.com,Jpisani,,Jpisani,,Unknown,Psadocs,,None,,Not Found,jpisani@psadocs.com
btrespalacios@lungdoctors.com,Btrespalacios,,Btrespalacios,,Unknown,Lungdoctors,,None,,Not Found,btrespalacios@lungdoctors.com
igarciacbo@lungdoctors.com,Igarciacbo,,Igarciacbo,,Unknown,Lungdoctors,,None,,Not Found,igarciacbo@lungdoctors.com
klovell@pulmed.com,Klovell,,Klovell,,Unknown,Pulmed,,None,,Not Found,klovell@pulmed.com
jkadakia@clarksvillepulmonary.com,Jkadakia,,Jkadakia,,Unknown,Clarksvillepulmonary,,None,,Not Found,jkadakia@clarksvillepulmonary.com
abenavidez@arkansaslungcenter.com,Abenavidez,,Abenavidez,,Unknown,Arkansaslung Center,,None,,Not Found,abenavidez@arkansaslungcenter.com
ajackson@arkansaslungcenter.com,Ajackson,,Ajackson,,Unknown,Arkansaslung Center,,None,,Not Found,ajackson@arkansaslungcenter.com
mphandanouvong@arkansaslungcenter.com,Mphandanouvong,,Mphandanouvong,,Unknown,Arkansaslung Center,,None,,Not Found,mphandanouvong@arkansaslungcenter.com
rahman@advancedmidwestradiology.com,Rahman,,Rahman,,Unknown,Advancedmidwestradiology,,None,,Not Found,rahman@advancedmidwestradiology.com
ashishvyas@advancedmidwestradiology.com,Ashishvyas,,Ashishvyas,,Unknown,Advancedmidwestradiology,,None,,Not Found,ashishvyas@advancedmidwestradiology.com
trent.sutton@harcourts.net,Trent,Sutton,Trent Sutton,Chief Marketing Officer,Owner / Executive (C-Suite),Harcourts,,Medium,Website (/corporate-leadership),Found,trent.sutton@harcourts.net
eshna.kumar@ljhooker.com.au,Eshna,Kumar,Eshna Kumar,,Unknown,Ljhooker,,None,,Not Found,eshna.kumar@ljhooker.com.au
sregan@ljhooker.com,Sregan,,Sregan,,Unknown,Ljhooker,,None,,Not Found,sregan@ljhooker.com
richards@rejuvmedical.com,Richards,,Richards,,Unknown,Rejuv Medical,,None,,Not Found,richards@rejuvmedical.com
garrett@rejuvmedical.com,Garrett,,Garrett,Chief Executive Officer,Owner / Executive (C-Suite),Rejuv Medical,,Medium,Website (/about),Found,garrett@rejuvmedical.com
jenf@rejuvmedical.com,Jenf,,Jenf,,Unknown,Rejuv Medical,,None,,Not Found,jenf@rejuvmedical.com
jennifere@rejuvmedical.com,Jennifere,,Jennifere,,Unknown,Rejuv Medical,,None,,Not Found,jennifere@rejuvmedical.com
cwallbank.pemberton@ljh.com.au,Cwallbank,Pemberton,Cwallbank Pemberton,,Unknown,Ljh,,None,,Not Found,cwallbank.pemberton@ljh.com.au
brittney@rejuvmedical.com,Brittney,,Brittney,Physical Therapist,Practitioner / Doctor / Faculty,Rejuv Medical,,Medium,Website (/about),Found,brittney@rejuvmedical.com
ashleyj@rejuvmedical.com,Ashleyj,,Ashleyj,,Unknown,Rejuv Medical,,None,,Not Found,ashleyj@rejuvmedical.com
katel@rejuvmedical.com,Katel,,Katel,,Unknown,Rejuv Medical,,None,,Not Found,katel@rejuvmedical.com
chrish@rejuvmedical.com,Chrish,,Chrish,,Unknown,Rejuv Medical,,None,,Not Found,chrish@rejuvmedical.com
tim@rejuvmedical.com,Tim,,Tim,Dental Assistant,Staff / Coordinator,Rejuv Medical,,Medium,Website (Homepage),Found,tim@rejuvmedical.com
hpapucci@maerie.org,Hpapucci,,Hpapucci,CEO,Owner / Executive (C-Suite),Maerie,,Low,LinkedIn / Web Search,Found,hpapucci@maerie.org
jasons@rejuvmedical.com,Jasons,,Jasons,,Unknown,Rejuv Medical,,None,,Not Found,jasons@rejuvmedical.com
marcy.mitchell@crcamerica.org,Marcy,Mitchell,Marcy Mitchell,,Unknown,Crcamerica,,None,,Not Found,marcy.mitchell@crcamerica.org
jnejman@maerie.org,Jnejman,,Jnejman,Associate,Staff / Coordinator,Maerie,,Low,LinkedIn / Web Search,Found,jnejman@maerie.org
yhatrid@alssaro.com,Yhatrid,,Yhatrid,,Unknown,Alssaro,,None,,Not Found,yhatrid@alssaro.com
travis.mcgrady@reviverx.com,Travis,Mcgrady,Travis Mcgrady,Partner,Owner / Executive (C-Suite),Reviverx,,Low,LinkedIn / Web Search,Found,travis.mcgrady@reviverx.com
john.bowenkamp@reviverx.com,John,Bowenkamp,John Bowenkamp,,Unknown,Reviverx,,None,,Not Found,john.bowenkamp@reviverx.com
ken@reviverx.com,Ken,,Ken,,Unknown,Reviverx,,None,,Not Found,ken@reviverx.com
sbachmaier@maerie.org,Sbachmaier,,Sbachmaier,,Unknown,Maerie,,None,,Not Found,sbachmaier@maerie.org
shannon@reviverx.com,Shannon,,Shannon,,Unknown,Reviverx,,None,,Not Found,shannon@reviverx.com
mbaker@maerie.org,Mbaker,,Mbaker,,Unknown,Maerie,,None,,Not Found,mbaker@maerie.org
christine.eskandar@reviverx.com,Christine,Eskandar,Christine Eskandar,,Unknown,Reviverx,,None,,Not Found,christine.eskandar@reviverx.com
moragant@reviverx.com,Moragant,,Moragant,,Unknown,Reviverx,,None,,Not Found,moragant@reviverx.com
amber@reviverx.com,Amber,,Amber,,Unknown,Reviverx,,None,,Not Found,amber@reviverx.com
mary@reviverx.com,Mary,,Mary,,Unknown,Reviverx,,None,,Not Found,mary@reviverx.com
don.mueller@siskin.org,Don,Mueller,Don Mueller,Director,Director / VP,Siskin,,Low,LinkedIn / Web Search,Found,don.mueller@siskin.org
pablo@mactivity.com,Pablo,,Pablo,,Unknown,Mactivity,,None,,Not Found,pablo@mactivity.com
atotaro@christianhealthnj.org,Atotaro,,Atotaro,,Unknown,Christian Health Nj,,None,,Not Found,atotaro@christianhealthnj.org
daiana@acerehab.com,Daiana,,Daiana,,Unknown,Acerehab,,None,,Not Found,daiana@acerehab.com
laxmi@acerehab.com,Laxmi,,Laxmi,,Unknown,Acerehab,,None,,Not Found,laxmi@acerehab.com
kayla.winslow@siskin.org,Kayla,Winslow,Kayla Winslow,Owner,Owner / Executive (C-Suite),Siskin,,Low,LinkedIn / Web Search,Found,kayla.winslow@siskin.org
ngiambrone@rainiercenter.com,Ngiambrone,,Ngiambrone,,Unknown,Rainier Center,,None,,Not Found,ngiambrone@rainiercenter.com
eden.smyth@siskin.org,Eden,Smyth,Eden Smyth,,Unknown,Siskin,,None,,Not Found,eden.smyth@siskin.org
shannon.york@siskin.org,Shannon,York,Shannon York,,Unknown,Siskin,,None,,Not Found,shannon.york@siskin.org
noah.perales@siskin.org,Noah,Perales,Noah Perales,,Unknown,Siskin,,None,,Not Found,noah.perales@siskin.org
scollins@gsrh.org,Scollins,,Scollins,Principal,Owner / Executive (C-Suite),Gsrh,,Low,LinkedIn / Web Search,Found,scollins@gsrh.org
lauren.overstreet@encompasshealth.com,Lauren,Overstreet,Lauren Overstreet,"Global Technology, Cloud & AI Solutions Partner",Owner / Executive (C-Suite),Encompass Health,,Low,LinkedIn / Web Search,Found,lauren.overstreet@encompasshealth.com
mark.bussell@encompasshealth.com,Mark,Bussell,Mark Bussell,Operations Manager,Manager / Admin,Encompass Health,,Low,LinkedIn / Web Search,Found,mark.bussell@encompasshealth.com
mabryant@selectmedical.com,Mabryant,,Mabryant,,Unknown,Select Medical,,None,,Not Found,mabryant@selectmedical.com
mspigel@gsrh.org,Pigel,,Pigel,,Unknown,Gsrh,,None,,Not Found,mspigel@gsrh.org
mmarykwas@gsrh.org,Mmarykwas,,Mmarykwas,,Unknown,Gsrh,,None,,Not Found,mmarykwas@gsrh.org
jessica.agee@encompasshealth.com,Jessica,Agee,Jessica Agee,,Unknown,Encompass Health,,None,,Not Found,jessica.agee@encompasshealth.com
wbrummett@broadriverrehab.com,Wbrummett,,Wbrummett,,Unknown,Broadriverrehab,,None,,Not Found,wbrummett@broadriverrehab.com
faris.shteyh@broadriverrehab.com,Faris,Shteyh,Faris Shteyh,,Unknown,Broadriverrehab,,None,,Not Found,faris.shteyh@broadriverrehab.com
lmuller@choices.org,Lmuller,,Lmuller,,Unknown,Choices,,None,,Not Found,lmuller@choices.org
nikki.pegues@broadriverrehab.com,Nikki,Pegues,Nikki Pegues,,Unknown,Broadriverrehab,,None,,Not Found,nikki.pegues@broadriverrehab.com
chris.andree@encompasshealth.com,Chris,Andree,Chris Andree,,Unknown,Encompass Health,,None,,Not Found,chris.andree@encompasshealth.com
rachel.bakies@breathingassociation.org,Rachel,Bakies,Rachel Bakies,Chief Financial Officer,Owner / Executive (C-Suite),Breathingassociation,,Medium,Website (/about-us/leadership-team-contacts/),Found,rachel.bakies@breathingassociation.org
iyaad.hasan@breathingassociation.org,Iyaad,Hasan,Iyaad Hasan,Chief Executive Officer,Owner / Executive (C-Suite),Breathingassociation,,Medium,Website (/about-us/leadership-team-contacts/),Found,iyaad.hasan@breathingassociation.org
susan.spiert@breathingassociation.org,Susan,Spiert,Susan Spiert,Director,Director / VP,Breathingassociation,,Medium,Website (/about-us/leadership-team-contacts/),Found,susan.spiert@breathingassociation.org
bernita.white@breathingassociation.org,Bernita,White,Bernita White,,Unknown,Breathingassociation,,None,,Not Found,bernita.white@breathingassociation.org
michelle.floyd@breathingassociation.org,Michelle,Floyd,Michelle Floyd,,Unknown,Breathingassociation,,None,,Not Found,michelle.floyd@breathingassociation.org
kandace.cates@breathingassociation.org,Kandace,Cates,Kandace Cates,,Unknown,Breathingassociation,,None,,Not Found,kandace.cates@breathingassociation.org
vernice.wright@breathingassociation.org,Vernice,Wright,Vernice Wright,,Unknown,Breathingassociation,,None,,Not Found,vernice.wright@breathingassociation.org
hailey.scott@retinacentertx.com,Hailey,Scott,Hailey Scott,Founder,Owner / Executive (C-Suite),Retina Center Tx,,Low,LinkedIn / Web Search,Found,hailey.scott@retinacentertx.com
starla.mason@breathingassociation.org,Starla,Mason,Starla Mason,,Unknown,Breathingassociation,,None,,Not Found,starla.mason@breathingassociation.org
arshad.rais@retinacentertx.com,Arshad,Rais,Arshad Rais,,Unknown,Retina Center Tx,,None,,Not Found,arshad.rais@retinacentertx.com
elman@elmanretina.com,Elman,,Elman,,Unknown,Elmanretina,,None,,Not Found,elman@elmanretina.com
esposito@elmanretina.com,Esposito,,Esposito,Director,Director / VP,Elmanretina,,Medium,LinkedIn / Web Search,Found,esposito@elmanretina.com
maguire.kate@heb.com,Maguire,Kate,Maguire Kate,,Unknown,Heb,,None,,Not Found,maguire.kate@heb.com
mmuzones@janigianretina.com,Mmuzones,,Mmuzones,,Unknown,Janigianretina,,None,,Not Found,mmuzones@janigianretina.com
sotirakos@elmanretina.com,Sotirakos,,Sotirakos,,Unknown,Elmanretina,,None,,Not Found,sotirakos@elmanretina.com
mcunningham@floridaretinainstitute.com,Mcunningham,,Mcunningham,,Unknown,Floridaretinainstitute,,None,,Not Found,mcunningham@floridaretinainstitute.com
nicole@floridaretinainstitute.com,Nicole,,Nicole,,Unknown,Floridaretinainstitute,,None,,Not Found,nicole@floridaretinainstitute.com
jayak@floridaretinainstitute.com,Jayak,,Jayak,,Unknown,Floridaretinainstitute,,None,,Not Found,jayak@floridaretinainstitute.com
dreichstein@tnretina.com,Eichstein,,Eichstein,Python Install Manager 26.3 …,Manager / Admin,Tnretina,,Low,LinkedIn / Web Search,Found,dreichstein@tnretina.com
hgabr@tnretina.com,Hgabr,,Hgabr,,Unknown,Tnretina,,None,,Not Found,hgabr@tnretina.com
mwillis@tnretina.com,Mwillis,,Mwillis,,Unknown,Tnretina,,None,,Not Found,mwillis@tnretina.com
cwilliard@tnretina.com,Cwilliard,,Cwilliard,,Unknown,Tnretina,,None,,Not Found,cwilliard@tnretina.com
jbrown@retinaconsultants.net,Jbrown,,Jbrown,,Unknown,Retinaconsultants,,None,,Not Found,jbrown@retinaconsultants.net
k.ortiz@retinacharleston.com,K,Ortiz,K Ortiz,,Unknown,Retinacharleston,,None,,Not Found,k.ortiz@retinacharleston.com
dbitondo@tnretina.com,Dbitondo,,Dbitondo,,Unknown,Tnretina,,None,,Not Found,dbitondo@tnretina.com
vcooper@brandywinerheumatology.com,Vcooper,,Vcooper,Microsoft CEO and Key Executive Team,Owner / Executive (C-Suite),Brandywinerheumatology,,Low,LinkedIn / Web Search,Found,vcooper@brandywinerheumatology.com
rbryan@janigianretina.com,Rbryan,,Rbryan,,Unknown,Janigianretina,,None,,Not Found,rbryan@janigianretina.com
hnorton@sfrheumatology.com,Hnorton,,Hnorton,,Unknown,Sfrheumatology,,None,,Not Found,hnorton@sfrheumatology.com
jsmith@rheumatologycarecenter.com,Jsmith,,Jsmith,,Unknown,Rheumatology Care Center,,None,,Not Found,jsmith@rheumatologycarecenter.com
agrace@coloradoarthritis.com,Agrace,,Agrace,Director,Director / VP,Coloradoarthritis,,Low,LinkedIn / Web Search,Found,agrace@coloradoarthritis.com
dac@dallasarthritiscenter.com,Dac,,Dac,,Unknown,Dallasarthritis Center,,None,,Not Found,dac@dallasarthritiscenter.com
haley@atxroboticsurgery.com,Haley,,Haley,Founder,Owner / Executive (C-Suite),Atxrobotic Surgery,,Low,LinkedIn / Web Search,Found,haley@atxroboticsurgery.com
alysa@bayarthritis.com,Alysa,,Alysa,,Unknown,Bayarthritis,,None,,Not Found,alysa@bayarthritis.com
dtoler@stormguardrc.com,Dtoler,,Dtoler,Ads Manager,Manager / Admin,Stormguardrc,,Low,LinkedIn / Web Search,Found,dtoler@stormguardrc.com
jordan@bayarthritis.com,Jordan,,Jordan,Physician Assistant,Practitioner / Doctor / Faculty,Bayarthritis,,Medium,Website (/about-us/),Found,jordan@bayarthritis.com
pdara@dallasarthritiscenter.com,Pdara,,Pdara,,Unknown,Dallasarthritis Center,,None,,Not Found,pdara@dallasarthritiscenter.com
theath@freddyandsonroofing.com,Theath,,Theath,,Unknown,Freddyandsonroofing,,None,,Not Found,theath@freddyandsonroofing.com
jcarter@ocracokehealthcenter.org,Jcarter,,Jcarter,,Unknown,Ocracoke Health Center,,None,,Not Found,jcarter@ocracokehealthcenter.org
loneal@ocracokehealthcenter.org,Loneal,,Loneal,,Unknown,Ocracoke Health Center,,None,,Not Found,loneal@ocracokehealthcenter.org
moneal@ocracokehealthcenter.org,Moneal,,Moneal,,Unknown,Ocracoke Health Center,,None,,Not Found,moneal@ocracokehealthcenter.org
dowens@ocracokehealthcenter.org,Dowens,,Dowens,,Unknown,Ocracoke Health Center,,None,,Not Found,dowens@ocracokehealthcenter.org
jparrish@ocracokehealthcenter.org,Jparrish,,Jparrish,,Unknown,Ocracoke Health Center,,None,,Not Found,jparrish@ocracokehealthcenter.org
kawanza.dukes@gccisd.net,Kawanza,Dukes,Kawanza Dukes,,Unknown,Gccisd,,None,,Not Found,kawanza.dukes@gccisd.net
robert.phelan@fcps.org,Robert,Phelan,Robert Phelan,,Unknown,Fcps,,None,,Not Found,robert.phelan@fcps.org
erin.orr@fcps.org,Erin,Orr,Erin Orr,,Unknown,Fcps,,None,,Not Found,erin.orr@fcps.org
sarah.sirgo@fcps.org,Sarah,Sirgo,Sarah Sirgo,,Unknown,Fcps,,None,,Not Found,sarah.sirgo@fcps.org
edward.reinhold@fcps.org,Edward,Reinhold,Edward Reinhold,,Unknown,Fcps,,None,,Not Found,edward.reinhold@fcps.org
steven.blivess@fcps.org,Steven,Blivess,Steven Blivess,,Unknown,Fcps,,None,,Not Found,steven.blivess@fcps.org
devon.troy@fcps.org,Devon,Troy,Devon Troy,,Unknown,Fcps,,None,,Not Found,devon.troy@fcps.org
christopher.stack@fcps.org,Christopher,Stack,Christopher Stack,,Unknown,Fcps,,None,,Not Found,christopher.stack@fcps.org
jennifer.kaufman@fcps.org,Jennifer,Kaufman,Jennifer Kaufman,,Unknown,Fcps,,None,,Not Found,jennifer.kaufman@fcps.org
cthompson@cosi.org,Cthompson,,Cthompson,To Open IIS Manager,Manager / Admin,Cosi,,Low,LinkedIn / Web Search,Found,cthompson@cosi.org
swhite@cosi.org,Swhite,,Swhite,President,Owner / Executive (C-Suite),Cosi,,Low,LinkedIn / Web Search,Found,swhite@cosi.org
mackenzi.carr@fcps.org,Mackenzi,Carr,Mackenzi Carr,,Unknown,Fcps,,None,,Not Found,mackenzi.carr@fcps.org
twatkins@cosi.org,Twatkins,,Twatkins,,Unknown,Cosi,,None,,Not Found,twatkins@cosi.org
cpeters@cosi.org,Cpeters,,Cpeters,,Unknown,Cosi,,None,,Not Found,cpeters@cosi.org
tcarter@cosi.org,Tcarter,,Tcarter,,Unknown,Cosi,,None,,Not Found,tcarter@cosi.org
kwilliams@cosi.org,Kwilliams,,Kwilliams,,Unknown,Cosi,,None,,Not Found,kwilliams@cosi.org
ksmith@cosi.org,Ksmith,,Ksmith,Analyst,Professional,Cosi,,Low,LinkedIn / Web Search,Found,ksmith@cosi.org
amcvey@cosi.org,Amcvey,,Amcvey,,Unknown,Cosi,,None,,Not Found,amcvey@cosi.org
jsarver@cosi.org,Jsarver,,Jsarver,,Unknown,Cosi,,None,,Not Found,jsarver@cosi.org
hrvaccaro@vectorsecurity.com,Hrvaccaro,,Hrvaccaro,,Unknown,Vectorsecurity,,None,,Not Found,hrvaccaro@vectorsecurity.com
csthropp@vectorsecurity.com,Csthropp,,Csthropp,,Unknown,Vectorsecurity,,None,,Not Found,csthropp@vectorsecurity.com
dapolvinale@vectorsecurity.com,Dapolvinale,,Dapolvinale,,Unknown,Vectorsecurity,,None,,Not Found,dapolvinale@vectorsecurity.com
patrick@digital-watchdog.com,Patrick,,Patrick,Senior Director of Strategy,Director / VP,Digital Watchdog,,Medium,Website (/page/management-team/),Found,patrick@digital-watchdog.com
mark@coast2coastsecurity.co.uk,Mark,,Mark,,Unknown,Coast2coastsecurity,,None,,Not Found,mark@coast2coastsecurity.co.uk
mnorvell@bayaging.org,Mnorvell,,Mnorvell,,Unknown,Bayaging,,None,,Not Found,mnorvell@bayaging.org
sprice@bayaging.org,Sprice,,Sprice,,Unknown,Bayaging,,None,,Not Found,sprice@bayaging.org
marthur@bayaging.org,Marthur,,Marthur,,Unknown,Bayaging,,None,,Not Found,marthur@bayaging.org
mligon@bayaging.org,Mligon,,Mligon,,Unknown,Bayaging,,None,,Not Found,mligon@bayaging.org
pfrere@bayaging.org,Pfrere,,Pfrere,,Unknown,Bayaging,,None,,Not Found,pfrere@bayaging.org
shudgins@bayaging.org,Shudgins,,Shudgins,,Unknown,Bayaging,,None,,Not Found,shudgins@bayaging.org
kvesley@bayaging.org,Kvesley,,Kvesley,Principal,Owner / Executive (C-Suite),Bayaging,,Low,LinkedIn / Web Search,Found,kvesley@bayaging.org
jgemerek@bayaging.org,Jgemerek,,Jgemerek,Associate,Staff / Coordinator,Bayaging,,Low,LinkedIn / Web Search,Found,jgemerek@bayaging.org
mshaw@masonicpathways.com,Haw,,Haw,,Unknown,Masonicpathways,,None,,Not Found,mshaw@masonicpathways.com
tgoad@bayaging.org,Tgoad,,Tgoad,,Unknown,Bayaging,,None,,Not Found,tgoad@bayaging.org
rjferguson@evergreenhealthcare.org,Rjferguson,,Rjferguson,,Unknown,Evergreen Health Care,,None,,Not Found,rjferguson@evergreenhealthcare.org
jerheinheimer@evergreenhealthcare.org,Jerheinheimer,,Jerheinheimer,,Unknown,Evergreen Health Care,,None,,Not Found,jerheinheimer@evergreenhealthcare.org
eakinnear@evergreenhealthcare.org,Eakinnear,,Eakinnear,,Unknown,Evergreen Health Care,,None,,Not Found,eakinnear@evergreenhealthcare.org
dalikosky@evergreenhealthcare.org,Dalikosky,,Dalikosky,ELECTRIC GRILL OWNER’S GUIDE,Owner / Executive (C-Suite),Evergreen Health Care,,Low,LinkedIn / Web Search,Found,dalikosky@evergreenhealthcare.org
amrana@evergreenhealthcare.org,Amrana,,Amrana,,Unknown,Evergreen Health Care,,None,,Not Found,amrana@evergreenhealthcare.org
fanderson@bayaging.org,Fanderson,,Fanderson,,Unknown,Bayaging,,None,,Not Found,fanderson@bayaging.org
matt.patterson@welbehealth.com,Matt,Patterson,Matt Patterson,President,Owner / Executive (C-Suite),Welbe Health,,Medium,Website (Homepage),Found,matt.patterson@welbehealth.com
josh.niehaus@welbehealth.com,Josh,Niehaus,Josh Niehaus,,Unknown,Welbe Health,,None,,Not Found,josh.niehaus@welbehealth.com
debra.olshefski@welbehealth.com,Debra,Olshefski,Debra Olshefski,,Unknown,Welbe Health,,None,,Not Found,debra.olshefski@welbehealth.com
tifanee.fraser@welbehealth.com,Tifanee,Fraser,Tifanee Fraser,,Unknown,Welbe Health,,None,,Not Found,tifanee.fraser@welbehealth.com
nicole.langenderfer@welbehealth.com,Nicole,Langenderfer,Nicole Langenderfer,,Unknown,Welbe Health,,None,,Not Found,nicole.langenderfer@welbehealth.com
christine.parnell@welbehealth.com,Christine,Parnell,Christine Parnell,,Unknown,Welbe Health,,None,,Not Found,christine.parnell@welbehealth.com
ashley.leverenz@welbehealth.com,Ashley,Leverenz,Ashley Leverenz,,Unknown,Welbe Health,,None,,Not Found,ashley.leverenz@welbehealth.com
shanda.jenkins@welbehealth.com,Shanda,Jenkins,Shanda Jenkins,,Unknown,Welbe Health,,None,,Not Found,shanda.jenkins@welbehealth.com
shelby@conciergecareadvisors.com,Shelby,,Shelby,,Unknown,Concierge Care Advisors,,None,,Not Found,shelby@conciergecareadvisors.com
angharad.bhardwaj@welbehealth.com,Angharad,Bhardwaj,Angharad Bhardwaj,,Unknown,Welbe Health,,None,,Not Found,angharad.bhardwaj@welbehealth.com
heather@conciergecareadvisors.com,Heather,,Heather,,Unknown,Concierge Care Advisors,,None,,Not Found,heather@conciergecareadvisors.com
alexis.montinola@welbehealth.com,Alexis,Montinola,Alexis Montinola,,Unknown,Welbe Health,,None,,Not Found,alexis.montinola@welbehealth.com
kecia@conciergecareadvisors.com,Kecia,,Kecia,,Unknown,Concierge Care Advisors,,None,,Not Found,kecia@conciergecareadvisors.com
agrove@jmsseniorliving.com,Agrove,,Agrove,,Unknown,Jmsseniorliving,,None,,Not Found,agrove@jmsseniorliving.com
cleehaywood@ohmanfamilyliving.com,Cleehaywood,,Cleehaywood,,Unknown,Ohman Family Living,,None,,Not Found,cleehaywood@ohmanfamilyliving.com
qpreston@ohmanfamilyliving.com,Qpreston,,Qpreston,,Unknown,Ohman Family Living,,None,,Not Found,qpreston@ohmanfamilyliving.com
ddamante@ohmanfamilyliving.com,Ddamante,,Ddamante,,Unknown,Ohman Family Living,,None,,Not Found,DDamante@ohmanfamilyliving.com
mbors@ohmanfamilyliving.com,Mbors,,Mbors,,Unknown,Ohman Family Living,,None,,Not Found,mbors@ohmanfamilyliving.com
bbucceri@ohmanfamilyliving.com,Bbucceri,,Bbucceri,,Unknown,Ohman Family Living,,None,,Not Found,bbucceri@ohmanfamilyliving.com
nboutton@ohmanfamilyliving.com,Nboutton,,Nboutton,,Unknown,Ohman Family Living,,None,,Not Found,nboutton@ohmanfamilyliving.com
dyoung@ohmanfamilyliving.com,Dyoung,,Dyoung,,Unknown,Ohman Family Living,,None,,Not Found,dyoung@ohmanfamilyliving.com
jelersich@ohmanfamilyliving.com,Jelersich,,Jelersich,Your AI Assistant From Google,Staff / Coordinator,Ohman Family Living,,Low,LinkedIn / Web Search,Found,jelersich@ohmanfamilyliving.com
aaxcell@nationalchurchresidences.org,Aaxcell,,Aaxcell,,Unknown,Nationalchurchresidences,,None,,Not Found,aaxcell@nationalchurchresidences.org
sbricker@nationalchurchresidences.org,Sbricker,,Sbricker,,Unknown,Nationalchurchresidences,,None,,Not Found,sbricker@nationalchurchresidences.org
jbowers@nationalchurchresidences.org,Jbowers,,Jbowers,,Unknown,Nationalchurchresidences,,None,,Not Found,jbowers@nationalchurchresidences.org
larry@aplaceformom.com,Larry,,Larry,CEO,Owner / Executive (C-Suite),Aplaceformom,,Medium,LinkedIn / Web Search,Found,larry@aplaceformom.com
andy.haws@ovationbyavamere.com,Andy,Haws,Andy Haws,,Unknown,Ovationbyavamere,,None,,Not Found,andy.haws@ovationbyavamere.com
wvoorhees@srlife.net,Wvoorhees,,Wvoorhees,,Unknown,Srlife,,None,,Not Found,wvoorhees@srlife.net
scampos@cenvalss.com,Scampos,,Scampos,,Unknown,Cenvalss,,None,,Not Found,scampos@cenvalss.com
sean.dooley@texashealthaction.org,Sean,Dooley,Sean Dooley,Vice President of Operations,Owner / Executive (C-Suite),Texas Health Action,,Medium,Website (/about-us/),Found,sean.dooley@texashealthaction.org
twilight.thomas@texashealthaction.org,Twilight,Thomas,Twilight Thomas,,Unknown,Texas Health Action,,None,,Not Found,twilight.thomas@texashealthaction.org
erin.dente@texashealthaction.org,Erin,Dente,Erin Dente,Vice President of Operations,Owner / Executive (C-Suite),Texas Health Action,,Medium,Website (/about-us/),Found,erin.dente@texashealthaction.org
ashleigh.arnett@texashealthaction.org,Ashleigh,Arnett,Ashleigh Arnett,and I Am the Chief Business Officer,Owner / Executive (C-Suite),Texas Health Action,,Low,LinkedIn / Web Search,Found,ashleigh.arnett@texashealthaction.org
david.byers@texashealthaction.org,David,Byers,David Byers,Director,Director / VP,Texas Health Action,,Medium,Website (/about-us/),Found,david.byers@texashealthaction.org
william.pugh@texashealthaction.org,William,Pugh,William Pugh,,Unknown,Texas Health Action,,None,,Not Found,william.pugh@texashealthaction.org
michael.carrillo@texashealthaction.org,Michael,Carrillo,Michael Carrillo,Founder,Owner / Executive (C-Suite),Texas Health Action,,Low,LinkedIn / Web Search,Found,michael.carrillo@texashealthaction.org
christopher.hamilton@texashealthaction.org,Christopher,Hamilton,Christopher Hamilton,,Unknown,Texas Health Action,,None,,Not Found,christopher.hamilton@texashealthaction.org
allie.roberts@texashealthaction.org,Allie,Roberts,Allie Roberts,,Unknown,Texas Health Action,,None,,Not Found,allie.roberts@texashealthaction.org
skaggst@claytonsleep.com,Skaggst,,Skaggst,,Unknown,Claytonsleep,,None,,Not Found,skaggst@claytonsleep.com
uhlesm@claytonsleep.com,Uhlesm,,Uhlesm,,Unknown,Claytonsleep,,None,,Not Found,uhlesm@claytonsleep.com
uribec@claytonsleep.com,Uribec,,Uribec,,Unknown,Claytonsleep,,None,,Not Found,uribec@claytonsleep.com
pinsonm@claytonsleep.com,Pinsonm,,Pinsonm,,Unknown,Claytonsleep,,None,,Not Found,pinsonm@claytonsleep.com
kentd@claytonsleep.com,Kentd,,Kentd,,Unknown,Claytonsleep,,None,,Not Found,kentd@claytonsleep.com
wileyj@claytonsleep.com,Wileyj,,Wileyj,,Unknown,Claytonsleep,,None,,Not Found,wileyj@claytonsleep.com
mary@texassleepclinic.com,Mary,,Mary,,Unknown,Texassleep Clinic,,None,,Not Found,mary@texassleepclinic.com
ashley@dreamsleepmedicine.com,Ashley,,Ashley,,Unknown,Dreamsleepmedicine,,None,,Not Found,ashley@dreamsleepmedicine.com
kelli@texassleepclinic.com,Kelli,,Kelli,,Unknown,Texassleep Clinic,,None,,Not Found,kelli@texassleepclinic.com
finderc@claytonsleep.com,Finderc,,Finderc,,Unknown,Claytonsleep,,None,,Not Found,finderc@claytonsleep.com
daniel@respairsleep.com,Daniel,,Daniel,Director,Director / VP,Respairsleep,,Medium,LinkedIn / Web Search,Found,daniel@respairsleep.com
rjain@dreamsleepmedicine.com,Rjain,,Rjain,,Unknown,Dreamsleepmedicine,,None,,Not Found,rjain@dreamsleepmedicine.com
drd@respairsleep.com,Drd,,Drd,,Unknown,Respairsleep,,None,,Not Found,drd@respairsleep.com
stephanie@nationalsleepsolutions.com,Stephanie,,Stephanie,,Unknown,Nationalsleepsolutions,,None,,Not Found,stephanie@nationalsleepsolutions.com
hmassey@sleepandsinuscenters.com,Hmassey,,Hmassey,,Unknown,Sleepandsinus Center S,,None,,Not Found,hmassey@sleepandsinuscenters.com
dnorman@santamonicasleep.com,Dnorman,,Dnorman,,Unknown,Santamonicasleep,,None,,Not Found,dnorman@santamonicasleep.com
jdann@sleepinsights.com,Jdann,,Jdann,,Unknown,Sleepinsights,,None,,Not Found,jdann@sleepinsights.com
icezenwa@melsleep.com,Icezenwa,,Icezenwa,,Unknown,Melsleep,,None,,Not Found,icezenwa@melsleep.com
aaron.morse.md@sleephealthmd.com,Aaron,Md,Aaron Morse Md,,Unknown,Sleep Health Md,,None,,Not Found,aaron.morse.md@sleephealthmd.com
jennifer.acostamadiedo@sleephealthmd.com,Jennifer,Acostamadiedo,Jennifer Acostamadiedo,Physician,Practitioner / Doctor / Faculty,Sleep Health Md,,Medium,Website (/about/meet-our-team/),Found,jennifer.acostamadiedo@sleephealthmd.com
ymedina@completesleepsolutions.com,Ymedina,,Ymedina,,Unknown,Completesleepsolutions,,None,,Not Found,ymedina@completesleepsolutions.com
cassie.westgate@sleephealthmd.com,Cassie,Westgate,Cassie Westgate,,Unknown,Sleep Health Md,,None,,Not Found,cassie.westgate@sleephealthmd.com
rghaly@sleepinsights.com,Rghaly,,Rghaly,,Unknown,Sleepinsights,,None,,Not Found,rghaly@sleepinsights.com
lyron@delsleep.com,Lyron,,Lyron,,Unknown,Delsleep,,None,,Not Found,lyron@delsleep.com
ncutler@sleepinsights.com,Ncutler,,Ncutler,,Unknown,Sleepinsights,,None,,Not Found,ncutler@sleepinsights.com
jtait@oregonsleepassociates.com,Jtait,,Jtait,,Unknown,Oregonsleep Associates,,None,,Not Found,jtait@oregonsleepassociates.com
awidmer@oregonsleepassociates.com,Awidmer,,Awidmer,Specialist,Staff / Coordinator,Oregonsleep Associates,,Low,LinkedIn / Web Search,Found,awidmer@oregonsleepassociates.com
jcowlishaw@oregonsleepassociates.com,Jcowlishaw,,Jcowlishaw,Principal,Owner / Executive (C-Suite),Oregonsleep Associates,,Low,LinkedIn / Web Search,Found,jcowlishaw@oregonsleepassociates.com
mkeeslar@oregonsleepassociates.com,Mkeeslar,,Mkeeslar,,Unknown,Oregonsleep Associates,,None,,Not Found,mkeeslar@oregonsleepassociates.com
lstrassheim@sleepinsights.com,Lstrassheim,,Lstrassheim,,Unknown,Sleepinsights,,None,,Not Found,lstrassheim@sleepinsights.com
rchanka@completesleepsolutions.com,Rchanka,,Rchanka,CEO,Owner / Executive (C-Suite),Completesleepsolutions,,Low,LinkedIn / Web Search,Found,rchanka@completesleepsolutions.com
agaytan@completesleepsolutions.com,Agaytan,,Agaytan,,Unknown,Completesleepsolutions,,None,,Not Found,agaytan@completesleepsolutions.com
lhernandez@completesleepsolutions.com,Lhernandez,,Lhernandez,,Unknown,Completesleepsolutions,,None,,Not Found,lhernandez@completesleepsolutions.com
april@sleepdallas.com,April,,April,,Unknown,Sleepdallas,,None,,Not Found,april@sleepdallas.com
catherine@sleepdallas.com,Catherine,,Catherine,,Unknown,Sleepdallas,,None,,Not Found,catherine@sleepdallas.com
bailey@sleepdallas.com,Bailey,,Bailey,,Unknown,Sleepdallas,,None,,Not Found,bailey@sleepdallas.com
aleuthner@completesleepsolutions.com,Aleuthner,,Aleuthner,,Unknown,Completesleepsolutions,,None,,Not Found,aleuthner@completesleepsolutions.com
rsenescall@alarm.com,Rsenescall,,Rsenescall,,Unknown,Alarm,,None,,Not Found,rsenescall@alarm.com
arasam@alarm.com,Arasam,,Arasam,,Unknown,Alarm,,None,,Not Found,arasam@alarm.com
jweiner@linkedin.com,Jweiner,,Jweiner,,Unknown,Linkedin,,None,,Not Found,jweiner@linkedin.com
roshan@energymatters.com.au,Roshan,,Roshan,Director,Director / VP,Energymatters,,Medium,LinkedIn / Web Search,Found,roshan@energymatters.com.au
roberto.carozza@partnerpage.io,Roberto,Carozza,Roberto Carozza,,Unknown,Partnerpage,,None,,Not Found,roberto.carozza@partnerpage.io
miquel.romero@partnerpage.io,Miquel,Romero,Miquel Romero,,Unknown,Partnerpage,,None,,Not Found,miquel.romero@partnerpage.io
mdolaway@covenanthouse.org,Mdolaway,,Mdolaway,,Unknown,Covenanthouse,,None,,Not Found,mdolaway@covenanthouse.org
quinekwa@fosnightcenter.com,Quinekwa,,Quinekwa,,Unknown,Fosnight Center,,None,,Not Found,quinekwa@fosnightcenter.com
agale@greenappletherapy.com,Agale,,Agale,,Unknown,Greenappletherapy,,None,,Not Found,agale@greenappletherapy.com
mineccij@centerforspineandortho.com,Mineccij,,Mineccij,,Unknown,Center Forspineand Ortho,,None,,Not Found,mineccij@centerforspineandortho.com
hawadallah2@shieldsrx.com,Hawadallah,,Hawadallah,,Unknown,Shieldsrx,,None,,Not Found,hawadallah2@shieldsrx.com
stepanc@centerforspineandortho.com,Stepanc,,Stepanc,,Unknown,Center Forspineand Ortho,,None,,Not Found,stepanc@centerforspineandortho.com
beckj@centerforspineandortho.com,Beckj,,Beckj,,Unknown,Center Forspineand Ortho,,None,,Not Found,beckj@centerforspineandortho.com
smiths@centerforspineandortho.com,Smiths,,Smiths,,Unknown,Center Forspineand Ortho,,None,,Not Found,smiths@centerforspineandortho.com
rumleyj@centerforspineandortho.com,Rumleyj,,Rumleyj,,Unknown,Center Forspineand Ortho,,None,,Not Found,rumleyj@centerforspineandortho.com
levye@centerforspineandortho.com,Levye,,Levye,,Unknown,Center Forspineand Ortho,,None,,Not Found,levye@centerforspineandortho.com
weisenbornk@centerforspineandortho.com,Weisenbornk,,Weisenbornk,,Unknown,Center Forspineand Ortho,,None,,Not Found,weisenbornk@centerforspineandortho.com
shelby_pham@floridaspinecare.com,Shelby,Pham,Shelby Pham,,Unknown,Floridaspine Care,,None,,Not Found,shelby_pham@floridaspinecare.com
michael.widdifield@ispinepainphysicians.com,Michael,Widdifield,Michael Widdifield,Founder,Owner / Executive (C-Suite),Ispinepainphysicians,,Low,LinkedIn / Web Search,Found,michael.widdifield@ispinepainphysicians.com
sherrya@floridaspinecare.com,Sherrya,,Sherrya,,Unknown,Floridaspine Care,,None,,Not Found,sherrya@floridaspinecare.com
tramirez@allspinepain.com,Tramirez,,Tramirez,Associate,Staff / Coordinator,Allspinepain,,Low,LinkedIn / Web Search,Found,tramirez@allspinepain.com
dan@pain-spine.com,Dan,,Dan,,Unknown,Pain Spine,,None,,Not Found,dan@pain-spine.com
jeff.conway@pain-spine.com,Jeff,Conway,Jeff Conway,,Unknown,Pain Spine,,None,,Not Found,jeff.conway@pain-spine.com
karrie@pain-spine.com,Karrie,,Karrie,,Unknown,Pain Spine,,None,,Not Found,karrie@pain-spine.com
kforester@pain-spine.com,Kforester,,Kforester,,Unknown,Pain Spine,,None,,Not Found,kforester@pain-spine.com
jpatel@pain-spine.com,Jpatel,,Jpatel,,Unknown,Pain Spine,,None,,Not Found,jpatel@pain-spine.com
uv.patel@pain-spine.com,Uv,Patel,Uv Patel,,Unknown,Pain Spine,,None,,Not Found,uv.patel@pain-spine.com
jignesh.patel@pain-spine.com,Jignesh,Patel,Jignesh Patel,,Unknown,Pain Spine,,None,,Not Found,jignesh.patel@pain-spine.com
vsingh@nyspineandwellness.com,Vsingh,,Vsingh,Associate,Staff / Coordinator,Nyspineandwellness,,Low,LinkedIn / Web Search,Found,vsingh@nyspineandwellness.com
vbeck@spinepains.com,Vbeck,,Vbeck,,Unknown,Spinepains,,None,,Not Found,vbeck@spinepains.com
esherrod@spinepains.com,Esherrod,,Esherrod,,Unknown,Spinepains,,None,,Not Found,esherrod@spinepains.com
kalbright@prairiespine.com,Kalbright,,Kalbright,Chief Technology Officer,Owner / Executive (C-Suite),Prairiespine,,Low,LinkedIn / Web Search,Found,kalbright@prairiespine.com
atrine@prairiespine.com,Atrine,,Atrine,,Unknown,Prairiespine,,None,,Not Found,atrine@prairiespine.com
claudiar@neckandback.org,Claudiar,,Claudiar,,Unknown,Neckandback,,None,,Not Found,claudiar@neckandback.org
marielle@spinezone.com,Marielle,,Marielle,,Unknown,Spinezone,,None,,Not Found,marielle@spinezone.com
bbenny@thespineandsportscenter.com,Bbenny,,Bbenny,,Unknown,Thespineandsports Center,,None,,Not Found,bbenny@thespineandsportscenter.com
szhang@thespineandsportscenter.com,Szhang,,Szhang,,Unknown,Thespineandsports Center,,None,,Not Found,szhang@thespineandsportscenter.com
zach.jacobelli@signespine.com,Zach,Jacobelli,Zach Jacobelli,Specialist,Staff / Coordinator,Signespine,,Medium,Website (Homepage),Found,zach.jacobelli@signespine.com
kristina.veilleux@signespine.com,Kristina,Veilleux,Kristina Veilleux,,Unknown,Signespine,,None,,Not Found,kristina.veilleux@signespine.com
nicohl.cave@signespine.com,Nicohl,Cave,Nicohl Cave,,Unknown,Signespine,,None,,Not Found,nicohl.cave@signespine.com
krizer@centralvalleysc.com,Krizer,,Krizer,,Unknown,Centralvalleysc,,None,,Not Found,Krizer@centralvalleysc.com
autumn.grantz@signespine.com,Autumn,Grantz,Autumn Grantz,,Unknown,Signespine,,None,,Not Found,autumn.grantz@signespine.com
rdigianni@spinemedli.com,Rdigianni,,Rdigianni,,Unknown,Spinemedli,,None,,Not Found,rdigianni@spinemedli.com
mcatalanotto@spinemedli.com,Mcatalanotto,,Mcatalanotto,,Unknown,Spinemedli,,None,,Not Found,mcatalanotto@spinemedli.com
aargyriou@spinemedli.com,Aargyriou,,Aargyriou,,Unknown,Spinemedli,,None,,Not Found,aargyriou@spinemedli.com
chris.steffen@ispineclinics.com,Chris,Steffen,Chris Steffen,,Unknown,Ispine Clinic S,,None,,Not Found,chris.steffen@ispineclinics.com
mark.backlund@ispineclinics.com,Mark,Backlund,Mark Backlund,,Unknown,Ispine Clinic S,,None,,Not Found,mark.backlund@ispineclinics.com
james.koth@ispineclinics.com,James,Koth,James Koth,,Unknown,Ispine Clinic S,,None,,Not Found,james.koth@ispineclinics.com
asia.vann@ispineclinics.com,Asia,Vann,Asia Vann,,Unknown,Ispine Clinic S,,None,,Not Found,asia.vann@ispineclinics.com
jennifer.missling@ispineclinics.com,Jennifer,Missling,Jennifer Missling,Occupational Therapist,Practitioner / Doctor / Faculty,Ispine Clinic S,,Medium,Website (/about/rehab-team/),Found,jennifer.missling@ispineclinics.com
carmenh@seattlespineinstitute.com,Carmenh,,Carmenh,Your AI Assistant From Google,Staff / Coordinator,Seattlespineinstitute,,Low,LinkedIn / Web Search,Found,carmenh@seattlespineinstitute.com
allison.lofboom@ispineclinics.com,Allison,Lofboom,Allison Lofboom,,Unknown,Ispine Clinic S,,None,,Not Found,allison.lofboom@ispineclinics.com
peyton.murphy@ispineclinics.com,Peyton,Murphy,Peyton Murphy,,Unknown,Ispine Clinic S,,None,,Not Found,peyton.murphy@ispineclinics.com
mark.thibault@ispineclinics.com,Mark,Thibault,Mark Thibault,,Unknown,Ispine Clinic S,,None,,Not Found,mark.thibault@ispineclinics.com
lisamariev@floridaspineassociates.com,Lisamariev,,Lisamariev,CEO,Owner / Executive (C-Suite),Floridaspine Associates,,Low,LinkedIn / Web Search,Found,lisamariev@floridaspineassociates.com
vickiep@floridaspineassociates.com,Vickiep,,Vickiep,Online Soccer Manager (OSM),Manager / Admin,Floridaspine Associates,,Low,LinkedIn / Web Search,Found,vickiep@floridaspineassociates.com
niccolen@floridaspineassociates.com,Niccolen,,Niccolen,,Unknown,Floridaspine Associates,,None,,Not Found,niccolen@floridaspineassociates.com
andreww@floridaspineassociates.com,Andreww,,Andreww,,Unknown,Floridaspine Associates,,None,,Not Found,andreww@floridaspineassociates.com
nicolel@seattlespineinstitute.com,Nicolel,,Nicolel,,Unknown,Seattlespineinstitute,,None,,Not Found,nicolel@seattlespineinstitute.com
jamesd@floridaspineassociates.com,Jamesd,,Jamesd,,Unknown,Floridaspine Associates,,None,,Not Found,jamesd@floridaspineassociates.com
elijahl@floridaspineassociates.com,Elijahl,,Elijahl,,Unknown,Floridaspine Associates,,None,,Not Found,elijahl@floridaspineassociates.com
hemak@floridaspineassociates.com,Hemak,,Hemak,,Unknown,Floridaspine Associates,,None,,Not Found,hemak@floridaspineassociates.com
brittanyr@floridaspineassociates.com,Brittanyr,,Brittanyr,President,Owner / Executive (C-Suite),Floridaspine Associates,,Low,LinkedIn / Web Search,Found,brittanyr@floridaspineassociates.com
mildredt@floridaspineassociates.com,Mildredt,,Mildredt,,Unknown,Floridaspine Associates,,None,,Not Found,mildredt@floridaspineassociates.com
chelseab@floridaspineassociates.com,Chelseab,,Chelseab,,Unknown,Floridaspine Associates,,None,,Not Found,chelseab@floridaspineassociates.com
sonia.tomaszewski@rscbayarea.com,Sonia,Tomaszewski,Sonia Tomaszewski,President,Owner / Executive (C-Suite),Rscbayarea,,Low,LinkedIn / Web Search,Found,sonia.tomaszewski@rscbayarea.com
nicollettel@floridaspineassociates.com,Nicollettel,,Nicollettel,,Unknown,Floridaspine Associates,,None,,Not Found,nicollettel@floridaspineassociates.com
michael.yarnell@rscbayarea.com,Michael,Yarnell,Michael Yarnell,Founder,Owner / Executive (C-Suite),Rscbayarea,,Low,LinkedIn / Web Search,Found,michael.yarnell@rscbayarea.com
kleong@seattlespine.com,Kleong,,Kleong,,Unknown,Seattlespine,,None,,Not Found,kleong@seattlespine.com
vsingh@seattlespine.com,Vsingh,,Vsingh,,Unknown,Seattlespine,,None,,Not Found,vsingh@seattlespine.com
sara.reid@rscbayarea.com,Sara,Reid,Sara Reid,Microsoft Support and Recovery Assistant (sara),Staff / Coordinator,Rscbayarea,,Low,LinkedIn / Web Search,Found,sara.reid@rscbayarea.com
jason.forrest@forrestperformance.com,Jason,Forrest,Jason Forrest,Director,Director / VP,Forrestperformance,,Low,LinkedIn / Web Search,Found,jason.forrest@forrestperformance.com
leticia.uribe@rscbayarea.com,Leticia,Uribe,Leticia Uribe,,Unknown,Rscbayarea,,None,,Not Found,leticia.uribe@rscbayarea.com
haley@rigbyperformancemedicine.com,Haley,,Haley,Founder,Owner / Executive (C-Suite),Rigbyperformancemedicine,,Low,LinkedIn / Web Search,Found,haley@rigbyperformancemedicine.com
evan.rosenbluth@rscbayarea.com,Evan,Rosenbluth,Evan Rosenbluth,,Unknown,Rscbayarea,,None,,Not Found,evan.rosenbluth@rscbayarea.com
bfarmer@sportmed.com,Bfarmer,,Bfarmer,Your AI Assistant From Google,Staff / Coordinator,Sportmed,,Low,LinkedIn / Web Search,Found,bfarmer@sportmed.com
amy@rigbyperformancemedicine.com,Amy,,Amy,,Unknown,Rigbyperformancemedicine,,None,,Not Found,amy@rigbyperformancemedicine.com
mary.hinckley@rscbayarea.com,Mary,Hinckley,Mary Hinckley,,Unknown,Rscbayarea,,None,,Not Found,mary.hinckley@rscbayarea.com
docrigby@rigbyperformancemedicine.com,Docrigby,,Docrigby,,Unknown,Rigbyperformancemedicine,,None,,Not Found,docrigby@rigbyperformancemedicine.com
zacharyamon@parkerperformanceinstitute.com,Zacharyamon,,Zacharyamon,,Unknown,Parkerperformanceinstitute,,None,,Not Found,zacharyamon@parkerperformanceinstitute.com
jhoward@nba.com,Jhoward,,Jhoward,,Unknown,Nba,,None,,Not Found,jhoward@nba.com
jstone@oksmm.com,Jstone,,Jstone,,Unknown,Oksmm,,None,,Not Found,jstone@oksmm.com
jzisa@nba.com,Jzisa,,Jzisa,,Unknown,Nba,,None,,Not Found,jzisa@nba.com
vwilliams@nba.com,Vwilliams,,Vwilliams,,Unknown,Nba,,None,,Not Found,vwilliams@nba.com
jorozco@nba.com,Jorozco,,Jorozco,,Unknown,Nba,,None,,Not Found,jorozco@nba.com
dwise@elitesportswaco.com,Dwise,,Dwise,,Unknown,Elitesportswaco,,None,,Not Found,dwise@elitesportswaco.com
apritula@nba.com,Apritula,,Apritula,Director,Director / VP,Nba,,Low,LinkedIn / Web Search,Found,apritula@nba.com
mdakes@nba.com,Mdakes,,Mdakes,,Unknown,Nba,,None,,Not Found,mdakes@nba.com
phernandez@nba.com,Phernandez,,Phernandez,,Unknown,Nba,,None,,Not Found,phernandez@nba.com
jzappala@nba.com,Jzappala,,Jzappala,The AI Assistant That Understands and ...,Staff / Coordinator,Nba,,Low,LinkedIn / Web Search,Found,jzappala@nba.com
mosikoya@nba.com,Mosikoya,,Mosikoya,,Unknown,Nba,,None,,Not Found,mosikoya@nba.com
ixie@nba.com,Ixie,,Ixie,Partner,Owner / Executive (C-Suite),Nba,,Medium,LinkedIn / Web Search,Found,ixie@nba.com
fmcnally@nba.com,Fmcnally,,Fmcnally,,Unknown,Nba,,None,,Not Found,fmcnally@nba.com
punni@nba.com,Punni,,Punni,President,Owner / Executive (C-Suite),Nba,,Low,LinkedIn / Web Search,Found,punni@nba.com
ewolf@nba.com,Ewolf,,Ewolf,,Unknown,Nba,,None,,Not Found,ewolf@nba.com
jsegal@nba.com,Jsegal,,Jsegal,,Unknown,Nba,,None,,Not Found,jsegal@nba.com
smalik@nba.com,Smalik,,Smalik,,Unknown,Nba,,None,,Not Found,smalik@nba.com
tmulcahy@nba.com,Tmulcahy,,Tmulcahy,,Unknown,Nba,,None,,Not Found,tmulcahy@nba.com
abrooks@nba.com,Abrooks,,Abrooks,,Unknown,Nba,,None,,Not Found,abrooks@nba.com
mcoyle@nba.com,Mcoyle,,Mcoyle,,Unknown,Nba,,None,,Not Found,mcoyle@nba.com
lkashouty@nba.com,Lkashouty,,Lkashouty,,Unknown,Nba,,None,,Not Found,lkashouty@nba.com
kflatow@nba.com,Kflatow,,Kflatow,,Unknown,Nba,,None,,Not Found,kflatow@nba.com
acramer@nba.com,Acramer,,Acramer,CEO,Owner / Executive (C-Suite),Nba,,Low,LinkedIn / Web Search,Found,acramer@nba.com
mcrnkovich@nba.com,Mcrnkovich,,Mcrnkovich,,Unknown,Nba,,None,,Not Found,mcrnkovich@nba.com
crusso@nba.com,Crusso,,Crusso,,Unknown,Nba,,None,,Not Found,crusso@nba.com
alevy@nba.com,Alevy,,Alevy,,Unknown,Nba,,None,,Not Found,alevy@nba.com
mowens@nba.com,Mowens,,Mowens,Manage Your Google Password Manager PIN,Manager / Admin,Nba,,Low,LinkedIn / Web Search,Found,mowens@nba.com
jesanchez@nba.com,Jesanchez,,Jesanchez,,Unknown,Nba,,None,,Not Found,jesanchez@nba.com
akhalique@nba.com,Akhalique,,Akhalique,,Unknown,Nba,,None,,Not Found,akhalique@nba.com
byang@nba.com,Byang,,Byang,,Unknown,Nba,,None,,Not Found,byang@nba.com
dstrinkovsky@nba.com,Dstrinkovsky,,Dstrinkovsky,,Unknown,Nba,,None,,Not Found,dstrinkovsky@nba.com
acummings@nba.com,Acummings,,Acummings,President,Owner / Executive (C-Suite),Nba,,Low,LinkedIn / Web Search,Found,acummings@nba.com
gaivazoglou@nba.com,Gaivazoglou,,Gaivazoglou,,Unknown,Nba,,None,,Not Found,gaivazoglou@nba.com
kwilliams@nba.com,Kwilliams,,Kwilliams,,Unknown,Nba,,None,,Not Found,kwilliams@nba.com
nhanlon@nba.com,Nhanlon,,Nhanlon,,Unknown,Nba,,None,,Not Found,nhanlon@nba.com
mtatum@nba.com,Mtatum,,Mtatum,,Unknown,Nba,,None,,Not Found,mtatum@nba.com
phirschheimer@nba.com,Phirschheimer,,Phirschheimer,Owner,Owner / Executive (C-Suite),Nba,,Low,LinkedIn / Web Search,Found,phirschheimer@nba.com
sgreig@nba.com,Sgreig,,Sgreig,,Unknown,Nba,,None,,Not Found,sgreig@nba.com
jzhang@nba.com,Jzhang,,Jzhang,,Unknown,Nba,,None,,Not Found,jzhang@nba.com
agarstang@nba.com,Agarstang,,Agarstang,,Unknown,Nba,,None,,Not Found,agarstang@nba.com
skaufman-ross@nba.com,Skaufman,Ross,Skaufman Ross,,Unknown,Nba,,None,,Not Found,skaufman-ross@nba.com
mbass@nba.com,Mbass,,Mbass,,Unknown,Nba,,None,,Not Found,mbass@nba.com
mnicastro@nba.com,Mnicastro,,Mnicastro,,Unknown,Nba,,None,,Not Found,mnicastro@nba.com
slackey@sportherapy.net,Slackey,,Slackey,,Unknown,Sportherapy,,None,,Not Found,slackey@sportherapy.net
tchappell@sportherapy.net,Tchappell,,Tchappell,,Unknown,Sportherapy,,None,,Not Found,tchappell@sportherapy.net
raju.varma@w3global.com,Raju,Varma,Raju Varma,Director,Director / VP,W3global,,Low,LinkedIn / Web Search,Found,raju.varma@w3global.com
mchambers@sportherapy.net,Mchambers,,Mchambers,,Unknown,Sportherapy,,None,,Not Found,mchambers@sportherapy.net
ccallahan@sportherapy.net,Ccallahan,,Ccallahan,,Unknown,Sportherapy,,None,,Not Found,ccallahan@sportherapy.net
mark.malter@lapeyrestair.com,Mark,Malter,Mark Malter,CEO,Owner / Executive (C-Suite),Lapeyrestair,,Low,LinkedIn / Web Search,Found,mark.malter@lapeyrestair.com
alan.wood@asr-group.com,Alan,Wood,Alan Wood,"‪professor, NWPU & Research Scientist, Teleai‬",Practitioner / Doctor / Faculty,Asr Group,,Low,LinkedIn / Web Search,Found,alan.wood@asr-group.com
daliaz@innoviasurgery.com,Daliaz,,Daliaz,DB-GPT: Open-source Agentic AI Data Assistant,Staff / Coordinator,Innovia Surgery,,Low,LinkedIn / Web Search,Found,daliaz@innoviasurgery.com
ben.lopez@w3global.com,Ben,Lopez,Ben Lopez,,Unknown,W3global,,None,,Not Found,ben.lopez@w3global.com
sowmiya.saravanan@w3global.com,Sowmiya,Saravanan,Sowmiya Saravanan,,Unknown,W3global,,None,,Not Found,sowmiya.saravanan@w3global.com
paul.saenz@smasatx.com,Paul,Saenz,Paul Saenz,,Unknown,Smasatx,,None,,Not Found,paul.saenz@smasatx.com
t.reyes@proliancesurgeons.com,T,Reyes,T Reyes,,Unknown,Proliancesurgeons,,None,,Not Found,t.reyes@proliancesurgeons.com
t.knipe@proliancesurgeons.com,T,Knipe,T Knipe,,Unknown,Proliancesurgeons,,None,,Not Found,t.knipe@proliancesurgeons.com
lilianna.gonzalez@smasatx.com,Lilianna,Gonzalez,Lilianna Gonzalez,,Unknown,Smasatx,,None,,Not Found,lilianna.gonzalez@smasatx.com
timothy.palomera@smasatx.com,Timothy,Palomera,Timothy Palomera,,Unknown,Smasatx,,None,,Not Found,timothy.palomera@smasatx.com
l.evans@proliancesurgeons.com,L,Evans,L Evans,,Unknown,Proliancesurgeons,,None,,Not Found,l.evans@proliancesurgeons.com
c.peterson2@proliancesurgeons.com,C,Peterson,C Peterson,,Unknown,Proliancesurgeons,,None,,Not Found,c.peterson2@proliancesurgeons.com
s.ortiz@proliancesurgeons.com,S,Ortiz,S Ortiz,,Unknown,Proliancesurgeons,,None,,Not Found,s.ortiz@proliancesurgeons.com
m.sciarrio@proliancesurgeons.com,M,Sciarrio,M Sciarrio,,Unknown,Proliancesurgeons,,None,,Not Found,m.sciarrio@proliancesurgeons.com
lbaldwin@proliancesurgeons.com,Lbaldwin,,Lbaldwin,,Unknown,Proliancesurgeons,,None,,Not Found,lbaldwin@proliancesurgeons.com
afondaw@capitalsurgeons.com,Afondaw,,Afondaw,,Unknown,Capitalsurgeons,,None,,Not Found,afondaw@capitalsurgeons.com
kacie@thrive-surgery.com,Kacie,,Kacie,,Unknown,Thrive Surgery,,None,,Not Found,kacie@thrive-surgery.com
sameermohiuddin@capitalsurgeons.com,Sameermohiuddin,,Sameermohiuddin,Become An Uber Eats Merchant Partner,Owner / Executive (C-Suite),Capitalsurgeons,,Low,LinkedIn / Web Search,Found,sameermohiuddin@capitalsurgeons.com
elough@capitalsurgeons.com,Elough,,Elough,,Unknown,Capitalsurgeons,,None,,Not Found,elough@capitalsurgeons.com
isabellbacot@capitalsurgeons.com,Isabellbacot,,Isabellbacot,,Unknown,Capitalsurgeons,,None,,Not Found,isabellbacot@capitalsurgeons.com
ashleyharlan@capitalsurgeons.com,Ashleyharlan,,Ashleyharlan,,Unknown,Capitalsurgeons,,None,,Not Found,ashleyharlan@capitalsurgeons.com
ashleygarces@capitalsurgeons.com,Ashleygarces,,Ashleygarces,,Unknown,Capitalsurgeons,,None,,Not Found,ashleygarces@capitalsurgeons.com
mfurr@capitalsurgeons.com,Mfurr,,Mfurr,,Unknown,Capitalsurgeons,,None,,Not Found,mfurr@capitalsurgeons.com
jwacksman@mps-mail.com,Jwacksman,,Jwacksman,,Unknown,Mps Mail,,None,,Not Found,jwacksman@mps-mail.com
ankurbhakta@capitalsurgeons.com,Ankurbhakta,,Ankurbhakta,,Unknown,Capitalsurgeons,,None,,Not Found,ankurbhakta@capitalsurgeons.com
mark.lauby@nerc.net,Mark,Lauby,Mark Lauby,,Unknown,Nerc,,None,,Not Found,mark.lauby@nerc.net
jim.robb@nerc.net,Jim,Robb,Jim Robb,Partner,Owner / Executive (C-Suite),Nerc,,Low,LinkedIn / Web Search,Found,jim.robb@nerc.net
kelly.hanson@nerc.net,Kelly,Hanson,Kelly Hanson,,Unknown,Nerc,,None,,Not Found,kelly.hanson@nerc.net
stephen.smith@metro.global,Stephen,Smith,Stephen Smith,Psychiatrist,Professional,Metro,,Low,LinkedIn / Web Search,Found,stephen.smith@metro.global
camilo.serna@nerc.net,Camilo,Serna,Camilo Serna,,Unknown,Nerc,,None,,Not Found,camilo.serna@nerc.net
zachary.greene@nerc.net,Zachary,Greene,Zachary Greene,,Unknown,Nerc,,None,,Not Found,zachary.greene@nerc.net
spatrick@designdata.com,Spatrick,,Spatrick,Xfce4-power-manager,Manager / Admin,Designdata,,Low,LinkedIn / Web Search,Found,spatrick@designdata.com
nicole.perez@heat.com,Nicole,Perez,Nicole Perez,,Unknown,Heat,,None,,Not Found,nicole.perez@heat.com
mmagnus@fioptics.com,Mmagnus,,Mmagnus,,Unknown,Fioptics,,None,,Not Found,mmagnus@fioptics.com
denisplumbingnow@rogers.com,Denisplumbingnow,,Denisplumbingnow,,Unknown,Rogers,,None,,Not Found,denisplumbingnow@rogers.com
mrainville@bridgetelehealth.com,Ainville,,Ainville,,Unknown,Bridgetele Health,,None,,Not Found,mrainville@bridgetelehealth.com
dlhoward@myvirtualphysician.com,Dlhoward,,Dlhoward,,Unknown,Myvirtualphysician,,None,,Not Found,dlhoward@myvirtualphysician.com
aravenscroft@soctelemed.com,Aravenscroft,,Aravenscroft,,Unknown,Soctelemed,,None,,Not Found,aravenscroft@soctelemed.com
vwynns@telmedical.com,Vwynns,,Vwynns,Manager Daily,Manager / Admin,Tel Medical,,Low,LinkedIn / Web Search,Found,vwynns@telmedical.com
kzapata@telmedical.com,Kzapata,,Kzapata,,Unknown,Tel Medical,,None,,Not Found,kzapata@telmedical.com
rod@expotechinc.com,Rod,,Rod,,Unknown,Expotechinc,,None,,Not Found,rod@expotechinc.com
cwien@telmedical.com,Cwien,,Cwien,,Unknown,Tel Medical,,None,,Not Found,cwien@telmedical.com
rickpaul.vander@steadymd.com,Rickpaul,Vander,Rickpaul Vander,,Unknown,Steadymd,,None,,Not Found,rickpaul.vander@steadymd.com
amoya@telmedical.com,Amoya,,Amoya,,Unknown,Tel Medical,,None,,Not Found,amoya@telmedical.com
tchase@telmedical.com,Tchase,,Tchase,,Unknown,Tel Medical,,None,,Not Found,tchase@telmedical.com
aray@telmedical.com,Aray,,Aray,,Unknown,Tel Medical,,None,,Not Found,aray@telmedical.com
lfehmerling@telmedical.com,Lfehmerling,,Lfehmerling,,Unknown,Tel Medical,,None,,Not Found,lfehmerling@telmedical.com
bgashaw@telmedical.com,Bgashaw,,Bgashaw,,Unknown,Tel Medical,,None,,Not Found,bgashaw@telmedical.com
jcrist@telescopehealth.com,Jcrist,,Jcrist,Director,Director / VP,Telescope Health,,Medium,Website (/about),Found,jcrist@telescopehealth.com
tblanchard@telescopehealth.com,Tblanchard,,Tblanchard,,Unknown,Telescope Health,,None,,Not Found,tblanchard@telescopehealth.com
psapia@telescopehealth.com,Psapia,,Psapia,,Unknown,Telescope Health,,None,,Not Found,psapia@telescopehealth.com
jdavis@telescopehealth.com,Jdavis,,Jdavis,,Unknown,Telescope Health,,None,,Not Found,jdavis@telescopehealth.com
akephart@telescopehealth.com,Akephart,,Akephart,Director,Director / VP,Telescope Health,,Low,LinkedIn / Web Search,Found,akephart@telescopehealth.com
jlee@telescopehealth.com,Jlee,,Jlee,Owner,Owner / Executive (C-Suite),Telescope Health,,Low,LinkedIn / Web Search,Found,jlee@telescopehealth.com
jdetillio@accesstelecare.com,Jdetillio,,Jdetillio,,Unknown,Accesstele Care,,None,,Not Found,jdetillio@accesstelecare.com
mgenovese@accesstelecare.com,Mgenovese,,Mgenovese,,Unknown,Accesstele Care,,None,,Not Found,mgenovese@accesstelecare.com
sreid@telescopehealth.com,Sreid,,Sreid,,Unknown,Telescope Health,,None,,Not Found,sreid@telescopehealth.com
kakib@accesstelecare.com,Kakib,,Kakib,,Unknown,Accesstele Care,,None,,Not Found,kakib@accesstelecare.com
cgallagher@accesstelecare.com,Cgallagher,,Cgallagher,,Unknown,Accesstele Care,,None,,Not Found,cgallagher@accesstelecare.com
sbidari@accesstelecare.com,Sbidari,,Sbidari,,Unknown,Accesstele Care,,None,,Not Found,sbidari@accesstelecare.com
kkistler@accesstelecare.com,Kkistler,,Kkistler,,Unknown,Accesstele Care,,None,,Not Found,kkistler@accesstelecare.com
gyoungblood@accesstelecare.com,Gyoungblood,,Gyoungblood,,Unknown,Accesstele Care,,None,,Not Found,gyoungblood@accesstelecare.com
gmino@palomapc.com,Gmino,,Gmino,"Try Gemini, Your Personal AI Assistant",Staff / Coordinator,Palomapc,,Low,LinkedIn / Web Search,Found,gmino@palomapc.com
dherrera@palomapc.com,Dherrera,,Dherrera,CEO,Owner / Executive (C-Suite),Palomapc,,Low,LinkedIn / Web Search,Found,dherrera@palomapc.com
jhenry@accesstelecare.com,Jhenry,,Jhenry,,Unknown,Accesstele Care,,None,,Not Found,jhenry@accesstelecare.com
pwilhite@accesstelecare.com,Pwilhite,,Pwilhite,,Unknown,Accesstele Care,,None,,Not Found,pwilhite@accesstelecare.com
tvitek@palomapc.com,Tvitek,,Tvitek,,Unknown,Palomapc,,None,,Not Found,tvitek@palomapc.com
ctrego@palomapc.com,Ctrego,,Ctrego,,Unknown,Palomapc,,None,,Not Found,ctrego@palomapc.com
bwilborn@palomapc.com,Bwilborn,,Bwilborn,,Unknown,Palomapc,,None,,Not Found,bwilborn@palomapc.com
mmccarver@palomapc.com,Mmccarver,,Mmccarver,,Unknown,Palomapc,,None,,Not Found,mmccarver@palomapc.com
dmonilaws@palomapc.com,Dmonilaws,,Dmonilaws,,Unknown,Palomapc,,None,,Not Found,dmonilaws@palomapc.com
jnorris@palomapc.com,Jnorris,,Jnorris,,Unknown,Palomapc,,None,,Not Found,jnorris@palomapc.com
rsimmons@palomapc.com,Rsimmons,,Rsimmons,,Unknown,Palomapc,,None,,Not Found,rsimmons@palomapc.com
kikivedders@cwtitle.com,Kikivedders,,Kikivedders,,Unknown,Cwtitle,,None,,Not Found,kikivedders@cwtitle.com
jstallings@cwtitle.com,Jstallings,,Jstallings,,Unknown,Cwtitle,,None,,Not Found,jstallings@cwtitle.com
cmorton@cwtitle.com,Cmorton,,Cmorton,,Unknown,Cwtitle,,None,,Not Found,cmorton@cwtitle.com
jcasey@flynnstire.com,Jcasey,,Jcasey,,Unknown,Flynnstire,,None,,Not Found,jcasey@flynnstire.com
jjensen@cwtitle.com,Jjensen,,Jjensen,,Unknown,Cwtitle,,None,,Not Found,jjensen@cwtitle.com
aclement@cwtitle.com,Aclement,,Aclement,Director,Director / VP,Cwtitle,,Low,LinkedIn / Web Search,Found,aclement@cwtitle.com
sgault@cwtitle.com,Sgault,,Sgault,,Unknown,Cwtitle,,None,,Not Found,sgault@cwtitle.com
ttrudeau@cwtitle.com,Ttrudeau,,Ttrudeau,,Unknown,Cwtitle,,None,,Not Found,ttrudeau@cwtitle.com
jason@genyhitch.com,Jason,,Jason,Director,Director / VP,Genyhitch,,Medium,LinkedIn / Web Search,Found,jason@genyhitch.com
tcorp@cwtitle.com,Tcorp,,Tcorp,,Unknown,Cwtitle,,None,,Not Found,tcorp@cwtitle.com
sean@thetourguy.com,Sean,,Sean,,Unknown,Thetourguy,,None,,Not Found,sean@thetourguy.com
daniel.nelson@tananachiefs.org,Daniel,Nelson,Daniel Nelson,Director,Director / VP,Tananachiefs,,Low,LinkedIn / Web Search,Found,daniel.nelson@tananachiefs.org
louie@panhandlegetaways.com,Louie,,Louie,,Unknown,Panhandlegetaways,,None,,Not Found,louie@panhandlegetaways.com
adam@seathecity.com,Adam,,Adam,Founder,Owner / Executive (C-Suite),Seathecity,,Medium,Website (/about),Found,adam@seathecity.com
michael.brumage@tananachiefs.org,Michael,Brumage,Michael Brumage,Founder,Owner / Executive (C-Suite),Tananachiefs,,Low,LinkedIn / Web Search,Found,michael.brumage@tananachiefs.org
eliana.mckee@tananachiefs.org,Eliana,Mckee,Eliana Mckee,,Unknown,Tananachiefs,,None,,Not Found,eliana.mckee@tananachiefs.org
geraldine.simon@tananachiefs.org,Geraldine,Simon,Geraldine Simon,,Unknown,Tananachiefs,,None,,Not Found,geraldine.simon@tananachiefs.org
gary.shu@tananachiefs.org,Gary,Shu,Gary Shu,,Unknown,Tananachiefs,,None,,Not Found,gary.shu@tananachiefs.org
michael.woods@nysid.edu,Michael,Woods,Michael Woods,Founder,Owner / Executive (C-Suite),Nysid,,Low,LinkedIn / Web Search,Found,michael.woods@nysid.edu
lynsey.jemmett@tananachiefs.org,Lynsey,Jemmett,Lynsey Jemmett,,Unknown,Tananachiefs,,None,,Not Found,lynsey.jemmett@tananachiefs.org
jami.debano@tananachiefs.org,Jami,Debano,Jami Debano,,Unknown,Tananachiefs,,None,,Not Found,jami.debano@tananachiefs.org
drtamallen@travelmeds2go.com,Tamallen,,Tamallen,,Unknown,Travelmeds2go,,None,,Not Found,drtamallen@travelmeds2go.com
miguelt@ufl.edu,Miguelt,,Miguelt,,Unknown,Ufl,,None,,Not Found,miguelt@ufl.edu
todd.dickson2@mail.waldenu.edu,Todd,Dickson,Todd Dickson,,Unknown,Waldenu,,None,,Not Found,todd.dickson2@mail.waldenu.edu
mnoureldine@usf.edu,Mnoureldine,,Mnoureldine,Owner,Owner / Executive (C-Suite),Usf,,Low,LinkedIn / Web Search,Found,mnoureldine@usf.edu
rmalm@uwyo.edu,Rmalm,,Rmalm,,Unknown,Uwyo,,None,,Not Found,rmalm@uwyo.edu
hyadav@usf.edu,Hyadav,,Hyadav,,Unknown,Usf,,None,,Not Found,hyadav@usf.edu
glennhoffman@usf.edu,Glennhoffman,,Glennhoffman,,Unknown,Usf,,None,,Not Found,glennhoffman@usf.edu
chardigree@usf.edu,Chardigree,,Chardigree,,Unknown,Usf,,None,,Not Found,chardigree@usf.edu
mgkoulianos@usf.edu,Mgkoulianos,,Mgkoulianos,,Unknown,Usf,,None,,Not Found,mgkoulianos@usf.edu
tcostello111@usf.edu,Tcostello,,Tcostello,,Unknown,Usf,,None,,Not Found,tcostello111@usf.edu
frazier.beatty@regiscollege.edu,Frazier,Beatty,Frazier Beatty,,Unknown,Regiscollege,,None,,Not Found,frazier.beatty@regiscollege.edu
erin.diguardia@regiscollege.edu,Erin,Diguardia,Erin Diguardia,,Unknown,Regiscollege,,None,,Not Found,erin.diguardia@regiscollege.edu
denisedwards@usf.edu,Denisedwards,,Denisedwards,,Unknown,Usf,,None,,Not Found,denisedwards@usf.edu
jeff.joseph@regiscollege.edu,Jeff,Joseph,Jeff Joseph,,Unknown,Regiscollege,,None,,Not Found,jeff.joseph@regiscollege.edu
vellis@usf.edu,Vellis,,Vellis,,Unknown,Usf,,None,,Not Found,vellis@usf.edu
jonathan.small@regiscollege.edu,Jonathan,Small,Jonathan Small,,Unknown,Regiscollege,,None,,Not Found,jonathan.small@regiscollege.edu
essilaj@gvsu.edu,Essilaj,,Essilaj,'life Partner': Preview,Owner / Executive (C-Suite),Gvsu,,Low,LinkedIn / Web Search,Found,essilaj@gvsu.edu
pamela.roecker@regiscollege.edu,Pamela,Roecker,Pamela Roecker,,Unknown,Regiscollege,,None,,Not Found,pamela.roecker@regiscollege.edu
blf@unc.edu,Blf,,Blf,,Unknown,Unc,,None,,Not Found,blf@unc.edu
hamlimor@gvsu.edu,Hamlimor,,Hamlimor,,Unknown,Gvsu,,None,,Not Found,hamlimor@gvsu.edu
wallacad@gvsu.edu,Wallacad,,Wallacad,Physician,Practitioner / Doctor / Faculty,Gvsu,,Low,LinkedIn / Web Search,Found,wallacad@gvsu.edu
computing@gvsu.edu,Computing,,Computing,,Unknown,Gvsu,,None,,Not Found,computing@gvsu.edu
mantella@gvsu.edu,Mantella,,Mantella,,Unknown,Gvsu,,None,,Not Found,mantella@gvsu.edu
topicm@gvsu.edu,Topicm,,Topicm,,Unknown,Gvsu,,None,,Not Found,topicm@gvsu.edu
sobeckc@gvsu.edu,Sobeckc,,Sobeckc,,Unknown,Gvsu,,None,,Not Found,sobeckc@gvsu.edu
lefridm@gvsu.edu,Lefridm,,Lefridm,,Unknown,Gvsu,,None,,Not Found,lefridm@gvsu.edu
lisa.batten@sgsc.edu,Lisa,Batten,Lisa Batten,,Unknown,Sgsc,,None,,Not Found,lisa.batten@sgsc.edu
alrebhab@gvsu.edu,Alrebhab,,Alrebhab,,Unknown,Gvsu,,None,,Not Found,alrebhab@gvsu.edu
joseph.renzulli@uconn.edu,Joseph,Renzulli,Joseph Renzulli,,Unknown,Uconn,,None,,Not Found,joseph.renzulli@uconn.edu
afaque@wustl.edu,Afaque,,Afaque,,Unknown,Wustl,,None,,Not Found,afaque@wustl.edu
yerk-zwickl@campbell.edu,Yerk,Zwickl,Yerk Zwickl,,Unknown,Campbell,,None,,Not Found,yerk-zwickl@campbell.edu
abryant@campbell.edu,Abryant,,Abryant,,Unknown,Campbell,,None,,Not Found,abryant@campbell.edu
caseyjenkerson@wustl.edu,Caseyjenkerson,,Caseyjenkerson,,Unknown,Wustl,,None,,Not Found,caseyjenkerson@wustl.edu
jgfrank@wustl.edu,Jgfrank,,Jgfrank,,Unknown,Wustl,,None,,Not Found,jgfrank@wustl.edu
boumgardenp@wustl.edu,Boumgardenp,,Boumgardenp,,Unknown,Wustl,,None,,Not Found,boumgardenp@wustl.edu
danielle.field@wmich.edu,Danielle,Field,Danielle Field,,Unknown,Wmich,,None,,Not Found,danielle.field@wmich.edu
ishmaelduah.tsibu@wmich.edu,Ishmaelduah,Tsibu,Ishmaelduah Tsibu,,Unknown,Wmich,,None,,Not Found,ishmaelduah.tsibu@wmich.edu
renuka.m.phillips@wmich.edu,Renuka,Phillips,Renuka M Phillips,,Unknown,Wmich,,None,,Not Found,renuka.m.phillips@wmich.edu
wihender@indiana.edu,Wihender,,Wihender,Download Manager,Manager / Admin,Indiana,,Low,LinkedIn / Web Search,Found,wihender@indiana.edu
shauna.m.waltmire@wmich.edu,Shauna,Waltmire,Shauna M Waltmire,,Unknown,Wmich,,None,,Not Found,shauna.m.waltmire@wmich.edu
bethr@uwyo.edu,Bethr,,Bethr,,Unknown,Uwyo,,None,,Not Found,bethr@uwyo.edu
satish.deshpande@wmich.edu,Satish,Deshpande,Satish Deshpande,,Unknown,Wmich,,None,,Not Found,satish.deshpande@wmich.edu
doriana.dervishi@unitir.edu.al,Doriana,Dervishi,Doriana Dervishi,,Unknown,Unitir,,None,,Not Found,doriana.dervishi@unitir.edu.al
matthew.kopp@northwestern.edu,Matthew,Kopp,Matthew Kopp,,Unknown,Northwestern,,None,,Not Found,matthew.kopp@northwestern.edu
cherie@alaska.edu,Cherie,,Cherie,,Unknown,Alaska,,None,,Not Found,cherie@alaska.edu
bratton@campbell.edu,Bratton,,Bratton,,Unknown,Campbell,,None,,Not Found,bratton@campbell.edu
mmt6@buffalo.edu,Mmt,,Mmt,Partner,Owner / Executive (C-Suite),Buffalo,,Low,LinkedIn / Web Search,Found,mmt6@buffalo.edu
coehlod@oregonstate.edu,Coehlod,,Coehlod,,Unknown,Oregonstate,,None,,Not Found,coehlod@oregonstate.edu
sekou_bermiss@kenan-flagler.unc.edu,Sekou,Bermiss,Sekou Bermiss,,Unknown,Kenan Flagler,,None,,Not Found,sekou_bermiss@kenan-flagler.unc.edu
harkinsj@tcnj.edu,Harkinsj,,Harkinsj,,Unknown,Tcnj,,None,,Not Found,harkinsj@tcnj.edu
dean166@marshall.edu,Dean,,Dean,,Unknown,Marshall,,None,,Not Found,dean166@marshall.edu
exm251@shsu.edu,Exm,,Exm,,Unknown,Shsu,,None,,Not Found,exm251@shsu.edu
amitband@wsu.edu,Amitband,,Amitband,,Unknown,Wsu,,None,,Not Found,amitband@wsu.edu
michael.rizzo@hunter.cuny.edu,Michael,Rizzo,Michael Rizzo,Founder,Owner / Executive (C-Suite),Hunter,,Low,LinkedIn / Web Search,Found,michael.rizzo@hunter.cuny.edu
jalferink@valdosta.edu,Jalferink,,Jalferink,,Unknown,Valdosta,,None,,Not Found,jalferink@valdosta.edu
andrew.downing@wsu.edu,Andrew,Downing,Andrew Downing,President,Owner / Executive (C-Suite),Wsu,,Low,LinkedIn / Web Search,Found,andrew.downing@wsu.edu
josephtopinka@txstate.edu,Josephtopinka,,Josephtopinka,Owner,Owner / Executive (C-Suite),Txstate,,Low,LinkedIn / Web Search,Found,josephtopinka@txstate.edu
rice@campbell.edu,Rice,,Rice,,Unknown,Campbell,,None,,Not Found,rice@campbell.edu
ap5472@hunter.cuny.edu,Ap,,Ap,President,Owner / Executive (C-Suite),Hunter,,Medium,Website (Homepage),Found,ap5472@hunter.cuny.edu
szl0226@auburn.edu,Szl,,Szl,,Unknown,Auburn,,None,,Not Found,szl0226@auburn.edu
janita.zimmerman-1@ou.edu,Janita,Zimmerman,Janita Zimmerman,,Unknown,Ou,,None,,Not Found,janita.zimmerman-1@ou.edu
bernard.akaawase@uconn.edu,Bernard,Akaawase,Bernard Akaawase,,Unknown,Uconn,,None,,Not Found,bernard.akaawase@uconn.edu
radenka.maric@uconn.edu,Radenka,Maric,Radenka Maric,,Unknown,Uconn,,None,,Not Found,radenka.maric@uconn.edu
mahavir.singh@louisville.edu,Mahavir,Singh,Mahavir Singh,Mahavira| Jainism Founder & Spiritual Teacher,Owner / Executive (C-Suite),Louisville,,Low,LinkedIn / Web Search,Found,mahavir.singh@louisville.edu
nethra.sambamoorthi@northwestern.edu,Nethra,Sambamoorthi,Nethra Sambamoorthi,,Unknown,Northwestern,,None,,Not Found,nethra.sambamoorthi@northwestern.edu
michael.wade.2@louisville.edu,Michael,Wade,Michael Wade,Founder,Owner / Executive (C-Suite),Louisville,,Low,LinkedIn / Web Search,Found,michael.wade.2@louisville.edu
jennifer.huck@wustl.edu,Jennifer,Huck,Jennifer Huck,Partner,Owner / Executive (C-Suite),Wustl,,Low,LinkedIn / Web Search,Found,jennifer.huck@wustl.edu
jeffrey.mccutcheon@uconn.edu,Jeffrey,Mccutcheon,Jeffrey Mccutcheon,,Unknown,Uconn,,None,,Not Found,jeffrey.mccutcheon@uconn.edu
lee.phillips@louisville.edu,Lee,Phillips,Lee Phillips,,Unknown,Louisville,,None,,Not Found,lee.phillips@louisville.edu
liebig@wustl.edu,Liebig,,Liebig,,Unknown,Wustl,,None,,Not Found,liebig@wustl.edu
admartin@wustl.edu,Admartin,,Admartin,,Unknown,Wustl,,None,,Not Found,admartin@wustl.edu
mdejam@uwyo.edu,Mdejam,,Mdejam,,Unknown,Uwyo,,None,,Not Found,mdejam@uwyo.edu
knoble@uwyo.edu,Knoble,,Knoble,,Unknown,Uwyo,,None,,Not Found,knoble@uwyo.edu
slupien@uwyo.edu,Slupien,,Slupien,,Unknown,Uwyo,,None,,Not Found,slupien@uwyo.edu
dgossler@uwyo.edu,Dgossler,,Dgossler,,Unknown,Uwyo,,None,,Not Found,dgossler@uwyo.edu
jtennant@uwyo.edu,Jtennant,,Jtennant,CEO,Owner / Executive (C-Suite),Uwyo,,Low,LinkedIn / Web Search,Found,jtennant@uwyo.edu
dchakra1@uwyo.edu,Dchakra,,Dchakra,,Unknown,Uwyo,,None,,Not Found,dchakra1@uwyo.edu
apradhan@uwyo.edu,Apradhan,,Apradhan,,Unknown,Uwyo,,None,,Not Found,apradhan@uwyo.edu
edward.seidel@uwyo.edu,Edward,Seidel,Edward Seidel,,Unknown,Uwyo,,None,,Not Found,edward.seidel@uwyo.edu
msmith21@uwyo.edu,Mith,,Mith,,Unknown,Uwyo,,None,,Not Found,msmith21@uwyo.edu
wyant18@marshall.edu,Wyant,,Wyant,,Unknown,Marshall,,None,,Not Found,wyant18@marshall.edu
klrossi@buffalo.edu,Klrossi,,Klrossi,,Unknown,Buffalo,,None,,Not Found,klrossi@buffalo.edu
finley63@marshall.edu,Finley,,Finley,Founder,Owner / Executive (C-Suite),Marshall,,Medium,LinkedIn / Web Search,Found,finley63@marshall.edu
willis4@marshall.edu,Willis,,Willis,,Unknown,Marshall,,None,,Not Found,willis4@marshall.edu
fenertyj@marshall.edu,Fenertyj,,Fenertyj,,Unknown,Marshall,,None,,Not Found,fenertyj@marshall.edu
dunaway2@marshall.edu,Dunaway,,Dunaway,Owner,Owner / Executive (C-Suite),Marshall,,Low,LinkedIn / Web Search,Found,dunaway2@marshall.edu
saine1@marshall.edu,Saine,,Saine,,Unknown,Marshall,,None,,Not Found,saine1@marshall.edu
cbb055@shsu.edu,Cbb,,Cbb,,Unknown,Shsu,,None,,Not Found,cbb055@shsu.edu
rchristie@uta.edu,Rchristie,,Rchristie,,Unknown,Uta,,None,,Not Found,rchristie@uta.edu
djd007@shsu.edu,Djd,,Djd,Director,Director / VP,Shsu,,Low,LinkedIn / Web Search,Found,djd007@shsu.edu
fug002@shsu.edu,Fug,,Fug,,Unknown,Shsu,,None,,Not Found,fug002@shsu.edu
dpg016@shsu.edu,Dpg,,Dpg,,Unknown,Shsu,,None,,Not Found,dpg016@shsu.edu
dww008@shsu.edu,Dww,,Dww,,Unknown,Shsu,,None,,Not Found,dww008@shsu.edu
beyzayilmaz@shsu.edu,Beyzayilmaz,,Beyzayilmaz,,Unknown,Shsu,,None,,Not Found,beyzayilmaz@shsu.edu
ward85@marshall.edu,Ward,,Ward,,Unknown,Marshall,,None,,Not Found,ward85@marshall.edu
ruthcubas@shsu.edu,Ruthcubas,,Ruthcubas,,Unknown,Shsu,,None,,Not Found,ruthcubas@shsu.edu
hellenyaa.agbevey@wmich.edu,Hellenyaa,Agbevey,Hellenyaa Agbevey,,Unknown,Wmich,,None,,Not Found,hellenyaa.agbevey@wmich.edu
karen.xospaanaya@wmich.edu,Karen,Xospaanaya,Karen Xospaanaya,,Unknown,Wmich,,None,,Not Found,karen.xospaanaya@wmich.edu
riley.a.nettle@wmich.edu,Riley,Nettle,Riley A Nettle,,Unknown,Wmich,,None,,Not Found,riley.a.nettle@wmich.edu
dr.davidlewisbush@txstate.edu,Davidlewisbush,,Davidlewisbush,Doctor,Practitioner / Doctor / Faculty,Txstate,,Low,LinkedIn / Web Search,Found,dr.davidlewisbush@txstate.edu
angeliakey@ufl.edu,Angeliakey,,Angeliakey,,Unknown,Ufl,,None,,Not Found,angeliakey@ufl.edu
kc35@txstate.edu,Kc,,Kc,,Unknown,Txstate,,None,,Not Found,kc35@txstate.edu
matthew@txstate.edu,Matthew,,Matthew,,Unknown,Txstate,,None,,Not Found,matthew@txstate.edu
chiefmatt@txstate.edu,Chiefmatt,,Chiefmatt,,Unknown,Txstate,,None,,Not Found,chiefmatt@txstate.edu
adavis@txstate.edu,Adavis,,Adavis,and I Am the Chief Business Officer,Owner / Executive (C-Suite),Txstate,,Low,LinkedIn / Web Search,Found,adavis@txstate.edu
zachary.williams@wmich.edu,Zachary,Williams,Zachary Williams,,Unknown,Wmich,,None,,Not Found,zachary.williams@wmich.edu
tmac90@txstate.edu,Tmac,,Tmac,,Unknown,Txstate,,None,,Not Found,tmac90@txstate.edu
patrick.ivey@louisville.edu,Patrick,Ivey,Patrick Ivey,,Unknown,Louisville,,None,,Not Found,patrick.ivey@louisville.edu
anthony.okafor@louisville.edu,Anthony,Okafor,Anthony Okafor,,Unknown,Louisville,,None,,Not Found,anthony.okafor@louisville.edu
stirol@regis.edu,Stirol,,Stirol,,Unknown,Regis,,None,,Not Found,stirol@regis.edu
szimmer@wustl.edu,Szimmer,,Szimmer,,Unknown,Wustl,,None,,Not Found,szimmer@wustl.edu
norman.garrick@uconn.edu,Norman,Garrick,Norman Garrick,CEO,Owner / Executive (C-Suite),Uconn,,Low,LinkedIn / Web Search,Found,norman.garrick@uconn.edu
nana@wustl.edu,Nana,,Nana,,Unknown,Wustl,,None,,Not Found,nana@wustl.edu
tiffany.kelley@uconn.edu,Tiffany,Kelley,Tiffany Kelley,,Unknown,Uconn,,None,,Not Found,tiffany.kelley@uconn.edu
mercoglianos@campbell.edu,Mercoglianos,,Mercoglianos,CEO,Owner / Executive (C-Suite),Campbell,,Low,LinkedIn / Web Search,Found,mercoglianos@campbell.edu
jiapeng.huang@louisville.edu,Jiapeng,Huang,Jiapeng Huang,,Unknown,Louisville,,None,,Not Found,jiapeng.huang@louisville.edu
rvyamp01@louisville.edu,Rvyamp,,Rvyamp,,Unknown,Louisville,,None,,Not Found,rvyamp01@louisville.edu
pjstrickland@campbell.edu,Pjstrickland,,Pjstrickland,,Unknown,Campbell,,None,,Not Found,pjstrickland@campbell.edu
vbenbenek@campbell.edu,Vbenbenek,,Vbenbenek,Chief Marketing Officer,Owner / Executive (C-Suite),Campbell,,Medium,Website (/our-team),Found,vbenbenek@campbell.edu
pedwards@campbell.edu,Pedwards,,Pedwards,,Unknown,Campbell,,None,,Not Found,pedwards@campbell.edu
mhampton@fiu.edu,Mhampton,,Mhampton,Doctor,Practitioner / Doctor / Faculty,Fiu,,Low,LinkedIn / Web Search,Found,mhampton@fiu.edu
bergj@fiu.edu,Bergj,,Bergj,,Unknown,Fiu,,None,,Not Found,bergj@fiu.edu
james.barraclough@washburn.edu,James,Barraclough,James Barraclough,,Unknown,Washburn,,None,,Not Found,james.barraclough@washburn.edu
billdow@uw.edu,Billdow,,Billdow,,Unknown,Uw,,None,,Not Found,billdow@uw.edu
juliewy@uw.edu,Juliewy,,Juliewy,,Unknown,Uw,,None,,Not Found,juliewy@uw.edu
seang151@uw.edu,Seang,,Seang,,Unknown,Uw,,None,,Not Found,seang151@uw.edu
aalex@uwyo.edu,Aalex,,Aalex,,Unknown,Uwyo,,None,,Not Found,aalex@uwyo.edu
amy.disney-mantuano@yale.edu,Amy,Mantuano,Amy Disney Mantuano,,Unknown,Yale,,None,,Not Found,amy.disney-mantuano@yale.edu
tjburk@u.washington.edu,Tjburk,,Tjburk,Partner,Owner / Executive (C-Suite),U,,Medium,LinkedIn / Web Search,Found,tjburk@u.washington.edu
reflynn@iu.edu,Reflynn,,Reflynn,,Unknown,Iu,,None,,Not Found,reflynn@iu.edu
pnakhate@iu.edu,Pnakhate,,Pnakhate,,Unknown,Iu,,None,,Not Found,pnakhate@iu.edu
dhains@iu.edu,Dhains,,Dhains,DB-GPT: Open-source Agentic AI Data Assistant,Staff / Coordinator,Iu,,Low,LinkedIn / Web Search,Found,dhains@iu.edu
kumarama@iu.edu,Kumarama,,Kumarama,,Unknown,Iu,,None,,Not Found,kumarama@iu.edu
atsubhas@iu.edu,Atsubhas,,Atsubhas,,Unknown,Iu,,None,,Not Found,atsubhas@iu.edu
kadebiyi@iu.edu,Kadebiyi,,Kadebiyi,,Unknown,Iu,,None,,Not Found,kadebiyi@iu.edu
asubat@iu.edu,Asubat,,Asubat,,Unknown,Iu,,None,,Not Found,asubat@iu.edu
hokunani@uw.edu,Hokunani,,Hokunani,,Unknown,Uw,,None,,Not Found,hokunani@uw.edu
sanklesh@iu.edu,Sanklesh,,Sanklesh,,Unknown,Iu,,None,,Not Found,sanklesh@iu.edu
ife.wada@washburn.edu,Ife,Wada,Ife Wada,President,Owner / Executive (C-Suite),Washburn,,Low,LinkedIn / Web Search,Found,ife.wada@washburn.edu
alan.bearman@washburn.edu,Alan,Bearman,Alan Bearman,Windows Update Assistant,Staff / Coordinator,Washburn,,Low,LinkedIn / Web Search,Found,alan.bearman@washburn.edu
maria.stover@washburn.edu,Maria,Stover,Maria Stover,Partner,Owner / Executive (C-Suite),Washburn,,Low,LinkedIn / Web Search,Found,maria.stover@washburn.edu
maryann.riederer@washburn.edu,Maryann,Riederer,Maryann Riederer,,Unknown,Washburn,,None,,Not Found,maryann.riederer@washburn.edu
saderint@fiu.edu,Saderint,,Saderint,,Unknown,Fiu,,None,,Not Found,saderint@fiu.edu
barbara.scofield@washburn.edu,Barbara,Scofield,Barbara Scofield,,Unknown,Washburn,,None,,Not Found,barbara.scofield@washburn.edu
chris.enos@washburn.edu,Chris,Enos,Chris Enos,,Unknown,Washburn,,None,,Not Found,chris.enos@washburn.edu
mmyint@uw.edu,Mmyint,,Mmyint,Whats Up! Buell Owner Here! Haha,Owner / Executive (C-Suite),Uw,,Low,LinkedIn / Web Search,Found,mmyint@uw.edu
john.haverty@washburn.edu,John,Haverty,John Haverty,,Unknown,Washburn,,None,,Not Found,john.haverty@washburn.edu
bac60@uw.edu,Bac,,Bac,,Unknown,Uw,,None,,Not Found,bac60@uw.edu
esharpe@uw.edu,Esharpe,,Esharpe,,Unknown,Uw,,None,,Not Found,esharpe@uw.edu
mollycam@uw.edu,Mollycam,,Mollycam,,Unknown,Uw,,None,,Not Found,mollycam@uw.edu
bryan.rowland@uafoundation.org,Bryan,Rowland,Bryan Rowland,,Unknown,Uafoundation,,None,,Not Found,bryan.rowland@uafoundation.org
uwmtalk@uw.edu,Uwmtalk,,Uwmtalk,,Unknown,Uw,,None,,Not Found,uwmtalk@uw.edu
mscott@onpointurgentcare.com,Cott,,Cott,,Unknown,Onpointurgent Care,,None,,Not Found,mscott@onpointurgentcare.com
adittenber@springfieldurgentcare.com,Adittenber,,Adittenber,,Unknown,Springfieldurgent Care,,None,,Not Found,adittenber@springfieldurgentcare.com
candace@springfieldurgentcare.com,Candace,,Candace,,Unknown,Springfieldurgent Care,,None,,Not Found,candace@springfieldurgentcare.com
mrappuhn@springfieldurgentcare.com,Appuhn,,Appuhn,,Unknown,Springfieldurgent Care,,None,,Not Found,mrappuhn@springfieldurgentcare.com
jharrill@springfieldurgentcare.com,Jharrill,,Jharrill,,Unknown,Springfieldurgent Care,,None,,Not Found,jharrill@springfieldurgentcare.com
eczuprenski@springfieldurgentcare.com,Eczuprenski,,Eczuprenski,,Unknown,Springfieldurgent Care,,None,,Not Found,eczuprenski@springfieldurgentcare.com
djones@springfieldurgentcare.com,Djones,,Djones,,Unknown,Springfieldurgent Care,,None,,Not Found,djones@springfieldurgentcare.com
emaples@springfieldurgentcare.com,Emaples,,Emaples,,Unknown,Springfieldurgent Care,,None,,Not Found,emaples@springfieldurgentcare.com
tholden@springfieldurgentcare.com,Tholden,,Tholden,,Unknown,Springfieldurgent Care,,None,,Not Found,tholden@springfieldurgentcare.com
mwalter@springfieldurgentcare.com,Mwalter,,Mwalter,,Unknown,Springfieldurgent Care,,None,,Not Found,mwalter@springfieldurgentcare.com
imelton@alldaymedicalcare.com,Imelton,,Imelton,,Unknown,Allday Medical Care,,None,,Not Found,imelton@alldaymedicalcare.com
skhusid@alldaymedicalcare.com,Skhusid,,Skhusid,,Unknown,Allday Medical Care,,None,,Not Found,skhusid@alldaymedicalcare.com
jjunkins@southernimmediatecare.com,Jjunkins,,Jjunkins,,Unknown,Southernimmediate Care,,None,,Not Found,jjunkins@southernimmediatecare.com
ledmondson@southernimmediatecare.com,Ledmondson,,Ledmondson,,Unknown,Southernimmediate Care,,None,,Not Found,ledmondson@southernimmediatecare.com
skeith@southernimmediatecare.com,Skeith,,Skeith,,Unknown,Southernimmediate Care,,None,,Not Found,skeith@southernimmediatecare.com
mcoefield@southernimmediatecare.com,Mcoefield,,Mcoefield,,Unknown,Southernimmediate Care,,None,,Not Found,mcoefield@southernimmediatecare.com
jthornton@trustcarehealth.com,Jthornton,,Jthornton,,Unknown,Trust Care Health,,None,,Not Found,jthornton@trustcarehealth.com
aboody@southernimmediatecare.com,Aboody,,Aboody,,Unknown,Southernimmediate Care,,None,,Not Found,aboody@southernimmediatecare.com
wherring@trustcarehealth.com,Wherring,,Wherring,,Unknown,Trust Care Health,,None,,Not Found,wherring@trustcarehealth.com
hlangdon@southernimmediatecare.com,Hlangdon,,Hlangdon,,Unknown,Southernimmediate Care,,None,,Not Found,hlangdon@southernimmediatecare.com
apantoja@firstcareclinics.com,Apantoja,,Apantoja,CEO,Owner / Executive (C-Suite),First Care Clinic S,,Low,LinkedIn / Web Search,Found,apantoja@firstcareclinics.com
cleath@firstcareclinics.com,Cleath,,Cleath,,Unknown,First Care Clinic S,,None,,Not Found,cleath@firstcareclinics.com
adeane@firstcareclinics.com,Adeane,,Adeane,,Unknown,First Care Clinic S,,None,,Not Found,adeane@firstcareclinics.com
rpantoja@firstcareclinics.com,Rpantoja,,Rpantoja,,Unknown,First Care Clinic S,,None,,Not Found,rpantoja@firstcareclinics.com
ashoulders@firstcareclinics.com,Ashoulders,,Ashoulders,,Unknown,First Care Clinic S,,None,,Not Found,ashoulders@firstcareclinics.com
apounders@zupmed.com,Apounders,,Apounders,,Unknown,Zupmed,,None,,Not Found,apounders@zupmed.com
mswaw@firstcareclinics.com,Waw,,Waw,,Unknown,First Care Clinic S,,None,,Not Found,mswaw@firstcareclinics.com
llemley@zupmed.com,Llemley,,Llemley,,Unknown,Zupmed,,None,,Not Found,llemley@zupmed.com
eyopp@zupmed.com,Eyopp,,Eyopp,,Unknown,Zupmed,,None,,Not Found,eyopp@zupmed.com
asurdam@instaclinic.com,Asurdam,,Asurdam,Analyst,Professional,Insta Clinic,,Low,LinkedIn / Web Search,Found,asurdam@instaclinic.com
ssaunders@zupmed.com,Ssaunders,,Ssaunders,,Unknown,Zupmed,,None,,Not Found,ssaunders@zupmed.com
varesh.chaurasia@healthyuclinics.com,Varesh,Chaurasia,Varesh Chaurasia,Principal,Owner / Executive (C-Suite),Health Yu Clinic S,,Low,LinkedIn / Web Search,Found,varesh.chaurasia@healthyuclinics.com
lauren.havard@healthyuclinics.com,Lauren,Havard,Lauren Havard,"Global Technology, Cloud & AI Solutions Partner",Owner / Executive (C-Suite),Health Yu Clinic S,,Low,LinkedIn / Web Search,Found,lauren.havard@healthyuclinics.com
john.waugh@redicare.com,John,Waugh,John Waugh,,Unknown,Redi Care,,None,,Not Found,john.waugh@redicare.com
alexander.dydyk@healthyuclinics.com,Alexander,Dydyk,Alexander Dydyk,,Unknown,Health Yu Clinic S,,None,,Not Found,alexander.dydyk@healthyuclinics.com
jennifer.calosso@healthyuclinics.com,Jennifer,Calosso,Jennifer Calosso,,Unknown,Health Yu Clinic S,,None,,Not Found,jennifer.calosso@healthyuclinics.com
ronald.jorgensen@healthyuclinics.com,Ronald,Jorgensen,Ronald Jorgensen,President,Owner / Executive (C-Suite),Health Yu Clinic S,,Low,LinkedIn / Web Search,Found,ronald.jorgensen@healthyuclinics.com
justin.singh@healthyuclinics.com,Justin,Singh,Justin Singh,,Unknown,Health Yu Clinic S,,None,,Not Found,justin.singh@healthyuclinics.com
nichole.casseus@healthyuclinics.com,Nichole,Casseus,Nichole Casseus,,Unknown,Health Yu Clinic S,,None,,Not Found,nichole.casseus@healthyuclinics.com
craig.siegel@redicare.com,Craig,Siegel,Craig Siegel,Founder,Owner / Executive (C-Suite),Redi Care,,Low,LinkedIn / Web Search,Found,craig.siegel@redicare.com
sara.maldonado@healthyuclinics.com,Sara,Maldonado,Sara Maldonado,Microsoft Support and Recovery Assistant (sara),Staff / Coordinator,Health Yu Clinic S,,Low,LinkedIn / Web Search,Found,sara.maldonado@healthyuclinics.com
trase.barney@healthyuclinics.com,Trase,Barney,Trase Barney,,Unknown,Health Yu Clinic S,,None,,Not Found,trase.barney@healthyuclinics.com
trudi.walker@redicare.com,Trudi,Walker,Trudi Walker,Director,Director / VP,Redi Care,,Medium,Website (/about),Found,trudi.walker@redicare.com
emartin@zoomcare.com,Emartin,,Emartin,,Unknown,Zoom Care,,None,,Not Found,emartin@zoomcare.com
cgrant@expercarehealth.com,Cgrant,,Cgrant,,Unknown,Exper Care Health,,None,,Not Found,cgrant@expercarehealth.com
amberthorsen@nextcare.com,Amberthorsen,,Amberthorsen,,Unknown,Next Care,,None,,Not Found,amberthorsen@nextcare.com
brett.gall@patientfirst.com,Brett,Gall,Brett Gall,,Unknown,Patientfirst,,None,,Not Found,brett.gall@patientfirst.com
ninajorajuria@nextcare.com,Ninajorajuria,,Ninajorajuria,,Unknown,Next Care,,None,,Not Found,ninajorajuria@nextcare.com
christina@liveurgentcare.com,Christina,,Christina,,Unknown,Liveurgent Care,,None,,Not Found,christina@liveurgentcare.com
ceggert@lincolnurgentcare.com,Ceggert,,Ceggert,,Unknown,Lincolnurgent Care,,None,,Not Found,ceggert@lincolnurgentcare.com
suzannecoleman@nextcare.com,Suzannecoleman,,Suzannecoleman,,Unknown,Next Care,,None,,Not Found,suzannecoleman@nextcare.com
jhenefeld@lincolnurgentcare.com,Jhenefeld,,Jhenefeld,,Unknown,Lincolnurgent Care,,None,,Not Found,jhenefeld@lincolnurgentcare.com
danielgeer@nextcare.com,Danielgeer,,Danielgeer,,Unknown,Next Care,,None,,Not Found,danielgeer@nextcare.com
bberger@fasttrackurgentcare.com,Bberger,,Bberger,,Unknown,Fasttrackurgent Care,,None,,Not Found,bberger@fasttrackurgentcare.com
pamela@healthcareexpress.us,Pamela,,Pamela,,Unknown,Health Care Express,,None,,Not Found,pamela@healthcareexpress.us
stephen.egan@redicare.ie,Stephen,Egan,Stephen Egan,Psychiatrist,Professional,Redi Care,,Low,LinkedIn / Web Search,Found,stephen.egan@redicare.ie
lwheat@expercarehealth.com,Lwheat,,Lwheat,,Unknown,Exper Care Health,,None,,Not Found,lwheat@expercarehealth.com
pnanda@fasttrackurgentcare.com,Pnanda,,Pnanda,,Unknown,Fasttrackurgent Care,,None,,Not Found,pnanda@fasttrackurgentcare.com
drgrubb@nowcare-dixon.com,Grubb,,Grubb,,Unknown,Now Care Dixon,,None,,Not Found,drgrubb@nowcare-dixon.com
jswartout@expresscareofbelleview.com,Jswartout,,Jswartout,,Unknown,Express Care Ofbelleview,,None,,Not Found,jswartout@expresscareofbelleview.com
mohammed.ghadyali@fastrackmd.com,Mohammed,Ghadyali,Mohammed Ghadyali,,Unknown,Fastrackmd,,None,,Not Found,mohammed.ghadyali@fastrackmd.com
lena.esmail@quickmed-uc.com,Lena,Esmail,Lena Esmail,,Unknown,Quickmed Uc,,None,,Not Found,lena.esmail@quickmed-uc.com
ekearney@fasttrackurgentcare.com,Ekearney,,Ekearney,,Unknown,Fasttrackurgent Care,,None,,Not Found,ekearney@fasttrackurgentcare.com
suzanne.blais@doctorscare.com,Suzanne,Blais,Suzanne Blais,Director,Director / VP,Doctors Care,,Low,LinkedIn / Web Search,Found,suzanne.blais@doctorscare.com
deepak.sharma@premierurgentcarela.com,Deepak,Sharma,Deepak Sharma,CEO,Owner / Executive (C-Suite),Premierurgent Care La,,Medium,Website (/overview/),Found,deepak.sharma@premierurgentcarela.com
shelley.janssen@doctorscare.com,Shelley,Janssen,Shelley Janssen,,Unknown,Doctors Care,,None,,Not Found,shelley.janssen@doctorscare.com
rachael.dorsey@doctorscare.com,Rachael,Dorsey,Rachael Dorsey,,Unknown,Doctors Care,,None,,Not Found,rachael.dorsey@doctorscare.com
danielle.hickson@doctorscare.com,Danielle,Hickson,Danielle Hickson,,Unknown,Doctors Care,,None,,Not Found,danielle.hickson@doctorscare.com
dawn.mccoury@doctorscare.com,Dawn,Mccoury,Dawn Mccoury,,Unknown,Doctors Care,,None,,Not Found,dawn.mccoury@doctorscare.com
jennifer.champion@doctorscare.com,Jennifer,Champion,Jennifer Champion,,Unknown,Doctors Care,,None,,Not Found,jennifer.champion@doctorscare.com
lpitt@expercarehealth.com,Lpitt,,Lpitt,,Unknown,Exper Care Health,,None,,Not Found,lpitt@expercarehealth.com
shutchinson@expercarehealth.com,Shutchinson,,Shutchinson,,Unknown,Exper Care Health,,None,,Not Found,shutchinson@expercarehealth.com
slowe@expercarehealth.com,Slowe,,Slowe,,Unknown,Exper Care Health,,None,,Not Found,slowe@expercarehealth.com
kesha.ready@doctorscare.com,Kesha,Ready,Kesha Ready,,Unknown,Doctors Care,,None,,Not Found,kesha.ready@doctorscare.com
wporter@expercarehealth.com,Wporter,,Wporter,,Unknown,Exper Care Health,,None,,Not Found,wporter@expercarehealth.com
mcordell@urgentcarenw.com,Mcordell,,Mcordell,,Unknown,Urgent Care Nw,,None,,Not Found,mcordell@urgentcarenw.com
bkohn@expercarehealth.com,Bkohn,,Bkohn,,Unknown,Exper Care Health,,None,,Not Found,bkohn@expercarehealth.com
mary.acly@doctorscare.com,Mary,Acly,Mary Acly,,Unknown,Doctors Care,,None,,Not Found,mary.acly@doctorscare.com
dwagda@expercarehealth.com,Dwagda,,Dwagda,,Unknown,Exper Care Health,,None,,Not Found,dwagda@expercarehealth.com
vchikezie@carewelluc.com,Vchikezie,,Vchikezie,,Unknown,Care Welluc,,None,,Not Found,vchikezie@carewelluc.com
jgormley@carewelluc.com,Jgormley,,Jgormley,,Unknown,Care Welluc,,None,,Not Found,jgormley@carewelluc.com
mgentile@carewelluc.com,Mgentile,,Mgentile,,Unknown,Care Welluc,,None,,Not Found,mgentile@carewelluc.com
sydni.clemmons@fastpacehealth.com,Sydni,Clemmons,Sydni Clemmons,,Unknown,Fastpace Health,,None,,Not Found,sydni.clemmons@fastpacehealth.com
melissa.harlan@fastpacehealth.com,Melissa,Harlan,Melissa Harlan,,Unknown,Fastpace Health,,None,,Not Found,melissa.harlan@fastpacehealth.com
mfoster@carewelluc.com,Mfoster,,Mfoster,,Unknown,Care Welluc,,None,,Not Found,mfoster@carewelluc.com
wbellew@carewelluc.com,Wbellew,,Wbellew,CEO,Owner / Executive (C-Suite),Care Welluc,,Low,LinkedIn / Web Search,Found,wbellew@carewelluc.com
efitzgibbons@carewelluc.com,Efitzgibbons,,Efitzgibbons,,Unknown,Care Welluc,,None,,Not Found,efitzgibbons@carewelluc.com
rkinney@carewelluc.com,Rkinney,,Rkinney,,Unknown,Care Welluc,,None,,Not Found,rkinney@carewelluc.com
kristin.graves@fastpacehealth.com,Kristin,Graves,Kristin Graves,Founder,Owner / Executive (C-Suite),Fastpace Health,,Low,LinkedIn / Web Search,Found,kristin.graves@fastpacehealth.com
gwood@carewelluc.com,Gwood,,Gwood,,Unknown,Care Welluc,,None,,Not Found,gwood@carewelluc.com
brent.kobayashi@fastpacehealth.com,Brent,Kobayashi,Brent Kobayashi,Principal,Owner / Executive (C-Suite),Fastpace Health,,Low,LinkedIn / Web Search,Found,brent.kobayashi@fastpacehealth.com
cofurumononiwu@carewelluc.com,Cofurumononiwu,,Cofurumononiwu,,Unknown,Care Welluc,,None,,Not Found,cofurumononiwu@carewelluc.com
angela.glasgow@fastpacehealth.com,Angela,Glasgow,Angela Glasgow,,Unknown,Fastpace Health,,None,,Not Found,angela.glasgow@fastpacehealth.com
larisa.milam@fastpacehealth.com,Larisa,Milam,Larisa Milam,,Unknown,Fastpace Health,,None,,Not Found,larisa.milam@fastpacehealth.com
hsovich@fasttrackurgentcare.com,Hsovich,,Hsovich,Partner,Owner / Executive (C-Suite),Fasttrackurgent Care,,Low,LinkedIn / Web Search,Found,hsovich@fasttrackurgentcare.com
joyce.henson@fastpacehealth.com,Joyce,Henson,Joyce Henson,,Unknown,Fastpace Health,,None,,Not Found,joyce.henson@fastpacehealth.com
aswinton@fasttrackurgentcare.com,Aswinton,,Aswinton,,Unknown,Fasttrackurgent Care,,None,,Not Found,aswinton@fasttrackurgentcare.com
patrica.hand@fastpacehealth.com,Patrica,Hand,Patrica Hand,,Unknown,Fastpace Health,,None,,Not Found,patrica.hand@fastpacehealth.com
austin.davis@fastpacehealth.com,Austin,Davis,Austin Davis,,Unknown,Fastpace Health,,None,,Not Found,austin.davis@fastpacehealth.com
lblizard@fasttrackurgentcare.com,Lblizard,,Lblizard,,Unknown,Fasttrackurgent Care,,None,,Not Found,lblizard@fasttrackurgentcare.com
trosenberg@fasttrackurgentcare.com,Trosenberg,,Trosenberg,,Unknown,Fasttrackurgent Care,,None,,Not Found,trosenberg@fasttrackurgentcare.com
dgdiecidue@fasttrackurgentcare.com,Dgdiecidue,,Dgdiecidue,,Unknown,Fasttrackurgent Care,,None,,Not Found,dgdiecidue@fasttrackurgentcare.com
jeledge@communityquickcare.com,Jeledge,,Jeledge,,Unknown,Communityquick Care,,None,,Not Found,jeledge@communityquickcare.com
jmccarthy@expercarehealth.com,Jmccarthy,,Jmccarthy,Aiemailwriting Assistant for Professionals,Staff / Coordinator,Exper Care Health,,Low,LinkedIn / Web Search,Found,jmccarthy@expercarehealth.com
afoster@expresscareofbelleview.com,Afoster,,Afoster,Owner,Owner / Executive (C-Suite),Express Care Ofbelleview,,Low,LinkedIn / Web Search,Found,afoster@expresscareofbelleview.com
cbowman@fasttrackurgentcare.com,Cbowman,,Cbowman,,Unknown,Fasttrackurgent Care,,None,,Not Found,cbowman@fasttrackurgentcare.com
robert.benson@fastpacemedical.com,Robert,Benson,Robert Benson,,Unknown,Fastpace Medical,,None,,Not Found,robert.benson@fastpacemedical.com
agirit@fasttrackurgentcare.com,Agirit,,Agirit,,Unknown,Fasttrackurgent Care,,None,,Not Found,agirit@fasttrackurgentcare.com
jeremy@redicareco.com,Jeremy,,Jeremy,,Unknown,Redi Care Co,,None,,Not Found,jeremy@redicareco.com
aisrael@levelupuc.com,Aisrael,,Aisrael,,Unknown,Levelupuc,,None,,Not Found,aisrael@levelupuc.com
rrolon@fasttrackurgentcare.com,Rrolon,,Rrolon,,Unknown,Fasttrackurgent Care,,None,,Not Found,rrolon@fasttrackurgentcare.com
marcus.hobgood@fastpacehealth.com,Marcus,Hobgood,Marcus Hobgood,,Unknown,Fastpace Health,,None,,Not Found,marcus.hobgood@fastpacehealth.com
mvisconi@levelupuc.com,Mvisconi,,Mvisconi,,Unknown,Levelupuc,,None,,Not Found,mvisconi@levelupuc.com
clydic@fasttrackurgentcare.com,Clydic,,Clydic,,Unknown,Fasttrackurgent Care,,None,,Not Found,clydic@fasttrackurgentcare.com
abid@doctorsurgentcaregroup.com,Abid,,Abid,,Unknown,Doctorsurgent Care Group,,None,,Not Found,abid@doctorsurgentcaregroup.com
kdorbor@levelupuc.com,Kdorbor,,Kdorbor,,Unknown,Levelupuc,,None,,Not Found,kdorbor@levelupuc.com
hgreer@fasttrackurgentcare.com,Hgreer,,Hgreer,,Unknown,Fasttrackurgent Care,,None,,Not Found,hgreer@fasttrackurgentcare.com
tsimons@wellstreet.com,Tsimons,,Tsimons,Analyst,Professional,Wellstreet,,Low,LinkedIn / Web Search,Found,tsimons@wellstreet.com
sroman@levelupuc.com,Sroman,,Sroman,,Unknown,Levelupuc,,None,,Not Found,sroman@levelupuc.com
cyandle@wellstreet.com,Cyandle,,Cyandle,,Unknown,Wellstreet,,None,,Not Found,cyandle@wellstreet.com
nzima@wellstreet.com,Nzima,,Nzima,Partner,Owner / Executive (C-Suite),Wellstreet,,Low,LinkedIn / Web Search,Found,nzima@wellstreet.com
msturdevant@wellstreet.com,Turdevant,,Turdevant,,Unknown,Wellstreet,,None,,Not Found,msturdevant@wellstreet.com
rhawkins@wellstreet.com,Rhawkins,,Rhawkins,,Unknown,Wellstreet,,None,,Not Found,rhawkins@wellstreet.com
kjones@wellstreet.com,Kjones,,Kjones,,Unknown,Wellstreet,,None,,Not Found,kjones@wellstreet.com
ccousins@wellstreet.com,Ccousins,,Ccousins,,Unknown,Wellstreet,,None,,Not Found,ccousins@wellstreet.com
cdonnelly@wellstreet.com,Cdonnelly,,Cdonnelly,,Unknown,Wellstreet,,None,,Not Found,cdonnelly@wellstreet.com
lresnick@wellstreet.com,Lresnick,,Lresnick,,Unknown,Wellstreet,,None,,Not Found,lresnick@wellstreet.com
mkossman@wellstreet.com,Mkossman,,Mkossman,,Unknown,Wellstreet,,None,,Not Found,mkossman@wellstreet.com
mwebb@wellstreet.com,Mwebb,,Mwebb,,Unknown,Wellstreet,,None,,Not Found,mwebb@wellstreet.com
kdang@wellstreet.com,Kdang,,Kdang,,Unknown,Wellstreet,,None,,Not Found,kdang@wellstreet.com
jcole@wellstreet.com,Jcole,,Jcole,,Unknown,Wellstreet,,None,,Not Found,jcole@wellstreet.com
jmoneill@wellstreet.com,Jmoneill,,Jmoneill,,Unknown,Wellstreet,,None,,Not Found,jmoneill@wellstreet.com
cclayton@wellstreet.com,Cclayton,,Cclayton,,Unknown,Wellstreet,,None,,Not Found,cclayton@wellstreet.com
ttinsley@wellstreet.com,Ttinsley,,Ttinsley,,Unknown,Wellstreet,,None,,Not Found,ttinsley@wellstreet.com
lrobinson@wellstreet.com,Lrobinson,,Lrobinson,Windows Update Assistant,Staff / Coordinator,Wellstreet,,Low,LinkedIn / Web Search,Found,lrobinson@wellstreet.com
jwilson@wellstreet.com,Jwilson,,Jwilson,,Unknown,Wellstreet,,None,,Not Found,jwilson@wellstreet.com
rbaron@wellstreet.com,Rbaron,,Rbaron,,Unknown,Wellstreet,,None,,Not Found,rbaron@wellstreet.com
faguilar@urologygeorgia.com,Faguilar,,Faguilar,Partner,Owner / Executive (C-Suite),Urologygeorgia,,Low,LinkedIn / Web Search,Found,faguilar@urologygeorgia.com
irisn@nwurology.com,Irisn,,Irisn,,Unknown,Nwurology,,None,,Not Found,irisn@nwurology.com
raechalh@nwurology.com,Raechalh,,Raechalh,,Unknown,Nwurology,,None,,Not Found,raechalh@nwurology.com
rjenkins@gaurology.com,Rjenkins,,Rjenkins,,Unknown,Gaurology,,None,,Not Found,rjenkins@gaurology.com
dcarmen@gaurology.com,Dcarmen,,Dcarmen,,Unknown,Gaurology,,None,,Not Found,dcarmen@gaurology.com
spitter@gaurology.com,Spitter,,Spitter,,Unknown,Gaurology,,None,,Not Found,spitter@gaurology.com
rbt@upnt.com,Rbt,,Rbt,Registered Behavior Technician,Professional,Upnt,,Medium,LinkedIn / Web Search,Found,rbt@upnt.com
jbyrd@memphisurology.com,Jbyrd,,Jbyrd,,Unknown,Memphisurology,,None,,Not Found,jbyrd@memphisurology.com
hkorman@urologist.org,Hkorman,,Hkorman,,Unknown,Urologist,,None,,Not Found,hkorman@urologist.org
rmooney@northdallasurology.com,Rmooney,,Rmooney,,Unknown,Northdallasurology,,None,,Not Found,rmooney@northdallasurology.com
rhoang@goldengateurology.com,Rhoang,,Rhoang,,Unknown,Goldengateurology,,None,,Not Found,rhoang@goldengateurology.com
serenam@nwurology.com,Serenam,,Serenam,,Unknown,Nwurology,,None,,Not Found,serenam@nwurology.com
kevinb@nwurology.com,Kevinb,,Kevinb,,Unknown,Nwurology,,None,,Not Found,kevinb@nwurology.com
slieman@northdallasurology.com,Slieman,,Slieman,,Unknown,Northdallasurology,,None,,Not Found,slieman@northdallasurology.com
shassell@northdallasurology.com,Shassell,,Shassell,,Unknown,Northdallasurology,,None,,Not Found,shassell@northdallasurology.com
pfried@urologygroup.com,Pfried,,Pfried,,Unknown,Urology Group,,None,,Not Found,pfried@urologygroup.com
ckirkpatrick@northdallasurology.com,Ckirkpatrick,,Ckirkpatrick,,Unknown,Northdallasurology,,None,,Not Found,ckirkpatrick@northdallasurology.com
mwansik@urologygroup.com,Mwansik,,Mwansik,,Unknown,Urology Group,,None,,Not Found,mwansik@urologygroup.com
hweber@northdallasurology.com,Hweber,,Hweber,,Unknown,Northdallasurology,,None,,Not Found,hweber@northdallasurology.com
ehornschemeier@urologygroup.com,Ehornschemeier,,Ehornschemeier,Principal,Owner / Executive (C-Suite),Urology Group,,Low,LinkedIn / Web Search,Found,ehornschemeier@urologygroup.com
ncontreras@northdallasurology.com,Ncontreras,,Ncontreras,,Unknown,Northdallasurology,,None,,Not Found,ncontreras@northdallasurology.com
pgriswold@urohealthpartners.com,Pgriswold,,Pgriswold,Specialist,Staff / Coordinator,Uro Health Partners,,Low,LinkedIn / Web Search,Found,pgriswold@urohealthpartners.com
ckwolek@vascularcaregrp.com,Ckwolek,,Ckwolek,,Unknown,Vascular Care Grp,,None,,Not Found,ckwolek@vascularcaregrp.com
mgalvin@urologygroup.com,Mgalvin,,Mgalvin,,Unknown,Urology Group,,None,,Not Found,mgalvin@urologygroup.com
bedwards@urologygroup.com,Bedwards,,Bedwards,,Unknown,Urology Group,,None,,Not Found,bedwards@urologygroup.com
tmoehringer@urologygroup.com,Tmoehringer,,Tmoehringer,,Unknown,Urology Group,,None,,Not Found,tmoehringer@urologygroup.com
kcuddy@vascularcaregrp.com,Kcuddy,,Kcuddy,,Unknown,Vascular Care Grp,,None,,Not Found,kcuddy@vascularcaregrp.com
eblazick@vascularcaregrp.com,Eblazick,,Eblazick,,Unknown,Vascular Care Grp,,None,,Not Found,eblazick@vascularcaregrp.com
dgorin@vascularcaregrp.com,Dgorin,,Dgorin,,Unknown,Vascular Care Grp,,None,,Not Found,dgorin@vascularcaregrp.com
csmith@vascularcaregrp.com,Csmith,,Csmith,,Unknown,Vascular Care Grp,,None,,Not Found,csmith@vascularcaregrp.com
kimberly@coastalvascularcenter.com,Kimberly,,Kimberly,Analyst,Professional,Coastalvascular Center,,Low,LinkedIn / Web Search,Found,kimberly@coastalvascularcenter.com
earous@vascularcaregrp.com,Earous,,Earous,,Unknown,Vascular Care Grp,,None,,Not Found,earous@vascularcaregrp.com
quirk@coastalvascularcenter.com,Quirk,,Quirk,Surgeon,Practitioner / Doctor / Faculty,Coastalvascular Center,,Medium,Website (Homepage),Found,quirk@coastalvascularcenter.com
jwatson@northbeachvascular.com,Jwatson,,Jwatson,,Unknown,Northbeachvascular,,None,,Not Found,jwatson@northbeachvascular.com
sramoa@vascularcarespecialists.com,Sramoa,,Sramoa,Founder,Owner / Executive (C-Suite),Vascular Care Specialists,,Low,LinkedIn / Web Search,Found,sramoa@vascularcarespecialists.com
kpantore@thevascularexperts.com,Kpantore,,Kpantore,,Unknown,Thevascularexperts,,None,,Not Found,kpantore@thevascularexperts.com
jvillaruz@universityvascular.com,Jvillaruz,,Jvillaruz,,Unknown,Universityvascular,,None,,Not Found,jvillaruz@universityvascular.com
jauguste@thevascularexperts.com,Jauguste,,Jauguste,,Unknown,Thevascularexperts,,None,,Not Found,jauguste@thevascularexperts.com
bgleason@thevascularexperts.com,Bgleason,,Bgleason,,Unknown,Thevascularexperts,,None,,Not Found,bgleason@thevascularexperts.com
mhuribal@thevascularexperts.com,Mhuribal,,Mhuribal,CEO,Owner / Executive (C-Suite),Thevascularexperts,,Low,LinkedIn / Web Search,Found,mhuribal@thevascularexperts.com
tmuro@thevascularexperts.com,Tmuro,,Tmuro,,Unknown,Thevascularexperts,,None,,Not Found,tmuro@thevascularexperts.com
kmiller@savannahvascular.com,Kmiller,,Kmiller,,Unknown,Savannahvascular,,None,,Not Found,kmiller@savannahvascular.com
mmanuel@thevascularexperts.com,Mmanuel,,Mmanuel,,Unknown,Thevascularexperts,,None,,Not Found,mmanuel@thevascularexperts.com
aperrotti@thevascularexperts.com,Aperrotti,,Aperrotti,,Unknown,Thevascularexperts,,None,,Not Found,aperrotti@thevascularexperts.com
nnassiri@thevascularcaregroup.com,Nnassiri,,Nnassiri,,Unknown,Thevascular Care Group,,None,,Not Found,nnassiri@thevascularcaregroup.com
naranson@thevascularcaregroup.com,Naranson,,Naranson,,Unknown,Thevascular Care Group,,None,,Not Found,naranson@thevascularcaregroup.com
alazar@thevascularcaregroup.com,Alazar,,Alazar,,Unknown,Thevascular Care Group,,None,,Not Found,alazar@thevascularcaregroup.com
jwesley@arteryandvein.com,Jwesley,,Jwesley,,Unknown,Arteryandvein,,None,,Not Found,jwesley@arteryandvein.com
bkusako@vascularct.com,Bkusako,,Bkusako,,Unknown,Vascularct,,None,,Not Found,bkusako@vascularct.com
lmcnamara@pmgvascular.com,Lmcnamara,,Lmcnamara,"Mar 7, 2019",Professional,Pmgvascular,,Low,LinkedIn / Web Search,Found,lmcnamara@pmgvascular.com
desiree@vascularinstitute.com,Desiree,,Desiree,,Unknown,Vascularinstitute,,None,,Not Found,desiree@vascularinstitute.com
ann@physiciansveinclinics.com,Ann,,Ann,,Unknown,Physiciansvein Clinic S,,None,,Not Found,ann@physiciansveinclinics.com
krista@physiciansveinclinics.com,Krista,,Krista,,Unknown,Physiciansvein Clinic S,,None,,Not Found,krista@physiciansveinclinics.com
ofeingold@sovms.com,Ofeingold,,Ofeingold,,Unknown,Sovms,,None,,Not Found,ofeingold@sovms.com
mark.silva@centerforvein.com,Mark,Silva,Mark Silva,Specialist,Staff / Coordinator,Center Forvein,,Low,LinkedIn / Web Search,Found,mark.silva@centerforvein.com
darrell.springfield@centerforvein.com,Darrell,Springfield,Darrell Springfield,,Unknown,Center Forvein,,None,,Not Found,darrell.springfield@centerforvein.com
samuel.castano@centerforvein.com,Samuel,Castano,Samuel Castano,,Unknown,Center Forvein,,None,,Not Found,samuel.castano@centerforvein.com
bill.kelly@centerforvein.com,Bill,Kelly,Bill Kelly,,Unknown,Center Forvein,,None,,Not Found,bill.kelly@centerforvein.com
nancy.whisler@centerforvein.com,Nancy,Whisler,Nancy Whisler,,Unknown,Center Forvein,,None,,Not Found,nancy.whisler@centerforvein.com
jhmiller@millervein.com,Jhmiller,,Jhmiller,,Unknown,Millervein,,None,,Not Found,jhmiller@millervein.com
latrisha.lundy@centerforvein.com,Latrisha,Lundy,Latrisha Lundy,,Unknown,Center Forvein,,None,,Not Found,latrisha.lundy@centerforvein.com
drbragg@floridaveincare.com,Bragg,,Bragg,,Unknown,Floridavein Care,,None,,Not Found,drbragg@floridaveincare.com
wendy.johnson@centerforvein.com,Wendy,Johnson,Wendy Johnson,,Unknown,Center Forvein,,None,,Not Found,wendy.johnson@centerforvein.com
samantha.barrington@centerforvein.com,Samantha,Barrington,Samantha Barrington,,Unknown,Center Forvein,,None,,Not Found,samantha.barrington@centerforvein.com
jose.vazquez@centerforvein.com,Jose,Vazquez,Jose Vazquez,Principal,Owner / Executive (C-Suite),Center Forvein,,Low,LinkedIn / Web Search,Found,jose.vazquez@centerforvein.com
sanjiv.lakhanpal@centerforvein.com,Sanjiv,Lakhanpal,Sanjiv Lakhanpal,Founder,Owner / Executive (C-Suite),Center Forvein,,Low,LinkedIn / Web Search,Found,sanjiv.lakhanpal@centerforvein.com
kristin.brooks@centerforvein.com,Kristin,Brooks,Kristin Brooks,Founder,Owner / Executive (C-Suite),Center Forvein,,Low,LinkedIn / Web Search,Found,kristin.brooks@centerforvein.com
lori.wright@centerforvein.com,Lori,Wright,Lori Wright,,Unknown,Center Forvein,,None,,Not Found,lori.wright@centerforvein.com
julie.romero@centerforvein.com,Julie,Romero,Julie Romero,Sameermusic Director,Director / VP,Center Forvein,,Low,LinkedIn / Web Search,Found,julie.romero@centerforvein.com
azita@veinandlaser.org,Azita,,Azita,,Unknown,Veinandlaser,,None,,Not Found,azita@veinandlaser.org
jonathan.felts@centerforvein.com,Jonathan,Felts,Jonathan Felts,,Unknown,Center Forvein,,None,,Not Found,jonathan.felts@centerforvein.com
luis.barajas@centerforvein.com,Luis,Barajas,Luis Barajas,From Settings & Device Manager,Manager / Admin,Center Forvein,,Low,LinkedIn / Web Search,Found,luis.barajas@centerforvein.com
kayla@physiciansveinclinics.com,Kayla,,Kayla,Owner,Owner / Executive (C-Suite),Physiciansvein Clinic S,,Medium,LinkedIn / Web Search,Found,kayla@physiciansveinclinics.com
craig.kilgore@coastalvvc.com,Craig,Kilgore,Craig Kilgore,Founder,Owner / Executive (C-Suite),Coastalvvc,,Low,LinkedIn / Web Search,Found,craig.kilgore@coastalvvc.com
administration@ny4vein.com,Administration,,Administration,,Unknown,Ny4vein,,None,,Not Found,administration@ny4vein.com
nilofar@physiciansveinclinics.com,Nilofar,,Nilofar,,Unknown,Physiciansvein Clinic S,,None,,Not Found,nilofar@physiciansveinclinics.com
justin@odonnellveinandlaser.com,Justin,,Justin,,Unknown,Odonnellveinandlaser,,None,,Not Found,justin@odonnellveinandlaser.com
david@odonnellveinandlaser.com,David,,David,,Unknown,Odonnellveinandlaser,,None,,Not Found,david@odonnellveinandlaser.com
michelle@physiciansveinclinics.com,Michelle,,Michelle,Registered Nurse,Professional,Physiciansvein Clinic S,,Medium,Website (/staff/),Found,michelle@physiciansveinclinics.com
vet@my24hrvet.com,Vet,,Vet,,Unknown,My24hrvet,,None,,Not Found,vet@my24hrvet.com
kristopher.erpelding@nva.com,Kristopher,Erpelding,Kristopher Erpelding,,Unknown,Nva,,None,,Not Found,kristopher.erpelding@nva.com
jtrask@alphapointe.org,Jtrask,,Jtrask,DB-GPT: Open-source Agentic AI Data Assistant,Staff / Coordinator,Alphapointe,,Low,LinkedIn / Web Search,Found,jtrask@alphapointe.org
amanda.stilwell@nva.com,Amanda,Stilwell,Amanda Stilwell,,Unknown,Nva,,None,,Not Found,amanda.stilwell@nva.com
eric.sigg@vca.com,Eric,Sigg,Eric Sigg,,Unknown,Vca,,None,,Not Found,eric.sigg@vca.com
rmabry@alphapointe.org,Rmabry,,Rmabry,,Unknown,Alphapointe,,None,,Not Found,rmabry@alphapointe.org
hlarue@alphapointe.org,Hlarue,,Hlarue,,Unknown,Alphapointe,,None,,Not Found,hlarue@alphapointe.org
acampbell@alphapointe.org,Acampbell,,Acampbell,,Unknown,Alphapointe,,None,,Not Found,acampbell@alphapointe.org
jhelling@alphapointe.org,Jhelling,,Jhelling,Accounts Manager,Manager / Admin,Alphapointe,,Low,LinkedIn / Web Search,Found,jhelling@alphapointe.org
ckosiorek@alphapointe.org,Ckosiorek,,Ckosiorek,,Unknown,Alphapointe,,None,,Not Found,ckosiorek@alphapointe.org
ggowin@alphapointe.org,Ggowin,,Ggowin,,Unknown,Alphapointe,,None,,Not Found,ggowin@alphapointe.org
rwilliams@alphapointe.org,Rwilliams,,Rwilliams,,Unknown,Alphapointe,,None,,Not Found,rwilliams@alphapointe.org
tengland@alphapointe.org,Tengland,,Tengland,,Unknown,Alphapointe,,None,,Not Found,tengland@alphapointe.org
acassotta@soundmedicalweightloss.com,Acassotta,,Acassotta,,Unknown,Sound Medical Weightloss,,None,,Not Found,acassotta@soundmedicalweightloss.com
michelle.cavo@poundsmwlt.com,Michelle,Cavo,Michelle Cavo,Chief Medical Officer,Owner / Executive (C-Suite),Poundsmwlt,,Medium,Website (Homepage),Found,michelle.cavo@poundsmwlt.com
elizabeth.white@poundsmwlt.com,Elizabeth,White,Elizabeth White,,Unknown,Poundsmwlt,,None,,Not Found,elizabeth.white@poundsmwlt.com
terria@trueyouweightloss.com,Terria,,Terria,,Unknown,Trueyouweightloss,,None,,Not Found,terria@trueyouweightloss.com
kendall.reicherter@flytehealth.com,Kendall,Reicherter,Kendall Reicherter,,Unknown,Flyte Health,,None,,Not Found,kendall.reicherter@flytehealth.com
stietz@weightingoldwellness.com,Stietz,,Stietz,President,Owner / Executive (C-Suite),Weightingoldwellness,,Low,LinkedIn / Web Search,Found,stietz@weightingoldwellness.com
adria@trueyouweightloss.com,Adria,,Adria,,Unknown,Trueyouweightloss,,None,,Not Found,adria@trueyouweightloss.com
laura@trueyouweightloss.com,Laura,,Laura,,Unknown,Trueyouweightloss,,None,,Not Found,laura@trueyouweightloss.com
mgeorge@yourwellnesssources.com,Mgeorge,,Mgeorge,Chief Minister Employment Generation Programme,Owner / Executive (C-Suite),Yourwellnesssources,,Low,LinkedIn / Web Search,Found,mgeorge@yourwellnesssources.com
binju.joel@joelwellnessclinic.com,Binju,Joel,Binju Joel,Doctor,Practitioner / Doctor / Faculty,Joelwellness Clinic,,Medium,Website (Homepage),Found,binju.joel@joelwellnessclinic.com
jroller@rollerweightloss.com,Jroller,,Jroller,,Unknown,Rollerweightloss,,None,,Not Found,jroller@rollerweightloss.com
jordan.leedy@digwellnesscenter.com,Jordan,Leedy,Jordan Leedy,,Unknown,Digwellness Center,,None,,Not Found,jordan.leedy@digwellnesscenter.com
sydney@joelwellnessclinic.com,Sydney,,Sydney,,Unknown,Joelwellness Clinic,,None,,Not Found,sydney@joelwellnessclinic.com
drnieto@marketplacewellnesscenter.com,Nieto,,Nieto,Clinical Director,Director / VP,Marketplacewellness Center,,Medium,Website (/our-team/),Found,drnieto@marketplacewellnesscenter.com
dianna@marketplacewellnesscenter.com,Dianna,,Dianna,Partner,Owner / Executive (C-Suite),Marketplacewellness Center,,Medium,LinkedIn / Web Search,Found,dianna@marketplacewellnesscenter.com
jcrivas@empoweringwellnessict.com,Jcrivas,,Jcrivas,,Unknown,Empoweringwellnessict,,None,,Not Found,jcrivas@empoweringwellnessict.com
m.mielak@marketplacewellnesscenter.com,M,Mielak,M Mielak,,Unknown,Marketplacewellness Center,,None,,Not Found,m.mielak@marketplacewellnesscenter.com
admin@younaverse.us,,,,General Inbox / Staff,Staff / Coordinator,Younaverse,,Medium,Role-based Mailbox,Role-Based,admin@younaverse.us
gabriela@marketplacewellnesscenter.com,Gabriela,,Gabriela,,Unknown,Marketplacewellness Center,,None,,Not Found,gabriela@marketplacewellnesscenter.com
dara.kaleiohi@andersencorp.com,Dara,Kaleiohi,Dara Kaleiohi,Director,Director / VP,Andersencorp,,Low,LinkedIn / Web Search,Found,dara.kaleiohi@andersencorp.com
shousholder@empowerwellnessfw.com,Shousholder,,Shousholder,Family Nurse Practitioner,Practitioner / Doctor / Faculty,Empowerwellnessfw,,Medium,Website (/staff),Found,shousholder@empowerwellnessfw.com
jasmine@marketplacewellnesscenter.com,Jasmine,,Jasmine,,Unknown,Marketplacewellness Center,,None,,Not Found,jasmine@marketplacewellnesscenter.com
christopher.raddatz@andersencorp.com,Christopher,Raddatz,Christopher Raddatz,,Unknown,Andersencorp,,None,,Not Found,christopher.raddatz@andersencorp.com
ssmith@vintagewineestates.com,Ssmith,,Ssmith,,Unknown,Vintagewineestates,,None,,Not Found,ssmith@vintagewineestates.com
mprindle@elevatewindows.net,Mprindle,,Mprindle,,Unknown,Elevatewindows,,None,,Not Found,mprindle@elevatewindows.net
acameron@vintagewineestates.com,Acameron,,Acameron,,Unknown,Vintagewineestates,,None,,Not Found,acameron@vintagewineestates.com
lfates@vintagewineestates.com,Lfates,,Lfates,,Unknown,Vintagewineestates,,None,,Not Found,lfates@vintagewineestates.com
dreue@whealthtx.com,Eue,,Eue,,Unknown,W Health Tx,,None,,Not Found,dreue@whealthtx.com
jess@birth-co.com,Jess,,Jess,,Unknown,Birth Co,,None,,Not Found,jess@birth-co.com
nfernandez@whealthtx.com,Nfernandez,,Nfernandez,,Unknown,W Health Tx,,None,,Not Found,nfernandez@whealthtx.com
sreich@whealthtx.com,Sreich,,Sreich,,Unknown,W Health Tx,,None,,Not Found,sreich@whealthtx.com
mgordon@whealthtx.com,Mgordon,,Mgordon,,Unknown,W Health Tx,,None,,Not Found,mgordon@whealthtx.com
ndolley@onsitewomenshealth.com,Ndolley,,Ndolley,,Unknown,Onsitewomens Health,,None,,Not Found,ndolley@onsitewomenshealth.com
lucy.d@quiltedhealth.com,Lucy,D,Lucy D,Director,Director / VP,Quilted Health,,Low,LinkedIn / Web Search,Found,lucy.d@quiltedhealth.com
christine@quiltedhealth.com,Christine,,Christine,,Unknown,Quilted Health,,None,,Not Found,christine@quiltedhealth.com
akwasiba.r@quiltedhealth.com,Akwasiba,R,Akwasiba R,Founder,Owner / Executive (C-Suite),Quilted Health,,Low,LinkedIn / Web Search,Found,akwasiba.r@quiltedhealth.com
elease.emporellis@bonadeagynecology.com,Elease,Emporellis,Elease Emporellis,,Unknown,Bonadeagynecology,,None,,Not Found,elease.emporellis@bonadeagynecology.com
mmendez@quiltedhealth.com,Mmendez,,Mmendez,,Unknown,Quilted Health,,None,,Not Found,mmendez@quiltedhealth.com
lsevern@quiltedhealth.com,Lsevern,,Lsevern,,Unknown,Quilted Health,,None,,Not Found,lsevern@quiltedhealth.com
lisa@quiltedhealth.com,Lisa,,Lisa,,Unknown,Quilted Health,,None,,Not Found,lisa@quiltedhealth.com
jkeenan@baby4me.net,Jkeenan,,Jkeenan,,Unknown,Baby4me,,None,,Not Found,jkeenan@baby4me.net
jessica@femmeflor.com,Jessica,,Jessica,,Unknown,Femmeflor,,None,,Not Found,jessica@femmeflor.com
mg@brookwoodwomenshealth.com,Mg,,Mg,,Unknown,Brookwoodwomens Health,,None,,Not Found,mg@brookwoodwomenshealth.com
stephanie@collaborativewomenscare.com,Stephanie,,Stephanie,,Unknown,Collaborativewomens Care,,None,,Not Found,stephanie@collaborativewomenscare.com
jake@newuwomensclinic.com,Jake,,Jake,Chief Technology Officer,Owner / Executive (C-Suite),Newuwomens Clinic,,Low,LinkedIn / Web Search,Found,jake@newuwomensclinic.com
sgatewood@pearlwomenscenter.com,Sgatewood,,Sgatewood,,Unknown,Pearlwomens Center,,None,,Not Found,sgatewood@pearlwomenscenter.com
tiffany@femmeflor.com,Tiffany,,Tiffany,Consultant,Professional,Femmeflor,,Low,LinkedIn / Web Search,Found,tiffany@femmeflor.com
pruffner@pearlwomenscenter.com,Pruffner,,Pruffner,,Unknown,Pearlwomens Center,,None,,Not Found,pruffner@pearlwomenscenter.com
chidimma@femmeflor.com,Chidimma,,Chidimma,,Unknown,Femmeflor,,None,,Not Found,chidimma@femmeflor.com
karina@femmeflor.com,Karina,,Karina,,Unknown,Femmeflor,,None,,Not Found,karina@femmeflor.com
aperreault@womenshealthct.com,Aperreault,,Aperreault,DB-GPT: Open-source Agentic AI Data Assistant,Staff / Coordinator,Womens Health Ct,,Low,LinkedIn / Web Search,Found,aperreault@womenshealthct.com
nurbanski@womenshealthct.com,Nurbanski,,Nurbanski,,Unknown,Womens Health Ct,,None,,Not Found,nurbanski@womenshealthct.com
ajackson@womenshealthct.com,Ajackson,,Ajackson,,Unknown,Womens Health Ct,,None,,Not Found,ajackson@womenshealthct.com
rschubach@womenshealthct.com,Rschubach,,Rschubach,,Unknown,Womens Health Ct,,None,,Not Found,rschubach@womenshealthct.com
askrijelj@womenshealthct.com,Askrijelj,,Askrijelj,,Unknown,Womens Health Ct,,None,,Not Found,askrijelj@womenshealthct.com
lkowalski@womenshealthct.com,Lkowalski,,Lkowalski,,Unknown,Womens Health Ct,,None,,Not Found,lkowalski@womenshealthct.com
asaracevic@womenshealthct.com,Asaracevic,,Asaracevic,,Unknown,Womens Health Ct,,None,,Not Found,asaracevic@womenshealthct.com
lisa.garcia@squarecarehealth.com,Lisa,Garcia,Lisa Garcia,,Unknown,Square Care Health,,None,,Not Found,lisa.garcia@squarecarehealth.com
dpezzuto@queencitywomenshealth.com,Dpezzuto,,Dpezzuto,,Unknown,Queencitywomens Health,,None,,Not Found,dpezzuto@queencitywomenshealth.com
imani.finn@advantiahealth.com,Imani,Finn,Imani Finn,,Unknown,Advantia Health,,None,,Not Found,imani.finn@advantiahealth.com
hyork@womenscare.com,Hyork,,Hyork,Principal,Owner / Executive (C-Suite),Womens Care,,Low,LinkedIn / Web Search,Found,hyork@womenscare.com
lfein@camelbackwomenshealth.com,Lfein,,Lfein,,Unknown,Camelbackwomens Health,,None,,Not Found,lfein@camelbackwomenshealth.com
ecooper@womenscare.com,Ecooper,,Ecooper,,Unknown,Womens Care,,None,,Not Found,ecooper@womenscare.com
mstraker@bestcareobgyn.com,Traker,,Traker,Office Manager,Manager / Admin,Best Care Obgyn,,Medium,Website (Homepage),Found,mstraker@bestcareobgyn.com
powersm@physiciansandmidwives.com,Powersm,,Powersm,Partner,Owner / Executive (C-Suite),Physiciansandmidwives,,Low,LinkedIn / Web Search,Found,powersm@physiciansandmidwives.com
erodgers@springobgyn.com,Erodgers,,Erodgers,,Unknown,Springobgyn,,None,,Not Found,erodgers@springobgyn.com
gcotney@bayareaobgyn.com,Gcotney,,Gcotney,Director,Director / VP,Bayareaobgyn,,Low,LinkedIn / Web Search,Found,gcotney@bayareaobgyn.com
screnwelge@womenscare.com,Screnwelge,,Screnwelge,,Unknown,Womens Care,,None,,Not Found,screnwelge@womenscare.com
mercadoe@physiciansandmidwives.com,Mercadoe,,Mercadoe,,Unknown,Physiciansandmidwives,,None,,Not Found,mercadoe@physiciansandmidwives.com
kim@girltalkgyn.com,Kim,,Kim,,Unknown,Girltalkgyn,,None,,Not Found,kim@girltalkgyn.com
bmortensen@womenscare.com,Bmortensen,,Bmortensen,Youtube Partner Program Overview & Eligibility,Owner / Executive (C-Suite),Womens Care,,Low,LinkedIn / Web Search,Found,bmortensen@womenscare.com
cmerritt@womenshealthaz.com,Cmerritt,,Cmerritt,,Unknown,Womens Health Az,,None,,Not Found,cmerritt@womenshealthaz.com
tgordon@womenshealthaz.com,Tgordon,,Tgordon,,Unknown,Womens Health Az,,None,,Not Found,tgordon@womenshealthaz.com
ssongne@womenshealthaz.com,Ssongne,,Ssongne,,Unknown,Womens Health Az,,None,,Not Found,ssongne@womenshealthaz.com
hmueller@womenshealthaz.com,Hmueller,,Hmueller,,Unknown,Womens Health Az,,None,,Not Found,hmueller@womenshealthaz.com
bjones@womenscare.com,Bjones,,Bjones,,Unknown,Womens Care,,None,,Not Found,bjones@womenscare.com
mmalic@womenshealthaz.com,Mmalic,,Mmalic,,Unknown,Womens Health Az,,None,,Not Found,mmalic@womenshealthaz.com
kbarron@womenshealthaz.com,Kbarron,,Kbarron,,Unknown,Womens Health Az,,None,,Not Found,kbarron@womenshealthaz.com
aaugur@womenshealthaz.com,Aaugur,,Aaugur,,Unknown,Womens Health Az,,None,,Not Found,aaugur@womenshealthaz.com
aurquiola@womenshealthaz.com,Aurquiola,,Aurquiola,,Unknown,Womens Health Az,,None,,Not Found,aurquiola@womenshealthaz.com
mrossman@womenshealthaz.com,Ossman,,Ossman,,Unknown,Womens Health Az,,None,,Not Found,mrossman@womenshealthaz.com
janene@awomanstime.com,Janene,,Janene,,Unknown,Awomanstime,,None,,Not Found,janene@awomanstime.com
tshafrath@mnwcare.com,Tshafrath,,Tshafrath,,Unknown,Mnw Care,,None,,Not Found,tshafrath@mnwcare.com
cpace@mnwcare.com,Cpace,,Cpace,,Unknown,Mnw Care,,None,,Not Found,cpace@mnwcare.com
jswenson@mnwcare.com,Jswenson,,Jswenson,,Unknown,Mnw Care,,None,,Not Found,jswenson@mnwcare.com
mashford@mnwcare.com,Mashford,,Mashford,,Unknown,Mnw Care,,None,,Not Found,mashford@mnwcare.com
klundstrom@mnwcare.com,Klundstrom,,Klundstrom,,Unknown,Mnw Care,,None,,Not Found,klundstrom@mnwcare.com
jpelkey@nbopri.com,Jpelkey,,Jpelkey,,Unknown,Nbopri,,None,,Not Found,jpelkey@nbopri.com
scovarrubias@womenshealthaz.com,Scovarrubias,,Scovarrubias,,Unknown,Womens Health Az,,None,,Not Found,scovarrubias@womenshealthaz.com
hwilson@wngpa.com,Hwilson,,Hwilson,,Unknown,Wngpa,,None,,Not Found,hwilson@wngpa.com
jmellott@womenscare.com,Jmellott,,Jmellott,,Unknown,Womens Care,,None,,Not Found,jmellott@womenscare.com
lisa.dangle@genesisobgyn.net,Lisa,Dangle,Lisa Dangle,,Unknown,Genesisobgyn,,None,,Not Found,lisa.dangle@genesisobgyn.net
aschirer@cheyenneobgyn.com,Aschirer,,Aschirer,Chief Executive Officer,Owner / Executive (C-Suite),Ch Eye Nneobgyn,,Low,LinkedIn / Web Search,Found,aschirer@cheyenneobgyn.com
vhaywood@bayareaobgyn.com,Vhaywood,,Vhaywood,,Unknown,Bayareaobgyn,,None,,Not Found,vhaywood@bayareaobgyn.com
gdoyal@bayareaobgyn.com,Gdoyal,,Gdoyal,,Unknown,Bayareaobgyn,,None,,Not Found,gdoyal@bayareaobgyn.com
jhough@fabenobgyn.com,Jhough,,Jhough,Director,Director / VP,Fabenobgyn,,Low,LinkedIn / Web Search,Found,jhough@fabenobgyn.com
iberkoski@womenshealthct.com,Iberkoski,,Iberkoski,,Unknown,Womens Health Ct,,None,,Not Found,iberkoski@womenshealthct.com
enewell@spokaneobgyn.com,Enewell,,Enewell,,Unknown,Spokaneobgyn,,None,,Not Found,enewell@spokaneobgyn.com
jhuskey@effinghamobgyn.com,Jhuskey,,Jhuskey,,Unknown,Effinghamobgyn,,None,,Not Found,jhuskey@effinghamobgyn.com
drhballon@whasn.com,Hballon,,Hballon,Partner,Owner / Executive (C-Suite),Whasn,,Low,LinkedIn / Web Search,Found,drhballon@whasn.com
katie@womenshealthmd.org,Katie,,Katie,,Unknown,Womens Health Md,,None,,Not Found,katie@womenshealthmd.org
eroy@harbourwomenshealth.com,Eroy,,Eroy,Chief Technology Officer,Owner / Executive (C-Suite),Harbourwomens Health,,Low,LinkedIn / Web Search,Found,eroy@harbourwomenshealth.com
alexandre.joly@ipwgroup.com,Alexandre,Joly,Alexandre Joly,,Unknown,Ipw Group,,None,,Not Found,alexandre.joly@ipwgroup.com
lward@wwfppa.com,Lward,,Lward,Manage Your Google Password Manager PIN,Manager / Admin,Wwfppa,,Low,LinkedIn / Web Search,Found,lward@wwfppa.com
lpellerin@harbourwomenshealth.com,Lpellerin,,Lpellerin,,Unknown,Harbourwomens Health,,None,,Not Found,lpellerin@harbourwomenshealth.com
eclifford@truewomenshealth.com,Eclifford,,Eclifford,,Unknown,Truewomens Health,,None,,Not Found,eclifford@truewomenshealth.com
wanda.walker@floridawomancare.com,Wanda,Walker,Wanda Walker,,Unknown,Floridawoman Care,,None,,Not Found,wanda.walker@floridawomancare.com
dlangston@thecenterforwomen.net,Dlangston,,Dlangston,,Unknown,The Center Forwomen,,None,,Not Found,dlangston@thecenterforwomen.net
selene.zayasolacio@floridawomancare.com,Selene,Zayasolacio,Selene Zayasolacio,,Unknown,Floridawoman Care,,None,,Not Found,selene.zayasolacio@floridawomancare.com
madie.fischer@togetherwomenshealth.com,Madie,Fischer,Madie Fischer,,Unknown,Togetherwomens Health,,None,,Not Found,madie.fischer@togetherwomenshealth.com
rstevens@alliance-obgyn.com,Rstevens,,Rstevens,,Unknown,Alliance Obgyn,,None,,Not Found,rstevens@alliance-obgyn.com
jmalloch@alliance-obgyn.com,Jmalloch,,Jmalloch,,Unknown,Alliance Obgyn,,None,,Not Found,jmalloch@alliance-obgyn.com
lkelly@alliance-obgyn.com,Lkelly,,Lkelly,,Unknown,Alliance Obgyn,,None,,Not Found,lkelly@alliance-obgyn.com
molly.mcvay@togetherwomenshealth.com,Molly,Mcvay,Molly Mcvay,,Unknown,Togetherwomens Health,,None,,Not Found,molly.mcvay@togetherwomenshealth.com
john.starr@togetherwomenshealth.com,John,Starr,John Starr,,Unknown,Togetherwomens Health,,None,,Not Found,john.starr@togetherwomenshealth.com
anthony@togetherwomenshealth.com,Anthony,,Anthony,,Unknown,Togetherwomens Health,,None,,Not Found,anthony@togetherwomenshealth.com
julie.vada@togetherwomenshealth.com,Julie,Vada,Julie Vada,Sameermusic Director,Director / VP,Togetherwomens Health,,Low,LinkedIn / Web Search,Found,julie.vada@togetherwomenshealth.com
barb.zarankin@togetherwomenshealth.com,Barb,Zarankin,Barb Zarankin,,Unknown,Togetherwomens Health,,None,,Not Found,barb.zarankin@togetherwomenshealth.com
garrett@obgynsouth.com,Garrett,,Garrett,,Unknown,Obgynsouth,,None,,Not Found,garrett@obgynsouth.com
jordan.werner@togetherwomenshealth.com,Jordan,Werner,Jordan Werner,,Unknown,Togetherwomens Health,,None,,Not Found,jordan.werner@togetherwomenshealth.com
karthurs@spokaneobgyn.com,Karthurs,,Karthurs,,Unknown,Spokaneobgyn,,None,,Not Found,karthurs@spokaneobgyn.com
bboren@spokaneobgyn.com,Bboren,,Bboren,,Unknown,Spokaneobgyn,,None,,Not Found,bboren@spokaneobgyn.com
jean.tang@ipwgroup.com,Jean,Tang,Jean Tang,,Unknown,Ipw Group,,None,,Not Found,jean.tang@ipwgroup.com
adrake@spokaneobgyn.com,Adrake,,Adrake,Partner,Owner / Executive (C-Suite),Spokaneobgyn,,Low,LinkedIn / Web Search,Found,adrake@spokaneobgyn.com
saras@awomanstime.com,Saras,,Saras,,Unknown,Awomanstime,,None,,Not Found,saras@awomanstime.com
lauren.johnson@oakdaleobgyn.com,Lauren,Johnson,Lauren Johnson,"Global Technology, Cloud & AI Solutions Partner",Owner / Executive (C-Suite),Oakdaleobgyn,,Low,LinkedIn / Web Search,Found,lauren.johnson@oakdaleobgyn.com
christine.sarkinen@oakdaleobgyn.com,Christine,Sarkinen,Christine Sarkinen,,Unknown,Oakdaleobgyn,,None,,Not Found,christine.sarkinen@oakdaleobgyn.com
matthew.palmer@oakdaleobgyn.com,Matthew,Palmer,Matthew Palmer,Physician,Practitioner / Doctor / Faculty,Oakdaleobgyn,,Medium,Website (Homepage),Found,matthew.palmer@oakdaleobgyn.com
nloveless@avinawomenscare.com,Nloveless,,Nloveless,,Unknown,Avinawomens Care,,None,,Not Found,nloveless@avinawomenscare.com
katy.schlueter@oakdaleobgyn.com,Katy,Schlueter,Katy Schlueter,,Unknown,Oakdaleobgyn,,None,,Not Found,katy.schlueter@oakdaleobgyn.com
stephanie.drost@oakdaleobgyn.com,Stephanie,Drost,Stephanie Drost,,Unknown,Oakdaleobgyn,,None,,Not Found,stephanie.drost@oakdaleobgyn.com
nicole.mikota@oakdaleobgyn.com,Nicole,Mikota,Nicole Mikota,,Unknown,Oakdaleobgyn,,None,,Not Found,nicole.mikota@oakdaleobgyn.com
jeffrey.nathan@advantiahealth.com,Jeffrey,Nathan,Jeffrey Nathan,OB-GYN,Professional,Advantia Health,,Medium,Website (/team),Found,jeffrey.nathan@advantiahealth.com
jennifer.wargo@advantiahealth.com,Jennifer,Wargo,Jennifer Wargo,,Unknown,Advantia Health,,None,,Not Found,jennifer.wargo@advantiahealth.com
juan.vega@advantiahealth.com,Juan,Vega,Juan Vega,,Unknown,Advantia Health,,None,,Not Found,juan.vega@advantiahealth.com
sharon.kressel@advantiahealth.com,Sharon,Kressel,Sharon Kressel,OBGYN,Professional,Advantia Health,,Medium,Website (/team),Found,sharon.kressel@advantiahealth.com
melissa.coeling@advantiahealth.com,Melissa,Coeling,Melissa Coeling,,Unknown,Advantia Health,,None,,Not Found,melissa.coeling@advantiahealth.com
jeanette.christopher@nwpc.com,Jeanette,Christopher,Jeanette Christopher,,Unknown,Nwpc,,None,,Not Found,jeanette.christopher@nwpc.com
brittany.baker@nwpc.com,Brittany,Baker,Brittany Baker,,Unknown,Nwpc,,None,,Not Found,brittany.baker@nwpc.com
htrimble@calhounwomenscenter.com,Htrimble,,Htrimble,,Unknown,Calhounwomens Center,,None,,Not Found,htrimble@calhounwomenscenter.com
cwomble@whadwc.com,Cwomble,,Cwomble,,Unknown,Whadwc,,None,,Not Found,cwomble@whadwc.com
lindsey.gollnick@catawbawomenscenter.com,Lindsey,Gollnick,Lindsey Gollnick,,Unknown,Catawbawomens Center,,None,,Not Found,lindsey.gollnick@catawbawomenscenter.com
kristy.whitesides@catawbawomenscenter.com,Kristy,Whitesides,Kristy Whitesides,,Unknown,Catawbawomens Center,,None,,Not Found,kristy.whitesides@catawbawomenscenter.com
jhelminen@catawbawomenscenter.com,Jhelminen,,Jhelminen,,Unknown,Catawbawomens Center,,None,,Not Found,jhelminen@catawbawomenscenter.com
maria.sigmon@catawbawomenscenter.com,Maria,Sigmon,Maria Sigmon,Partner,Owner / Executive (C-Suite),Catawbawomens Center,,Low,LinkedIn / Web Search,Found,maria.sigmon@catawbawomenscenter.com
sydney.hall@catawbawomenscenter.com,Sydney,Hall,Sydney Hall,,Unknown,Catawbawomens Center,,None,,Not Found,sydney.hall@catawbawomenscenter.com
brianna.lee@catawbawomenscenter.com,Brianna,Lee,Brianna Lee,,Unknown,Catawbawomens Center,,None,,Not Found,brianna.lee@catawbawomenscenter.com
llemley@catawbawomenscenter.com,Llemley,,Llemley,,Unknown,Catawbawomens Center,,None,,Not Found,llemley@catawbawomenscenter.com
fmcspadden@eliteobgynpb.com,Fmcspadden,,Fmcspadden,,Unknown,Eliteobgynpb,,None,,Not Found,fmcspadden@eliteobgynpb.com
tracymoister@highlandscenterforwomen.com,Tracymoister,,Tracymoister,,Unknown,Highlands Center Forwomen,,None,,Not Found,tracymoister@highlandscenterforwomen.com
quinm@valleywomenshealth.com,Quinm,,Quinm,,Unknown,Valleywomens Health,,None,,Not Found,quinm@valleywomenshealth.com
mccready@valleywomenshealth.com,Mccready,,Mccready,,Unknown,Valleywomens Health,,None,,Not Found,mccready@valleywomenshealth.com
seamons@valleywomenshealth.com,Seamons,,Seamons,,Unknown,Valleywomens Health,,None,,Not Found,seamons@valleywomenshealth.com
stephanieb@valleywomenshealth.com,Stephanieb,,Stephanieb,,Unknown,Valleywomens Health,,None,,Not Found,stephanieb@valleywomenshealth.com
dluna@caringcenterforwomen.com,Dluna,,Dluna,,Unknown,Caring Center Forwomen,,None,,Not Found,dluna@caringcenterforwomen.com
khouston@wpmllc.com,Khouston,,Khouston,,Unknown,Wpmllc,,None,,Not Found,khouston@wpmllc.com
rlsmith@wpmllc.com,Rlsmith,,Rlsmith,,Unknown,Wpmllc,,None,,Not Found,rlsmith@wpmllc.com
mmangum@wpmllc.com,Mmangum,,Mmangum,CEO,Owner / Executive (C-Suite),Wpmllc,,Low,LinkedIn / Web Search,Found,mmangum@wpmllc.com
camim@valleywomenshealth.com,Camim,,Camim,,Unknown,Valleywomens Health,,None,,Not Found,camim@valleywomenshealth.com
kborkowski@wpmllc.com,Kborkowski,,Kborkowski,,Unknown,Wpmllc,,None,,Not Found,kborkowski@wpmllc.com
vbeccio@wpmllc.com,Vbeccio,,Vbeccio,,Unknown,Wpmllc,,None,,Not Found,vbeccio@wpmllc.com
khartman@allianceobgyn.org,Khartman,,Khartman,,Unknown,Allianceobgyn,,None,,Not Found,khartman@allianceobgyn.org
jdahlgren@wpmllc.com,Jdahlgren,,Jdahlgren,,Unknown,Wpmllc,,None,,Not Found,jdahlgren@wpmllc.com
mgambuto@wpmllc.com,Mgambuto,,Mgambuto,,Unknown,Wpmllc,,None,,Not Found,mgambuto@wpmllc.com
krobinson@wpmllc.com,Krobinson,,Krobinson,"The Founder of Dropbox Is Crazy, Here’s Why : R/startup",Owner / Executive (C-Suite),Wpmllc,,Low,LinkedIn / Web Search,Found,krobinson@wpmllc.com
williamsl@wfph.org,Williamsl,,Williamsl,,Unknown,Wfph,,None,,Not Found,williamsl@wfph.org
delattel@wfph.org,Delattel,,Delattel,Windows Update Assistant,Staff / Coordinator,Wfph,,Low,LinkedIn / Web Search,Found,delattel@wfph.org
johnsonc@wfph.org,Johnsonc,,Johnsonc,,Unknown,Wfph,,None,,Not Found,johnsonc@wfph.org
carth@wfph.org,Carth,,Carth,Your AI Assistant From Google,Staff / Coordinator,Wfph,,Low,LinkedIn / Web Search,Found,carth@wfph.org
cheathamk@wfph.org,Cheathamk,,Cheathamk,,Unknown,Wfph,,None,,Not Found,cheathamk@wfph.org
terryk@wfph.org,Terryk,,Terryk,,Unknown,Wfph,,None,,Not Found,terryk@wfph.org
noblea@wfph.org,Noblea,,Noblea,,Unknown,Wfph,,None,,Not Found,noblea@wfph.org
doeschers@wfph.org,Doeschers,,Doeschers,,Unknown,Wfph,,None,,Not Found,doeschers@wfph.org
harveyl@wfph.org,Harveyl,,Harveyl,,Unknown,Wfph,,None,,Not Found,harveyl@wfph.org
jeanettek@wpcc.obria.org,Jeanettek,,Jeanettek,Founder,Owner / Executive (C-Suite),Wpcc,,Low,LinkedIn / Web Search,Found,jeanettek@wpcc.obria.org
petersa@wfph.org,Petersa,,Petersa,,Unknown,Wfph,,None,,Not Found,petersa@wfph.org
deb.dittberner@herself-health.com,Deb,Dittberner,Deb Dittberner,,Unknown,Herself Health,,None,,Not Found,deb.dittberner@herself-health.com
tcall@obria.org,Tcall,,Tcall,Chief Executive Officer,Owner / Executive (C-Suite),Obria,,Low,LinkedIn / Web Search,Found,tcall@obria.org
ahaglund@obria.org,Ahaglund,,Ahaglund,Principal,Owner / Executive (C-Suite),Obria,,Low,LinkedIn / Web Search,Found,ahaglund@obria.org
tammy.powell@wihcare.com,Tammy,Powell,Tammy Powell,,Unknown,Wih Care,,None,,Not Found,tammy.powell@wihcare.com
tduru@priorityhw.com,Tduru,,Tduru,,Unknown,Priorityhw,,None,,Not Found,tduru@priorityhw.com
mnavarro@femmpro.com,Mnavarro,,Mnavarro,,Unknown,Femmpro,,None,,Not Found,mnavarro@femmpro.com
snemeth@hwcg.com,Snemeth,,Snemeth,Analyst,Professional,Hwcg,,Low,LinkedIn / Web Search,Found,snemeth@hwcg.com
alfredo@whwc.com,Alfredo,,Alfredo,,Unknown,Whwc,,None,,Not Found,alfredo@whwc.com
aford@obria.org,Aford,,Aford,,Unknown,Obria,,None,,Not Found,aford@obria.org
djudice@wpsmms.com,Djudice,,Djudice,CEO,Owner / Executive (C-Suite),Wpsmms,,Low,LinkedIn / Web Search,Found,djudice@wpsmms.com
kbranca@femmpro.com,Kbranca,,Kbranca,Associate,Staff / Coordinator,Femmpro,,Low,LinkedIn / Web Search,Found,kbranca@femmpro.com
jfrasca@femmpro.com,Jfrasca,,Jfrasca,,Unknown,Femmpro,,None,,Not Found,jfrasca@femmpro.com
asarfraz@femmpro.com,Asarfraz,,Asarfraz,,Unknown,Femmpro,,None,,Not Found,asarfraz@femmpro.com
skirschner@femmpro.com,Skirschner,,Skirschner,,Unknown,Femmpro,,None,,Not Found,skirschner@femmpro.com
davinaw@wpcc.obria.org,Davinaw,,Davinaw,,Unknown,Wpcc,,None,,Not Found,davinaw@wpcc.obria.org
lisas@wpcc.obria.org,Lisas,,Lisas,,Unknown,Wpcc,,None,,Not Found,lisas@wpcc.obria.org
