site_id,practice_name,domain,page_title,footer_name,custom_domain,created_at,updated_at,url
3,The RehabGYM,,Request an Appointment,The RehabGYM,,2021-03-01T08:39:37.979-05:00,2021-03-26T13:16:37.224-04:00,https://sites.webpt.com/3/request-an-appointment
10,Rebound Physical Therapy,,Request an Appointment,Rebound Physical Therapy,,2022-12-08T15:42:01.561-05:00,2022-12-08T15:43:33.552-05:00,https://sites.webpt.com/10/request-an-appointment
30,MTI Physical Therapy,,Request an Appointment,MTI Physical Therapy,,2021-03-26T14:12:24.375-04:00,2021-03-29T21:38:40.590-04:00,https://sites.webpt.com/30/request-an-appointment
34,Schedule a Visit with a Physical Therapist,,Schedule a Visit with a Physical Therapist,,,2019-09-09T12:00:27.610-04:00,2019-09-09T12:00:27.610-04:00,https://sites.webpt.com/34/request-an-appointment
50,should I get physical therapy,,Request an Appointment,Southshore Physical Therapy,,2020-10-29T08:59:23.246-04:00,2021-03-12T18:05:08.588-05:00,https://sites.webpt.com/50/request-an-appointment
51,Solutions Physical Therapy & Sports Medicine,,Request an Appointment,Solutions Physical Therapy & Sports Medicine,,2021-03-31T17:02:34.658-04:00,2021-03-31T17:02:34.658-04:00,https://sites.webpt.com/51/request-an-appointment
52,Whole Body Health Physical Therapy,,Request an Appointment,Whole Body Health Physical Therapy,,2020-10-07T10:52:03.453-04:00,2020-10-07T10:52:03.453-04:00,https://sites.webpt.com/52/request-an-appointment
56,McMinnville Physical Therapy,,Request an Appointment,McMinnville Physical Therapy,,2020-11-05T08:28:52.611-05:00,2023-08-08T10:22:56.268-04:00,https://sites.webpt.com/56/request-an-appointment
62,Schedule a Visit with a Physical Therapist,,Schedule a Visit with a Physical Therapist,,,2019-06-07T18:27:46.813-04:00,2019-08-26T13:42:50.766-04:00,https://sites.webpt.com/62/request-an-appointment
69,Wasatch Physical Therapy,,Request an Appointment,Wasatch Physical Therapy,,2021-03-15T16:41:36.610-04:00,2021-03-15T16:41:36.610-04:00,https://sites.webpt.com/69/request-an-appointment
72,Schedule a Visit with a Physical Therapist,,Schedule a Visit with a Physical Therapist,,,2020-01-07T13:39:15.347-05:00,2020-01-07T13:39:15.347-05:00,https://sites.webpt.com/72/request-an-appointment
80,Kinetic Physical Therapy,,Request an Appointment,Kinetic Physical Therapy,,2021-01-21T11:58:51.657-05:00,2021-01-21T12:07:05.627-05:00,https://sites.webpt.com/80/request-an-appointment
82,Physical Therapy & Sports Medicine Centers,,Request an Appointment,Physical Therapy & Sports Medicine Centers,,2020-10-26T11:55:36.587-04:00,2020-10-26T11:55:36.587-04:00,https://sites.webpt.com/82/request-an-appointment
83,Strive Physical Therapy and Sports Rehabilitation,,Request an Appointment,Strive Physical Therapy and Sports Rehabilitation,,2023-06-05T13:20:20.085-04:00,2023-06-05T19:56:15.186-04:00,https://sites.webpt.com/83/request-an-appointment
88,Advanced Therapy & Sports Medicine,,Request an Appointment,Advanced Therapy & Sports Medicine,,2021-03-31T17:06:09.400-04:00,2021-04-15T14:07:45.290-04:00,https://sites.webpt.com/88/request-an-appointment
99,Bentz Physical Therapy,,Request an Appointment,Bentz Physical Therapy,,2021-03-08T14:40:49.448-05:00,2021-03-10T12:29:46.689-05:00,https://sites.webpt.com/99/request-an-appointment
101,Prime Performance and Physio,,Request an Appointment,Prime Performance and Physio,,2020-10-12T16:18:23.778-04:00,2020-10-12T16:18:23.778-04:00,https://sites.webpt.com/101/request-an-appointment
106,Liberty Rehab,,Request an Appointment,Liberty Rehab,,2021-03-04T11:17:12.041-05:00,2022-10-14T13:34:00.673-04:00,https://sites.webpt.com/106/request-an-appointment
107,Sports Rehabilitation Unlimited,,Request an Appointment,Sports Rehabilitation Unlimited,,2020-10-01T17:24:48.440-04:00,2020-10-01T17:24:48.440-04:00,https://sites.webpt.com/107/request-an-appointment
114,Peak Physical Therapy Cupertino,,Request an Appointment,Peak Physical Therapy Cupertino,,2021-03-02T15:34:52.771-05:00,2023-06-02T15:56:20.421-04:00,https://sites.webpt.com/114/request-an-appointment
115,Boston University Rehabilitation Services,,Request an Appointment,Boston University Rehabilitation Services,,2023-09-28T12:59:36.333-04:00,2023-09-28T15:06:01.584-04:00,https://sites.webpt.com/115/request-an-appointment
118,Schedule a Visit with a Physical Therapist,,Schedule a Visit with a Physical Therapist,,,2019-07-01T11:12:45.372-04:00,2019-07-03T22:24:58.334-04:00,https://sites.webpt.com/118/request-an-appointment
123,Fyzical Therapy & Balance Centers,,Request an Appointment,Fyzical Therapy & Balance Centers,,2020-09-23T19:13:52.132-04:00,2020-09-23T19:13:52.132-04:00,https://sites.webpt.com/123/request-an-appointment
124,United Physical Therapy,,Request an Appointment,United Physical Therapy,,2020-10-27T15:11:40.043-04:00,2020-10-27T15:11:40.043-04:00,https://sites.webpt.com/124/request-an-appointment
126,Request an Appointment at Oconee Clinic,,Request an Appointment at Oconee Clinic,,,2021-03-16T10:05:12.636-04:00,2023-10-20T03:24:53.746-04:00,https://sites.webpt.com/126/request-an-appointment
127,Alliance Physical Therapy,,Request an Appointment,Alliance Physical Therapy,,2021-06-23T20:20:24.450-04:00,2021-06-23T20:27:49.904-04:00,https://sites.webpt.com/127/request-an-appointment
129,Trio Rehabilitation and Wellness Solutions,,Request an Appointment,Trio Rehabilitation and Wellness Solutions,,2020-12-02T11:18:40.403-05:00,2022-06-09T16:57:58.096-04:00,https://sites.webpt.com/129/request-an-appointment
130,Re+Active Physical Therapy & Wellness,,Request an Appointment,Re+Active Physical Therapy & Wellness,,2020-11-10T10:21:23.740-05:00,2020-11-10T10:21:23.740-05:00,https://sites.webpt.com/130/request-an-appointment
131,Progressive Rehabilitation Associates,,Request an Appointment,Progressive Rehabilitation Associates,,2020-11-13T09:32:26.608-05:00,2020-11-13T09:32:26.608-05:00,https://sites.webpt.com/131/request-an-appointment
133,Galena Sport Physical Therapy,,Request an Appointment,Galena Sport Physical Therapy,,2020-10-07T10:27:05.426-04:00,2020-10-07T10:27:05.426-04:00,https://sites.webpt.com/133/request-an-appointment
137,Makovicka Physical Therapy,,Request an Appointment,Makovicka Physical Therapy,,2025-04-08T17:34:19.715-04:00,2026-03-10T11:29:06.195-04:00,https://sites.webpt.com/137/request-an-appointment
138,Hayashida and Associates Physical Therapy,,Request an Appointment,Hayashida and Associates Physical Therapy,,2020-12-18T10:55:37.909-05:00,2020-12-18T10:55:37.909-05:00,https://sites.webpt.com/138/request-an-appointment
141,Back to Action Physical Therapy,,Request an Appointment,Back to Action Physical Therapy,,2021-03-31T17:01:42.237-04:00,2021-03-31T17:01:42.237-04:00,https://sites.webpt.com/141/request-an-appointment
143,Schedule a Visit with a Physical Therapist,,Schedule a Visit with a Physical Therapist,,,2020-01-08T13:40:30.505-05:00,2020-01-08T13:40:30.505-05:00,https://sites.webpt.com/143/request-an-appointment
156,Schedule a Visit with a Physical Therapist,,Schedule a Visit with a Physical Therapist,,,2019-07-23T15:01:41.317-04:00,2019-07-23T15:01:41.317-04:00,https://sites.webpt.com/156/request-an-appointment
159,DJ's Content Demo,,Request an Appointment,DJ's Content Demo,,2022-05-26T16:27:45.067-04:00,2022-05-26T16:27:45.067-04:00,https://sites.webpt.com/159/request-an-appointment
160,Premier Physical Therapy,,Request an Appointment,Premier Physical Therapy,,2020-09-14T16:32:15.111-04:00,2020-09-14T16:32:15.111-04:00,https://sites.webpt.com/160/request-an-appointment
163,Water and Sports Physical Therapy,,Request an Appointment,Water and Sports Physical Therapy,,2021-06-15T10:53:07.353-04:00,2021-06-15T10:53:07.353-04:00,https://sites.webpt.com/163/request-an-appointment
165,OSPTA,,Request an Appointment,OSPTA,,2022-11-04T15:51:17.251-04:00,2022-11-23T11:09:15.998-05:00,https://sites.webpt.com/165/request-an-appointment
166,Peak Sports and Spine Physical Therapy,,Request an Appointment,Peak Sports and Spine Physical Therapy,,2021-04-09T15:46:50.984-04:00,2021-05-05T16:55:57.839-04:00,https://sites.webpt.com/166/request-an-appointment
169,Schedule a Visit with a Physical Therapist,,Schedule a Visit with a Physical Therapist,,,2020-03-31T12:13:59.857-04:00,2022-06-10T11:19:49.460-04:00,https://sites.webpt.com/169/request-an-appointment
170,New Life Physical Therapy,,Request an Appointment,New Life Physical Therapy,,2020-10-22T16:29:29.542-04:00,2020-10-22T16:29:29.542-04:00,https://sites.webpt.com/170/request-an-appointment
172,Excel Physical Therapy,,Request an Appointment,Excel Physical Therapy,,2021-07-12T11:51:13.272-04:00,2021-07-12T11:51:13.272-04:00,https://sites.webpt.com/172/request-an-appointment
174,Thrive Physical Therapy,,Request an Appointment,Thrive Physical Therapy,,2021-03-10T10:46:49.683-05:00,2021-05-17T13:53:30.271-04:00,https://sites.webpt.com/174/request-an-appointment
178,Schedule a Visit with a Physical Therapist,,Schedule a Visit with a Physical Therapist,,,2019-06-13T14:02:43.367-04:00,2019-06-13T14:02:43.367-04:00,https://sites.webpt.com/178/request-an-appointment
183,Belfield Physical Therapy,,Request an Appointment,Belfield Physical Therapy,,2020-09-02T13:24:33.769-04:00,2020-09-02T13:24:33.769-04:00,https://sites.webpt.com/183/request-an-appointment
193,Schedule a Visit with an MVPT Physical Therapist,,Schedule a Visit with an MVPT Physical Therapist,,,2019-08-05T09:59:29.331-04:00,2019-09-05T13:05:18.209-04:00,https://sites.webpt.com/193/request-an-appointment
202,Connect Physical Therapy LLC,,Request a Free Consult OR an Intial Evaluation,Connect Physical Therapy LLC,,2020-09-16T18:17:39.969-04:00,2026-02-05T14:15:44.465-05:00,https://sites.webpt.com/202/request-an-appointment
203,PHYSIOPOINT,,Request an Appointment,PHYSIOPOINT,,2020-09-03T08:42:57.466-04:00,2020-09-03T08:42:57.466-04:00,https://sites.webpt.com/203/request-an-appointment
223,Roberts Physical Therapy,,Request an Appointment,Roberts Physical Therapy,,2020-10-12T13:55:27.725-04:00,2020-10-12T13:55:27.725-04:00,https://sites.webpt.com/223/request-an-appointment
225,Spine and Sports Physical Therapy,,Request an Appointment,Spine and Sports Physical Therapy,,2020-11-03T08:15:06.820-05:00,2020-11-03T08:15:06.820-05:00,https://sites.webpt.com/225/request-an-appointment
231,"Vertex PT Specialists, LLC",,Request an Appointment,"Vertex PT Specialists, LLC",,2021-03-29T10:56:49.189-04:00,2021-03-29T10:56:49.189-04:00,https://sites.webpt.com/231/request-an-appointment
232,ProForm Physical Therapy,,Request an Appointment,ProForm Physical Therapy,,2020-11-16T11:21:06.552-05:00,2021-01-15T10:14:39.742-05:00,https://sites.webpt.com/232/request-an-appointment
242,Bacharach Institute for Rehabilitation,,Request an Appointment,Bacharach Institute for Rehabilitation,,2020-09-08T11:06:58.024-04:00,2020-09-08T11:15:55.966-04:00,https://sites.webpt.com/242/request-an-appointment
243,Fit Physical Therapy,,Request an Appointment,Fit Physical Therapy,,2021-01-05T12:53:04.164-05:00,2021-01-05T12:58:12.535-05:00,https://sites.webpt.com/243/request-an-appointment
244,JAG Physical Therapy,,Request an Appointment,JAG Physical Therapy,,2020-08-27T11:42:53.488-04:00,2020-08-27T11:42:53.488-04:00,https://sites.webpt.com/244/request-an-appointment
247,WebPT: Patient Relationship Management - Demo,,Request an Appointment,WebPT: Patient Relationship Management - Demo,,2021-10-06T05:34:47.346-04:00,2021-10-06T05:34:47.346-04:00,https://sites.webpt.com/247/request-an-appointment
248,Freedom Therapy Solutions,,Request an Appointment,Freedom Therapy Solutions,,2021-02-23T15:49:42.120-05:00,2021-02-23T15:49:42.120-05:00,https://sites.webpt.com/248/request-an-appointment
253,Physical Therapy U,,Request an Appointment,Physical Therapy U,,2021-01-27T10:01:24.475-05:00,2021-01-27T10:01:24.475-05:00,https://sites.webpt.com/253/request-an-appointment
257,Lattimore Physical Therapy,,Request an Appointment,Lattimore Physical Therapy,,2020-09-15T13:00:48.847-04:00,2020-09-15T13:00:48.847-04:00,https://sites.webpt.com/257/request-an-appointment
258,should I attend the Running Workshop,,Schedule a Visit with a Physical Therapist,,,2019-07-03T12:23:44.732-04:00,2019-07-22T12:35:43.384-04:00,https://sites.webpt.com/258/request-an-appointment
259,Aquacare Physical Therapy,,Request an Appointment,Aquacare Physical Therapy,,2021-07-12T11:50:22.899-04:00,2021-07-12T11:50:22.899-04:00,https://sites.webpt.com/259/request-an-appointment
261,Advanced Rehab & Sports Medicine Services,,Request an Appointment,Advanced Rehab & Sports Medicine Services,,2021-07-12T11:50:09.818-04:00,2021-07-12T11:50:09.818-04:00,https://sites.webpt.com/261/request-an-appointment
264,Schedule a Visit with a Physical Therapist,,Schedule a Visit with a Physical Therapist,,,2019-09-20T14:58:57.407-04:00,2019-09-20T17:21:14.980-04:00,https://sites.webpt.com/264/request-an-appointment
266,Marketplace Physical Therapy & Wellness Center,,Request an Appointment,Marketplace Physical Therapy & Wellness Center,,2021-01-27T17:29:20.738-05:00,2021-01-27T17:29:20.738-05:00,https://sites.webpt.com/266/request-an-appointment
268,Washington Wellness Physical Therapy & SportsCare,,Request an Appointment,Washington Wellness Physical Therapy & SportsCare,,2021-03-31T17:05:20.685-04:00,2021-03-31T17:05:20.685-04:00,https://sites.webpt.com/268/request-an-appointment
269,"Atlas Therapy, Specialized Physical Therapy",,Request an Appointment,"Atlas Therapy, Specialized Physical Therapy",,2020-09-01T10:02:33.413-04:00,2020-09-01T10:02:33.413-04:00,https://sites.webpt.com/269/request-an-appointment
279,Integrity Rehab,,Request an Appointment,Integrity Rehab,,2021-04-08T10:45:04.314-04:00,2021-04-08T10:58:52.147-04:00,https://sites.webpt.com/279/request-an-appointment
281,Sports Rehab & Physical Therapy,,Request an Appointment,Sports Rehab & Physical Therapy,,2020-10-07T10:40:43.941-04:00,2020-10-07T10:40:43.941-04:00,https://sites.webpt.com/281/request-an-appointment
285,Lombardi Physical Therapy Demo,,Request an Appointment,Lombardi Physical Therapy Demo,,2023-08-14T23:14:42.190-04:00,2023-09-19T09:03:32.992-04:00,https://sites.webpt.com/285/request-an-appointment
289,FYZICAL Therapy and Balance Centers,,Request an Appointment,FYZICAL Therapy and Balance Centers,,2021-07-12T11:51:35.637-04:00,2021-07-12T11:51:35.637-04:00,https://sites.webpt.com/289/request-an-appointment
293,do physical therapy,,Request Your Appointment,,,2020-05-20T11:28:55.726-04:00,2025-04-21T13:14:33.663-04:00,https://sites.webpt.com/293/request-an-appointment
294,Functionize Health & Physical Therapy,,Request an Appointment,Functionize Health & Physical Therapy,,2021-03-12T10:36:51.993-05:00,2021-03-12T10:40:03.612-05:00,https://sites.webpt.com/294/request-an-appointment
296,Schedule a Visit with a Physical Therapist,googletagmanager.com,Schedule a Visit with a Physical Therapist,,,2021-07-13T12:54:03.983-04:00,2021-09-15T00:35:32.194-04:00,https://sites.webpt.com/296/request-an-appointment
297,Advanced Physical Therapy,,Request an Appointment,Advanced Physical Therapy,,2020-10-27T13:03:45.235-04:00,2021-01-13T13:19:16.235-05:00,https://sites.webpt.com/297/request-an-appointment
299,Schedule a Visit with a Physical Therapist,,Schedule a Visit with a Physical Therapist,,,2019-10-24T16:21:00.044-04:00,2019-10-24T16:21:00.044-04:00,https://sites.webpt.com/299/request-an-appointment
307,Back in the Game Physical Therapy,,Request an Appointment,Back in the Game Physical Therapy,,2021-02-23T11:49:52.460-05:00,2021-02-23T11:49:52.460-05:00,https://sites.webpt.com/307/request-an-appointment
309,PhysioTherapy Professionals,,Request an Appointment,PhysioTherapy Professionals,,2020-12-29T15:17:32.274-05:00,2020-12-29T15:17:32.274-05:00,https://sites.webpt.com/309/request-an-appointment
311,Sterling Physical Therapy & Wellness,,Request an Appointment,Sterling Physical Therapy & Wellness,,2020-10-06T11:03:33.209-04:00,2020-11-02T15:43:19.728-05:00,https://sites.webpt.com/311/request-an-appointment
313,NeoLife Physical Therapy & Wellness,,Request an Appointment,NeoLife Physical Therapy & Wellness,,2020-07-31T08:58:51.758-04:00,2020-07-31T08:58:51.758-04:00,https://sites.webpt.com/313/request-an-appointment
319,WellCare Physical Therapy,,Request an Appointment,WellCare Physical Therapy,,2024-08-01T23:18:06.757-04:00,2024-08-01T23:31:57.389-04:00,https://sites.webpt.com/319/request-an-appointment
323,Evolve Physical Therapy and Sports Rehabilitation,,Request an Appointment,Evolve Physical Therapy and Sports Rehabilitation,,2020-09-08T14:12:47.664-04:00,2020-09-08T14:12:47.664-04:00,https://sites.webpt.com/323/request-an-appointment
324,Dry Creek Therapy,,Request an Appointment,Dry Creek Therapy,,2021-01-08T14:44:06.545-05:00,2021-01-08T14:55:03.588-05:00,https://sites.webpt.com/324/request-an-appointment
327,should you,,FYZICAL First,FYZICAL Therapy and Balance Centers,,2020-11-02T10:54:38.947-05:00,2020-11-25T17:49:45.602-05:00,https://sites.webpt.com/327/request-an-appointment
329,"ELITE PHYSICAL THERAPY GROUP II, LLC",,Request an Appointment,"ELITE PHYSICAL THERAPY GROUP II, LLC",,2021-05-04T15:57:15.777-04:00,2021-05-10T11:56:22.286-04:00,https://sites.webpt.com/329/request-an-appointment
333,Speare Memorial Hospital,,Request an Appointment,Speare Memorial Hospital,,2021-07-12T11:52:11.047-04:00,2021-07-12T11:52:11.047-04:00,https://sites.webpt.com/333/request-an-appointment
334,Continuum Physical Therapy,,Request an Appointment,Continuum Physical Therapy,,2021-02-08T12:14:37.881-05:00,2021-02-08T12:14:37.881-05:00,https://sites.webpt.com/334/request-an-appointment
337,Proliance Sports Therapy & Rehabilitation,,Request an Appointment,Proliance Sports Therapy & Rehabilitation,,2024-01-12T00:02:24.809-05:00,2024-01-12T00:45:37.779-05:00,https://sites.webpt.com/337/request-an-appointment
339,Rehab etc,,Request an Appointment,Rehab etc,,2021-01-15T13:50:24.932-05:00,2021-01-15T13:50:24.932-05:00,https://sites.webpt.com/339/request-an-appointment
340,VASTA Physical Therapy,,Request an Appointment,VASTA Physical Therapy,,2020-10-07T15:39:17.683-04:00,2020-10-07T15:39:17.683-04:00,https://sites.webpt.com/340/request-an-appointment
353,Touchstone Physical Therapy and Wellness,,Request an Appointment,Touchstone Physical Therapy and Wellness,,2021-08-04T15:20:41.456-04:00,2021-09-07T17:49:32.225-04:00,https://sites.webpt.com/353/request-an-appointment
358,Burley Physical Therapy & Rehabilitation,,Request an Appointment,Burley Physical Therapy & Rehabilitation,,2021-03-05T16:09:44.886-05:00,2021-04-02T12:40:31.669-04:00,https://sites.webpt.com/358/request-an-appointment
359,Sullivan Physical Therapy,,Request an Appointment,Sullivan Physical Therapy,,2021-01-22T12:17:38.031-05:00,2021-01-22T12:17:38.031-05:00,https://sites.webpt.com/359/request-an-appointment
363,choose SPORT Clinic,,Request an Appointment,SPORT Clinic Physical Therapy,,2020-12-04T10:16:33.713-05:00,2026-06-16T16:07:35.129-04:00,https://sites.webpt.com/363/request-an-appointment
371,Plus Life Physical Therapy P C,,Request an Appointment,Plus Life Physical Therapy P C,,2025-03-20T16:26:13.172-04:00,2025-03-20T16:26:13.172-04:00,https://sites.webpt.com/371/request-an-appointment
375,HealthQuest Therapy,,Request an Appointment,HealthQuest Therapy,,2021-02-19T10:55:09.462-05:00,2021-02-19T10:55:09.462-05:00,https://sites.webpt.com/375/request-an-appointment
377,Spagnoli Physical Therapy,,Request an Appointment,Spagnoli Physical Therapy,,2021-03-26T12:50:57.726-04:00,2021-03-26T12:50:57.726-04:00,https://sites.webpt.com/377/request-an-appointment
380,Excel Rehabilitation,,Request an Appointment,Excel Rehabilitation,,2021-01-04T20:28:27.466-05:00,2021-01-04T20:28:27.466-05:00,https://sites.webpt.com/380/request-an-appointment
383,"65 Plus, LLC",,Request an Appointment,"65 Plus, LLC",,2021-06-24T16:41:34.797-04:00,2021-06-24T16:41:34.797-04:00,https://sites.webpt.com/383/request-an-appointment
384,"Mathis Rehab Center, LLC",{'id',Request an Appointment,"Mathis Rehab Center, LLC","{'id': 958, 'fqdn': 'signup.mathispt.com', 'lastPropagationCheckAt': None, 'propagationCheckAttemptCount': 15, 'domainStatus': 'working_and_secure', 'domainStatusDetails': None, 'providerOrganizationId': 384, 'createdAt': '2021-02-09T15:56:50.893-05:00', 'updatedAt': '2021-02-10T10:57:37.367-05:00', 'subdomain': 'signup', 'domain': 'mathispt.com', 'userId': 24381, 'certIssuanceAttemptCount': 12}",2021-02-02T10:08:12.913-05:00,2021-02-10T11:55:04.505-05:00,https://sites.webpt.com/384/request-an-appointment
388,Complete Rehab Physical Therapy,,Request an Appointment,Complete Rehab Physical Therapy,,2020-11-03T10:11:44.646-05:00,2020-11-03T10:11:44.646-05:00,https://sites.webpt.com/388/request-an-appointment
390,"Healing Hands Rehab, Inc",,Request an Appointment,"Healing Hands Rehab, Inc.",,2021-03-31T17:04:20.189-04:00,2021-03-31T17:04:20.189-04:00,https://sites.webpt.com/390/request-an-appointment
394,The Center for Facial and Functional Recovery,,Request an Appointment,The Center for Facial and Functional Recovery,,2025-06-09T12:42:34.175-04:00,2025-06-09T12:42:34.175-04:00,https://sites.webpt.com/394/request-an-appointment
398,"Peak Physical Therapy - Monroe, WA",,Request an Appointment,"Peak Physical Therapy - Monroe, WA",,2025-05-29T21:08:27.625-04:00,2025-05-29T21:20:05.230-04:00,https://sites.webpt.com/398/request-an-appointment
400,Lakeway Aquatic Physical Therapy,,Request an Appointment,Lakeway Aquatic Physical Therapy,,2025-03-04T18:05:32.921-05:00,2025-03-04T18:05:32.921-05:00,https://sites.webpt.com/400/request-an-appointment
404,Healing Hands Physical Therapy Centers,,Request an Appointment,Healing Hands Physical Therapy Centers,,2020-11-17T15:42:06.516-05:00,2020-11-17T15:42:06.516-05:00,https://sites.webpt.com/404/request-an-appointment
405,The Recovery Project,,Request an Appointment,The Recovery Project,,2020-10-05T13:39:07.386-04:00,2020-10-05T13:39:07.386-04:00,https://sites.webpt.com/405/request-an-appointment
407,IMPACT Physical Therapy & Sports Recovery,,Request an Appointment,IMPACT Physical Therapy & Sports Recovery,,2021-01-28T11:31:35.245-05:00,2022-04-14T12:33:37.823-04:00,https://sites.webpt.com/407/request-an-appointment
412,Hausmann Physical Therapy,,Request an Appointment,Hausmann Physical Therapy,,2020-08-05T12:12:28.967-04:00,2020-08-05T12:12:28.967-04:00,https://sites.webpt.com/412/request-an-appointment
415,Midland Physical Therapy,,Request an Appointment,Midland Physical Therapy,,2021-12-06T13:35:36.839-05:00,2021-12-06T13:44:07.274-05:00,https://sites.webpt.com/415/request-an-appointment
417,Austin Physical Therapy,,Request an Appointment,Austin Physical Therapy,,2021-01-08T09:18:41.421-05:00,2021-01-08T09:18:41.421-05:00,https://sites.webpt.com/417/request-an-appointment
423,Glory Therapy,,Request an Appointment,Glory Therapy,,2021-08-27T16:11:23.963-04:00,2021-08-27T16:11:23.963-04:00,https://sites.webpt.com/423/request-an-appointment
425,Stephanie Dessi Kiley Occupational Therapy,,Request an Appointment,Stephanie Dessi Kiley Occupational Therapy,,2025-10-09T14:38:34.796-04:00,2025-10-09T14:38:34.796-04:00,https://sites.webpt.com/425/request-an-appointment
427,STAR Physical Therapy,,Request an Appointment,STAR Physical Therapy,,2021-07-12T11:52:36.181-04:00,2021-07-12T11:52:36.181-04:00,https://sites.webpt.com/427/request-an-appointment
435,Schedule a Visit with a Physical Therapist,,Schedule a Visit with a Physical Therapist,,,2019-08-09T13:56:08.166-04:00,2019-08-09T13:56:08.166-04:00,https://sites.webpt.com/435/request-an-appointment
437,Schedule a Visit with a Physical Therapist,,Schedule a Visit with a Physical Therapist,,,2019-08-02T13:56:23.750-04:00,2019-08-02T13:56:23.750-04:00,https://sites.webpt.com/437/request-an-appointment
440,CPR Physical Therapy & Performance,,Request an Appointment,CPR Physical Therapy & Performance,,2020-11-23T16:30:50.838-05:00,2022-02-02T15:58:03.793-05:00,https://sites.webpt.com/440/request-an-appointment
443,Functional Performance Center,,Request an Appointment,Functional Performance Center,,2021-03-31T17:00:10.239-04:00,2022-06-02T21:06:29.105-04:00,https://sites.webpt.com/443/request-an-appointment
444,Pine Lake Physical Therapy & Sports Rehab P.S,,Request an Appointment,Pine Lake Physical Therapy & Sports Rehab P.S.,,2021-03-31T17:02:20.394-04:00,2021-03-31T17:02:20.394-04:00,https://sites.webpt.com/444/request-an-appointment
445,Schedule a Visit with a Physical Therapist,,Schedule a Visit with a Physical Therapist,,,2019-10-02T15:41:58.513-04:00,2019-10-02T15:41:58.513-04:00,https://sites.webpt.com/445/request-an-appointment
446,"Total Rehabilitation, Inc",,Request an Appointment,"Total Rehabilitation, Inc.",,2020-12-09T10:08:24.643-05:00,2020-12-09T10:08:24.643-05:00,https://sites.webpt.com/446/request-an-appointment
448,Midstate Therapy Services,,Request an Appointment,Midstate Therapy Services,,2020-12-23T15:00:14.484-05:00,2020-12-23T15:00:14.484-05:00,https://sites.webpt.com/448/request-an-appointment
450,Cooperative Performance & Rehabilitation,,Request an Appointment,Cooperative Performance & Rehabilitation,,2020-09-28T11:08:35.039-04:00,2020-11-04T12:20:49.633-05:00,https://sites.webpt.com/450/request-an-appointment
452,First Choice Physical Therapy,,Request an Appointment,First Choice Physical Therapy,,2021-01-21T13:28:34.120-05:00,2021-01-21T15:19:45.526-05:00,https://sites.webpt.com/452/request-an-appointment
454,Kinect Physiotherapy,,Request an Appointment,Kinect Physiotherapy,,2020-09-16T10:34:42.075-04:00,2020-10-21T15:47:38.759-04:00,https://sites.webpt.com/454/request-an-appointment
458,Symmetry Physical Therapy,,Request an Appointment,Symmetry Physical Therapy,,2020-08-18T14:47:55.122-04:00,2020-08-18T14:47:55.122-04:00,https://sites.webpt.com/458/request-an-appointment
459,Progressive Therapy Services,,Request an Appointment,Progressive Therapy Services,,2022-05-06T12:50:03.276-04:00,2022-05-06T12:50:03.276-04:00,https://sites.webpt.com/459/request-an-appointment
460,Schedule a Visit with a Physical Therapist,,Schedule a Visit with a Physical Therapist,,,2019-07-10T10:54:45.324-04:00,2024-09-24T09:39:24.516-04:00,https://sites.webpt.com/460/request-an-appointment
464,"All In Physical Therapy, LLC",,Request an Appointment,"All In Physical Therapy, LLC",,2025-02-10T16:25:01.996-05:00,2025-02-10T16:37:59.802-05:00,https://sites.webpt.com/464/request-an-appointment
472,"Ypsilanti Rehabilitation Services, Inc",,Request an Appointment,"Ypsilanti Rehabilitation Services, Inc",,2025-07-24T12:07:24.928-04:00,2025-07-24T12:19:26.789-04:00,https://sites.webpt.com/472/request-an-appointment
475,"Carson Physical Therapy
Carsonphysicaltherapy.com",,I’d like to try dry needling!,"Carson Physical Therapy
Carsonphysicaltherapy.com",,2020-09-28T11:03:59.245-04:00,2021-02-28T21:03:32.763-05:00,https://sites.webpt.com/475/request-an-appointment
476,ARSO Neuro Rehab and Orthopedic Center,,Request an Appointment,ARSO Neuro Rehab and Orthopedic Center,,2025-08-08T10:54:22.818-04:00,2025-08-08T10:54:22.818-04:00,https://sites.webpt.com/476/request-an-appointment
477,Schedule a Visit with a Physical Therapist,,Schedule a Visit with a Physical Therapist,,,2019-08-29T17:50:12.989-04:00,2019-08-29T17:50:12.989-04:00,https://sites.webpt.com/477/request-an-appointment
481,Innovative Physical Therapy,,Request an Appointment,Innovative Physical Therapy,,2020-09-02T10:58:53.470-04:00,2020-09-22T08:02:46.587-04:00,https://sites.webpt.com/481/request-an-appointment
488,Advanced Physical Therapy Center,,Request an Appointment,Advanced Physical Therapy Center,,2020-10-06T11:52:15.931-04:00,2020-10-06T16:11:28.143-04:00,https://sites.webpt.com/488/request-an-appointment
490,Frontier Physical Therapy PC,,Request an Appointment,Frontier Physical Therapy PC,,2020-08-04T09:41:21.240-04:00,2020-08-04T09:41:21.240-04:00,https://sites.webpt.com/490/request-an-appointment
495,Flex Physical Therapy,,Request an Appointment,Flex Physical Therapy,,2022-08-30T16:39:27.384-04:00,2022-08-30T16:39:27.384-04:00,https://sites.webpt.com/495/request-an-appointment
505,Choose Care First,{'id',Request Your Appointment,Care First Rehab,"{'id': 595, 'fqdn': 'get.carefirstpt.com', 'lastPropagationCheckAt': None, 'propagationCheckAttemptCount': 1, 'domainStatus': 'working_and_secure', 'domainStatusDetails': None, 'providerOrganizationId': 505, 'createdAt': '2020-06-11T01:48:57.835-04:00', 'updatedAt': '2020-06-11T02:21:51.773-04:00', 'subdomain': 'get', 'domain': 'carefirstpt.com', 'userId': 6881, 'certIssuanceAttemptCount': 3}",2020-05-08T09:39:46.388-04:00,2020-11-09T14:49:36.157-05:00,https://sites.webpt.com/505/request-an-appointment
509,Body Ease Physical Therapy Centre,,Request an Appointment,Body Ease Physical Therapy Centre,,2025-11-05T11:14:59.306-05:00,2025-11-05T11:14:59.306-05:00,https://sites.webpt.com/509/request-an-appointment
511,Fitness Matters Inc,,Request an Appointment,Fitness Matters Inc,,2021-03-18T08:40:24.309-04:00,2024-12-02T22:00:58.172-05:00,https://sites.webpt.com/511/request-an-appointment
513,"Performance Therapy Center, Inc",,Request an Appointment,"Performance Therapy Center, Inc",,2021-03-31T13:23:47.987-04:00,2021-03-31T13:23:47.987-04:00,https://sites.webpt.com/513/request-an-appointment
514,Physical Therapy Associates,,Request an Appointment,Physical Therapy Associates,,2020-09-16T10:14:54.708-04:00,2020-09-16T10:14:54.708-04:00,https://sites.webpt.com/514/request-an-appointment
517,Fabrizio Physical Therapy & Sports Medicine,,Request an Appointment,Fabrizio Physical Therapy & Sports Medicine,,2021-04-13T11:29:37.163-04:00,2021-04-13T11:45:48.589-04:00,https://sites.webpt.com/517/request-an-appointment
518,Rehabilitation & Performance Institute,,Request an Appointment,Rehabilitation & Performance Institute,,2021-04-15T11:27:28.844-04:00,2021-04-15T13:12:08.076-04:00,https://sites.webpt.com/518/request-an-appointment
521,US Rehabilitation,usptrehab.com,Request an Appointment,US Rehabilitation and Health Services,,2020-03-17T18:31:31.399-04:00,2021-12-16T16:24:48.218-05:00,https://sites.webpt.com/521/request-an-appointment
523,Manual Edge Physiotherapy,,Request an Appointment,Manual Edge Physiotherapy,,2021-01-26T14:13:28.846-05:00,2022-03-31T13:43:48.663-04:00,https://sites.webpt.com/523/request-an-appointment
524,balance,,Request an Appointment,balance,,2021-03-31T17:04:07.568-04:00,2021-03-31T17:04:07.568-04:00,https://sites.webpt.com/524/request-an-appointment
525,C.J. Allen OT Upper Extremity & Hand Therapy,,Request an Appointment,C.J. Allen OT Upper Extremity & Hand Therapy,,2025-03-05T14:59:41.727-05:00,2025-03-05T15:49:13.382-05:00,https://sites.webpt.com/525/request-an-appointment
526,Metropolitan Occupational Therapy,,Request an Appointment,Metropolitan Occupational Therapy,,2025-05-08T21:06:44.213-04:00,2025-05-08T21:14:21.084-04:00,https://sites.webpt.com/526/request-an-appointment
527,Pacific Physical Therapy,,Request an Appointment,Pacific Physical Therapy,,2021-11-05T14:38:16.955-04:00,2023-10-04T19:33:03.072-04:00,https://sites.webpt.com/527/request-an-appointment
528,East Aurora Family Physical Therapy,,Request an Appointment,East Aurora Family Physical Therapy,,2024-08-01T09:54:30.785-04:00,2024-08-05T08:12:50.706-04:00,https://sites.webpt.com/528/request-an-appointment
531,Request a Health Coaching Appointment,,Request a Health Coaching Appointment,,,2020-05-08T19:53:54.773-04:00,2020-05-28T13:12:51.224-04:00,https://sites.webpt.com/531/request-an-appointment
537,Valir Outpatient Clinics,,Request an Appointment,Valir Outpatient Clinics,,2020-10-27T15:09:20.517-04:00,2020-10-27T15:09:20.517-04:00,https://sites.webpt.com/537/request-an-appointment
538,VERT Sports,,Request an Appointment,VERT Sports,,2026-06-11T19:42:39.100-04:00,2026-06-11T20:04:34.837-04:00,https://sites.webpt.com/538/request-an-appointment
541,Physical Therapy at ACAC,,Request an Appointment,Physical Therapy at ACAC,,2021-03-30T09:48:33.348-04:00,2021-03-30T09:48:33.348-04:00,https://sites.webpt.com/541/request-an-appointment
544,Blue Valley Physical Therapy,,Request an Appointment,Blue Valley Physical Therapy,,2020-11-06T10:25:28.452-05:00,2020-11-06T10:25:28.452-05:00,https://sites.webpt.com/544/request-an-appointment
547,Diamond Physical Therapy,,Request an Appointment,Diamond Physical Therapy,,2020-12-07T09:46:16.044-05:00,2020-12-07T09:46:16.044-05:00,https://sites.webpt.com/547/request-an-appointment
548,Vital Step Physical Therapy & Fitness,,Request an Appointment,Vital Step Physical Therapy & Fitness,,2020-12-16T11:33:47.110-05:00,2021-01-06T10:56:54.913-05:00,https://sites.webpt.com/548/request-an-appointment
549,Pinnacle Physical Therapy,,Request an Appointment,Pinnacle Physical Therapy,,2021-03-05T14:05:17.521-05:00,2021-03-05T19:23:21.930-05:00,https://sites.webpt.com/549/request-an-appointment
554,Core Physical Therapy,,Request an Appointment,Core Physical Therapy,,2021-01-15T13:16:28.079-05:00,2021-01-15T13:16:28.079-05:00,https://sites.webpt.com/554/request-an-appointment
556,Choose Innova Physical Therapy,,Schedule an Appointment,Innova Physical Therapy LLC,,2020-08-05T11:02:49.613-04:00,2023-03-27T14:01:44.410-04:00,https://sites.webpt.com/556/request-an-appointment
562,"Mountain States Hand & Physical Therapy, Inc",,Request an Appointment,"Mountain States Hand & Physical Therapy, Inc.",,2025-04-25T21:29:26.030-04:00,2025-04-25T21:44:09.780-04:00,https://sites.webpt.com/562/request-an-appointment
563,Omaha Physical Therapy Institute,,Request an Appointment,Omaha Physical Therapy Institute,,2020-12-21T12:56:04.365-05:00,2020-12-22T11:12:54.176-05:00,https://sites.webpt.com/563/request-an-appointment
564,Upstate Physical Therapy,,Request an Appointment,Upstate Physical Therapy,,2020-10-15T16:21:37.535-04:00,2020-10-15T18:11:30.850-04:00,https://sites.webpt.com/564/request-an-appointment
567,Buena Vida Physical Therapy & Wellness,,Request an Appointment,Buena Vida Physical Therapy & Wellness,,2021-01-05T12:13:56.996-05:00,2022-07-18T16:57:24.774-04:00,https://sites.webpt.com/567/request-an-appointment
570,Physioactive LLC,,Request an Appointment,Physioactive LLC,,2021-05-17T11:16:16.968-04:00,2021-05-17T11:22:18.640-04:00,https://sites.webpt.com/570/request-an-appointment
572,Schedule a Visit with a Physical Therapist,,Schedule a Visit with a Physical Therapist,,,2019-10-24T13:59:22.518-04:00,2024-01-10T18:20:14.047-05:00,https://sites.webpt.com/572/request-an-appointment
573,Putnam Physical Therapy,putnampt.com,Putnam Request an Appointment - Website,Putnam Physical Therapy,,2020-05-11T15:28:18.234-04:00,2024-04-18T16:41:51.486-04:00,https://sites.webpt.com/573/request-an-appointment
574,DeRosa Physical Therapy,,Request an Appointment,DeRosa Physical Therapy,,2021-03-31T17:06:23.500-04:00,2021-03-31T17:06:23.500-04:00,https://sites.webpt.com/574/request-an-appointment
581,Genesis Rehab Services,,Request an Appointment,Genesis Rehab Services,,2021-03-31T17:01:54.392-04:00,2021-03-31T17:01:54.392-04:00,https://sites.webpt.com/581/request-an-appointment
586,BEST Physical Therapy,,Request an Appointment,BEST Physical Therapy,,2025-03-18T16:37:40.432-04:00,2025-03-19T10:26:27.832-04:00,https://sites.webpt.com/586/request-an-appointment
590,Atlanta Rehabilitation & Performance Center,,Request an Appointment,Atlanta Rehabilitation & Performance Center,,2021-07-12T11:55:40.045-04:00,2023-03-08T12:46:59.852-05:00,https://sites.webpt.com/590/request-an-appointment
594,North River Therapy,,Request an Appointment,North River Therapy,,2020-09-08T12:22:14.969-04:00,2020-10-01T16:04:53.705-04:00,https://sites.webpt.com/594/request-an-appointment
597,Weddington Physical Therapy and Wellness,,Request an Appointment,Weddington Physical Therapy and Wellness,,2020-07-31T10:47:59.295-04:00,2020-07-31T10:47:59.295-04:00,https://sites.webpt.com/597/request-an-appointment
611,"Island Physical Therapy Center, Inc",,Request an Appointment,"Island Physical Therapy Center, Inc.",,2024-03-22T17:41:54.438-04:00,2024-03-22T18:33:40.600-04:00,https://sites.webpt.com/611/request-an-appointment
617,LAVA Physical Therapy,,Request an Appointment,LAVA Physical Therapy,,2020-11-02T15:23:34.757-05:00,2021-08-23T19:30:31.406-04:00,https://sites.webpt.com/617/request-an-appointment
619,Orthopedic Sports Therapy,,Request an Appointment,Orthopedic Sports Therapy,,2021-04-28T14:35:41.113-04:00,2021-06-22T16:34:50.701-04:00,https://sites.webpt.com/619/request-an-appointment
620,Premier Physical Therapy,,Request an Appointment,Premier Physical Therapy,,2023-07-20T16:48:05.814-04:00,2023-07-20T16:48:05.814-04:00,https://sites.webpt.com/620/request-an-appointment
621,Biomechanix Physical Therapy,,Request an Appointment,Biomechanix Physical Therapy,,2025-06-05T17:00:54.358-04:00,2025-06-05T17:00:54.358-04:00,https://sites.webpt.com/621/request-an-appointment
625,Robinet Physical Therapy,,Request an Appointment,Robinet Physical Therapy,,2021-02-11T11:13:36.541-05:00,2021-12-07T21:50:18.440-05:00,https://sites.webpt.com/625/request-an-appointment
626,Bodies In Motion Physical Therapy,,Request an Appointment,Bodies In Motion Physical Therapy,,2021-07-14T14:58:27.871-04:00,2021-07-14T14:58:27.871-04:00,https://sites.webpt.com/626/request-an-appointment
631,Granite State Physical Therapy,,Request an Appointment,Granite State Physical Therapy,,2020-10-29T12:57:26.340-04:00,2020-11-24T11:29:16.109-05:00,https://sites.webpt.com/631/request-an-appointment
632,Action Therapy & Wellness,,Request an Appointment,Action Therapy & Wellness,,2023-07-25T16:29:50.916-04:00,2023-07-25T16:38:04.434-04:00,https://sites.webpt.com/632/request-an-appointment
636,get a free consultation,,Free Consultation,Utah Physical Therapy Specialists,,2021-01-11T12:58:06.624-05:00,2025-11-27T22:22:44.860-05:00,https://sites.webpt.com/636/request-an-appointment
638,ProActive Physical Therapy & Sports Medicine Inc,,Request an Appointment,ProActive Physical Therapy & Sports Medicine Inc.,,2020-09-03T09:19:26.225-04:00,2020-09-03T09:19:26.225-04:00,https://sites.webpt.com/638/request-an-appointment
641,Schedule a Visit with a Physical Therapist,,Schedule a Visit with a Physical Therapist,,,2019-08-27T12:33:22.453-04:00,2019-08-27T12:33:22.453-04:00,https://sites.webpt.com/641/request-an-appointment
642,The Smith Clinic,,Request an Appointment,The Smith Clinic,,2022-04-28T14:02:41.254-04:00,2022-07-21T13:25:01.618-04:00,https://sites.webpt.com/642/request-an-appointment
644,"River Valley Physical Therapy Spine & Joint Center, LLC",,Request an Appointment,"River Valley Physical Therapy Spine & Joint Center, LLC",,2020-11-11T10:17:03.611-05:00,2020-11-11T10:40:00.766-05:00,https://sites.webpt.com/644/request-an-appointment
647,Inspire Physical Therapy,,Request an Appointment,Inspire Physical Therapy,,2024-04-11T16:04:15.369-04:00,2024-04-11T16:04:15.369-04:00,https://sites.webpt.com/647/request-an-appointment
651,"Trek Physical Therapy and Assistive Applied Sciences, LLP",,Request an Appointment,"Trek Physical Therapy and Assistive Applied Sciences, LLP",,2024-06-28T13:24:23.149-04:00,2024-06-28T13:24:23.149-04:00,https://sites.webpt.com/651/request-an-appointment
656,Fusion Rehabilitation,,Request an Appointment,Fusion Rehabilitation,,2025-07-31T21:33:17.111-04:00,2025-07-31T21:51:57.396-04:00,https://sites.webpt.com/656/request-an-appointment
658,Florida Therapy Center,,Request an Appointment,Florida Therapy Center,,2022-06-03T09:32:24.241-04:00,2022-06-03T09:32:24.241-04:00,https://sites.webpt.com/658/request-an-appointment
666,Spectrum Fitness and Rehabilitation,therapychoice.com,Request an Appointment,Spectrum Fitness and Rehabilitation,,2022-10-19T09:33:58.776-04:00,2023-08-30T16:11:12.015-04:00,https://sites.webpt.com/666/request-an-appointment
671,Schedule a Visit with a Physical Therapist,,Schedule a Visit with a Physical Therapist,,,2020-01-10T10:19:16.562-05:00,2020-01-10T10:19:16.562-05:00,https://sites.webpt.com/671/request-an-appointment
672,Kincart Physical Therapy Services,,Request an Appointment,Kincart Physical Therapy Services,,2021-01-29T14:46:29.900-05:00,2021-04-26T13:33:48.374-04:00,https://sites.webpt.com/672/request-an-appointment
673,"Fitness Clinic Wellness, Inc",,Request an Appointment,"Fitness Clinic Wellness, Inc",,2020-10-06T20:03:32.262-04:00,2020-10-06T20:03:32.262-04:00,https://sites.webpt.com/673/request-an-appointment
676,Beyond Limits Physical Therapy,,Request an Appointment,Beyond Limits Physical Therapy,,2021-10-26T18:09:42.013-04:00,2021-10-26T18:09:42.013-04:00,https://sites.webpt.com/676/request-an-appointment
682,Schedule a Visit with a Physical Therapist,,Schedule a Visit with a Physical Therapist,,,2019-06-26T16:31:18.220-04:00,2019-07-28T14:56:11.504-04:00,https://sites.webpt.com/682/request-an-appointment
685,New Stride Physical Therapy,,Request an Appointment,New Stride Physical Therapy,,2022-08-22T11:53:56.229-04:00,2022-08-22T12:09:59.676-04:00,https://sites.webpt.com/685/request-an-appointment
695,Synergy Fitness and Wellness Center,,Request an Appointment,Synergy Fitness and Wellness Center,,2021-02-04T10:10:00.473-05:00,2021-02-04T10:13:09.218-05:00,https://sites.webpt.com/695/request-an-appointment
699,SPARK45 Physical Therapy,,Request an Appointment,SPARK45 Physical Therapy,,2021-01-29T10:41:15.995-05:00,2021-03-16T17:32:13.167-04:00,https://sites.webpt.com/699/request-an-appointment
701,University of Montana Physical Therapy Clinic,,Request an Appointment,University of Montana Physical Therapy Clinic,,2022-07-18T14:03:13.201-04:00,2022-07-18T14:03:13.201-04:00,https://sites.webpt.com/701/request-an-appointment
702,Schedule a Visit with a Physical Therapist,,Schedule a Visit with a Physical Therapist,,,2019-09-04T12:29:40.986-04:00,2019-10-16T12:52:52.768-04:00,https://sites.webpt.com/702/request-an-appointment
704,Clarity Physical Therapy and Wellness Center,,Request an Appointment,Clarity Physical Therapy and Wellness Center,,2022-03-23T12:11:47.439-04:00,2022-03-23T12:11:47.439-04:00,https://sites.webpt.com/704/request-an-appointment
710,Maximum Performance Physical Therapy and Fitness,,Request an Appointment,Maximum Performance Physical Therapy and Fitness,,2020-11-17T11:11:26.782-05:00,2023-09-27T15:40:11.921-04:00,https://sites.webpt.com/710/request-an-appointment
719,Alexander Physical Therapy,,Request an Appointment,Alexander Physical Therapy,,2021-03-15T17:20:41.275-04:00,2021-03-24T13:54:13.284-04:00,https://sites.webpt.com/719/request-an-appointment
729,Schedule a Visit with a Physical Therapist,,Schedule a Visit with a Physical Therapist,,,2019-07-09T15:00:21.654-04:00,2019-08-07T16:39:09.454-04:00,https://sites.webpt.com/729/request-an-appointment
731,Spier Physical Therapy,,Request an Appointment,Spier Physical Therapy,,2025-08-01T16:22:24.692-04:00,2025-08-01T16:22:24.692-04:00,https://sites.webpt.com/731/request-an-appointment
732,Body Flow Physical Therapy,,Request an Appointment,Body Flow Physical Therapy,,2025-04-01T14:24:57.363-04:00,2025-06-18T09:50:27.474-04:00,https://sites.webpt.com/732/request-an-appointment
733,BioSport Physical Therapy,,Request an Appointment,BioSport Physical Therapy,,2020-10-26T11:17:38.698-04:00,2020-10-26T11:17:38.698-04:00,https://sites.webpt.com/733/request-an-appointment
736,Comber Physical Therapy,,Request an Appointment,Comber Physical Therapy,,2021-01-06T10:29:37.157-05:00,2021-01-06T10:29:37.157-05:00,https://sites.webpt.com/736/request-an-appointment
742,Tawil Physical Therapy & Sports Performance,,Request an Appointment,Tawil Physical Therapy & Sports Performance,,2021-02-19T09:33:30.175-05:00,2021-03-12T20:14:41.450-05:00,https://sites.webpt.com/742/request-an-appointment
747,Cleveland Area Hospital,,Request an Appointment,Cleveland Area Hospital,,2021-04-14T12:32:49.534-04:00,2021-04-14T12:46:14.041-04:00,https://sites.webpt.com/747/request-an-appointment
748,Conforti Physical Therapy,,Request an Appointment,Conforti Physical Therapy,,2026-01-02T15:22:59.924-05:00,2026-01-02T15:52:10.422-05:00,https://sites.webpt.com/748/request-an-appointment
755,Doctor's Physical Therapy & Sports Institute,,Request an Appointment,Doctor's Physical Therapy & Sports Institute,,2023-08-04T11:24:39.481-04:00,2023-08-04T11:31:40.099-04:00,https://sites.webpt.com/755/request-an-appointment
760,Peltz and Associates Physical Therapy Inc,,Request an Appointment,Peltz and Associates Physical Therapy Inc,,2020-10-19T09:20:25.446-04:00,2020-11-19T16:17:19.507-05:00,https://sites.webpt.com/760/request-an-appointment
776,Body In Balance PT,,Request an Appointment,Body In Balance PT,,2024-01-09T13:41:48.934-05:00,2024-01-09T13:41:48.934-05:00,https://sites.webpt.com/776/request-an-appointment
777,"Brigham Physical Therapy, LLC",,Request an Appointment,"Brigham Physical Therapy, LLC",,2020-09-23T16:53:13.463-04:00,2020-09-23T16:53:13.463-04:00,https://sites.webpt.com/777/request-an-appointment
778,Innovative Physical Therapy,,Schedule a Visit with a Physical Therapist,Innovative Physical Therapy,,2019-09-03T08:46:33.363-04:00,2020-06-16T17:20:34.001-04:00,https://sites.webpt.com/778/request-an-appointment
787,Lotus Physical Therapy,,Request an Appointment,Lotus Physical Therapy,,2025-06-12T12:43:18.430-04:00,2025-06-12T12:43:18.430-04:00,https://sites.webpt.com/787/request-an-appointment
792,"Spectrum Physical Therapy & Athletic Training, LLC",,Request an Appointment,"Spectrum Physical Therapy & Athletic Training, LLC",,2020-04-24T13:34:47.413-04:00,2022-06-30T13:57:59.985-04:00,https://sites.webpt.com/792/request-an-appointment
809,Teton Physical Therapy & Rehabilitation,,Request an Appointment,Teton Physical Therapy & Rehabilitation,,2025-02-18T13:18:37.484-05:00,2025-02-18T13:18:37.484-05:00,https://sites.webpt.com/809/request-an-appointment
812,Three Rivers PT,,Request an Appointment,Three Rivers PT,,2025-04-02T15:40:51.657-04:00,2025-04-02T15:40:51.657-04:00,https://sites.webpt.com/812/request-an-appointment
820,Castroville Physical Therapy & Sports Medicine Rehab,,Request an Appointment,Castroville Physical Therapy & Sports Medicine Rehab,,2021-09-07T13:39:21.297-04:00,2021-09-07T13:39:21.297-04:00,https://sites.webpt.com/820/request-an-appointment
828,Rehab Services of Nevada-Elko,,Request an Appointment,Rehab Services of Nevada-Elko,,2020-11-02T11:00:55.114-05:00,2020-11-02T11:00:55.114-05:00,https://sites.webpt.com/828/request-an-appointment
837,"Total Wellness Physical Therapy, PLLC",,Request an Appointment,"Total Wellness Physical Therapy, PLLC",,2025-03-04T10:59:17.632-05:00,2025-03-04T11:04:22.474-05:00,https://sites.webpt.com/837/request-an-appointment
841,Request an Orthopedic Appointment,,Request an Orthopedic Appointment,,,2020-06-23T09:14:05.817-04:00,2020-07-21T14:23:23.972-04:00,https://sites.webpt.com/841/request-an-appointment
848,"Function & Action Physical Therapy, Inc",,Request an Appointment,"Function & Action Physical Therapy, Inc.",,2025-05-22T17:01:54.151-04:00,2025-05-22T17:38:37.412-04:00,https://sites.webpt.com/848/request-an-appointment
851,Peake Physical Therapy,,Request an Appointment,Peake Physical Therapy,,2020-09-30T18:06:13.803-04:00,2020-09-30T18:06:13.803-04:00,https://sites.webpt.com/851/request-an-appointment
852,Bodywise,,Request an Appointment,Bodywise,,2021-03-31T17:03:54.846-04:00,2021-03-31T17:03:54.846-04:00,https://sites.webpt.com/852/request-an-appointment
854,choose ProFysio,,Request an apt,ProFysio Physical Therapy,,2019-11-05T14:36:20.735-05:00,2020-01-15T11:39:27.213-05:00,https://sites.webpt.com/854/request-an-appointment
859,Elite Physical Therapy,,Request an Appointment,Elite Physical Therapy,,2021-05-17T11:17:43.230-04:00,2021-05-17T11:24:17.253-04:00,https://sites.webpt.com/859/request-an-appointment
861,"The Center for Hand and Physical Therapy, Inc",,Request an Appointment,"The Center for Hand and Physical Therapy, Inc.",,2022-03-15T19:54:51.127-04:00,2022-03-15T20:26:51.054-04:00,https://sites.webpt.com/861/request-an-appointment
863,SEPT Physical Therapy,septphysicaltherapy.com,Website - Request an Appointment,SEPT Physical Therapy,,2021-04-07T10:44:38.335-04:00,2024-04-22T17:08:25.401-04:00,https://sites.webpt.com/863/request-an-appointment
864,East Texas Treatment Center,,Request an Appointment,East Texas Treatment Center,,2021-01-06T15:51:14.695-05:00,2021-01-06T15:51:14.695-05:00,https://sites.webpt.com/864/request-an-appointment
865,Contact Us,,Contact Us,,,2020-01-09T17:32:44.272-05:00,2020-03-02T16:37:46.506-05:00,https://sites.webpt.com/865/request-an-appointment
876,Northern Arizona Physical Therapy Associates,,Request an Appointment,Northern Arizona Physical Therapy Associates,,2021-07-22T21:06:52.947-04:00,2021-07-23T19:09:36.386-04:00,https://sites.webpt.com/876/request-an-appointment
877,"Balance Rehabilitation and Health Science, LLC",,Request an Appointment,"Balance Rehabilitation and Health Science, LLC",,2025-01-03T18:21:54.185-05:00,2025-01-03T18:21:54.185-05:00,https://sites.webpt.com/877/request-an-appointment
895,Sports Conditioning and Rehabilitation,,Request an Appointment,Sports Conditioning and Rehabilitation,,2020-11-11T15:24:45.616-05:00,2020-11-11T15:24:45.616-05:00,https://sites.webpt.com/895/request-an-appointment
911,Maximum Function,,Request an Appointment,Maximum Function,,2025-06-11T12:16:45.059-04:00,2025-06-11T12:16:45.059-04:00,https://sites.webpt.com/911/request-an-appointment
919,HolistiCare Physical Therapy,,Request an Appointment,HolistiCare Physical Therapy,,2022-05-10T11:49:34.208-04:00,2022-05-10T11:49:34.208-04:00,https://sites.webpt.com/919/request-an-appointment
925,Cornerstone Therapy and Balance Center,,Request an Appointment,Cornerstone Therapy and Balance Center,,2025-04-16T12:30:38.343-04:00,2025-04-16T12:30:38.343-04:00,https://sites.webpt.com/925/request-an-appointment
941,"Rehabilitation Innovations, Inc",,Schedule a Visit with a Physical Therapist,"Rehabilitation Innovations, Inc.",,2019-06-27T11:03:58.080-04:00,2019-06-27T11:12:55.289-04:00,https://sites.webpt.com/941/request-an-appointment
944,Hardeman County Memorial Hospital Physical Medicine Dept,,Request an Appointment,Hardeman County Memorial Hospital Physical Medicine Dept.,,2025-12-01T13:55:08.214-05:00,2025-12-01T15:22:55.480-05:00,https://sites.webpt.com/944/request-an-appointment
946,Genesis Physical Therapy,,Request an Appointment,Genesis Physical Therapy,,2025-09-12T19:50:57.605-04:00,2025-09-12T19:50:57.605-04:00,https://sites.webpt.com/946/request-an-appointment
951,Proximal 50 Life Center,,Request an Appointment,Proximal 50 Life Center,,2026-09-01T15:08:44.000-04:00,2026-09-01T21:11:54.858-04:00,https://sites.webpt.com/951/request-an-appointment
953,Chilton County Physical Therapy,,Request an Appointment,Chilton County Physical Therapy,,2025-07-23T06:58:18.434-04:00,2025-07-23T06:58:18.434-04:00,https://sites.webpt.com/953/request-an-appointment
955,Koth Therapy & Fitness,,Request an Appointment,Koth Therapy & Fitness,,2025-08-12T16:07:00.599-04:00,2025-08-12T16:12:23.960-04:00,https://sites.webpt.com/955/request-an-appointment
957,Dimino Physical Therapy,,Request an Appointment,Dimino Physical Therapy,,2021-03-03T18:19:08.438-05:00,2021-03-03T18:25:22.457-05:00,https://sites.webpt.com/957/request-an-appointment
958,Cranbrook Physical Therapy,,Request an Appointment,Cranbrook Physical Therapy,,2021-03-02T18:21:48.938-05:00,2021-03-02T18:21:48.938-05:00,https://sites.webpt.com/958/request-an-appointment
963,Body Kinetics Rehab,,Request an Appointment,Body Kinetics Rehab,,2021-06-03T19:00:31.920-04:00,2021-06-03T19:04:05.737-04:00,https://sites.webpt.com/963/request-an-appointment
967,Maximum Wellness Rehabilitation Center,,Request an Appointment,Maximum Wellness Rehabilitation Center,,2026-06-02T01:01:16.680-04:00,2026-06-02T01:11:14.037-04:00,https://sites.webpt.com/967/request-an-appointment
974,"FitLife Fitness & Aquatics, Inc",,Request an Appointment,"FitLife Fitness & Aquatics, Inc.",,2021-02-18T18:57:08.369-05:00,2021-02-18T19:05:32.019-05:00,https://sites.webpt.com/974/request-an-appointment
976,Ragged Mountain Orthopaedic and Sports Physical Therapy,,Request an Appointment,Ragged Mountain Orthopaedic and Sports Physical Therapy,,2025-05-29T21:37:33.983-04:00,2025-05-29T21:45:40.461-04:00,https://sites.webpt.com/976/request-an-appointment
987,Impact Physical Therapy,,Request an Appointment,Impact Physical Therapy,,2022-03-15T18:12:49.034-04:00,2022-03-15T18:12:49.034-04:00,https://sites.webpt.com/987/request-an-appointment
988,Fyzical Therapy & Balance-Chicago Beverly South,,Request an Appointment,Fyzical Therapy & Balance-Chicago Beverly South,,2021-02-11T15:21:25.037-05:00,2021-02-11T15:21:25.037-05:00,https://sites.webpt.com/988/request-an-appointment
997,Schultz Physical Therapy,,Request an Appointment,Schultz Physical Therapy,,2025-03-20T17:34:24.171-04:00,2025-03-20T17:34:24.171-04:00,https://sites.webpt.com/997/request-an-appointment
1003,Point Performance Medicine,,Request an Appointment,Point Performance Medicine,,2025-05-20T16:27:24.370-04:00,2025-05-20T16:42:11.963-04:00,https://sites.webpt.com/1003/request-an-appointment
1012,Corvallis Sport and Spine PT,,Request an Appointment,Corvallis Sport and Spine PT,,2020-12-16T18:51:00.934-05:00,2022-01-04T13:26:40.275-05:00,https://sites.webpt.com/1012/request-an-appointment
1014,Frontier Therapy - AK,,Request an Appointment,Frontier Therapy - AK,,2020-08-17T09:34:58.454-04:00,2020-09-28T20:10:58.774-04:00,https://sites.webpt.com/1014/request-an-appointment
1027,Gateway Physical Therapy,,Request an Appointment,Gateway Physical Therapy,,2021-03-11T09:50:01.228-05:00,2021-03-25T17:43:16.168-04:00,https://sites.webpt.com/1027/request-an-appointment
1033,"Positive Outcomes, Inc",,Request an Appointment,"Positive Outcomes, Inc",,2025-02-26T12:20:34.615-05:00,2025-02-26T12:20:34.615-05:00,https://sites.webpt.com/1033/request-an-appointment
1039,Prolevel Recovery,,Request an Appointment,Prolevel Recovery,,2025-08-14T16:03:28.077-04:00,2025-08-14T16:03:28.077-04:00,https://sites.webpt.com/1039/request-an-appointment
1041,Performance Therapy and Fitness,,Request an Appointment,Performance Therapy and Fitness,,2025-06-04T01:52:54.507-04:00,2025-06-04T01:52:54.507-04:00,https://sites.webpt.com/1041/request-an-appointment
1042,Arthritis and Osteoporosis Consultants of the Carolinas,,Request an Appointment,Arthritis and Osteoporosis Consultants of the Carolinas,,2020-07-31T13:21:02.127-04:00,2020-09-03T16:02:19.679-04:00,https://sites.webpt.com/1042/request-an-appointment
1050,Schedule a Visit with a Physical Therapist,,Schedule a Visit with a Physical Therapist,,,2019-09-20T13:17:56.583-04:00,2019-09-20T13:17:56.583-04:00,https://sites.webpt.com/1050/request-an-appointment
1067,Timberlane Physical Therapy,,Request an Appointment,Timberlane Physical Therapy,,2020-09-18T10:16:31.082-04:00,2020-10-07T13:31:33.037-04:00,https://sites.webpt.com/1067/request-an-appointment
1071,Schedule a Visit with a Physical Therapist,,Schedule a Visit with a Physical Therapist,,,2019-08-16T14:35:41.485-04:00,2019-08-16T14:35:41.485-04:00,https://sites.webpt.com/1071/request-an-appointment
1072,Addison Wellness,,Request an Appointment,Addison Wellness,,2025-11-30T20:10:25.586-05:00,2025-11-30T21:06:04.313-05:00,https://sites.webpt.com/1072/request-an-appointment
1080,Custom Fitness,,Request an Appointment,Custom Fitness,,2026-06-02T16:22:18.332-04:00,2026-06-02T16:22:18.332-04:00,https://sites.webpt.com/1080/request-an-appointment
1085,Physical Therapy of Boulder,,Request an Appointment,Physical Therapy of Boulder,,2021-03-18T11:24:58.722-04:00,2021-03-18T11:24:58.722-04:00,https://sites.webpt.com/1085/request-an-appointment
1090,Steadman's Physical Therapy,,Request an Appointment,Steadman's Physical Therapy,,2022-03-21T10:05:19.725-04:00,2022-03-21T10:05:19.725-04:00,https://sites.webpt.com/1090/request-an-appointment
1101,Beaton Orthopedic Physical Therapy Malibu Rehabilitation Center,,Request an Appointment,Beaton Orthopedic Physical Therapy Malibu Rehabilitation Center,,2020-09-08T19:18:11.557-04:00,2020-09-08T19:18:11.557-04:00,https://sites.webpt.com/1101/request-an-appointment
1104,"SOUTH COUNTY PHYSICAL THERAPY AND REHABILITATION CENTER, INC",,Request an Appointment,"SOUTH COUNTY PHYSICAL THERAPY AND REHABILITATION CENTER, INC.",,2021-03-31T17:00:51.611-04:00,2021-03-31T17:00:51.611-04:00,https://sites.webpt.com/1104/request-an-appointment
1107,Adrienne Double Checks Pro Enterprise Onboarding Profile A,,Request an Appointment,Adrienne Double Checks Pro Enterprise Onboarding Profile A,,2021-03-11T12:13:15.349-05:00,2021-03-11T12:13:15.349-05:00,https://sites.webpt.com/1107/request-an-appointment
1110,Schedule a Visit with a Physical Therapist,,Schedule a Visit with a Physical Therapist,,,2019-07-16T10:16:30.094-04:00,2019-08-30T13:33:24.035-04:00,https://sites.webpt.com/1110/request-an-appointment
1112,Request Physical Therapy,,Request an Appointment,Request Physical Therapy,,2022-09-26T15:08:53.254-04:00,2022-09-26T15:08:53.254-04:00,https://sites.webpt.com/1112/request-an-appointment
1115,choose Mountain Valley Therapy,,Request an Appointment,,,2019-10-14T08:54:05.021-04:00,2019-11-12T19:28:00.505-05:00,https://sites.webpt.com/1115/request-an-appointment
1117,Complete Rehab & Sports PT,,Request an Appointment,Complete Rehab & Sports PT,,2025-07-09T15:31:20.789-04:00,2025-07-09T15:31:20.789-04:00,https://sites.webpt.com/1117/request-an-appointment
1131,Function First Physical Therapy,,Request an Appointment,Function First Physical Therapy,,2020-10-20T10:57:32.017-04:00,2020-10-20T10:57:32.017-04:00,https://sites.webpt.com/1131/request-an-appointment
1143,"In Home Rehabilitation & Wellness, Inc",,Request an Appointment,"In Home Rehabilitation & Wellness, Inc.",,2021-04-01T17:12:47.443-04:00,2021-04-13T14:32:22.446-04:00,https://sites.webpt.com/1143/request-an-appointment
1147,Carlson Procare,{'id',Schedule a Visit with a Physical Therapist,Carlson Procare,"{'id': 1189, 'fqdn': 'requestappt.carlsonprocare.com', 'lastPropagationCheckAt': None, 'propagationCheckAttemptCount': 11, 'domainStatus': 'working_and_secure', 'domainStatusDetails': None, 'providerOrganizationId': 1147, 'createdAt': '2021-06-28T15:26:44.698-04:00', 'updatedAt': '2021-07-02T07:46:53.668-04:00', 'subdomain': 'requestappt', 'domain': 'carlsonprocare.com', 'userId': 37018, 'certIssuanceAttemptCount': 1}",2019-08-16T14:13:46.085-04:00,2021-07-06T16:49:35.476-04:00,https://sites.webpt.com/1147/request-an-appointment
1153,"Optimum Physical Therapy Associates, PC",,Request an Appointment,"Optimum Physical Therapy Associates, PC",,2020-12-15T11:20:07.203-05:00,2021-02-21T15:58:25.929-05:00,https://sites.webpt.com/1153/request-an-appointment
1163,get a Wellness Visit,girlfitrocks.com,Request an Appointment,"Girl Fit Physical Therapy, INC",,2021-05-11T14:47:31.918-04:00,2021-06-29T13:11:06.017-04:00,https://sites.webpt.com/1163/request-an-appointment
1171,Tice Valley Physical Therapy,,Request an Appointment,Tice Valley Physical Therapy,,2023-11-28T18:57:18.206-05:00,2023-11-28T18:57:18.206-05:00,https://sites.webpt.com/1171/request-an-appointment
1177,Farmingdale Physical Therapy East,,Request an Appointment,Farmingdale Physical Therapy East,,2022-02-28T11:41:41.545-05:00,2022-02-28T11:41:41.545-05:00,https://sites.webpt.com/1177/request-an-appointment
1180,| support@risingsunphysicaltherapy.com| (415) 282-4083,risingsunphysicaltherapy.com,Request an Appointment,| support@risingsunphysicaltherapy.com| (415) 282-4083,,2020-06-03T18:08:07.641-04:00,2023-06-26T17:56:19.434-04:00,https://sites.webpt.com/1180/request-an-appointment
1193,TriCore Physical Therapy,,Request an Appointment,TriCore Physical Therapy,,2020-12-21T10:12:21.339-05:00,2020-12-21T10:12:21.339-05:00,https://sites.webpt.com/1193/request-an-appointment
1202,Advanced PMR,,Request an Appointment,Advanced PMR,,2021-07-12T11:49:56.520-04:00,2021-07-12T11:49:56.520-04:00,https://sites.webpt.com/1202/request-an-appointment
1210,Fit For Life Physical Therapy,,Request an Appointment,Fit For Life Physical Therapy,,2025-06-26T09:12:23.330-04:00,2025-06-26T09:12:23.330-04:00,https://sites.webpt.com/1210/request-an-appointment
1212,Robert Wood Johnson University Hospital Hamilton,,Request an Appointment,Robert Wood Johnson University Hospital Hamilton,,2020-09-04T14:18:44.206-04:00,2020-09-04T14:18:44.206-04:00,https://sites.webpt.com/1212/request-an-appointment
1213,KPT Corporation DBA Kula Physical Therapy,,Request an Appointment,KPT Corporation DBA Kula Physical Therapy,,2024-07-03T14:01:38.806-04:00,2024-07-03T14:01:38.806-04:00,https://sites.webpt.com/1213/request-an-appointment
1218,Swift Rehabilitation,,Request an Appointment,Swift Rehabilitation,,2021-03-31T19:31:50.701-04:00,2021-03-31T19:36:28.940-04:00,https://sites.webpt.com/1218/request-an-appointment
1220,Professional Physical Therapy - FL,,Request an Appointment,Professional Physical Therapy - FL,,2020-08-28T15:48:21.656-04:00,2020-08-28T15:48:21.656-04:00,https://sites.webpt.com/1220/request-an-appointment
1228,NY Chiropractic and Physical Therapy,,Request an Appointment,NY Chiropractic and Physical Therapy,,2026-04-29T15:18:41.300-04:00,2026-04-29T16:09:48.859-04:00,https://sites.webpt.com/1228/request-an-appointment
1237,South Whidbey Physical Therapy,,Request an Appointment,South Whidbey Physical Therapy,,2021-06-04T09:36:11.686-04:00,2021-06-04T09:36:11.686-04:00,https://sites.webpt.com/1237/request-an-appointment
1243,"Advanced Sports, Physical and Orthopedic Rehabilitative",,Request an Appointment,"Advanced Sports, Physical and Orthopedic Rehabilitative",,2021-05-07T18:49:42.972-04:00,2021-05-12T18:13:05.168-04:00,https://sites.webpt.com/1243/request-an-appointment
1276,Thomas Nicolla Physical Therapy,,Request an Appointment,Thomas Nicolla Physical Therapy,,2022-01-18T12:01:41.613-05:00,2022-06-15T17:45:49.773-04:00,https://sites.webpt.com/1276/request-an-appointment
1277,S.O.A.R. Physical Therapy,,Request an Appointment,S.O.A.R. Physical Therapy,,2021-09-02T14:45:35.093-04:00,2021-09-02T15:01:51.147-04:00,https://sites.webpt.com/1277/request-an-appointment
1285,"STRIVE PHYSICAL THERAPY, CHANDLER, AZ",,FREE 15-MINUTE PT CONSULTATION!!,"STRIVE PHYSICAL THERAPY, CHANDLER, AZ",,2021-01-22T14:10:27.656-05:00,2021-07-16T23:49:29.103-04:00,https://sites.webpt.com/1285/request-an-appointment
1286,"Bass Physical Therapy and Rehabilitation Center, INC",,Request an Appointment,"Bass Physical Therapy and Rehabilitation Center, INC.",,2020-11-03T18:26:56.117-05:00,2021-01-05T15:19:40.483-05:00,https://sites.webpt.com/1286/request-an-appointment
1300,Body Works Physical Therapy,,Request an Appointment,Body Works Physical Therapy,,2021-02-25T18:24:51.443-05:00,2021-02-25T18:54:04.398-05:00,https://sites.webpt.com/1300/request-an-appointment
1315,Barnstable Physical Therapy,,Request an Appointment,Barnstable Physical Therapy,,2022-06-06T14:48:46.363-04:00,2025-06-28T12:27:44.336-04:00,https://sites.webpt.com/1315/request-an-appointment
1319,get a free consultation,,Free Consultation at Optimal Physical Therapy!,Optimal Physical Therapy,,2021-01-21T11:13:40.158-05:00,2021-07-09T11:38:03.990-04:00,https://sites.webpt.com/1319/request-an-appointment
1321,Spine and Health Center of New Jersey,,Request an Appointment,Spine and Health Center of New Jersey,,2021-09-03T19:58:35.001-04:00,2021-09-03T20:01:48.368-04:00,https://sites.webpt.com/1321/request-an-appointment
1324,Schedule a Visit with a Physical Therapist,,Schedule a Visit with a Physical Therapist,,,2019-08-06T18:22:45.496-04:00,2019-08-06T18:22:45.496-04:00,https://sites.webpt.com/1324/request-an-appointment
1327,Premier PT & SP,premierptsp.com,Request an Appointment,Premier PT & SP,,2021-04-27T17:34:32.709-04:00,2021-12-22T12:23:58.774-05:00,https://sites.webpt.com/1327/request-an-appointment
1328,Berkana Rehabilitation Institute,,Request an Appointment,Berkana Rehabilitation Institute,,2022-04-21T19:40:05.743-04:00,2022-07-06T12:45:05.146-04:00,https://sites.webpt.com/1328/request-an-appointment
1329,Jones & Cowen Physical Therapy,,Request an Appointment,Jones & Cowen Physical Therapy,,2025-07-17T14:50:01.152-04:00,2025-07-17T14:50:01.152-04:00,https://sites.webpt.com/1329/request-an-appointment
1332,Schedule a Visit with a Physical Therapist,,Schedule a Visit with a Physical Therapist,,,2019-07-05T12:10:58.760-04:00,2019-07-15T11:38:13.015-04:00,https://sites.webpt.com/1332/request-an-appointment
1333,Request an Free Injury Screening,,Request an Free Injury Screening,,,2020-01-31T12:15:23.524-05:00,2020-02-19T19:04:24.625-05:00,https://sites.webpt.com/1333/request-an-appointment
1335,Peak Orthopedic Physical Therapy,,Request an Appointment,Peak Orthopedic Physical Therapy,,2020-12-11T13:21:01.186-05:00,2020-12-11T13:21:01.186-05:00,https://sites.webpt.com/1335/request-an-appointment
1342,Back To Normal,,Request an Appointment,Back To Normal,,2025-10-17T12:13:31.738-04:00,2025-10-17T12:13:31.738-04:00,https://sites.webpt.com/1342/request-an-appointment
1343,Tailwind Physical Therapy,,Request an Appointment,Tailwind Physical Therapy,,2025-07-11T15:20:11.735-04:00,2025-07-11T15:31:39.644-04:00,https://sites.webpt.com/1343/request-an-appointment
1346,Island Sports Physical Therapy,,Request an Appointment,Island Sports Physical Therapy,,2020-10-23T11:08:21.419-04:00,2025-07-29T15:16:35.641-04:00,https://sites.webpt.com/1346/request-an-appointment
1349,Sloane Stecker Physical Therapy,,Request an Appointment,Sloane Stecker Physical Therapy,,2022-06-03T17:26:07.001-04:00,2022-06-14T13:49:36.165-04:00,https://sites.webpt.com/1349/request-an-appointment
1351,Transitions Therapies West,,Request an Appointment,Transitions Therapies West,,2025-12-12T13:57:30.324-05:00,2025-12-12T13:57:30.324-05:00,https://sites.webpt.com/1351/request-an-appointment
1352,Force Physical Therapy,,Request an Appointment,Force Physical Therapy,,2025-10-29T09:07:47.677-04:00,2025-10-29T09:07:47.677-04:00,https://sites.webpt.com/1352/request-an-appointment
1360,SRI Physical Therapy,,Request an Appointment,SRI Physical Therapy,,2025-10-23T17:40:46.599-04:00,2026-01-07T15:15:15.059-05:00,https://sites.webpt.com/1360/request-an-appointment
1361,Willow Physical Therapy,,Request an Appointment,Willow Physical Therapy,,2021-03-04T12:43:40.886-05:00,2021-03-04T12:43:40.886-05:00,https://sites.webpt.com/1361/request-an-appointment
1376,Four3 Rehab and Performance,,Request an Appointment,Four3 Rehab and Performance,,2023-07-07T16:55:04.336-04:00,2023-07-27T10:29:57.706-04:00,https://sites.webpt.com/1376/request-an-appointment
1381,Brazosport Rehabilitation and Wellness,,Request an Appointment,Brazosport Rehabilitation and Wellness,,2026-08-25T20:37:55.538-04:00,2026-08-25T20:46:49.898-04:00,https://sites.webpt.com/1381/request-an-appointment
1394,Fullerton Physical Therapy,,Request an Appointment,Fullerton Physical Therapy,,2021-04-08T11:56:52.542-04:00,2021-04-23T14:27:19.478-04:00,https://sites.webpt.com/1394/request-an-appointment
1396,Synergy Aquatic and Land Therapy,,Request an Appointment,Synergy Aquatic and Land Therapy,,2021-03-18T13:10:16.168-04:00,2021-03-18T13:21:34.719-04:00,https://sites.webpt.com/1396/request-an-appointment
1398,Therapy Specialists of Georgia,,Request an Appointment,Therapy Specialists of Georgia,,2021-04-01T13:52:57.931-04:00,2021-04-01T13:52:57.931-04:00,https://sites.webpt.com/1398/request-an-appointment
1406,Resurgence Physical Therapy,,Request an Appointment,Resurgence Physical Therapy,,2025-12-02T14:48:52.757-05:00,2025-12-02T14:48:52.757-05:00,https://sites.webpt.com/1406/request-an-appointment
1408,Bridge Physical Therapy LLC,,Request an Appointment,Bridge Physical Therapy LLC,,2026-01-30T22:23:56.606-05:00,2026-01-30T22:27:30.009-05:00,https://sites.webpt.com/1408/request-an-appointment
1410,Schedule a Visit with a Physical Therapist,,Schedule a Visit with a Physical Therapist,,,2019-09-23T11:30:45.207-04:00,2019-09-23T11:30:45.207-04:00,https://sites.webpt.com/1410/request-an-appointment
1418,Athletic Edge Physical Therapy,,Request an Appointment,Athletic Edge Physical Therapy,,2023-03-23T15:09:05.599-04:00,2025-03-24T09:54:48.010-04:00,https://sites.webpt.com/1418/request-an-appointment
1422,"Core Physical Therapy, PC",,Request an Appointment,"Core Physical Therapy, PC",,2021-02-10T10:46:37.035-05:00,2021-03-03T13:49:37.472-05:00,https://sites.webpt.com/1422/request-an-appointment
1425,Body In Motion,,Request an Appointment,Body In Motion,,2026-01-27T14:15:08.393-05:00,2026-01-27T14:15:08.393-05:00,https://sites.webpt.com/1425/request-an-appointment
1426,Owatonna Sports & Physical Therapy,,Request an Appointment,Owatonna Sports & Physical Therapy,,2021-01-27T16:43:59.800-05:00,2021-04-09T14:43:27.203-04:00,https://sites.webpt.com/1426/request-an-appointment
1427,Petersen Physical Therapy,,Request an Appointment,Petersen Physical Therapy,,2021-01-26T14:03:20.846-05:00,2021-01-26T14:55:29.359-05:00,https://sites.webpt.com/1427/request-an-appointment
1429,Andersonville Physical Therapy,andersonvillept.com,Request an Appointment,Andersonville Physical Therapy,,2020-08-13T10:58:49.070-04:00,2020-08-28T10:32:36.214-04:00,https://sites.webpt.com/1429/request-an-appointment
1431,"PRO Therapy, Inc",,Request an Appointment,"PRO Therapy, Inc",,2021-01-20T14:07:04.140-05:00,2021-01-25T15:35:49.935-05:00,https://sites.webpt.com/1431/request-an-appointment
1436,"Core Wellness & Physical Therapy, LLC",,Request an Appointment,"Core Wellness & Physical Therapy, LLC",,2020-10-22T16:27:21.566-04:00,2020-10-22T16:27:21.566-04:00,https://sites.webpt.com/1436/request-an-appointment
1437,Peak Physical Therapy,,Request an Appointment,Peak Physical Therapy,,2020-12-21T15:04:20.428-05:00,2020-12-21T15:04:20.428-05:00,https://sites.webpt.com/1437/request-an-appointment
1442,"Holistic Physical Therapy, PC",,Request an Appointment,"Holistic Physical Therapy, PC",,2021-03-29T11:23:25.707-04:00,2021-03-29T11:25:48.467-04:00,https://sites.webpt.com/1442/request-an-appointment
1445,Valley Physical Therapy LLC,,Request an Appointment,Valley Physical Therapy LLC,,2020-12-21T19:18:09.359-05:00,2021-04-09T12:44:28.255-04:00,https://sites.webpt.com/1445/request-an-appointment
1448,Revolution Physical Therapy Weight Loss,,Request an Appointment,Revolution Physical Therapy Weight Loss,,2021-05-01T12:23:29.863-04:00,2021-07-12T11:41:31.484-04:00,https://sites.webpt.com/1448/request-an-appointment
1452,Oncology Rehab,,Request an Appointment,Oncology Rehab,,2020-12-30T15:36:39.143-05:00,2020-12-30T15:36:39.143-05:00,https://sites.webpt.com/1452/request-an-appointment
1457,Great Falls Physical Therapy,,Request an Appointment,Great Falls Physical Therapy,,2025-06-04T13:26:18.248-04:00,2025-06-04T13:40:36.544-04:00,https://sites.webpt.com/1457/request-an-appointment
1466,Prevail Physical Therapy,,Request an Appointment,Prevail Physical Therapy,,2021-03-01T12:13:47.048-05:00,2021-03-01T12:13:47.048-05:00,https://sites.webpt.com/1466/request-an-appointment
1469,Schedule a Visit with a Physical Therapist,,Schedule a Visit with a Physical Therapist,,,2019-08-26T13:26:40.768-04:00,2019-08-26T13:26:40.768-04:00,https://sites.webpt.com/1469/request-an-appointment
1471,Tidewater Physical Therapy and Rehabilitation Associates,,Request an Appointment,Tidewater Physical Therapy and Rehabilitation Associates,,2023-11-01T15:42:45.043-04:00,2023-11-01T15:42:45.043-04:00,https://sites.webpt.com/1471/request-an-appointment
1472,Stride Physical Therapy P.C,,Request an Appointment,Stride Physical Therapy P.C.,,2025-06-23T14:57:26.776-04:00,2025-06-23T15:10:49.230-04:00,https://sites.webpt.com/1472/request-an-appointment
1480,Lake County Physical Therapy,lakecountyphysicaltherapy.com,Request an Appointment,Lake County Physical Therapy,,2021-03-05T14:17:02.143-05:00,2026-06-05T17:14:32.371-04:00,https://sites.webpt.com/1480/request-an-appointment
1482,Schedule a Visit with a Physical Therapist,,Schedule a Visit with a Physical Therapist,,,2019-07-02T12:42:39.075-04:00,2019-07-02T12:42:39.075-04:00,https://sites.webpt.com/1482/request-an-appointment
1484,Meg's Test Org,,Request an Appointment,Meg's Test Org,,2022-12-14T17:13:58.709-05:00,2025-01-24T17:12:55.875-05:00,https://sites.webpt.com/1484/request-an-appointment
1486,Med Diagnostic Rehab of South Florida,,Request an Appointment,Med Diagnostic Rehab of South Florida,,2021-01-08T18:56:43.285-05:00,2021-01-08T19:06:24.046-05:00,https://sites.webpt.com/1486/request-an-appointment
1488,"Holsman Physical Therapy and Occupational Therapy, P.C",,Request an Appointment,"Holsman Physical Therapy and Occupational Therapy, P.C.",,2021-08-27T14:51:55.387-04:00,2021-08-27T14:51:55.387-04:00,https://sites.webpt.com/1488/request-an-appointment
1490,ELITE,elitetherapycenters.com,EITC Targeted Ad Landing Page,,,2020-03-20T19:09:59.556-04:00,2020-08-06T09:00:45.398-04:00,https://sites.webpt.com/1490/request-an-appointment
1491,Southeastern Orthopaedic Specialists,,Request an Appointment,Southeastern Orthopaedic Specialists,,2020-10-01T17:40:12.847-04:00,2020-10-01T17:40:12.847-04:00,https://sites.webpt.com/1491/request-an-appointment
1493,Do I Need a Fitness Program,vimeo.com,Schedule a Visit with a Physical Therapist,.,,2019-07-03T11:27:58.705-04:00,2020-11-18T15:59:48.050-05:00,https://sites.webpt.com/1493/request-an-appointment
1497,"Precision Rehab Occupational, Physical, Hand Therapy P.L.L.C",,Request an Appointment,"Precision Rehab Occupational, Physical, Hand Therapy P.L.L.C.",,2026-04-13T14:14:26.993-04:00,2026-04-13T14:24:55.318-04:00,https://sites.webpt.com/1497/request-an-appointment
1498,Advanced Physical Therapy & Wound Center,,Request an Appointment,Advanced Physical Therapy & Wound Center,,2025-12-12T16:39:39.458-05:00,2025-12-12T16:39:39.458-05:00,https://sites.webpt.com/1498/request-an-appointment
1501,Dynamic Home Therapy - PA,,Request an Appointment,Dynamic Home Therapy - PA,,2020-08-05T16:05:47.654-04:00,2020-08-26T16:14:42.259-04:00,https://sites.webpt.com/1501/request-an-appointment
1502,Joint Effort Physical Therapy,,Request an Appointment,Joint Effort Physical Therapy,,2020-10-01T17:03:35.769-04:00,2020-10-01T17:03:35.769-04:00,https://sites.webpt.com/1502/request-an-appointment
1505,"Appalachian Physical Therapy, Inc",,Request an Appointment,"Appalachian Physical Therapy, Inc.",,2020-11-20T09:26:58.256-05:00,2020-11-20T09:26:58.256-05:00,https://sites.webpt.com/1505/request-an-appointment
1507,Schedule a Visit with a Physical Therapist,,Schedule a Visit with a Physical Therapist,,,2021-01-11T09:49:34.778-05:00,2021-01-11T09:49:34.778-05:00,https://sites.webpt.com/1507/request-an-appointment
1514,Schedule a Visit with a Physical Therapist,,Schedule a Visit with a Physical Therapist,,,2019-08-22T10:19:07.503-04:00,2019-08-22T10:19:07.503-04:00,https://sites.webpt.com/1514/request-an-appointment
1515,Outpatient Physical Therapy,,Request an Appointment,Outpatient Physical Therapy,,2023-04-21T10:41:50.519-04:00,2024-05-28T11:12:34.723-04:00,https://sites.webpt.com/1515/request-an-appointment
1517,Exchange Physical Therapy Group,,Request an Appointment,Exchange Physical Therapy Group,,2021-03-19T09:56:44.983-04:00,2021-03-19T09:56:44.983-04:00,https://sites.webpt.com/1517/request-an-appointment
1518,Progression Physical Therapy of Princeton,,Request an Appointment,Progression Physical Therapy of Princeton,,2025-08-11T14:05:11.172-04:00,2025-08-11T14:05:11.172-04:00,https://sites.webpt.com/1518/request-an-appointment
1522,LEAP Physical Therapy,,Request an Appointment,LEAP Physical Therapy,,2025-06-04T01:52:54.335-04:00,2025-06-04T01:52:54.335-04:00,https://sites.webpt.com/1522/request-an-appointment
1527,Excel Rehabilitation & Sports Therapy,,Request an Appointment,Excel Rehabilitation & Sports Therapy,,2025-06-03T10:41:40.546-04:00,2025-06-03T10:41:40.546-04:00,https://sites.webpt.com/1527/request-an-appointment
1530,Sports Rehab Center,,Request an Appointment,Sports Rehab Center,,2021-03-31T17:01:04.623-04:00,2021-03-31T17:01:04.623-04:00,https://sites.webpt.com/1530/request-an-appointment
1535,Adams Physical Rehab Center,,Request an Appointment,Adams Physical Rehab Center,,2021-03-17T13:58:49.997-04:00,2021-03-17T13:58:49.997-04:00,https://sites.webpt.com/1535/request-an-appointment
1539,Schedule a Visit with a Physical Therapist,,Schedule a Visit with a Physical Therapist,,,2019-10-10T18:16:24.323-04:00,2019-10-10T18:16:24.323-04:00,https://sites.webpt.com/1539/request-an-appointment
1542,Schedule a Visit with a Physical Therapist,,Schedule a Visit with a Physical Therapist,,,2020-01-08T13:17:10.523-05:00,2020-01-08T13:17:10.523-05:00,https://sites.webpt.com/1542/request-an-appointment
1545,Cynergy Physical Therapy,,Request an Appointment,Cynergy Physical Therapy,,2021-07-12T11:50:57.969-04:00,2021-07-12T11:50:57.969-04:00,https://sites.webpt.com/1545/request-an-appointment
1546,Endurance Rehabilitation,,Request an Appointment,Endurance Rehabilitation,,2021-01-05T10:24:17.933-05:00,2021-01-05T10:24:17.933-05:00,https://sites.webpt.com/1546/request-an-appointment
1547,Towson Sports Medicine,,Request an Appointment,Towson Sports Medicine,,2021-08-02T18:56:57.959-04:00,2021-08-02T18:56:57.959-04:00,https://sites.webpt.com/1547/request-an-appointment
1551,get physical and occupational therapy,,Request an Appointment,Total Rehab - Orthopedic and Sports Specialist,,2020-10-06T15:21:47.805-04:00,2022-02-22T14:48:43.108-05:00,https://sites.webpt.com/1551/request-an-appointment
1552,Berryville Physical Therapy & Wellness,,Request an Appointment,Berryville Physical Therapy & Wellness,,2022-03-24T13:41:37.482-04:00,2022-03-24T13:41:37.482-04:00,https://sites.webpt.com/1552/request-an-appointment
1553,Advance Orthopedic & Sports Therapy,,Request an Appointment,Advance Orthopedic & Sports Therapy,,2020-10-05T12:53:36.067-04:00,2020-10-05T12:53:36.067-04:00,https://sites.webpt.com/1553/request-an-appointment
1556,East Tennessee Spine and Sport,,Request an Appointment,East Tennessee Spine and Sport,,2024-03-15T08:49:15.687-04:00,2024-03-15T08:49:15.687-04:00,https://sites.webpt.com/1556/request-an-appointment
1558,Summit Physical Therapy- NJ,,Request an Appointment,Summit Physical Therapy- NJ,,2021-02-22T10:56:59.420-05:00,2021-02-22T11:07:00.130-05:00,https://sites.webpt.com/1558/request-an-appointment
1559,Evolution Physical Therapy,,Request an Appointment,Evolution Physical Therapy,,2021-03-31T10:58:54.149-04:00,2021-03-31T10:58:54.149-04:00,https://sites.webpt.com/1559/request-an-appointment
1560,Rehabulous Physical Therapy,,Request an Appointment,Rehabulous Physical Therapy,,2020-05-07T10:58:09.017-04:00,2020-06-12T16:34:35.749-04:00,https://sites.webpt.com/1560/request-an-appointment
1566,Limitless Physical Therapy Specialists,,Request an Appointment,Limitless Physical Therapy Specialists,,2021-03-31T17:02:08.490-04:00,2021-03-31T17:02:08.490-04:00,https://sites.webpt.com/1566/request-an-appointment
1567,Acupuncture and Physical Therapy,,Request an Appointment,Acupuncture and Physical Therapy,,2025-07-14T13:53:53.624-04:00,2025-07-14T13:53:53.624-04:00,https://sites.webpt.com/1567/request-an-appointment
1569,Synergy Physical Therapy & Performance,,Request an Appointment,Synergy Physical Therapy & Performance,,2025-06-30T17:25:38.460-04:00,2025-06-30T17:25:38.460-04:00,https://sites.webpt.com/1569/request-an-appointment
1571,get Physical /Occupational Therapy,,Request an Appointment,,,2020-05-19T10:17:50.772-04:00,2022-06-14T11:33:11.218-04:00,https://sites.webpt.com/1571/request-an-appointment
1572,Schedule a Visit with a Physical Therapist,,Schedule a Visit with a Physical Therapist,,,2019-08-08T12:53:13.753-04:00,2019-08-08T12:53:13.753-04:00,https://sites.webpt.com/1572/request-an-appointment
1573,Central Jersey Physical Therapy Associates,,Request an Appointment,Central Jersey Physical Therapy Associates,,2026-06-26T22:11:35.997-04:00,2026-06-26T22:49:57.076-04:00,https://sites.webpt.com/1573/request-an-appointment
1577,Plymouth Bay Orthopedics,,Request an Appointment,Plymouth Bay Orthopedics,,2023-10-18T08:07:28.416-04:00,2023-11-08T09:35:04.483-05:00,https://sites.webpt.com/1577/request-an-appointment
1582,Engineered Sports,,Request an Appointment,Engineered Sports,,2020-09-30T13:31:42.117-04:00,2020-09-30T13:31:42.117-04:00,https://sites.webpt.com/1582/request-an-appointment
1584,Suburban Physical Therapy & Sports Medicine Center,,Request an Appointment,Suburban Physical Therapy & Sports Medicine Center,,2025-06-02T18:29:02.783-04:00,2025-06-02T18:29:02.783-04:00,https://sites.webpt.com/1584/request-an-appointment
1585,Renew Physical Therapy,,Request an Appointment,Renew Physical Therapy,,2021-07-12T11:52:22.464-04:00,2021-07-12T11:52:22.464-04:00,https://sites.webpt.com/1585/request-an-appointment
1588,PerformanceWest Physical Therapy,,Request an Appointment,PerformanceWest Physical Therapy,,2021-07-01T12:08:36.578-04:00,2021-07-01T12:08:36.578-04:00,https://sites.webpt.com/1588/request-an-appointment
1595,Schedule a Visit with a Physical Therapist,,Schedule a Visit with a Physical Therapist,,,2019-08-20T12:23:16.613-04:00,2019-08-20T12:23:16.613-04:00,https://sites.webpt.com/1595/request-an-appointment
1596,PhysicalOne,,Request an Appointment,PhysicalOne,,2020-12-28T11:04:55.036-05:00,2020-12-28T11:04:55.036-05:00,https://sites.webpt.com/1596/request-an-appointment
1597,Gaspar Doctors of Physical Therapy,,Request an Appointment,Gaspar Doctors of Physical Therapy,,2021-07-12T11:51:47.724-04:00,2021-07-12T11:51:47.724-04:00,https://sites.webpt.com/1597/request-an-appointment
1600,"Rehab 2 Perform. Perform Now, Perform For Life!",,Schedule a Visit with a Physical Therapist,"Rehab 2 Perform. Perform Now, Perform For Life!",,2019-10-07T14:56:05.699-04:00,2020-02-14T15:43:55.470-05:00,https://sites.webpt.com/1600/request-an-appointment
1607,Pinnacle Physical Therapy,,Request an Appointment,Pinnacle Physical Therapy,,2024-11-21T00:52:05.930-05:00,2024-11-21T01:00:05.475-05:00,https://sites.webpt.com/1607/request-an-appointment
1610,Advanced Orthopedic Physical Therapy,,Request an Appointment,Advanced Orthopedic Physical Therapy,,2021-03-11T14:05:59.940-05:00,2021-03-11T16:18:11.949-05:00,https://sites.webpt.com/1610/request-an-appointment
1611,Taylored Physical Therapy,,Request an Appointment,Taylored Physical Therapy,,2020-10-06T19:37:55.867-04:00,2020-11-09T15:06:51.892-05:00,https://sites.webpt.com/1611/request-an-appointment
1615,Henry Mayo Newhall Hospital,,Request an Appointment,Henry Mayo Newhall Hospital,,2021-03-03T13:02:05.318-05:00,2021-03-03T13:06:26.932-05:00,https://sites.webpt.com/1615/request-an-appointment
1616,Freedom Physical Therapy Services,,Request an Appointment,Freedom Physical Therapy Services,,2020-09-22T08:31:00.128-04:00,2020-09-22T08:31:00.128-04:00,https://sites.webpt.com/1616/request-an-appointment
1619,Back on Track Therapy and Wellness,,Request an Appointment,Back on Track Therapy and Wellness,,2021-11-04T14:33:03.716-04:00,2021-11-04T14:33:03.716-04:00,https://sites.webpt.com/1619/request-an-appointment
1624,Valens Physical Therapy and Sports Performance,,Request an Appointment,Valens Physical Therapy and Sports Performance,,2020-10-09T09:56:11.417-04:00,2020-10-09T09:56:11.417-04:00,https://sites.webpt.com/1624/request-an-appointment
1629,Orthopedic Physical Therapy Institute,,Request an Appointment,Orthopedic Physical Therapy Institute,,2020-10-30T16:18:19.065-04:00,2020-10-30T16:18:19.065-04:00,https://sites.webpt.com/1629/request-an-appointment
1631,Swing Orthopedic & Sports Physical Therapy,,Request an Appointment,Swing Orthopedic & Sports Physical Therapy,,2021-02-04T09:33:55.292-05:00,2021-02-04T09:33:55.292-05:00,https://sites.webpt.com/1631/request-an-appointment
1632,Rhode Island Rehabilitation,,Request an Appointment,Rhode Island Rehabilitation,,2020-08-05T10:12:23.055-04:00,2020-08-05T10:12:23.055-04:00,https://sites.webpt.com/1632/request-an-appointment
1633,Mountain State Physical Therapy,,Request an Appointment,Mountain State Physical Therapy,,2020-11-24T11:10:16.675-05:00,2020-11-24T11:10:16.675-05:00,https://sites.webpt.com/1633/request-an-appointment
1634,Houston Physician's Hospital,,Request an Appointment,Houston Physician's Hospital,,2021-07-12T11:51:59.364-04:00,2021-07-12T11:51:59.364-04:00,https://sites.webpt.com/1634/request-an-appointment
1636,"Prime Rehab Center, Physical Therapy, A Professional Corporation",,Request an Appointment,"Prime Rehab Center, Physical Therapy, A Professional Corporation",,2026-05-19T19:12:30.468-04:00,2026-05-19T19:31:23.565-04:00,https://sites.webpt.com/1636/request-an-appointment
1638,Mobility Fit Physical Therapy,,Request an Appointment,Mobility Fit Physical Therapy,,2020-08-24T10:55:12.508-04:00,2020-08-24T10:55:12.508-04:00,https://sites.webpt.com/1638/request-an-appointment
1641,Schedule a Visit with a Physical Therapist,,Schedule a Visit with a Physical Therapist,,,2019-10-09T16:36:11.110-04:00,2019-10-09T16:36:11.110-04:00,https://sites.webpt.com/1641/request-an-appointment
1644,Hartz Physical Therapy,,Request an Appointment,Hartz Physical Therapy,,2021-03-31T17:00:26.450-04:00,2021-04-29T14:18:24.026-04:00,https://sites.webpt.com/1644/request-an-appointment
1646,Longevity Physical Therapy,,Request an Appointment,Longevity Physical Therapy,,2020-11-11T07:38:53.086-05:00,2026-06-23T16:33:21.439-04:00,https://sites.webpt.com/1646/request-an-appointment
1647,Carroll Physical Therapy,,Request an Appointment,Carroll Physical Therapy,,2020-08-04T08:37:16.818-04:00,2020-08-04T08:37:16.818-04:00,https://sites.webpt.com/1647/request-an-appointment
1649,should you choose TheraSport,,Request an Appointment,TheraSport Physical Therapy,,2020-11-19T15:01:15.103-05:00,2022-02-24T08:38:36.473-05:00,https://sites.webpt.com/1649/request-an-appointment
1650,Balance Rehabilitation - Physical Therapy,,Request an Appointment,Balance Rehabilitation - Physical Therapy,,2021-04-19T15:15:26.080-04:00,2021-04-19T16:00:26.163-04:00,https://sites.webpt.com/1650/request-an-appointment
1651,Schedule a Visit with a Physical Therapist,geneseevalleypt.com,Schedule a Visit with a Physical Therapist,,,2019-08-22T10:04:38.131-04:00,2020-09-01T10:20:42.048-04:00,https://sites.webpt.com/1651/request-an-appointment
1652,get a Pain Assessment,,$20 Pain Assessment,Huntington Physical Therapy Specialists,,2020-11-03T09:19:23.966-05:00,2020-11-30T12:03:41.351-05:00,https://sites.webpt.com/1652/request-an-appointment
1681,Transform Rehabilitation,,Request an Appointment,Transform Rehabilitation,,2021-05-12T14:17:26.395-04:00,2021-05-12T14:29:33.200-04:00,https://sites.webpt.com/1681/request-an-appointment
1683,Outreach Physical and Occupational Therapy and Speech Rehabilitation,,Request an Appointment,Outreach Physical and Occupational Therapy and Speech Rehabilitation,,2022-11-01T12:32:14.929-04:00,2022-11-01T12:38:29.060-04:00,https://sites.webpt.com/1683/request-an-appointment
1687,RSM Physical Therapy,,Request an Appointment,RSM Physical Therapy,,2021-02-02T14:11:17.846-05:00,2021-02-02T14:18:21.122-05:00,https://sites.webpt.com/1687/request-an-appointment
1690,"Elizabeth Rogers Pilates & Physical Therapy, PLLC",,Request an Appointment,"Elizabeth Rogers Pilates & Physical Therapy, PLLC",,2020-10-05T14:44:47.714-04:00,2020-11-10T12:05:11.860-05:00,https://sites.webpt.com/1690/request-an-appointment
1693,Rehab Partners of Fort Payne,,Request an Appointment,Rehab Partners of Fort Payne,,2025-05-16T14:38:42.764-04:00,2025-05-16T14:39:23.797-04:00,https://sites.webpt.com/1693/request-an-appointment
1701,Family Health West Outpatient Rehabilitation,,Request an Appointment,Family Health West Outpatient Rehabilitation,,2021-07-12T11:51:24.079-04:00,2021-07-12T11:51:24.079-04:00,https://sites.webpt.com/1701/request-an-appointment
1702,Elevate Physical Therapy,,Request an Appointment,Elevate Physical Therapy,,2021-04-01T09:20:19.780-04:00,2021-04-01T09:20:19.780-04:00,https://sites.webpt.com/1702/request-an-appointment
1703,Manchester Physical Therapy PLC,,Request an Appointment,Manchester Physical Therapy PLC,,2020-09-03T10:49:15.126-04:00,2020-09-24T11:15:51.151-04:00,https://sites.webpt.com/1703/request-an-appointment
1705,Fyzical Longview,,Request an Appointment,Fyzical Longview,,2024-05-03T16:14:06.149-04:00,2024-05-03T16:14:06.149-04:00,https://sites.webpt.com/1705/request-an-appointment
1711,ELITE SPINE AND SPORTS - PA,,Request an Appointment,ELITE SPINE AND SPORTS - PA,,2021-03-16T14:13:44.896-04:00,2021-03-16T14:13:44.896-04:00,https://sites.webpt.com/1711/request-an-appointment
1712,"G Sports Physical Therapy, Inc",,Request an Appointment,"G Sports Physical Therapy, Inc.",,2021-03-31T17:06:37.327-04:00,2021-08-05T22:29:28.883-04:00,https://sites.webpt.com/1712/request-an-appointment
1713,"True Sports Physical Therapy, LLC",,Request an Appointment,"True Sports Physical Therapy, LLC",,2021-12-09T17:15:42.578-05:00,2021-12-09T17:54:39.307-05:00,https://sites.webpt.com/1713/request-an-appointment
1715,"DeWitt Physical Therapy, Inc",,Request an Appointment,"DeWitt Physical Therapy, Inc",,2020-08-17T10:24:40.031-04:00,2020-08-17T10:24:40.031-04:00,https://sites.webpt.com/1715/request-an-appointment
1722,Physiofitness,,Request an Appointment,Physiofitness,,2020-09-25T09:16:59.173-04:00,2020-09-25T09:16:59.173-04:00,https://sites.webpt.com/1722/request-an-appointment
1724,Plan Physical Therapy: North Fresno,,Request an Appointment,Plan Physical Therapy: North Fresno,,2020-09-28T16:40:30.752-04:00,2020-09-28T16:40:30.752-04:00,https://sites.webpt.com/1724/request-an-appointment
1732,RehabPilates Physical Therapy & Pilates,,Request an Appointment,RehabPilates Physical Therapy & Pilates,,2020-08-07T10:21:50.580-04:00,2020-08-07T10:21:50.580-04:00,https://sites.webpt.com/1732/request-an-appointment
1735,talk to a physical therapist,,J&H Request a Phone Call,,,2020-05-22T12:07:52.491-04:00,2024-01-05T12:47:45.890-05:00,https://sites.webpt.com/1735/request-an-appointment
1737,East Valley Physical Therapy and Aquatic Rehabilitation,,Request an Appointment,East Valley Physical Therapy and Aquatic Rehabilitation,,2020-07-31T10:21:07.824-04:00,2020-09-08T15:48:18.411-04:00,https://sites.webpt.com/1737/request-an-appointment
1740,Socal Physical Therapy,,Request an Appointment,Socal Physical Therapy,,2021-01-22T09:57:03.070-05:00,2021-01-22T14:21:32.277-05:00,https://sites.webpt.com/1740/request-an-appointment
1741,SMART Sports Medicine Center,,Request an Appointment,SMART Sports Medicine Center,,2025-03-25T13:08:06.125-04:00,2025-03-25T14:31:38.000-04:00,https://sites.webpt.com/1741/request-an-appointment
1744,get hand therapy,,Which arm or hand condition would you like to learn about,"NR-OT Hand Rehab, PLLC",,2020-10-15T10:27:44.033-04:00,2026-02-18T13:02:20.160-05:00,https://sites.webpt.com/1744/request-an-appointment
1745,Connect Physical Therapy,,Request an Appointment,Connect Physical Therapy,,2021-04-29T15:10:46.858-04:00,2021-04-29T15:12:43.118-04:00,https://sites.webpt.com/1745/request-an-appointment
1748,Schedule a Visit with a Physical Therapist,,Schedule a Visit with a Physical Therapist,,,2019-06-07T21:24:53.090-04:00,2019-06-07T21:24:53.090-04:00,https://sites.webpt.com/1748/request-an-appointment
1750,Physical Therapy Specialists (FL),,Request an Appointment,Physical Therapy Specialists (FL),,2021-03-09T15:05:27.128-05:00,2021-03-09T15:08:38.598-05:00,https://sites.webpt.com/1750/request-an-appointment
1752,Schedule a Follow Up PT Appointment,,Schedule a Visit with a Physical Therapist,Pivot Physical Therapy,,2019-07-15T16:22:56.154-04:00,2023-05-15T13:40:09.538-04:00,https://sites.webpt.com/1752/request-an-appointment
1757,CORE Physical Therapy and Rehabilitation,,Request an Appointment,CORE Physical Therapy and Rehabilitation,,2020-08-03T20:36:53.508-04:00,2020-08-21T13:31:28.111-04:00,https://sites.webpt.com/1757/request-an-appointment
1758,North Idaho Physical Therapy/BPi,,Request an Appointment,North Idaho Physical Therapy/BPi,,2020-12-17T09:49:36.667-05:00,2021-01-19T15:19:19.338-05:00,https://sites.webpt.com/1758/request-an-appointment
1767,We Care Physical Therapy,,Request an Appointment,We Care Physical Therapy,,2021-06-11T12:38:49.919-04:00,2021-06-11T12:38:49.919-04:00,https://sites.webpt.com/1767/request-an-appointment
1768,Evolve Movement Therapy,,Request an Appointment,Evolve Movement Therapy,,2025-05-05T14:43:12.133-04:00,2025-05-05T14:55:58.640-04:00,https://sites.webpt.com/1768/request-an-appointment
1780,Advantage Therapy Centers,,Request an Appointment,Advantage Therapy Centers,,2020-11-11T11:06:28.847-05:00,2020-12-01T15:20:14.725-05:00,https://sites.webpt.com/1780/request-an-appointment
1787,Columbia Physical Therapy,,Request an Appointment,Columbia Physical Therapy,,2021-07-12T11:50:33.634-04:00,2021-07-12T11:50:33.634-04:00,https://sites.webpt.com/1787/request-an-appointment
1788,Ascent,,Request an Appointment,Ascent Physical Therapy Specialists Inc.,,2021-02-17T11:11:12.237-05:00,2021-04-06T12:43:51.666-04:00,https://sites.webpt.com/1788/request-an-appointment
1793,Coppola Physical Therapy,,Request an Appointment,Coppola Physical Therapy,,2021-07-12T11:50:44.664-04:00,2021-07-12T11:50:44.664-04:00,https://sites.webpt.com/1793/request-an-appointment
1800,North Coast Physical Therapy,,Request an Appointment,North Coast Physical Therapy,,2020-11-04T11:12:55.054-05:00,2024-10-21T13:16:35.024-04:00,https://sites.webpt.com/1800/request-an-appointment
1803,"Sandhills Physical Therapy & Sports Rehab, P.C",,Request an Appointment,"Sandhills Physical Therapy & Sports Rehab, P.C.",,2020-10-06T14:50:36.232-04:00,2020-10-06T14:50:36.232-04:00,https://sites.webpt.com/1803/request-an-appointment
1808,The Club Health and Wellness,,Request an Appointment,The Club Health and Wellness,,2020-10-08T13:02:24.562-04:00,2020-10-08T13:02:24.562-04:00,https://sites.webpt.com/1808/request-an-appointment
1809,South Bay Rehabilitation,,Request an Appointment,South Bay Rehabilitation,,2021-01-22T08:02:24.621-05:00,2021-01-22T08:02:24.621-05:00,https://sites.webpt.com/1809/request-an-appointment
1814,Aquatic Institute of NJ,,Request an Appointment,Aquatic Institute of NJ,,2025-04-30T19:15:40.050-04:00,2025-04-30T19:15:40.050-04:00,https://sites.webpt.com/1814/request-an-appointment
1816,Schedule a Visit with a Physical Therapist,,Schedule a Visit with a Physical Therapist,,,2019-07-17T13:25:39.487-04:00,2019-11-25T14:48:46.750-05:00,https://sites.webpt.com/1816/request-an-appointment
1817,Source Physical Therapy and Wellness,,Request an Appointment,Source Physical Therapy and Wellness,,2020-08-31T14:56:05.296-04:00,2020-08-31T14:56:05.296-04:00,https://sites.webpt.com/1817/request-an-appointment
1884,Physical Therapy on the Rock - Proactive Spine and Sports Physical Therapy,,Request an Appointment,Physical Therapy on the Rock - Proactive Spine and Sports Physical Therapy,,2025-08-29T16:43:37.968-04:00,2025-08-29T16:43:37.968-04:00,https://sites.webpt.com/1884/request-an-appointment
1885,Healing Touch Physical Therapy Center,,Request an Appointment,Healing Touch Physical Therapy Center,,2026-04-10T21:27:18.183-04:00,2026-04-10T21:27:18.183-04:00,https://sites.webpt.com/1885/request-an-appointment
1887,Fayetteville Orthopaedics and Sports Medicine,,Request an Appointment,Fayetteville Orthopaedics and Sports Medicine,,2020-08-03T14:11:28.290-04:00,2020-08-03T14:11:28.290-04:00,https://sites.webpt.com/1887/request-an-appointment
1917,Schedule a Visit with a Physical Therapist,,Schedule a Visit with a Physical Therapist,,,2019-07-31T10:36:30.621-04:00,2019-07-31T10:58:43.294-04:00,https://sites.webpt.com/1917/request-an-appointment
1952,Schedule a Visit with a Physical Therapist,,Schedule a Visit with a Physical Therapist,,,2019-06-19T09:46:53.084-04:00,2023-01-03T11:05:24.215-05:00,https://sites.webpt.com/1952/request-an-appointment
1984,Tri-County Physical Therapy Institute,,Request an Appointment,Tri-County Physical Therapy Institute,,2025-05-01T15:54:18.428-04:00,2025-05-01T15:54:18.428-04:00,https://sites.webpt.com/1984/request-an-appointment
1990,Carolina Prime Physical Therapy,,Request an Appointment,Carolina Prime Physical Therapy,,2021-05-17T17:09:12.719-04:00,2021-05-17T17:09:12.719-04:00,https://sites.webpt.com/1990/request-an-appointment
2017,Schedule a Visit with a Physical Therapist,,Schedule a Visit with a Physical Therapist,,,2019-09-05T10:20:30.992-04:00,2019-09-05T10:20:30.992-04:00,https://sites.webpt.com/2017/request-an-appointment
2082,Magnolia Outpatient Rehabilitation Services,,Request an Appointment,Magnolia Outpatient Rehabilitation Services,,2022-02-01T12:43:40.945-05:00,2022-02-01T12:43:40.945-05:00,https://sites.webpt.com/2082/request-an-appointment
2083,Solstice Physiotherapy,,Request an Appointment,Solstice Physiotherapy,,2024-09-11T21:47:03.753-04:00,2024-09-11T21:51:31.880-04:00,https://sites.webpt.com/2083/request-an-appointment
2085,Independence Healthcare,,Request an Appointment,Independence Healthcare,,2022-01-03T17:51:48.111-05:00,2022-01-03T18:04:41.930-05:00,https://sites.webpt.com/2085/request-an-appointment
2115,Solano Sports Physical Therapy,,Request an Appointment,Solano Sports Physical Therapy,,2021-03-31T17:00:38.807-04:00,2021-03-31T17:00:38.807-04:00,https://sites.webpt.com/2115/request-an-appointment
2182,Schedule a Visit with a Physical Therapist,,Schedule a Visit with a Physical Therapist,,,2019-05-02T16:38:48.194-04:00,2019-06-18T17:06:49.452-04:00,https://sites.webpt.com/2182/request-an-appointment
2214,Ankeny Physical Therapy Partners,,Request an Appointment,Ankeny Physical Therapy Partners,,2025-05-09T21:07:01.275-04:00,2025-05-09T21:07:01.275-04:00,https://sites.webpt.com/2214/request-an-appointment
2313,Schedule a Visit with a Physical Therapist,,Schedule a Visit with a Physical Therapist,,,2019-10-10T08:32:24.223-04:00,2019-10-10T09:34:54.151-04:00,https://sites.webpt.com/2313/request-an-appointment
2346,Advanced Physical Therapy,,Request an Appointment,Advanced Physical Therapy,,2025-05-21T23:42:47.978-04:00,2025-05-21T23:42:47.978-04:00,https://sites.webpt.com/2346/request-an-appointment
2347,Mid America Rehab,,Request Your Physical Therapy Appointment,Mid America Rehab,,2021-03-31T17:05:05.164-04:00,2021-12-28T15:51:32.625-05:00,https://sites.webpt.com/2347/request-an-appointment
2379,Blaser Physical Therapy,,Request an Appointment,Blaser Physical Therapy,,2020-09-03T09:55:56.460-04:00,2020-09-03T09:55:56.460-04:00,https://sites.webpt.com/2379/request-an-appointment
2414,Two Locations to Serve You!  Tri-Rehab - Canton (734) 981-1500 and Tri-Rehab - Dearborn (313) 593-1703,trirehab.com,Request an Appointment,Two Locations to Serve You!  Tri-Rehab - Canton (734) 981-1500 and Tri-Rehab - Dearborn (313) 593-1703,,2021-03-31T19:32:20.875-04:00,2021-04-23T18:21:00.111-04:00,https://sites.webpt.com/2414/request-an-appointment
2415,Integrated Physical Therapy and Sports Medicine,,Request an Appointment,Integrated Physical Therapy and Sports Medicine,,2021-03-31T17:04:49.679-04:00,2025-02-25T09:46:06.410-05:00,https://sites.webpt.com/2415/request-an-appointment
2445,Premier Rehab Physical Therapy,,Request an Appointment,Premier Rehab Physical Therapy,,2021-03-30T11:44:49.295-04:00,2021-03-30T11:56:20.170-04:00,https://sites.webpt.com/2445/request-an-appointment
2449,Therapeutic Associates Physical Therapy,,Schedule a Visit with a Physical Therapist,Therapeutic Associates Physical Therapy,,2019-06-13T14:57:49.343-04:00,2023-12-20T11:17:32.591-05:00,https://sites.webpt.com/2449/request-an-appointment
2544,Schedule a Visit with a Physical Therapist,,Schedule a Visit with a Physical Therapist,,,2019-08-19T15:23:06.211-04:00,2019-08-19T15:23:06.211-04:00,https://sites.webpt.com/2544/request-an-appointment
2548,Defiance Physical Therapy And Sports Medicine,,Request an Appointment,Defiance Physical Therapy And Sports Medicine,,2020-10-28T11:35:10.583-04:00,2020-10-28T11:35:10.583-04:00,https://sites.webpt.com/2548/request-an-appointment
2577,Shull Physical Therapy Center,,Request an Appointment,Shull Physical Therapy Center,,2021-02-25T16:59:45.504-05:00,2023-10-17T19:22:40.033-04:00,https://sites.webpt.com/2577/request-an-appointment
2643,Rehab Medical Billing Services Demo,,Request an Appointment,Rehab Medical Billing Services Demo,,2021-12-02T10:29:45.017-05:00,2021-12-02T10:29:45.017-05:00,https://sites.webpt.com/2643/request-an-appointment
2709,Revolution Physical Therapy,,Request an Appointment,Revolution Physical Therapy,,2026-02-02T13:39:31.034-05:00,2026-02-02T13:39:31.034-05:00,https://sites.webpt.com/2709/request-an-appointment
2777,Optimal Motion LLC,,Request an Appointment,Optimal Motion LLC,,2021-04-27T11:13:17.507-04:00,2022-06-21T10:40:11.286-04:00,https://sites.webpt.com/2777/request-an-appointment
2874,Above & Beyond Physical Therapy,,Request an Appointment,Above & Beyond Physical Therapy,,2021-03-31T17:05:54.894-04:00,2021-03-31T17:05:54.894-04:00,https://sites.webpt.com/2874/request-an-appointment
2909,Schedule a Visit with a Physical Therapist,,Schedule a Visit with a Physical Therapist,,,2019-06-05T15:03:27.222-04:00,2019-06-05T15:03:27.222-04:00,https://sites.webpt.com/2909/request-an-appointment
2940,East Texas Physical Therapy,,Request an Appointment,East Texas Physical Therapy,,2020-09-16T13:57:20.487-04:00,2020-09-16T13:57:20.487-04:00,https://sites.webpt.com/2940/request-an-appointment
2974,Core Wellness Hawaii,,Request an Appointment,Core Wellness Hawaii,,2024-03-26T18:13:41.577-04:00,2024-03-26T18:13:41.577-04:00,https://sites.webpt.com/2974/request-an-appointment
3042,Empower Physical Therapy,,Request an Appointment,Empower Physical Therapy,,2022-03-30T15:50:08.553-04:00,2024-01-09T22:25:05.681-05:00,https://sites.webpt.com/3042/request-an-appointment
3105,Southwest Rehab Associates,,Request an Appointment,Southwest Rehab Associates,,2020-10-30T11:42:33.891-04:00,2020-10-30T11:42:33.891-04:00,https://sites.webpt.com/3105/request-an-appointment
3237,Texarkana Therapy Center,,Request an Appointment,Texarkana Therapy Center,,2021-01-06T21:36:12.391-05:00,2021-01-06T22:12:06.022-05:00,https://sites.webpt.com/3237/request-an-appointment
3270,Absolute Physical Rehabilitation,,Request an Appointment,Absolute Physical Rehabilitation,,2024-06-24T15:19:22.173-04:00,2024-06-24T15:19:22.173-04:00,https://sites.webpt.com/3270/request-an-appointment
3273,THE CONTINUUM,,Request an Appointment,THE CONTINUUM,,2020-08-17T14:06:40.232-04:00,2020-08-17T14:06:40.232-04:00,https://sites.webpt.com/3273/request-an-appointment
3275,Schuster Physical Therapy,,Request an Appointment,Schuster Physical Therapy,,2024-06-14T20:35:06.557-04:00,2024-06-17T15:45:42.296-04:00,https://sites.webpt.com/3275/request-an-appointment
3303,Bergen Park Physical Therapy,,Request an Appointment,Bergen Park Physical Therapy,,2025-04-02T15:45:40.162-04:00,2025-04-02T15:45:40.162-04:00,https://sites.webpt.com/3303/request-an-appointment
3336,Functional Performance Center,,Request an Appointment,Functional Performance Center,,2020-09-14T12:28:47.774-04:00,2020-09-14T12:28:47.774-04:00,https://sites.webpt.com/3336/request-an-appointment
3372,RCA Physical Therapy Inc,,Request an Appointment,RCA Physical Therapy Inc,,2025-12-03T23:56:14.048-05:00,2025-12-04T00:28:45.634-05:00,https://sites.webpt.com/3372/request-an-appointment
3468,Peak Performance Sports and Spine,,Request an Appointment,Peak Performance Sports and Spine,,2021-02-16T17:12:06.800-05:00,2021-02-16T17:12:06.800-05:00,https://sites.webpt.com/3468/request-an-appointment
3501,"Spine & Injury Clinic of Laramie, PC",,Request an Appointment,"Spine & Injury Clinic of Laramie, PC",,2020-12-29T11:41:47.134-05:00,2021-04-27T11:34:34.084-04:00,https://sites.webpt.com/3501/request-an-appointment
3699,APRS Physical Therapy,,Request an Appointment,APRS Physical Therapy,,2020-12-04T15:58:00.759-05:00,2020-12-09T10:45:18.516-05:00,https://sites.webpt.com/3699/request-an-appointment
3732,Maximum Performance Physical Therapy and Sports Rehabilitation,,Request an Appointment,Maximum Performance Physical Therapy and Sports Rehabilitation,,2020-11-11T11:12:47.484-05:00,2020-11-11T11:12:47.484-05:00,https://sites.webpt.com/3732/request-an-appointment
3831,Peak Performance Physical Therapy and Sports Medicine,,Request an Appointment,Peak Performance Physical Therapy and Sports Medicine,,2021-03-19T14:47:29.887-04:00,2021-04-22T15:28:41.186-04:00,https://sites.webpt.com/3831/request-an-appointment
3963,FYZICAL Therapy and Balance - Waukesha,,Request an Appointment,FYZICAL Therapy and Balance - Waukesha,,2020-12-03T10:36:54.298-05:00,2021-01-04T14:59:24.680-05:00,https://sites.webpt.com/3963/request-an-appointment
3996,Get A Telehealth Consultation,healingrehab.org,TeleHealth Appointment,Healing Rehab Physical Therapy SC,,2020-04-06T11:35:47.371-04:00,2020-07-08T18:27:00.962-04:00,https://sites.webpt.com/3996/request-an-appointment
4029,Bryant Physical Therapy,,Request an Appointment,Bryant Physical Therapy,,2023-08-07T17:00:28.689-04:00,2023-08-07T17:05:32.386-04:00,https://sites.webpt.com/4029/request-an-appointment
4062,NEO Orthopedics & Rehabilitation,,Request an Appointment,NEO Orthopedics & Rehabilitation,,2022-05-26T13:06:02.710-04:00,2022-05-26T13:06:02.710-04:00,https://sites.webpt.com/4062/request-an-appointment
4063,McCombs and Associates Physical Therapy,,Celebration August 2025,McCombs and Associates Physical Therapy,,2020-09-28T15:48:11.677-04:00,2025-08-15T20:02:44.359-04:00,https://sites.webpt.com/4063/request-an-appointment
4161,Associates Physical Therapy,,Request an Appointment,Associates Physical Therapy,,2020-08-17T09:57:57.948-04:00,2020-08-17T09:57:57.948-04:00,https://sites.webpt.com/4161/request-an-appointment
4261,CORE Physical Therapy & Sports Performance,,Request an Appointment,CORE Physical Therapy & Sports Performance,,2020-11-16T11:57:10.788-05:00,2020-11-16T11:57:10.788-05:00,https://sites.webpt.com/4261/request-an-appointment
4326,Schedule a Visit with KIME,,Schedule a Visit with KIME,,,2019-07-25T10:25:27.405-04:00,2019-08-07T19:00:25.886-04:00,https://sites.webpt.com/4326/request-an-appointment
4329,Schedule a Visit with a Physical Therapist,,Schedule a Visit with a Physical Therapist,,,2019-06-07T18:11:29.204-04:00,2019-07-25T18:05:34.660-04:00,https://sites.webpt.com/4329/request-an-appointment
4491,Schedule a Visit with a Physical Therapist,,Schedule a Visit with a Physical Therapist,,,2019-06-07T11:33:31.325-04:00,2019-06-07T11:33:31.325-04:00,https://sites.webpt.com/4491/request-an-appointment
4492,Choose Bodywise,youtu.be,Bodywise Book An Appointment,Bodywise Physical Therapy,,2021-01-14T09:24:30.338-05:00,2023-11-01T09:06:47.549-04:00,https://sites.webpt.com/4492/request-an-appointment
4524,get pelvic health ﻿ physical therapy,,Schedule a Visit with a Physical Therapist,,,2019-06-07T15:33:03.607-04:00,2019-07-22T18:22:23.600-04:00,https://sites.webpt.com/4524/request-an-appointment
4525,Schedule a Visit with a Physical Therapist,,Schedule a Visit with a Physical Therapist,,,2019-06-07T17:27:33.074-04:00,2019-06-07T17:27:33.074-04:00,https://sites.webpt.com/4525/request-an-appointment
4656,Schedule a Visit with a Physical Therapist,,Schedule a Visit with a Physical Therapist,,,2019-06-14T16:04:03.857-04:00,2020-10-01T11:23:37.924-04:00,https://sites.webpt.com/4656/request-an-appointment
4689,Witte Physical Therapy,,Schedule a Visit with a Physical Therapist,Witte Physical Therapy,,2019-06-17T14:18:32.598-04:00,2021-04-09T12:23:49.337-04:00,https://sites.webpt.com/4689/request-an-appointment
4722,Schedule a Visit with a Physical Therapist,,Schedule a Visit with a Physical Therapist,,,2019-06-17T19:09:21.003-04:00,2019-06-17T19:09:21.003-04:00,https://sites.webpt.com/4722/request-an-appointment
4758,Schedule a Visit with a Physical Therapist,,Schedule a Visit with a Physical Therapist,,,2019-06-19T20:28:53.630-04:00,2019-06-19T20:28:53.630-04:00,https://sites.webpt.com/4758/request-an-appointment
4761,Advanced Physiotherapy Clinic,,Request an Appointment,Advanced Physiotherapy Clinic,,2025-07-10T16:17:19.129-04:00,2025-07-10T16:17:19.129-04:00,https://sites.webpt.com/4761/request-an-appointment
4788,Schedule a Visit with a Physical Therapist,,Schedule a Visit with a Physical Therapist,,,2019-06-19T13:02:51.604-04:00,2019-06-19T13:02:51.604-04:00,https://sites.webpt.com/4788/request-an-appointment
4789,Clay County Physical Therapy,,Request an Appointment,Clay County Physical Therapy,,2021-02-08T06:40:22.235-05:00,2021-02-08T06:40:22.235-05:00,https://sites.webpt.com/4789/request-an-appointment
4887,Schedule a vist at Penn Ohio Rehab today!,,Schedule a vist at Penn Ohio Rehab today!,,,2019-06-21T10:34:55.576-04:00,2022-01-19T12:24:41.227-05:00,https://sites.webpt.com/4887/request-an-appointment
4920,Schedule a Visit with a Physical Therapist,,Schedule a Visit with a Physical Therapist,,,2019-06-21T12:25:21.942-04:00,2019-06-21T12:25:21.942-04:00,https://sites.webpt.com/4920/request-an-appointment
4953,Schedule a Visit with a Physical Therapist,,Schedule a Visit with a Physical Therapist,,,2019-06-24T11:10:55.006-04:00,2019-06-24T11:10:55.006-04:00,https://sites.webpt.com/4953/request-an-appointment
4988,FYZICAL Therapy and Balance Centers - Lincoln,,Request an Appointment,FYZICAL Therapy and Balance Centers - Lincoln,,2020-07-31T14:35:17.459-04:00,2020-08-12T12:52:00.624-04:00,https://sites.webpt.com/4988/request-an-appointment
5019,Utah Physical Therapy and Utah Performance Institute,,Schedule a Visit with a Physical Therapist,Utah Physical Therapy and Utah Performance Institute,,2019-06-26T11:59:04.408-04:00,2019-10-15T11:46:41.946-04:00,https://sites.webpt.com/5019/request-an-appointment
5085,Schedule a Visit with a Physical Therapist,,Schedule a Visit with a Physical Therapist,,,2019-06-27T12:56:09.696-04:00,2019-06-27T12:56:09.696-04:00,https://sites.webpt.com/5085/request-an-appointment
5151,Venture Physical Therapy of Marietta,,Schedule a Visit with a Physical Therapist,Venture Physical Therapy of Marietta,,2019-07-01T10:41:05.129-04:00,2019-07-01T10:51:13.761-04:00,https://sites.webpt.com/5151/request-an-appointment
5152,Schedule a Visit with a Physical Therapist,,Schedule a Visit with a Physical Therapist,,,2019-07-01T11:35:16.948-04:00,2019-07-01T11:35:16.948-04:00,https://sites.webpt.com/5152/request-an-appointment
5153,Specialized Orthopedic Physical Therapy,,Schedule a Visit with a Physical Therapist,Specialized Orthopedic Physical Therapy,,2019-07-01T12:06:56.025-04:00,2019-07-01T13:39:51.554-04:00,https://sites.webpt.com/5153/request-an-appointment
5155,DeSoto Physical Therapy,,Request an Appointment,DeSoto Physical Therapy,,2020-09-28T16:25:50.082-04:00,2021-03-15T17:46:32.737-04:00,https://sites.webpt.com/5155/request-an-appointment
5219,Defy Therapy & Wellness,,Request an Appointment,Defy Therapy & Wellness,,2022-08-22T13:16:26.373-04:00,2022-08-22T13:16:26.373-04:00,https://sites.webpt.com/5219/request-an-appointment
5250,Schedule a Visit with a Physical Therapist,,Schedule a Visit with a Physical Therapist,,,2019-07-03T18:19:59.260-04:00,2019-07-03T18:19:59.260-04:00,https://sites.webpt.com/5250/request-an-appointment
5318,FYZICAL Metairie,,Request an Appointment,FYZICAL Metairie,,2026-06-26T21:14:34.135-04:00,2026-06-26T21:46:38.679-04:00,https://sites.webpt.com/5318/request-an-appointment
5349,Schedule a Visit with a Physical Therapist,,Schedule a Visit with a Physical Therapist,,,2019-09-16T13:35:36.578-04:00,2019-09-16T13:35:36.578-04:00,https://sites.webpt.com/5349/request-an-appointment
5415,Schedule a Visit with a Physical Therapist,,Schedule a Visit with a Physical Therapist,,,2019-07-11T11:26:21.232-04:00,2019-07-11T11:26:21.232-04:00,https://sites.webpt.com/5415/request-an-appointment
5416,Schedule a Visit with a Physical Therapist,,Schedule a Visit with a Physical Therapist,,,2019-07-11T12:31:26.650-04:00,2019-09-24T14:46:00.803-04:00,https://sites.webpt.com/5416/request-an-appointment
5514,get a physical evaluation,,Schedule a Visit with a Physical Therapist,,,2019-07-12T16:15:24.623-04:00,2019-09-13T17:58:21.707-04:00,https://sites.webpt.com/5514/request-an-appointment
5547,Schedule a Visit with a Physical Therapist,,Schedule a Visit with a Physical Therapist,,,2019-07-15T15:23:48.032-04:00,2019-07-15T15:23:48.032-04:00,https://sites.webpt.com/5547/request-an-appointment
5615,INOV8 Orthopedics,,Request an Appointment,INOV8 Orthopedics,,2025-12-01T07:05:54.701-05:00,2025-12-01T07:05:54.701-05:00,https://sites.webpt.com/5615/request-an-appointment
5647,Schedule a Visit with a Physical Therapist,,Schedule a Visit with a Physical Therapist,,,2019-07-18T16:27:35.484-04:00,2019-09-05T12:52:19.270-04:00,https://sites.webpt.com/5647/request-an-appointment
5778,Schedule a Visit with a Physical Therapist,,Schedule a Visit with a Physical Therapist,,,2019-07-23T10:37:20.807-04:00,2019-07-23T10:37:20.807-04:00,https://sites.webpt.com/5778/request-an-appointment
5844,Schedule a Visit with a Physical Therapist,,Schedule a Visit with a Physical Therapist,,,2019-07-24T08:17:57.340-04:00,2019-09-30T10:51:05.604-04:00,https://sites.webpt.com/5844/request-an-appointment
5878,Schedule a Visit with a Physical Therapist,,Schedule a Visit with a Physical Therapist,,,2019-07-24T17:24:35.529-04:00,2019-07-24T17:24:35.529-04:00,https://sites.webpt.com/5878/request-an-appointment
5943,"Elite Physical Therapy Baltimore, LLC",,Request an Appointment,"Elite Physical Therapy Baltimore, LLC",,2021-01-05T10:00:12.960-05:00,2021-01-05T10:00:12.960-05:00,https://sites.webpt.com/5943/request-an-appointment
5976,Schedule a Visit with a Physical Therapist,,Schedule a Visit with a Physical Therapist,,,2019-07-26T10:33:30.713-04:00,2019-12-04T14:42:46.489-05:00,https://sites.webpt.com/5976/request-an-appointment
5977,Schedule a Visit with a Physical Therapist,,Schedule a Visit with a Physical Therapist,,,2019-07-26T12:25:42.907-04:00,2019-08-14T14:02:20.915-04:00,https://sites.webpt.com/5977/request-an-appointment
6010,Schedule a Visit with a Physical Therapist,,Schedule a Visit with a Physical Therapist,,,2019-07-26T16:39:41.557-04:00,2019-10-28T15:29:14.789-04:00,https://sites.webpt.com/6010/request-an-appointment
6042,Schedule a Visit with a Physical Therapist,,Schedule a Visit with a Physical Therapist,,,2019-07-29T19:22:38.447-04:00,2025-07-16T11:30:33.315-04:00,https://sites.webpt.com/6042/request-an-appointment
6043,Schedule a Visit with a Physical Therapist,,Schedule a Visit with a Physical Therapist,,,2019-07-29T19:24:08.245-04:00,2019-09-04T15:23:36.477-04:00,https://sites.webpt.com/6043/request-an-appointment
6075,Schedule a Visit with a Physical Therapist,,Schedule a Visit with a Physical Therapist,,,2019-07-30T07:40:49.139-04:00,2019-10-18T14:23:54.482-04:00,https://sites.webpt.com/6075/request-an-appointment
6141,Physiolete Therapy and Performance,,Request an Appointment - Website Link Landing Page,Physiolete Therapy and Performance,,2021-12-17T07:47:47.823-05:00,2022-07-26T11:29:22.362-04:00,https://sites.webpt.com/6141/request-an-appointment
6142,Optimum Therapeutics PT & OT PLLC,,Request an Appointment,Optimum Therapeutics PT & OT PLLC,,2025-06-11T21:07:45.277-04:00,2025-06-11T21:07:45.277-04:00,https://sites.webpt.com/6142/request-an-appointment
6175,Schedule a Visit with a Physical Therapist,,Schedule a Visit with a Physical Therapist,,,2019-07-31T17:37:23.200-04:00,2019-07-31T17:37:23.200-04:00,https://sites.webpt.com/6175/request-an-appointment
6207,Schedule a Visit with a Physical Therapist,,Schedule a Visit with a Physical Therapist,,,2019-08-01T10:34:33.688-04:00,2021-09-02T16:59:54.482-04:00,https://sites.webpt.com/6207/request-an-appointment
6208,Schedule a Visit with a Physical Therapist,,Schedule a Visit with a Physical Therapist,,,2019-08-01T13:01:58.849-04:00,2019-12-10T10:48:08.328-05:00,https://sites.webpt.com/6208/request-an-appointment
6240,Schedule a Visit with a Physical Therapist,,Schedule a Visit with a Physical Therapist,,,2019-08-01T15:18:13.003-04:00,2019-10-23T17:54:55.870-04:00,https://sites.webpt.com/6240/request-an-appointment
6372,Schedule a Visit with a Physical Therapist,,Schedule a Visit with a Physical Therapist,,,2019-08-05T15:36:08.921-04:00,2019-08-05T15:36:08.921-04:00,https://sites.webpt.com/6372/request-an-appointment
6405,Choose INVIVO Physical Therapy,,Schedule a Visit with a Physical Therapist,,,2019-08-06T10:47:17.572-04:00,2019-11-13T15:37:44.303-05:00,https://sites.webpt.com/6405/request-an-appointment
6504,Benton Physical Therapy,,Request an Appointment,Benton Physical Therapy,,2020-09-28T16:26:29.013-04:00,2021-03-15T17:44:12.689-04:00,https://sites.webpt.com/6504/request-an-appointment
6606,Schedule a Visit with a Physical Therapist,,Schedule a Visit with a Physical Therapist,,,2019-08-12T16:02:57.822-04:00,2019-09-13T11:13:37.833-04:00,https://sites.webpt.com/6606/request-an-appointment
6735,Schedule a Visit with a Physical Therapist,,Schedule a Visit with a Physical Therapist,,,2019-08-15T10:46:47.223-04:00,2019-08-15T10:46:47.223-04:00,https://sites.webpt.com/6735/request-an-appointment
6768,Dynamic Physical Therapy and Sports Medicine,,Request an Appointment,Dynamic Physical Therapy and Sports Medicine,,2024-11-11T16:46:32.365-05:00,2024-11-11T16:46:32.365-05:00,https://sites.webpt.com/6768/request-an-appointment
6835,Hayden Lake Physical Therapy and Aquatics,,Schedule a Visit with a Physical Therapist,Hayden Lake Physical Therapy and Aquatics,,2019-08-19T14:15:30.330-04:00,2020-01-16T12:06:25.595-05:00,https://sites.webpt.com/6835/request-an-appointment
6836,Schedule a Visit with a Physical Therapist,,Schedule a Visit with a Physical Therapist,,,2019-08-19T15:33:45.390-04:00,2019-08-19T15:33:45.390-04:00,https://sites.webpt.com/6836/request-an-appointment
7065,Schedule a Visit with a Physical Therapist,,Schedule a Visit with a Physical Therapist,,,2019-08-23T16:18:32.677-04:00,2019-08-23T16:18:32.677-04:00,https://sites.webpt.com/7065/request-an-appointment
7066,get chiropractic care,,Request an Appointment,Pfeffer Chiropractic,,2021-07-23T15:33:01.180-04:00,2021-08-11T10:50:02.709-04:00,https://sites.webpt.com/7066/request-an-appointment
7098,Schedule a Visit with a Physical Therapist,,Schedule a Visit with a Physical Therapist,,,2019-09-06T14:23:35.674-04:00,2019-11-15T11:54:57.320-05:00,https://sites.webpt.com/7098/request-an-appointment
7131,"Valley Rehabilitation, Ltd",,Schedule a Visit with a Physical Therapist,"Valley Rehabilitation, Ltd.",,2019-08-26T12:20:14.799-04:00,2019-09-12T16:03:34.264-04:00,https://sites.webpt.com/7131/request-an-appointment
7263,Schedule a Visit with a Physical Therapist,,Schedule a Visit with a Physical Therapist,,,2019-08-28T19:50:51.765-04:00,2019-10-08T14:55:29.397-04:00,https://sites.webpt.com/7263/request-an-appointment
7296,Schedule a Visit with a Physical Therapist,,Schedule a Visit with a Physical Therapist,,,2019-08-29T09:09:09.397-04:00,2024-12-24T18:42:21.892-05:00,https://sites.webpt.com/7296/request-an-appointment
7329,Schedule a Visit with a Physical Therapist,,Schedule a Visit with a Physical Therapist,,,2019-08-29T15:45:47.079-04:00,2019-08-29T15:45:47.079-04:00,https://sites.webpt.com/7329/request-an-appointment
7395,Schedule a Visit with a Physical Therapist,,Schedule a Visit with a Physical Therapist,,,2019-08-30T09:53:35.547-04:00,2019-08-30T09:53:35.547-04:00,https://sites.webpt.com/7395/request-an-appointment
7430,Schedule a Visit with a Physical Therapist,,Schedule a Visit with a Physical Therapist,,,2019-08-30T15:18:06.461-04:00,2019-08-30T15:18:06.461-04:00,https://sites.webpt.com/7430/request-an-appointment
7461,Schedule a Visit with a Physical Therapist,,Schedule a Visit with a Physical Therapist,,,2019-09-03T09:48:38.171-04:00,2019-09-03T09:48:38.171-04:00,https://sites.webpt.com/7461/request-an-appointment
7496,Schedule a Visit with a Physical Therapist,,Schedule a Visit with a Physical Therapist,,,2019-09-03T15:04:58.579-04:00,2019-09-03T15:04:58.579-04:00,https://sites.webpt.com/7496/request-an-appointment
7527,Hubbard Physical Therapy,,Request an Appointment,Hubbard Physical Therapy,,2021-08-09T12:45:49.217-04:00,2021-08-09T12:54:55.358-04:00,https://sites.webpt.com/7527/request-an-appointment
7561,Schedule a Visit with a Physical Therapist,,Schedule a Visit with a Physical Therapist,,,2019-09-16T19:18:20.991-04:00,2020-10-23T12:59:57.939-04:00,https://sites.webpt.com/7561/request-an-appointment
7593,Schedule a Visit with a Physical Therapist,,Schedule a Visit with a Physical Therapist,,,2019-09-05T11:18:26.978-04:00,2019-09-05T11:18:26.978-04:00,https://sites.webpt.com/7593/request-an-appointment
7857,Pioneer Sports and Pain Center,,Request an Appointment,Pioneer Sports and Pain Center,,2021-02-24T16:49:18.190-05:00,2021-02-24T16:49:18.190-05:00,https://sites.webpt.com/7857/request-an-appointment
7858,should you submit this form,,Schedule a Visit with a Physical Therapist,,,2019-09-18T17:26:29.919-04:00,2019-11-12T11:09:59.609-05:00,https://sites.webpt.com/7858/request-an-appointment
7890,Atlas Physical Therapy,,Request an Appointment,Atlas Physical Therapy,,2021-10-28T19:08:52.615-04:00,2021-12-13T14:50:53.163-05:00,https://sites.webpt.com/7890/request-an-appointment
7956,get occupational therapy,,Schedule a Visit with a Physical Therapist,,,2019-09-23T11:33:37.169-04:00,2020-01-13T10:13:25.236-05:00,https://sites.webpt.com/7956/request-an-appointment
7989,Baker Rehab Group,,Request an Appointment,Baker Rehab Group,,2024-11-06T15:30:22.708-05:00,2024-11-06T16:25:45.902-05:00,https://sites.webpt.com/7989/request-an-appointment
8022,Schedule a Visit with a Physical Therapist,,Schedule a Visit with a Physical Therapist,,,2019-09-24T10:42:30.982-04:00,2019-09-24T10:42:30.982-04:00,https://sites.webpt.com/8022/request-an-appointment
8122,Schedule a Visit with a Physical Therapist,,Schedule a Visit with a Physical Therapist,,,2019-09-25T17:10:37.730-04:00,2019-10-22T11:42:17.778-04:00,https://sites.webpt.com/8122/request-an-appointment
8220,Schedule a Visit with a Physical Therapist,,Schedule a Visit with a Physical Therapist,,,2019-09-27T12:25:32.400-04:00,2019-12-10T12:22:19.556-05:00,https://sites.webpt.com/8220/request-an-appointment
8419,Haughton Physical Therapy,,Request an Appointment,Haughton Physical Therapy,,2025-08-01T12:20:13.846-04:00,2025-08-01T12:20:13.846-04:00,https://sites.webpt.com/8419/request-an-appointment
9012,"Colorado Sports Physical Therapy, LLC",,Request an Appointment,"Colorado Sports Physical Therapy, LLC",,2021-03-05T16:50:10.294-05:00,2021-03-05T16:50:10.294-05:00,https://sites.webpt.com/9012/request-an-appointment
9045,Request a Telehealth Appointment,urpt.com,Request a Telehealth Appointment,,,2020-02-07T14:10:11.901-05:00,2020-04-16T14:47:16.747-04:00,https://sites.webpt.com/9045/request-an-appointment
9144,Freeborn Wellness,freebornwellness.com,Request an Appointment,Freeborn Wellness,,2020-12-29T15:13:34.490-05:00,2022-04-29T16:40:27.275-04:00,https://sites.webpt.com/9144/request-an-appointment
9738,ProTeam Tactical Performance,proteamtactical.com,Request an Appointment,ProTeam Tactical Performance,,2025-03-03T16:01:52.407-05:00,2025-03-03T16:01:52.407-05:00,https://sites.webpt.com/9738/request-an-appointment
10102,Spectrum Therapy Consultants,spectrumtherapyconsultants.com,Request an Appointment,Spectrum Therapy Consultants,,2020-09-10T14:05:04.005-04:00,2020-11-10T13:43:16.153-05:00,https://sites.webpt.com/10102/request-an-appointment
10629,get occupational or physical therapy,healthline.com,Request an Appointment,,,2019-12-03T19:35:10.311-05:00,2020-01-21T08:44:32.557-05:00,https://sites.webpt.com/10629/request-an-appointment
10794,Winthrop Physical Therapy,winthroppt.com,Request an Appointment,Winthrop Physical Therapy,,2019-12-10T14:43:45.941-05:00,2020-02-26T11:11:36.190-05:00,https://sites.webpt.com/10794/request-an-appointment
10828,Campbell Therapy Center,,Request an Appointment,Campbell Therapy Center,,2021-03-08T11:01:46.301-05:00,2023-05-15T10:10:17.136-04:00,https://sites.webpt.com/10828/request-an-appointment
10926,Request an Appointment or Consult,,Request an Appointment or Consult,,,2019-12-17T10:19:47.871-05:00,2020-01-13T21:20:41.227-05:00,https://sites.webpt.com/10926/request-an-appointment
10927,Pure Rehab Physical Therapy,,Request an Appointment,Pure Rehab Physical Therapy,,2021-12-10T10:38:56.668-05:00,2021-12-10T10:38:56.668-05:00,https://sites.webpt.com/10927/request-an-appointment
10928,Touchstone Rehab,,Request an Appointment,Touchstone Rehab,,2025-06-04T15:14:11.760-04:00,2025-06-04T15:14:11.760-04:00,https://sites.webpt.com/10928/request-an-appointment
11058,NuCare Physical Therapy,,Request A NuCare Appointment Today!,NuCare Physical Therapy,,2020-05-19T14:17:12.692-04:00,2020-06-01T02:55:58.956-04:00,https://sites.webpt.com/11058/request-an-appointment
11355,The Center for Holistic Healing,,Request an Appointment,The Center for Holistic Healing,,2022-04-28T15:47:47.582-04:00,2022-04-28T15:47:47.582-04:00,https://sites.webpt.com/11355/request-an-appointment
11686,"Essential Physical Therapy, Inc",,Request an Appointment,"Essential Physical Therapy, Inc.",,2025-07-25T17:14:04.647-04:00,2025-07-25T17:14:04.647-04:00,https://sites.webpt.com/11686/request-an-appointment
12081,UHS Texoma Medical Center,,Request an Appointment,UHS Texoma Medical Center,,2021-02-04T20:12:35.335-05:00,2021-02-04T20:12:35.335-05:00,https://sites.webpt.com/12081/request-an-appointment
12180,Greco Physical Therapy and Wellness,,Request an Appointment,Greco Physical Therapy and Wellness,,2025-08-06T10:15:55.746-04:00,2025-08-06T10:16:18.655-04:00,https://sites.webpt.com/12180/request-an-appointment
12214,get 'manual' physical therapy,,Request an Appointment,,,2020-01-27T16:02:27.231-05:00,2020-03-04T10:32:17.891-05:00,https://sites.webpt.com/12214/request-an-appointment
12312,Fyzical Therapy and Balance Centers Forest Hill,,Request an Appointment,Fyzical Therapy and Balance Centers Forest Hill,,2020-09-11T10:37:01.387-04:00,2020-09-11T10:37:01.387-04:00,https://sites.webpt.com/12312/request-an-appointment
12379,get Physical or Occupational Therapy,,Request an Appointment,,,2020-01-29T15:10:08.835-05:00,2021-02-01T17:43:31.707-05:00,https://sites.webpt.com/12379/request-an-appointment
12380,Premier PT and Rehabilitation of Jacksonville,,Request an Appointment,Premier PT and Rehabilitation of Jacksonville,,2023-09-27T21:20:21.850-04:00,2023-09-28T20:23:08.278-04:00,https://sites.webpt.com/12380/request-an-appointment
12809,Your Care Team,,Your Care Team,,,2020-02-06T14:28:04.967-05:00,2022-04-01T13:05:33.053-04:00,https://sites.webpt.com/12809/request-an-appointment
12873,"Alton Physical Therapy, PC",,Request an Appointment,"Alton Physical Therapy, PC",,2021-02-26T15:22:18.510-05:00,2021-04-01T17:10:28.473-04:00,https://sites.webpt.com/12873/request-an-appointment
13038,St. Marina Physical Therapy,,Request an Appointment,St. Marina Physical Therapy,,2025-09-18T15:43:21.769-04:00,2025-09-18T15:43:21.769-04:00,https://sites.webpt.com/13038/request-an-appointment
13203,Body Image Physical Therapy/Fyzical Aurora,,Request an Appointment,Body Image Physical Therapy/Fyzical Aurora,,2020-12-21T13:40:53.286-05:00,2021-01-28T16:39:16.931-05:00,https://sites.webpt.com/13203/request-an-appointment
13236,Berry Chiropractic Center,,Request an Appointment,Berry Chiropractic Center,,2021-04-27T11:01:29.009-04:00,2021-04-27T11:54:24.093-04:00,https://sites.webpt.com/13236/request-an-appointment
13302,Request a Massage Appointment,,Request a Massage Appointment,,,2020-07-28T15:57:45.900-04:00,2020-08-05T11:53:08.226-04:00,https://sites.webpt.com/13302/request-an-appointment
13337,Fitness Focus,,Request an Appointment,,,2020-02-19T12:33:35.601-05:00,2020-08-10T19:58:21.339-04:00,https://sites.webpt.com/13337/request-an-appointment
13533,"Balance For Wellness, Inc",,Request an Appointment,"Balance For Wellness, Inc",,2020-10-21T16:51:55.155-04:00,2021-01-14T18:24:19.548-05:00,https://sites.webpt.com/13533/request-an-appointment
13566,Ferrell-Whited Physical Therapy Services,,Request an Appointment,Ferrell-Whited Physical Therapy Services,,2021-06-21T12:05:57.753-04:00,2021-06-21T12:05:57.753-04:00,https://sites.webpt.com/13566/request-an-appointment
13665,Manatee Memorial Hospital,,Request an Appointment,Manatee Memorial Hospital,,2021-02-08T09:36:30.403-05:00,2021-02-08T09:36:30.403-05:00,https://sites.webpt.com/13665/request-an-appointment
13962,Health Rehab,,Request an Appointment,Health Rehab,,2021-10-13T12:17:22.461-04:00,2021-10-13T12:26:26.097-04:00,https://sites.webpt.com/13962/request-an-appointment
14160,Manual and Sports Physical Therapy,{'id',Request an Appointment,Manual and Sports Physical Therapy,"{'id': 1784, 'fqdn': 'apptreq.mspthamptons.com', 'lastPropagationCheckAt': None, 'propagationCheckAttemptCount': 3, 'domainStatus': 'working_and_secure', 'domainStatusDetails': None, 'providerOrganizationId': 14160, 'createdAt': '2026-07-15T10:15:08.328-04:00', 'updatedAt': '2026-07-15T10:52:25.504-04:00', 'subdomain': 'apptreq', 'domain': 'mspthamptons.com', 'userId': 1026681, 'certIssuanceAttemptCount': 1}",2026-06-02T16:01:55.545-04:00,2026-07-15T11:18:10.408-04:00,https://sites.webpt.com/14160/request-an-appointment
14194,Center of Intrinsic Alignment,,Request an Appointment,Center of Intrinsic Alignment,,2020-10-05T14:07:24.395-04:00,2020-10-05T14:07:24.395-04:00,https://sites.webpt.com/14194/request-an-appointment
14292,"Lakeside Physical Therapy and Wellness, LLC",,Request an Appointment,"Lakeside Physical Therapy and Wellness, LLC",,2022-06-02T21:22:48.147-04:00,2022-06-02T21:31:48.123-04:00,https://sites.webpt.com/14292/request-an-appointment
14391,Schwartz Physical Therapy,,Request an Appointment,Schwartz Physical Therapy,,2025-09-02T15:18:27.239-04:00,2025-09-02T15:18:27.239-04:00,https://sites.webpt.com/14391/request-an-appointment
14919,King David Aquatic & Therapy Center,,Request an Appointment,King David Aquatic & Therapy Center,,2021-04-02T09:16:09.748-04:00,2023-12-22T11:04:05.376-05:00,https://sites.webpt.com/14919/request-an-appointment
15051,FORM Physical Therapy,,Request an Appointment,FORM Physical Therapy,,2020-03-24T16:49:10.721-04:00,2020-05-06T11:17:50.476-04:00,https://sites.webpt.com/15051/request-an-appointment
15216,KOH Physical Therapy Lab,,Request an Appointment,KOH Physical Therapy Lab,,2020-09-08T09:11:23.193-04:00,2020-10-15T19:34:55.898-04:00,https://sites.webpt.com/15216/request-an-appointment
15249,Dynamic Sports Physical Therapy,,Request an Appointment,Dynamic Sports Physical Therapy,,2025-06-04T14:42:25.258-04:00,2025-06-04T14:42:25.258-04:00,https://sites.webpt.com/15249/request-an-appointment
15284,HRS,,Request an Appointment At Hawaiian Rehab,HRS,,2020-04-06T12:18:10.432-04:00,2020-05-01T16:30:30.596-04:00,https://sites.webpt.com/15284/request-an-appointment
15288,APEX Physical Therapy,,Request an Appointment,APEX Physical Therapy,,2021-02-11T09:41:55.792-05:00,2021-02-11T09:41:55.792-05:00,https://sites.webpt.com/15288/request-an-appointment
15292,South Bay Sports Medicine Physical Therapy,,Request an Appointment,South Bay Sports Medicine Physical Therapy,,2025-10-21T17:45:48.864-04:00,2025-10-21T17:45:48.864-04:00,https://sites.webpt.com/15292/request-an-appointment
15294,Montalbano Physical Therapy,,Request an Appointment,Montalbano Physical Therapy,,2025-07-01T15:20:54.511-04:00,2025-07-01T15:25:21.403-04:00,https://sites.webpt.com/15294/request-an-appointment
15298,Newport Physical Therapy,,Request an Appointment,Newport Physical Therapy,,2025-11-05T13:27:37.388-05:00,2025-11-05T13:27:37.388-05:00,https://sites.webpt.com/15298/request-an-appointment
15348,Suarez Physical Therapy,,Request an Appointment,Suarez Physical Therapy,,2021-12-29T12:26:36.322-05:00,2021-12-29T12:26:36.322-05:00,https://sites.webpt.com/15348/request-an-appointment
15383,"Integration Therapy, LLC",,Request an Appointment,"Integration Therapy, LLC",,2020-03-30T14:44:28.251-04:00,2020-12-22T09:46:06.123-05:00,https://sites.webpt.com/15383/request-an-appointment
15384,Sonoma Hills Physical Therapy,,Request an Appointment,Sonoma Hills Physical Therapy,,2026-04-09T20:22:46.719-04:00,2026-04-09T20:34:07.848-04:00,https://sites.webpt.com/15384/request-an-appointment
15448,Active Spine & Sport Therapy,,Request an Appointment,Active Spine & Sport Therapy,,2021-06-23T14:46:55.319-04:00,2021-06-29T13:19:53.039-04:00,https://sites.webpt.com/15448/request-an-appointment
15450,Black Hills Physical Therapy,,Request an Appointment,Black Hills Physical Therapy,,2021-04-26T16:17:30.946-04:00,2021-09-16T15:54:57.610-04:00,https://sites.webpt.com/15450/request-an-appointment
15452,Fyzical Therapy and Balance Centers,,Request an Appointment,Fyzical Therapy and Balance Centers,,2021-01-06T16:14:27.229-05:00,2021-02-04T13:08:49.883-05:00,https://sites.webpt.com/15452/request-an-appointment
15485,Active Life PT- TX,,Request an Appointment,Active Life PT- TX,,2020-10-05T13:14:24.321-04:00,2020-10-05T13:14:24.321-04:00,https://sites.webpt.com/15485/request-an-appointment
15489,Therapy Accomplished,,Request an Appointment,Therapy Accomplished,,2025-04-15T14:19:08.127-04:00,2025-04-15T14:19:08.127-04:00,https://sites.webpt.com/15489/request-an-appointment
15491,In Motion Physical Therapy and Wellness,,Request an Appointment,In Motion Physical Therapy and Wellness,,2021-03-18T17:11:59.903-04:00,2021-03-18T17:11:59.903-04:00,https://sites.webpt.com/15491/request-an-appointment
15492,Lakeview Physical Therapy,,Request an Appointment,Lakeview Physical Therapy,,2025-07-16T14:32:34.083-04:00,2025-07-16T14:32:34.083-04:00,https://sites.webpt.com/15492/request-an-appointment
15516,Pinnacle Physical Therapy and Sports Medicine,,Request an Appointment,Pinnacle Physical Therapy and Sports Medicine,,2021-01-08T13:57:28.435-05:00,2021-01-08T13:57:28.435-05:00,https://sites.webpt.com/15516/request-an-appointment
15523,Onboarding EMR Training,,Request an Appointment,Onboarding EMR Training,,2021-01-17T23:38:11.471-05:00,2021-01-17T23:38:11.471-05:00,https://sites.webpt.com/15523/request-an-appointment
15547,Request an Appointment (PT),,Request an Appointment (PT),,,2020-04-03T15:27:46.654-04:00,2020-08-27T15:36:52.076-04:00,https://sites.webpt.com/15547/request-an-appointment
15554,Madison Physical Therapy,,Request an Appointment,Madison Physical Therapy,,2023-04-26T10:23:17.182-04:00,2023-04-26T11:44:52.759-04:00,https://sites.webpt.com/15554/request-an-appointment
15556,Sisu Therapies,,Request an Appointment,Sisu Therapies,,2021-02-02T07:47:47.362-05:00,2021-03-31T18:21:03.523-04:00,https://sites.webpt.com/15556/request-an-appointment
15558,Action Point Physical Therapy LLC,,Request an Appointment,Action Point Physical Therapy LLC,,2021-02-22T13:28:15.126-05:00,2021-03-26T15:22:41.188-04:00,https://sites.webpt.com/15558/request-an-appointment
15559,"Rejuvenate, LLC",,Request an Appointment,"Rejuvenate, LLC",,2025-05-06T16:27:31.078-04:00,2025-05-06T16:27:31.078-04:00,https://sites.webpt.com/15559/request-an-appointment
15587,Growing Connections for Pediatric Achievements,,Request an Appointment,Growing Connections for Pediatric Achievements,,2025-08-18T15:28:53.957-04:00,2025-08-18T15:39:37.930-04:00,https://sites.webpt.com/15587/request-an-appointment
15616,Midwest Physical Therapy,,Request an Appointment,Midwest Physical Therapy,,2024-10-09T19:54:52.731-04:00,2024-10-09T19:54:52.731-04:00,https://sites.webpt.com/15616/request-an-appointment
15617,FYZICAL Therapy and Balance Centers,,Request an Appointment,FYZICAL Therapy and Balance Centers,,2020-08-25T08:37:02.894-04:00,2020-08-25T08:37:02.894-04:00,https://sites.webpt.com/15617/request-an-appointment
15621,ZK Outpatient Rehabilitation Center,,Request an Appointment,ZK Outpatient Rehabilitation Center,,2021-02-11T16:25:17.971-05:00,2021-02-11T16:25:17.971-05:00,https://sites.webpt.com/15621/request-an-appointment
15623,Request an Appointment 052420,,Request an Appointment 052420,,,2020-04-07T18:07:43.123-04:00,2020-05-24T17:33:10.704-04:00,https://sites.webpt.com/15623/request-an-appointment
15689,Oakman Physical Therapy,,Request an Appointment,Oakman Physical Therapy,,2024-05-31T06:35:01.934-04:00,2024-05-31T06:35:01.934-04:00,https://sites.webpt.com/15689/request-an-appointment
15690,Request an Appointment Adult Clinic,kineticptgreenville.com,Request an Appointment Adult Clinic,,,2020-04-08T18:29:31.907-04:00,2020-08-03T10:20:33.233-04:00,https://sites.webpt.com/15690/request-an-appointment
15711,Integrative Physical Therapy,,Request an Appointment,Integrative Physical Therapy,,2020-08-25T12:38:02.752-04:00,2020-08-25T12:38:02.752-04:00,https://sites.webpt.com/15711/request-an-appointment
15714,Boone Physical Therapy,,Request an Appointment,Boone Physical Therapy,,2025-06-02T16:11:36.941-04:00,2025-07-10T11:26:05.116-04:00,https://sites.webpt.com/15714/request-an-appointment
15717,P5 Performance,,Request an Appointment,P5 Performance,,2021-06-02T08:55:52.501-04:00,2021-06-02T08:55:52.501-04:00,https://sites.webpt.com/15717/request-an-appointment
15745,Reform Physical Therapy,,Request an Appointment,Reform Physical Therapy,,2021-01-29T18:38:16.390-05:00,2021-01-29T18:58:10.604-05:00,https://sites.webpt.com/15745/request-an-appointment
15746,TRUE Physical Therapy,,Request an Appointment,TRUE Physical Therapy,,2025-05-07T13:47:29.201-04:00,2025-05-16T12:46:43.182-04:00,https://sites.webpt.com/15746/request-an-appointment
15752,Santa Clarita Valley Therapy Services,,Request an Appointment,Santa Clarita Valley Therapy Services,,2020-12-14T13:01:44.301-05:00,2020-12-14T13:01:44.301-05:00,https://sites.webpt.com/15752/request-an-appointment
15813,Sherri Martinez Physical Therapy and Wellness,,Request an Appointment,Sherri Martinez Physical Therapy and Wellness,,2020-08-28T18:17:06.029-04:00,2020-08-28T18:17:06.029-04:00,https://sites.webpt.com/15813/request-an-appointment
15814,Complete Therapy USA Inc,,Request an Appointment,Complete Therapy USA Inc.,,2022-01-13T12:41:41.163-05:00,2022-07-01T12:29:40.951-04:00,https://sites.webpt.com/15814/request-an-appointment
15848,"sportptoffice@gmail.com
970.963.2700",sportptcarbondale.wordpress.com,Request an Appointment with SPORT PT,"sportptoffice@gmail.com
970.963.2700",,2020-04-14T15:42:39.357-04:00,2020-04-23T19:16:28.321-04:00,https://sites.webpt.com/15848/request-an-appointment
15877,Molokai Physical Therapy,,Request an Appointment,Molokai Physical Therapy,,2025-10-01T14:22:19.656-04:00,2025-10-01T14:22:19.656-04:00,https://sites.webpt.com/15877/request-an-appointment
15879,Ratner Center For Physical Therapy And Wellness,,Request an Appointment,Ratner Center For Physical Therapy And Wellness,,2020-10-01T07:17:22.335-04:00,2020-10-01T07:17:22.335-04:00,https://sites.webpt.com/15879/request-an-appointment
15918,Healthy Hands Hawaii,,Request an Appointment,Healthy Hands Hawaii,,2021-06-24T16:14:18.606-04:00,2021-06-24T16:14:18.606-04:00,https://sites.webpt.com/15918/request-an-appointment
15943,Best Life Physical Therapy and Sports Medicine Corp,,Request an Appointment,Best Life Physical Therapy and Sports Medicine Corp,,2021-02-25T18:28:47.061-05:00,2021-02-25T18:28:47.061-05:00,https://sites.webpt.com/15943/request-an-appointment
15946,Request an  Appointment,,Request an  Appointment,,,2020-04-17T20:18:08.510-04:00,2020-05-10T17:24:39.623-04:00,https://sites.webpt.com/15946/request-an-appointment
15977,On the Move Physical Therapy,,Request an Appointment,On the Move Physical Therapy,,2021-04-05T20:18:48.800-04:00,2021-04-05T20:30:30.733-04:00,https://sites.webpt.com/15977/request-an-appointment
16008,Lakeside Physical Therapy Corporate,,Request an Appointment,Lakeside Physical Therapy Corporate,,2020-10-30T15:03:13.566-04:00,2021-01-28T10:18:09.512-05:00,https://sites.webpt.com/16008/request-an-appointment
16015,Hunter Professional Therapy,,Request an Appointment,Hunter Professional Therapy,,2021-07-01T12:34:46.267-04:00,2021-07-01T12:34:46.267-04:00,https://sites.webpt.com/16015/request-an-appointment
16075,FREE Discovery Visits,,FREE Discovery Visits,,,2020-04-23T13:27:35.098-04:00,2022-12-07T14:18:38.471-05:00,https://sites.webpt.com/16075/request-an-appointment
16107,Back to Action Physical Therapy,,Request an Appointment,Back to Action Physical Therapy,,2021-01-18T14:38:27.568-05:00,2021-01-18T14:47:14.941-05:00,https://sites.webpt.com/16107/request-an-appointment
16140,Ken Kurtz Physical Therapy and Associates,,Request an Appointment,Ken Kurtz Physical Therapy and Associates,,2025-06-27T16:03:41.125-04:00,2025-06-27T16:14:15.407-04:00,https://sites.webpt.com/16140/request-an-appointment
16175,Greiner Physical Therapy,,Request an Appointment,Greiner Physical Therapy,,2020-12-15T15:56:55.697-05:00,2020-12-15T15:56:55.697-05:00,https://sites.webpt.com/16175/request-an-appointment
16176,Perform! Physical Therapy and Studio,,Request an Appointment,Perform! Physical Therapy and Studio,,2020-04-28T14:03:37.980-04:00,2020-05-27T15:04:27.973-04:00,https://sites.webpt.com/16176/request-an-appointment
16178,Request a Free Discovery Appointment,,Request a Free Discovery Appointment,,,2020-04-28T15:41:22.758-04:00,2020-06-09T14:55:05.617-04:00,https://sites.webpt.com/16178/request-an-appointment
16241,Fyzical Rehab and Balance Center-East Point,,Request an Appointment,Fyzical Rehab and Balance Center-East Point,,2024-05-30T16:20:56.472-04:00,2024-05-30T16:20:56.472-04:00,https://sites.webpt.com/16241/request-an-appointment
16307,One on One,,Request an Appointment,One on One,,2020-11-30T08:58:55.201-05:00,2020-11-30T08:58:55.201-05:00,https://sites.webpt.com/16307/request-an-appointment
16372,East Suburban Sports Medicine Center (ESSMC),,Request an Appointment,East Suburban Sports Medicine Center (ESSMC),,2020-09-03T21:03:38.223-04:00,2020-09-03T21:03:38.223-04:00,https://sites.webpt.com/16372/request-an-appointment
16404,Physical Therapy by Design,,Request an Appointment,Physical Therapy by Design,,2026-01-08T12:20:29.495-05:00,2026-01-08T12:20:29.495-05:00,https://sites.webpt.com/16404/request-an-appointment
16635,"Pelvic Therapy Specialists, 4770 Baseline Rd, Suite #120 Boulder CO 80303
 Ph 303-625-6669",,Pelvic Pain Telehealth,"Pelvic Therapy Specialists, 4770 Baseline Rd, Suite #120 Boulder CO 80303
 Ph 303-625-6669",,2020-05-11T11:24:08.456-04:00,2022-09-10T21:24:43.121-04:00,https://sites.webpt.com/16635/request-an-appointment
16638,Therapy Consultants,,Request an AFIT Appointment,. Therapy Consultants,,2020-05-11T14:47:50.366-04:00,2020-05-21T13:48:21.494-04:00,https://sites.webpt.com/16638/request-an-appointment
16639,Physical Therapy Empowered,,Request an Appointment,Physical Therapy Empowered,,2024-05-16T19:03:11.442-04:00,2024-05-16T19:19:26.912-04:00,https://sites.webpt.com/16639/request-an-appointment
16670,Full Member Journey & Intake,,Request an Appointment,Full Member Journey & Intake,,2020-05-12T12:54:07.910-04:00,2020-08-03T19:22:04.359-04:00,https://sites.webpt.com/16670/request-an-appointment
16672,Physical Therapy By Phoenix,,Request an Appointment,Physical Therapy By Phoenix,,2021-09-22T14:00:57.954-04:00,2021-09-22T14:00:57.954-04:00,https://sites.webpt.com/16672/request-an-appointment
16675,"Pro+Care Physical Therapy, LLC",,Request an Appointment,"Pro+Care Physical Therapy, LLC",,2025-08-25T15:07:48.554-04:00,2025-09-14T21:17:10.842-04:00,https://sites.webpt.com/16675/request-an-appointment
16703,(MSPT) Request an Appointment,,(MSPT) Request an Appointment,,,2020-06-22T11:23:28.160-04:00,2022-07-13T17:54:54.746-04:00,https://sites.webpt.com/16703/request-an-appointment
16899,Pick PT Physical Therapy,,Request an Appointment,Pick PT Physical Therapy,,2020-09-14T19:42:48.368-04:00,2020-09-14T19:42:48.368-04:00,https://sites.webpt.com/16899/request-an-appointment
16932,Start Physical Therapy,,Start Physical Therapy,,,2020-05-19T19:58:13.953-04:00,2020-11-18T15:16:15.554-05:00,https://sites.webpt.com/16932/request-an-appointment
16999,Rehabilitation Services of St. Croix,,Request an Appointment,Rehabilitation Services of St. Croix,,2020-09-02T19:10:19.932-04:00,2020-09-02T19:10:19.932-04:00,https://sites.webpt.com/16999/request-an-appointment
17032,Magnolia Physical Therapy,,Request an Appointment WEBSITE,Magnolia Physical Therapy,,2020-05-21T14:28:31.672-04:00,2022-01-27T11:25:17.530-05:00,https://sites.webpt.com/17032/request-an-appointment
17131,Dany's Physical Therapy,,Request an Appointment,Dany's Physical Therapy,,2021-02-04T09:03:43.064-05:00,2021-02-04T09:03:43.064-05:00,https://sites.webpt.com/17131/request-an-appointment
17262,Peak Performance Physical Therapy & Sports Rehab Inc,,Request an Appointment,Peak Performance Physical Therapy & Sports Rehab Inc,,2021-05-18T15:55:31.729-04:00,2021-05-18T15:55:31.729-04:00,https://sites.webpt.com/17262/request-an-appointment
17430,Blue Ridge Physical and Hand Therapy,,Request an Appointment,Blue Ridge Physical and Hand Therapy,,2025-10-07T13:56:41.795-04:00,2025-10-07T14:05:56.171-04:00,https://sites.webpt.com/17430/request-an-appointment
17493,Ruthe B. Cowl Rehabilitation Center,,Request an Appointment,Ruthe B. Cowl Rehabilitation Center,,2025-04-25T13:58:21.451-04:00,2025-07-03T17:57:12.463-04:00,https://sites.webpt.com/17493/request-an-appointment
17527,Peake OT Myofascial Release,,Request an Appointment,Peake OT Myofascial Release,,2025-05-02T20:37:03.447-04:00,2025-05-02T20:55:54.047-04:00,https://sites.webpt.com/17527/request-an-appointment
17757,Kinetix,,Request an Appointment,"Kinetix Physiotherapy and Performance, LLC",,2023-07-18T15:55:56.609-04:00,2024-01-22T13:52:07.231-05:00,https://sites.webpt.com/17757/request-an-appointment
17790,get a Fall Risk Assessment,,Request a FREE Fall Risk Assessment,,,2020-06-15T08:38:45.297-04:00,2020-09-10T00:26:46.763-04:00,https://sites.webpt.com/17790/request-an-appointment
17856,Reid Physical Therapy,,Request an Appointment,Reid Physical Therapy,,2021-03-05T16:37:48.379-05:00,2021-03-05T16:37:48.379-05:00,https://sites.webpt.com/17856/request-an-appointment
18220,choose PT3,,Request an Appointment,,,2020-06-26T14:09:21.062-04:00,2020-07-16T11:38:07.632-04:00,https://sites.webpt.com/18220/request-an-appointment
18552,Counterstrain instead of traditional physical therapy,texasmanualtherapy.com,Texas Manual Therapy Request an appointment Form,,,2020-07-02T19:28:14.561-04:00,2024-08-28T17:11:29.913-04:00,https://sites.webpt.com/18552/request-an-appointment
18582,Try OMPT Physical Therapy,,Request an Appointment,,,2020-07-06T08:24:43.404-04:00,2022-04-11T11:09:18.167-04:00,https://sites.webpt.com/18582/request-an-appointment
18648,schedule with us,hanen.org,Request an Appointment,,,2020-07-07T08:26:38.994-04:00,2020-08-27T14:00:03.944-04:00,https://sites.webpt.com/18648/request-an-appointment
18780,Endurance PT,endurancepteugene.com,Request an Appointment,,,2020-07-09T14:19:36.587-04:00,2020-09-08T17:18:55.997-04:00,https://sites.webpt.com/18780/request-an-appointment
18813,choose She PT for pelvic physical therapy,,Request an Appointment,"Privacy policy: We collect customer information to be used to schedule and confirm appointments. Customer information is never shared with third parties / affiliates for marketing / promotional purposes. For any inquiries, please call us at (602) 456-2956 or email at info@shept.co. Customers can opt-out of SMS at anytime by Reply STOP. Information is provided through HIPAA-compliant server and access is restricted to authorized personnel only.",,2020-07-09T19:02:18.281-04:00,2026-06-03T20:19:23.000-04:00,https://sites.webpt.com/18813/request-an-appointment
19044,BALANCED PHYSICAL THERAPY AND WELLNESS,,Request an Appointment,BALANCED PHYSICAL THERAPY AND WELLNESS,,2024-08-29T15:26:40.615-04:00,2024-08-29T15:26:40.615-04:00,https://sites.webpt.com/19044/request-an-appointment
19275,"Muscle & Joint Physical Therapy, LLC",,Request an Appointment,"Muscle & Joint Physical Therapy, LLC",,2022-05-23T19:05:39.069-04:00,2022-05-23T19:10:15.110-04:00,https://sites.webpt.com/19275/request-an-appointment
19374,Alliance Physical Therapy,,Request an Appointment,Alliance Physical Therapy,,2020-09-14T19:20:53.303-04:00,2020-09-14T19:20:53.303-04:00,https://sites.webpt.com/19374/request-an-appointment
19408,Ervin Physical Therapy,,Request an Appointment,Ervin Physical Therapy,,2022-03-21T09:36:35.572-04:00,2022-03-21T09:36:35.572-04:00,https://sites.webpt.com/19408/request-an-appointment
19478,Fusion Health,,Request an Appointment,Fusion Health,,2025-10-13T18:46:49.817-04:00,2025-10-13T19:17:06.425-04:00,https://sites.webpt.com/19478/request-an-appointment
19539,Vanderlinde Physical Therapy,,Request an Appointment,Vanderlinde Physical Therapy,,2021-04-16T07:25:40.442-04:00,2021-07-08T19:34:26.992-04:00,https://sites.webpt.com/19539/request-an-appointment
19605,Exhale Physical Therapy and Pilates,,Request an Appointment,Exhale Physical Therapy and Pilates,,2020-07-31T14:17:26.906-04:00,2020-08-31T19:48:20.906-04:00,https://sites.webpt.com/19605/request-an-appointment
19638,Balanced Physical Therapy,,Request an Appointment,Balanced Physical Therapy,,2020-08-03T17:16:11.483-04:00,2020-08-03T17:16:11.483-04:00,https://sites.webpt.com/19638/request-an-appointment
19738,JOINT HEALTH PHYSICAL THERAPY LLC,,Request an Appointment,JOINT HEALTH PHYSICAL THERAPY LLC,,2025-08-04T15:02:55.386-04:00,2025-08-04T15:05:18.371-04:00,https://sites.webpt.com/19738/request-an-appointment
19739,City Park Physical Therapy,cityparkpt.com,Request an Appointment,City Park Physical Therapy,,2020-08-05T13:29:40.730-04:00,2023-08-03T12:08:46.552-04:00,https://sites.webpt.com/19739/request-an-appointment
19740,Body Dynamic,,Request an Appointment,Body Dynamic,,2020-08-05T14:19:54.648-04:00,2020-10-31T09:42:14.220-04:00,https://sites.webpt.com/19740/request-an-appointment
19804,Balance & Vestibular Center Physical Therapy,,Request an Appointment,Balance & Vestibular Center Physical Therapy,,2020-08-06T12:39:14.951-04:00,2020-08-11T14:11:36.879-04:00,https://sites.webpt.com/19804/request-an-appointment
19935,NAKOA Fitness & Physical Therapy,,Request an Appointment,NAKOA Fitness & Physical Therapy,,2020-08-11T12:10:41.583-04:00,2020-08-11T12:17:13.191-04:00,https://sites.webpt.com/19935/request-an-appointment
20001,Advancing Health Physical Therapy,,Request an Appointment,Advancing Health Physical Therapy,,2020-10-29T09:56:31.728-04:00,2020-10-29T09:56:31.728-04:00,https://sites.webpt.com/20001/request-an-appointment
20067,Walnut Physical Therapy and Performance,,Request an Appointment,Walnut Physical Therapy and Performance,,2020-08-14T19:01:59.066-04:00,2020-08-14T19:01:59.066-04:00,https://sites.webpt.com/20067/request-an-appointment
20265,"Apex Physical Therapy, LLC",,Request an Appointment,"Apex Physical Therapy, LLC",,2020-08-20T11:01:53.617-04:00,2020-08-20T11:01:53.617-04:00,https://sites.webpt.com/20265/request-an-appointment
20298,"A&M Therapy, Inc",,Request an Appointment,"A&M Therapy, Inc",,2020-08-20T18:06:10.492-04:00,2026-04-02T15:14:17.482-04:00,https://sites.webpt.com/20298/request-an-appointment
20299,Body Concepts,,Request an Appointment,Body Concepts,,2020-08-20T19:11:21.315-04:00,2021-02-10T16:33:05.110-05:00,https://sites.webpt.com/20299/request-an-appointment
20364,Progressive Sports Therapy,,Request an Appointment,Progressive Sports Therapy,,2021-06-03T18:38:19.511-04:00,2021-07-01T16:14:03.790-04:00,https://sites.webpt.com/20364/request-an-appointment
20365,Parry Physical Therapy Group,,Don't live with pain!  Make an appointment today!,Parry Physical Therapy Group,,2020-08-21T14:25:53.084-04:00,2020-09-29T18:48:36.691-04:00,https://sites.webpt.com/20365/request-an-appointment
20397,Precision Physical Therapy and Wellness,,Request an Appointment,Precision Physical Therapy and Wellness,,2020-08-24T12:22:07.701-04:00,2020-10-15T10:45:02.745-04:00,https://sites.webpt.com/20397/request-an-appointment
20463,Revolution Therapy & Fitness,,Request an Appointment,Revolution Therapy & Fitness,,2020-08-24T19:31:14.058-04:00,2023-08-16T19:56:43.850-04:00,https://sites.webpt.com/20463/request-an-appointment
20497,Advanced Therapeutic Care Physical Therapy,,Request an Appointment,Advanced Therapeutic Care Physical Therapy,,2020-08-25T13:39:42.568-04:00,2020-08-25T13:39:42.568-04:00,https://sites.webpt.com/20497/request-an-appointment
20529,get therapy,,Request an Appointment,Blue Sky Therapy Services,,2020-08-25T20:01:11.505-04:00,2021-09-14T08:48:05.611-04:00,https://sites.webpt.com/20529/request-an-appointment
20530,Fountain Hills Physical Therapy,,Request an Appointment,Fountain Hills Physical Therapy,,2020-08-25T20:19:41.111-04:00,2020-11-05T16:58:56.621-05:00,https://sites.webpt.com/20530/request-an-appointment
20562,"Responsive Physical Therapy, Inc",,Request an Appointment,"Responsive Physical Therapy, Inc.",,2020-08-26T13:15:08.136-04:00,2020-08-26T13:15:08.136-04:00,https://sites.webpt.com/20562/request-an-appointment
20595,Astound Physical Therapy,,Request an Appointment,Astound Physical Therapy,,2020-08-26T15:28:02.041-04:00,2020-08-26T15:28:02.041-04:00,https://sites.webpt.com/20595/request-an-appointment
20596,Big Sky Physical Therapy Inc,,Request an Appointment,Big Sky Physical Therapy Inc,,2020-08-26T15:54:07.894-04:00,2020-08-26T15:54:07.894-04:00,https://sites.webpt.com/20596/request-an-appointment
20628,Asis Physical Therapy,,Request an Appointment,Asis Physical Therapy,,2020-12-16T15:05:09.632-05:00,2020-12-16T15:05:09.632-05:00,https://sites.webpt.com/20628/request-an-appointment
20663,Source Physical Therapy & Wellness,,Request an Appointment,Source Physical Therapy & Wellness,,2020-08-27T16:49:58.033-04:00,2020-08-27T16:49:58.033-04:00,https://sites.webpt.com/20663/request-an-appointment
20694,Bronx Physical Therapy and Rehabilitation,,Request an Appointment,Bronx Physical Therapy and Rehabilitation,,2020-08-28T11:20:58.333-04:00,2020-08-28T11:20:58.333-04:00,https://sites.webpt.com/20694/request-an-appointment
20727,FYZICAL Corporate,,Request an Appointment,FYZICAL Corporate,,2020-08-31T16:29:47.396-04:00,2020-08-31T16:29:47.396-04:00,https://sites.webpt.com/20727/request-an-appointment
20760,Body Elite Physical Therapy,,Request an Appointment,Body Elite Physical Therapy,,2020-09-01T13:20:07.844-04:00,2020-09-01T13:20:07.844-04:00,https://sites.webpt.com/20760/request-an-appointment
20860,Advanced Physical Therapy,,Request an Appointment,Advanced Physical Therapy,,2020-09-02T10:33:46.044-04:00,2020-09-02T10:33:46.044-04:00,https://sites.webpt.com/20860/request-an-appointment
20861,RESTORE Physical Therapy,,Request an Appointment,RESTORE Physical Therapy,,2020-09-02T12:31:08.287-04:00,2020-09-02T12:31:08.287-04:00,https://sites.webpt.com/20861/request-an-appointment
20863,Bucks Physical Therapy & Sports Rehabilitation,,Request an Appointment,Bucks Physical Therapy & Sports Rehabilitation,,2020-09-02T14:07:15.452-04:00,2020-09-02T14:07:15.452-04:00,https://sites.webpt.com/20863/request-an-appointment
20864,Encore Physical Therapy,,Request an Appointment,Encore Physical Therapy,,2020-09-02T14:53:19.262-04:00,2020-09-02T14:53:19.262-04:00,https://sites.webpt.com/20864/request-an-appointment
20866,Haleiwa Physical Therapy,,Request an Appointment,Haleiwa Physical Therapy,,2025-08-25T17:55:45.700-04:00,2025-08-25T18:11:35.028-04:00,https://sites.webpt.com/20866/request-an-appointment
20893,FYZICAL El Paso,,Request an Appointment,FYZICAL El Paso,,2020-09-03T12:11:33.271-04:00,2020-09-03T12:11:33.271-04:00,https://sites.webpt.com/20893/request-an-appointment
20895,Spitzer's Physical Therapy,,Request an Appointment,Spitzer's Physical Therapy,,2020-09-03T13:36:33.985-04:00,2020-09-03T13:36:33.985-04:00,https://sites.webpt.com/20895/request-an-appointment
20896,Rehab Plus,,Request an Appointment,Rehab Plus,,2025-04-23T15:14:27.713-04:00,2025-04-23T15:14:27.713-04:00,https://sites.webpt.com/20896/request-an-appointment
20897,Austin Manual Therapy Associates,,Request an Appointment,Austin Manual Therapy Associates,,2020-09-03T17:43:19.370-04:00,2020-09-21T12:21:37.623-04:00,https://sites.webpt.com/20897/request-an-appointment
20926,Anovo Therapeutic Fitness & Physical Therapy,,Request an Appointment,Anovo Therapeutic Fitness & Physical Therapy,,2020-09-03T20:49:13.834-04:00,2020-09-17T20:27:43.074-04:00,https://sites.webpt.com/20926/request-an-appointment
20991,Little Elm Physical Rehab Center,,Request an Appointment,Little Elm Physical Rehab Center,,2026-04-30T11:19:18.884-04:00,2026-04-30T11:19:18.884-04:00,https://sites.webpt.com/20991/request-an-appointment
21090,"Physical Rehabilitation Professionals, PLLC",,Request an Appointment,"Physical Rehabilitation Professionals, PLLC",,2020-11-11T16:43:44.901-05:00,2020-11-11T16:43:44.901-05:00,https://sites.webpt.com/21090/request-an-appointment
21156,Core Rehabilitation,,Request an Appointment,Core Rehabilitation,,2020-09-09T16:19:19.847-04:00,2021-06-24T17:10:20.008-04:00,https://sites.webpt.com/21156/request-an-appointment
21189,White Mountain Physical Therapy,,Request an Appointment,White Mountain Physical Therapy,,2025-09-04T07:12:12.878-04:00,2025-09-04T07:12:12.878-04:00,https://sites.webpt.com/21189/request-an-appointment
21289,Heights Hand Therapy OT,,Request an Appointment,Heights Hand Therapy OT,,2025-05-05T16:25:53.388-04:00,2025-05-05T16:25:53.388-04:00,https://sites.webpt.com/21289/request-an-appointment
21290,BRIOworks,,Cintas Consult Request,BRIO Health Performance,,2020-09-17T15:45:02.277-04:00,2024-01-22T12:47:00.868-05:00,https://sites.webpt.com/21290/request-an-appointment
21387,"Life in Balance Physical Therapy & Pilates, LLC",,Request an Appointment,"Life in Balance Physical Therapy & Pilates, LLC",,2020-09-14T09:20:39.048-04:00,2020-09-14T09:20:39.048-04:00,https://sites.webpt.com/21387/request-an-appointment
21420,Plyokinetics Physical Therapy,,Request an Appointment,Plyokinetics Physical Therapy,,2025-09-19T18:27:48.662-04:00,2025-09-19T18:27:48.662-04:00,https://sites.webpt.com/21420/request-an-appointment
21421,Full Circle Physical Therapy,,Request an Appointment,Full Circle Physical Therapy,,2020-09-14T13:06:08.995-04:00,2020-09-14T13:06:08.995-04:00,https://sites.webpt.com/21421/request-an-appointment
21453,"Back To Motion, LLC",,Request an Appointment,"Back To Motion, LLC",,2020-09-15T08:30:47.958-04:00,2020-09-15T08:30:47.958-04:00,https://sites.webpt.com/21453/request-an-appointment
21519,The FIT Institute,,Request an Appointment,The FIT Institute,,2020-09-15T15:29:37.122-04:00,2020-10-22T11:19:40.622-04:00,https://sites.webpt.com/21519/request-an-appointment
21585,The Mobile Therapy Group,,Request an Appointment,The Mobile Therapy Group,,2020-09-17T15:17:00.144-04:00,2020-09-17T15:17:00.144-04:00,https://sites.webpt.com/21585/request-an-appointment
21651,"BLACKGOLD Physical Therapy Clinic, Inc",,Request an Appointment,"BLACKGOLD Physical Therapy Clinic, Inc.",,2020-09-21T13:12:53.821-04:00,2020-09-21T13:12:53.821-04:00,https://sites.webpt.com/21651/request-an-appointment
21685,Infinity Rehabilitation,,Request an Appointment,Infinity Rehabilitation,,2020-09-21T19:03:33.695-04:00,2020-09-21T19:03:33.695-04:00,https://sites.webpt.com/21685/request-an-appointment
21717,Reach Content Additions,,Request an Appointment,Reach Content Additions,,2020-09-22T11:50:40.638-04:00,2020-09-22T11:50:40.638-04:00,https://sites.webpt.com/21717/request-an-appointment
21816,Rehab Solutions,,Request an Appointment,Rehab Solutions,,2020-09-23T10:29:27.679-04:00,2020-09-23T10:29:27.679-04:00,https://sites.webpt.com/21816/request-an-appointment
21948,Personal Rehabilitation Center,,Request an Appointment,Personal Rehabilitation Center,,2020-12-22T13:52:47.439-05:00,2021-03-29T22:13:08.130-04:00,https://sites.webpt.com/21948/request-an-appointment
22014,"Northwest Physical Therapy, Inc",,Request an Appointment,"Northwest Physical Therapy, Inc",,2020-09-28T14:47:19.677-04:00,2020-09-28T14:47:19.677-04:00,https://sites.webpt.com/22014/request-an-appointment
22016,Live Oak Childrens Therapy,,Request an Appointment,Live Oak Childrens Therapy,,2020-09-28T15:53:18.462-04:00,2020-09-28T15:53:18.462-04:00,https://sites.webpt.com/22016/request-an-appointment
22146,ERB Physical Therapy,,Request an Appointment,ERB Physical Therapy,,2020-09-30T15:57:35.574-04:00,2022-02-07T15:48:56.658-05:00,https://sites.webpt.com/22146/request-an-appointment
22179,Amistad Physical Therapy,,Request an Appointment,Amistad Physical Therapy,,2020-10-01T11:56:49.211-04:00,2020-10-01T11:56:49.211-04:00,https://sites.webpt.com/22179/request-an-appointment
22212,Atlantis Physical and Occupational Therapy,atlantispt.com,Request an Appointment | Atlantis Physical Therapy | Torrance,Atlantis Physical & Occupational Therapy,,2020-10-01T14:29:06.646-04:00,2025-08-11T14:51:04.854-04:00,https://sites.webpt.com/22212/request-an-appointment
22213,Back In Action,ivyrehab.com,Request an Appointment,Back In Action,,2020-10-01T14:52:38.702-04:00,2020-10-01T14:52:38.702-04:00,https://sites.webpt.com/22213/request-an-appointment
22214,Orthopedic Physical Therapy - TX,txortho.com,Request an Appointment,Orthopedic Physical Therapy - TX,,2020-10-01T16:20:30.322-04:00,2020-10-01T16:20:30.322-04:00,https://sites.webpt.com/22214/request-an-appointment
22245,Sports Medicine & Training Center,,Request an Appointment,Sports Medicine & Training Center,,2020-10-02T14:58:30.223-04:00,2022-10-03T14:30:46.802-04:00,https://sites.webpt.com/22245/request-an-appointment
22247,Maryland Center for Physical Therapy,,Request an Appointment,Maryland Center for Physical Therapy,,2020-10-02T16:40:12.671-04:00,2020-10-02T16:40:12.671-04:00,https://sites.webpt.com/22247/request-an-appointment
22249,SportsMed Physical Therapy,,Request an Appointment,SportsMed Physical Therapy,,2020-10-02T17:19:03.787-04:00,2021-01-21T14:19:44.998-05:00,https://sites.webpt.com/22249/request-an-appointment
22278,Tim Bondy Physical Therapy,,Request an Appointment,Tim Bondy Physical Therapy,,2020-10-05T11:17:11.209-04:00,2020-10-05T11:17:11.209-04:00,https://sites.webpt.com/22278/request-an-appointment
22311,Function Rehabilitation LLC,,Request an Appointment,Function Rehabilitation LLC,,2020-10-05T14:00:24.085-04:00,2020-10-05T14:00:24.085-04:00,https://sites.webpt.com/22311/request-an-appointment
22344,Wellness Physical Therapy of Slidell,,Request an Appointment,Wellness Physical Therapy of Slidell,,2020-10-05T16:39:24.079-04:00,2021-08-12T16:30:58.192-04:00,https://sites.webpt.com/22344/request-an-appointment
22410,RehabFocus LLC,,Request an Appointment,RehabFocus LLC,,2020-10-06T19:16:25.567-04:00,2020-10-06T19:16:25.567-04:00,https://sites.webpt.com/22410/request-an-appointment
22411,The Physical Edge Physical Therapy Inc,,Request an Appointment,The Physical Edge Physical Therapy Inc,,2020-10-06T19:30:02.146-04:00,2020-10-06T19:30:02.146-04:00,https://sites.webpt.com/22411/request-an-appointment
22443,FYZICAL,fyzical.com,Request an Appointment,FYZICAL Therapy & Balance Centers of Cordele,,2020-10-07T11:38:15.971-04:00,2022-03-10T11:20:49.090-05:00,https://sites.webpt.com/22443/request-an-appointment
22575,FAMILY PHYSICAL THERAPY,,Request an Appointment,FAMILY PHYSICAL THERAPY,,2025-03-14T12:43:52.452-04:00,2025-03-14T13:54:13.616-04:00,https://sites.webpt.com/22575/request-an-appointment
22608,Back on Track PC,,Request an Appointment,Back on Track PC,,2020-10-09T12:58:46.816-04:00,2020-10-09T12:58:46.816-04:00,https://sites.webpt.com/22608/request-an-appointment
22609,get physical therapy with Physio Whitefish,,Request an Appointment with Physio Whitefish,Physio Whitefish,,2021-01-26T10:04:36.725-05:00,2025-01-18T09:39:45.320-05:00,https://sites.webpt.com/22609/request-an-appointment
22674,Northwest Physical Therapy Care,,Request an Appointment,Northwest Physical Therapy Care,,2020-12-09T18:34:31.789-05:00,2020-12-21T16:28:44.258-05:00,https://sites.webpt.com/22674/request-an-appointment
22677,Foothills Physical Therapy Center,,Request an Appointment,Foothills Physical Therapy Center,,2020-10-12T15:57:01.170-04:00,2020-10-12T15:57:01.170-04:00,https://sites.webpt.com/22677/request-an-appointment
22707,Mind Body Physical Therapy,,Request an Appointment,Mind Body Physical Therapy,,2021-03-05T12:11:30.101-05:00,2021-03-05T12:11:30.101-05:00,https://sites.webpt.com/22707/request-an-appointment
22773,Rx Physical Therapy,,Request an Appointment,Rx Physical Therapy,,2025-08-01T15:18:07.805-04:00,2025-08-01T15:27:40.429-04:00,https://sites.webpt.com/22773/request-an-appointment
22872,Ultimate Physical Therapy,,Request an Appointment,Ultimate Physical Therapy,,2020-10-15T09:18:46.543-04:00,2020-10-15T09:18:46.543-04:00,https://sites.webpt.com/22872/request-an-appointment
23004,Meta Physical Therapy,,Request an Appointment,Meta Physical Therapy,,2020-12-22T16:05:41.222-05:00,2020-12-22T16:05:41.222-05:00,https://sites.webpt.com/23004/request-an-appointment
23301,AthletiCare,,Request an Appointment,AthletiCare,,2020-10-23T17:56:54.821-04:00,2020-10-23T17:56:54.821-04:00,https://sites.webpt.com/23301/request-an-appointment
23367,FIRST Rehab - CORP,,Request an Appointment,FIRST Rehab - CORP,,2020-10-27T09:36:47.617-04:00,2020-10-27T09:36:47.617-04:00,https://sites.webpt.com/23367/request-an-appointment
23466,Capella Healthcare,,Request an Appointment,Capella Healthcare,,2020-10-29T18:20:24.947-04:00,2020-10-29T18:20:24.947-04:00,https://sites.webpt.com/23466/request-an-appointment
23532,Elite Physical Therapy,,Request an Appointment,Elite Physical Therapy,,2020-10-30T16:05:35.138-04:00,2020-10-30T16:05:35.138-04:00,https://sites.webpt.com/23532/request-an-appointment
23598,Synergy Physical Therapy - MD,,Request an Appointment,Synergy Physical Therapy - MD,,2020-11-03T09:43:50.363-05:00,2020-11-03T09:43:50.363-05:00,https://sites.webpt.com/23598/request-an-appointment
23599,Lumana Physical Therapy & Wellness Center,,Request an Appointment,Lumana Physical Therapy & Wellness Center,,2020-11-03T11:11:23.756-05:00,2020-11-03T11:11:23.756-05:00,https://sites.webpt.com/23599/request-an-appointment
23697,ABC Physical Therapy & Hand Therapy,,Request an Appointment,ABC Physical Therapy & Hand Therapy,,2020-11-04T19:07:18.390-05:00,2020-11-04T19:07:18.390-05:00,https://sites.webpt.com/23697/request-an-appointment
23763,Mountain State PT - DO NOT USE,,Request an Appointment,Mountain State PT - DO NOT USE,,2020-11-05T12:46:44.926-05:00,2020-11-05T12:46:44.926-05:00,https://sites.webpt.com/23763/request-an-appointment
23796,Amherst Physical Therapy,,Request an Appointment,Amherst Physical Therapy,,2025-03-26T14:28:03.348-04:00,2025-05-07T12:49:22.748-04:00,https://sites.webpt.com/23796/request-an-appointment
23829,Fyzical Therapy and Balance Center By the Bay,,Request an Appointment,Fyzical Therapy and Balance Center By the Bay,,2020-11-06T11:21:28.956-05:00,2020-11-06T11:21:28.956-05:00,https://sites.webpt.com/23829/request-an-appointment
23895,Handworks OT PC,,Request an Appointment,Handworks OT PC,,2025-03-26T13:29:49.583-04:00,2025-03-26T13:29:49.583-04:00,https://sites.webpt.com/23895/request-an-appointment
23896,Riviera Sports PT,,Request an Appointment,Riviera Sports PT,,2020-11-06T16:55:23.480-05:00,2020-11-06T16:55:23.480-05:00,https://sites.webpt.com/23896/request-an-appointment
23994,Bremerton Physical Therapy,,Request an Appointment,Bremerton Physical Therapy,,2020-11-10T07:46:46.787-05:00,2025-11-04T13:55:00.700-05:00,https://sites.webpt.com/23994/request-an-appointment
24060,Cape Cod Rehabilitation,,Request an Appointment,Cape Cod Rehabilitation,,2020-11-11T12:21:01.936-05:00,2020-12-22T16:19:49.878-05:00,https://sites.webpt.com/24060/request-an-appointment
24192,UHS - The George Washington University,,Request an Appointment,UHS - The George Washington University,,2021-02-04T22:40:17.635-05:00,2021-02-04T22:40:17.635-05:00,https://sites.webpt.com/24192/request-an-appointment
24258,TruMotion Physical Therapy,,Request an Appointment,TruMotion Physical Therapy,,2021-08-12T16:43:19.519-04:00,2021-08-12T16:52:23.755-04:00,https://sites.webpt.com/24258/request-an-appointment
24324,MK Physical Therapy & Wellness,,Request an Appointment,MK Physical Therapy & Wellness,,2020-11-24T11:16:14.702-05:00,2020-11-24T11:16:14.702-05:00,https://sites.webpt.com/24324/request-an-appointment
24357,"DASH Therapy, Inc",,Request an Appointment,"DASH Therapy, Inc",,2020-11-19T07:02:49.347-05:00,2020-11-19T07:02:49.347-05:00,https://sites.webpt.com/24357/request-an-appointment
24358,Steppin' Up Physical Therapy,,Request an Appointment,Steppin' Up Physical Therapy,,2020-11-19T07:43:09.016-05:00,2020-11-19T07:43:09.016-05:00,https://sites.webpt.com/24358/request-an-appointment
24390,Allies in Hand Therapy,,Request an Appointment,Allies in Hand Therapy,,2020-11-19T11:36:25.445-05:00,2020-11-19T11:36:25.445-05:00,https://sites.webpt.com/24390/request-an-appointment
24489,Palm Beach Therapy & Fitness Providers,,Request an Appointment,Palm Beach Therapy & Fitness Providers,,2026-02-09T14:24:46.937-05:00,2026-02-09T14:24:46.937-05:00,https://sites.webpt.com/24489/request-an-appointment
24588,Build Physio & Performance,,Request an Appointment,Build Physio & Performance,,2020-11-24T14:02:53.386-05:00,2020-12-18T11:32:13.107-05:00,https://sites.webpt.com/24588/request-an-appointment
24654,McGuigan Physical Therapy Specialists,,Request an Appointment,McGuigan Physical Therapy Specialists,,2020-11-24T17:10:53.931-05:00,2021-01-25T16:50:31.142-05:00,https://sites.webpt.com/24654/request-an-appointment
24687,Orlando Sports Medicine - Physical Therapy Clinics,,Schedule an Appointment,Orlando Sports Medicine - Physical Therapy Clinics,,2020-11-24T18:31:36.193-05:00,2023-04-26T21:55:25.836-04:00,https://sites.webpt.com/24687/request-an-appointment
24720,Adeo Physical Therapy,,Request an Appointment,Adeo Physical Therapy,,2020-11-25T12:35:21.531-05:00,2020-11-25T12:35:21.531-05:00,https://sites.webpt.com/24720/request-an-appointment
24786,In Home Physical Therapy,,Request an Appointment,In Home Physical Therapy,,2020-12-01T09:51:07.306-05:00,2020-12-01T09:51:07.306-05:00,https://sites.webpt.com/24786/request-an-appointment
24820,Pace Physical Therapy,,Request an Appointment,Pace Physical Therapy,,2020-12-01T15:35:11.140-05:00,2026-04-29T22:31:50.994-04:00,https://sites.webpt.com/24820/request-an-appointment
24885,see a Physical Or Occupational Therapist,,Request an Appointment,Comprehensive Physical Therapy - PA,,2020-12-02T14:00:54.835-05:00,2021-02-09T15:04:24.620-05:00,https://sites.webpt.com/24885/request-an-appointment
24918,"Movement Restoration, LLC",,Request an Appointment,"Movement Restoration, LLC",,2024-06-03T08:49:20.151-04:00,2024-06-03T08:49:20.151-04:00,https://sites.webpt.com/24918/request-an-appointment
24951,Streamline Sports Physical Therapy,,Request an Appointment,Streamline Sports Physical Therapy,,2022-07-25T16:02:52.820-04:00,2022-07-25T16:02:52.820-04:00,https://sites.webpt.com/24951/request-an-appointment
24984,Innovative Physical Therapy,,Request a Complimentary Appointment,Innovative Physical Therapy,,2020-12-03T15:59:35.782-05:00,2021-07-13T14:41:56.857-04:00,https://sites.webpt.com/24984/request-an-appointment
25052,Rutherford Physical Therapy,,Request an Appointment,Rutherford Physical Therapy,,2020-12-04T12:11:07.843-05:00,2020-12-04T12:11:07.843-05:00,https://sites.webpt.com/25052/request-an-appointment
25248,RDL Therapeutic Outpatient Health and Wellness,,Request an Appointment,RDL Therapeutic Outpatient Health and Wellness,,2020-12-09T16:51:34.532-05:00,2020-12-09T16:51:34.532-05:00,https://sites.webpt.com/25248/request-an-appointment
25281,FYZICAL Woodlands,,Request an Appointment,FYZICAL Woodlands,,2023-04-03T11:38:38.308-04:00,2023-04-03T11:46:10.219-04:00,https://sites.webpt.com/25281/request-an-appointment
25347,Warren Rehab Group,,Request an Appointment,Warren Rehab Group,,2020-12-11T12:29:59.431-05:00,2020-12-11T12:29:59.431-05:00,https://sites.webpt.com/25347/request-an-appointment
25413,Mac Physical Therapy Group,,Request an Appointment,Mac Physical Therapy Group,,2021-04-07T12:00:11.622-04:00,2021-04-27T12:48:35.608-04:00,https://sites.webpt.com/25413/request-an-appointment
25414,Rehab Haven Occupational Therapy PC,,Request an Appointment,Rehab Haven Occupational Therapy PC,,2020-12-15T14:28:43.150-05:00,2020-12-15T14:28:43.150-05:00,https://sites.webpt.com/25414/request-an-appointment
25512,Terre Haute Physical Therapy PC,,Request an Appointment,Terre Haute Physical Therapy PC,,2020-12-17T15:54:37.460-05:00,2020-12-17T15:54:37.460-05:00,https://sites.webpt.com/25512/request-an-appointment
25612,"Apex Physical Rehab and Wellness, LLC",,Request an Appointment,"Apex Physical Rehab and Wellness, LLC",,2021-04-23T10:52:43.073-04:00,2021-04-23T10:52:43.073-04:00,https://sites.webpt.com/25612/request-an-appointment
25677,"Professional Rehab Associates, Inc",,Request an Appointment,"Professional Rehab Associates, Inc.",,2022-01-05T10:05:50.230-05:00,2022-03-04T16:15:35.884-05:00,https://sites.webpt.com/25677/request-an-appointment
25710,get physical therapy and/or occupational therapy,,Request an Appointment,"Select Therapy, Inc",,2020-12-23T13:01:57.455-05:00,2021-01-18T11:49:04.222-05:00,https://sites.webpt.com/25710/request-an-appointment
25777,North Pole Physical Therapy,,Request an Appointment,North Pole Physical Therapy,,2020-12-29T13:11:26.317-05:00,2020-12-29T13:11:26.317-05:00,https://sites.webpt.com/25777/request-an-appointment
25875,EW Motion Therapy,,Request an Appointment,EW Motion Therapy,,2022-01-25T12:54:23.508-05:00,2022-01-25T12:54:23.508-05:00,https://sites.webpt.com/25875/request-an-appointment
25942,Spectrum Physical Therapy,,Request an Appointment,Spectrum Physical Therapy,,2020-12-30T15:25:07.323-05:00,2020-12-30T15:25:07.323-05:00,https://sites.webpt.com/25942/request-an-appointment
25977,"Case Physical Therapy, Inc",,Request an Appointment,"Case Physical Therapy, Inc.",,2020-12-31T13:17:19.908-05:00,2020-12-31T13:17:19.908-05:00,https://sites.webpt.com/25977/request-an-appointment
26078,Therapy Trails,,Request an Appointment,Therapy Trails,,2021-01-05T10:18:01.507-05:00,2021-02-03T14:48:14.343-05:00,https://sites.webpt.com/26078/request-an-appointment
26080,Peak Physical Therapy,,Request an Appointment,Peak Physical Therapy,,2021-01-05T11:54:34.780-05:00,2021-01-05T11:54:34.780-05:00,https://sites.webpt.com/26080/request-an-appointment
26081,Tru-Care Physical Therapy Center,,Request an Appointment,Tru-Care Physical Therapy Center,,2021-01-05T12:34:44.636-05:00,2021-01-05T12:34:44.636-05:00,https://sites.webpt.com/26081/request-an-appointment
26082,Birds of Paradise Physical Therapy Services,,Request an Appointment,Birds of Paradise Physical Therapy Services,,2021-01-05T13:17:56.849-05:00,2021-01-05T13:17:56.849-05:00,https://sites.webpt.com/26082/request-an-appointment
26106,Lymphedema and Rehabilitation Consultants,,Request an Appointment,Lymphedema and Rehabilitation Consultants,,2021-01-05T16:38:35.210-05:00,2021-01-05T16:38:35.210-05:00,https://sites.webpt.com/26106/request-an-appointment
26107,Dutch Physical Therapy,,Request an Appointment,Dutch Physical Therapy,,2021-01-05T17:00:15.713-05:00,2021-01-05T17:00:15.713-05:00,https://sites.webpt.com/26107/request-an-appointment
26139,BASE Physical Therapy,,Request an Appointment,BASE Physical Therapy,,2021-01-06T07:57:11.508-05:00,2021-01-06T07:57:11.508-05:00,https://sites.webpt.com/26139/request-an-appointment
26173,ReSOLVE Grand Haven Physical Therapy,grandhavenpt.com,Request an Appointment,ReSOLVE Grand Haven Physical Therapy,,2021-01-06T19:53:17.686-05:00,2023-02-07T14:13:26.337-05:00,https://sites.webpt.com/26173/request-an-appointment
26205,Stellar Physical & Occupational Therapy & Acupuncture,,Request an Appointment,Stellar Physical & Occupational Therapy & Acupuncture,,2021-01-06T20:46:24.064-05:00,2021-01-06T20:52:51.500-05:00,https://sites.webpt.com/26205/request-an-appointment
26206,"One Site Therapy, PLLC",,Request an Appointment,"One Site Therapy, PLLC",,2021-01-06T21:12:35.261-05:00,2021-01-06T21:12:35.261-05:00,https://sites.webpt.com/26206/request-an-appointment
26271,Re-form Physical Therapy And Pilates,,Request an Appointment,Re-form Physical Therapy And Pilates,,2025-06-06T14:48:26.526-04:00,2025-06-06T14:48:26.526-04:00,https://sites.webpt.com/26271/request-an-appointment
26304,Chester Sports Medicine and Rehabilitation,,Request an Appointment,Chester Sports Medicine and Rehabilitation,,2021-01-08T10:39:59.979-05:00,2021-01-08T10:39:59.979-05:00,https://sites.webpt.com/26304/request-an-appointment
26338,REHABNEEDS,,Request an Appointment,REHABNEEDS,,2021-01-08T18:09:15.263-05:00,2021-01-08T18:35:14.791-05:00,https://sites.webpt.com/26338/request-an-appointment
26403,Orthopaedic Medical Group of Tampa Bay,,Request an Appointment,Orthopaedic Medical Group of Tampa Bay,,2025-09-15T13:50:54.964-04:00,2025-09-15T13:50:54.964-04:00,https://sites.webpt.com/26403/request-an-appointment
26436,Youngs Physical Therapy & Sports Performance,youngsphysicaltherapy.com,Request an Appointment,Youngs Physical Therapy & Sports Performance,,2021-01-12T09:56:50.164-05:00,2021-05-18T16:22:38.055-04:00,https://sites.webpt.com/26436/request-an-appointment
26469,Dr. Coach Kelli Physical Therapy and Sports Training,,Request an Appointment,Dr. Coach Kelli Physical Therapy and Sports Training,,2022-04-06T17:18:46.209-04:00,2022-04-06T17:18:46.209-04:00,https://sites.webpt.com/26469/request-an-appointment
26502,Core Rehabilitation,,Request an Appointment,Core Rehabilitation,,2021-01-13T07:42:30.425-05:00,2021-01-13T07:42:30.425-05:00,https://sites.webpt.com/26502/request-an-appointment
26601,Donner Physical Therapy and Sports Rehab,,Request an Appointment,Donner Physical Therapy and Sports Rehab,,2021-01-20T13:32:55.431-05:00,2021-01-20T13:38:49.926-05:00,https://sites.webpt.com/26601/request-an-appointment
26667,InMotion Physical Therapy and Golf Fitness,,Request an Appointment,InMotion Physical Therapy and Golf Fitness,,2021-01-19T09:36:50.218-05:00,2021-02-03T09:24:39.416-05:00,https://sites.webpt.com/26667/request-an-appointment
26832,"SRS Rehab, Inc",,Request an Appointment,"SRS Rehab, Inc.",,2021-01-20T20:25:23.782-05:00,2021-01-20T20:39:03.969-05:00,https://sites.webpt.com/26832/request-an-appointment
26833,"Superior Rehab Systems, Inc",,Request an Appointment,"Superior Rehab Systems, Inc.",,2021-01-20T20:46:59.652-05:00,2021-01-20T20:55:04.603-05:00,https://sites.webpt.com/26833/request-an-appointment
26834,"MDR Rehab, Inc",,Request an Appointment,"MDR Rehab, Inc.",,2021-01-20T21:00:34.668-05:00,2021-01-20T21:14:54.099-05:00,https://sites.webpt.com/26834/request-an-appointment
26931,"First Health Physical Therapy, P.C",,Request an Appointment,"First Health Physical Therapy, P.C.",,2021-01-22T10:18:27.422-05:00,2021-01-22T10:58:36.377-05:00,https://sites.webpt.com/26931/request-an-appointment
26934,Release & Recover Physical Therapy,,Request an Appointment,Release & Recover Physical Therapy,,2021-02-26T10:21:49.110-05:00,2021-02-26T10:33:35.138-05:00,https://sites.webpt.com/26934/request-an-appointment
26935,Treehouse Therapies,,Request an Appointment,Treehouse Therapies,,2021-07-06T12:40:46.024-04:00,2021-07-06T12:40:46.024-04:00,https://sites.webpt.com/26935/request-an-appointment
26964,Elite Physical Therapy,,Request an Appointment,Elite Physical Therapy,,2025-06-19T13:26:18.603-04:00,2025-06-19T13:38:17.371-04:00,https://sites.webpt.com/26964/request-an-appointment
27129,Active Health Physical Therapy,,Request an Appointment,Active Health Physical Therapy,,2021-01-27T11:11:51.203-05:00,2021-01-27T11:17:04.476-05:00,https://sites.webpt.com/27129/request-an-appointment
27228,"Sandpoint Physical Therapy, PC/DBA: Granite Point PT",,Request an Appointment,"Sandpoint Physical Therapy, PC/DBA: Granite Point PT",,2021-01-29T08:21:12.705-05:00,2025-07-07T16:50:16.361-04:00,https://sites.webpt.com/27228/request-an-appointment
27261,McPhee Physical Therapy,,Request an Appointment,McPhee Physical Therapy,,2025-11-13T11:26:15.548-05:00,2025-11-13T11:26:15.548-05:00,https://sites.webpt.com/27261/request-an-appointment
27360,"QuistMD, The Flexibility, Sports and Rehabilitation Clinic",,Request an Appointment,"QuistMD, The Flexibility, Sports and Rehabilitation Clinic",,2021-02-03T07:42:30.643-05:00,2021-02-03T07:42:30.643-05:00,https://sites.webpt.com/27360/request-an-appointment
27361,Dakota Physical Therapy,,Request an Appointment,Dakota Physical Therapy,,2021-02-03T08:39:30.342-05:00,2021-02-03T08:39:30.342-05:00,https://sites.webpt.com/27361/request-an-appointment
27393,Boost Physical Therapy,,Request Your Appointment Today!,Boost Physical Therapy,,2025-02-28T17:06:36.002-05:00,2025-05-12T17:01:39.765-04:00,https://sites.webpt.com/27393/request-an-appointment
27459,Gulf Coast Integrative Health,,Request an Appointment,Gulf Coast Integrative Health,,2025-07-02T14:57:48.108-04:00,2025-07-02T14:57:48.108-04:00,https://sites.webpt.com/27459/request-an-appointment
27492,Lincoln Outpatient Therapy Services,,Request an Appointment,Lincoln Outpatient Therapy Services,,2021-02-04T10:19:02.372-05:00,2021-02-04T10:19:02.372-05:00,https://sites.webpt.com/27492/request-an-appointment
27526,"ProActive Rehabilitation and Wellness, LLC",{'id',Book an Appointment!,"ProActive Rehabilitation and Wellness, LLC","{'id': 1354, 'fqdn': 'appointments.pro-activehealth.com', 'lastPropagationCheckAt': None, 'propagationCheckAttemptCount': 12, 'domainStatus': 'working_and_secure', 'domainStatusDetails': None, 'providerOrganizationId': 27526, 'createdAt': '2022-09-09T14:16:15.411-04:00', 'updatedAt': '2022-12-07T10:44:08.407-05:00', 'subdomain': 'appointments', 'domain': 'pro-activehealth.com', 'userId': 82601, 'certIssuanceAttemptCount': 2}",2022-03-01T12:15:01.050-05:00,2022-10-21T09:10:31.691-04:00,https://sites.webpt.com/27526/request-an-appointment
27558,Northwest Texas Healthcare Systems,,Request an Appointment,Northwest Texas Healthcare Systems,,2021-02-04T20:34:22.896-05:00,2021-02-04T20:34:22.896-05:00,https://sites.webpt.com/27558/request-an-appointment
27591,Integrative Therapies,,Request an Appointment,Integrative Therapies,,2021-02-05T12:02:08.261-05:00,2021-08-05T13:57:25.873-04:00,https://sites.webpt.com/27591/request-an-appointment
27657,"Performance Physical Therapy of Minden, LLC",,Request an Appointment,"Performance Physical Therapy of Minden, LLC",,2021-02-05T17:37:03.321-05:00,2021-02-05T17:37:03.321-05:00,https://sites.webpt.com/27657/request-an-appointment
27723,Advanced Rehabilitation Center,,Request an Appointment,Advanced Rehabilitation Center,,2021-02-08T10:43:21.122-05:00,2026-04-03T18:59:15.690-04:00,https://sites.webpt.com/27723/request-an-appointment
27757,ProActive Physical Therapy,,Request an Appointment,ProActive Physical Therapy,,2021-02-08T12:45:57.015-05:00,2022-08-24T12:42:33.305-04:00,https://sites.webpt.com/27757/request-an-appointment
27789,Limitless Physical Therapy and Wellness,,Request an Appointment,Limitless Physical Therapy and Wellness,,2025-02-10T16:03:40.118-05:00,2025-02-10T16:12:27.493-05:00,https://sites.webpt.com/27789/request-an-appointment
27822,Pain Institute of Georgia/GPI,,Request an Appointment,Pain Institute of Georgia/GPI,,2025-06-23T15:47:21.204-04:00,2025-06-23T15:50:02.742-04:00,https://sites.webpt.com/27822/request-an-appointment
27888,"FIT Physical Therapy and Consulting Services, LLC",,Request an Appointment,"FIT Physical Therapy and Consulting Services, LLC",,2021-02-09T18:56:15.171-05:00,2021-02-09T19:03:05.424-05:00,https://sites.webpt.com/27888/request-an-appointment
27921,"Fluid Health and Fitness, Inc",,Request an Appointment,"Fluid Health and Fitness, Inc",,2023-03-20T12:38:39.592-04:00,2023-03-20T12:41:36.547-04:00,https://sites.webpt.com/27921/request-an-appointment
27989,H/S Therapy Associates,,Request an Appointment,H/S Therapy Associates,,2021-02-10T13:51:19.325-05:00,2021-06-29T07:55:06.721-04:00,https://sites.webpt.com/27989/request-an-appointment
28023,Alevia Physical Therapy LLC,,Request an Appointment,Alevia Physical Therapy LLC,,2021-02-11T15:41:16.006-05:00,2021-04-22T19:23:07.811-04:00,https://sites.webpt.com/28023/request-an-appointment
28086,New Scotland Physical Therapy,,Request an Appointment,New Scotland Physical Therapy,,2022-02-28T15:14:21.516-05:00,2022-02-28T15:14:21.516-05:00,https://sites.webpt.com/28086/request-an-appointment
28153,EmpowerMe Test Account,,Request an Appointment,EmpowerMe Test Account,,2021-02-12T11:30:59.153-05:00,2021-02-12T11:30:59.153-05:00,https://sites.webpt.com/28153/request-an-appointment
28156,Integrative Therapeutics,,Request an Appointment,Integrative Therapeutics,,2025-02-06T11:00:11.610-05:00,2025-02-06T11:14:23.271-05:00,https://sites.webpt.com/28156/request-an-appointment
28185,"Affiliates Prime, LLC",,Request an Appointment,"Affiliates Prime, LLC",,2021-02-16T14:37:45.878-05:00,2021-03-15T23:58:02.842-04:00,https://sites.webpt.com/28185/request-an-appointment
28251,"From The Heart Physical Therapy, Inc",,Request an Appointment,"From The Heart Physical Therapy, Inc.",,2021-02-17T08:02:08.451-05:00,2021-02-17T08:02:08.451-05:00,https://sites.webpt.com/28251/request-an-appointment
28284,Next Level Sports Physical Therapy,,Request an Appointment,Next Level Sports Physical Therapy,,2021-02-17T10:50:45.319-05:00,2021-04-16T12:01:27.022-04:00,https://sites.webpt.com/28284/request-an-appointment
28317,Lambeth Physical Therapy,,Request an Appointment,Lambeth Physical Therapy,,2021-02-17T18:22:12.691-05:00,2021-03-23T14:14:46.164-04:00,https://sites.webpt.com/28317/request-an-appointment
28383,Mind Body Physical Therapy PC - NV,,Request an Appointment,Mind Body Physical Therapy PC - NV,,2021-02-18T09:14:49.789-05:00,2021-02-18T09:14:49.789-05:00,https://sites.webpt.com/28383/request-an-appointment
28416,Say It Sow,,Request an Appointment,Say It Sow,,2024-01-04T12:02:49.986-05:00,2024-01-04T12:02:49.986-05:00,https://sites.webpt.com/28416/request-an-appointment
28482,Hereford Physical Therapy,,Request an Appointment,Hereford Physical Therapy,,2021-02-18T18:22:47.797-05:00,2021-02-18T18:24:52.523-05:00,https://sites.webpt.com/28482/request-an-appointment
28548,Excel Physical Therapy,,Request an Appointment,Excel Physical Therapy,,2021-02-19T14:32:07.024-05:00,2021-02-19T14:32:07.024-05:00,https://sites.webpt.com/28548/request-an-appointment
28614,Absolute Physical Therapy & Wellness,,Request an Appointment,Absolute Physical Therapy & Wellness,,2021-02-22T08:25:53.907-05:00,2021-02-22T08:25:53.907-05:00,https://sites.webpt.com/28614/request-an-appointment
28615,CORE Physical Therapy & Training,,Request an Appointment,CORE Physical Therapy & Training,,2021-02-22T08:57:23.997-05:00,2021-02-22T08:57:23.997-05:00,https://sites.webpt.com/28615/request-an-appointment
28648,Ohana Physical Therapy,,Request an Appointment,Ohana Physical Therapy,,2025-12-10T11:48:43.863-05:00,2025-12-10T11:57:03.714-05:00,https://sites.webpt.com/28648/request-an-appointment
28851,Children's Evaluation & Therapy Center,,Request an Appointment,Children's Evaluation & Therapy Center,,2021-02-23T18:42:01.122-05:00,2024-03-18T16:37:50.954-04:00,https://sites.webpt.com/28851/request-an-appointment
28878,TOPLINE THERAPY,,Request an Appointment,TOPLINE THERAPY,,2021-02-24T15:58:00.440-05:00,2021-03-03T22:15:59.877-05:00,https://sites.webpt.com/28878/request-an-appointment
28879,"Spine and Orthopedic Rehab of VA, Inc",,Request an Appointment,"Spine and Orthopedic Rehab of VA, Inc.",,2021-02-24T10:36:29.493-05:00,2021-02-24T10:36:29.493-05:00,https://sites.webpt.com/28879/request-an-appointment
28977,FYZICAL Bay Ridge,,Request an Appointment,FYZICAL Bay Ridge,,2021-02-24T16:14:46.882-05:00,2021-03-04T11:30:40.339-05:00,https://sites.webpt.com/28977/request-an-appointment
28978,Pro-Motion Physical Therapy,,Request an Appointment,Pro-Motion Physical Therapy,,2021-02-24T16:53:27.513-05:00,2021-03-19T12:48:55.379-04:00,https://sites.webpt.com/28978/request-an-appointment
29109,Palm Coast PT Center,,Request an Appointment,Palm Coast PT Center,,2022-04-28T14:58:24.560-04:00,2022-04-28T14:58:24.560-04:00,https://sites.webpt.com/29109/request-an-appointment
29241,Dunbar Therapy Center,,Request an Appointment,Dunbar Therapy Center,,2021-03-01T12:21:01.498-05:00,2021-03-01T12:21:01.498-05:00,https://sites.webpt.com/29241/request-an-appointment
29275,Liberty Physical Therapy - IL,,Request an Appointment,Liberty Physical Therapy - IL,,2021-03-01T16:42:53.543-05:00,2021-03-01T16:42:53.543-05:00,https://sites.webpt.com/29275/request-an-appointment
29307,"Advanced Motion Rehabilitation, LLC",,Request an Appointment,"Advanced Motion Rehabilitation, LLC",,2021-03-02T09:16:52.267-05:00,2021-03-06T11:17:04.775-05:00,https://sites.webpt.com/29307/request-an-appointment
29340,Bri's Demo Clinic,,Request an Appointment,Bri's Demo Clinic,,2022-09-19T12:36:55.432-04:00,2022-09-19T12:36:55.432-04:00,https://sites.webpt.com/29340/request-an-appointment
29342,Iron Health,,Request an Appointment,Iron Health,,2021-03-02T12:45:45.090-05:00,2021-03-02T12:45:45.090-05:00,https://sites.webpt.com/29342/request-an-appointment
29343,First Step Physical Therapy,,Request an Appointment,First Step Physical Therapy,,2021-03-02T13:14:35.038-05:00,2021-03-02T13:14:35.038-05:00,https://sites.webpt.com/29343/request-an-appointment
29439,Empower Physical Therapy,,Request an Appointment,Empower Physical Therapy,,2021-03-03T09:26:00.471-05:00,2022-01-24T17:35:46.137-05:00,https://sites.webpt.com/29439/request-an-appointment
29539,McKenzie Sports Therapy,,Request an Appointment,McKenzie Sports Therapy,,2021-03-03T14:44:07.905-05:00,2021-03-03T14:44:07.905-05:00,https://sites.webpt.com/29539/request-an-appointment
29571,Oregon Running Clinic,,Request an Appointment,Oregon Running Clinic,,2021-03-03T16:43:24.625-05:00,2021-03-30T13:12:52.872-04:00,https://sites.webpt.com/29571/request-an-appointment
29604,Summit Physical Therapy,,Request an Appointment,Summit Physical Therapy,,2021-03-03T17:52:11.657-05:00,2021-03-03T17:59:17.008-05:00,https://sites.webpt.com/29604/request-an-appointment
29605,Family PT of South MS,,Request an Appointment,Family PT of South MS,,2021-03-03T18:37:01.129-05:00,2021-03-03T18:37:01.129-05:00,https://sites.webpt.com/29605/request-an-appointment
29670,Thrive Physical Therapy,,Schedule An Appointment,Thrive Physical Therapy,,2021-03-04T10:42:16.163-05:00,2025-09-03T10:44:00.289-04:00,https://sites.webpt.com/29670/request-an-appointment
29703,Gilford Physical Therapy & Spine Center,,Request an Appointment,Gilford Physical Therapy & Spine Center,,2021-03-04T13:09:34.868-05:00,2021-03-04T13:09:34.868-05:00,https://sites.webpt.com/29703/request-an-appointment
29770,Bercutt Physical Therapy & Wellness Center,,Request an Appointment,Bercutt Physical Therapy & Wellness Center,,2021-03-08T12:56:31.171-05:00,2021-04-15T17:12:59.741-04:00,https://sites.webpt.com/29770/request-an-appointment
29771,Daulton Physical Therapy and Fitness,,Request an Appointment,Daulton Physical Therapy and Fitness,,2021-03-08T13:06:50.948-05:00,2021-03-12T12:35:00.509-05:00,https://sites.webpt.com/29771/request-an-appointment
29835,Forza Physiotherapy & Wellness,,Request an Appointment,Forza Physiotherapy & Wellness,,2021-03-09T16:46:50.170-05:00,2021-03-15T14:40:40.511-04:00,https://sites.webpt.com/29835/request-an-appointment
29868,Restore Physical Medicine,,Request an Appointment,Restore Physical Medicine,,2021-03-10T16:19:45.891-05:00,2021-03-16T13:35:34.282-04:00,https://sites.webpt.com/29868/request-an-appointment
29901,Lombardi Physical Therapy 2.0,,Request an Appointment,Lombardi Physical Therapy 2.0,,2021-03-11T10:17:24.993-05:00,2021-03-11T10:17:24.993-05:00,https://sites.webpt.com/29901/request-an-appointment
29902,Coastal Kids Therapy,,Request an Appointment,Coastal Kids Therapy,,2021-03-11T10:24:44.549-05:00,2021-03-11T10:24:44.549-05:00,https://sites.webpt.com/29902/request-an-appointment
29934,Healthy at Home Physical Therapy,,Request an Appointment,Healthy at Home Physical Therapy,,2024-06-06T12:07:15.688-04:00,2024-07-12T12:15:30.689-04:00,https://sites.webpt.com/29934/request-an-appointment
29967,"D&D Sports Med Denton, LLC",,Request an Appointment,"D&D Sports Med Denton, LLC",,2021-03-11T18:30:20.843-05:00,2021-03-11T18:41:45.541-05:00,https://sites.webpt.com/29967/request-an-appointment
30000,REPS,,Intake Form,REPS,,2021-03-12T12:18:08.452-05:00,2021-05-11T16:13:53.118-04:00,https://sites.webpt.com/30000/request-an-appointment
30001,Bakersfield Sports Medicine And Rehabilitative Therapy (BSMART),,Request an Appointment,Bakersfield Sports Medicine And Rehabilitative Therapy (BSMART),,2025-05-23T14:24:21.795-04:00,2025-05-23T14:24:21.795-04:00,https://sites.webpt.com/30001/request-an-appointment
30099,"Therapy Resources, Inc",,Request an Appointment,"Therapy Resources, Inc.",,2021-03-15T16:19:12.580-04:00,2021-03-15T16:19:12.580-04:00,https://sites.webpt.com/30099/request-an-appointment
30100,Platinum Performance Therapy,,Request an Appointment,Platinum Performance Therapy,,2021-03-15T17:07:41.257-04:00,2021-03-15T17:07:41.257-04:00,https://sites.webpt.com/30100/request-an-appointment
30330,Kibbey And Terle Physical Therapy,,Request an Appointment,Kibbey And Terle Physical Therapy,,2021-03-18T17:21:48.359-04:00,2021-05-03T16:18:50.588-04:00,https://sites.webpt.com/30330/request-an-appointment
30396,Independence Physical Therapy,,Request an Appointment,Independence Physical Therapy,,2021-03-22T12:33:53.944-04:00,2021-03-22T12:33:53.944-04:00,https://sites.webpt.com/30396/request-an-appointment
30497,NM Santa Fe PT Investment,,Request an Appointment,NM Santa Fe PT Investment,,2024-02-05T20:39:27.108-05:00,2024-02-05T20:59:19.549-05:00,https://sites.webpt.com/30497/request-an-appointment
30561,Building Kid Steps,,Request an Appointment,Building Kid Steps,,2021-03-23T20:25:42.848-04:00,2021-03-23T20:37:31.619-04:00,https://sites.webpt.com/30561/request-an-appointment
30627,Omni Physical Therapy Services,,Request an Appointment,Omni Physical Therapy Services,,2021-03-24T16:17:31.376-04:00,2021-03-29T14:14:10.518-04:00,https://sites.webpt.com/30627/request-an-appointment
30858,Agape Therapy,,Request an Appointment,Agape Therapy,,2021-03-29T11:16:34.755-04:00,2021-04-21T11:39:19.601-04:00,https://sites.webpt.com/30858/request-an-appointment
30859,Body in Balance Rehabilitation,,Request an Appointment,Body in Balance Rehabilitation,,2021-03-29T11:24:31.183-04:00,2021-04-09T12:02:30.382-04:00,https://sites.webpt.com/30859/request-an-appointment
30860,Soul Physical Therapy,,Request an Appointment,Soul Physical Therapy,,2021-03-29T11:52:52.233-04:00,2024-07-09T13:30:09.247-04:00,https://sites.webpt.com/30860/request-an-appointment
30891,"Advantage Physical Therapy & Wellness, PC",,Request an Appointment (Edited),"Advantage Physical Therapy & Wellness, PC.",,2021-03-29T15:22:21.886-04:00,2021-05-11T18:43:08.320-04:00,https://sites.webpt.com/30891/request-an-appointment
30924,"Suburban Physical Therapy, Inc",,Request an Appointment,"Suburban Physical Therapy, Inc.",,2021-03-29T20:04:19.587-04:00,2021-04-29T14:12:53.634-04:00,https://sites.webpt.com/30924/request-an-appointment
30957,Flint River Physical Therapy (INACTIVE),,Request an Appointment,Flint River Physical Therapy (INACTIVE),,2021-03-29T20:56:05.070-04:00,2021-03-29T21:03:21.203-04:00,https://sites.webpt.com/30957/request-an-appointment
31089,Vado Therapy,,Request an Appointment,Vado Therapy,,2021-03-31T09:41:54.813-04:00,2021-03-31T09:41:54.813-04:00,https://sites.webpt.com/31089/request-an-appointment
31155,Panther Physical Therapy,,Request an Appointment,Panther Physical Therapy,,2021-03-31T12:49:40.002-04:00,2021-03-31T12:49:40.002-04:00,https://sites.webpt.com/31155/request-an-appointment
31188,Perfect Stride Physical Therapy,,Request an Appointment,Perfect Stride Physical Therapy,,2021-03-31T13:10:57.958-04:00,2021-04-19T14:22:35.058-04:00,https://sites.webpt.com/31188/request-an-appointment
31221,Canon City Physiotherapy,,Request an Appointment,Canon City Physiotherapy,,2025-11-26T13:44:39.826-05:00,2025-11-26T22:25:23.646-05:00,https://sites.webpt.com/31221/request-an-appointment
31254,Stronglife Physical Therapy,,Request an Appointment,Stronglife Physical Therapy,,2021-04-01T14:49:34.810-04:00,2021-04-01T14:49:34.810-04:00,https://sites.webpt.com/31254/request-an-appointment
31288,Orem Sports Medicine Center,,Request an Appointment,Orem Sports Medicine Center,,2021-04-01T17:43:56.914-04:00,2021-04-22T12:31:20.305-04:00,https://sites.webpt.com/31288/request-an-appointment
31320,Rehab Management Physical Therapy,,Request an Appointment,Rehab Management Physical Therapy,,2021-04-02T10:07:13.499-04:00,2021-05-06T12:07:25.760-04:00,https://sites.webpt.com/31320/request-an-appointment
31353,Sports & Wellness Physical Therapy,,Request an Appointment,Sports & Wellness Physical Therapy,,2021-04-02T11:53:15.050-04:00,2021-04-02T11:53:15.050-04:00,https://sites.webpt.com/31353/request-an-appointment
31355,Schertz Parkway Physical Therapy,,Request an Appointment,Schertz Parkway Physical Therapy,,2025-07-02T16:34:01.691-04:00,2025-07-02T16:34:01.691-04:00,https://sites.webpt.com/31355/request-an-appointment
31386,Jointworx Physical Therapy,,Request an Appointment,Jointworx Physical Therapy,,2021-04-02T13:37:38.037-04:00,2024-12-26T23:26:11.822-05:00,https://sites.webpt.com/31386/request-an-appointment
31485,Move Physical Therapy and Wellness PLLC,,Request an Appointment,Move Physical Therapy and Wellness PLLC,,2025-08-29T16:30:39.781-04:00,2025-08-29T16:30:39.781-04:00,https://sites.webpt.com/31485/request-an-appointment
31683,FYZICAL Therapy & Balance Centers,,Request an Appointment,FYZICAL Therapy & Balance Centers,,2022-08-09T13:12:54.907-04:00,2022-08-09T13:15:25.469-04:00,https://sites.webpt.com/31683/request-an-appointment
31684,Barrows Physical Therapy,,Request an Appointment,Barrows Physical Therapy,,2021-04-09T12:41:37.503-04:00,2021-04-09T12:41:37.503-04:00,https://sites.webpt.com/31684/request-an-appointment
31782,Ozark Physical Therapy Specialists,,Request an Appointment,Ozark Physical Therapy Specialists,,2021-04-12T16:19:35.988-04:00,2021-04-12T16:19:35.988-04:00,https://sites.webpt.com/31782/request-an-appointment
31783,Proactive Physical Therapy,,Request an Appointment,Proactive Physical Therapy,,2021-04-12T17:00:52.311-04:00,2021-04-12T17:07:06.019-04:00,https://sites.webpt.com/31783/request-an-appointment
31815,Intown Physical Therapy,,Request an Appointment,Intown Physical Therapy,,2021-04-13T10:38:56.889-04:00,2021-04-13T10:38:56.889-04:00,https://sites.webpt.com/31815/request-an-appointment
31848,NJ Pain and Rehab Center,,Request an Appointment,NJ Pain and Rehab Center,,2021-04-13T16:47:10.114-04:00,2021-04-21T11:41:38.767-04:00,https://sites.webpt.com/31848/request-an-appointment
31947,Woodstown Physical Therapy,,Request an Appointment,Woodstown Physical Therapy,,2021-04-14T17:19:37.164-04:00,2021-04-14T17:19:37.164-04:00,https://sites.webpt.com/31947/request-an-appointment
31980,"Allied Health Solutions, LLC",,Request an Appointment,"Allied Health Solutions, LLC",,2021-04-15T11:35:17.067-04:00,2021-05-05T17:11:34.306-04:00,https://sites.webpt.com/31980/request-an-appointment
31981,Inspire Physical and Hand Therapy,,Request an Appointment,Inspire Physical and Hand Therapy,,2021-04-15T12:01:23.182-04:00,2021-04-15T12:01:23.182-04:00,https://sites.webpt.com/31981/request-an-appointment
32013,Dynamic Physical Therapy,,Request an Appointment,Dynamic Physical Therapy,,2021-04-15T15:46:36.726-04:00,2021-04-20T11:07:18.282-04:00,https://sites.webpt.com/32013/request-an-appointment
32079,Tigard Physical Therapy,,Request an Appointment or Free Consultation,Tigard Physical Therapy,,2021-04-16T15:09:19.435-04:00,2021-05-29T22:00:37.918-04:00,https://sites.webpt.com/32079/request-an-appointment
32081,Eagle Physical Therapy and Rehabilitation,,Request an Appointment,Eagle Physical Therapy and Rehabilitation,,2021-04-16T15:41:59.620-04:00,2021-04-26T11:55:16.471-04:00,https://sites.webpt.com/32081/request-an-appointment
32112,Knewtson Health Group,,Request an Appointment,Knewtson Health Group,,2021-04-19T11:16:14.498-04:00,2021-04-19T11:16:14.498-04:00,https://sites.webpt.com/32112/request-an-appointment
32145,Core Physical Therapy,,Request an Appointment,Core Physical Therapy,,2021-04-20T12:56:39.602-04:00,2021-04-20T12:56:39.602-04:00,https://sites.webpt.com/32145/request-an-appointment
32211,"get physical, occupational or speech therapy",,Request an appointment,The Therapy Center of Hendersonville,,2021-04-20T16:31:02.140-04:00,2021-07-30T14:12:06.963-04:00,https://sites.webpt.com/32211/request-an-appointment
32442,Rebound Hawaii-Physical Therapy & Massage Therapy,,Request an Appointment,Rebound Hawaii-Physical Therapy & Massage Therapy,,2021-04-23T10:08:26.272-04:00,2021-05-05T12:22:30.206-04:00,https://sites.webpt.com/32442/request-an-appointment
32443,"Williams Therapy Services, Inc",,Request an Appointment,"Williams Therapy Services, Inc.",,2021-04-23T10:33:09.544-04:00,2021-05-13T05:13:59.955-04:00,https://sites.webpt.com/32443/request-an-appointment
32512,Layton Physical Therapy,,Request an Appointment,Layton Physical Therapy,,2021-04-23T16:56:15.635-04:00,2021-04-28T11:08:47.466-04:00,https://sites.webpt.com/32512/request-an-appointment
32541,Doctors Hospital of Laredo - UHS,,Request an Appointment,Doctors Hospital of Laredo - UHS,,2023-03-27T14:11:32.103-04:00,2023-03-27T14:13:15.434-04:00,https://sites.webpt.com/32541/request-an-appointment
32574,TOTAL Physical Therapy,,Request an Appointment,TOTAL Physical Therapy,,2021-04-26T12:30:09.623-04:00,2021-04-26T12:30:09.623-04:00,https://sites.webpt.com/32574/request-an-appointment
32706,Therapy Wellness LLC,,Request an Appointment,Therapy Wellness LLC,,2025-08-06T09:58:07.564-04:00,2025-08-06T10:01:27.893-04:00,https://sites.webpt.com/32706/request-an-appointment
32739,ABLe Pelvic Physical Therapy,,Request an Appointment,ABLe Pelvic Physical Therapy,,2021-04-27T15:16:22.504-04:00,2021-05-26T13:01:38.771-04:00,https://sites.webpt.com/32739/request-an-appointment
32772,Performance Physical Therapy,,Request an Appointment,Performance Physical Therapy,,2021-04-28T08:47:08.819-04:00,2022-01-04T16:30:05.693-05:00,https://sites.webpt.com/32772/request-an-appointment
32805,Pediatric Therapy Network,,Request an Appointment,Pediatric Therapy Network,,2021-04-28T12:51:12.957-04:00,2021-04-28T14:36:57.156-04:00,https://sites.webpt.com/32805/request-an-appointment
32806,Shanti Rehab Services,,Request an Appointment,Shanti Rehab Services,,2021-10-26T20:37:46.698-04:00,2021-10-26T20:45:59.881-04:00,https://sites.webpt.com/32806/request-an-appointment
32904,Associates Physical Therapy,,Request an Appointment,Associates Physical Therapy,,2025-11-20T01:57:29.687-05:00,2025-11-20T02:12:21.840-05:00,https://sites.webpt.com/32904/request-an-appointment
32938,Westside Physical Therapy,,Request an Appointment,Westside Physical Therapy,,2021-04-30T13:42:09.239-04:00,2021-06-04T14:28:39.771-04:00,https://sites.webpt.com/32938/request-an-appointment
33003,Spectrum Spine & Sport Physical Therapy,,Request an Appointment,Spectrum Spine & Sport Physical Therapy,,2021-05-03T13:46:37.607-04:00,2021-05-03T13:46:37.607-04:00,https://sites.webpt.com/33003/request-an-appointment
33036,Megan Rich Physical Therapy,,Request an Appointment,Megan Rich Physical Therapy,,2024-11-27T06:11:21.361-05:00,2024-11-27T06:12:27.277-05:00,https://sites.webpt.com/33036/request-an-appointment
33037,Milestone Physical Therapy at Sweat House Gym,,Request an Appointment,Milestone Physical Therapy at Sweat House Gym,,2021-05-03T14:32:00.951-04:00,2021-06-08T12:09:58.200-04:00,https://sites.webpt.com/33037/request-an-appointment
33038,Neil King Physical Therapy,neilkingpt.com,Request an Appointment,Neil King Physical Therapy,,2023-04-20T08:41:46.914-04:00,2024-10-09T11:04:56.582-04:00,https://sites.webpt.com/33038/request-an-appointment
33039,Aria Physical Therapy Center,,Request an Appointment,Aria Physical Therapy Center,,2025-04-24T16:27:58.509-04:00,2025-04-24T20:28:55.128-04:00,https://sites.webpt.com/33039/request-an-appointment
33040,Individual Physical Therapy and Wellness,,Request an Appointment,Individual Physical Therapy and Wellness,,2025-06-04T01:00:49.686-04:00,2025-06-04T01:33:36.241-04:00,https://sites.webpt.com/33040/request-an-appointment
33102,Achieve Therapy,,Request an Appointment,Achieve Therapy,,2021-05-04T12:47:25.450-04:00,2021-05-04T13:06:25.835-04:00,https://sites.webpt.com/33102/request-an-appointment
33234,CST OB Profile Test TD,,Request an Appointment,CST OB Profile Test TD,,2021-05-07T09:55:24.300-04:00,2021-05-07T09:55:24.300-04:00,https://sites.webpt.com/33234/request-an-appointment
33300,Smart Body Physical Therapy,,Request an Appointment,Smart Body Physical Therapy,,2021-05-26T11:00:07.387-04:00,2021-05-26T11:00:07.387-04:00,https://sites.webpt.com/33300/request-an-appointment
33630,Columbia County Health System Therapy & Wellness Center,,Request an Appointment,Columbia County Health System Therapy & Wellness Center,,2025-10-22T16:51:27.162-04:00,2025-10-22T16:55:38.896-04:00,https://sites.webpt.com/33630/request-an-appointment
33960,"ProMet Physical Therapy, P.C",,Request an Appointment,"ProMet Physical Therapy, P.C.",,2021-05-25T17:59:09.614-04:00,2021-05-25T18:08:02.408-04:00,https://sites.webpt.com/33960/request-an-appointment
34059,Prostaff Physical Therapy,,Request an Appointment,Prostaff Physical Therapy,,2021-05-26T19:41:12.292-04:00,2021-06-01T18:35:40.230-04:00,https://sites.webpt.com/34059/request-an-appointment
34125,Full Life Regeneration,,Request an Appointment,Full Life Regeneration,,2021-06-29T12:31:36.141-04:00,2021-06-29T12:31:36.141-04:00,https://sites.webpt.com/34125/request-an-appointment
34158,"Steele Creek Physical Therapy & Balance Center, Inc",,Request an Appointment,"Steele Creek Physical Therapy & Balance Center, Inc",,2021-09-13T07:57:17.071-04:00,2021-09-21T10:10:52.924-04:00,https://sites.webpt.com/34158/request-an-appointment
34224,Steward Medical Group,,Request an Appointment,Steward Medical Group,,2021-05-28T14:39:21.121-04:00,2021-05-28T14:59:24.886-04:00,https://sites.webpt.com/34224/request-an-appointment
34290,Triumph Physical Therapy,,Request an Appointment,Triumph Physical Therapy,,2021-06-01T18:38:51.212-04:00,2021-06-01T18:38:51.212-04:00,https://sites.webpt.com/34290/request-an-appointment
34389,Triumph Physical Therapy,,Request an Appointment,Triumph Physical Therapy,,2021-06-03T19:28:53.683-04:00,2021-06-03T19:39:06.446-04:00,https://sites.webpt.com/34389/request-an-appointment
34488,Rob Rosenberry Pain Management,,Request an Appointment,Rob Rosenberry Pain Management,,2022-03-10T09:47:10.499-05:00,2022-03-10T09:47:10.499-05:00,https://sites.webpt.com/34488/request-an-appointment
34589,Pro Vita Physical Therapy,,Request an Appointment,Pro Vita Physical Therapy,,2021-06-07T15:58:21.138-04:00,2024-02-27T05:55:56.979-05:00,https://sites.webpt.com/34589/request-an-appointment
34621,New West Orthopaedic & Sports Rehabilitation,,Request an Appointment,New West Orthopaedic & Sports Rehabilitation,,2021-12-02T11:25:37.668-05:00,2022-02-01T11:06:23.108-05:00,https://sites.webpt.com/34621/request-an-appointment
34719,Rosal Rehab Services - A Physical Therapy Corporation,,Request an Appointment,Rosal Rehab Services - A Physical Therapy Corporation,,2025-05-13T17:09:14.519-04:00,2025-05-13T17:09:14.519-04:00,https://sites.webpt.com/34719/request-an-appointment
34884,Fyzical Dizziness & Fall Prevention Center,,Request an Appointment,Fyzical Dizziness & Fall Prevention Center,,2025-08-26T14:44:43.534-04:00,2025-08-26T14:44:43.534-04:00,https://sites.webpt.com/34884/request-an-appointment
34952,Back in Action Therapy,,Request an Appointment,Back in Action Therapy,,2023-01-05T15:29:49.394-05:00,2023-01-05T15:32:38.608-05:00,https://sites.webpt.com/34952/request-an-appointment
34984,Factor Physical Therapy,,Request an Appointment,Factor Physical Therapy,,2026-03-04T19:46:40.937-05:00,2026-03-04T20:48:31.126-05:00,https://sites.webpt.com/34984/request-an-appointment
35082,Reach Essentials/Enhanced/Plus/Premium 10.2021 OB Profile,,Request an Appointment,Reach Essentials/Enhanced/Plus/Premium 10.2021 OB Profile,,2021-06-14T10:41:57.645-04:00,2021-06-14T10:41:57.645-04:00,https://sites.webpt.com/35082/request-an-appointment
35281,Engstrom Physical Therapy and Performance Training,,Request an Appointment,Engstrom Physical Therapy and Performance Training,,2026-09-08T13:41:34.534-04:00,2026-09-08T13:41:34.534-04:00,https://sites.webpt.com/35281/request-an-appointment
35313,FYZICAL,,Request an Appointment,FYZICAL,,2024-12-12T20:47:57.092-05:00,2024-12-12T20:58:13.880-05:00,https://sites.webpt.com/35313/request-an-appointment
35412,"PhysioFit RX, PLLC",,Request an Appointment,"PhysioFit RX, PLLC",,2021-07-23T15:08:02.557-04:00,2021-07-23T15:08:02.557-04:00,https://sites.webpt.com/35412/request-an-appointment
35478,FYZICAL Therapy and Balance Centers - North Naples (Pelican Bay),,Request an Appointment,FYZICAL Therapy and Balance Centers - North Naples (Pelican Bay),,2022-11-10T08:53:05.374-05:00,2022-12-01T14:04:20.258-05:00,https://sites.webpt.com/35478/request-an-appointment
35610,Pro Motion Physical Therapy,,Request an Appointment,Pro Motion Physical Therapy,,2021-06-17T12:55:16.329-04:00,2021-10-28T15:14:20.597-04:00,https://sites.webpt.com/35610/request-an-appointment
35643,West Bay Sports Medicine and Rehabilitation Center,,Request an Appointment,West Bay Sports Medicine and Rehabilitation Center,,2025-10-08T12:47:55.279-04:00,2025-10-08T12:47:55.279-04:00,https://sites.webpt.com/35643/request-an-appointment
35676,Carolina Orthopedic Rehab,,Request an Appointment,Carolina Orthopedic Rehab,,2025-07-29T22:39:59.055-04:00,2025-07-29T22:39:59.055-04:00,https://sites.webpt.com/35676/request-an-appointment
35677,Paloma Wellness and Rehabilitation,,Request an Appointment,Paloma Wellness and Rehabilitation,,2021-06-17T16:02:23.503-04:00,2021-07-01T16:09:24.542-04:00,https://sites.webpt.com/35677/request-an-appointment
35742,First Priority Rehabilitation Center,,Request an Appointment,First Priority Rehabilitation Center,,2021-06-17T17:36:45.398-04:00,2021-06-22T14:52:45.595-04:00,https://sites.webpt.com/35742/request-an-appointment
35841,"Carolina Therapy Solutions for Kids, LLC",,Request an Appointment,"Carolina Therapy Solutions for Kids, LLC",,2021-06-21T12:34:22.672-04:00,2021-06-21T12:34:22.672-04:00,https://sites.webpt.com/35841/request-an-appointment
35940,Total Wellness Physical Therapy,,Request an Appointment,Total Wellness Physical Therapy,,2021-06-21T20:29:55.998-04:00,2021-08-13T16:39:45.412-04:00,https://sites.webpt.com/35940/request-an-appointment
35973,Full Distance Physical Therapy & Wellness,,Full Distance at Mariners Landing,Full Distance Physical Therapy & Wellness,,2021-06-22T09:23:24.959-04:00,2021-10-11T08:28:58.741-04:00,https://sites.webpt.com/35973/request-an-appointment
36138,"Creekside Physical Therapy, PLLC",,Request an Appointment,"Creekside Physical Therapy, PLLC",,2026-01-07T23:10:31.826-05:00,2026-01-07T23:18:09.358-05:00,https://sites.webpt.com/36138/request-an-appointment
36205,TierOne Physical Therapy,,Request an Appointment,TierOne Physical Therapy,,2022-03-31T11:46:15.894-04:00,2022-03-31T11:46:15.894-04:00,https://sites.webpt.com/36205/request-an-appointment
36270,Sanders Hand and Pediatric Therapy,,Request an Appointment,Sanders Hand and Pediatric Therapy,,2021-07-27T14:50:45.713-04:00,2021-08-16T17:43:50.917-04:00,https://sites.webpt.com/36270/request-an-appointment
36303,Yakos Therapy,,Request an Appointment,Yakos Therapy,,2021-06-25T08:29:55.102-04:00,2021-08-20T14:32:39.103-04:00,https://sites.webpt.com/36303/request-an-appointment
36501,Star Physical Therapy and Fitness,,Request an Appointment,Star Physical Therapy and Fitness,,2021-06-28T13:31:56.781-04:00,2021-07-07T11:05:59.925-04:00,https://sites.webpt.com/36501/request-an-appointment
36534,Speech Therapy Matters,,Request an Appointment,Total Speech Therapy,,2021-06-28T17:57:36.883-04:00,2026-03-02T23:32:00.706-05:00,https://sites.webpt.com/36534/request-an-appointment
36600,"Dynamic Physical Therapy & Wellness, LLC",,Request an Appointment,"Dynamic Physical Therapy & Wellness, LLC",,2022-01-19T15:02:53.778-05:00,2022-03-29T14:46:00.854-04:00,https://sites.webpt.com/36600/request-an-appointment
36666,Blount Memorial Total Rehabilitation,,Request an Appointment,Blount Memorial Total Rehabilitation,,2021-11-17T12:30:24.461-05:00,2023-02-21T11:09:34.390-05:00,https://sites.webpt.com/36666/request-an-appointment
37062,Yoni's Physical Therapy,,Request an Appointment,Yoni's Physical Therapy,,2023-07-24T21:25:36.040-04:00,2023-07-24T21:29:48.548-04:00,https://sites.webpt.com/37062/request-an-appointment
37063,Next Level Physical Therapy,,Request an Appointment,Next Level Physical Therapy,,2026-07-30T15:41:37.701-04:00,2026-07-30T15:41:37.701-04:00,https://sites.webpt.com/37063/request-an-appointment
37197,Optimal Movement PT,,Request an Appointment,Optimal Movement PT,,2025-03-07T16:06:01.801-05:00,2025-03-07T16:30:09.655-05:00,https://sites.webpt.com/37197/request-an-appointment
37228,NAU Physical Therapy and Wellness,,Request an Appointment,NAU Physical Therapy and Wellness,,2021-07-06T21:38:46.968-04:00,2021-07-06T21:46:29.158-04:00,https://sites.webpt.com/37228/request-an-appointment
37293,"Oklahoma Hand and Physical Therapy, LLC",,Request an Appointment,"Oklahoma Hand and Physical Therapy, LLC",,2021-07-07T14:15:13.547-04:00,2021-07-07T14:20:29.287-04:00,https://sites.webpt.com/37293/request-an-appointment
37394,Orthopedic Rehab Specialists,,Request an Appointment,Orthopedic Rehab Specialists,,2021-07-08T13:48:05.218-04:00,2021-07-08T13:48:05.218-04:00,https://sites.webpt.com/37394/request-an-appointment
37492,Therapy Innovations,,Request an Appointment,Therapy Innovations,,2025-11-25T09:59:57.200-05:00,2025-11-25T09:59:57.200-05:00,https://sites.webpt.com/37492/request-an-appointment
37722,Rehab Specialists Inc,,Request an Appointment,Rehab Specialists Inc,,2021-07-15T11:31:21.253-04:00,2021-07-15T11:45:37.617-04:00,https://sites.webpt.com/37722/request-an-appointment
37953,Balance Physical Therapy,,Request an Appointment,Balance Physical Therapy,,2021-07-16T14:48:45.474-04:00,2021-07-16T14:48:45.474-04:00,https://sites.webpt.com/37953/request-an-appointment
38118,Integrative Solutions Physical Therapy,,Request an Appointment,Integrative Solutions Physical Therapy,,2024-07-17T09:48:34.428-04:00,2024-07-17T09:48:34.428-04:00,https://sites.webpt.com/38118/request-an-appointment
38217,Hudson In Home Physical Therapy,,Request an Appointment,Hudson In Home Physical Therapy,,2021-07-20T14:50:20.047-04:00,2021-07-20T15:48:10.182-04:00,https://sites.webpt.com/38217/request-an-appointment
38448,Return2Sport,,Request an Appointment,Return2Sport,,2021-07-23T09:30:43.134-04:00,2021-07-23T09:30:43.134-04:00,https://sites.webpt.com/38448/request-an-appointment
38449,Westchase Physical Therapy & Medical Supply,,Westchase Physical Therapy,Westchase Physical Therapy & Medical Supply,,2021-07-23T09:54:37.046-04:00,2021-08-05T11:59:03.223-04:00,https://sites.webpt.com/38449/request-an-appointment
38580,MVP Physio Dr. LLC,,Request an Appointment,MVP Physio Dr. LLC,,2025-07-01T14:18:53.558-04:00,2025-07-01T14:31:37.045-04:00,https://sites.webpt.com/38580/request-an-appointment
38614,Longview Family Physical Therapy,,Request an Appointment,Longview Family Physical Therapy,,2025-08-28T14:00:47.253-04:00,2025-08-28T14:00:47.253-04:00,https://sites.webpt.com/38614/request-an-appointment
38647,Coastal Hand Therapy,,Request an Appointment,Coastal Hand Therapy,,2026-01-02T20:20:15.390-05:00,2026-01-02T20:28:31.885-05:00,https://sites.webpt.com/38647/request-an-appointment
38745,Talem Active Body and Spine Therapy,,Request an Appointment,Talem Active Body and Spine Therapy,,2025-07-31T13:21:36.802-04:00,2025-08-01T09:30:00.938-04:00,https://sites.webpt.com/38745/request-an-appointment
38844,Mountain Land Physical Therapy,,Request an Appointment,Mountain Land Physical Therapy,,2021-08-02T13:21:09.930-04:00,2022-08-30T13:57:31.157-04:00,https://sites.webpt.com/38844/request-an-appointment
38877,"Southern Rehab Physical Therapy
www.southernrehabpt.com",,Request an Appointment,"Southern Rehab Physical Therapy
www.southernrehabpt.com",,2021-08-02T15:56:54.581-04:00,2022-04-07T09:28:10.015-04:00,https://sites.webpt.com/38877/request-an-appointment
39075,Physical Therapy Specialists,,Request an Appointment,Physical Therapy Specialists,,2021-08-05T16:15:13.878-04:00,2021-08-05T16:15:13.878-04:00,https://sites.webpt.com/39075/request-an-appointment
39141,Chiropractic and Sports Rehabilitation Institute,,Request an Appointment,Chiropractic and Sports Rehabilitation Institute,,2025-11-19T19:19:51.973-05:00,2025-11-19T20:50:02.579-05:00,https://sites.webpt.com/39141/request-an-appointment
39143,Physical Therapy Group of Florida,,Request an Appointment,Physical Therapy Group of Florida,,2021-08-05T19:55:06.691-04:00,2021-08-05T19:55:06.691-04:00,https://sites.webpt.com/39143/request-an-appointment
39212,FYZICAL Therapy and Balance Centers - Mechanicsburg / Carlisle Pike,,Request an Appointment,FYZICAL Therapy and Balance Centers - Mechanicsburg / Carlisle Pike,,2021-08-09T16:45:31.467-04:00,2021-08-09T16:46:26.195-04:00,https://sites.webpt.com/39212/request-an-appointment
39242,Moveo Performance LLC,,Request an Appointment,Moveo Performance LLC,,2023-01-03T10:40:56.717-05:00,2023-01-29T13:03:12.438-05:00,https://sites.webpt.com/39242/request-an-appointment
39243,Northbound Health,,Request an Appointment,Northbound Health,,2021-08-31T13:54:22.320-04:00,2021-10-12T09:54:42.949-04:00,https://sites.webpt.com/39243/request-an-appointment
39375,MVP Physical Therapy,,Request an Appointment,MVP Physical Therapy,,2025-04-14T10:01:00.255-04:00,2025-04-14T10:01:00.255-04:00,https://sites.webpt.com/39375/request-an-appointment
39405,Georgia Carolina Orthopedics,,Request an Appointment,Georgia Carolina Orthopedics,,2021-08-12T14:44:07.106-04:00,2021-08-12T14:44:07.106-04:00,https://sites.webpt.com/39405/request-an-appointment
39702,WebPT Intake Form QA,,Request an Appointment,WebPT Intake Form QA,,2021-08-17T14:25:40.618-04:00,2021-08-17T14:25:40.618-04:00,https://sites.webpt.com/39702/request-an-appointment
39735,The Fitness Lab,,Request an Appointment,The Fitness Lab,,2021-08-17T15:52:16.724-04:00,2021-08-17T15:52:16.724-04:00,https://sites.webpt.com/39735/request-an-appointment
39801,Atlas Physical Therapy,,Request an Appointment,Atlas Physical Therapy,,2021-08-23T16:53:40.109-04:00,2022-05-20T17:19:36.922-04:00,https://sites.webpt.com/39801/request-an-appointment
39900,Edgewater Orthopedic Physical Therapy,,Request an Appointment,Edgewater Orthopedic Physical Therapy,,2021-08-19T15:52:35.198-04:00,2021-08-19T15:52:35.198-04:00,https://sites.webpt.com/39900/request-an-appointment
40065,Triumph Physical Therapy & Wellness Center,,Request an Appointment,Triumph Physical Therapy & Wellness Center,,2021-08-20T12:44:13.710-04:00,2021-08-20T13:25:11.210-04:00,https://sites.webpt.com/40065/request-an-appointment
40098,United ProCare,,Request an Appointment,United ProCare,,2024-10-22T23:48:09.771-04:00,2024-10-22T23:48:09.771-04:00,https://sites.webpt.com/40098/request-an-appointment
40296,Smith Physical Therapy & Wellness,,Request an Appointment,Smith Physical Therapy & Wellness,,2022-04-21T13:15:01.799-04:00,2022-04-21T13:15:01.799-04:00,https://sites.webpt.com/40296/request-an-appointment
40362,Colorado Center for Physical Therapy,,Request an Appointment,Colorado Center for Physical Therapy,,2021-08-25T11:42:48.548-04:00,2021-08-25T11:49:47.892-04:00,https://sites.webpt.com/40362/request-an-appointment
40396,Silver Lining Physical Therapy & Wellness,,Request an Appointment,Silver Lining Physical Therapy & Wellness,,2025-04-29T19:56:38.458-04:00,2025-04-29T19:56:38.458-04:00,https://sites.webpt.com/40396/request-an-appointment
40462,Summit Rehabilitation Associates,,Request an Appointment,Summit Rehabilitation Associates,,2023-09-06T14:00:35.447-04:00,2024-09-12T14:47:16.626-04:00,https://sites.webpt.com/40462/request-an-appointment
40593,Twin Rivers Physical Therapy,,Request an Appointment,Twin Rivers Physical Therapy,,2021-08-30T12:56:24.768-04:00,2022-02-07T14:32:52.404-05:00,https://sites.webpt.com/40593/request-an-appointment
40627,ARC Rehab Services LLC,,Request an Appointment,ARC Rehab Services LLC,,2025-05-05T19:11:48.399-04:00,2025-05-05T19:11:48.399-04:00,https://sites.webpt.com/40627/request-an-appointment
40659,Gold Leaf Physical Therapy,,Request an Appointment,Gold Leaf Physical Therapy,,2021-08-31T11:51:22.497-04:00,2021-08-31T11:51:22.497-04:00,https://sites.webpt.com/40659/request-an-appointment
40792,RehabGurus,,Request an Appointment,RehabGurus,,2026-08-07T13:12:37.747-04:00,2026-08-07T13:12:37.747-04:00,https://sites.webpt.com/40792/request-an-appointment
40824,Vida Holistic Wellness Studio,,Request an Appointment,Vida Holistic Wellness Studio,,2025-07-21T14:08:18.421-04:00,2025-07-21T14:08:18.421-04:00,https://sites.webpt.com/40824/request-an-appointment
40891,Movement Systems Physical Therapy & Fitness LLC,,Request an Appointment,Movement Systems Physical Therapy & Fitness LLC,,2025-01-14T23:08:44.316-05:00,2025-01-14T23:08:44.316-05:00,https://sites.webpt.com/40891/request-an-appointment
40892,Orthopedic Specialists of Oakland County,,Request an Appointment,Orthopedic Specialists of Oakland County,,2022-08-26T14:21:53.522-04:00,2022-08-26T14:21:53.522-04:00,https://sites.webpt.com/40892/request-an-appointment
41055,Preston Square Rehab and Wellness,,Request an Appointment,Preston Square Rehab and Wellness,,2021-09-08T17:22:26.589-04:00,2021-09-09T10:19:05.920-04:00,https://sites.webpt.com/41055/request-an-appointment
41187,CHIP Physical Therapy,,Request an Appointment,CHIP Physical Therapy,,2025-08-04T13:45:11.826-04:00,2025-08-04T13:45:11.826-04:00,https://sites.webpt.com/41187/request-an-appointment
41253,MEDSTAR TEST,,Request an Appointment,MEDSTAR TEST,,2021-09-13T19:35:53.894-04:00,2021-09-13T19:35:53.894-04:00,https://sites.webpt.com/41253/request-an-appointment
41254,Ascent PT - Millwood,,Request an Appointment,Ascent PT - Millwood,,2021-09-13T19:40:25.563-04:00,2021-09-13T19:51:21.914-04:00,https://sites.webpt.com/41254/request-an-appointment
41286,Pagnani Physical Therapy,,Request an Appointment,Pagnani Physical Therapy,,2021-09-14T16:04:29.928-04:00,2021-10-19T12:52:53.286-04:00,https://sites.webpt.com/41286/request-an-appointment
41584,Hands On Physical Therapy,,Request an Appointment,Hands On Physical Therapy,,2021-09-20T13:04:55.309-04:00,2021-09-20T13:04:55.309-04:00,https://sites.webpt.com/41584/request-an-appointment
41617,Theramedic Rehab and Physical Therapy LLC,,Request an Appointment,Theramedic Rehab and Physical Therapy LLC,,2021-09-20T14:36:48.756-04:00,2021-09-20T14:57:13.688-04:00,https://sites.webpt.com/41617/request-an-appointment
41814,Burgettstown Physical Therapy,,Request an Appointment,Burgettstown Physical Therapy,,2021-09-24T12:03:36.272-04:00,2021-09-24T12:03:36.272-04:00,https://sites.webpt.com/41814/request-an-appointment
41880,Dot Physical Therapy Center,,Request an Appointment,Dot Physical Therapy Center,,2025-04-15T14:29:29.233-04:00,2025-04-15T14:29:29.233-04:00,https://sites.webpt.com/41880/request-an-appointment
41980,Physical Therapy Associates,,Request an Appointment,Physical Therapy Associates,,2025-04-22T12:15:26.232-04:00,2025-07-03T11:43:42.616-04:00,https://sites.webpt.com/41980/request-an-appointment
42111,Westlake Physical Therapy,,Request an Appointment,Westlake Physical Therapy,,2021-09-29T11:43:48.990-04:00,2021-09-29T11:43:48.990-04:00,https://sites.webpt.com/42111/request-an-appointment
42144,WebPT Product Design Team Demo,,Request an Appointment,WebPT Product Design Team Demo,,2021-09-29T12:53:44.822-04:00,2021-09-29T12:53:44.822-04:00,https://sites.webpt.com/42144/request-an-appointment
42309,Restoration Bodyworks Wellness and Physical Therapy,,Request an Appointment,Restoration Bodyworks Wellness and Physical Therapy,,2021-10-01T14:47:37.602-04:00,2021-10-01T14:54:14.935-04:00,https://sites.webpt.com/42309/request-an-appointment
42375,Centre Rehab,,Request an Appointment,Centre Rehab,,2025-06-27T08:49:28.364-04:00,2025-06-27T09:03:29.132-04:00,https://sites.webpt.com/42375/request-an-appointment
42540,Nassau Sports Care,,Request an Appointment,Nassau Sports Care,,2025-06-27T08:29:57.468-04:00,2025-06-27T08:39:36.205-04:00,https://sites.webpt.com/42540/request-an-appointment
42606,Healthtrax Physical Therapy,,Request an Appointment,Healthtrax Physical Therapy,,2021-10-08T11:31:41.870-04:00,2021-10-08T11:31:41.870-04:00,https://sites.webpt.com/42606/request-an-appointment
42639,USC Physical Therapy,,Request an Appointment,USC Physical Therapy,,2021-10-08T13:33:56.484-04:00,2021-11-10T15:39:48.172-05:00,https://sites.webpt.com/42639/request-an-appointment
42772,Priority Physical Therapy NM,,Request an Appointment,Priority Physical Therapy NM,,2025-07-28T13:29:59.808-04:00,2025-07-28T13:29:59.808-04:00,https://sites.webpt.com/42772/request-an-appointment
42773,PT360 ATL LLC,,Request an Appointment,PT360 ATL LLC,,2021-10-12T17:24:05.978-04:00,2021-10-12T17:24:05.978-04:00,https://sites.webpt.com/42773/request-an-appointment
42837,Action Physical Therapy,,Request an Appointment,Action Physical Therapy,,2021-10-13T11:29:16.147-04:00,2021-10-13T11:29:16.147-04:00,https://sites.webpt.com/42837/request-an-appointment
42903,B and B Physical Therapy,,Request an Appointment,B and B Physical Therapy,,2021-10-13T15:41:44.651-04:00,2021-10-13T15:41:44.651-04:00,https://sites.webpt.com/42903/request-an-appointment
43268,"Dynamic Physical Therapy & Wellness, LLC",,Request an Appointment,"Dynamic Physical Therapy & Wellness, LLC",,2024-04-19T12:50:25.999-04:00,2024-04-19T12:50:25.999-04:00,https://sites.webpt.com/43268/request-an-appointment
43332,Advance Therapy,,Request an Appointment,Advance Therapy,,2021-12-01T10:39:29.006-05:00,2021-12-01T10:39:29.006-05:00,https://sites.webpt.com/43332/request-an-appointment
43662,"LifeLine Partners, Inc",,Request an Appointment,"LifeLine Partners, Inc.",,2021-10-22T17:58:27.272-04:00,2021-10-22T18:12:43.119-04:00,https://sites.webpt.com/43662/request-an-appointment
43794,Fyzical Miami,,Request an Appointment,Fyzical Miami,,2021-10-25T14:53:00.387-04:00,2021-10-25T14:53:00.387-04:00,https://sites.webpt.com/43794/request-an-appointment
44388,Mooresville Sports & Physical Therapy,,Request an Appointment,Mooresville Sports & Physical Therapy,,2025-07-09T16:04:37.411-04:00,2025-07-09T16:13:48.201-04:00,https://sites.webpt.com/44388/request-an-appointment
44455,Core Physical Medicine,,Request an Appointment,Core Physical Medicine,,2021-11-02T15:09:49.238-04:00,2021-11-02T15:09:49.238-04:00,https://sites.webpt.com/44455/request-an-appointment
44553,"Park Avenue Therapies, Inc",,Request an Appointment,"Park Avenue Therapies, Inc.",,2026-05-28T12:13:49.911-04:00,2026-05-28T12:13:49.911-04:00,https://sites.webpt.com/44553/request-an-appointment
44784,Surgical Institute of Reading,,Request an Appointment,Surgical Institute of Reading,,2021-11-09T15:31:14.716-05:00,2021-11-09T15:31:14.716-05:00,https://sites.webpt.com/44784/request-an-appointment
44883,FYZICAL Cinco Ranch,,Request an Appointment,FYZICAL Cinco Ranch,,2023-04-03T11:15:15.520-04:00,2023-04-03T11:25:43.780-04:00,https://sites.webpt.com/44883/request-an-appointment
44950,"In Home Physical Therapy, LLC",,Request an Appointment,"In Home Physical Therapy, LLC",,2025-05-30T15:14:49.582-04:00,2025-05-30T15:34:34.243-04:00,https://sites.webpt.com/44950/request-an-appointment
44983,Dodd Therapy Center,,Request an Appointment,Dodd Therapy Center,,2025-03-31T17:40:47.978-04:00,2025-03-31T17:56:41.765-04:00,https://sites.webpt.com/44983/request-an-appointment
45048,"Go Forward Physical Therapy, PLLC",,Request an Appointment,"Go Forward Physical Therapy, PLLC",,2024-05-31T17:11:02.834-04:00,2024-05-31T17:11:02.834-04:00,https://sites.webpt.com/45048/request-an-appointment
45411,West Bloomfield Physical Therapy Inc,,Request an Appointment,West Bloomfield Physical Therapy Inc.,,2022-05-05T21:15:40.682-04:00,2022-05-05T21:35:23.595-04:00,https://sites.webpt.com/45411/request-an-appointment
45708,Physical Therapy Specialists - CA,,Request an Appointment,Physical Therapy Specialists - CA,,2025-06-13T21:01:32.849-04:00,2025-06-13T22:07:46.478-04:00,https://sites.webpt.com/45708/request-an-appointment
45741,Community Care Physical Therapy,,Request an Appointment,Community Care Physical Therapy,,2025-05-14T14:29:56.953-04:00,2025-05-14T14:29:56.953-04:00,https://sites.webpt.com/45741/request-an-appointment
45743,G3 Physical Therapy,,Request an Appointment,G3 Physical Therapy,,2025-03-27T00:13:59.593-04:00,2025-03-27T00:13:59.593-04:00,https://sites.webpt.com/45743/request-an-appointment
45774,Resilient Rx Physical Therapy,,Request an Appointment,Resilient Rx Physical Therapy,,2025-10-13T15:15:08.655-04:00,2025-10-13T15:38:17.948-04:00,https://sites.webpt.com/45774/request-an-appointment
45939,OrthoHealth Physio & Performance,,Request an Appointment,OrthoHealth Physio & Performance,,2025-06-04T01:53:28.041-04:00,2025-06-04T01:53:28.041-04:00,https://sites.webpt.com/45939/request-an-appointment
46038,Kaizen Physical Therapy,,Request an Appointment,Kaizen Physical Therapy,,2021-12-03T13:20:15.876-05:00,2022-01-19T18:50:30.694-05:00,https://sites.webpt.com/46038/request-an-appointment
46071,Fyzical - South Scottsdale,,Request an Appointment,Fyzical - South Scottsdale,,2024-07-19T12:32:09.611-04:00,2024-07-19T12:32:09.611-04:00,https://sites.webpt.com/46071/request-an-appointment
46104,Hawaii Pelvic Therapy,,Request an Appointment,Hawaii Pelvic Therapy,,2024-08-29T10:38:24.915-04:00,2024-08-29T10:38:24.915-04:00,https://sites.webpt.com/46104/request-an-appointment
46138,NeuroBalance Physical Therapy,,Request an Appointment,NeuroBalance Physical Therapy,,2026-01-30T21:52:33.600-05:00,2026-01-30T21:59:59.561-05:00,https://sites.webpt.com/46138/request-an-appointment
46170,MountainTop Physical Therapy and Wellness Center,,Request an Appointment,MountainTop Physical Therapy and Wellness Center,,2021-12-07T10:20:34.230-05:00,2021-12-07T10:20:34.230-05:00,https://sites.webpt.com/46170/request-an-appointment
46335,Back to Balance Physical Therapy,,Request an Appointment,Back to Balance Physical Therapy,,2021-12-09T11:13:40.028-05:00,2021-12-09T11:13:40.028-05:00,https://sites.webpt.com/46335/request-an-appointment
46368,"40:31 Physical Therapy and Fitness, PLLC",,Request an Appointment,"40:31 Physical Therapy and Fitness, PLLC",,2026-06-11T14:35:04.944-04:00,2026-06-11T15:18:00.126-04:00,https://sites.webpt.com/46368/request-an-appointment
46467,The Ryan Ferns Healthplex Inc,,Request an Appointment,The Ryan Ferns Healthplex Inc,,2021-12-13T11:18:13.576-05:00,2021-12-13T11:40:38.300-05:00,https://sites.webpt.com/46467/request-an-appointment
46500,Coastal Mobile Therapy,,Request an Appointment,Coastal Mobile Therapy,,2021-12-13T13:17:14.961-05:00,2021-12-13T13:17:14.961-05:00,https://sites.webpt.com/46500/request-an-appointment
46699,Legent Therapy Centers,,Request an Appointment,Legent Therapy Centers,,2025-09-11T18:32:10.121-04:00,2025-09-11T18:49:23.835-04:00,https://sites.webpt.com/46699/request-an-appointment
46797,Chad Backus Physical Therapy,,Request an Appointment,Chad Backus Physical Therapy,,2025-09-12T23:50:50.201-04:00,2025-09-12T23:50:50.201-04:00,https://sites.webpt.com/46797/request-an-appointment
46830,Orange County Occupational Therapy,,Request an Appointment,Orange County Occupational Therapy,,2025-05-05T19:02:27.215-04:00,2025-05-05T19:02:27.215-04:00,https://sites.webpt.com/46830/request-an-appointment
47061,WebPT Intake Form QA 2.0,,Request an Appointment,WebPT Intake Form QA 2.0,,2021-12-21T16:52:45.307-05:00,2021-12-21T16:52:45.307-05:00,https://sites.webpt.com/47061/request-an-appointment
47391,Lattimore Physical Therapy and Sports Rehabilitation,,Request an Appointment,Lattimore Physical Therapy and Sports Rehabilitation,,2021-12-28T11:56:14.063-05:00,2021-12-28T11:56:14.063-05:00,https://sites.webpt.com/47391/request-an-appointment
47424,Physiomove Physical Therapy,,Request an Appointment,Physiomove Physical Therapy,,2021-12-28T12:52:29.484-05:00,2021-12-28T12:52:29.484-05:00,https://sites.webpt.com/47424/request-an-appointment
47457,Therapy Works,,Request an Appointment,Therapy Works,,2021-12-29T08:21:25.169-05:00,2021-12-29T08:21:25.169-05:00,https://sites.webpt.com/47457/request-an-appointment
47787,Melina's Demo Account,,Request an Appointment,Melina's Demo Account,,2022-01-04T11:21:42.743-05:00,2022-01-04T11:21:42.743-05:00,https://sites.webpt.com/47787/request-an-appointment
47821,"Progressive Physical Therapy of NY, PC",,Request an Appointment,"Progressive Physical Therapy of NY, PC",,2022-01-04T11:36:46.560-05:00,2022-01-04T11:36:46.560-05:00,https://sites.webpt.com/47821/request-an-appointment
48216,choose physical therap ﻿ y,,Request an Appointment,Renue Physical Therapy,,2022-01-10T14:35:51.292-05:00,2022-02-04T10:23:11.640-05:00,https://sites.webpt.com/48216/request-an-appointment
48282,Comprehensive Physical Therapy Centers,,Request an Appointment,Comprehensive Physical Therapy Centers,,2022-01-11T10:18:48.728-05:00,2022-01-11T10:18:48.728-05:00,https://sites.webpt.com/48282/request-an-appointment
48315,In It Together Physical Therapy,,Request an Appointment,In It Together Physical Therapy,,2022-01-11T11:25:43.900-05:00,2022-01-11T11:25:43.900-05:00,https://sites.webpt.com/48315/request-an-appointment
48579,FYZICAL Therapy and Balance Centers - Woodstock,,Fall Risk Assessment,FYZICAL Therapy and Balance Centers - Woodstock,,2022-01-12T15:04:52.925-05:00,2023-06-10T10:44:50.357-04:00,https://sites.webpt.com/48579/request-an-appointment
48678,Abilities Physical Therapy DBA Action Therapy Inc,,Request an Appointment,Abilities Physical Therapy DBA Action Therapy Inc,,2022-01-13T07:16:35.323-05:00,2022-01-31T08:02:15.791-05:00,https://sites.webpt.com/48678/request-an-appointment
48777,Dr. Heather White Chiropractic and Wellness,,Request an Appointment,Dr. Heather White Chiropractic and Wellness,,2022-01-14T10:50:01.124-05:00,2022-01-14T10:50:01.124-05:00,https://sites.webpt.com/48777/request-an-appointment
49041,Kingsley Physical Therapy,,Request an Appointment,Kingsley Physical Therapy,,2025-04-03T18:09:05.752-04:00,2025-04-03T18:09:05.752-04:00,https://sites.webpt.com/49041/request-an-appointment
49470,Courcier Clinic Physical Therapy,,Request an Appointment,Courcier Clinic Physical Therapy,,2022-01-26T11:42:23.810-05:00,2022-01-26T11:42:23.810-05:00,https://sites.webpt.com/49470/request-an-appointment
49569,Evolve Physical Therapy and Sports - LA,,Request an Appointment,Evolve Physical Therapy and Sports - LA,,2022-03-08T07:25:59.406-05:00,2022-03-08T07:25:59.406-05:00,https://sites.webpt.com/49569/request-an-appointment
49668,King Physical Therapy & Fitness,,Request an Appointment,King Physical Therapy & Fitness,,2022-01-31T08:54:06.475-05:00,2022-01-31T11:30:10.373-05:00,https://sites.webpt.com/49668/request-an-appointment
49734,Full Range Health Services,,Request an Appointment,Full Range Health Services,,2022-01-31T11:48:57.258-05:00,2022-01-31T12:13:02.133-05:00,https://sites.webpt.com/49734/request-an-appointment
49833,Monterey Bay Speech Therapy,,Request an Appointment,Monterey Bay Speech Therapy,,2026-03-26T15:53:24.802-04:00,2026-03-26T15:53:24.802-04:00,https://sites.webpt.com/49833/request-an-appointment
49867,All-Star Rehab Plus Kids PLLC,,Request an Appointment,All-Star Rehab Plus Kids PLLC,,2025-06-10T16:15:39.616-04:00,2025-06-10T16:15:39.616-04:00,https://sites.webpt.com/49867/request-an-appointment
49868,First Choice Physical Therapy,,Request an Appointment,First Choice Physical Therapy,,2022-02-01T10:43:29.221-05:00,2022-02-09T13:08:02.248-05:00,https://sites.webpt.com/49868/request-an-appointment
49899,Summit Physical Therapy,,Request an Appointment,Summit Physical Therapy,,2022-02-01T15:52:42.055-05:00,2022-02-01T15:52:42.055-05:00,https://sites.webpt.com/49899/request-an-appointment
49900,Livevital Physical Therapy and Performance,,Request an Appointment,Livevital Physical Therapy and Performance,,2024-03-27T18:39:54.144-04:00,2024-03-27T18:39:54.144-04:00,https://sites.webpt.com/49900/request-an-appointment
49965,Lake Chelan Health- Rehab Department,,Request an Appointment,Lake Chelan Health- Rehab Department,,2022-02-01T16:44:56.355-05:00,2022-02-01T16:44:56.355-05:00,https://sites.webpt.com/49965/request-an-appointment
49998,Pro Motion Physical Therapy,,Request an Appointment,Pro Motion Physical Therapy,,2022-02-04T12:21:55.267-05:00,2022-02-04T12:21:55.267-05:00,https://sites.webpt.com/49998/request-an-appointment
50064,Poke and Prod,,Request an Appointment,Poke and Prod,,2022-02-03T13:30:05.319-05:00,2022-02-03T13:30:05.319-05:00,https://sites.webpt.com/50064/request-an-appointment
50196,OneRehab,,Request an Appointment,OneRehab,,2022-12-27T12:49:14.385-05:00,2022-12-27T12:54:24.513-05:00,https://sites.webpt.com/50196/request-an-appointment
50493,AcuCare Total Health,,Request an Appointment,AcuCare Total Health,,2022-02-07T10:00:05.096-05:00,2022-02-07T10:00:05.096-05:00,https://sites.webpt.com/50493/request-an-appointment
50625,WebPT: Patient Relationship Management - Digital Patient Intake,,Request an Appointment,WebPT: Patient Relationship Management - Digital Patient Intake,,2022-02-08T02:28:48.886-05:00,2022-02-08T02:28:48.886-05:00,https://sites.webpt.com/50625/request-an-appointment
50757,PT 1st Rehabilitation & Wellness,,Request an Appointment,PT 1st Rehabilitation & Wellness,,2024-08-02T16:09:03.046-04:00,2024-08-02T16:09:03.046-04:00,https://sites.webpt.com/50757/request-an-appointment
50988,Walaʻau Therapy LLC,,Request an Appointment,Walaʻau Therapy LLC,,2025-09-18T12:43:45.534-04:00,2025-09-18T12:43:45.534-04:00,https://sites.webpt.com/50988/request-an-appointment
51087,Physical Therapy & Beyond,,Request an Appointment,Physical Therapy & Beyond,,2025-10-02T17:00:46.858-04:00,2025-10-02T17:00:46.858-04:00,https://sites.webpt.com/51087/request-an-appointment
51714,Clinicient QA,,Request an Appointment,Clinicient QA,,2022-06-28T12:51:13.520-04:00,2022-06-28T12:51:13.520-04:00,https://sites.webpt.com/51714/request-an-appointment
51813,"Wisconsin Chronic Pain Physical Therapy, Inc",,Request an Appointment,"Wisconsin Chronic Pain Physical Therapy, Inc.",,2022-02-24T15:48:14.586-05:00,2022-02-24T15:48:14.586-05:00,https://sites.webpt.com/51813/request-an-appointment
51879,SPOT Rehab,,Request an Appointment,Spot Rehabilitation & Home Health Care,,2022-09-22T09:27:57.741-04:00,2022-11-11T11:00:52.799-05:00,https://sites.webpt.com/51879/request-an-appointment
51978,(INACTIVE DNU) Commotion Physical Therapy,,Request an Appointment,(INACTIVE DNU) Commotion Physical Therapy,,2022-02-25T14:57:31.283-05:00,2022-02-25T15:09:33.685-05:00,https://sites.webpt.com/51978/request-an-appointment
52079,MEDIQ Physical Therapy,,Request an Appointment,MEDIQ Physical Therapy,,2022-02-28T11:53:57.004-05:00,2022-02-28T11:53:57.004-05:00,https://sites.webpt.com/52079/request-an-appointment
52176,Alliance Physical Therapy,,Request an Appointment,Alliance Physical Therapy,,2022-10-20T10:49:49.376-04:00,2022-10-20T10:49:49.376-04:00,https://sites.webpt.com/52176/request-an-appointment
52243,Premier Stretch,premiertherapyassociates.com,INTERNAL Premier Stretch Appointment Request Landing Page,"Premier Therapy Associates 

https://www.premiertherapyassociates.com",,2022-03-01T12:10:35.059-05:00,2026-06-30T14:47:16.756-04:00,https://sites.webpt.com/52243/request-an-appointment
52473,Keet Health,,Request an Appointment,Keet Health,,2022-03-02T11:06:25.369-05:00,2022-03-02T11:06:25.369-05:00,https://sites.webpt.com/52473/request-an-appointment
52539,"Mountain Physical Therapy and Fitness Center, LLC",,Request an Appointment,"Mountain Physical Therapy and Fitness Center, LLC",,2022-03-02T15:22:02.409-05:00,2022-06-09T14:15:44.187-04:00,https://sites.webpt.com/52539/request-an-appointment
52572,Kensington Physical Therapy,,Request an Appointment,Kensington Physical Therapy,,2022-03-02T15:41:37.939-05:00,2022-03-02T15:41:37.939-05:00,https://sites.webpt.com/52572/request-an-appointment
52770,Health Aid Non Surgical Spine Joint and Nerve Clinics,,Request an Appointment,Health Aid Non Surgical Spine Joint and Nerve Clinics,,2022-03-04T16:50:52.617-05:00,2022-03-04T17:03:37.195-05:00,https://sites.webpt.com/52770/request-an-appointment
52903,RVNAhealth Therapy Center,,Request an Appointment,RVNAhealth Therapy Center,,2022-06-13T13:46:55.170-04:00,2024-07-22T11:29:23.831-04:00,https://sites.webpt.com/52903/request-an-appointment
52935,Rozina and Smith Physical Therapy,,Request an Appointment,Rozina and Smith Physical Therapy,,2025-09-17T13:41:49.311-04:00,2025-09-17T13:41:49.311-04:00,https://sites.webpt.com/52935/request-an-appointment
52968,"T.L.C. Physical Therapy, PC",,Request an Appointment,"T.L.C. Physical Therapy, PC",,2022-03-09T16:08:18.771-05:00,2022-03-09T16:13:02.387-05:00,https://sites.webpt.com/52968/request-an-appointment
53034,Athletic Training Center,,Request an Appointment,Athletic Training Center,,2025-10-28T13:33:13.050-04:00,2025-10-28T13:33:13.050-04:00,https://sites.webpt.com/53034/request-an-appointment
53068,Level Up Physical Therapy,,Request an Appointment,Level Up Physical Therapy,,2025-10-29T08:42:58.098-04:00,2025-10-29T08:42:58.098-04:00,https://sites.webpt.com/53068/request-an-appointment
53200,"Rehabilitation Associates, Inc. - CT",,Request an Appointment,"Rehabilitation Associates, Inc. - CT",,2022-03-11T10:41:39.776-05:00,2022-03-21T13:23:21.497-04:00,https://sites.webpt.com/53200/request-an-appointment
53298,Purificato Physical Therapy,,Request an Appointment,Purificato Physical Therapy,,2025-07-01T23:41:40.827-04:00,2025-07-01T23:41:40.827-04:00,https://sites.webpt.com/53298/request-an-appointment
53397,Fyzical Hoover,,Request an Appointment,Fyzical Hoover,,2022-03-14T14:51:16.666-04:00,2022-03-24T11:27:16.900-04:00,https://sites.webpt.com/53397/request-an-appointment
53496,"Scerbo Physical Therapy & Sports Medicine Institute, LLC",,Request an Appointment,"Scerbo Physical Therapy & Sports Medicine Institute, LLC",,2022-03-15T12:24:05.374-04:00,2022-03-15T12:24:05.374-04:00,https://sites.webpt.com/53496/request-an-appointment
53629,Olympia Chiropractic and Physical Therapy,,Request an Appointment,Olympia Chiropractic and Physical Therapy,,2022-03-16T13:37:23.718-04:00,2022-04-26T13:00:26.082-04:00,https://sites.webpt.com/53629/request-an-appointment
53661,Southern Spine Institute,,Request an Appointment,Southern Spine Institute,,2025-04-16T13:29:01.854-04:00,2025-04-16T13:45:20.672-04:00,https://sites.webpt.com/53661/request-an-appointment
53827,Los Alamitos Orthopedic and Sports Physical Therapy,,Request an Appointment,Los Alamitos Orthopedic and Sports Physical Therapy,,2022-03-21T14:28:05.219-04:00,2022-03-21T14:28:05.219-04:00,https://sites.webpt.com/53827/request-an-appointment
53958,Taylor Physical Therapy,,Request an Appointment,Taylor Physical Therapy,,2025-02-26T16:20:14.765-05:00,2025-02-26T17:00:32.788-05:00,https://sites.webpt.com/53958/request-an-appointment
53991,Charlotte One On One Physical Therapy,,Request an Appointment,Charlotte One On One Physical Therapy,,2022-05-23T18:14:43.247-04:00,2022-07-14T13:00:51.470-04:00,https://sites.webpt.com/53991/request-an-appointment
54321,WebPT Patient Relationship Management Team,,Request an Appointment,WebPT Patient Relationship Management Team,,2022-03-27T17:01:23.331-04:00,2023-06-27T12:19:21.232-04:00,https://sites.webpt.com/54321/request-an-appointment
54420,Elevate Physical Therapy and Performance Center,,Request an Appointment,Elevate Physical Therapy and Performance Center,,2024-08-14T09:29:20.316-04:00,2024-08-14T09:29:20.316-04:00,https://sites.webpt.com/54420/request-an-appointment
54520,Valley Physical Therapy,,Request an Appointment,Valley Physical Therapy,,2024-09-30T14:12:06.176-04:00,2024-09-30T14:12:06.176-04:00,https://sites.webpt.com/54520/request-an-appointment
54816,Insight Rehab & Wellness,,Request an Appointment,Insight Rehab & Wellness,,2022-03-31T13:08:22.476-04:00,2022-03-31T13:08:22.476-04:00,https://sites.webpt.com/54816/request-an-appointment
54849,Physical Therapy Center of Excellence,,Request an Appointment,Physical Therapy Center of Excellence,,2025-09-12T16:14:02.616-04:00,2025-09-12T16:14:02.616-04:00,https://sites.webpt.com/54849/request-an-appointment
54915,ProActive Physical Therapy,,Request an Appointment,ProActive Physical Therapy,,2022-04-01T14:08:16.249-04:00,2022-08-30T14:18:07.627-04:00,https://sites.webpt.com/54915/request-an-appointment
55016,Therapy Services LLC,,Request an Appointment,Therapy Services LLC,,2022-04-01T16:39:27.021-04:00,2022-04-01T16:51:07.637-04:00,https://sites.webpt.com/55016/request-an-appointment
55146,Dakota Physical Therapy,,Request an Appointment,Dakota Physical Therapy,,2026-06-25T09:06:08.978-04:00,2026-06-25T09:06:08.978-04:00,https://sites.webpt.com/55146/request-an-appointment
55575,Connections Physical Therapy,,Request an Appointment,Connections Physical Therapy,,2022-04-08T15:39:44.752-04:00,2022-04-08T16:31:12.718-04:00,https://sites.webpt.com/55575/request-an-appointment
55641,Momentum Physical Therapy,,Request an Appointment,Momentum Physical Therapy,,2025-05-13T10:55:08.993-04:00,2025-06-03T11:07:28.567-04:00,https://sites.webpt.com/55641/request-an-appointment
55708,Maryland MSF,,Request an Appointment,Maryland MSF,,2022-04-13T13:32:52.253-04:00,2022-04-13T13:32:52.253-04:00,https://sites.webpt.com/55708/request-an-appointment
55773,Therapy Solutions - NM,,Request an Appointment,Therapy Solutions - NM,,2025-03-04T17:44:18.491-05:00,2025-03-04T17:44:18.491-05:00,https://sites.webpt.com/55773/request-an-appointment
55839,Point North Physical Therapy,,Request an Appointment,Point North Physical Therapy,,2022-04-15T14:38:40.831-04:00,2022-05-03T13:38:20.581-04:00,https://sites.webpt.com/55839/request-an-appointment
55971,Pelvic Health Physical Therapy - NJ,,Request an Appointment,Pelvic Health Physical Therapy - NJ,,2025-05-28T17:37:24.987-04:00,2025-05-28T17:37:24.987-04:00,https://sites.webpt.com/55971/request-an-appointment
56037,Broberg Physical Therapy,,Request an Appointment,Broberg Physical Therapy,,2025-10-20T12:54:18.016-04:00,2025-10-20T12:54:18.016-04:00,https://sites.webpt.com/56037/request-an-appointment
56071,Choose Absolute Therapy,,Request An Evaluation Today!,"Absolute Therapy, LLC",,2025-04-24T09:49:46.439-04:00,2026-02-01T10:59:04.980-05:00,https://sites.webpt.com/56071/request-an-appointment
56268,Florida Spine Associates,,Request an Appointment,Florida Spine Associates,,2022-04-22T17:42:40.118-04:00,2022-04-22T17:52:37.985-04:00,https://sites.webpt.com/56268/request-an-appointment
56367,Marcotte Physical & Occupational Therapy,,Request an Appointment,Marcotte Physical & Occupational Therapy,,2025-08-28T12:53:34.489-04:00,2025-08-28T12:53:34.489-04:00,https://sites.webpt.com/56367/request-an-appointment
56434,Infinity Performance PT,,Request an Appointment,Infinity Performance PT,,2025-07-02T08:51:58.677-04:00,2025-07-02T08:51:58.677-04:00,https://sites.webpt.com/56434/request-an-appointment
56532,TheraFit Physical Therapy & Fitness Center,,Request an Appointment,TheraFit Physical Therapy & Fitness Center,,2022-04-29T13:17:52.868-04:00,2022-04-29T13:17:52.868-04:00,https://sites.webpt.com/56532/request-an-appointment
56664,Delta Physical Therapy and Sports Medicine,,Request an Appointment,Delta Physical Therapy and Sports Medicine,,2022-05-02T19:22:46.823-04:00,2024-01-05T11:19:56.022-05:00,https://sites.webpt.com/56664/request-an-appointment
56697,First Step Physical Therapy Inc,,Request an Appointment,First Step Physical Therapy Inc.,,2022-05-03T12:39:40.427-04:00,2022-05-03T12:39:40.427-04:00,https://sites.webpt.com/56697/request-an-appointment
56730,Swift Rehabilitation Inc,,Request an Appointment,Swift Rehabilitation Inc,,2022-05-04T11:37:54.068-04:00,2022-05-04T11:37:54.068-04:00,https://sites.webpt.com/56730/request-an-appointment
56765,Fyzical Coral Springs,,Request an Appointment,Fyzical Coral Springs,,2022-05-04T13:27:18.873-04:00,2022-05-04T13:27:18.873-04:00,https://sites.webpt.com/56765/request-an-appointment
56829,WebPT Intake Form QA 3.0,,Request an Appointment,WebPT Intake Form QA 3.0,,2022-05-05T09:28:19.927-04:00,2022-05-05T09:28:19.927-04:00,https://sites.webpt.com/56829/request-an-appointment
56994,CATZ Physical Therapy,,Request an Appointment,CATZ Physical Therapy,,2025-11-20T02:27:15.009-05:00,2025-11-20T02:47:13.341-05:00,https://sites.webpt.com/56994/request-an-appointment
57027,PROActive Physical Therapy,,Request an Appointment,PROActive Physical Therapy,,2025-03-13T12:38:43.211-04:00,2025-03-13T13:28:59.173-04:00,https://sites.webpt.com/57027/request-an-appointment
57357,ExcePTional PT,,Request an Appointment,ExcePTional PT,,2025-02-27T20:37:45.386-05:00,2025-04-25T13:18:36.173-04:00,https://sites.webpt.com/57357/request-an-appointment
57522,Ethos Rehabilitation,,Request an Appointment,Ethos Rehabilitation,,2025-04-11T14:52:26.827-04:00,2025-04-11T15:00:36.544-04:00,https://sites.webpt.com/57522/request-an-appointment
57557,(INACTIVE) Sloane Stecker Physical Therapy,,Request an Appointment,(INACTIVE) Sloane Stecker Physical Therapy,,2022-05-13T16:05:47.349-04:00,2022-05-13T16:25:21.624-04:00,https://sites.webpt.com/57557/request-an-appointment
57721,Nannen Physical Therapy,,Request an Appointment,Nannen Physical Therapy,,2023-04-24T15:12:50.150-04:00,2023-06-27T08:19:06.376-04:00,https://sites.webpt.com/57721/request-an-appointment
57852,Choice Physical Therapy,,Request an Appointment,Choice Physical Therapy,,2025-01-08T17:10:07.389-05:00,2025-01-08T17:20:57.779-05:00,https://sites.webpt.com/57852/request-an-appointment
57885,Lighthouse PT & Sports Medicine,,Request an Appointment,Lighthouse PT & Sports Medicine,,2022-05-23T19:23:45.008-04:00,2022-06-27T13:21:33.038-04:00,https://sites.webpt.com/57885/request-an-appointment
57918,All in 1 Therapy,,Request an Appointment,All in 1 Therapy,,2024-01-17T07:44:52.888-05:00,2024-01-17T07:44:52.888-05:00,https://sites.webpt.com/57918/request-an-appointment
57951,High Desert Osteopractic Physical Therapy,,Request an Appointment,High Desert Osteopractic Physical Therapy,,2022-05-24T16:25:53.932-04:00,2022-06-02T17:46:27.016-04:00,https://sites.webpt.com/57951/request-an-appointment
58017,PT @ The Beach,,Request an Appointment,PT @ The Beach,,2026-04-17T18:41:08.332-04:00,2026-04-17T18:41:08.332-04:00,https://sites.webpt.com/58017/request-an-appointment
58083,Integrated Therapy Practice,,Request an Appointment,Integrated Therapy Practice,,2022-05-25T10:32:18.684-04:00,2022-05-25T10:32:18.684-04:00,https://sites.webpt.com/58083/request-an-appointment
58182,"Fort Dodge Physical Therapy, LLC",,Request an Appointment,"Fort Dodge Physical Therapy, LLC",,2022-05-26T12:31:41.687-04:00,2022-05-26T12:31:41.687-04:00,https://sites.webpt.com/58182/request-an-appointment
58347,Fyzical Bolingbrook,,Request an Appointment,Fyzical Bolingbrook,,2025-02-05T20:33:48.806-05:00,2025-02-05T20:39:44.381-05:00,https://sites.webpt.com/58347/request-an-appointment
58380,Back To Life PT,,Request an Appointment,Back To Life PT,,2022-05-31T13:14:50.910-04:00,2022-05-31T13:14:50.910-04:00,https://sites.webpt.com/58380/request-an-appointment
58480,Fusion Physical Therapy,,Request an Appointment,Fusion Physical Therapy,,2022-06-01T11:42:37.036-04:00,2022-06-01T11:42:37.036-04:00,https://sites.webpt.com/58480/request-an-appointment
58679,All Care Physical Therapy,,Request an Appointment,All Care Physical Therapy,,2026-04-17T19:32:01.570-04:00,2026-04-17T19:43:55.992-04:00,https://sites.webpt.com/58679/request-an-appointment
58809,FYZICAL Airpark South,,Request an Appointment,FYZICAL Airpark South,,2024-03-01T19:00:31.242-05:00,2024-03-01T19:00:31.242-05:00,https://sites.webpt.com/58809/request-an-appointment
58941,Advanced Physical Therapy - PA,,Request an Appointment,Advanced Physical Therapy - PA,,2023-07-25T17:44:19.950-04:00,2023-07-25T17:44:19.950-04:00,https://sites.webpt.com/58941/request-an-appointment
58974,Precision Performance and Therapy,,Request an Appointment,Precision Performance and Therapy,,2025-02-25T11:59:57.055-05:00,2025-02-25T11:59:57.055-05:00,https://sites.webpt.com/58974/request-an-appointment
59040,FYZICAL Lake Nona,,Request an Appointment,FYZICAL Lake Nona,,2022-06-07T13:18:18.384-04:00,2022-06-07T13:18:18.384-04:00,https://sites.webpt.com/59040/request-an-appointment
59073,Spark Rehab,,Request an Appointment,Spark Rehab and Wellness,,2025-06-24T16:41:50.342-04:00,2025-07-15T00:10:39.053-04:00,https://sites.webpt.com/59073/request-an-appointment
59108,"Upstate Home Rehab, LLC",,Request an Appointment,"Upstate Home Rehab, LLC",,2024-11-05T21:09:25.909-05:00,2024-11-05T21:24:45.752-05:00,https://sites.webpt.com/59108/request-an-appointment
59172,Sunbreak Therapy Services,,Request an Appointment,Sunbreak Therapy Services,,2022-06-08T15:52:10.742-04:00,2022-06-08T17:38:45.989-04:00,https://sites.webpt.com/59172/request-an-appointment
59205,Reischl Physical Therapy,,Request an Appointment,Reischl Physical Therapy,,2025-06-13T21:01:13.758-04:00,2025-06-13T21:16:50.776-04:00,https://sites.webpt.com/59205/request-an-appointment
59469,Thrive Physical Therapy and Wellness,,Request an Appointment,Thrive Physical Therapy and Wellness,,2025-08-15T17:06:22.844-04:00,2025-08-15T17:11:37.908-04:00,https://sites.webpt.com/59469/request-an-appointment
59502,get physical therapy at Thrive-HQ,,Request an Appointment,Thrive HQ,,2022-06-14T15:18:43.586-04:00,2022-07-25T12:34:13.728-04:00,https://sites.webpt.com/59502/request-an-appointment
59799,"Alliance Physical Therapy and Rehabilitation Services, Inc",,Request an Appointment,"Alliance Physical Therapy and Rehabilitation Services, Inc.",,2022-06-21T19:25:56.476-04:00,2022-06-21T19:35:01.943-04:00,https://sites.webpt.com/59799/request-an-appointment
59865,Petroski Physio,,Request an Appointment,Petroski Physio,,2024-06-26T11:58:05.139-04:00,2024-06-26T11:58:05.139-04:00,https://sites.webpt.com/59865/request-an-appointment
60030,"FX Physical Therapy, LLC",,Request an Appointment,"FX Physical Therapy, LLC",,2022-06-23T11:51:03.876-04:00,2022-06-23T13:58:10.860-04:00,https://sites.webpt.com/60030/request-an-appointment
60031,Sparks Physical Therapy,,Request an Appointment,Sparks Physical Therapy,,2022-06-23T11:50:44.406-04:00,2022-06-23T11:50:44.406-04:00,https://sites.webpt.com/60031/request-an-appointment
60096,Queen City Physical Therapy,,Request an Appointment,Queen City Physical Therapy,,2025-03-11T14:01:59.998-04:00,2025-03-11T14:01:59.998-04:00,https://sites.webpt.com/60096/request-an-appointment
60261,Essential Physiotherapy and Wellness Clinic LLC,,Request an Appointment,Essential Physiotherapy and Wellness Clinic LLC,,2024-05-31T06:55:00.942-04:00,2024-05-31T06:55:00.942-04:00,https://sites.webpt.com/60261/request-an-appointment
60294,Blue Ridge Therapy Associates,,Request an Appointment,Blue Ridge Therapy Associates,,2025-04-25T21:51:06.095-04:00,2025-04-25T22:19:15.423-04:00,https://sites.webpt.com/60294/request-an-appointment
60327,Gulf Coast Integrative Health,,Request an Appointment,Gulf Coast Integrative Health,,2025-07-02T14:55:49.697-04:00,2025-07-02T14:55:49.697-04:00,https://sites.webpt.com/60327/request-an-appointment
60724,Eastern Physical Therapy,,Request an Appointment,Eastern Physical Therapy,,2026-02-04T08:21:45.810-05:00,2026-02-04T08:21:45.810-05:00,https://sites.webpt.com/60724/request-an-appointment
60726,Presence Telehealth PLLC,,Request an Appointment,Presence Telehealth PLLC,,2022-11-18T10:34:06.210-05:00,2023-04-26T18:41:08.244-04:00,https://sites.webpt.com/60726/request-an-appointment
60756,PRO Sports Therapy LLC,,Request an Appointment,PRO Sports Therapy LLC,,2026-04-01T16:12:49.653-04:00,2026-04-01T16:12:49.653-04:00,https://sites.webpt.com/60756/request-an-appointment
60954,Freedom Physical Therapy And Training Center,,Request an Appointment,Freedom Physical Therapy And Training Center,,2022-07-07T18:45:47.978-04:00,2022-07-07T18:45:47.978-04:00,https://sites.webpt.com/60954/request-an-appointment
61218,Taylor's Demo Account,,Request an Appointment,Taylor's Demo Account,,2022-07-12T09:28:18.725-04:00,2022-07-12T09:28:18.725-04:00,https://sites.webpt.com/61218/request-an-appointment
61251,Back in Action Physical Therapy & Active Relief,,Request an Appointment,Back in Action Physical Therapy & Active Relief,,2025-07-22T15:25:42.824-04:00,2025-07-22T15:36:30.606-04:00,https://sites.webpt.com/61251/request-an-appointment
61284,Specialized Physical Therapy,,Request an Appointment,Specialized Physical Therapy,,2022-07-12T12:34:52.697-04:00,2022-08-30T14:45:52.211-04:00,https://sites.webpt.com/61284/request-an-appointment
61383,Synergy Physical Therapy and Pilates,,Request an Appointment,Synergy Physical Therapy and Pilates,,2022-07-15T08:08:16.572-04:00,2022-07-15T08:08:16.572-04:00,https://sites.webpt.com/61383/request-an-appointment
61548,Advocate Physical Therapy,,Request an Appointment,Advocate Physical Therapy,,2022-07-19T06:54:40.716-04:00,2024-11-27T20:27:46.268-05:00,https://sites.webpt.com/61548/request-an-appointment
61746,Recharge Physical Therapy & Wellness,,Request an Appointment,Recharge Physical Therapy & Wellness,,2024-05-17T14:36:21.275-04:00,2024-05-17T14:36:21.275-04:00,https://sites.webpt.com/61746/request-an-appointment
61779,"Patient Care Medical Group, PC",,Request an Appointment,"Patient Care Medical Group, PC",,2024-10-03T22:39:29.448-04:00,2024-10-03T22:54:13.921-04:00,https://sites.webpt.com/61779/request-an-appointment
61878,"Speech & Swallowing Solutions, LLC",,Request an Appointment,"Speech & Swallowing Solutions, LLC",,2024-10-16T12:15:01.840-04:00,2024-10-16T12:15:01.840-04:00,https://sites.webpt.com/61878/request-an-appointment
61911,"Mass Bay Spine and Sport Physical Therapy, Inc",,Request an Appointment,"Mass Bay Spine and Sport Physical Therapy, Inc",,2022-07-22T18:03:25.227-04:00,2022-07-22T18:15:45.720-04:00,https://sites.webpt.com/61911/request-an-appointment
61944,Foothills Physical Therapy Group,,Request an Appointment,Foothills Physical Therapy Group,,2022-07-25T10:13:52.543-04:00,2022-07-25T10:13:52.543-04:00,https://sites.webpt.com/61944/request-an-appointment
61977,Lori Speaks LLC dba Montclair Speech Therapy,,Request an Appointment,Lori Speaks LLC dba Montclair Speech Therapy,,2022-07-25T15:08:26.442-04:00,2022-07-25T15:08:26.442-04:00,https://sites.webpt.com/61977/request-an-appointment
62043,QA Release Company,,Request an Appointment,QA Release Company,,2022-07-25T18:23:17.379-04:00,2022-07-25T18:23:17.379-04:00,https://sites.webpt.com/62043/request-an-appointment
62142,Stride Physio,,Request an Appointment,Stride Physio,,2022-07-27T12:17:13.077-04:00,2023-03-07T01:41:31.356-05:00,https://sites.webpt.com/62142/request-an-appointment
62175,Esslinger Physical Therapy,,Request an Appointment,Esslinger Physical Therapy,,2025-04-17T16:37:11.855-04:00,2025-04-17T16:37:11.855-04:00,https://sites.webpt.com/62175/request-an-appointment
62208,West Georgia Regenerative Medicine,,Request an Appointment,West Georgia Regenerative Medicine,,2025-02-25T16:58:12.477-05:00,2025-02-25T17:07:58.354-05:00,https://sites.webpt.com/62208/request-an-appointment
62307,Source Therapy Solutions,,Request an Appointment,Source Therapy Solutions,,2022-07-29T15:44:28.739-04:00,2022-08-16T11:48:10.463-04:00,https://sites.webpt.com/62307/request-an-appointment
62373,Prime Physical Therapy,,Request an Appointment,Prime Physical Therapy,,2025-04-23T12:58:15.140-04:00,2025-04-23T13:05:09.930-04:00,https://sites.webpt.com/62373/request-an-appointment
62604,FYZICAL Therapy & Balance Centers Shavano Park,,Request an Appointment,FYZICAL Therapy & Balance Centers Shavano Park,,2024-11-05T20:17:23.371-05:00,2024-11-05T20:57:20.266-05:00,https://sites.webpt.com/62604/request-an-appointment
62835,Fyzical Sprayberry,,Request an Appointment,Fyzical Sprayberry,,2023-02-22T11:49:46.902-05:00,2023-02-22T11:51:43.124-05:00,https://sites.webpt.com/62835/request-an-appointment
63000,"Howard Head Sports Medicine, Vail Health",,Request an Appointment,"Howard Head Sports Medicine, Vail Health",,2022-08-19T15:39:17.370-04:00,2022-11-01T13:01:16.263-04:00,https://sites.webpt.com/63000/request-an-appointment
63132,Bowman Physical Therapy,,Request an Appointment,Bowman Physical Therapy,,2022-08-17T17:37:13.729-04:00,2022-08-17T17:37:13.729-04:00,https://sites.webpt.com/63132/request-an-appointment
63297,A Plus Pediatric Rehab,,Request an Appointment,A Plus Pediatric Rehab,,2022-08-22T11:51:37.334-04:00,2022-09-06T12:45:36.575-04:00,https://sites.webpt.com/63297/request-an-appointment
63330,Tenet Therapies,,Request an Appointment,Tenet Therapies,,2022-09-22T16:51:17.462-04:00,2022-09-22T16:51:17.462-04:00,https://sites.webpt.com/63330/request-an-appointment
63495,Physical Therapy Center of S AR,,Request an Appointment,Physical Therapy Center of S AR,,2022-08-26T14:58:58.240-04:00,2022-08-26T14:58:58.240-04:00,https://sites.webpt.com/63495/request-an-appointment
63561,Total Joint and Orthopedic Physical Therapy,,Request an Appointment,Total Joint and Orthopedic Physical Therapy,,2025-04-29T23:08:16.494-04:00,2025-04-29T23:08:16.494-04:00,https://sites.webpt.com/63561/request-an-appointment
63594,THEORY Physical Therapy,,Request an Appointment,THEORY Physical Therapy,,2025-06-10T16:03:25.800-04:00,2025-06-10T16:03:25.800-04:00,https://sites.webpt.com/63594/request-an-appointment
63627,Nicole Demo,,Request an Appointment,Nicole Demo,,2022-08-30T14:33:58.821-04:00,2022-08-30T14:33:58.821-04:00,https://sites.webpt.com/63627/request-an-appointment
63693,Fyzical Harwood Plaza,,Request an Appointment,Fyzical Harwood Plaza,,2022-08-30T20:41:04.186-04:00,2022-08-30T20:41:04.186-04:00,https://sites.webpt.com/63693/request-an-appointment
63759,GØAT physical therapy,,Request an Appointment,GØAT Physical Therapy,,2022-08-31T11:13:40.740-04:00,2023-05-02T12:19:57.403-04:00,https://sites.webpt.com/63759/request-an-appointment
63792,"Body Mechanics Physical Therapy, LLC",,Request an Appointment,"Body Mechanics Physical Therapy, LLC",,2025-05-05T11:30:21.012-04:00,2025-05-05T11:30:21.012-04:00,https://sites.webpt.com/63792/request-an-appointment
63957,FYZICAL Therapy & Balance Centers Washington DC 50th St NW,,Request an Appointment,FYZICAL Therapy & Balance Centers Washington DC 50th St NW,,2022-09-01T17:59:29.868-04:00,2022-09-01T17:59:29.868-04:00,https://sites.webpt.com/63957/request-an-appointment
64056,Axis Hand and Physical Therapy,,Request an Appointment,Axis Hand and Physical Therapy,,2023-11-02T10:59:22.183-04:00,2024-03-07T12:51:30.159-05:00,https://sites.webpt.com/64056/request-an-appointment
64122,Maxicare Therapy and Wellness of Houston,,Request an Appointment,Maxicare Therapy and Wellness of Houston,,2025-08-11T14:54:09.912-04:00,2025-08-11T14:54:09.912-04:00,https://sites.webpt.com/64122/request-an-appointment
64287,"Physical Therapy Doctors, Inc",,Request an Appointment,"Physical Therapy Doctors, Inc.",,2025-05-15T21:32:55.161-04:00,2025-05-15T21:32:55.161-04:00,https://sites.webpt.com/64287/request-an-appointment
64716,learn from a Physical Therapist,,Monthyly Workshop,Advanced Balance Physical Therapy co.,,2022-09-14T17:13:47.053-04:00,2026-01-03T15:53:53.292-05:00,https://sites.webpt.com/64716/request-an-appointment
64783,Mountain View Physical Therapy and Rehabilitation,,Request an Appointment,Mountain View Physical Therapy and Rehabilitation,,2025-06-12T15:25:44.435-04:00,2025-06-12T15:25:44.435-04:00,https://sites.webpt.com/64783/request-an-appointment
65211,Riverbend Physical Therapy,,Request an Appointment,Riverbend Physical Therapy,,2025-09-25T08:12:26.278-04:00,2025-09-25T08:12:26.278-04:00,https://sites.webpt.com/65211/request-an-appointment
65310,DRH Health,,Request an Appointment,DRH Health,,2022-09-23T09:47:46.500-04:00,2022-09-23T09:47:46.500-04:00,https://sites.webpt.com/65310/request-an-appointment
65409,Adapt Physical Therapy & Fitness LLC,,Request an Appointment,Adapt Physical Therapy & Fitness LLC,,2025-03-24T15:24:06.241-04:00,2025-05-03T22:56:07.021-04:00,https://sites.webpt.com/65409/request-an-appointment
65410,FIT AT HOME PHYSICAL THERAPY & REHABILITATION SERVICES LLC,,Request an Appointment,FIT AT HOME PHYSICAL THERAPY & REHABILITATION SERVICES LLC,,2025-05-30T10:01:45.168-04:00,2025-05-30T10:10:33.009-04:00,https://sites.webpt.com/65410/request-an-appointment
65442,Millburn Physical Therapy,,Request an Appointment,Millburn Physical Therapy,,2022-09-27T08:42:20.516-04:00,2022-09-27T08:42:20.516-04:00,https://sites.webpt.com/65442/request-an-appointment
65937,Bounce Back Physical Therapy,,Request an Appointment,Bounce Back Physical Therapy,,2024-03-08T14:05:17.250-05:00,2024-03-08T14:05:17.250-05:00,https://sites.webpt.com/65937/request-an-appointment
65970,Hayes Physical Therapy,,Request an Appointment,Hayes Physical Therapy,,2025-04-25T15:59:01.096-04:00,2025-04-25T15:59:01.096-04:00,https://sites.webpt.com/65970/request-an-appointment
66036,Meredith Bay Physical Therapy,,Request an Appointment,Meredith Bay Physical Therapy,,2025-07-30T16:29:20.371-04:00,2025-07-30T16:41:39.179-04:00,https://sites.webpt.com/66036/request-an-appointment
66434,FTC Kids,,Request an Appointment,FTC Kids,,2022-10-17T14:59:19.940-04:00,2022-10-17T14:59:19.940-04:00,https://sites.webpt.com/66434/request-an-appointment
66465,Big Sky Mobile Outpatient Therapy,,Request an Appointment,Big Sky Mobile Outpatient Therapy,,2025-02-28T17:10:31.953-05:00,2025-02-28T17:10:31.953-05:00,https://sites.webpt.com/66465/request-an-appointment
66795,U-District Physical Therapy,,Request an Appointment,U-District Physical Therapy,,2025-09-23T15:59:22.236-04:00,2025-09-23T15:59:22.236-04:00,https://sites.webpt.com/66795/request-an-appointment
66829,Peak Physical Therapy,,Request an Appointment,Peak Physical Therapy,,2024-08-08T20:33:26.836-04:00,2024-08-09T02:37:53.284-04:00,https://sites.webpt.com/66829/request-an-appointment
66993,FYZICAL Paradise Valley Village,,Request an Appointment,FYZICAL Paradise Valley Village,,2024-03-05T15:00:31.690-05:00,2024-03-05T15:00:31.690-05:00,https://sites.webpt.com/66993/request-an-appointment
67026,Fyzical Portsmouth,,Request an Appointment,Fyzical Portsmouth,,2022-11-15T08:08:54.080-05:00,2022-11-15T08:08:54.080-05:00,https://sites.webpt.com/67026/request-an-appointment
67092,Pacific Coast Physical Therapy,,Request an Appointment,Pacific Coast Physical Therapy,,2022-10-27T17:25:46.312-04:00,2022-10-27T17:25:46.312-04:00,https://sites.webpt.com/67092/request-an-appointment
67290,Legion Physical Therapy,,Request an Appointment,Legion Physical Therapy,,2025-05-16T14:26:27.577-04:00,2025-05-16T14:59:19.607-04:00,https://sites.webpt.com/67290/request-an-appointment
67389,brianas demo,,Request an Appointment,brianas demo,,2023-07-25T14:38:02.585-04:00,2023-07-25T14:38:02.585-04:00,https://sites.webpt.com/67389/request-an-appointment
67455,Apex Performance Wellness & Rehab,,Request an Appointment,Apex Performance Wellness & Rehab,,2022-11-02T13:40:26.989-04:00,2022-12-20T13:54:13.180-05:00,https://sites.webpt.com/67455/request-an-appointment
67587,Wichita Physical Therapy Group,,Request an Appointment,Wichita Physical Therapy Group,,2025-09-12T14:59:46.836-04:00,2025-09-12T14:59:46.836-04:00,https://sites.webpt.com/67587/request-an-appointment
67653,The Physical Therapy Zone,,Request an Appointment,The Physical Therapy Zone,,2025-02-20T12:29:59.431-05:00,2025-02-20T12:29:59.431-05:00,https://sites.webpt.com/67653/request-an-appointment
67851,Hamilton Physical Therapy & Associated Clinics,,Request an Appointment,Hamilton Physical Therapy & Associated Clinics,,2022-11-07T15:41:03.387-05:00,2023-03-09T16:32:34.179-05:00,https://sites.webpt.com/67851/request-an-appointment
68148,Premier Physical Therapy of the Upstate,,Request an Appointment,Premier Physical Therapy of the Upstate,,2022-11-10T10:05:50.595-05:00,2022-11-10T10:05:50.595-05:00,https://sites.webpt.com/68148/request-an-appointment
68181,(INACTIVE) HIDEF Physical Therapy,,Request an Appointment,(INACTIVE) HIDEF Physical Therapy,,2022-11-10T11:04:17.988-05:00,2022-11-10T11:04:17.988-05:00,https://sites.webpt.com/68181/request-an-appointment
68214,HIDEF Seattle Sports & Physical Therapy,,Request an Appointment,HIDEF Seattle Sports & Physical Therapy,,2022-11-10T12:24:31.900-05:00,2022-12-30T15:37:12.771-05:00,https://sites.webpt.com/68214/request-an-appointment
68511,Global Reach OT & PT,,Request an Appointment,Global Reach OT & PT,,2024-11-27T06:52:32.012-05:00,2024-11-27T07:04:47.230-05:00,https://sites.webpt.com/68511/request-an-appointment
68973,Competitive Edge Physical Therapy,,Request an Appointment,Competitive Edge Physical Therapy,,2022-11-21T13:50:57.829-05:00,2023-07-18T10:28:52.636-04:00,https://sites.webpt.com/68973/request-an-appointment
69072,Fyzical Sierra Vista,,Request an Appointment,Fyzical Sierra Vista,,2025-07-17T18:16:07.244-04:00,2025-07-17T18:52:31.203-04:00,https://sites.webpt.com/69072/request-an-appointment
69138,Form First Physical Therapy,,Request an Appointment,Form First Physical Therapy,,2025-03-13T17:17:08.672-04:00,2025-03-13T17:17:08.672-04:00,https://sites.webpt.com/69138/request-an-appointment
69402,Northern Edge Physical Therapy,,Request an Appointment,Northern Edge Physical Therapy,,2022-11-30T13:16:11.080-05:00,2023-01-09T14:59:57.468-05:00,https://sites.webpt.com/69402/request-an-appointment
69534,Limitless Therapeutic Physical,,Request an Appointment,Limitless Therapeutic Physical,,2025-05-09T09:16:44.233-04:00,2025-05-09T09:16:44.233-04:00,https://sites.webpt.com/69534/request-an-appointment
69666,Revitalize Rehab,,Request an Appointment,Revitalize Rehab,,2025-03-05T18:15:36.840-05:00,2025-03-05T18:15:36.840-05:00,https://sites.webpt.com/69666/request-an-appointment
69798,North Area Physical Therapy and Aquatic Therapy,,Request an Appointment,North Area Physical Therapy and Aquatic Therapy,,2024-10-02T14:05:49.391-04:00,2024-10-02T14:05:49.391-04:00,https://sites.webpt.com/69798/request-an-appointment
69864,NEW YORK REHAB PT,,Request an Appointment,NEW YORK REHAB PT,,2025-07-25T14:43:00.787-04:00,2025-07-25T14:43:00.787-04:00,https://sites.webpt.com/69864/request-an-appointment
69930,Fyzical Therapy and Balance Center Bridgeville,,Request an Appointment,Fyzical Therapy and Balance Center Bridgeville,,2022-12-07T14:45:16.404-05:00,2022-12-14T08:56:57.469-05:00,https://sites.webpt.com/69930/request-an-appointment
69963,Achieve Physical Therapy at Lakewood Ranch,,Request an Appointment,Achieve Physical Therapy at Lakewood Ranch,,2022-12-07T16:58:10.248-05:00,2022-12-20T09:50:08.312-05:00,https://sites.webpt.com/69963/request-an-appointment
70557,Cloudline Physical Therapy,,Request an Appointment,Cloudline Physical Therapy,,2022-12-20T16:14:59.010-05:00,2023-01-24T13:56:48.986-05:00,https://sites.webpt.com/70557/request-an-appointment
70788,Joynt Physical Therapy,,Request an Appointment,Joynt Physical Therapy,,2025-12-12T11:41:46.371-05:00,2025-12-12T12:11:44.085-05:00,https://sites.webpt.com/70788/request-an-appointment
71383,RYTE Rehabilitation LLC,,Request an Appointment,RYTE Rehabilitation LLC,,2025-09-26T18:17:14.636-04:00,2025-09-26T18:17:14.636-04:00,https://sites.webpt.com/71383/request-an-appointment
71679,Orthopaedic Surgery Associates,,Request an Appointment,Orthopaedic Surgery Associates,,2023-01-09T13:00:02.211-05:00,2023-01-09T13:27:21.747-05:00,https://sites.webpt.com/71679/request-an-appointment
71712,Results Physical Therapy Institute,,Request an Appointment,Results Physical Therapy Institute,,2025-08-05T17:17:43.928-04:00,2025-08-05T17:26:40.437-04:00,https://sites.webpt.com/71712/request-an-appointment
71877,Latitude Physical Therapy,,Request an Appointment,Latitude Physical Therapy,,2026-01-02T19:55:22.940-05:00,2026-01-02T20:31:48.326-05:00,https://sites.webpt.com/71877/request-an-appointment
72537,Body & Soul MFR Therapy,,Request an Appointment,Body & Soul MFR Therapy,,2024-04-11T15:50:19.583-04:00,2024-04-11T15:50:19.583-04:00,https://sites.webpt.com/72537/request-an-appointment
73329,Focal Physical Therapy,,Request an Appointment,Focal Physical Therapy,,2023-02-22T12:56:05.558-05:00,2023-02-22T13:31:35.312-05:00,https://sites.webpt.com/73329/request-an-appointment
73461,RISE (HANDS-ON) PHYSICAL THERAPY,,Request an Appointment,RISE (HANDS-ON) PHYSICAL THERAPY,,2023-11-01T16:03:07.863-04:00,2023-11-01T16:03:07.863-04:00,https://sites.webpt.com/73461/request-an-appointment
73494,1st Classen Physical Therapy,,Request an Appointment,1st Classen Physical Therapy,,2023-03-01T09:16:45.910-05:00,2023-03-23T09:57:07.925-04:00,https://sites.webpt.com/73494/request-an-appointment
73890,American Fork Physical Therapy,,Request an Appointment,American Fork Physical Therapy,,2023-03-08T16:21:42.770-05:00,2023-03-10T11:01:03.349-05:00,https://sites.webpt.com/73890/request-an-appointment
73923,AMPT Rehab,,Request an Appointment with AMPT Rehab,AMPT Rehab,,2023-03-08T16:41:48.933-05:00,2023-06-21T13:44:53.109-04:00,https://sites.webpt.com/73923/request-an-appointment
74781,Lisa Green Physical Therapy,,Request an Appointment,Lisa Green Physical Therapy,,2023-03-30T18:18:29.416-04:00,2023-03-30T18:30:13.307-04:00,https://sites.webpt.com/74781/request-an-appointment
74946,ProClinix Sports Physical Therapy And Chiropractic,,Request an Appointment,ProClinix Sports Physical Therapy And Chiropractic,,2023-04-04T12:04:43.844-04:00,2023-04-04T13:23:30.252-04:00,https://sites.webpt.com/74946/request-an-appointment
75177,Sana Physical Therapy,,Request an Appointment,Sana Physical Therapy,,2025-01-27T14:41:52.163-05:00,2025-01-27T14:53:13.641-05:00,https://sites.webpt.com/75177/request-an-appointment
75606,FYZICAL Therapy & Balance Centers,,Request an Appointment,FYZICAL Therapy & Balance Centers,,2023-04-21T15:03:40.004-04:00,2023-04-21T15:13:31.205-04:00,https://sites.webpt.com/75606/request-an-appointment
75639,Bend Physical Therapy,,Request an Appointment,Bend Physical Therapy,,2025-07-02T16:59:23.217-04:00,2025-07-02T16:59:23.217-04:00,https://sites.webpt.com/75639/request-an-appointment
76134,Fyzical Therapy & Balance Centers,,Request an Appointment,Fyzical Therapy & Balance Centers,,2025-09-02T16:27:14.770-04:00,2025-09-02T16:27:14.770-04:00,https://sites.webpt.com/76134/request-an-appointment
76299,Elite PT - RB,,Request an Appointment,Elite PT - RB,,2023-05-18T08:05:23.297-04:00,2023-05-24T10:24:51.874-04:00,https://sites.webpt.com/76299/request-an-appointment
76398,Jordan Young Institute Physical Therapy,,Request an Appointment,Jordan Young Institute Physical Therapy,,2023-05-22T15:31:10.124-04:00,2023-05-22T16:21:17.979-04:00,https://sites.webpt.com/76398/request-an-appointment
76564,Therapies Leading Care LLC,,Request an Appointment,Therapies Leading Care LLC,,2025-05-01T16:25:49.767-04:00,2025-05-01T16:25:49.767-04:00,https://sites.webpt.com/76564/request-an-appointment
76629,Vincent Alarcon Physical Therapist,,Request an Appointment,Vincent Alarcon Physical Therapist,,2023-06-02T13:24:37.844-04:00,2023-06-02T13:24:37.844-04:00,https://sites.webpt.com/76629/request-an-appointment
76761,Aretas Physical Therapy,,Request an Appointment - new,Aretas Physical Therapy,,2023-06-07T09:01:00.167-04:00,2023-07-31T16:27:39.661-04:00,https://sites.webpt.com/76761/request-an-appointment
76893,Therapy Outfit,,Request an Appointment,Therapy Outfit,,2025-06-09T14:46:03.901-04:00,2025-06-09T14:46:03.901-04:00,https://sites.webpt.com/76893/request-an-appointment
76959,Light The Path Physical Therapy,,Request an Appointment,Light The Path Physical Therapy,,2024-07-30T10:49:57.443-04:00,2024-07-30T10:49:57.443-04:00,https://sites.webpt.com/76959/request-an-appointment
77157,ProFizix Physical Therapy and Wellness,,Request an Appointment,ProFizix Physical Therapy and Wellness,,2025-05-15T21:27:32.616-04:00,2025-05-22T18:00:08.786-04:00,https://sites.webpt.com/77157/request-an-appointment
77322,Spine & Sport Physical Therapy,,Request an Appointment,Spine & Sport Physical Therapy,,2025-09-29T16:51:56.990-04:00,2025-09-29T16:51:56.990-04:00,https://sites.webpt.com/77322/request-an-appointment
77718,Plumas Physical Therapy,,Request an Appointment,Plumas Physical Therapy,,2023-07-12T13:59:44.225-04:00,2023-07-12T14:28:43.836-04:00,https://sites.webpt.com/77718/request-an-appointment
77751,Fyzical Therapy and Balance Centers/Bon-Air-VA,,Request an Appointment,Fyzical Therapy and Balance Centers/Bon-Air-VA,,2023-09-08T13:33:12.756-04:00,2023-09-08T13:33:12.756-04:00,https://sites.webpt.com/77751/request-an-appointment
77784,Fyzical Hialeah Gardens,,Request an Appointment,Fyzical Hialeah Gardens,,2025-06-18T13:17:22.464-04:00,2025-06-18T13:17:22.464-04:00,https://sites.webpt.com/77784/request-an-appointment
77817,Schedule an Appointment at CPTE,,Schedule an Appointment,Center for Physical Therapy and Exercise,,2023-07-13T15:20:20.202-04:00,2025-01-21T15:34:22.804-05:00,https://sites.webpt.com/77817/request-an-appointment
78445,Springer Physical Therapy,,Request an Appointment,Springer Physical Therapy,,2023-08-03T15:21:41.945-04:00,2024-03-07T15:22:41.543-05:00,https://sites.webpt.com/78445/request-an-appointment
78708,Monument Physical Therapy,,Request an Appointment,Monument Physical Therapy,,2023-11-29T15:22:00.178-05:00,2023-11-29T15:22:00.178-05:00,https://sites.webpt.com/78708/request-an-appointment
78774,Premier Physical Therapy & Sports Performance,,Request an Appointment,Premier Physical Therapy & Sports Performance,,2023-08-11T08:09:13.476-04:00,2023-08-11T08:46:52.070-04:00,https://sites.webpt.com/78774/request-an-appointment
79071,"Second Wave Physical Therapy, Inc",,Request an Appointment,"Second Wave Physical Therapy, Inc.",,2026-01-07T11:10:30.012-05:00,2026-01-07T11:21:59.568-05:00,https://sites.webpt.com/79071/request-an-appointment
79170,Dosher Physical Therapy Associates,,Request an Appointment,Dosher Physical Therapy Associates,,2023-08-25T13:39:17.585-04:00,2023-08-25T14:18:22.321-04:00,https://sites.webpt.com/79170/request-an-appointment
79236,Lake Whitney Physical Therapy,,Request an Appointment,Lake Whitney Physical Therapy,,2025-04-24T15:21:47.983-04:00,2025-04-24T15:33:00.577-04:00,https://sites.webpt.com/79236/request-an-appointment
79599,Active Therapy Alliance,,Request an Appointment,Active Therapy Alliance,,2024-02-01T18:10:25.126-05:00,2024-02-01T18:10:25.126-05:00,https://sites.webpt.com/79599/request-an-appointment
80160,Devoted Physical Therapy,,Request an Appointment,Devoted Physical Therapy,,2025-09-25T16:22:13.538-04:00,2025-09-25T23:20:08.199-04:00,https://sites.webpt.com/80160/request-an-appointment
80490,Impulse Rehab and Wellness,,Request an Appointment,Impulse Rehab and Wellness,,2023-09-25T12:24:49.167-04:00,2023-10-19T20:47:41.700-04:00,https://sites.webpt.com/80490/request-an-appointment
80523,Choice Physical Therapy (Vermont),,Request an Appointment,Choice Physical Therapy (Vermont),,2023-09-25T20:04:14.438-04:00,2023-09-25T20:15:44.093-04:00,https://sites.webpt.com/80523/request-an-appointment
80556,Choice Physical Therapy of Westerly,,Request an Appointment,Choice Physical Therapy of Westerly,,2023-09-25T20:10:27.266-04:00,2023-09-25T20:16:33.312-04:00,https://sites.webpt.com/80556/request-an-appointment
80557,Choice Physical Therapy of St. Albans,,Request an Appointment,Choice Physical Therapy of St. Albans,,2023-09-25T20:19:43.741-04:00,2023-09-25T20:29:56.617-04:00,https://sites.webpt.com/80557/request-an-appointment
80558,Vermont Sports Medicine Center,,Request an Appointment,Vermont Sports Medicine Center,,2023-09-25T20:27:30.546-04:00,2023-09-25T20:32:27.697-04:00,https://sites.webpt.com/80558/request-an-appointment
80589,Choice Physical Therapy of East Greenwich,,Request an Appointment,Choice Physical Therapy of East Greenwich,,2023-09-25T20:36:38.666-04:00,2023-09-25T20:39:20.973-04:00,https://sites.webpt.com/80589/request-an-appointment
80622,Manzon Physical Therapy,,Request an Appointment,Manzon Physical Therapy,,2025-11-19T21:07:12.968-05:00,2025-11-19T21:07:12.968-05:00,https://sites.webpt.com/80622/request-an-appointment
81018,Fyzical Bluffton,,Request an Appointment,Fyzical Bluffton,,2023-10-10T14:23:40.853-04:00,2023-10-10T14:51:11.291-04:00,https://sites.webpt.com/81018/request-an-appointment
81216,Freedom Physical Therapy and Fitness,,Request an Appointment,Freedom Physical Therapy and Fitness,,2024-12-04T15:28:40.902-05:00,2024-12-04T15:33:33.235-05:00,https://sites.webpt.com/81216/request-an-appointment
81315,James Pierre-Glaude Physical Therapy,,Request an Appointment,James Pierre-Glaude Physical Therapy,,2026-03-23T14:17:30.386-04:00,2026-03-23T15:31:25.263-04:00,https://sites.webpt.com/81315/request-an-appointment
81645,Back 2 Health Physical Therapy,,Request an Appointment,Back 2 Health Physical Therapy,,2023-10-27T16:17:50.144-04:00,2023-10-27T16:52:57.843-04:00,https://sites.webpt.com/81645/request-an-appointment
81678,Sinam Care Agency,,Request an Appointment,Sinam Care Agency,,2025-03-05T11:10:57.841-05:00,2025-03-05T11:34:14.418-05:00,https://sites.webpt.com/81678/request-an-appointment
81876,PhilanthroPT,,Request an Appointment,PhilanthroPT,,2023-11-01T13:51:43.995-04:00,2023-11-01T14:09:05.295-04:00,https://sites.webpt.com/81876/request-an-appointment
81942,Precision Physical Therapy Specialists,,Request an Appointment,Precision Physical Therapy Specialists,,2024-05-10T13:14:45.353-04:00,2024-06-13T10:32:01.929-04:00,https://sites.webpt.com/81942/request-an-appointment
82041,Northern Nevada Medical Center Outpatient Therapy,,Request an Appointment,Northern Nevada Medical Center Outpatient Therapy,,2023-11-09T08:56:08.697-05:00,2023-11-09T09:23:34.825-05:00,https://sites.webpt.com/82041/request-an-appointment
82107,Liv physical therapy,,Request an Appointment,Liv physical therapy,,2023-11-14T14:27:57.001-05:00,2023-11-14T14:27:57.001-05:00,https://sites.webpt.com/82107/request-an-appointment
82140,Ascend Physical Therapy,,Request an Appointment,Ascend Physical Therapy,,2023-11-13T11:55:09.460-05:00,2023-11-13T11:55:09.460-05:00,https://sites.webpt.com/82140/request-an-appointment
82404,Podium Performance Care,,Request an Appointment,Podium Performance Care,,2023-11-17T13:46:09.897-05:00,2023-11-17T14:04:24.809-05:00,https://sites.webpt.com/82404/request-an-appointment
82536,Private Care Therapies,,Request an Appointment,Private Care Therapies,,2023-11-29T13:36:45.228-05:00,2023-11-29T13:36:45.228-05:00,https://sites.webpt.com/82536/request-an-appointment
82701,Obach Physical Therapy Clinic,,Request an Appointment,Obach Physical Therapy Clinic,,2025-06-26T16:14:06.682-04:00,2025-06-26T16:14:06.682-04:00,https://sites.webpt.com/82701/request-an-appointment
82734,TOC - The Orthopaedic Center AL,,Request an Appointment,TOC - The Orthopaedic Center AL,,2023-12-06T16:12:21.836-05:00,2023-12-06T17:18:45.417-05:00,https://sites.webpt.com/82734/request-an-appointment
82800,Reese Pediatric Physical Therapy,,Request an Appointment,Reese Pediatric Physical Therapy,,2023-12-08T13:26:03.870-05:00,2023-12-08T13:51:23.288-05:00,https://sites.webpt.com/82800/request-an-appointment
82833,Aligned Life Physical Therapy,,Request an Appointment,Aligned Life Physical Therapy,,2023-12-11T14:50:37.537-05:00,2024-01-21T18:29:12.045-05:00,https://sites.webpt.com/82833/request-an-appointment
82866,Andrews Family Physical Therapy,,Request an Appointment,Andrews Family Physical Therapy,,2024-02-07T11:21:22.573-05:00,2024-02-07T11:21:22.573-05:00,https://sites.webpt.com/82866/request-an-appointment
82899,Viking Physical Therapy,,Request an Appointment,Viking Physical Therapy,,2026-01-06T19:38:27.500-05:00,2026-01-06T19:41:20.180-05:00,https://sites.webpt.com/82899/request-an-appointment
82966,Ascend Physical Therapy,,Request an Appointment,Ascend Physical Therapy,,2023-12-14T19:06:39.743-05:00,2023-12-15T13:04:39.786-05:00,https://sites.webpt.com/82966/request-an-appointment
83163,Range Sports Therapy - Newport Beach,,Request an Appointment,Range Sports Therapy - Newport Beach,,2023-12-20T11:50:31.493-05:00,2023-12-20T11:50:31.493-05:00,https://sites.webpt.com/83163/request-an-appointment
83196,Coastal Orthopedic Advantage Physical Therapy & Dry Needling,,Request an Appointment,Coastal Orthopedic Advantage Physical Therapy & Dry Needling,,2023-12-21T14:58:53.842-05:00,2023-12-21T14:58:53.842-05:00,https://sites.webpt.com/83196/request-an-appointment
83229,Vertex Therapy Inc,,Request an Appointment,Vertex Therapy Inc,,2023-12-22T14:05:55.426-05:00,2023-12-22T14:05:55.426-05:00,https://sites.webpt.com/83229/request-an-appointment
83394,Momentum Physical Therapy,,Request an Appointment Momentum PT,Momentum Physical Therapy,,2023-12-29T14:33:04.909-05:00,2024-02-23T11:25:39.107-05:00,https://sites.webpt.com/83394/request-an-appointment
83395,"The Vitruvian Physio, PLLC",,Request an Appointment,"The Vitruvian Physio, PLLC",,2023-12-29T14:51:50.468-05:00,2023-12-29T14:51:50.468-05:00,https://sites.webpt.com/83395/request-an-appointment
83428,One Step Physical Therapy P.C,,Request an Appointment,One Step Physical Therapy P.C.,,2023-12-29T16:35:40.668-05:00,2023-12-29T16:35:40.668-05:00,https://sites.webpt.com/83428/request-an-appointment
83460,Right Path Therapy,,Request an Appointment,Right Path Therapy,,2024-01-02T10:13:47.334-05:00,2024-01-02T10:13:47.334-05:00,https://sites.webpt.com/83460/request-an-appointment
83493,Reboot Integrative Wellness Center,,Request an Appointment,Reboot Integrative Wellness Center,,2024-01-03T08:45:16.157-05:00,2024-01-03T10:34:24.630-05:00,https://sites.webpt.com/83493/request-an-appointment
83526,Fort Washington Medical/Arista,,Request an Appointment,Fort Washington Medical/Arista,,2024-01-03T10:46:44.501-05:00,2024-01-03T10:46:44.501-05:00,https://sites.webpt.com/83526/request-an-appointment
83559,Athletes Choice Physical Therapy,,Request an Appointment,Athletes Choice Physical Therapy,,2024-01-03T11:11:21.282-05:00,2025-07-10T14:02:45.466-04:00,https://sites.webpt.com/83559/request-an-appointment
83592,Mator Therapy Services,,Request an Appointment,Mator Therapy Services,,2024-01-03T12:42:45.540-05:00,2024-01-03T12:42:45.540-05:00,https://sites.webpt.com/83592/request-an-appointment
83625,Rebound Chiropractic P.C,,Request an Appointment,Rebound Chiropractic P.C.,,2024-01-03T16:17:51.927-05:00,2024-01-03T16:17:51.927-05:00,https://sites.webpt.com/83625/request-an-appointment
83658,Lincoln Park Wellness and Physical Therapy,,Request an Appointment,Lincoln Park Wellness and Physical Therapy,,2024-01-03T16:48:29.145-05:00,2024-01-03T16:48:29.145-05:00,https://sites.webpt.com/83658/request-an-appointment
83691,Daisy's Physical Therapy and Wellness Center Inc,,Request an Appointment,Daisy's Physical Therapy and Wellness Center Inc.,,2024-01-03T17:09:14.145-05:00,2024-01-03T17:09:14.145-05:00,https://sites.webpt.com/83691/request-an-appointment
83692,Hoola Malamalama,,Request an Appointment,Hoola Malamalama,,2024-01-03T17:23:23.844-05:00,2024-01-03T17:23:23.844-05:00,https://sites.webpt.com/83692/request-an-appointment
83790,Soultra,,Request an Appointment,Soultra,,2024-01-04T11:47:39.699-05:00,2024-01-04T11:47:39.699-05:00,https://sites.webpt.com/83790/request-an-appointment
83823,J&J INTEGRATED PHYSICAL THERAPY,,Request an Appointment,J&J INTEGRATED PHYSICAL THERAPY,,2024-01-05T09:19:59.882-05:00,2024-01-05T09:19:59.882-05:00,https://sites.webpt.com/83823/request-an-appointment
83856,Integrated Therapy of Grand Island,,Request an Appointment,Integrated Therapy of Grand Island,,2024-01-05T17:24:04.803-05:00,2024-01-05T17:24:04.803-05:00,https://sites.webpt.com/83856/request-an-appointment
83857,TUCKER ENRICHMENT ACADEMY LLC,,Request an Appointment,TUCKER ENRICHMENT ACADEMY LLC,,2024-01-05T17:35:06.305-05:00,2024-01-05T17:35:06.305-05:00,https://sites.webpt.com/83857/request-an-appointment
83922,ShoreFit Training and Rehab,,Request an Appointment,ShoreFit Training and Rehab,,2024-01-09T11:59:06.109-05:00,2024-01-09T11:59:06.109-05:00,https://sites.webpt.com/83922/request-an-appointment
83955,Try Physical Therapy,,Request an Appointment,"{EndGame Physical Therapy, LLC}",,2024-01-09T12:11:42.692-05:00,2024-01-23T16:43:57.798-05:00,https://sites.webpt.com/83955/request-an-appointment
84021,Park Rehab Solutions,,Request an Appointment,Park Rehab Solutions,,2024-01-09T17:07:56.346-05:00,2024-10-04T10:55:44.188-04:00,https://sites.webpt.com/84021/request-an-appointment
84054,One to One Health,,Request an Appointment,One to One Health,,2024-01-10T18:19:10.889-05:00,2024-01-10T18:19:10.889-05:00,https://sites.webpt.com/84054/request-an-appointment
84120,St Michael Therapeutics LLC,,Request an Appointment,St Michael Therapeutics LLC,,2024-01-11T18:26:03.124-05:00,2024-01-11T18:26:03.124-05:00,https://sites.webpt.com/84120/request-an-appointment
84153,"Beauregard Physical Therapy Clinic, Inc",,Request an Appointment,"Beauregard Physical Therapy Clinic, Inc.",,2024-01-11T19:32:58.512-05:00,2024-01-11T19:56:49.742-05:00,https://sites.webpt.com/84153/request-an-appointment
84154,Health Care Connectors,,Request an Appointment,Health Care Connectors,,2024-01-11T19:35:12.551-05:00,2024-01-11T20:20:55.145-05:00,https://sites.webpt.com/84154/request-an-appointment
84155,Little Flower Physical Therapy,,Request an Appointment,Little Flower Physical Therapy,,2024-01-11T19:37:33.331-05:00,2024-01-11T19:37:33.331-05:00,https://sites.webpt.com/84155/request-an-appointment
84186,Reed Physical Therapy,,Request an Appointment,Reed Physical Therapy,,2024-01-12T15:42:15.763-05:00,2024-01-12T15:54:13.654-05:00,https://sites.webpt.com/84186/request-an-appointment
84219,Therapy to Me,,Request an Appointment,Therapy to Me,,2024-01-17T15:47:56.728-05:00,2024-01-17T15:47:56.728-05:00,https://sites.webpt.com/84219/request-an-appointment
84285,Huston Physical Therapy Group,,Request an Appointment,Huston Physical Therapy Group,,2024-01-18T13:28:34.640-05:00,2024-01-18T13:28:34.640-05:00,https://sites.webpt.com/84285/request-an-appointment
84318,"Body Mechanic Physical Therapy, LLC",,Request an Appointment,"Body Mechanic Physical Therapy, LLC",,2024-01-19T11:01:11.682-05:00,2024-01-19T11:11:21.999-05:00,https://sites.webpt.com/84318/request-an-appointment
84384,ReJenerate Health,,Request an Appointment,ReJenerate Health,,2024-01-22T17:38:08.609-05:00,2024-01-22T17:38:08.609-05:00,https://sites.webpt.com/84384/request-an-appointment
84450,Southwest Shoulder to Hand Therapy,,Request an Appointment,Southwest Shoulder to Hand Therapy,,2024-01-23T12:11:18.906-05:00,2024-11-26T11:28:56.913-05:00,https://sites.webpt.com/84450/request-an-appointment
84516,"Helmville Physical Therapy, LLC",,Request an Appointment,"Helmville Physical Therapy, LLC",,2024-01-23T21:03:56.676-05:00,2024-02-28T09:46:44.171-05:00,https://sites.webpt.com/84516/request-an-appointment
84517,B & B Physical Therapy Inc,,Request an Appointment,B & B Physical Therapy Inc,,2024-01-23T21:27:17.700-05:00,2024-01-23T21:35:35.579-05:00,https://sites.webpt.com/84517/request-an-appointment
84549,Eden Home Health Care,,Request an Appointment,Eden Home Health Care,,2024-01-23T21:55:22.184-05:00,2024-01-23T22:01:59.104-05:00,https://sites.webpt.com/84549/request-an-appointment
84615,Carling Physical Therapy,,Request an Appointment,Carling Physical Therapy,,2024-01-25T12:50:32.203-05:00,2024-01-25T13:00:24.287-05:00,https://sites.webpt.com/84615/request-an-appointment
84648,Wishing Well Pediatric Therapy,,Request an Appointment,Wishing Well Pediatric Therapy,,2024-02-07T13:02:40.501-05:00,2024-02-07T13:02:40.501-05:00,https://sites.webpt.com/84648/request-an-appointment
84681,Lapeer Physical Therapy,,Request an Appointment,Lapeer Physical Therapy,,2024-01-25T20:24:31.763-05:00,2024-01-25T20:33:17.196-05:00,https://sites.webpt.com/84681/request-an-appointment
84714,Pineywoods Physical Therapy,,Request an Appointment,Pineywoods Physical Therapy,,2025-06-25T17:04:49.543-04:00,2025-06-25T17:04:49.543-04:00,https://sites.webpt.com/84714/request-an-appointment
84747,Embody Health & Wellness,,Request an Appointment,Embody Health & Wellness,,2024-04-25T15:41:33.816-04:00,2024-04-25T15:41:33.816-04:00,https://sites.webpt.com/84747/request-an-appointment
84813,Advanced Physical Therapy,,Request an Appointment,Advanced Physical Therapy,,2024-01-30T15:23:12.215-05:00,2024-01-30T15:23:12.215-05:00,https://sites.webpt.com/84813/request-an-appointment
84846,Complete Physical Therapy and Aquatics,,Request an Appointment,Complete Physical Therapy and Aquatics,,2024-01-30T15:56:42.847-05:00,2024-01-30T15:56:42.847-05:00,https://sites.webpt.com/84846/request-an-appointment
84945,Kayser Physical Therapy & Fitness,,Request an Appointment,Kayser Physical Therapy & Fitness,,2024-01-30T19:34:03.677-05:00,2024-01-30T19:48:51.764-05:00,https://sites.webpt.com/84945/request-an-appointment
85044,Max Moves Pediatric Physical Therapy,,Request an Appointment,Max Moves Pediatric Physical Therapy,,2024-01-31T11:26:44.179-05:00,2024-01-31T11:26:44.179-05:00,https://sites.webpt.com/85044/request-an-appointment
85077,Jennerational Rehab,,Request an Appointment,Jennerational Rehab,,2024-01-31T12:08:25.860-05:00,2024-01-31T12:08:25.860-05:00,https://sites.webpt.com/85077/request-an-appointment
85143,Reliant Physical Therapy,,Request an Appointment,Reliant Physical Therapy,,2026-05-28T12:47:46.393-04:00,2026-06-01T22:12:27.533-04:00,https://sites.webpt.com/85143/request-an-appointment
85176,Randell Jacob Abante Physical Therapy P.C,,Request an Appointment,Randell Jacob Abante Physical Therapy P.C.,,2024-02-01T13:21:14.317-05:00,2024-02-01T13:21:14.317-05:00,https://sites.webpt.com/85176/request-an-appointment
85209,Mountain Motion Physical Therapy LLC,,Request an Appointment,Mountain Motion Physical Therapy LLC,,2024-02-01T15:15:46.030-05:00,2024-02-01T15:15:46.030-05:00,https://sites.webpt.com/85209/request-an-appointment
85242,Restorative Wellness Physical Therapy,,Request an Appointment,Restorative Wellness Physical Therapy,,2024-02-05T14:50:49.343-05:00,2024-02-05T14:50:49.343-05:00,https://sites.webpt.com/85242/request-an-appointment
85275,Methodist McKinney Hospital PT,,Request an Appointment,Methodist McKinney Hospital PT,,2024-02-02T11:06:05.863-05:00,2024-02-02T11:06:05.863-05:00,https://sites.webpt.com/85275/request-an-appointment
85308,Movement Solutions Physical Therapy and Performance,,Request an Appointment,Movement Solutions Physical Therapy and Performance,,2024-02-02T12:06:53.606-05:00,2024-02-02T12:06:53.606-05:00,https://sites.webpt.com/85308/request-an-appointment
85374,Embodied Physical Therapy,,Request an Appointment,Embodied Physical Therapy,,2024-02-05T15:12:05.802-05:00,2024-02-05T15:12:05.802-05:00,https://sites.webpt.com/85374/request-an-appointment
85440,Aloha Sports Medicine and Physical Therapy,,Request an Appointment,Aloha Sports Medicine and Physical Therapy,,2024-02-07T11:47:20.118-05:00,2024-02-07T11:47:20.118-05:00,https://sites.webpt.com/85440/request-an-appointment
85473,West DFW Physical Therapy,,Request an Appointment,West DFW Physical Therapy,,2024-02-07T12:11:42.266-05:00,2024-02-07T12:11:42.266-05:00,https://sites.webpt.com/85473/request-an-appointment
85506,CHANG HEALTH PT,,Request an Appointment,CHANG HEALTH PT,,2024-02-07T13:23:57.065-05:00,2024-02-07T13:23:57.065-05:00,https://sites.webpt.com/85506/request-an-appointment
85539,B.E.S.T Physical Therapy,,Request an Appointment,B.E.S.T Physical Therapy,,2025-06-16T17:34:41.538-04:00,2025-06-16T17:34:41.538-04:00,https://sites.webpt.com/85539/request-an-appointment
85572,"Diamond D Rehab, Fitness, & Wellness",,Request an Appointment,"Diamond D Rehab, Fitness, & Wellness",,2024-02-09T11:27:59.030-05:00,2024-02-09T11:27:59.030-05:00,https://sites.webpt.com/85572/request-an-appointment
85605,Momentum Rehabilitation,,Request an Appointment,Momentum Rehabilitation,,2024-02-09T12:06:12.338-05:00,2024-02-09T12:06:12.338-05:00,https://sites.webpt.com/85605/request-an-appointment
85638,Outbound Therapy Services,,Request an Appointment,Outbound Therapy Services,,2024-02-09T13:14:31.113-05:00,2024-02-09T13:14:31.113-05:00,https://sites.webpt.com/85638/request-an-appointment
85704,Everpoint Physical Therapy & Wellness,,Request an Appointment,Everpoint Physical Therapy & Wellness,,2024-02-12T15:27:00.423-05:00,2024-02-12T15:27:00.423-05:00,https://sites.webpt.com/85704/request-an-appointment
85737,Positive Action Physical Therapy PC,,Request an Appointment,Positive Action Physical Therapy PC,,2024-02-12T16:12:02.101-05:00,2024-02-12T16:12:02.101-05:00,https://sites.webpt.com/85737/request-an-appointment
85770,Evolve Performance and Rehab,,Request an Appointment,Evolve Performance and Rehab,,2024-02-13T07:52:24.004-05:00,2024-02-13T07:52:24.004-05:00,https://sites.webpt.com/85770/request-an-appointment
85803,208 Physical Therapy,,Request an Appointment,208 Physical Therapy,,2024-02-13T14:00:56.828-05:00,2024-02-13T14:00:56.828-05:00,https://sites.webpt.com/85803/request-an-appointment
85836,Living at Home Consultations,,Request an Appointment,Living at Home Consultations,,2024-02-13T14:38:16.245-05:00,2024-02-13T14:38:16.245-05:00,https://sites.webpt.com/85836/request-an-appointment
85869,Thrive Therapy,,Request an Appointment,Thrive Therapy,,2024-02-13T15:21:22.263-05:00,2024-02-13T15:21:22.263-05:00,https://sites.webpt.com/85869/request-an-appointment
85902,"Wellspring Wellness Center, Inc",,Request an Appointment,"Wellspring Wellness Center, Inc",,2024-03-15T12:42:19.726-04:00,2024-03-15T12:42:19.726-04:00,https://sites.webpt.com/85902/request-an-appointment
85935,"TRI & Trauma Therpay of Texas,LLC",,Request an Appointment,"TRI & Trauma Therpay of Texas,LLC",,2024-02-14T15:50:49.077-05:00,2024-02-14T15:50:49.077-05:00,https://sites.webpt.com/85935/request-an-appointment
85968,Champion Physical Therapy and Performance,,Request an Appointment,Champion Physical Therapy and Performance,,2024-02-15T11:03:27.675-05:00,2024-02-15T11:03:27.675-05:00,https://sites.webpt.com/85968/request-an-appointment
86067,Pivotal Care Physical Therapy,,Request an Appointment,Pivotal Care Physical Therapy,,2024-02-21T08:28:17.708-05:00,2024-02-21T08:28:17.708-05:00,https://sites.webpt.com/86067/request-an-appointment
86100,Direct Physical Therapy,,Request an Appointment,Direct Physical Therapy,,2024-02-21T08:50:24.418-05:00,2024-02-21T08:50:24.418-05:00,https://sites.webpt.com/86100/request-an-appointment
86133,Pinnacle Health,,Request an Appointment,Pinnacle Health,,2024-02-21T09:17:34.326-05:00,2024-02-21T09:17:34.326-05:00,https://sites.webpt.com/86133/request-an-appointment
86166,Vantage Medical,,Request an Appointment,Vantage Medical,,2024-02-21T09:37:45.994-05:00,2024-02-21T09:37:45.994-05:00,https://sites.webpt.com/86166/request-an-appointment
86265,Redemption Physical Therapy,,Request an Appointment,Redemption Physical Therapy,,2024-02-22T08:44:15.272-05:00,2024-02-22T08:44:15.272-05:00,https://sites.webpt.com/86265/request-an-appointment
86331,ARCH PHYSICAL THERAPY & WELLNESS LLC,,Request an Appointment,ARCH PHYSICAL THERAPY & WELLNESS LLC,,2024-02-22T21:17:28.607-05:00,2024-02-22T21:17:28.607-05:00,https://sites.webpt.com/86331/request-an-appointment
86332,"Optimal Performance Physical Therapy, LLC",,Request an Appointment,"Optimal Performance Physical Therapy, LLC",,2024-02-22T21:29:11.286-05:00,2024-02-22T21:29:11.286-05:00,https://sites.webpt.com/86332/request-an-appointment
86364,Kempsville Wellness LLC,,Request an Appointment,Kempsville Wellness LLC,,2024-02-22T21:47:26.997-05:00,2024-02-22T21:47:26.997-05:00,https://sites.webpt.com/86364/request-an-appointment
86397,Radiant Physical Therapy & Wellness,,Request an Appointment,Radiant Physical Therapy & Wellness,,2024-02-22T22:00:13.082-05:00,2024-02-22T22:00:13.082-05:00,https://sites.webpt.com/86397/request-an-appointment
86496,Pinion Rehabilitation,,Request an Appointment,Pinion Rehabilitation,,2025-08-11T13:43:44.776-04:00,2025-08-11T13:43:44.776-04:00,https://sites.webpt.com/86496/request-an-appointment
86529,YUMA ORTHOPEDIC PHYSICAL THERAPY LLC,,Request an Appointment,YUMA ORTHOPEDIC PHYSICAL THERAPY LLC,,2024-02-26T12:52:26.037-05:00,2024-02-26T12:52:26.037-05:00,https://sites.webpt.com/86529/request-an-appointment
86562,"Naseem Khan, PT",,Request an Appointment,"Naseem Khan, PT",,2024-02-26T13:51:24.478-05:00,2024-02-26T13:51:24.478-05:00,https://sites.webpt.com/86562/request-an-appointment
86628,Care Physical Therapy,,Request an Appointment,Care Physical Therapy,,2024-02-27T08:19:32.881-05:00,2024-02-27T08:19:32.881-05:00,https://sites.webpt.com/86628/request-an-appointment
86661,Huntington Beach Physical Therapy Specialists,,Request an Appointment,Huntington Beach Physical Therapy Specialists,,2024-02-27T16:08:05.136-05:00,2024-02-27T16:08:05.136-05:00,https://sites.webpt.com/86661/request-an-appointment
86694,Cerda Pediatric & Neuro Physical Therapy PLLC,,Request an Appointment,Cerda Pediatric & Neuro Physical Therapy PLLC,,2024-02-27T16:46:03.765-05:00,2024-02-27T16:46:03.765-05:00,https://sites.webpt.com/86694/request-an-appointment
86727,Evolve Physical Therapy & Sports Medicine,,Request an Appointment,Evolve Physical Therapy & Sports Medicine,,2024-02-27T17:39:13.827-05:00,2024-02-27T17:39:13.827-05:00,https://sites.webpt.com/86727/request-an-appointment
86793,APR Physical Therapy,,Request an Appointment,APR Physical Therapy,,2024-02-29T13:14:41.393-05:00,2024-02-29T13:14:41.393-05:00,https://sites.webpt.com/86793/request-an-appointment
86826,Comprehensive Physical Consultants,,Request an Appointment,Comprehensive Physical Consultants,,2024-02-29T13:34:14.701-05:00,2024-02-29T13:34:14.701-05:00,https://sites.webpt.com/86826/request-an-appointment
86827,CORE Concierge Physical Therapy Services,,Request an Appointment,CORE Concierge Physical Therapy Services,,2024-02-29T13:41:54.754-05:00,2024-02-29T13:41:54.754-05:00,https://sites.webpt.com/86827/request-an-appointment
86859,Ascent Rehab Solutions,,Request an Appointment,Ascent Rehab Solutions,,2024-02-29T21:44:12.981-05:00,2024-02-29T21:44:12.981-05:00,https://sites.webpt.com/86859/request-an-appointment
86892,Essenza Physical Therapy,,Request an Appointment,Essenza Physical Therapy,,2024-03-01T11:38:14.727-05:00,2024-03-01T11:38:14.727-05:00,https://sites.webpt.com/86892/request-an-appointment
86958,GRIT Performance Physical Therapy,,Request an Appointment,GRIT Performance Physical Therapy,,2024-03-01T19:06:38.394-05:00,2024-03-01T19:06:38.394-05:00,https://sites.webpt.com/86958/request-an-appointment
86991,"Joanna Endsley, Physical Therapy",,Request an Appointment,"Joanna Endsley, Physical Therapy",,2024-03-04T08:19:14.700-05:00,2024-03-04T08:19:14.700-05:00,https://sites.webpt.com/86991/request-an-appointment
87057,Movement Rx Physical Therapy,,Request an Appointment,Movement Rx Physical Therapy,,2024-03-05T12:03:36.899-05:00,2024-03-05T12:03:36.899-05:00,https://sites.webpt.com/87057/request-an-appointment
87123,Southern Spine and Sport,,Request an Appointment,Southern Spine and Sport,,2024-03-05T15:40:01.435-05:00,2024-03-05T15:40:01.435-05:00,https://sites.webpt.com/87123/request-an-appointment
87156,PT on the Plateau,,Request an Appointment,PT on the Plateau,,2024-03-06T14:51:49.702-05:00,2024-03-06T14:51:49.702-05:00,https://sites.webpt.com/87156/request-an-appointment
87189,Sumner Physical Therapy,,Request an Appointment,Sumner Physical Therapy,,2024-03-08T13:08:42.082-05:00,2024-03-08T13:08:42.082-05:00,https://sites.webpt.com/87189/request-an-appointment
87222,(DO NOT USE) Bounce Back Physical Therapy,,Request an Appointment,(DO NOT USE) Bounce Back Physical Therapy,,2024-03-08T13:30:26.947-05:00,2024-03-08T13:30:26.947-05:00,https://sites.webpt.com/87222/request-an-appointment
87288,The Training Room Nola,,Request an Appointment,The Training Room Nola,,2024-03-12T16:50:00.554-04:00,2024-03-12T16:50:00.554-04:00,https://sites.webpt.com/87288/request-an-appointment
87354,Harbor Amputation Rehabilitation & Adaptive Training,,Request an Appointment,Harbor Amputation Rehabilitation & Adaptive Training,,2024-03-13T11:56:24.780-04:00,2024-03-13T11:56:24.780-04:00,https://sites.webpt.com/87354/request-an-appointment
87420,Thrive Rehabilitation Physical Therapy,,Request an Appointment,Thrive Rehabilitation Physical Therapy,,2025-02-04T21:01:41.522-05:00,2025-02-04T21:16:34.674-05:00,https://sites.webpt.com/87420/request-an-appointment
87453,JMK PHYSICAL THERAPY PLLC,,Request an Appointment,JMK PHYSICAL THERAPY PLLC,,2024-03-13T12:42:25.056-04:00,2024-03-13T12:42:25.056-04:00,https://sites.webpt.com/87453/request-an-appointment
87486,Kinport Physical Therapy,,"Physical Therapy in Pocatello, ID | Kinport Physical Therapy",Kinport Physical Therapy,,2024-03-14T12:33:16.970-04:00,2026-09-01T14:07:18.868-04:00,https://sites.webpt.com/87486/request-an-appointment
87519,Lindsy Wilson PT DPT LLC,,Request an Appointment,Lindsy Wilson PT DPT LLC,,2024-03-14T12:48:26.182-04:00,2024-03-14T12:48:26.182-04:00,https://sites.webpt.com/87519/request-an-appointment
87585,WebPT Internal QA Self Service,,Request an Appointment,WebPT Internal QA Self Service,,2024-03-15T13:06:51.582-04:00,2024-03-15T13:06:51.582-04:00,https://sites.webpt.com/87585/request-an-appointment
87586,"Functional Physical Therapy Rehab, P.C",,Request an Appointment,"Functional Physical Therapy Rehab, P.C",,2024-03-15T13:06:45.133-04:00,2024-03-15T13:06:45.133-04:00,https://sites.webpt.com/87586/request-an-appointment
87587,WebPT Internal QA Mid Market,,Request an Appointment,WebPT Internal QA Mid Market,,2024-03-15T13:14:01.069-04:00,2024-03-15T13:14:01.069-04:00,https://sites.webpt.com/87587/request-an-appointment
87618,WebPT Internal QA Enterprise,,Request an Appointment,WebPT Internal QA Enterprise,,2024-03-15T13:22:47.084-04:00,2024-03-15T13:22:47.084-04:00,https://sites.webpt.com/87618/request-an-appointment
87651,WebPT Internal QA Special Agreements,,Request an Appointment,WebPT Internal QA Special Agreements,,2024-03-15T13:39:16.677-04:00,2024-03-15T13:39:16.677-04:00,https://sites.webpt.com/87651/request-an-appointment
87684,Brooks Physical Therapy,,Request an Appointment,Brooks Physical Therapy,,2024-03-15T14:51:59.779-04:00,2024-03-15T14:51:59.779-04:00,https://sites.webpt.com/87684/request-an-appointment
87717,FYZICAL Therapy and Balance Centers - Sanibel,,Request an Appointment,FYZICAL Therapy and Balance Centers - Sanibel,,2024-03-18T08:21:29.052-04:00,2024-03-18T08:21:29.052-04:00,https://sites.webpt.com/87717/request-an-appointment
87750,get occupational therapy,,Request an Appointment,Hands on Care,,2024-03-18T08:50:19.452-04:00,2024-04-26T17:42:33.431-04:00,https://sites.webpt.com/87750/request-an-appointment
87816,Zona Rehab and Performance,,Request an Appointment,Zona Rehab and Performance,,2024-03-18T14:05:42.378-04:00,2024-03-18T14:05:42.378-04:00,https://sites.webpt.com/87816/request-an-appointment
87882,Precise Fit Physical Therapy,,Request an Appointment,Precise Fit Physical Therapy,,2024-03-19T12:35:03.817-04:00,2024-03-19T12:35:03.817-04:00,https://sites.webpt.com/87882/request-an-appointment
87915,RISE Physical Therapy,,Request an Appointment,RISE Physical Therapy,,2024-03-19T12:59:19.323-04:00,2024-03-19T12:59:19.323-04:00,https://sites.webpt.com/87915/request-an-appointment
87981,Revive Physical Therapy,,Contact Form,Revive Physical Therapy,,2024-03-20T11:59:10.308-04:00,2025-04-04T18:30:47.950-04:00,https://sites.webpt.com/87981/request-an-appointment
88047,Whitaker Restorative Physical Therapy,,Request an Appointment,Whitaker Restorative Physical Therapy,,2024-03-25T13:59:05.981-04:00,2024-03-25T13:59:05.981-04:00,https://sites.webpt.com/88047/request-an-appointment
88080,Sisters Physical Therapy LLC,,Request an Appointment,Sisters Physical Therapy LLC.,,2024-03-26T17:44:41.844-04:00,2024-03-26T17:44:41.844-04:00,https://sites.webpt.com/88080/request-an-appointment
88113,ACTIVEMED PHYSICAL THERAPY AND WELLNESS,,Request an Appointment,ACTIVEMED PHYSICAL THERAPY AND WELLNESS,,2024-03-26T18:02:38.297-04:00,2024-03-26T18:02:38.297-04:00,https://sites.webpt.com/88113/request-an-appointment
88146,Jennifer Klein Physical Therapy,,Request an Appointment,Jennifer Klein Physical Therapy,,2024-03-27T15:32:54.105-04:00,2024-08-20T10:33:36.538-04:00,https://sites.webpt.com/88146/request-an-appointment
88179,RJB Cardiac & Physical Rehabilitation,,Request an Appointment,RJB Cardiac & Physical Rehabilitation,,2024-03-27T16:56:28.113-04:00,2024-03-27T16:56:28.113-04:00,https://sites.webpt.com/88179/request-an-appointment
88245,Zada Rehab,,Request an Appointment,Zada Rehab,,2024-03-27T18:20:53.569-04:00,2024-03-27T18:20:53.569-04:00,https://sites.webpt.com/88245/request-an-appointment
88278,"Jennifer Schlinger Physical Therapy, PLLC",,Request an Appointment,"Jennifer Schlinger Physical Therapy, PLLC",,2024-03-29T13:17:13.017-04:00,2024-03-29T13:17:13.017-04:00,https://sites.webpt.com/88278/request-an-appointment
88344,Rapid Relief Physical Therapy & wellness,,Request an Appointment,Rapid Relief Physical Therapy & wellness,,2024-03-29T15:18:58.196-04:00,2024-03-29T15:18:58.196-04:00,https://sites.webpt.com/88344/request-an-appointment
88377,ARC Physical Therapy and Wellness,,Request an Appointment,ARC Physical Therapy and Wellness,,2024-04-01T14:09:16.759-04:00,2024-04-01T14:09:16.759-04:00,https://sites.webpt.com/88377/request-an-appointment
88410,Hope Outpatient Therapy,,Request an Appointment,Hope Outpatient Therapy,,2024-04-01T14:44:54.663-04:00,2024-04-01T14:44:54.663-04:00,https://sites.webpt.com/88410/request-an-appointment
88443,Warner Therapy Services,,Request an Appointment,Warner Therapy Services,,2024-04-02T19:07:13.680-04:00,2024-04-02T19:07:13.680-04:00,https://sites.webpt.com/88443/request-an-appointment
88444,ORTHOVIVE PHYSICAL THERAPY & WELLNESS,,Request an Appointment,ORTHOVIVE PHYSICAL THERAPY & WELLNESS,,2024-04-02T19:13:23.856-04:00,2026-06-11T18:23:21.550-04:00,https://sites.webpt.com/88444/request-an-appointment
88476,FuctionPro Rehab Services,,Request an Appointment,FuctionPro Rehab Services,,2024-04-03T08:32:24.507-04:00,2024-04-03T08:32:24.507-04:00,https://sites.webpt.com/88476/request-an-appointment
88509,SHKPT: Physical Therapy Vertigo Concierge,,Request an Appointment,SHKPT: Physical Therapy Vertigo Concierge,,2024-04-03T09:38:08.411-04:00,2024-04-03T09:38:08.411-04:00,https://sites.webpt.com/88509/request-an-appointment
88542,Joyner Therapy Services,,Request an Appointment,Joyner Therapy Services,,2024-10-23T13:01:41.626-04:00,2024-10-23T13:14:35.578-04:00,https://sites.webpt.com/88542/request-an-appointment
88575,Schmaltz Physical Therapy,,Request an Appointment,Schmaltz Physical Therapy,,2024-04-03T18:25:56.737-04:00,2024-04-03T18:25:56.737-04:00,https://sites.webpt.com/88575/request-an-appointment
88674,La Doctora Terapista,,Request an Appointment,La Doctora Terapista,,2024-04-04T11:10:21.408-04:00,2024-04-04T11:10:21.408-04:00,https://sites.webpt.com/88674/request-an-appointment
88707,Restrong Physical Therapy & Wellness,,Request an Appointment,Restrong Physical Therapy & Wellness,,2024-04-04T13:42:42.155-04:00,2024-04-04T13:51:30.174-04:00,https://sites.webpt.com/88707/request-an-appointment
88740,Bay Hand Therapy and Rehabilitation,,Request an Appointment,Bay Hand Therapy and Rehabilitation,,2024-04-04T15:27:58.162-04:00,2024-04-04T15:27:58.162-04:00,https://sites.webpt.com/88740/request-an-appointment
88773,"Flame Physical Therapy, PLLC",,Request an Appointment,"Flame Physical Therapy, PLLC",,2024-04-04T15:46:04.231-04:00,2024-04-04T15:46:04.231-04:00,https://sites.webpt.com/88773/request-an-appointment
88839,Body Needs Physical Therapy,,Request an Appointment,Body Needs Physical Therapy,,2024-04-05T15:03:12.296-04:00,2024-04-05T15:03:12.296-04:00,https://sites.webpt.com/88839/request-an-appointment
88872,Active Mobility Physical Therapy,,Request an Appointment,Active Mobility Physical Therapy,,2024-04-05T15:17:43.892-04:00,2024-04-05T15:17:43.892-04:00,https://sites.webpt.com/88872/request-an-appointment
88905,Complete Recovery Physical Therapy,,Request an Appointment,Complete Recovery Physical Therapy,,2024-04-08T13:36:38.167-04:00,2024-04-08T13:36:38.167-04:00,https://sites.webpt.com/88905/request-an-appointment
88938,Pelvic Vestibular & Orthopedic Physical Therapy,,Request an Appointment,Pelvic Vestibular & Orthopedic Physical Therapy,,2024-04-09T08:21:09.576-04:00,2024-04-09T08:21:09.576-04:00,https://sites.webpt.com/88938/request-an-appointment
89004,Performance Physical Therapy LLC,,Request an Appointment,Performance Physical Therapy LLC,,2024-04-09T13:14:35.660-04:00,2024-04-09T13:14:35.660-04:00,https://sites.webpt.com/89004/request-an-appointment
89037,Winberg Physical Therapy,,Request an Appointment,Winberg Physical Therapy,,2024-04-09T14:42:54.530-04:00,2024-04-09T14:42:54.530-04:00,https://sites.webpt.com/89037/request-an-appointment
89070,WebPT Internal Implementation SOAP 1 TEST,,Request an Appointment,WebPT Internal Implementation SOAP 1 TEST,,2024-04-10T10:12:32.292-04:00,2024-04-10T10:12:32.292-04:00,https://sites.webpt.com/89070/request-an-appointment
89071,WebPT Internal Implementation SOAP 2 TEST,,Request an Appointment,WebPT Internal Implementation SOAP 2 TEST,,2024-04-10T10:15:53.946-04:00,2024-04-10T10:15:53.946-04:00,https://sites.webpt.com/89071/request-an-appointment
89103,Comprehensive PT Services,,Request an Appointment,Comprehensive PT Services,,2024-04-10T12:56:28.671-04:00,2024-04-10T12:56:28.671-04:00,https://sites.webpt.com/89103/request-an-appointment
89169,System Physical Therapy,,Request an Appointment,System Physical Therapy,,2024-04-11T16:17:15.978-04:00,2024-05-16T16:20:43.984-04:00,https://sites.webpt.com/89169/request-an-appointment
89202,"Copper City Physical Therapy, PC",,Request an Appointment,"Copper City Physical Therapy, PC",,2024-04-12T14:39:50.097-04:00,2024-05-10T12:53:44.736-04:00,https://sites.webpt.com/89202/request-an-appointment
89235,JAS Physical Therapy PLLC,,Request an Appointment,JAS Physical Therapy PLLC,,2024-04-15T17:33:31.309-04:00,2024-04-15T17:33:31.309-04:00,https://sites.webpt.com/89235/request-an-appointment
89268,Therapy Essentials LLC - Kiowa Manor,,Request an Appointment,Therapy Essentials LLC - Kiowa Manor,,2024-04-16T08:49:24.859-04:00,2024-04-16T08:49:24.859-04:00,https://sites.webpt.com/89268/request-an-appointment
89334,Peak Rehab,,Request an Appointment,Peak Rehab,,2024-04-17T10:54:46.977-04:00,2024-04-17T10:54:46.977-04:00,https://sites.webpt.com/89334/request-an-appointment
89400,"Junyu Chen Pelvic Floor PT, P.C",,Request an Appointment,"Junyu Chen Pelvic Floor PT, P.C.",,2024-04-19T08:01:45.521-04:00,2024-04-19T08:01:45.521-04:00,https://sites.webpt.com/89400/request-an-appointment
89433,Regain Pelvic Physical Therapy,,Request an Appointment,Regain Pelvic Physical Therapy,,2024-04-19T08:19:10.098-04:00,2024-04-19T08:19:10.098-04:00,https://sites.webpt.com/89433/request-an-appointment
89466,Dynamic Therapies,,Request an Appointment,Dynamic Therapies,,2024-04-19T08:39:47.696-04:00,2024-04-19T08:39:47.696-04:00,https://sites.webpt.com/89466/request-an-appointment
89499,Within Your Reach Physical Therapy & Fitness,,Request an Appointment,Within Your Reach Physical Therapy & Fitness,,2024-04-19T12:00:43.150-04:00,2024-04-19T12:00:43.150-04:00,https://sites.webpt.com/89499/request-an-appointment
89565,"Boulder Physical Therapy, PLLC",,Request an Appointment,"Boulder Physical Therapy, PLLC",,2024-04-19T13:16:14.057-04:00,2024-04-19T13:16:14.057-04:00,https://sites.webpt.com/89565/request-an-appointment
89598,Harte Physical Therapy,,Request an Appointment,Harte Physical Therapy,,2024-04-22T12:59:41.427-04:00,2024-04-22T12:59:41.427-04:00,https://sites.webpt.com/89598/request-an-appointment
89631,Firefly Physical Therapy,,Request an Appointment,Firefly Physical Therapy,,2024-04-22T13:48:30.631-04:00,2024-04-22T13:48:30.631-04:00,https://sites.webpt.com/89631/request-an-appointment
89664,Active Orthopedics Physical Therapy,,Request an Appointment,Active Orthopedics Physical Therapy,,2024-04-23T14:04:42.252-04:00,2024-04-23T14:04:42.252-04:00,https://sites.webpt.com/89664/request-an-appointment
89697,Namaste Rehab,,Request an Appointment,Namaste Rehab,,2024-04-23T14:59:47.463-04:00,2024-04-23T14:59:47.463-04:00,https://sites.webpt.com/89697/request-an-appointment
89763,Realign Fitness and Physical Therapy,,Request an Appointment,Realign Fitness and Physical Therapy,,2024-04-24T14:31:45.216-04:00,2024-04-24T14:31:45.216-04:00,https://sites.webpt.com/89763/request-an-appointment
89796,Day Watson Physical Therapy & Associates,,Request an Appointment,Day Watson Physical Therapy & Associates,,2024-04-24T17:25:29.232-04:00,2024-04-24T17:32:00.991-04:00,https://sites.webpt.com/89796/request-an-appointment
89829,Steps and Strides Physical Therapy,,Request an Appointment,Steps and Strides Physical Therapy,,2024-04-24T17:41:13.163-04:00,2024-04-24T17:41:13.163-04:00,https://sites.webpt.com/89829/request-an-appointment
89862,Core Physical Therapy,,Request an Appointment,Core Physical Therapy,,2024-04-25T15:38:07.823-04:00,2024-04-25T15:38:07.823-04:00,https://sites.webpt.com/89862/request-an-appointment
89895,WorkFit Physical Therapy,,Request an Appointment,WorkFit Physical Therapy,,2024-04-25T16:54:11.078-04:00,2024-04-25T16:54:11.078-04:00,https://sites.webpt.com/89895/request-an-appointment
89928,SYNERGY IN MOTION PT & SPORTS REHAB,simphysicaltherapy.com,"Pelvic Floor Physical Therapist in Pasadena, Maryland",Synergy in Motion Physical Therapy & Sports Rehab,,2024-04-26T10:09:50.159-04:00,2025-01-06T21:37:06.858-05:00,https://sites.webpt.com/89928/request-an-appointment
89961,Neuthrive,,Request an Appointment,Neuthrive,,2024-04-26T14:51:28.572-04:00,2024-04-26T14:51:28.572-04:00,https://sites.webpt.com/89961/request-an-appointment
90027,Free Range Physical Therapy,,Request an Appointment,Free Range Physical Therapy,,2025-10-10T18:46:56.749-04:00,2025-10-10T18:51:31.115-04:00,https://sites.webpt.com/90027/request-an-appointment
90060,Netherine’s Physical Therapy Pelvic Floor and Wellness,,Request an Appointment,Netherine’s Physical Therapy Pelvic Floor and Wellness,,2024-04-29T14:23:25.714-04:00,2024-04-29T14:23:25.714-04:00,https://sites.webpt.com/90060/request-an-appointment
90093,Schroth Spinal Physical Therapy of NJ,,Request an Appointment,Schroth Spinal Physical Therapy of NJ,,2024-04-29T14:54:04.325-04:00,2024-04-29T14:54:04.325-04:00,https://sites.webpt.com/90093/request-an-appointment
90126,FORM Hand Therapy,,Request an Appointment,FORM Hand Therapy,,2024-04-29T15:28:49.481-04:00,2024-04-29T15:28:49.481-04:00,https://sites.webpt.com/90126/request-an-appointment
90159,Get On Physical Therapy,,Request an Appointment,Get On Physical Therapy,,2024-04-30T22:06:18.428-04:00,2024-04-30T22:18:09.047-04:00,https://sites.webpt.com/90159/request-an-appointment
90192,Wellness Physical Therapy Interactive,,Request an Appointment,Wellness Physical Therapy Interactive,,2024-04-30T22:44:43.650-04:00,2024-04-30T22:44:43.650-04:00,https://sites.webpt.com/90192/request-an-appointment
90225,Moxie Physical Therapy,,Request an Appointment,Moxie Physical Therapy,,2024-04-30T23:07:40.812-04:00,2024-04-30T23:07:40.812-04:00,https://sites.webpt.com/90225/request-an-appointment
90258,Colosseum Physical Therapy & Performance,,Request an Appointment,Colosseum Physical Therapy & Performance,,2024-04-30T23:29:52.324-04:00,2024-04-30T23:45:33.824-04:00,https://sites.webpt.com/90258/request-an-appointment
90291,Wagon Wheel Therapy,,Request an Appointment,Wagon Wheel Therapy,,2024-05-01T08:32:22.463-04:00,2024-05-08T19:53:41.111-04:00,https://sites.webpt.com/90291/request-an-appointment
90357,"Core Fit Physical Therapy, LLC",,Request an Appointment,"Core Fit Physical Therapy, LLC",,2024-05-02T17:49:00.464-04:00,2024-05-02T17:49:00.464-04:00,https://sites.webpt.com/90357/request-an-appointment
90390,Advantage Orthopedic Performance & Training,,Request an Appointment,Advantage Orthopedic Performance & Training,,2024-05-02T18:25:37.690-04:00,2024-05-02T18:33:35.752-04:00,https://sites.webpt.com/90390/request-an-appointment
90423,Invest PT,,Request an Appointment,Invest PT,,2024-05-03T12:04:52.569-04:00,2024-05-03T12:04:52.569-04:00,https://sites.webpt.com/90423/request-an-appointment
90456,Charlotte Physical Therapy & Injury,,Request an Appointment,Charlotte Physical Therapy & Injury,,2024-05-03T12:37:48.790-04:00,2024-05-03T12:37:48.790-04:00,https://sites.webpt.com/90456/request-an-appointment
90489,Denver Pain Relief Center,,Request an Appointment,Denver Pain Relief Center,,2024-05-03T15:12:26.042-04:00,2024-05-03T15:12:26.042-04:00,https://sites.webpt.com/90489/request-an-appointment
90522,ZD PT PC,,Request an Appointment,ZD PT PC,,2024-05-03T16:09:27.052-04:00,2024-05-03T16:09:27.052-04:00,https://sites.webpt.com/90522/request-an-appointment
90555,H2O-4-Life Aquatic and Balance Rehab,,Request an Appointment,H2O-4-Life Aquatic and Balance Rehab,,2024-05-03T17:22:11.310-04:00,2024-05-03T17:22:11.310-04:00,https://sites.webpt.com/90555/request-an-appointment
90621,Concierge Physical Therapy,,Request an Appointment,Concierge Physical Therapy,,2024-05-06T16:23:19.055-04:00,2024-05-06T16:23:19.055-04:00,https://sites.webpt.com/90621/request-an-appointment
90654,Prestige Hand & Physical Therapy,,Request an Appointment,Prestige Hand & Physical Therapy,,2024-05-06T16:51:53.438-04:00,2024-05-06T16:51:53.438-04:00,https://sites.webpt.com/90654/request-an-appointment
90687,PROCARE REHAB SERVICES LLC,,Request an Appointment,PROCARE REHAB SERVICES LLC,,2024-05-07T15:01:44.376-04:00,2024-05-07T15:01:44.376-04:00,https://sites.webpt.com/90687/request-an-appointment
90720,Whole Therapy LLC,,Request an Appointment,Whole Therapy LLC,,2024-05-07T15:25:30.120-04:00,2024-06-14T15:30:00.466-04:00,https://sites.webpt.com/90720/request-an-appointment
90753,BeBetter,,Request an Appointment,BeBetter,,2024-05-08T16:17:04.012-04:00,2024-05-08T16:17:04.012-04:00,https://sites.webpt.com/90753/request-an-appointment
90786,ErgoMomics LLC,,Request an Appointment,ErgoMomics LLC,,2024-05-08T16:27:19.778-04:00,2024-05-08T16:27:19.778-04:00,https://sites.webpt.com/90786/request-an-appointment
90819,Back To Health Chiropractic,,Request an Appointment,Back To Health Chiropractic,,2024-05-08T19:42:30.887-04:00,2024-05-08T19:42:30.887-04:00,https://sites.webpt.com/90819/request-an-appointment
90852,In My Care PT Services,,Request an Appointment,In My Care PT Services,,2024-05-09T16:23:10.540-04:00,2024-05-09T16:23:10.540-04:00,https://sites.webpt.com/90852/request-an-appointment
90885,True Motion Physical Therapy,,Request an Appointment,True Motion Physical Therapy,,2024-05-10T16:27:37.860-04:00,2024-05-10T16:27:37.860-04:00,https://sites.webpt.com/90885/request-an-appointment
90918,New York Physical Therapy Care PC,,Request an Appointment,New York Physical Therapy Care PC,,2024-05-10T16:49:19.809-04:00,2024-05-10T16:49:19.809-04:00,https://sites.webpt.com/90918/request-an-appointment
90951,Sound Rehabilitation and Performance,,Request an Appointment,Sound Rehabilitation and Performance,,2024-05-14T18:34:06.465-04:00,2024-05-14T18:34:06.465-04:00,https://sites.webpt.com/90951/request-an-appointment
91050,Restore Perform Physical Therapy,,Request an Appointment,Restore Perform Physical Therapy,,2024-05-16T08:20:01.737-04:00,2024-05-16T08:35:37.152-04:00,https://sites.webpt.com/91050/request-an-appointment
91083,Peak Performance Physical Therapy,,Request an Appointment,Peak Performance Physical Therapy,,2024-05-16T15:09:03.404-04:00,2024-05-16T15:09:03.404-04:00,https://sites.webpt.com/91083/request-an-appointment
91116,Upward Physical Therapy,,Request an Appointment,Upward Physical Therapy,,2024-05-16T16:38:26.864-04:00,2024-05-16T16:38:26.864-04:00,https://sites.webpt.com/91116/request-an-appointment
91149,Breathing Center Of Houston,,Request an Appointment,Breathing Center Of Houston,,2024-05-16T20:21:52.157-04:00,2024-05-16T20:21:52.157-04:00,https://sites.webpt.com/91149/request-an-appointment
91182,Heal Physical Therapy LLC,,Request an Appointment,Heal Physical Therapy LLC,,2024-05-16T20:44:05.053-04:00,2024-05-16T20:44:05.053-04:00,https://sites.webpt.com/91182/request-an-appointment
91215,The Enrichment Garden,,Request an Appointment,The Enrichment Garden,,2024-05-17T08:54:19.729-04:00,2024-05-17T08:54:19.729-04:00,https://sites.webpt.com/91215/request-an-appointment
91248,"Tualatin Valley Physical Therapy, LLC",,Request an Appointment,"Tualatin Valley Physical Therapy, LLC",,2024-05-17T09:44:05.726-04:00,2026-01-11T19:34:33.877-05:00,https://sites.webpt.com/91248/request-an-appointment
91281,Next Step Physical Therapy,,Request an Appointment,Next Step Physical Therapy,,2024-05-20T14:37:52.277-04:00,2024-05-20T14:37:52.277-04:00,https://sites.webpt.com/91281/request-an-appointment
91314,Bayshore Hand Rehabilitation,,Request an Appointment,Bayshore Hand Rehabilitation,,2024-05-21T12:38:49.050-04:00,2024-05-21T12:38:49.050-04:00,https://sites.webpt.com/91314/request-an-appointment
91446,Boost Physio and Performance,,Request an Appointment,Boost Physio and Performance,,2024-05-24T17:04:43.401-04:00,2024-05-24T17:04:43.401-04:00,https://sites.webpt.com/91446/request-an-appointment
91479,Empower NeuroRehab,,Request an Appointment,Empower NeuroRehab,,2024-05-24T17:31:27.284-04:00,2024-05-24T17:31:27.284-04:00,https://sites.webpt.com/91479/request-an-appointment
91512,(INACTIVE) Peak Physical Therapy and Wellness,,Request an Appointment,(INACTIVE) Peak Physical Therapy and Wellness,,2024-05-24T18:33:29.477-04:00,2024-05-24T18:33:29.477-04:00,https://sites.webpt.com/91512/request-an-appointment
91545,Dunn Therapy,,Request an Appointment,Dunn Therapy,,2024-05-24T18:58:04.061-04:00,2024-05-24T19:10:47.893-04:00,https://sites.webpt.com/91545/request-an-appointment
91578,Way Rehab Services,,Request an Appointment,Way Rehab Services,,2024-05-24T19:23:18.443-04:00,2024-05-24T19:28:02.125-04:00,https://sites.webpt.com/91578/request-an-appointment
91611,Elevate Physical Therapy and Performance,,Request an Appointment,Elevate Physical Therapy and Performance,,2024-05-24T19:40:56.982-04:00,2024-05-24T19:40:56.982-04:00,https://sites.webpt.com/91611/request-an-appointment
91612,Muskogee Therapy SPOT,,Request an Appointment,Muskogee Therapy SPOT,,2024-05-24T19:57:12.391-04:00,2024-05-24T19:57:12.391-04:00,https://sites.webpt.com/91612/request-an-appointment
91644,SMART Physical Therapy,,Request an Appointment,SMART Physical Therapy,,2025-12-24T12:24:33.134-05:00,2025-12-24T12:24:33.134-05:00,https://sites.webpt.com/91644/request-an-appointment
91677,T-Web Fitness & Physical Therapy,,Request an Appointment,T-Web Fitness & Physical Therapy,,2024-05-29T16:30:02.412-04:00,2024-05-29T16:30:02.412-04:00,https://sites.webpt.com/91677/request-an-appointment
91743,"PT360 Offices in Buckhead, Sandy Springs and Alpharetta",,Request an Appointment,"PT360 Offices in Buckhead, Sandy Springs and Alpharetta",,2024-05-30T09:11:00.675-04:00,2024-09-02T15:54:44.529-04:00,https://sites.webpt.com/91743/request-an-appointment
91776,Ascend Physical Therapy,,Request an Appointment,Ascend Physical Therapy,,2024-05-30T15:13:58.263-04:00,2024-05-30T15:13:58.263-04:00,https://sites.webpt.com/91776/request-an-appointment
91842,"Ergonomic Collaboration Group, LLC",,Request an Appointment,"Ergonomic Collaboration Group, LLC",,2024-05-31T13:40:40.617-04:00,2024-05-31T13:40:40.617-04:00,https://sites.webpt.com/91842/request-an-appointment
91875,Riverbend Pediatric Therapy,,Request an Appointment,Riverbend Pediatric Therapy,,2025-10-09T13:51:51.359-04:00,2025-10-09T13:51:51.359-04:00,https://sites.webpt.com/91875/request-an-appointment
91908,Prefer nursing services,,Request an Appointment,Prefer nursing services,,2024-05-31T15:20:24.936-04:00,2024-05-31T15:20:24.936-04:00,https://sites.webpt.com/91908/request-an-appointment
91909,Better Physical Therapy,,Request an Appointment,Better Physical Therapy,,2024-05-31T15:29:21.094-04:00,2024-05-31T15:29:21.094-04:00,https://sites.webpt.com/91909/request-an-appointment
91941,HeyDay Senior Therapy,,Request an Appointment,HeyDay Senior Therapy,,2024-05-31T19:19:48.645-04:00,2024-05-31T19:45:14.837-04:00,https://sites.webpt.com/91941/request-an-appointment
91974,OrthoSmart,,Request an Appointment,OrthoSmart,,2024-06-03T08:02:55.801-04:00,2024-06-03T08:02:55.801-04:00,https://sites.webpt.com/91974/request-an-appointment
92007,FYZICAL Avalon Park,,Request an Appointment,FYZICAL Avalon Park,,2024-06-03T09:15:03.348-04:00,2024-06-03T09:15:03.348-04:00,https://sites.webpt.com/92007/request-an-appointment
92040,PhysioTMC,,Request an Appointment,PhysioTMC,,2024-06-03T10:07:22.777-04:00,2024-06-03T10:07:22.777-04:00,https://sites.webpt.com/92040/request-an-appointment
92073,Ortho Injury and Wellness Center Inc,,Request an Appointment,Ortho Injury and Wellness Center Inc.,,2024-06-03T10:33:28.124-04:00,2024-06-03T10:33:28.124-04:00,https://sites.webpt.com/92073/request-an-appointment
92106,Thrive Physical Therapy and Wellness,,Request an Appointment,Thrive Physical Therapy and Wellness,,2024-06-03T15:39:24.230-04:00,2024-06-03T15:39:24.230-04:00,https://sites.webpt.com/92106/request-an-appointment
92172,Lauderdale Sports Performance Institute,,Request an Appointment,Lauderdale Sports Performance Institute,,2024-06-04T09:35:16.006-04:00,2024-06-04T09:35:16.006-04:00,https://sites.webpt.com/92172/request-an-appointment
92205,Rise Therapy Services,,Request an Appointment,Rise Therapy Services,,2024-06-04T10:32:53.580-04:00,2024-06-04T10:32:53.580-04:00,https://sites.webpt.com/92205/request-an-appointment
92238,Peak Performance Physical Therapy & Sports Rehab,,Request an Appointment,Peak Performance Physical Therapy & Sports Rehab,,2024-06-04T13:12:17.994-04:00,2024-06-04T13:12:17.994-04:00,https://sites.webpt.com/92238/request-an-appointment
92271,get Physical/Occupational Therapy,,Request an Appointment,ARC Physical Therapy,,2024-06-04T11:09:05.945-04:00,2025-08-25T12:30:22.598-04:00,https://sites.webpt.com/92271/request-an-appointment
92304,Freedom Physical Therapy and Fitness,,Request an Appointment,Freedom Physical Therapy and Fitness,,2024-06-04T14:19:47.370-04:00,2024-06-04T14:19:47.370-04:00,https://sites.webpt.com/92304/request-an-appointment
92337,Jonathan Belmonte PT,,Request an Appointment,Jonathan Belmonte PT,,2024-06-05T09:42:58.847-04:00,2024-06-05T09:42:58.847-04:00,https://sites.webpt.com/92337/request-an-appointment
92370,Shafer-Rau Physical Therapy,,Request an Appointment,Shafer-Rau Physical Therapy,,2024-06-05T13:32:20.800-04:00,2024-06-05T13:32:20.800-04:00,https://sites.webpt.com/92370/request-an-appointment
92403,Body Hack High Performance PT,,Request an Appointment,Body Hack High Performance PT,,2024-06-06T11:15:10.267-04:00,2024-06-06T11:15:10.267-04:00,https://sites.webpt.com/92403/request-an-appointment
92436,Growth Pediatric Therapy,,Request an Appointment,Growth Pediatric Therapy,,2024-06-06T11:41:28.420-04:00,2024-06-06T11:41:28.420-04:00,https://sites.webpt.com/92436/request-an-appointment
92437,NeuroBalance Rehab,,Request an Appointment,NeuroBalance Rehab,,2024-06-06T11:48:14.152-04:00,2024-06-06T11:48:14.152-04:00,https://sites.webpt.com/92437/request-an-appointment
92469,MoveWell Physical Therapy,,Request an Appointment,MoveWell Physical Therapy,,2024-06-06T13:52:07.062-04:00,2024-06-06T13:52:07.062-04:00,https://sites.webpt.com/92469/request-an-appointment
92502,PTP LAB (PhysioTherapy Performance Lab),,Request an Appointment,PTP LAB (PhysioTherapy Performance Lab),,2024-06-06T14:43:14.089-04:00,2024-06-06T14:43:14.089-04:00,https://sites.webpt.com/92502/request-an-appointment
92568,4D Physical Therapy,,Request an Appointment,4D Physical Therapy,,2024-06-07T14:34:39.977-04:00,2024-06-07T16:50:37.937-04:00,https://sites.webpt.com/92568/request-an-appointment
92601,LeSueur Physical Therapy LLC,,Request an Appointment,LeSueur Physical Therapy LLC,,2024-06-10T12:41:33.871-04:00,2024-06-10T13:06:46.544-04:00,https://sites.webpt.com/92601/request-an-appointment
92634,Performance Sports Physio,,Request an Appointment,Performance Sports Physio,,2024-06-10T16:22:55.342-04:00,2024-06-10T16:42:02.174-04:00,https://sites.webpt.com/92634/request-an-appointment
92667,"Active Plus Physical Therapy, PC",,Request an Appointment,"Active Plus Physical Therapy, PC",,2024-06-10T16:44:40.194-04:00,2024-06-10T17:30:00.176-04:00,https://sites.webpt.com/92667/request-an-appointment
92700,Opt Rehab Physical Therapy,,Request an Appointment,Opt Rehab Physical Therapy,,2024-06-10T17:19:54.516-04:00,2024-06-10T17:32:37.628-04:00,https://sites.webpt.com/92700/request-an-appointment
92733,"Thrive Occupational Therapy, P.C",,Request an Appointment,"Thrive Occupational Therapy, P.C.",,2024-06-10T17:35:26.770-04:00,2024-06-10T17:35:26.770-04:00,https://sites.webpt.com/92733/request-an-appointment
92766,Choice Physical Therapy,,Request an Appointment,Choice Physical Therapy,,2024-06-11T11:22:17.271-04:00,2024-06-11T12:06:15.596-04:00,https://sites.webpt.com/92766/request-an-appointment
92799,The Speech Easy,,Request an Appointment,The Speech Easy,,2024-06-11T14:25:04.005-04:00,2024-06-11T14:25:04.005-04:00,https://sites.webpt.com/92799/request-an-appointment
92832,Mind Body Balance Physical Therapy PLLC,,Request an Appointment,Mind Body Balance Physical Therapy PLLC,,2024-06-11T16:52:37.200-04:00,2024-06-11T18:16:23.955-04:00,https://sites.webpt.com/92832/request-an-appointment
92898,M & M Physical Therapy Inc,,Request an Appointment,M & M Physical Therapy Inc,,2024-06-12T09:33:01.938-04:00,2024-06-12T09:33:01.938-04:00,https://sites.webpt.com/92898/request-an-appointment
92931,PROFICIENT PT,,Request an Appointment,PROFICIENT PT,,2024-06-12T10:22:55.274-04:00,2024-06-12T10:22:55.274-04:00,https://sites.webpt.com/92931/request-an-appointment
92964,"Pro-Active Physical Therapy, S.C",,Request an Appointment,"Pro-Active Physical Therapy, S.C.",,2024-06-12T13:52:33.897-04:00,2024-06-12T13:52:33.897-04:00,https://sites.webpt.com/92964/request-an-appointment
92997,South Bay Orthopedic and Sports Medicine,,Request an Appointment,South Bay Orthopedic and Sports Medicine,,2024-06-12T14:41:51.963-04:00,2024-06-12T19:12:53.580-04:00,https://sites.webpt.com/92997/request-an-appointment
93030,Flowstate Physical Therapy,,Request an Appointment,Flowstate Physical Therapy,,2024-06-13T10:40:09.933-04:00,2024-06-13T10:51:10.122-04:00,https://sites.webpt.com/93030/request-an-appointment
93063,Performance Edge,,Request an Appointment,Performance Edge,,2024-06-13T11:09:33.592-04:00,2024-06-14T19:32:48.120-04:00,https://sites.webpt.com/93063/request-an-appointment
93096,Fyzical Therapy & Balance Center-Sports Medicine Rockledge/Viera LLC,,Request an Appointment,Fyzical Therapy & Balance Center-Sports Medicine Rockledge/Viera LLC,,2024-06-13T14:44:09.369-04:00,2024-06-13T14:44:09.369-04:00,https://sites.webpt.com/93096/request-an-appointment
93129,Current Physical Therapy,,Request an Appointment,Current Physical Therapy,,2024-06-13T22:52:23.475-04:00,2025-10-30T15:05:32.575-04:00,https://sites.webpt.com/93129/request-an-appointment
93162,BackPainPT,,Request an Appointment,BackPainPT,,2024-06-14T11:10:53.368-04:00,2024-06-14T13:08:51.289-04:00,https://sites.webpt.com/93162/request-an-appointment
93163,Dr. Sarsour’s Physical Therapy,,Request an Appointment,Dr. Sarsour’s Physical Therapy,,2024-06-14T11:18:24.428-04:00,2024-06-14T11:25:59.413-04:00,https://sites.webpt.com/93163/request-an-appointment
93195,Kaleidoscope Pediatric Therapy,,Request an Appointment,Kaleidoscope Pediatric Therapy,,2025-05-02T14:28:34.632-04:00,2025-05-02T14:28:34.632-04:00,https://sites.webpt.com/93195/request-an-appointment
93228,Active Physical Therapy,,Request an Appointment,Active Physical Therapy,,2024-06-14T17:44:08.463-04:00,2024-06-14T17:51:59.185-04:00,https://sites.webpt.com/93228/request-an-appointment
93294,Blue Zone Physical Therapy and Wellness,,Request an Appointment,Blue Zone Physical Therapy and Wellness,,2024-06-17T19:43:13.627-04:00,2024-06-17T20:00:41.518-04:00,https://sites.webpt.com/93294/request-an-appointment
93327,SG Physical Therapy,,Request an Appointment,SG Physical Therapy,,2024-06-18T13:45:37.426-04:00,2024-06-18T13:45:37.426-04:00,https://sites.webpt.com/93327/request-an-appointment
93360,"Melissa A Pulice, PT PLLC",,Request an Appointment,"Melissa A Pulice, PT PLLC",,2024-06-18T14:43:00.004-04:00,2024-06-18T14:43:00.004-04:00,https://sites.webpt.com/93360/request-an-appointment
93393,RHC Therapy Solutions,,Request an Appointment,RHC Therapy Solutions,,2024-06-20T11:44:34.784-04:00,2024-06-20T11:44:34.784-04:00,https://sites.webpt.com/93393/request-an-appointment
93426,Breakthrough Rehab Center,,Request an Appointment,Breakthrough Rehab Center,,2024-06-20T14:03:39.448-04:00,2024-06-20T14:03:39.448-04:00,https://sites.webpt.com/93426/request-an-appointment
93459,Optimum Care Physical Therapy,,Request an Appointment,Optimum Care Physical Therapy,,2024-06-20T15:00:51.164-04:00,2024-06-20T20:08:48.499-04:00,https://sites.webpt.com/93459/request-an-appointment
93492,Elite Physiotherapy,,Request an Appointment,Elite Physiotherapy,,2024-06-21T09:01:07.860-04:00,2024-06-21T09:01:07.860-04:00,https://sites.webpt.com/93492/request-an-appointment
93525,Quil Studios NYC,,Request an Appointment,Quil Studios NYC,,2024-06-21T11:02:40.101-04:00,2024-06-21T11:02:40.101-04:00,https://sites.webpt.com/93525/request-an-appointment
93558,"Physical Therapy Services, PA - TN",,Request an Appointment,"Physical Therapy Services, PA - TN",,2025-04-03T18:33:25.667-04:00,2025-04-03T18:33:25.667-04:00,https://sites.webpt.com/93558/request-an-appointment
93591,Semken Physical Therapy,,Request an Appointment,Semken Physical Therapy,,2024-06-21T12:29:37.828-04:00,2024-06-21T15:05:59.870-04:00,https://sites.webpt.com/93591/request-an-appointment
93624,Nurture Therapy Group,,Request an Appointment,Nurture Therapy Group,,2024-06-24T11:13:49.426-04:00,2024-06-24T11:13:49.426-04:00,https://sites.webpt.com/93624/request-an-appointment
93657,Horizon Physical Therapy,,Request an Appointment,Horizon Physical Therapy,,2024-06-25T11:36:02.304-04:00,2024-06-25T11:36:02.304-04:00,https://sites.webpt.com/93657/request-an-appointment
93690,"Culture & Wellness Therapy, LLC",,Request an Appointment,"Culture & Wellness Therapy, LLC",,2024-06-25T19:54:05.780-04:00,2024-06-25T19:54:05.780-04:00,https://sites.webpt.com/93690/request-an-appointment
93723,Dynamic Flow Physical Therapy and Wellness,,Request an Appointment,Dynamic Flow Physical Therapy and Wellness,,2024-06-26T12:22:04.911-04:00,2024-06-26T12:22:04.911-04:00,https://sites.webpt.com/93723/request-an-appointment
93756,Mobility Collective Co,,Request an Appointment,Mobility Collective Co,,2024-06-26T14:33:46.840-04:00,2024-06-26T18:38:24.107-04:00,https://sites.webpt.com/93756/request-an-appointment
93789,TheraWorks Physical Therapy and Rehabilitation,,Request an Appointment,TheraWorks Physical Therapy and Rehabilitation,,2024-06-27T12:02:30.960-04:00,2024-06-27T12:02:30.960-04:00,https://sites.webpt.com/93789/request-an-appointment
93822,CareWell Physical Therapy & Balance Center,,Request an Appointment,CareWell Physical Therapy & Balance Center,,2024-06-27T17:16:16.634-04:00,2024-06-27T17:23:23.038-04:00,https://sites.webpt.com/93822/request-an-appointment
93855,Health Hive,,Request an Appointment,Health Hive,,2024-06-28T11:51:25.349-04:00,2024-06-28T11:51:25.349-04:00,https://sites.webpt.com/93855/request-an-appointment
93888,Occupational Therapy Unlimited,,Request an Appointment,Occupational Therapy Unlimited,,2024-06-28T13:51:31.768-04:00,2024-06-28T13:51:31.768-04:00,https://sites.webpt.com/93888/request-an-appointment
93954,Motive Physical Therapy,,Request an Appointment,Motive Physical Therapy,,2024-07-02T13:34:39.639-04:00,2024-07-02T13:34:39.639-04:00,https://sites.webpt.com/93954/request-an-appointment
93987,Road to Recovery PT,,Request an Appointment,Road to Recovery PT,,2024-07-02T14:18:02.815-04:00,2024-07-02T14:18:02.815-04:00,https://sites.webpt.com/93987/request-an-appointment
94020,AT HOME REHAB,,Request an Appointment,AT HOME REHAB,,2024-07-02T14:42:44.810-04:00,2024-07-02T14:42:44.810-04:00,https://sites.webpt.com/94020/request-an-appointment
94021,Rogue Physical Therapy,,Request an Appointment,Rogue Physical Therapy,,2024-07-02T14:44:09.675-04:00,2024-07-02T14:44:09.675-04:00,https://sites.webpt.com/94021/request-an-appointment
94086,Huntington Physical Therapy,,Request an Appointment,Huntington Physical Therapy,,2024-07-03T10:09:43.670-04:00,2024-07-03T10:38:14.310-04:00,https://sites.webpt.com/94086/request-an-appointment
94119,Advantage Therapy Services,,Request an Appointment,Advantage Therapy Services,,2024-07-03T14:08:03.707-04:00,2024-07-03T14:08:03.707-04:00,https://sites.webpt.com/94119/request-an-appointment
94152,Michelle Natividad,,Request an Appointment,Michelle Natividad,,2024-07-03T19:51:48.100-04:00,2024-07-03T19:51:48.100-04:00,https://sites.webpt.com/94152/request-an-appointment
94185,AIM Physical Therapy LLC,,Request an Appointment,AIM Physical Therapy LLC,,2024-07-03T20:32:30.966-04:00,2024-09-06T11:08:50.309-04:00,https://sites.webpt.com/94185/request-an-appointment
94218,Marina Sports Medicine,,Request an Appointment,Marina Sports Medicine,,2024-07-05T06:58:25.176-04:00,2024-07-05T06:58:25.176-04:00,https://sites.webpt.com/94218/request-an-appointment
94251,Peak Community Physical Therapy,,Request an Appointment,Peak Community Physical Therapy,,2024-07-08T11:51:45.768-04:00,2024-07-08T21:48:55.199-04:00,https://sites.webpt.com/94251/request-an-appointment
94284,RidgeCare Therapy Services,,Request an Appointment,RidgeCare Therapy Services,,2024-07-08T14:48:46.337-04:00,2024-07-08T14:48:46.337-04:00,https://sites.webpt.com/94284/request-an-appointment
94317,MOVE WELL PHYSICAL THERAPY,,Request an Appointment,MOVE WELL PHYSICAL THERAPY,,2024-07-09T15:49:26.381-04:00,2024-07-09T15:49:26.381-04:00,https://sites.webpt.com/94317/request-an-appointment
94350,MD Hyperbaric,mdhyperbaric.com,Schedule an Appointment,MD Hyperbaric,,2024-07-10T12:09:58.983-04:00,2024-08-12T21:21:14.330-04:00,https://sites.webpt.com/94350/request-an-appointment
94383,TOUCH CARE PHYSICAL THERAPY PLLC,,Request an Appointment,TOUCH CARE PHYSICAL THERAPY PLLC,,2024-07-10T12:44:28.777-04:00,2024-07-10T12:44:28.777-04:00,https://sites.webpt.com/94383/request-an-appointment
94416,Advanced Physical Therapy and Rehab,,Request an Appointment,Advanced Physical Therapy and Rehab,,2024-07-11T13:30:09.291-04:00,2024-07-11T13:30:09.291-04:00,https://sites.webpt.com/94416/request-an-appointment
94449,Next Gen PT,,Request an Appointment,Next Gen PT,,2024-07-11T13:37:38.404-04:00,2025-08-04T20:09:50.535-04:00,https://sites.webpt.com/94449/request-an-appointment
94482,"Santos Physical Therapy, LLC",,Request an Appointment,"Santos Physical Therapy, LLC",,2024-07-11T14:21:55.827-04:00,2024-08-04T23:38:00.321-04:00,https://sites.webpt.com/94482/request-an-appointment
94515,Nutter Physical Therapy,,Request an Appointment,Nutter Physical Therapy,,2024-07-11T15:54:59.315-04:00,2024-07-11T15:54:59.315-04:00,https://sites.webpt.com/94515/request-an-appointment
94548,ProCare Wellness Institute,,Request an Appointment,ProCare Wellness Institute,,2024-07-15T09:52:23.247-04:00,2024-07-15T22:11:12.261-04:00,https://sites.webpt.com/94548/request-an-appointment
94581,"Complete Therapy Services, PLLC",,Request an Appointment,"Complete Therapy Services, PLLC",,2024-07-15T12:04:50.202-04:00,2024-07-15T12:04:50.202-04:00,https://sites.webpt.com/94581/request-an-appointment
94614,"Pure Pediatric Therapy, Inc",,Request an Appointment,"Pure Pediatric Therapy, Inc.",,2024-07-16T13:25:58.798-04:00,2024-07-16T13:25:58.798-04:00,https://sites.webpt.com/94614/request-an-appointment
94647,MCC Physical Therapist Assistant Program,,Request an Appointment,MCC Physical Therapist Assistant Program,,2024-07-16T16:19:10.229-04:00,2024-07-16T22:41:22.711-04:00,https://sites.webpt.com/94647/request-an-appointment
94680,ITTS for Children,,Request an Appointment,ITTS for Children,,2024-07-16T16:39:17.257-04:00,2024-07-16T23:09:23.412-04:00,https://sites.webpt.com/94680/request-an-appointment
94713,Schmidt Physical Therapy,,Request an Appointment,Schmidt Physical Therapy,,2024-07-17T08:56:35.922-04:00,2024-07-17T08:56:35.922-04:00,https://sites.webpt.com/94713/request-an-appointment
94746,Root and Branch Physical Therapy,,Request an Appointment,Root and Branch Physical Therapy,,2024-07-17T12:20:07.117-04:00,2024-07-17T12:20:07.117-04:00,https://sites.webpt.com/94746/request-an-appointment
94779,Coastal Edema Care,,Request an Appointment,Coastal Edema Care,,2024-07-18T11:17:08.156-04:00,2024-07-18T11:17:08.156-04:00,https://sites.webpt.com/94779/request-an-appointment
94812,ge t physical therapy,victoryptforall.com,Request an Appointment,"Victory Physical Therapy Partners, LLC",,2024-07-19T12:11:55.546-04:00,2024-07-29T21:52:45.167-04:00,https://sites.webpt.com/94812/request-an-appointment
94845,Radiance Physical Therapy,,Request an Appointment,Radiance Physical Therapy,,2024-07-19T13:38:50.542-04:00,2024-07-19T13:38:50.542-04:00,https://sites.webpt.com/94845/request-an-appointment
94878,Mackenzie Brown LLC at Deep Relief Peak Performance,,Request an Appointment,Mackenzie Brown LLC at Deep Relief Peak Performance,,2025-06-03T13:23:45.635-04:00,2025-06-03T13:23:45.635-04:00,https://sites.webpt.com/94878/request-an-appointment
94911,Seedling Pediatric Therapies of Kansas City,,Request an Appointment,Seedling Pediatric Therapies of Kansas City,,2024-07-19T14:31:36.848-04:00,2024-07-19T18:41:29.380-04:00,https://sites.webpt.com/94911/request-an-appointment
94944,LEGACY MOUNT HOOD MEDICAL CENTER,,Request an Appointment,LEGACY MOUNT HOOD MEDICAL CENTER,,2024-07-22T15:02:06.356-04:00,2024-07-22T20:20:18.397-04:00,https://sites.webpt.com/94944/request-an-appointment
94977,Rawls Physical Therapy,,Request an Appointment,Rawls Physical Therapy,,2024-07-22T16:47:20.113-04:00,2024-07-22T16:47:20.113-04:00,https://sites.webpt.com/94977/request-an-appointment
95010,Ideal Physical Therapy & Fitness,,Request an Appointment,Ideal Physical Therapy & Fitness,,2024-07-22T17:07:15.636-04:00,2024-07-22T17:07:15.636-04:00,https://sites.webpt.com/95010/request-an-appointment
95043,Buckeye Senior Rehab,,Request an Appointment,Buckeye Senior Rehab,,2024-07-23T14:23:17.031-04:00,2024-07-23T14:49:40.725-04:00,https://sites.webpt.com/95043/request-an-appointment
95076,Limitless PT,,Request an Appointment,Limitless PT,,2024-07-24T09:18:03.916-04:00,2024-07-24T09:18:03.916-04:00,https://sites.webpt.com/95076/request-an-appointment
95077,Sports Med,,Request an Appointment,Sports Med,,2025-03-26T23:54:19.161-04:00,2025-03-26T23:54:19.161-04:00,https://sites.webpt.com/95077/request-an-appointment
95109,Rehabilitation and Sports/Graceyfeet,,Request an Appointment,Rehabilitation and Sports/Graceyfeet,,2024-07-25T09:47:39.972-04:00,2024-07-25T09:47:39.972-04:00,https://sites.webpt.com/95109/request-an-appointment
95142,Premier Rehab Solutions,,Request an Appointment,Premier Rehab Solutions,,2024-07-25T16:15:34.161-04:00,2024-07-25T16:15:34.161-04:00,https://sites.webpt.com/95142/request-an-appointment
95175,Fireweed Therapy LLC,,Request an Appointment,Fireweed Therapy LLC,,2024-07-26T13:21:52.244-04:00,2024-07-26T13:21:52.244-04:00,https://sites.webpt.com/95175/request-an-appointment
95241,Layers of Life in Nature,,Request an Appointment,Layers of Life in Nature,,2024-07-29T10:02:45.046-04:00,2024-07-29T10:02:45.046-04:00,https://sites.webpt.com/95241/request-an-appointment
95307,Core Craft Physical Therapy,,Request an Appointment,Core Craft Physical Therapy,,2024-07-29T20:40:20.532-04:00,2024-07-29T20:40:20.532-04:00,https://sites.webpt.com/95307/request-an-appointment
95373,Whole Healing Acupuncture,,Request an Appointment,Whole Healing Acupuncture,,2024-07-30T16:18:12.353-04:00,2024-07-30T16:18:12.353-04:00,https://sites.webpt.com/95373/request-an-appointment
95406,Sierra Therapy,,Request an Appointment,Sierra Therapy,,2024-07-30T16:31:18.965-04:00,2024-07-30T16:31:18.965-04:00,https://sites.webpt.com/95406/request-an-appointment
95439,Scarborough Orthopedic and Sports PT,patients.betterhealthcare.co,Request an Appointment,Scarborough Orthopedic and Sports PT,,2024-07-31T18:39:03.348-04:00,2024-10-26T08:19:53.009-04:00,https://sites.webpt.com/95439/request-an-appointment
95472,In Control Physical Therapy AZ,,Request an Appointment,In Control Physical Therapy AZ,,2024-07-31T23:22:55.649-04:00,2024-07-31T23:31:42.249-04:00,https://sites.webpt.com/95472/request-an-appointment
95505,Melissa Brown Physical Therapy,,Request an Appointment,Melissa Brown Physical Therapy,,2024-08-01T15:17:57.763-04:00,2024-08-01T16:12:05.719-04:00,https://sites.webpt.com/95505/request-an-appointment
95538,Home Visits,,Request an Appointment,Home Visits,,2024-08-01T22:55:59.559-04:00,2024-08-01T22:55:59.559-04:00,https://sites.webpt.com/95538/request-an-appointment
95571,Happy2HelpSLP,,Request an Appointment,Happy2HelpSLP,,2024-08-02T08:53:11.204-04:00,2024-08-02T08:53:11.204-04:00,https://sites.webpt.com/95571/request-an-appointment
95604,The Dizzy PT Concierge Physical Therapy,,Request an appointment with The Dizzy PT!,The Dizzy PT Concierge Physical Therapy,,2024-08-02T09:54:10.325-04:00,2024-08-29T15:20:15.011-04:00,https://sites.webpt.com/95604/request-an-appointment
95637,Atlas Peak,,Oncology/Cancer Rehabilitation and Physical Therapy,Atlas Peak Physical Therapy P.L.L.C.,,2024-08-02T14:38:52.041-04:00,2024-08-26T09:19:18.198-04:00,https://sites.webpt.com/95637/request-an-appointment
95670,"Fysiotherapie Hawaii, Inc",,Request an Appointment,"Fysiotherapie Hawaii, Inc",,2024-08-02T16:24:12.016-04:00,2024-08-02T16:24:12.016-04:00,https://sites.webpt.com/95670/request-an-appointment
95703,Flushing Rehabilitation Center,,Request an Appointment,Flushing Rehabilitation Center,,2024-08-05T15:41:50.577-04:00,2024-08-05T15:41:50.577-04:00,https://sites.webpt.com/95703/request-an-appointment
95736,REVIVE PHYSICAL THERAPY,,Request an Appointment,REVIVE PHYSICAL THERAPY,,2024-08-05T16:12:47.763-04:00,2024-08-05T16:12:47.763-04:00,https://sites.webpt.com/95736/request-an-appointment
95769,Magothy Therapy & Wellness,,Request an Appointment,Magothy Therapy & Wellness,,2024-08-06T13:29:05.253-04:00,2024-08-06T13:29:05.253-04:00,https://sites.webpt.com/95769/request-an-appointment
95802,"Be Moved PT, LLC",,Request an Appointment,"Be Moved PT, LLC",,2024-08-07T13:41:39.156-04:00,2024-08-07T13:41:39.156-04:00,https://sites.webpt.com/95802/request-an-appointment
95868,Optimum Performance,,Request an Appointment,Optimum Performance,,2024-08-08T14:56:14.462-04:00,2024-08-08T14:56:14.462-04:00,https://sites.webpt.com/95868/request-an-appointment
95901,DSH Physical Therapy Services,,Request an Appointment,DSH Physical Therapy Services,,2024-08-08T15:27:56.419-04:00,2024-08-08T15:27:56.419-04:00,https://sites.webpt.com/95901/request-an-appointment
95967,Physio Osteo,,Request an Appointment,Physio Osteo,,2024-08-09T07:47:42.119-04:00,2024-08-09T07:47:42.119-04:00,https://sites.webpt.com/95967/request-an-appointment
96033,Pulse Physical Therapy,,Request an Appointment,Pulse Physical Therapy,,2024-08-09T12:26:26.650-04:00,2024-08-09T12:26:26.650-04:00,https://sites.webpt.com/96033/request-an-appointment
96066,Empower Physical Therapy & Wellness Center INC,,Request an Appointment,Empower Physical Therapy & Wellness Center INC,,2024-08-09T14:23:48.574-04:00,2024-08-09T14:35:57.765-04:00,https://sites.webpt.com/96066/request-an-appointment
96099,Colby Community College Physical Therapy,,Request an Appointment,Colby Community College Physical Therapy,,2024-08-12T13:48:24.496-04:00,2024-08-12T13:48:24.496-04:00,https://sites.webpt.com/96099/request-an-appointment
96132,Clearly Speaking,,Request an Appointment,Clearly Speaking,,2024-08-12T14:11:50.566-04:00,2024-08-12T14:11:50.566-04:00,https://sites.webpt.com/96132/request-an-appointment
96165,"Garvey Francois OT, PC",,Request an Appointment,"Garvey Francois OT, PC",,2024-08-12T15:07:59.546-04:00,2024-08-12T15:07:59.546-04:00,https://sites.webpt.com/96165/request-an-appointment
96198,Pittsburgh Osteopractic,,Request an Appointment,Pittsburgh Osteopractic,,2024-08-12T16:44:21.987-04:00,2024-08-12T16:44:21.987-04:00,https://sites.webpt.com/96198/request-an-appointment
96231,FYZICAL THERAPY AND BALANCE CENTERS,,Request an Appointment,FYZICAL THERAPY AND BALANCE CENTERS,,2024-08-13T12:23:46.248-04:00,2024-08-13T12:23:46.248-04:00,https://sites.webpt.com/96231/request-an-appointment
96264,Island Power Physical Therapy PLLC,,Request an Appointment,Island Power Physical Therapy PLLC,,2024-08-13T13:16:08.324-04:00,2024-08-13T13:24:27.736-04:00,https://sites.webpt.com/96264/request-an-appointment
96330,Hometown Physical Therapy and Wellness PLC,,Request an Appointment,Hometown Physical Therapy and Wellness PLC,,2024-08-15T12:19:51.577-04:00,2024-08-15T12:19:51.577-04:00,https://sites.webpt.com/96330/request-an-appointment
96363,Snyder Physical Therapy and Sports Rehab,,Request an Appointment,Snyder Physical Therapy and Sports Rehab,,2024-08-15T13:37:17.985-04:00,2024-08-15T13:37:17.985-04:00,https://sites.webpt.com/96363/request-an-appointment
96396,Brunswick Physical Therapy,,Request an Appointment,Brunswick Physical Therapy,,2024-08-16T15:00:58.742-04:00,2024-08-16T18:57:14.054-04:00,https://sites.webpt.com/96396/request-an-appointment
96429,Oasis Physical Therapy,,Request an Appointment,Oasis Physical Therapy,,2024-08-19T10:36:07.119-04:00,2024-08-19T10:49:36.079-04:00,https://sites.webpt.com/96429/request-an-appointment
96528,AthleTX Performance & Rehab,,Request an Appointment,AthleTX Performance & Rehab,,2024-08-21T10:11:20.260-04:00,2024-08-21T10:11:20.260-04:00,https://sites.webpt.com/96528/request-an-appointment
96561,DOCTORS OF WAIKIKI,,Request an Appointment,DOCTORS OF WAIKIKI,,2024-08-21T12:54:58.328-04:00,2024-08-22T19:12:18.870-04:00,https://sites.webpt.com/96561/request-an-appointment
96594,Afriqiyah Woods DPT INC,,Request an Appointment,Afriqiyah Woods DPT INC,,2024-08-22T08:54:22.403-04:00,2024-08-22T08:54:22.403-04:00,https://sites.webpt.com/96594/request-an-appointment
96627,KidWorks OT,,Request an Appointment,KidWorks OT,,2024-08-22T14:07:05.657-04:00,2024-08-22T14:07:05.657-04:00,https://sites.webpt.com/96627/request-an-appointment
96660,Center for Sports Physical Therapy,,Request an Appointment,Center for Sports Physical Therapy,,2024-08-23T13:17:53.014-04:00,2024-08-23T13:17:53.014-04:00,https://sites.webpt.com/96660/request-an-appointment
96693,Eclectic Physical Therapy,,Request an Appointment,Eclectic Physical Therapy,,2024-08-23T15:11:38.393-04:00,2024-08-23T15:11:38.393-04:00,https://sites.webpt.com/96693/request-an-appointment
96726,Lift Physical Therapy,,Request an Appointment,Lift Physical Therapy,,2024-08-26T10:34:30.333-04:00,2024-08-26T10:34:30.333-04:00,https://sites.webpt.com/96726/request-an-appointment
96759,The Acupuncture Project asbury park,,Request an Appointment,The Acupuncture Project asbury park,,2024-08-26T11:18:05.133-04:00,2024-08-26T11:34:49.266-04:00,https://sites.webpt.com/96759/request-an-appointment
96891,Beyond Milestones Therapy Inc,,Request an Appointment,Beyond Milestones Therapy Inc,,2024-08-27T13:24:08.925-04:00,2024-08-27T13:32:36.691-04:00,https://sites.webpt.com/96891/request-an-appointment
96924,Nidaga Physical Therapy,,Request an Appointment,Nidaga Physical Therapy,,2024-08-28T18:19:42.929-04:00,2024-08-28T18:19:42.929-04:00,https://sites.webpt.com/96924/request-an-appointment
96957,Paradox Physical Therapy,,Request an Appointment,Paradox Physical Therapy,,2024-08-28T19:38:49.016-04:00,2024-08-28T19:38:49.016-04:00,https://sites.webpt.com/96957/request-an-appointment
96990,"Core Solutions PT, Inc",,Request an Appointment,"Core Solutions PT, Inc.",,2024-08-28T20:14:02.028-04:00,2024-08-28T20:14:02.028-04:00,https://sites.webpt.com/96990/request-an-appointment
97023,"OT 4 Carolina Kids, PC",,Request an Appointment,"OT 4 Carolina Kids, PC",,2024-08-29T12:05:04.898-04:00,2024-08-29T12:17:15.481-04:00,https://sites.webpt.com/97023/request-an-appointment
97089,Head-To-Toe Pediatric Therapy PLLC,,Request an Appointment,Head-To-Toe Pediatric Therapy PLLC,,2024-08-29T14:45:44.763-04:00,2024-08-29T14:45:44.763-04:00,https://sites.webpt.com/97089/request-an-appointment
97122,MD Hyperbaric Stamford,mdhyperbaric.com,Schedule an Appointment,MD Hyperbaric Stamford,,2024-08-29T15:27:00.594-04:00,2024-09-04T13:04:10.032-04:00,https://sites.webpt.com/97122/request-an-appointment
97155,Motion Physical Therapy,,Request an Appointment,Motion Physical Therapy,,2024-08-29T16:55:40.194-04:00,2024-08-29T16:55:40.194-04:00,https://sites.webpt.com/97155/request-an-appointment
97188,Middle Georgia Family Rehab LLC,,Request an Appointment,Middle Georgia Family Rehab LLC,,2024-08-30T10:53:45.631-04:00,2024-08-30T11:03:41.877-04:00,https://sites.webpt.com/97188/request-an-appointment
97221,"Therapeutic Associates of Maui, LLC",,Request an Appointment,"Therapeutic Associates of Maui, LLC",,2024-09-03T12:17:57.930-04:00,2024-09-03T12:17:57.930-04:00,https://sites.webpt.com/97221/request-an-appointment
97254,Early Navigators,,Request an Appointment,Early Navigators,,2024-09-03T14:09:46.943-04:00,2024-09-03T14:09:46.943-04:00,https://sites.webpt.com/97254/request-an-appointment
97287,HEAL REHABILITATION LLC,,Request an Appointment,HEAL REHABILITATION LLC,,2024-09-03T16:08:23.343-04:00,2024-09-03T16:25:44.943-04:00,https://sites.webpt.com/97287/request-an-appointment
97320,Petrosyan Physical Therapy,,Request an Appointment,Petrosyan Physical Therapy,,2024-09-04T18:20:13.859-04:00,2024-09-04T18:20:13.859-04:00,https://sites.webpt.com/97320/request-an-appointment
97353,COQUILLE VALLEY HEALTH,,Request an Appointment,COQUILLE VALLEY HEALTH,,2024-09-05T12:23:13.486-04:00,2024-09-05T12:23:13.486-04:00,https://sites.webpt.com/97353/request-an-appointment
97386,"OnPoint Therapy, PLLC",,Request an Appointment,"OnPoint Therapy, PLLC",,2024-09-06T09:37:19.496-04:00,2024-09-06T09:37:19.496-04:00,https://sites.webpt.com/97386/request-an-appointment
97419,Dorrel Wellness LLC,,Request an Appointment,Dorrel Wellness LLC,,2024-09-06T09:57:06.001-04:00,2024-09-16T09:14:05.826-04:00,https://sites.webpt.com/97419/request-an-appointment
97452,Full Swing,,Request an Appointment,Full Swing,,2024-09-06T12:15:15.523-04:00,2024-09-09T13:30:58.323-04:00,https://sites.webpt.com/97452/request-an-appointment
97485,"Frost OT, PC",,Request an Appointment,"Frost OT, PC",,2024-09-06T15:15:03.530-04:00,2024-09-06T15:15:03.530-04:00,https://sites.webpt.com/97485/request-an-appointment
97518,Studio Brava Physical Therapy Inc,,Request an Appointment,Studio Brava Physical Therapy Inc.,,2024-09-06T15:44:53.440-04:00,2024-09-09T13:48:40.450-04:00,https://sites.webpt.com/97518/request-an-appointment
97551,Belle Vie Physical Therapy and Pilates,,Request an Appointment,Belle Vie Physical Therapy and Pilates,,2024-09-09T14:17:20.559-04:00,2024-09-09T14:17:20.559-04:00,https://sites.webpt.com/97551/request-an-appointment
97584,"Lisa Rohrbaugh, DPT",,Request an Appointment,"Lisa Rohrbaugh, DPT",,2024-09-09T15:45:14.195-04:00,2024-09-09T15:45:14.195-04:00,https://sites.webpt.com/97584/request-an-appointment
97650,Seven Stars Physical Therapy,,Request an Appointment,Seven Stars Physical Therapy,,2024-09-11T09:39:20.857-04:00,2024-09-11T09:39:20.857-04:00,https://sites.webpt.com/97650/request-an-appointment
97683,MEDICAL PARK FAMILY CARE,,Request an Appointment,MEDICAL PARK FAMILY CARE,,2024-09-11T10:01:46.151-04:00,2024-09-11T10:01:46.151-04:00,https://sites.webpt.com/97683/request-an-appointment
97716,Schafer Physical Therapy LLC,,Request an Appointment,Schafer Physical Therapy LLC,,2024-09-11T12:54:22.812-04:00,2024-09-11T12:54:22.812-04:00,https://sites.webpt.com/97716/request-an-appointment
97749,"OrthoPrime Physical Therapy, LLC",,Request an Appointment,"OrthoPrime Physical Therapy, LLC",,2024-09-11T13:36:47.346-04:00,2026-07-13T10:45:34.934-04:00,https://sites.webpt.com/97749/request-an-appointment
97782,"EYE MEDICAL CLINIC OF FRESNO, INC",,Request an Appointment,"EYE MEDICAL CLINIC OF FRESNO, INC",,2024-09-11T13:53:14.833-04:00,2024-09-11T13:53:14.833-04:00,https://sites.webpt.com/97782/request-an-appointment
97815,"OptiTune Physical Therapy, LLC",,Request an Appointment,"OptiTune Physical Therapy, LLC",,2024-09-11T14:06:58.033-04:00,2024-09-11T14:06:58.033-04:00,https://sites.webpt.com/97815/request-an-appointment
97848,Reliable Care Physical Therapy,,Request an Appointment,Reliable Care Physical Therapy,,2024-09-11T14:18:43.436-04:00,2024-09-11T14:18:43.436-04:00,https://sites.webpt.com/97848/request-an-appointment
97881,"Onward Physical Theraphy at Home ,LLC",,Request an Appointment,"Onward Physical Theraphy at Home ,LLC",,2024-09-11T14:39:14.990-04:00,2024-09-11T14:39:14.990-04:00,https://sites.webpt.com/97881/request-an-appointment
97914,Plaza One Physical Therapy PC,,Request an Appointment,Plaza One Physical Therapy PC,,2024-09-11T15:59:42.389-04:00,2024-09-11T15:59:42.389-04:00,https://sites.webpt.com/97914/request-an-appointment
97947,Michigan Occupational Health Rehab PC,,Request an Appointment,Michigan Occupational Health Rehab PC,,2024-09-12T11:09:34.725-04:00,2024-09-12T11:09:34.725-04:00,https://sites.webpt.com/97947/request-an-appointment
97980,I MOVE PHYSICAL THERAPY P.C - BROOKLYN,,Request an Appointment,I MOVE PHYSICAL THERAPY P.C - BROOKLYN,,2024-09-12T11:57:44.904-04:00,2024-09-12T11:57:44.904-04:00,https://sites.webpt.com/97980/request-an-appointment
98013,Ovation Physical Therapy,,Request an Appointment,Ovation Physical Therapy,,2024-09-12T12:09:01.074-04:00,2025-08-04T15:40:28.645-04:00,https://sites.webpt.com/98013/request-an-appointment
98046,"Connections Therapy Solutions, LLC",,Request an Appointment,"Connections Therapy Solutions, LLC",,2024-09-12T14:14:51.917-04:00,2024-09-12T14:23:04.717-04:00,https://sites.webpt.com/98046/request-an-appointment
98079,Middletown Physical Therapy PLLC,,Request an Appointment,Middletown Physical Therapy PLLC,,2024-09-12T14:51:00.040-04:00,2024-09-12T14:51:00.040-04:00,https://sites.webpt.com/98079/request-an-appointment
98112,Gentle Touch Therapy,,Request an Appointment,Gentle Touch Therapy,,2024-09-13T10:24:08.147-04:00,2024-09-13T10:29:52.731-04:00,https://sites.webpt.com/98112/request-an-appointment
98145,Dynamism Physical Therapy PC,,Request an Appointment,Dynamism Physical Therapy PC,,2024-09-16T13:46:42.965-04:00,2024-09-16T13:57:07.628-04:00,https://sites.webpt.com/98145/request-an-appointment
98178,Opal Physical Therapy,,Request An Appointment,Opal Physical Therapy,,2024-09-16T14:33:46.304-04:00,2026-01-22T16:38:07.408-05:00,https://sites.webpt.com/98178/request-an-appointment
98179,MD Hyperbaric-Pittsburgh,mdhyperbaric.com,Appointment & Information Request,MD Hyperbaric-Pittsburgh,,2024-09-16T14:41:18.455-04:00,2026-08-24T06:08:06.831-04:00,https://sites.webpt.com/98179/request-an-appointment
98245,"WellnessPT Physical Therapy, P.C",,Request an Appointment,"WellnessPT Physical Therapy, P.C.",,2024-09-20T11:10:56.042-04:00,2024-09-20T11:10:56.042-04:00,https://sites.webpt.com/98245/request-an-appointment
98278,Lightning Rehab & Fitness,,Request an Appointment,Lightning Rehab & Fitness,,2024-09-20T17:03:09.685-04:00,2024-09-20T17:03:09.685-04:00,https://sites.webpt.com/98278/request-an-appointment
98311,Millrose Therapy,,Request an Appointment,Millrose Therapy,,2024-09-23T12:44:38.633-04:00,2024-09-23T12:44:38.633-04:00,https://sites.webpt.com/98311/request-an-appointment
98344,Matter Rehabilitation,,Request an Appointment,Matter Rehabilitation,,2024-09-24T14:27:13.269-04:00,2024-09-24T14:27:13.269-04:00,https://sites.webpt.com/98344/request-an-appointment
98377,AirwayPhysioDoc,,Request an Appointment,AirwayPhysioDoc,,2024-09-24T16:16:15.410-04:00,2024-09-24T16:16:15.410-04:00,https://sites.webpt.com/98377/request-an-appointment
98410,Colorado Foundation for Conductive Education,,Request an Appointment,Colorado Foundation for Conductive Education,,2024-09-25T12:09:44.822-04:00,2024-09-25T12:09:44.822-04:00,https://sites.webpt.com/98410/request-an-appointment
98443,Merritt Physical Therapy & Rehabilitation Inc P.C,,Request an Appointment,Merritt Physical Therapy & Rehabilitation Inc P.C.,,2024-09-25T14:03:35.157-04:00,2024-09-25T14:24:42.713-04:00,https://sites.webpt.com/98443/request-an-appointment
98476,Flex Factor Physical Therapy,,Request an Appointment,Flex Factor Physical Therapy,,2024-09-26T16:03:49.360-04:00,2024-09-26T16:03:49.360-04:00,https://sites.webpt.com/98476/request-an-appointment
98509,Flexeon Physical Therapy,,Request an Appointment,Flexeon Physical Therapy,,2024-09-27T09:48:14.657-04:00,2024-09-27T09:48:14.657-04:00,https://sites.webpt.com/98509/request-an-appointment
98542,Wei To Move Physical Therapy and Performance,,Request an Appointment,Wei To Move Physical Therapy and Performance,,2024-09-27T10:11:24.848-04:00,2024-09-27T10:11:24.848-04:00,https://sites.webpt.com/98542/request-an-appointment
98575,Endurance Physical Therapy,,Request an Appointment,Endurance Physical Therapy,,2024-09-27T11:48:54.178-04:00,2024-09-27T11:48:54.178-04:00,https://sites.webpt.com/98575/request-an-appointment
98608,"Outpatient Physical Therapy At Home, PLLC",,Request an Appointment,"Outpatient Physical Therapy At Home, PLLC",,2024-09-27T12:02:35.910-04:00,2024-09-27T12:09:15.004-04:00,https://sites.webpt.com/98608/request-an-appointment
98641,The Recovery Room,,Request an Appointment,The Recovery Room,,2024-09-27T12:11:52.825-04:00,2024-09-27T12:11:52.825-04:00,https://sites.webpt.com/98641/request-an-appointment
98674,Sounds Good Therapy,,Request an Appointment,Sounds Good Therapy,,2024-09-27T13:04:30.519-04:00,2024-09-27T13:04:30.519-04:00,https://sites.webpt.com/98674/request-an-appointment
98707,Rigby PT,,Request an Appointment,Rigby PT,,2024-09-27T13:26:23.201-04:00,2024-09-27T13:26:23.201-04:00,https://sites.webpt.com/98707/request-an-appointment
98740,REVIVE OUTPATIENT SERVICES - EASTPOINTE,,Request an Appointment,REVIVE OUTPATIENT SERVICES - EASTPOINTE,,2024-09-27T13:53:30.256-04:00,2024-09-27T13:53:30.256-04:00,https://sites.webpt.com/98740/request-an-appointment
98773,"Rehab One Physical Therapy, PC (Brighton)",,Request an Appointment,"Rehab One Physical Therapy, PC (Brighton)",,2024-09-27T16:12:15.774-04:00,2024-09-27T16:12:15.774-04:00,https://sites.webpt.com/98773/request-an-appointment
98806,TX Spine and Joint,,Request an Appointment,TX Spine and Joint,,2024-10-01T12:08:18.220-04:00,2024-10-01T12:08:18.220-04:00,https://sites.webpt.com/98806/request-an-appointment
98807,Across All Ages Physical Therapy LLC,,Request an Appointment,Across All Ages Physical Therapy LLC,,2024-10-01T12:11:23.670-04:00,2024-10-01T12:11:23.670-04:00,https://sites.webpt.com/98807/request-an-appointment
98840,"Lorna Fischer Speech Therapy, LLC",,Request an Appointment,"Lorna Fischer Speech Therapy, LLC",,2024-10-01T13:19:17.975-04:00,2024-10-01T13:19:17.975-04:00,https://sites.webpt.com/98840/request-an-appointment
98873,Preferred Physical Therapy,,Request an Appointment,Preferred Physical Therapy,,2024-10-01T13:59:30.562-04:00,2024-10-01T13:59:30.562-04:00,https://sites.webpt.com/98873/request-an-appointment
98939,Evergreen Synergy Physical Therapy,,Request an Appointment,Evergreen Synergy Physical Therapy,,2024-10-02T12:48:50.985-04:00,2024-10-02T12:48:50.985-04:00,https://sites.webpt.com/98939/request-an-appointment
98972,Green Physical Therapy and Wellness Center,,Request an Appointment,Green Physical Therapy and Wellness Center,,2024-12-03T19:45:00.705-05:00,2024-12-03T20:01:08.166-05:00,https://sites.webpt.com/98972/request-an-appointment
99005,Rosselle Estrella PT,,Request an Appointment,Rosselle Estrella PT,,2024-10-03T10:36:16.502-04:00,2024-10-03T10:36:16.502-04:00,https://sites.webpt.com/99005/request-an-appointment
99038,Roam Physical Therapy,,Request an Appointment,Roam Physical Therapy,,2024-10-04T13:41:18.933-04:00,2024-10-14T19:24:40.255-04:00,https://sites.webpt.com/99038/request-an-appointment
99071,LA LOMA MEDICAL OFFICE,,Request an Appointment,LA LOMA MEDICAL OFFICE,,2024-10-07T10:33:51.607-04:00,2024-10-07T10:33:51.607-04:00,https://sites.webpt.com/99071/request-an-appointment
99104,FASTERPT,,Request an Appointment,FASTERPT,,2024-10-07T16:16:04.656-04:00,2024-10-07T16:16:04.656-04:00,https://sites.webpt.com/99104/request-an-appointment
99137,Physicians Specialties Clinic,,Request an Appointment,Physicians Specialties Clinic,,2024-10-07T16:32:03.686-04:00,2024-10-07T16:32:03.686-04:00,https://sites.webpt.com/99137/request-an-appointment
99170,Ace Physical Therapy,,Request an Appointment,Ace Physical Therapy,,2024-10-07T16:45:36.581-04:00,2024-10-07T16:45:36.581-04:00,https://sites.webpt.com/99170/request-an-appointment
99203,HOLISTIC REHAB SERVICES,,Request an Appointment,HOLISTIC REHAB SERVICES,,2024-10-08T12:59:50.215-04:00,2024-10-08T12:59:50.215-04:00,https://sites.webpt.com/99203/request-an-appointment
99236,CTS Physical Therapy,,Request an Appointment,CTS Physical Therapy,,2024-10-08T13:25:59.957-04:00,2024-10-08T13:25:59.957-04:00,https://sites.webpt.com/99236/request-an-appointment
99269,Pullman Regional Hospital,,Request an Appointment,Pullman Regional Hospital,,2024-10-08T13:47:58.758-04:00,2024-10-08T13:47:58.758-04:00,https://sites.webpt.com/99269/request-an-appointment
99302,"Intermountain Healthcare, Inc",,Request an Appointment,"Intermountain Healthcare, Inc",,2024-10-08T14:03:26.426-04:00,2024-10-08T14:03:26.426-04:00,https://sites.webpt.com/99302/request-an-appointment
99401,P4 Physical Therapy,,Request an Appointment,P4 Physical Therapy,,2024-10-09T16:41:20.959-04:00,2024-10-09T16:41:20.959-04:00,https://sites.webpt.com/99401/request-an-appointment
99434,Edema Therapy Company,,Request an Appointment,Edema Therapy Company,,2024-10-09T18:07:22.715-04:00,2024-10-09T18:07:22.715-04:00,https://sites.webpt.com/99434/request-an-appointment
99467,HomeTown Physical Therapy,,Request an Appointment,HomeTown Physical Therapy,,2024-10-09T19:04:49.964-04:00,2024-10-09T19:04:49.964-04:00,https://sites.webpt.com/99467/request-an-appointment
99500,SPEAK STL,,Request an Appointment,SPEAK STL,,2024-10-11T12:38:04.577-04:00,2024-10-11T12:38:04.577-04:00,https://sites.webpt.com/99500/request-an-appointment
99533,Brooks Physical Therapy PLLC,,Request an Appointment,Brooks Physical Therapy PLLC,,2024-10-11T13:25:35.461-04:00,2024-10-11T13:25:35.461-04:00,https://sites.webpt.com/99533/request-an-appointment
99566,PT Now,,Request an Appointment,PT Now,,2024-10-11T13:45:49.449-04:00,2024-10-11T13:45:49.449-04:00,https://sites.webpt.com/99566/request-an-appointment
99599,Promise Physical Therapy,,Request an Appointment,Promise Physical Therapy,,2024-10-11T14:10:52.900-04:00,2024-10-11T14:10:52.900-04:00,https://sites.webpt.com/99599/request-an-appointment
99632,"Treace Medical Concepts, Inc",,Request an Appointment,"Treace Medical Concepts, Inc.",,2024-10-11T14:28:22.582-04:00,2024-10-11T14:28:22.582-04:00,https://sites.webpt.com/99632/request-an-appointment
99665,Mighty Masters Therapy LLC,,Request an Appointment,Mighty Masters Therapy LLC,,2024-10-14T13:17:54.665-04:00,2024-10-14T13:17:54.665-04:00,https://sites.webpt.com/99665/request-an-appointment
99698,Coast to Coast Physio LLC,,Request an Appointment,Coast to Coast Physio LLC,,2024-10-14T13:50:41.466-04:00,2024-10-14T13:50:41.466-04:00,https://sites.webpt.com/99698/request-an-appointment
99731,Eldred Physical Therapy,,Request an Appointment,Eldred Physical Therapy,,2024-10-16T10:35:17.551-04:00,2024-10-16T10:35:17.551-04:00,https://sites.webpt.com/99731/request-an-appointment
99764,UNLV Department of Physical THerapy,,Request an Appointment,UNLV Department of Physical THerapy,,2024-10-16T10:54:03.748-04:00,2024-10-16T10:54:03.748-04:00,https://sites.webpt.com/99764/request-an-appointment
99797,Rise Physical Therapy & Performance Enhancement,,Request an Appointment,Rise Physical Therapy & Performance Enhancement,,2024-10-16T11:12:25.428-04:00,2025-02-01T09:51:06.329-05:00,https://sites.webpt.com/99797/request-an-appointment
99830,"Made New Physical Therapy, Co",,Request an Appointment,"Made New Physical Therapy, Co.",,2024-10-16T12:22:53.608-04:00,2024-10-16T12:22:53.608-04:00,https://sites.webpt.com/99830/request-an-appointment
99896,Advancare Healthcare Services LLC,,Request an Appointment,Advancare Healthcare Services LLC,,2024-10-17T13:41:41.072-04:00,2024-10-17T13:41:41.072-04:00,https://sites.webpt.com/99896/request-an-appointment
99929,"New Life Speech Therapy, LLC",,Request an Appointment,"New Life Speech Therapy, LLC",,2024-10-17T13:55:08.916-04:00,2024-10-17T13:55:08.916-04:00,https://sites.webpt.com/99929/request-an-appointment
99962,Apollo Performance & Sports Medicine,,Request an Appointment,Apollo Performance & Sports Medicine,,2024-10-17T14:15:30.635-04:00,2024-11-22T09:51:20.186-05:00,https://sites.webpt.com/99962/request-an-appointment
99995,"Precision in Motion, Inc",,Request an Appointment,"Precision in Motion, Inc",,2024-10-18T10:44:27.149-04:00,2024-10-18T10:44:27.149-04:00,https://sites.webpt.com/99995/request-an-appointment
100028,Italy Rehab PT PC,,Request an Appointment,Italy Rehab PT PC,,2024-10-18T11:33:04.834-04:00,2024-10-18T11:33:04.834-04:00,https://sites.webpt.com/100028/request-an-appointment
100061,"GoHeWeC Physio-Med Link, Inc",,Request an Appointment,"GoHeWeC Physio-Med Link, Inc.",,2024-10-18T12:12:52.683-04:00,2024-10-18T12:12:52.683-04:00,https://sites.webpt.com/100061/request-an-appointment
100094,Robinson Physical Therapy,,Request an Appointment,Robinson Physical Therapy,,2024-10-18T12:33:32.106-04:00,2024-10-18T12:33:32.106-04:00,https://sites.webpt.com/100094/request-an-appointment
100160,"Eat, Talk & Playa Therapy LLC",,Request an Appointment,"Eat, Talk & Playa Therapy LLC",,2024-10-21T12:10:59.794-04:00,2024-10-21T12:10:59.794-04:00,https://sites.webpt.com/100160/request-an-appointment
100193,Proactive Alliance Therapy & Wellness,,Request an Appointment,Proactive Alliance Therapy & Wellness,,2024-10-21T12:41:01.577-04:00,2024-10-21T12:41:01.577-04:00,https://sites.webpt.com/100193/request-an-appointment
100226,"The Back Clinic, Inc",,Request an Appointment,"The Back Clinic, Inc.",,2024-10-21T14:09:06.431-04:00,2024-10-21T14:09:06.431-04:00,https://sites.webpt.com/100226/request-an-appointment
100292,GaitWay to Wellness Physical Therapy,,Request an Appointment,GaitWay to Wellness Physical Therapy,,2024-10-22T11:25:09.476-04:00,2024-10-22T11:29:30.489-04:00,https://sites.webpt.com/100292/request-an-appointment
100325,Susan Lawrence - Physical Therapy,,Request an Appointment,Susan Lawrence - Physical Therapy,,2024-10-22T14:51:11.500-04:00,2025-01-22T08:21:13.174-05:00,https://sites.webpt.com/100325/request-an-appointment
100358,Veritas Voice and Speech LLC,,Request an Appointment,Veritas Voice and Speech LLC,,2024-10-23T11:15:55.812-04:00,2024-11-11T13:39:43.658-05:00,https://sites.webpt.com/100358/request-an-appointment
100391,Drive Physical Therapy and Performance,,Request an Appointment,Drive Physical Therapy and Performance,,2024-10-23T13:49:31.735-04:00,2024-10-23T13:49:31.735-04:00,https://sites.webpt.com/100391/request-an-appointment
100424,SANDPOINT ORTHOPEDICS,,Request an Appointment,SANDPOINT ORTHOPEDICS,,2024-10-23T15:07:56.383-04:00,2024-10-23T15:07:56.383-04:00,https://sites.webpt.com/100424/request-an-appointment
100457,PTx2 Consulting,,Request an Appointment,PTx2 Consulting,,2024-10-23T16:18:49.189-04:00,2024-10-23T16:18:49.189-04:00,https://sites.webpt.com/100457/request-an-appointment
100523,GRACE INTERNAL MEDICINE LLC,,Request an Appointment,GRACE INTERNAL MEDICINE LLC,,2024-10-24T13:10:23.138-04:00,2024-10-24T13:10:23.138-04:00,https://sites.webpt.com/100523/request-an-appointment
100556,Brown mobility solutions PLLC,,Request an Appointment,Brown mobility solutions PLLC,,2024-10-24T13:59:35.665-04:00,2024-10-24T13:59:35.665-04:00,https://sites.webpt.com/100556/request-an-appointment
100589,GOLDEN PHYSICAL THERAPY,,Request an Appointment,GOLDEN PHYSICAL THERAPY,,2024-10-25T10:26:36.002-04:00,2025-06-06T10:53:29.719-04:00,https://sites.webpt.com/100589/request-an-appointment
100622,MMA & Sports Rehab,,Request an Appointment,MMA & Sports Rehab,,2024-10-25T13:05:51.988-04:00,2024-10-25T13:05:51.988-04:00,https://sites.webpt.com/100622/request-an-appointment
100655,Woodway Wellness,,Request an Appointment,Woodway Wellness,,2024-10-25T13:38:07.013-04:00,2024-10-25T13:38:07.013-04:00,https://sites.webpt.com/100655/request-an-appointment
100688,Howdy Therapy Services,,Request an Appointment,Howdy Therapy Services,,2024-10-25T14:46:59.779-04:00,2024-10-25T14:46:59.779-04:00,https://sites.webpt.com/100688/request-an-appointment
100721,Access Wellness,,Request an Appointment,Access Wellness,,2024-10-25T16:05:21.340-04:00,2024-10-25T16:05:21.340-04:00,https://sites.webpt.com/100721/request-an-appointment
100754,The Rehab Joint,,Request an Appointment,The Rehab Joint,,2024-10-29T12:58:31.311-04:00,2024-10-29T12:58:31.311-04:00,https://sites.webpt.com/100754/request-an-appointment
100853,A to Z Total Healthcare LLC,,Request an Appointment,A to Z Total Healthcare LLC,,2024-10-30T13:38:43.296-04:00,2024-10-30T13:38:43.296-04:00,https://sites.webpt.com/100853/request-an-appointment
100919,Atlantic Wellness Chiropractic PC,,Request an Appointment,Atlantic Wellness Chiropractic PC,,2024-11-04T10:44:15.649-05:00,2024-11-04T10:44:15.649-05:00,https://sites.webpt.com/100919/request-an-appointment
100952,KOPELMAN FAMILY CHIROPRACTIC INC,,Request an Appointment,KOPELMAN FAMILY CHIROPRACTIC INC,,2024-11-04T13:59:15.190-05:00,2024-11-04T13:59:15.190-05:00,https://sites.webpt.com/100952/request-an-appointment
100985,"RTI SURGICAL, INC",,Request an Appointment,"RTI SURGICAL, INC",,2024-11-04T14:16:01.546-05:00,2024-11-04T14:16:01.546-05:00,https://sites.webpt.com/100985/request-an-appointment
101018,TOWN AND COUNTRY MEDICAL INC,,Request an Appointment,TOWN AND COUNTRY MEDICAL INC,,2024-11-04T14:37:01.664-05:00,2024-11-04T14:37:01.664-05:00,https://sites.webpt.com/101018/request-an-appointment
101084,ENT SURGICAL ASSOCIATES,,Request an Appointment,ENT SURGICAL ASSOCIATES,,2024-11-04T15:02:06.013-05:00,2024-11-04T15:02:06.013-05:00,https://sites.webpt.com/101084/request-an-appointment
101117,Atlas Physical Therapy - MI,,Request an Appointment,Atlas Physical Therapy - MI,,2024-11-05T11:43:15.003-05:00,2024-11-05T11:43:15.003-05:00,https://sites.webpt.com/101117/request-an-appointment
101150,Apollos Sports Rehab,,Request an Appointment,Apollos Sports Rehab,,2024-11-05T12:10:03.382-05:00,2024-11-05T12:10:03.382-05:00,https://sites.webpt.com/101150/request-an-appointment
101183,Strength PT,,Request an Appointment,Strength PT,,2024-11-05T12:24:47.312-05:00,2024-11-05T12:24:47.312-05:00,https://sites.webpt.com/101183/request-an-appointment
101249,Physio Soorts Inc,,Request an Appointment,Physio Soorts Inc.,,2024-11-06T13:34:39.773-05:00,2024-11-06T13:34:39.773-05:00,https://sites.webpt.com/101249/request-an-appointment
101282,Arizona Concierge Hand Therapy,,Request an Appointment,Arizona Concierge Hand Therapy,,2024-11-06T13:48:58.948-05:00,2024-11-06T13:48:58.948-05:00,https://sites.webpt.com/101282/request-an-appointment
101315,Melinda RPT,,Request an Appointment,Melinda RPT,,2024-11-07T14:17:06.174-05:00,2024-11-07T14:17:06.174-05:00,https://sites.webpt.com/101315/request-an-appointment
101348,Greater Daytona Physical Therapy,,Request an Appointment,Greater Daytona Physical Therapy,,2024-11-07T14:31:30.975-05:00,2024-11-07T14:31:30.975-05:00,https://sites.webpt.com/101348/request-an-appointment
101381,FLORIDA INTEGRATIVE MEDICAL CENTER INC,,Request an Appointment,FLORIDA INTEGRATIVE MEDICAL CENTER INC,,2024-11-07T14:53:12.805-05:00,2024-11-07T14:53:12.805-05:00,https://sites.webpt.com/101381/request-an-appointment
101447,On-Site Physical Therapy,,Request an Appointment,On-Site Physical Therapy,,2024-11-08T16:09:02.052-05:00,2024-11-08T18:04:41.890-05:00,https://sites.webpt.com/101447/request-an-appointment
101480,EBW Physical Therapy,,Request an Appointment,EBW Physical Therapy,,2024-11-11T12:23:18.840-05:00,2024-11-11T12:23:18.840-05:00,https://sites.webpt.com/101480/request-an-appointment
101513,Lafferty Family Chiropractic,,Request an Appointment,Lafferty Family Chiropractic,,2024-11-12T12:06:57.850-05:00,2024-11-12T12:06:57.850-05:00,https://sites.webpt.com/101513/request-an-appointment
101546,Beverly Orthopedic Physical Therapy Center Inc,,Request an Appointment,Beverly Orthopedic Physical Therapy Center Inc,,2024-11-12T12:26:52.079-05:00,2024-11-12T12:26:52.079-05:00,https://sites.webpt.com/101546/request-an-appointment
101579,INNER CIRCLE CONSULTING INC,,Request an Appointment,INNER CIRCLE CONSULTING INC,,2024-11-12T13:04:24.990-05:00,2024-11-12T13:04:24.990-05:00,https://sites.webpt.com/101579/request-an-appointment
101612,Therapy Providers Of America Inc,,Request an Appointment,Therapy Providers Of America Inc.,,2024-11-13T12:38:38.556-05:00,2024-11-13T12:38:38.556-05:00,https://sites.webpt.com/101612/request-an-appointment
101711,TOBACCO VALLEY THERAPY,,Request an Appointment,TOBACCO VALLEY THERAPY,,2024-11-14T13:38:47.027-05:00,2024-11-14T13:38:47.027-05:00,https://sites.webpt.com/101711/request-an-appointment
101744,Naos Physical and Occupational Therapy,,Request an Appointment,Naos Physical and Occupational Therapy,,2025-10-21T15:03:04.263-04:00,2025-10-21T15:03:04.263-04:00,https://sites.webpt.com/101744/request-an-appointment
101777,Therawell physical therapy llc,,Request an Appointment,Therawell physical therapy llc,,2024-11-15T12:56:58.085-05:00,2024-11-15T12:56:58.085-05:00,https://sites.webpt.com/101777/request-an-appointment
101810,CareMax for Physical Therapy & Rehabilitation Services,,Request an Appointment,CareMax for Physical Therapy & Rehabilitation Services,,2024-11-15T13:35:31.905-05:00,2024-11-15T13:35:31.905-05:00,https://sites.webpt.com/101810/request-an-appointment
101843,Union Physical Therapy,,Request an Appointment,Union Physical Therapy,,2024-11-18T14:08:14.427-05:00,2024-11-18T14:08:14.427-05:00,https://sites.webpt.com/101843/request-an-appointment
101876,AIM Advance In Motion LLC,,Request an Appointment,AIM Advance In Motion LLC,,2024-11-18T14:21:29.147-05:00,2024-11-18T14:21:29.147-05:00,https://sites.webpt.com/101876/request-an-appointment
101975,"Milestones Therapy, LLC",,Request an Appointment,"Milestones Therapy, LLC",,2024-11-20T12:19:59.354-05:00,2024-11-20T12:19:59.354-05:00,https://sites.webpt.com/101975/request-an-appointment
102008,EZ PT,,Request an Appointment,EZ PT,,2024-11-20T12:40:58.895-05:00,2024-11-20T12:40:58.895-05:00,https://sites.webpt.com/102008/request-an-appointment
102041,Perform for Life Physical Therapy,,Request an Appointment,Perform for Life Physical Therapy,,2026-02-09T14:47:41.736-05:00,2026-02-09T14:47:41.736-05:00,https://sites.webpt.com/102041/request-an-appointment
102107,HT CORE PHYSICAL THERAPY,,Request an Appointment,HT CORE PHYSICAL THERAPY,,2024-11-21T12:37:44.505-05:00,2024-11-21T12:37:44.505-05:00,https://sites.webpt.com/102107/request-an-appointment
102140,Zidell Physical Therapy,,Request an Appointment,Zidell Physical Therapy,,2024-11-21T13:43:57.917-05:00,2024-11-21T13:43:57.917-05:00,https://sites.webpt.com/102140/request-an-appointment
102173,"Catherine DuBois PT, C/NDT",,Request an Appointment,"Catherine DuBois PT, C/NDT",,2024-11-22T14:25:32.337-05:00,2024-11-22T14:25:32.337-05:00,https://sites.webpt.com/102173/request-an-appointment
102206,Kinetic MKE,,Request an Appointment,Kinetic MKE,,2024-11-22T14:36:56.033-05:00,2024-11-22T14:36:56.033-05:00,https://sites.webpt.com/102206/request-an-appointment
102239,Mitchell Blakney PT PLLC,,Request an Appointment,Mitchell Blakney PT PLLC,,2024-11-22T14:49:08.743-05:00,2024-11-22T14:49:08.743-05:00,https://sites.webpt.com/102239/request-an-appointment
102272,Pediatric Therapy Village,,Request an Appointment,Pediatric Therapy Village,,2024-11-22T15:12:20.817-05:00,2024-11-22T15:12:20.817-05:00,https://sites.webpt.com/102272/request-an-appointment
102305,Lubbock Hand Therapy,,Request an Appointment,Lubbock Hand Therapy,,2024-11-22T15:45:33.399-05:00,2024-11-22T15:45:33.399-05:00,https://sites.webpt.com/102305/request-an-appointment
102338,Forward OT PLLC,,Request an Appointment,Forward OT PLLC,,2024-11-25T12:00:50.621-05:00,2024-11-25T12:00:50.621-05:00,https://sites.webpt.com/102338/request-an-appointment
102371,Little Headway Pediatrics Physical Therapy & Cranial Molding,,Request an Appointment,Little Headway Pediatrics Physical Therapy & Cranial Molding,,2024-11-25T12:22:02.941-05:00,2024-11-25T12:22:02.941-05:00,https://sites.webpt.com/102371/request-an-appointment
102404,Pacific Bone and Joint Physical Therapy,,Request an Appointment,Pacific Bone and Joint Physical Therapy,,2024-11-25T12:56:22.532-05:00,2024-11-25T12:56:22.532-05:00,https://sites.webpt.com/102404/request-an-appointment
102437,"Learning To Rise Therapy Services, PLLC",,Request an Appointment,"Learning To Rise Therapy Services, PLLC",,2024-11-26T11:07:01.558-05:00,2025-02-18T16:25:01.170-05:00,https://sites.webpt.com/102437/request-an-appointment
102503,IWU Doctor of Physical Therapy Campus Clinic,,Request an Appointment,IWU Doctor of Physical Therapy Campus Clinic,,2024-11-26T14:46:48.780-05:00,2024-12-22T12:16:46.030-05:00,https://sites.webpt.com/102503/request-an-appointment
102536,Revival Rehabilitation,,Request an Appointment,Revival Rehabilitation,,2024-11-26T14:58:24.506-05:00,2024-11-26T14:58:24.506-05:00,https://sites.webpt.com/102536/request-an-appointment
102569,Propel Physical Therapy,,Request an Appointment,Propel Physical Therapy,,2024-11-26T15:10:56.950-05:00,2024-11-26T15:10:56.950-05:00,https://sites.webpt.com/102569/request-an-appointment
102602,Kingsway Physical Therapy,,Request an Appointment,Kingsway Physical Therapy,,2024-11-26T16:00:54.369-05:00,2024-11-26T16:00:54.369-05:00,https://sites.webpt.com/102602/request-an-appointment
102668,"STONEY R. FOSTER, LTD",,Request an Appointment,"STONEY R. FOSTER, LTD",,2024-11-27T12:25:23.561-05:00,2024-11-27T12:25:23.561-05:00,https://sites.webpt.com/102668/request-an-appointment
102701,"Integrity Family Home Care, LLC dba Choice Homecare",,Request an Appointment,"Integrity Family Home Care, LLC dba Choice Homecare",,2024-11-27T12:42:01.292-05:00,2024-11-27T12:42:01.292-05:00,https://sites.webpt.com/102701/request-an-appointment
102734,Unlimited Potential Performance Therapy PLLC,,Request an Appointment,Unlimited Potential Performance Therapy PLLC,,2024-11-27T13:00:29.229-05:00,2024-11-27T13:00:29.229-05:00,https://sites.webpt.com/102734/request-an-appointment
102767,ACTIVE PHYSICAL THERAPY NEVADA LLC,,Request an Appointment,ACTIVE PHYSICAL THERAPY NEVADA LLC,,2024-11-27T13:16:10.175-05:00,2024-11-27T13:16:10.175-05:00,https://sites.webpt.com/102767/request-an-appointment
102800,South Mountain Physical Therapy,,Request an Appointment,South Mountain Physical Therapy,,2024-11-27T13:29:53.499-05:00,2024-11-27T13:29:53.499-05:00,https://sites.webpt.com/102800/request-an-appointment
102833,Action Therapy Group,,Request an Appointment,Action Therapy Group,,2024-12-02T12:38:29.052-05:00,2024-12-02T12:38:29.052-05:00,https://sites.webpt.com/102833/request-an-appointment
102866,take a balance class,,Balance Class,Recooperation Physical Therapy,,2024-12-02T15:15:07.939-05:00,2025-09-12T17:14:54.623-04:00,https://sites.webpt.com/102866/request-an-appointment
102899,AT HOME PT & REHAB LLC,,Request an Appointment,AT HOME PT & REHAB LLC,,2024-12-02T15:35:03.610-05:00,2024-12-02T15:35:03.610-05:00,https://sites.webpt.com/102899/request-an-appointment
102932,"SAINT ALPHONSUS MEDICAL CENTER NAMPA, INC",,Request an Appointment,"SAINT ALPHONSUS MEDICAL CENTER NAMPA, INC",,2024-12-02T16:38:36.520-05:00,2024-12-02T16:38:36.520-05:00,https://sites.webpt.com/102932/request-an-appointment
102965,Vitality Physical Therapy,,Request an Appointment,Vitality Physical Therapy,,2024-12-03T12:46:05.394-05:00,2024-12-03T12:46:05.394-05:00,https://sites.webpt.com/102965/request-an-appointment
102998,Spring Physical Therapy,,Request an Appointment,Spring Physical Therapy,,2024-12-03T13:41:43.987-05:00,2024-12-03T13:41:43.987-05:00,https://sites.webpt.com/102998/request-an-appointment
103031,Olympic Sports Rehab,,Request an Appointment,Olympic Sports Rehab,,2024-12-03T15:05:25.053-05:00,2024-12-03T15:05:25.053-05:00,https://sites.webpt.com/103031/request-an-appointment
103130,Flex & Heal Physical Therapy,,Request an Appointment,Flex & Heal Physical Therapy,,2024-12-04T09:57:52.914-05:00,2025-02-14T19:07:11.450-05:00,https://sites.webpt.com/103130/request-an-appointment
103163,Propriotherapy,,Request an Appointment,Propriotherapy,,2024-12-04T10:19:32.907-05:00,2024-12-04T10:19:32.907-05:00,https://sites.webpt.com/103163/request-an-appointment
103196,"Atlantis Physical Therapy Group, Inc",,Request an Appointment,"Atlantis Physical Therapy Group, Inc.",,2024-12-04T17:02:53.628-05:00,2024-12-04T17:02:53.628-05:00,https://sites.webpt.com/103196/request-an-appointment
103262,MOORE PHYSICAL THERAPY LLC,,Request an Appointment,MOORE PHYSICAL THERAPY LLC,,2024-12-05T12:46:58.570-05:00,2024-12-05T12:46:58.570-05:00,https://sites.webpt.com/103262/request-an-appointment
103328,TRU Physical Therapy,,Request an Appointment,TRU Physical Therapy,,2024-12-06T13:13:14.775-05:00,2024-12-06T13:13:14.775-05:00,https://sites.webpt.com/103328/request-an-appointment
103361,Georgia Physical Therapy,,Request an Appointment,Georgia Physical Therapy,,2024-12-09T12:46:48.248-05:00,2024-12-09T12:59:46.559-05:00,https://sites.webpt.com/103361/request-an-appointment
103394,Aptus Health Care PLLC,,Request an Appointment,Aptus Health Care PLLC,,2024-12-09T13:46:55.499-05:00,2024-12-09T13:46:55.499-05:00,https://sites.webpt.com/103394/request-an-appointment
103427,Enhance Performance Physical Therapy,,Request an Appointment,Enhance Performance Physical Therapy,,2024-12-10T12:35:28.653-05:00,2025-01-15T07:35:35.706-05:00,https://sites.webpt.com/103427/request-an-appointment
103460,Hudson Kids Therapy,,Request an Appointment,Hudson Kids Therapy,,2024-12-10T13:02:46.779-05:00,2024-12-10T13:02:46.779-05:00,https://sites.webpt.com/103460/request-an-appointment
103493,"Limitless PT (Sarah Peters, PT, PLLC)",,Request an Appointment,"Limitless PT (Sarah Peters, PT, PLLC)",,2024-12-10T13:49:39.860-05:00,2024-12-10T13:49:39.860-05:00,https://sites.webpt.com/103493/request-an-appointment
103559,"Integrated HealthCare Solutions, LLC",,Request an Appointment,"Integrated HealthCare Solutions, LLC",,2024-12-12T13:04:28.062-05:00,2024-12-12T13:04:28.062-05:00,https://sites.webpt.com/103559/request-an-appointment
103592,Servant Rehab,,Request an Appointment,Servant Rehab,,2024-12-12T15:26:12.890-05:00,2024-12-12T15:26:12.890-05:00,https://sites.webpt.com/103592/request-an-appointment
103658,Range Physiotherapy,,Request an Appointment,Range Physiotherapy,,2025-08-05T13:54:51.146-04:00,2025-08-05T13:54:51.146-04:00,https://sites.webpt.com/103658/request-an-appointment
103691,FYZICAL Therapy & Balance Centers,,Request an Appointment,FYZICAL Therapy & Balance Centers,,2024-12-16T12:52:06.633-05:00,2024-12-16T12:52:06.633-05:00,https://sites.webpt.com/103691/request-an-appointment
103724,UIW Community Clinic-SRS,,Request an Appointment,UIW Community Clinic-SRS,,2024-12-17T13:08:25.902-05:00,2024-12-17T13:08:25.902-05:00,https://sites.webpt.com/103724/request-an-appointment
103790,Palm Beach Physical Therapy,,Request an Appointment,Palm Beach Physical Therapy,,2024-12-18T09:04:55.197-05:00,2024-12-18T09:04:55.197-05:00,https://sites.webpt.com/103790/request-an-appointment
103823,Physical Therapy 1,,Request an Appointment,Physical Therapy 1,,2024-12-18T12:50:33.275-05:00,2024-12-18T12:50:33.275-05:00,https://sites.webpt.com/103823/request-an-appointment
103856,Small Town Physical Therapy,,Request an Appointment,Small Town Physical Therapy,,2024-12-19T13:02:44.167-05:00,2024-12-19T13:02:44.167-05:00,https://sites.webpt.com/103856/request-an-appointment
103889,Salmon Falls Physical Therapy,,Request an Appointment,Salmon Falls Physical Therapy,,2024-12-19T13:14:03.493-05:00,2025-02-03T15:28:30.978-05:00,https://sites.webpt.com/103889/request-an-appointment
103922,"James Weinstein, MPT Inc",,Request an Appointment,"James Weinstein, MPT Inc",,2024-12-19T13:45:41.453-05:00,2024-12-19T13:45:41.453-05:00,https://sites.webpt.com/103922/request-an-appointment
103955,Gladstone ORC,,Request an Appointment,Gladstone ORC,,2024-12-19T14:42:16.054-05:00,2024-12-19T14:42:16.054-05:00,https://sites.webpt.com/103955/request-an-appointment
104087,The Six Physical Therapy Clinic,,Request an Appointment,The Six Physical Therapy Clinic,,2024-12-24T13:06:03.679-05:00,2024-12-24T13:06:03.679-05:00,https://sites.webpt.com/104087/request-an-appointment
104120,Camelback Spine Care,,Request an Appointment,Camelback Spine Care,,2024-12-24T13:28:07.471-05:00,2024-12-24T13:28:07.471-05:00,https://sites.webpt.com/104120/request-an-appointment
104252,Odyssey Health Care,,Request an Appointment,Odyssey Health Care,,2024-12-26T13:11:07.373-05:00,2024-12-26T13:11:07.373-05:00,https://sites.webpt.com/104252/request-an-appointment
104285,South Florida Hand and Orthopaedic,,Request an Appointment,South Florida Hand and Orthopaedic,,2024-12-26T17:01:21.953-05:00,2024-12-26T17:31:40.642-05:00,https://sites.webpt.com/104285/request-an-appointment
104351,Antonia Minervini MS CCC SLP,,Request an Appointment,Antonia Minervini MS CCC SLP,,2025-01-03T13:02:41.815-05:00,2025-01-03T13:02:41.815-05:00,https://sites.webpt.com/104351/request-an-appointment
104384,Strength in Motion,,Request an Appointment,Strength in Motion,,2025-01-03T13:22:40.013-05:00,2025-01-03T13:22:40.013-05:00,https://sites.webpt.com/104384/request-an-appointment
104450,Fidelity Physical Therapy and Rehabilitation Center,,Request an Appointment,Fidelity Physical Therapy and Rehabilitation Center,,2025-01-06T14:45:50.084-05:00,2025-01-06T14:45:50.084-05:00,https://sites.webpt.com/104450/request-an-appointment
104615,Ann Pappas Physical Therapy,,Request an Appointment,Ann Pappas Physical Therapy,,2025-01-07T13:37:45.238-05:00,2025-01-07T13:37:45.238-05:00,https://sites.webpt.com/104615/request-an-appointment
104648,"David F Carroll, DC, PC",,Request an Appointment,"David F Carroll, DC, PC",,2025-01-07T14:01:58.867-05:00,2025-01-07T14:01:58.867-05:00,https://sites.webpt.com/104648/request-an-appointment
104681,Ee Acupuncture and Physical Therapy,,Request an Appointment,Ee Acupuncture and Physical Therapy,,2025-01-07T14:14:00.166-05:00,2025-01-07T14:14:00.166-05:00,https://sites.webpt.com/104681/request-an-appointment
104714,Pursuit Physical Therapy,,Request an Appointment,Pursuit Physical Therapy,,2025-01-07T14:27:04.218-05:00,2025-01-07T14:27:04.218-05:00,https://sites.webpt.com/104714/request-an-appointment
104747,MJ Rehabilitation Center,,Request an Appointment,MJ Rehabilitation Center,,2025-01-07T14:49:45.645-05:00,2025-01-07T14:49:45.645-05:00,https://sites.webpt.com/104747/request-an-appointment
104780,Human Physical Therapy,,Request an Appointment,Human Physical Therapy,,2025-01-07T15:20:24.808-05:00,2025-01-07T15:20:24.808-05:00,https://sites.webpt.com/104780/request-an-appointment
104813,Redpoint Physical Therapy,,Request an Appointment,Redpoint Physical Therapy,,2025-01-07T15:40:32.842-05:00,2025-01-07T15:40:32.842-05:00,https://sites.webpt.com/104813/request-an-appointment
104879,Inspire Core PT PLLC,,Inspire Core PT Request an Appointment,Inspire Core PT PLLC,,2025-01-08T13:03:35.540-05:00,2025-03-23T19:28:01.616-04:00,https://sites.webpt.com/104879/request-an-appointment
104912,Amber Cross Physical therapy,,Request an Appointment,Amber Cross Physical therapy,,2025-01-08T13:27:54.850-05:00,2025-01-08T13:27:54.850-05:00,https://sites.webpt.com/104912/request-an-appointment
104945,Joint Effort Spine & Wellness,,Request an Appointment,Joint Effort Spine & Wellness,,2025-01-08T13:39:58.442-05:00,2025-01-08T13:39:58.442-05:00,https://sites.webpt.com/104945/request-an-appointment
104979,Propel Physical Therapy Services,,Request an Appointment,Propel Physical Therapy Services,,2025-01-08T14:32:37.445-05:00,2025-01-08T14:32:37.445-05:00,https://sites.webpt.com/104979/request-an-appointment
105012,Apalachin Physical Therapy,,Request an Appointment,Apalachin Physical Therapy,,2026-07-16T15:02:35.952-04:00,2026-07-16T15:02:35.952-04:00,https://sites.webpt.com/105012/request-an-appointment
105045,Advantage PT Associate Inc,,Request an Appointment,Advantage PT Associate Inc,,2025-01-09T16:12:29.512-05:00,2025-01-09T16:12:29.512-05:00,https://sites.webpt.com/105045/request-an-appointment
105046,Hampton Physical Therapy Group LLC,,Request an Appointment,Hampton Physical Therapy Group LLC,,2025-01-09T16:21:16.687-05:00,2025-01-09T16:21:16.687-05:00,https://sites.webpt.com/105046/request-an-appointment
105079,Professional Care Physical Therapy,,Request an Appointment,Professional Care Physical Therapy,,2025-01-10T15:20:26.061-05:00,2025-01-10T15:20:26.061-05:00,https://sites.webpt.com/105079/request-an-appointment
105112,Loving Life Physical Therapy and Wellness,,Request an Appointment,Loving Life Physical Therapy and Wellness,,2025-01-10T15:39:09.189-05:00,2025-03-18T13:54:47.092-04:00,https://sites.webpt.com/105112/request-an-appointment
105179,KinoFit Physical Therapy,kinofitpt.com,KinoFit Physical Therapy - Request an Appointment,KinoFit Physical Therapy,,2025-01-14T16:25:17.938-05:00,2025-03-16T23:43:54.683-04:00,https://sites.webpt.com/105179/request-an-appointment
105212,Jameson Orthopedic Clinic PC,,Request an Appointment,Jameson Orthopedic Clinic PC,,2025-01-14T16:44:59.181-05:00,2025-01-14T16:44:59.181-05:00,https://sites.webpt.com/105212/request-an-appointment
105311,Basha Physical Therapy,,Request an Appointment,Basha Physical Therapy,,2025-01-17T14:40:47.694-05:00,2025-01-17T14:40:47.694-05:00,https://sites.webpt.com/105311/request-an-appointment
105344,"Kevin Dunn, MPT LLC",,Request an Appointment,"Kevin Dunn, MPT LLC",,2025-01-17T14:56:53.327-05:00,2025-01-17T14:56:53.327-05:00,https://sites.webpt.com/105344/request-an-appointment
105377,"ENC Physical Therapy, LLC",,Request an Appointment,"ENC Physical Therapy, LLC",,2025-01-17T15:36:37.113-05:00,2025-01-17T15:36:37.113-05:00,https://sites.webpt.com/105377/request-an-appointment
105443,MD Hyperbaric - Syracuse,mdhyperbaric.com,Schedule an Appointment,MD Hyperbaric - Syracuse,,2025-01-21T16:18:56.677-05:00,2025-01-21T19:40:43.300-05:00,https://sites.webpt.com/105443/request-an-appointment
105444,Boca Raton Speech & Voice Center LLC,,Request an Appointment,Boca Raton Speech & Voice Center LLC,,2025-01-21T16:30:33.579-05:00,2025-01-21T16:30:33.579-05:00,https://sites.webpt.com/105444/request-an-appointment
105510,MD Hyperbaric - Parsippany,mdhyperbaric.com,Schedule an Appointment,MD Hyperbaric - Parsippany,,2025-01-21T19:45:22.603-05:00,2025-01-21T20:08:04.978-05:00,https://sites.webpt.com/105510/request-an-appointment
105543,ACE Pediatric Therapy Services,,Request an Appointment,ACE Pediatric Therapy Services,,2025-01-22T15:15:27.965-05:00,2025-01-22T15:15:27.965-05:00,https://sites.webpt.com/105543/request-an-appointment
105609,Inspired Physical Therapy,,Request an Appointment,Inspired Physical Therapy,,2025-01-23T16:25:35.151-05:00,2025-01-23T16:25:35.151-05:00,https://sites.webpt.com/105609/request-an-appointment
105642,ProFormance Rehab,,Request an Appointment,ProFormance Rehab,,2026-05-22T17:05:18.936-04:00,2026-05-22T17:11:15.811-04:00,https://sites.webpt.com/105642/request-an-appointment
105708,Home Therapy & Wellness,,Request an Appointment,Home Therapy & Wellness,,2025-01-24T12:07:28.114-05:00,2025-01-24T12:07:28.114-05:00,https://sites.webpt.com/105708/request-an-appointment
105741,REBUILD+ Physical Therapy,,Book Your Appointment,REBUILD+,,2025-10-24T07:12:10.812-04:00,2025-12-22T22:35:01.836-05:00,https://sites.webpt.com/105741/request-an-appointment
105807,PT First Physical Therapy,,Request an Appointment,PT First Physical Therapy,,2025-01-28T08:50:22.081-05:00,2025-03-08T21:12:56.431-05:00,https://sites.webpt.com/105807/request-an-appointment
105840,"(INACTIVE/DNU) Therapy At Home, LLC",,Request an Appointment,"(INACTIVE/DNU) Therapy At Home, LLC",,2025-01-29T00:01:55.462-05:00,2025-01-29T00:01:55.462-05:00,https://sites.webpt.com/105840/request-an-appointment
105873,Revival Physical Therapy And Rehab,,Request an Appointment,Revival Physical Therapy And Rehab,,2025-01-29T08:50:50.869-05:00,2025-01-29T08:50:50.869-05:00,https://sites.webpt.com/105873/request-an-appointment
105906,SMS Therapy,,Request an Appointment,SMS Therapy,,2025-01-29T09:18:31.115-05:00,2025-01-29T09:18:31.115-05:00,https://sites.webpt.com/105906/request-an-appointment
105939,Humboldt Hand Therapy & Wellness Center,humboldthandtherapy.com,Request an Appointment,Humboldt Hand Therapy & Wellness Center,,2025-01-29T15:11:28.833-05:00,2025-05-24T02:22:38.436-04:00,https://sites.webpt.com/105939/request-an-appointment
106005,Samsara Aesthetics & Wellness,,Request an Appointment,Samsara Aesthetics & Wellness,,2025-01-30T15:29:31.276-05:00,2025-01-30T15:29:31.276-05:00,https://sites.webpt.com/106005/request-an-appointment
106038,In Balance Physical Therapy and Acupuncture,,Request an Appointment,In Balance Physical Therapy and Acupuncture,,2025-01-31T14:21:36.396-05:00,2025-01-31T14:21:36.396-05:00,https://sites.webpt.com/106038/request-an-appointment
106071,Main Street Physical Therapy,,Request an Appointment,Main Street Physical Therapy,,2025-01-31T14:44:24.364-05:00,2025-01-31T14:44:24.364-05:00,https://sites.webpt.com/106071/request-an-appointment
106170,does pain keep coming back,,Strong For Life,Altamont Physical Therapy,,2025-01-31T17:12:31.520-05:00,2026-04-19T14:52:22.781-04:00,https://sites.webpt.com/106170/request-an-appointment
106203,Precision Orthopedics Physical Therapy,,Request an Appointment,Precision Orthopedics Physical Therapy,,2025-01-31T17:42:01.519-05:00,2025-01-31T17:42:01.519-05:00,https://sites.webpt.com/106203/request-an-appointment
106236,tahcares,,Request an Appointment,tahcares,,2025-01-31T19:26:07.370-05:00,2025-06-13T09:22:58.477-04:00,https://sites.webpt.com/106236/request-an-appointment
106302,Sustaining Solutions Physical Therapy,,Request an Appointment,Sustaining Solutions Physical Therapy,,2026-04-29T14:41:05.002-04:00,2026-04-29T14:41:05.002-04:00,https://sites.webpt.com/106302/request-an-appointment
106368,Physical Therapy & Sport Services,,Request an Appointment,Physical Therapy & Sport Services,,2025-02-03T16:17:48.317-05:00,2025-02-03T16:17:48.317-05:00,https://sites.webpt.com/106368/request-an-appointment
106401,"Andrew's Physical Therapy, PLLC",,Request an Appointment,"Andrew's Physical Therapy, PLLC",,2025-02-03T16:47:25.122-05:00,2025-02-03T16:47:25.122-05:00,https://sites.webpt.com/106401/request-an-appointment
106434,Excelarate Physical Therapy,,Request an Appointment,Excelarate Physical Therapy,,2025-02-04T16:57:39.108-05:00,2025-02-04T16:57:39.108-05:00,https://sites.webpt.com/106434/request-an-appointment
106467,Rudraksh Physical Therapy PC,,Request an Appointment,Rudraksh Physical Therapy PC,,2025-02-05T09:32:49.968-05:00,2025-02-05T09:32:49.968-05:00,https://sites.webpt.com/106467/request-an-appointment
106468,BR Physical Therapy,,Request an Appointment,BR Physical Therapy,,2025-02-05T09:45:59.883-05:00,2025-02-05T09:45:59.883-05:00,https://sites.webpt.com/106468/request-an-appointment
106469,Motion Plus Physical Therapy LLC,,Request an Appointment,Motion Plus Physical Therapy LLC,,2025-02-05T09:57:25.978-05:00,2025-02-05T09:57:25.978-05:00,https://sites.webpt.com/106469/request-an-appointment
106568,Advantage Physical Therapy and Rehab,,Request an Appointment,Advantage Physical Therapy and Rehab,,2025-02-05T15:15:13.394-05:00,2025-02-05T15:15:13.394-05:00,https://sites.webpt.com/106568/request-an-appointment
106601,Forward Motion Physical Therapy,,Request an Appointment,Forward Motion Physical Therapy,,2025-02-05T15:26:20.411-05:00,2025-07-23T18:15:09.899-04:00,https://sites.webpt.com/106601/request-an-appointment
106634,Potentia Therapeutics,,Request an Appointment,Potentia Therapeutics,,2025-02-05T15:39:40.101-05:00,2025-02-05T15:39:40.101-05:00,https://sites.webpt.com/106634/request-an-appointment
106734,Elite PT- Logan,,Request an Appointment,Elite PT- Logan,,2025-02-05T16:45:41.087-05:00,2025-02-05T16:45:41.087-05:00,https://sites.webpt.com/106734/request-an-appointment
106767,Manasota Therapeutics LLC (home office),,Request an Appointment,Manasota Therapeutics LLC (home office),,2025-02-05T16:54:44.153-05:00,2025-02-05T16:54:44.153-05:00,https://sites.webpt.com/106767/request-an-appointment
106833,"Play by Play Pediatric Therapy, LLC",,Request an Appointment,"Play by Play Pediatric Therapy, LLC",,2025-02-07T17:31:16.599-05:00,2025-02-07T17:40:43.638-05:00,https://sites.webpt.com/106833/request-an-appointment
106866,iCURE PHYSICAL THERAPY LLC,,Request an Appointment,iCURE PHYSICAL THERAPY LLC,,2025-02-10T10:07:02.440-05:00,2025-02-10T10:07:02.440-05:00,https://sites.webpt.com/106866/request-an-appointment
106899,Continue Care Home Health,,Request an Appointment,Continue Care Home Health,,2025-02-10T11:42:51.447-05:00,2025-02-10T11:42:51.447-05:00,https://sites.webpt.com/106899/request-an-appointment
106932,10 on 10 Physical Therapy,,Request an Appointment,10 on 10 Physical Therapy,,2025-02-10T12:08:03.355-05:00,2025-02-10T12:08:03.355-05:00,https://sites.webpt.com/106932/request-an-appointment
106965,True Potential Physical Therapy,,Request an Appointment,True Potential Physical Therapy,,2025-02-11T11:50:19.436-05:00,2025-02-11T11:50:19.436-05:00,https://sites.webpt.com/106965/request-an-appointment
106998,Leawood Family Dental,,Request an Appointment,Leawood Family Dental,,2025-02-11T14:05:08.929-05:00,2025-02-11T14:05:08.929-05:00,https://sites.webpt.com/106998/request-an-appointment
107098,Total Physical Therapy & Athletic Training,,Request an Appointment,Total Physical Therapy & Athletic Training,,2025-02-11T15:07:55.757-05:00,2025-02-11T15:07:55.757-05:00,https://sites.webpt.com/107098/request-an-appointment
107197,Willis Physical Therapy Group,,Request an Appointment,Willis Physical Therapy Group,,2025-02-12T16:17:33.643-05:00,2025-02-12T16:17:33.643-05:00,https://sites.webpt.com/107197/request-an-appointment
107263,For The Ages Rehabilitation,,Request an Appointment,For The Ages Rehabilitation,,2025-02-13T09:02:35.397-05:00,2025-02-13T09:02:35.397-05:00,https://sites.webpt.com/107263/request-an-appointment
107330,Spike Clinics,,Request an Appointment,Spike Clinics,,2025-02-13T10:03:40.211-05:00,2025-02-13T10:03:40.211-05:00,https://sites.webpt.com/107330/request-an-appointment
107363,MD Hyperbaric - Westchester,mdhyperbaric.com,Schedule an Appointment,MD Hyperbaric - Westchester,,2025-02-13T23:09:16.061-05:00,2025-02-13T23:50:57.786-05:00,https://sites.webpt.com/107363/request-an-appointment
107396,Body Movement Physiotherapy PC,,Request an Appointment,Body Movement Physiotherapy PC,,2025-02-14T11:46:24.179-05:00,2025-02-14T11:46:24.179-05:00,https://sites.webpt.com/107396/request-an-appointment
107429,Incept Physical Therapy LLC,,Request an Appointment,Incept Physical Therapy LLC,,2025-02-14T12:37:18.292-05:00,2025-02-14T12:37:18.292-05:00,https://sites.webpt.com/107429/request-an-appointment
107462,"Equilibrium, LLC",,Request an Appointment,"Equilibrium, LLC",,2025-02-14T14:13:20.415-05:00,2025-02-14T14:13:20.415-05:00,https://sites.webpt.com/107462/request-an-appointment
107499,Master Lu's Health Center,,Request an Appointment,Master Lu's Health Center,,2025-02-14T17:01:03.375-05:00,2025-02-14T17:01:03.375-05:00,https://sites.webpt.com/107499/request-an-appointment
107697,In Motion Physical Therapy,,Request an Appointment,In Motion Physical Therapy,,2025-02-19T14:58:04.121-05:00,2025-02-19T14:58:04.121-05:00,https://sites.webpt.com/107697/request-an-appointment
107829,AIM Therapy Solutions,,Request an Appointment,AIM Therapy Solutions,,2025-02-20T13:28:59.445-05:00,2025-02-20T13:28:59.445-05:00,https://sites.webpt.com/107829/request-an-appointment
107862,Bastrop Community Health Center,,Request an Appointment,Bastrop Community Health Center,,2025-02-20T13:52:51.156-05:00,2025-02-20T13:52:51.156-05:00,https://sites.webpt.com/107862/request-an-appointment
107961,ADVANCED PHYSICAL THERAPY.MICHAEL BEAUDOIN LLC,,Request an Appointment,ADVANCED PHYSICAL THERAPY.MICHAEL BEAUDOIN LLC,,2025-02-21T08:50:04.262-05:00,2025-02-21T08:50:04.262-05:00,https://sites.webpt.com/107961/request-an-appointment
108126,Osage County Chiropractic & Physical Therapy,,Request an Appointment,Osage County Chiropractic & Physical Therapy,,2025-02-24T17:06:13.694-05:00,2025-02-24T17:06:13.694-05:00,https://sites.webpt.com/108126/request-an-appointment
108192,Therapeutic Dynamics,,Request an Appointment,Therapeutic Dynamics,,2025-02-24T17:31:13.259-05:00,2025-03-14T11:33:08.081-04:00,https://sites.webpt.com/108192/request-an-appointment
108225,L&P Lymphatic & Pelvic Physical Therapy,,Request an Appointment,L&P Lymphatic & Pelvic Physical Therapy,,2026-08-27T15:38:32.122-04:00,2026-08-27T15:38:32.122-04:00,https://sites.webpt.com/108225/request-an-appointment
108258,"Still Waters Physical Therapy, LLC",,Request an Appointment,"Still Waters Physical Therapy, LLC",,2025-02-25T13:40:23.946-05:00,2025-02-25T13:40:23.946-05:00,https://sites.webpt.com/108258/request-an-appointment
108357,Orion Physical Therapy,,Request an Appointment,Orion Physical Therapy,,2025-02-25T14:56:03.622-05:00,2025-02-25T14:56:03.622-05:00,https://sites.webpt.com/108357/request-an-appointment
108456,ReActivate Physical Therapy,,Request an Appointment,ReActivate Physical Therapy,,2025-02-26T11:33:34.283-05:00,2025-02-26T11:33:34.283-05:00,https://sites.webpt.com/108456/request-an-appointment
108489,APM Therapy and Wellness,,Request an Appointment,APM Therapy and Wellness,,2025-02-26T14:44:03.127-05:00,2025-02-26T14:44:03.127-05:00,https://sites.webpt.com/108489/request-an-appointment
108490,Stride Matters,,Request an Appointment,Stride Matters,,2025-02-26T14:57:43.101-05:00,2025-02-26T14:57:43.101-05:00,https://sites.webpt.com/108490/request-an-appointment
108557,Active Body Rehab PT P.C,,Request an Appointment,Active Body Rehab PT P.C,,2025-02-27T13:37:16.461-05:00,2025-02-27T13:37:16.461-05:00,https://sites.webpt.com/108557/request-an-appointment
108590,The Therapy House,,Request an Appointment,The Therapy House,,2025-02-27T13:52:37.978-05:00,2025-02-27T13:52:37.978-05:00,https://sites.webpt.com/108590/request-an-appointment
108623,Idaho Lung and Heart LLC,,Request an Appointment,Idaho Lung and Heart LLC,,2025-02-27T14:07:05.516-05:00,2025-02-27T14:07:05.516-05:00,https://sites.webpt.com/108623/request-an-appointment
108722,Elevate Physical Therapy,,Request an Appointment,Elevate Physical Therapy,,2025-02-28T15:10:06.891-05:00,2025-02-28T15:10:06.891-05:00,https://sites.webpt.com/108722/request-an-appointment
108788,Premier Care Physical Therapy,,Request an Appointment,Premier Care Physical Therapy,,2025-02-28T15:31:23.361-05:00,2025-02-28T15:31:23.361-05:00,https://sites.webpt.com/108788/request-an-appointment
108821,Excellent Care Physical Therapy,,Request an Appointment,Excellent Care Physical Therapy,,2025-02-28T15:51:58.878-05:00,2025-02-28T15:51:58.878-05:00,https://sites.webpt.com/108821/request-an-appointment
108888,Total Rehab Center,,Request an Appointment,Total Rehab Center,,2025-02-28T16:52:52.843-05:00,2025-02-28T16:52:52.843-05:00,https://sites.webpt.com/108888/request-an-appointment
108954,Natural State Physical Therapy,,Request an Appointment,Natural State Physical Therapy,,2025-03-03T15:40:02.157-05:00,2025-03-03T15:40:02.157-05:00,https://sites.webpt.com/108954/request-an-appointment
109020,T.O.P.S Physical Therapy,,Request an Appointment,T.O.P.S Physical Therapy,,2025-03-03T16:06:16.807-05:00,2025-03-03T16:06:16.807-05:00,https://sites.webpt.com/109020/request-an-appointment
109086,HOT PT Waco,,Request an Appointment,HOT PT Waco,,2025-03-05T13:45:00.679-05:00,2025-03-05T13:45:00.679-05:00,https://sites.webpt.com/109086/request-an-appointment
109152,"Elite Therapy Institute, LLC",,Request an Appointment,"Elite Therapy Institute, LLC",,2025-03-05T18:59:41.619-05:00,2025-03-05T19:06:42.915-05:00,https://sites.webpt.com/109152/request-an-appointment
109185,Rehab for Life - IN,,Request an Appointment,Rehab for Life - IN,,2025-03-06T09:25:44.994-05:00,2025-03-06T09:25:44.994-05:00,https://sites.webpt.com/109185/request-an-appointment
109350,John West Therapy Services,,Request an Appointment,John West Therapy Services,,2025-03-07T16:08:54.125-05:00,2025-03-07T16:08:54.125-05:00,https://sites.webpt.com/109350/request-an-appointment
109515,Neu You Physical Therapy,,Request an Appointment,Neu You Physical Therapy,,2025-03-10T12:41:08.686-04:00,2025-05-08T11:38:58.671-04:00,https://sites.webpt.com/109515/request-an-appointment
109581,"Spearfish Physical Therapy, LLC",,Request an Appointment,"Spearfish Physical Therapy, LLC",,2025-03-10T16:41:55.937-04:00,2025-03-10T16:41:55.937-04:00,https://sites.webpt.com/109581/request-an-appointment
109680,WellBody Physical Therapy & Wellness,,Request an Appointment,WellBody Physical Therapy & Wellness,,2025-03-11T12:39:51.559-04:00,2025-03-11T12:39:51.559-04:00,https://sites.webpt.com/109680/request-an-appointment
109713,AllCare Physical Therapy,,Request an Appointment,AllCare Physical Therapy,,2025-03-12T14:32:35.556-04:00,2025-03-12T14:32:35.556-04:00,https://sites.webpt.com/109713/request-an-appointment
109746,"Arena Physical Therapy, LLC",,Request an Appointment,"Arena Physical Therapy, LLC",,2025-03-12T14:54:14.434-04:00,2025-03-12T14:54:14.434-04:00,https://sites.webpt.com/109746/request-an-appointment
109812,Pro Physical Therapy LLC,,Request an Appointment,Pro Physical Therapy LLC,,2025-03-13T12:51:51.481-04:00,2025-03-13T12:51:51.481-04:00,https://sites.webpt.com/109812/request-an-appointment
109845,Palmetto Restorative Therapy,,Request an Appointment,Palmetto Restorative Therapy,,2025-03-13T14:27:55.583-04:00,2025-03-13T14:27:55.583-04:00,https://sites.webpt.com/109845/request-an-appointment
109878,FYZICAL Perrysburg,,Request an Appointment,FYZICAL Perrysburg,,2025-03-13T14:49:11.493-04:00,2025-03-13T14:49:11.493-04:00,https://sites.webpt.com/109878/request-an-appointment
109911,Summit Hand Therapy Limited Partnership,,Request an Appointment,Summit Hand Therapy Limited Partnership,,2025-12-08T15:05:18.204-05:00,2025-12-08T15:05:18.204-05:00,https://sites.webpt.com/109911/request-an-appointment
109977,Rendon Physical Therapy INC,,Request an Appointment,Rendon Physical Therapy INC,,2025-03-14T14:31:39.177-04:00,2025-03-14T14:31:39.177-04:00,https://sites.webpt.com/109977/request-an-appointment
110076,Coastal Rehabilitation LLC,,Request an Appointment,Coastal Rehabilitation LLC,,2025-08-01T16:03:27.237-04:00,2025-08-01T16:15:43.645-04:00,https://sites.webpt.com/110076/request-an-appointment
110142,Tampa Bay Physical Therapy and Rehab,,Request an Appointment,Tampa Bay Physical Therapy and Rehab,,2025-03-17T15:44:24.103-04:00,2025-03-17T15:44:24.103-04:00,https://sites.webpt.com/110142/request-an-appointment
110241,"Denise Alberto Physical Therapy, Inc",,Request an Appointment,"Denise Alberto Physical Therapy, Inc.",,2025-03-18T16:06:47.549-04:00,2025-03-18T16:06:47.549-04:00,https://sites.webpt.com/110241/request-an-appointment
110340,Personal Physical Therapy,,Request an Appointment,Personal Physical Therapy,,2025-03-19T14:40:17.538-04:00,2025-03-19T14:40:17.538-04:00,https://sites.webpt.com/110340/request-an-appointment
110373,Affiliates in Physical Therapy,,Request an Appointment,Affiliates in Physical Therapy,,2025-03-19T14:30:35.526-04:00,2025-03-19T14:30:35.526-04:00,https://sites.webpt.com/110373/request-an-appointment
110406,Peak Physical Therapy,,Request an Appointment,Peak Physical Therapy,,2025-03-19T16:40:27.176-04:00,2025-03-19T16:40:27.176-04:00,https://sites.webpt.com/110406/request-an-appointment
110538,Katalyst performance and rehabilitation,,Request an Appointment,Katalyst performance and rehabilitation,,2025-03-20T15:46:59.204-04:00,2025-03-20T15:46:59.204-04:00,https://sites.webpt.com/110538/request-an-appointment
110606,MOUNTAIN VALLEY THERAPY INC,,Request an Appointment,MOUNTAIN VALLEY THERAPY INC,,2025-03-21T14:42:47.667-04:00,2025-03-21T14:42:47.667-04:00,https://sites.webpt.com/110606/request-an-appointment
110639,Hot Springs Physical Therapy,,Request an Appointment,Hot Springs Physical Therapy,,2025-03-21T15:10:19.369-04:00,2025-03-21T15:10:19.369-04:00,https://sites.webpt.com/110639/request-an-appointment
110774,Fyzical Therapy and Balance Center,,Request an Appointment,Fyzical Therapy and Balance Center,,2025-03-26T14:06:55.651-04:00,2025-03-26T14:06:55.651-04:00,https://sites.webpt.com/110774/request-an-appointment
110807,Cornerstone Physical Therapy and Wellness LLC,,Request an Appointment,Cornerstone Physical Therapy and Wellness LLC,,2025-03-26T14:31:45.811-04:00,2025-03-26T14:31:45.811-04:00,https://sites.webpt.com/110807/request-an-appointment
110840,"Statera Physical Therapy, PLLC",,Request an Appointment,"Statera Physical Therapy, PLLC",,2025-03-26T14:56:04.125-04:00,2025-03-26T14:56:04.125-04:00,https://sites.webpt.com/110840/request-an-appointment
110972,Mid-City Physical Therapy and Wellness,,Request an Appointment,Mid-City Physical Therapy and Wellness,,2025-03-28T11:30:45.750-04:00,2025-03-28T11:30:45.750-04:00,https://sites.webpt.com/110972/request-an-appointment
111137,"Achieve Therapy Services, Inc",,Request an Appointment,"Achieve Therapy Services, Inc",,2025-03-31T15:49:33.705-04:00,2025-03-31T15:49:33.705-04:00,https://sites.webpt.com/111137/request-an-appointment
111203,At Home PT,,Request an Appointment,At Home PT,,2025-03-31T16:32:45.808-04:00,2025-03-31T16:32:45.808-04:00,https://sites.webpt.com/111203/request-an-appointment
111336,Quinn Physical Therapy,,Request an Appointment,Quinn Physical Therapy,,2025-04-02T14:40:24.781-04:00,2025-04-02T14:40:24.781-04:00,https://sites.webpt.com/111336/request-an-appointment
111369,Mobilize Physical Therapy,,Request an Appointment,Mobilize Physical Therapy,,2025-04-03T12:37:27.589-04:00,2025-04-03T12:37:27.589-04:00,https://sites.webpt.com/111369/request-an-appointment
111435,Cumberland Healthcare,,Request an Appointment,Cumberland Healthcare,,2025-04-03T18:03:27.409-04:00,2025-04-03T18:13:17.357-04:00,https://sites.webpt.com/111435/request-an-appointment
111501,Zeiss Physical Therapy,,Request an Appointment,Zeiss Physical Therapy,,2025-04-04T12:34:35.733-04:00,2025-04-04T12:34:35.733-04:00,https://sites.webpt.com/111501/request-an-appointment
111667,"Achieve Therapy Services, LLC",,Request an Appointment,"Achieve Therapy Services, LLC",,2025-04-04T16:05:40.885-04:00,2025-04-04T16:05:40.885-04:00,https://sites.webpt.com/111667/request-an-appointment
111700,Premier Physical Therapy,,Request an Appointment,Premier Physical Therapy,,2025-04-07T13:26:29.727-04:00,2025-04-07T13:26:29.727-04:00,https://sites.webpt.com/111700/request-an-appointment
111733,Pro Motion Physical Therapy,,Request an Appointment,Pro Motion Physical Therapy,,2025-04-08T12:21:23.561-04:00,2025-04-08T12:21:23.561-04:00,https://sites.webpt.com/111733/request-an-appointment
111799,Rehab Maxx,,Request an Appointment,Rehab Maxx,,2025-04-08T17:06:28.200-04:00,2025-04-08T17:06:28.200-04:00,https://sites.webpt.com/111799/request-an-appointment
111832,BlueCross BlueShield of Tennessee Employee Clinic,,Request an Appointment,BlueCross BlueShield of Tennessee Employee Clinic,,2025-04-09T09:03:46.079-04:00,2025-04-09T09:03:46.079-04:00,https://sites.webpt.com/111832/request-an-appointment
111865,Synergy Manual Therapy Solutions,,Request an Appointment,Synergy Manual Therapy Solutions,,2025-04-09T09:22:45.707-04:00,2025-04-09T09:22:45.707-04:00,https://sites.webpt.com/111865/request-an-appointment
111931,Dynamic Health Physical Therapy,,Request an Appointment,Dynamic Health Physical Therapy,,2025-04-09T16:14:40.989-04:00,2025-04-09T16:14:40.989-04:00,https://sites.webpt.com/111931/request-an-appointment
111965,Motion Centric Rehabilitation Physical Therapy,,Request an Appointment,Motion Centric Rehabilitation Physical Therapy,,2025-04-09T17:26:48.197-04:00,2025-04-09T17:26:48.197-04:00,https://sites.webpt.com/111965/request-an-appointment
111998,Able Bodies Physical Therapy,,Request an Appointment,Able Bodies Physical Therapy,,2025-04-09T17:39:42.086-04:00,2025-04-09T17:39:42.086-04:00,https://sites.webpt.com/111998/request-an-appointment
112031,Trigger Point Physical Therapy,,Request an Appointment,Trigger Point Physical Therapy,,2025-04-25T20:04:08.168-04:00,2025-04-25T20:04:08.168-04:00,https://sites.webpt.com/112031/request-an-appointment
112064,"PAR Plus, Inc",,Request an Appointment,"PAR Plus, Inc.",,2025-04-11T09:56:29.193-04:00,2025-04-11T09:56:29.193-04:00,https://sites.webpt.com/112064/request-an-appointment
112097,MD Hyperbaric - Tribeca,mdhyperbaric.com,Schedule an Appointment,MD Hyperbaric - Tribeca,,2025-04-11T13:50:20.754-04:00,2025-04-11T14:39:09.670-04:00,https://sites.webpt.com/112097/request-an-appointment
112131,Lymphedema Therapy Center of New Jersey,,Request an Appointment,Lymphedema Therapy Center of New Jersey,,2025-04-11T14:28:41.350-04:00,2025-04-11T14:28:41.350-04:00,https://sites.webpt.com/112131/request-an-appointment
112164,New Era Orthopedic & Sports Physical Therapy,,Request an Appointment,New Era Orthopedic & Sports Physical Therapy,,2025-04-11T15:11:01.540-04:00,2025-04-11T15:11:01.540-04:00,https://sites.webpt.com/112164/request-an-appointment
112197,"DARREL A ELWELL, LLC DBA SUN COUNTRY PHYSICAL THERAPY ASSOCIATES",,Request an Appointment,"DARREL A ELWELL, LLC DBA SUN COUNTRY PHYSICAL THERAPY ASSOCIATES",,2025-04-11T15:33:49.893-04:00,2025-04-11T15:33:49.893-04:00,https://sites.webpt.com/112197/request-an-appointment
112263,Omega Rehab & Sport,,Request an Appointment,Omega Rehab & Sport,,2025-04-14T08:49:27.217-04:00,2025-04-14T08:49:27.217-04:00,https://sites.webpt.com/112263/request-an-appointment
112395,Palmer Traditional Physical Therapy,,Request an Appointment,Palmer Traditional Physical Therapy,,2025-04-15T08:00:50.620-04:00,2025-04-15T08:00:50.620-04:00,https://sites.webpt.com/112395/request-an-appointment
112527,"Bumblebee Therapy, LLC",,Request an Appointment,"Bumblebee Therapy, LLC",,2025-04-16T14:17:50.842-04:00,2025-04-16T14:17:50.842-04:00,https://sites.webpt.com/112527/request-an-appointment
112626,Joint Potential Physical Therapy and Training Center LLC,,Request an Appointment,Joint Potential Physical Therapy and Training Center LLC,,2025-04-18T11:14:39.743-04:00,2025-04-18T11:14:39.743-04:00,https://sites.webpt.com/112626/request-an-appointment
112659,Flexwave physical therapy,,Request an Appointment,Flexwave physical therapy,,2025-04-18T16:59:21.737-04:00,2025-04-18T16:59:21.737-04:00,https://sites.webpt.com/112659/request-an-appointment
112692,Idaho Foot & Ankle Center,,Request an Appointment,Idaho Foot & Ankle Center,,2025-04-22T12:26:05.999-04:00,2025-04-22T12:26:05.999-04:00,https://sites.webpt.com/112692/request-an-appointment
112824,La Mesa Rehab,,Physical Therapy Appointment,La Mesa Rehab,,2025-04-24T09:50:44.470-04:00,2025-06-10T15:46:56.993-04:00,https://sites.webpt.com/112824/request-an-appointment
112857,Rise and Restore Physical Therapy,,Request an Appointment,Rise and Restore Physical Therapy,,2025-04-24T10:14:54.132-04:00,2025-04-24T10:14:54.132-04:00,https://sites.webpt.com/112857/request-an-appointment
112923,GET PT CARE,,Request an Appointment,GET PT CARE,,2026-01-02T20:43:36.607-05:00,2026-02-10T09:50:18.821-05:00,https://sites.webpt.com/112923/request-an-appointment
112956,"Desert Grace Physical Therapy, LLC",,Request an Appointment,"Desert Grace Physical Therapy, LLC",,2025-04-25T15:17:40.475-04:00,2025-04-25T15:17:40.475-04:00,https://sites.webpt.com/112956/request-an-appointment
112989,INTEGRAL PHYSICAL THERAPY,,Request an Appointment,INTEGRAL PHYSICAL THERAPY,,2025-04-25T15:56:01.957-04:00,2025-04-25T15:56:01.957-04:00,https://sites.webpt.com/112989/request-an-appointment
113055,"ActiMed, LLC",,Request an Appointment,"ActiMed, LLC",,2025-04-25T16:36:17.004-04:00,2025-04-25T16:36:17.004-04:00,https://sites.webpt.com/113055/request-an-appointment
113088,Comprehensive Therapy and Rehab,,Request an Appointment,Comprehensive Therapy and Rehab,,2025-04-28T14:29:56.131-04:00,2025-04-28T14:29:56.131-04:00,https://sites.webpt.com/113088/request-an-appointment
113121,Pure PT Physical Therapy,,Request an Appointment,Pure PT Physical Therapy,,2025-04-28T15:10:14.662-04:00,2025-04-28T15:10:14.662-04:00,https://sites.webpt.com/113121/request-an-appointment
113187,Springfield Mobile Physical Therapy,,Request an Appointment,Springfield Mobile Physical Therapy,,2025-04-29T09:32:41.263-04:00,2025-04-29T09:32:41.263-04:00,https://sites.webpt.com/113187/request-an-appointment
113220,MD Hyperbaric - Stamford,mdhyperbaric.com,Schedule an Appointment,MD Hyperbaric - Stamford,,2025-04-29T21:00:01.283-04:00,2025-04-29T21:35:21.098-04:00,https://sites.webpt.com/113220/request-an-appointment
113286,Peak Physical Therapy,,Request an Appointment,Peak Physical Therapy,,2025-04-30T13:02:05.879-04:00,2025-04-30T13:02:05.879-04:00,https://sites.webpt.com/113286/request-an-appointment
113319,Texas Speech and Feeding,,Request an Appointment,Texas Speech and Feeding,,2025-04-30T13:25:14.349-04:00,2025-04-30T13:25:14.349-04:00,https://sites.webpt.com/113319/request-an-appointment
113418,"Progressive Edge Physical Therapy, LLC",,Request an Appointment,"Progressive Edge Physical Therapy, LLC",,2025-04-30T14:45:03.364-04:00,2025-06-20T10:52:00.669-04:00,https://sites.webpt.com/113418/request-an-appointment
113451,Vibe Physical Therapy,,Request an Appointment,Vibe Physical Therapy,,2025-04-30T14:59:46.657-04:00,2025-04-30T14:59:46.657-04:00,https://sites.webpt.com/113451/request-an-appointment
113484,First Physical & Functional Rehab,,Request an Appointment,First Physical & Functional Rehab,,2025-04-30T15:36:58.404-04:00,2025-04-30T15:36:58.404-04:00,https://sites.webpt.com/113484/request-an-appointment
113583,Coast Physical Therapy,,Request an Appointment,Coast Physical Therapy,,2025-04-30T20:38:24.819-04:00,2025-04-30T20:44:07.284-04:00,https://sites.webpt.com/113583/request-an-appointment
113616,MPower Physical Therapy LLC,,Request an Appointment,MPower Physical Therapy LLC,,2025-04-30T21:28:29.198-04:00,2025-04-30T21:41:46.202-04:00,https://sites.webpt.com/113616/request-an-appointment
113649,"TBW Acupuncture & Herbs, Inc",,Request an Appointment,"TBW Acupuncture & Herbs, Inc",,2025-04-30T21:55:21.830-04:00,2025-04-30T22:08:13.481-04:00,https://sites.webpt.com/113649/request-an-appointment
113682,Island Rehabilitation Associates,,Request an Appointment,Island Rehabilitation Associates,,2025-04-30T22:45:40.309-04:00,2025-04-30T22:51:13.246-04:00,https://sites.webpt.com/113682/request-an-appointment
113781,MobilityPLUS Rehabilition,,Request an Appointment,MobilityPLUS Rehabilition,,2025-05-01T14:28:22.790-04:00,2025-05-01T14:28:22.790-04:00,https://sites.webpt.com/113781/request-an-appointment
113814,Kids Therapy Connection,,Request an Appointment,Kids Therapy Connection,,2025-05-01T16:15:26.547-04:00,2025-08-01T09:47:48.290-04:00,https://sites.webpt.com/113814/request-an-appointment
113946,Community Rehab and Performance,,Request an Appointment,Community Rehab and Performance,,2025-05-02T14:15:41.438-04:00,2025-05-02T14:15:41.438-04:00,https://sites.webpt.com/113946/request-an-appointment
113979,Penn Highlands Healthcare,,Request an Appointment,Penn Highlands Healthcare,,2025-05-02T17:13:37.704-04:00,2025-05-02T17:13:37.704-04:00,https://sites.webpt.com/113979/request-an-appointment
114012,Activate Physical Therapy,,Request an Appointment,Activate Physical Therapy,,2025-05-05T09:51:24.676-04:00,2025-05-05T09:51:24.676-04:00,https://sites.webpt.com/114012/request-an-appointment
114045,"DSC PHYSICAL THERAPY, INC",,Request an Appointment,"DSC PHYSICAL THERAPY, INC",,2025-05-05T18:46:13.868-04:00,2025-05-05T18:46:13.868-04:00,https://sites.webpt.com/114045/request-an-appointment
114210,Free Motion Physical Therapy of Brevard,,Request an Appointment,Free Motion Physical Therapy of Brevard,,2025-05-07T12:53:35.270-04:00,2025-05-07T12:53:35.270-04:00,https://sites.webpt.com/114210/request-an-appointment
114276,Pinnacle Physical Therapy,,Request an Appointment,Pinnacle Physical Therapy,,2025-05-07T14:50:29.851-04:00,2025-05-07T14:50:29.851-04:00,https://sites.webpt.com/114276/request-an-appointment
114342,Athlos Physical Therapy and Fitness,,Request an Appointment,Athlos Physical Therapy and Fitness,,2025-05-07T15:41:27.301-04:00,2025-05-07T15:41:27.301-04:00,https://sites.webpt.com/114342/request-an-appointment
114408,Southern New Hampshire Vertigo and Balance Center,,Request an Appointment,Southern New Hampshire Vertigo and Balance Center,,2025-05-09T14:15:06.197-04:00,2025-05-09T14:15:06.197-04:00,https://sites.webpt.com/114408/request-an-appointment
114441,Everest Rehabilitation Services,,Request an Appointment,Everest Rehabilitation Services,,2025-05-09T15:35:25.864-04:00,2025-05-09T15:35:25.864-04:00,https://sites.webpt.com/114441/request-an-appointment
114507,Breathing Centers of Acadiana,,Request an Appointment,Breathing Centers of Acadiana,,2025-05-12T16:12:23.507-04:00,2025-05-12T16:12:23.507-04:00,https://sites.webpt.com/114507/request-an-appointment
114672,"Bennington Physical Therapy, P.C",,Request an Appointment,"Bennington Physical Therapy, P.C.",,2025-05-15T14:19:31.406-04:00,2025-05-15T14:19:31.406-04:00,https://sites.webpt.com/114672/request-an-appointment
114705,"New Edge Orthopedics, LLC",,Request an Appointment,"New Edge Orthopedics, LLC",,2025-05-15T14:53:44.509-04:00,2025-05-15T14:53:44.509-04:00,https://sites.webpt.com/114705/request-an-appointment
114738,Velocity Physical Therapy and Wellness Clinic,,Request an Appointment,Velocity Physical Therapy and Wellness Clinic,,2025-05-15T15:24:36.842-04:00,2025-05-15T15:24:36.842-04:00,https://sites.webpt.com/114738/request-an-appointment
114804,Rebound Rehab Physical Therapy,,Request an Appointment,Rebound Rehab Physical Therapy,,2025-05-19T13:21:21.619-04:00,2025-05-19T13:21:21.619-04:00,https://sites.webpt.com/114804/request-an-appointment
114870,Integrative Physiotherapy,,Request a Pelvic Health Appointment,Integrative Physiotherapy,,2025-05-19T15:16:40.780-04:00,2026-08-05T15:36:24.504-04:00,https://sites.webpt.com/114870/request-an-appointment
114903,SAW MILL RIVER PHYSICAL THERAPY,,Request an Appointment,SAW MILL RIVER PHYSICAL THERAPY,,2025-05-19T15:58:05.833-04:00,2025-05-19T15:58:05.833-04:00,https://sites.webpt.com/114903/request-an-appointment
114936,aMAYZing Kids,,Request an Appointment,aMAYZing Kids,,2025-05-19T16:24:36.093-04:00,2025-05-19T16:24:36.093-04:00,https://sites.webpt.com/114936/request-an-appointment
114969,"Focus Physical Therapy, Inc",,Request an Appointment,"Focus Physical Therapy, Inc.",,2025-05-19T16:49:03.548-04:00,2025-05-19T16:49:03.548-04:00,https://sites.webpt.com/114969/request-an-appointment
115002,MID KANSAS WOUND SPECIALIST PA,,Request an Appointment,MID KANSAS WOUND SPECIALIST PA,,2025-05-19T17:07:27.303-04:00,2025-05-19T17:07:27.303-04:00,https://sites.webpt.com/115002/request-an-appointment
115068,Performance Curve Physical Therapy,,Request an Appointment,Performance Curve Physical Therapy,,2025-05-20T13:49:11.794-04:00,2025-05-20T13:49:11.794-04:00,https://sites.webpt.com/115068/request-an-appointment
115167,Vestavia Spine and Rehabilitation Center,,Request an Appointment,Vestavia Spine and Rehabilitation Center,,2025-05-22T14:44:05.434-04:00,2025-05-22T14:44:05.434-04:00,https://sites.webpt.com/115167/request-an-appointment
115300,Victory Therapy & Wellness,,Request an Appointment,Victory Therapy & Wellness,,2025-05-27T10:33:33.071-04:00,2025-05-27T10:33:33.071-04:00,https://sites.webpt.com/115300/request-an-appointment
115366,"ZAPATA PHYSICAL THERAPIST, PLLC",,Request an Appointment,"ZAPATA PHYSICAL THERAPIST, PLLC",,2025-05-28T11:21:34.923-04:00,2025-05-28T11:21:34.923-04:00,https://sites.webpt.com/115366/request-an-appointment
115465,Cornerstone Pelvic Health and Wellness,,Request an Appointment,Cornerstone Pelvic Health and Wellness,,2025-05-28T14:17:18.238-04:00,2025-05-28T14:17:18.238-04:00,https://sites.webpt.com/115465/request-an-appointment
115498,Align Physical Therapy Group,,Request an Appointment,Align Physical Therapy Group,,2025-05-28T14:51:19.060-04:00,2025-05-28T14:51:19.060-04:00,https://sites.webpt.com/115498/request-an-appointment
115531,Atlet Medical,,Request an Appointment,Atlet Medical,,2025-05-28T15:19:33.638-04:00,2025-05-28T15:19:33.638-04:00,https://sites.webpt.com/115531/request-an-appointment
115696,Creative Physical Therapy Care,,Request an Appointment,Creative Physical Therapy Care,,2025-06-02T08:51:24.598-04:00,2025-06-02T08:51:24.598-04:00,https://sites.webpt.com/115696/request-an-appointment
115729,KBT Pain Management & Recovery,,Request an Appointment,KBT Pain Management & Recovery,,2025-06-02T09:14:11.733-04:00,2025-08-26T10:44:29.127-04:00,https://sites.webpt.com/115729/request-an-appointment
115862,MCS Physical Therapy,,Request an Appointment,MCS Physical Therapy,,2025-06-02T16:13:01.881-04:00,2025-06-02T16:13:01.881-04:00,https://sites.webpt.com/115862/request-an-appointment
115895,Move Freely PT,,Request an Appointment,Move Freely PT,,2025-06-02T16:33:27.848-04:00,2025-06-02T16:33:27.848-04:00,https://sites.webpt.com/115895/request-an-appointment
115961,Keep Moving Forward,,Request an Appointment,Keep Moving Forward,,2025-06-03T09:08:03.218-04:00,2025-06-03T09:08:03.218-04:00,https://sites.webpt.com/115961/request-an-appointment
116093,Pediatric Therapy Center - TX,,Request an Appointment,Pediatric Therapy Center - TX,,2025-06-03T16:51:43.404-04:00,2025-06-03T16:51:43.404-04:00,https://sites.webpt.com/116093/request-an-appointment
116225,On The Spot Therapy Center,,Request an Appointment,On The Spot Therapy Center,,2025-06-04T12:34:31.302-04:00,2025-06-04T12:34:31.302-04:00,https://sites.webpt.com/116225/request-an-appointment
116258,Pipeline Physical Therapy,,Request an Appointment,Pipeline Physical Therapy,,2025-06-04T13:08:15.506-04:00,2025-06-04T13:08:15.506-04:00,https://sites.webpt.com/116258/request-an-appointment
116324,South Valley Speech and Language LLC,,Request an Appointment,South Valley Speech and Language LLC,,2025-06-05T10:29:16.974-04:00,2025-06-05T10:29:16.974-04:00,https://sites.webpt.com/116324/request-an-appointment
116325,Sport Summit Physical Therapy,,Request an Appointment,Sport Summit Physical Therapy,,2025-06-05T10:50:06.428-04:00,2025-06-05T10:50:06.428-04:00,https://sites.webpt.com/116325/request-an-appointment
116391,Berryhill Physical Therapy,,Request an Appointment,Berryhill Physical Therapy,,2025-06-06T15:41:56.459-04:00,2025-06-06T15:41:56.459-04:00,https://sites.webpt.com/116391/request-an-appointment
116655,True Body Physical Therapy,,Request an Appointment,True Body Physical Therapy,,2025-06-10T16:25:01.303-04:00,2025-06-10T16:25:01.303-04:00,https://sites.webpt.com/116655/request-an-appointment
116721,SOUTH TOLEDO PHYSICAL THERAPY,,Request an Appointment,SOUTH TOLEDO PHYSICAL THERAPY,,2025-06-11T13:41:50.101-04:00,2025-06-11T13:41:50.101-04:00,https://sites.webpt.com/116721/request-an-appointment
116754,Results Physical Therapy,,Request an Appointment,Results Physical Therapy,,2025-06-11T13:57:02.175-04:00,2025-06-11T13:57:02.175-04:00,https://sites.webpt.com/116754/request-an-appointment
116986,Jared Caspe Physical Therapy,,Request an Appointment,Jared Caspe Physical Therapy,,2025-06-13T15:19:12.541-04:00,2025-06-13T15:19:12.541-04:00,https://sites.webpt.com/116986/request-an-appointment
116987,Apple Tree Therapy,,Request an Appointment,Apple Tree Therapy,,2025-06-13T15:43:25.255-04:00,2025-06-13T15:43:25.255-04:00,https://sites.webpt.com/116987/request-an-appointment
117020,Buffer Trenouth Physical Therapy and Wellness,,Request an Appointment,Buffer Trenouth Physical Therapy and Wellness,,2025-06-13T16:00:19.547-04:00,2025-06-13T16:00:19.547-04:00,https://sites.webpt.com/117020/request-an-appointment
117053,Windsor Physical Therapy,,Request an Appointment,Windsor Physical Therapy,,2025-06-13T16:21:35.264-04:00,2025-06-13T16:21:35.264-04:00,https://sites.webpt.com/117053/request-an-appointment
117152,Lincoln Physical Therapy - CA,,Request an Appointment,Lincoln Physical Therapy - CA,,2025-08-11T13:56:58.866-04:00,2025-08-11T13:56:58.866-04:00,https://sites.webpt.com/117152/request-an-appointment
117218,RJN Physical Therapy,,Request an Appointment,RJN Physical Therapy,,2025-06-17T13:21:39.234-04:00,2025-06-17T13:21:39.234-04:00,https://sites.webpt.com/117218/request-an-appointment
117251,Anthem Physical Therapy,,Request an Appointment,Anthem Physical Therapy,,2025-06-17T13:44:37.008-04:00,2025-06-17T13:44:37.008-04:00,https://sites.webpt.com/117251/request-an-appointment
117350,Revival Physical Therapy,,Request an Appointment,Revival Physical Therapy,,2025-06-18T09:05:31.215-04:00,2025-06-18T09:05:31.215-04:00,https://sites.webpt.com/117350/request-an-appointment
117449,Sangiorgi Therapeutics LLC,,Request an Appointment,Sangiorgi Therapeutics LLC,,2025-06-18T16:22:18.954-04:00,2025-06-18T16:22:18.954-04:00,https://sites.webpt.com/117449/request-an-appointment
117482,"Bespoke Rehabilitation, LLC",,Request an Appointment,"Bespoke Rehabilitation, LLC",,2025-06-18T17:23:23.204-04:00,2025-06-18T17:23:23.204-04:00,https://sites.webpt.com/117482/request-an-appointment
117515,WebPT Reach Training Team,,Request an Appointment,WebPT Reach Training Team,,2025-06-19T17:04:49.452-04:00,2025-06-19T17:26:11.203-04:00,https://sites.webpt.com/117515/request-an-appointment
117614,Physius Physical Therapy and Wellness,,Request an Appointment,Physius Physical Therapy and Wellness,,2025-06-20T17:11:09.968-04:00,2025-09-29T12:32:21.520-04:00,https://sites.webpt.com/117614/request-an-appointment
117647,Mobility Physical Therapy and Wellness,,Request an Appointment,Mobility Physical Therapy and Wellness,,2025-06-20T17:31:12.211-04:00,2025-06-20T17:31:12.211-04:00,https://sites.webpt.com/117647/request-an-appointment
117648,MED CARE REHAB,,Request an Appointment,MED CARE REHAB,,2025-06-20T17:45:40.366-04:00,2025-06-20T17:45:40.366-04:00,https://sites.webpt.com/117648/request-an-appointment
117681,Cold Country Medical,,Request an Appointment,Cold Country Medical,,2025-06-20T18:04:07.458-04:00,2025-06-20T18:04:07.458-04:00,https://sites.webpt.com/117681/request-an-appointment
117714,"Women's Health & Orthopedics, LLC",,Request an Appointment,"Women's Health & Orthopedics, LLC",,2025-06-20T18:16:38.179-04:00,2025-06-20T18:16:38.179-04:00,https://sites.webpt.com/117714/request-an-appointment
117813,Eagle Rock Physical Therapy,,Request an Appointment,Eagle Rock Physical Therapy,,2025-06-23T09:56:11.735-04:00,2025-06-23T09:56:11.735-04:00,https://sites.webpt.com/117813/request-an-appointment
117846,Beyond Wellness - SW Therapy,,Request an Appointment,Beyond Wellness - SW Therapy,,2025-06-23T16:09:19.113-04:00,2025-06-23T16:09:19.113-04:00,https://sites.webpt.com/117846/request-an-appointment
118077,"Lake Placid Rehabilitation, Inc",,Request an Appointment,"Lake Placid Rehabilitation, Inc.",,2025-06-25T13:22:33.583-04:00,2025-06-25T13:22:33.583-04:00,https://sites.webpt.com/118077/request-an-appointment
118110,Evolution Physical Therapy and Wellness Center LLC,,Request an Appointment,Evolution Physical Therapy and Wellness Center LLC,,2025-06-25T16:51:38.378-04:00,2025-06-25T16:51:38.378-04:00,https://sites.webpt.com/118110/request-an-appointment
118275,"JNP Physical Therapy, P.A",,Request an Appointment,"JNP Physical Therapy, P.A.",,2025-06-26T21:12:33.861-04:00,2025-06-26T21:23:42.142-04:00,https://sites.webpt.com/118275/request-an-appointment
118474,"Donna P Johnson Physical Therapy , PC",,Request an Appointment,"Donna P Johnson Physical Therapy , PC",,2025-06-27T16:35:30.168-04:00,2025-06-27T16:35:30.168-04:00,https://sites.webpt.com/118474/request-an-appointment
118706,Restore Physical Therapy and Wellness,,Request an Appointment,Restore Physical Therapy and Wellness,,2025-06-30T16:51:31.133-04:00,2025-06-30T16:51:31.133-04:00,https://sites.webpt.com/118706/request-an-appointment
118739,Flicker Physical Therapy LLC,,Request an Appointment,Flicker Physical Therapy LLC,,2025-06-30T17:25:14.487-04:00,2025-06-30T17:25:14.487-04:00,https://sites.webpt.com/118739/request-an-appointment
118838,ActiveNW Physical Therapy & Wellness,,Request an Appointment,ActiveNW Physical Therapy & Wellness,,2025-07-01T14:21:04.480-04:00,2025-07-01T14:21:04.480-04:00,https://sites.webpt.com/118838/request-an-appointment
118871,Coal Creek Physical Therapy,,Request an Appointment,Coal Creek Physical Therapy,,2025-07-01T14:50:18.329-04:00,2025-07-01T14:50:18.329-04:00,https://sites.webpt.com/118871/request-an-appointment
118937,Amy Rogge & Associates,,Request an Appointment,Amy Rogge & Associates,,2025-07-02T09:57:12.068-04:00,2025-07-02T09:57:12.068-04:00,https://sites.webpt.com/118937/request-an-appointment
118970,CHART Rehabilitation of HI,,Request an Appointment,CHART Rehabilitation of HI,,2025-07-02T13:09:20.828-04:00,2025-07-02T13:09:20.828-04:00,https://sites.webpt.com/118970/request-an-appointment
119102,Quality Physical Therapy BioSynchronistics,,Request an Appointment,Quality Physical Therapy BioSynchronistics,,2025-07-03T14:56:45.953-04:00,2025-07-03T14:56:45.953-04:00,https://sites.webpt.com/119102/request-an-appointment
119135,Complete Hometown Physical Therapy,,Request an Appointment,Complete Hometown Physical Therapy,,2025-07-03T15:21:03.491-04:00,2025-07-03T15:21:03.491-04:00,https://sites.webpt.com/119135/request-an-appointment
119168,A Light Touch & Holistic Healing,,Request an Appointment,A Light Touch & Holistic Healing,,2025-07-03T15:58:03.958-04:00,2025-07-03T15:58:03.958-04:00,https://sites.webpt.com/119168/request-an-appointment
119234,The Therapy Place,,Request an Appointment,The Therapy Place,,2025-07-07T14:27:38.085-04:00,2025-07-07T14:27:38.085-04:00,https://sites.webpt.com/119234/request-an-appointment
119499,BCS Physical Therapy & Wellness,,Request an Appointment,BCS Physical Therapy & Wellness,,2025-07-22T12:04:25.954-04:00,2025-07-22T12:04:25.954-04:00,https://sites.webpt.com/119499/request-an-appointment
119532,YMCA Physical Therapy,,Request an Appointment,YMCA Physical Therapy,,2025-07-10T13:57:49.358-04:00,2025-07-10T13:57:49.358-04:00,https://sites.webpt.com/119532/request-an-appointment
119565,Shore Movement Physical Therapy,,Request an Appointment,Shore Movement Physical Therapy,,2025-07-11T14:56:16.936-04:00,2025-07-11T14:56:16.936-04:00,https://sites.webpt.com/119565/request-an-appointment
119598,get hand therapy,,Request an Appointment,"Cascade Hand & Orthopedic Rehab, Inc",,2025-07-11T15:36:25.059-04:00,2025-07-25T19:12:14.981-04:00,https://sites.webpt.com/119598/request-an-appointment
119631,Med-Plus Physical Therapy,,Request an Appointment,Med-Plus Physical Therapy,,2025-07-11T16:05:05.232-04:00,2025-07-11T16:05:05.232-04:00,https://sites.webpt.com/119631/request-an-appointment
119664,Kinematic Concepts,,Request an Appointment,Kinematic Concepts,,2025-07-11T16:24:05.746-04:00,2025-07-11T16:24:05.746-04:00,https://sites.webpt.com/119664/request-an-appointment
119697,Renew Myofascial Release,,Request an Appointment,Renew Myofascial Release,,2025-07-11T16:40:18.911-04:00,2025-07-11T16:40:18.911-04:00,https://sites.webpt.com/119697/request-an-appointment
119830,Kind Rehabilitation,,Request an Appointment,Kind Rehabilitation,,2025-07-14T17:43:11.686-04:00,2025-07-14T17:43:11.686-04:00,https://sites.webpt.com/119830/request-an-appointment
120066,The Human Movement Institute,,Request an Appointment,The Human Movement Institute,,2025-07-16T13:38:37.440-04:00,2025-07-16T13:38:37.440-04:00,https://sites.webpt.com/120066/request-an-appointment
120265,MD Hyperbaric - Manhasset,mdhyperbaric.com,Schedule an Appointment,MD Hyperbaric - Manhasset,,2025-07-21T15:07:24.115-04:00,2025-07-21T16:38:19.370-04:00,https://sites.webpt.com/120265/request-an-appointment
120497,Lakeside Physical Therapy,,Request an Appointment,Lakeside Physical Therapy,,2025-07-24T15:57:56.700-04:00,2025-07-24T15:57:56.700-04:00,https://sites.webpt.com/120497/request-an-appointment
120530,(INACTIVE/DNU) Lakeside Physical Therapy,,Request an Appointment,(INACTIVE/DNU) Lakeside Physical Therapy,,2025-07-24T16:12:13.387-04:00,2025-07-24T16:12:13.387-04:00,https://sites.webpt.com/120530/request-an-appointment
120531,Equinox Physical Therapy,,Request an Appointment,Equinox Physical Therapy,,2025-07-24T16:14:28.173-04:00,2025-07-24T16:14:28.173-04:00,https://sites.webpt.com/120531/request-an-appointment
120564,AirOn PT,,Request an Appointment,AirOn PT,,2025-07-25T15:33:24.829-04:00,2025-07-25T15:33:24.829-04:00,https://sites.webpt.com/120564/request-an-appointment
120597,Susan McKenna Occupational Therapy,,Request an Appointment,Susan McKenna Occupational Therapy,,2025-07-28T16:34:18.791-04:00,2025-07-28T16:34:18.791-04:00,https://sites.webpt.com/120597/request-an-appointment
120663,Crofton Physical Therapy,,Request an Appointment,Crofton Physical Therapy,,2025-07-29T16:54:27.442-04:00,2025-07-29T17:03:31.656-04:00,https://sites.webpt.com/120663/request-an-appointment
120729,1960 Physician Associates,,Request an Appointment,1960 Physician Associates,,2025-07-29T20:29:23.272-04:00,2025-07-29T20:46:07.856-04:00,https://sites.webpt.com/120729/request-an-appointment
120763,Alante Physical Therapy and Wellness,,Request an Appointment,Alante Physical Therapy and Wellness,,2025-07-29T22:13:12.813-04:00,2025-07-29T22:21:21.096-04:00,https://sites.webpt.com/120763/request-an-appointment
120796,Practical Therapy,,Request an Appointment,Practical Therapy,,2025-07-30T12:41:06.970-04:00,2025-07-30T12:41:06.970-04:00,https://sites.webpt.com/120796/request-an-appointment
120862,Cool Physical Therapy and Speech Services,,Request an Appointment,Cool Physical Therapy and Speech Services,,2025-07-30T20:30:12.048-04:00,2025-07-30T20:35:34.965-04:00,https://sites.webpt.com/120862/request-an-appointment
120895,J&P Spine Center,,Request an Appointment,J&P Spine Center,,2025-09-25T20:24:30.321-04:00,2025-09-25T20:24:30.321-04:00,https://sites.webpt.com/120895/request-an-appointment
120962,"Dr. Peggy Marbach Vestibular Rehab Specialist, LLC",,Request an Appointment,"Dr. Peggy Marbach Vestibular Rehab Specialist, LLC",,2025-07-30T21:44:32.058-04:00,2025-07-30T21:49:11.418-04:00,https://sites.webpt.com/120962/request-an-appointment
121061,Physical Solutions Inc,,Request an Appointment,Physical Solutions Inc.,,2025-08-01T16:36:48.192-04:00,2025-08-01T16:36:48.192-04:00,https://sites.webpt.com/121061/request-an-appointment
121127,"Elite Therapy Services, LLC",,Request an Appointment,"Elite Therapy Services, LLC",,2025-08-04T14:12:46.454-04:00,2025-08-04T14:12:46.454-04:00,https://sites.webpt.com/121127/request-an-appointment
121160,Swanson McArthur Physical Therapy,,Request an Appointment,Swanson McArthur Physical Therapy,,2025-08-04T19:48:44.544-04:00,2025-08-04T19:54:29.622-04:00,https://sites.webpt.com/121160/request-an-appointment
121193,SMaRT Physical Therapy,,Request an Appointment,SMaRT Physical Therapy,,2025-12-24T22:48:18.659-05:00,2025-12-25T02:09:19.893-05:00,https://sites.webpt.com/121193/request-an-appointment
121226,CVMS-Physical Therapy,,Request an Appointment,CVMS-Physical Therapy,,2025-08-05T17:18:08.366-04:00,2025-08-05T17:18:08.366-04:00,https://sites.webpt.com/121226/request-an-appointment
121292,BioIDMetrics Integrative Medicine Institute,,Request an Appointment,BioIDMetrics Integrative Medicine Institute,,2025-08-07T14:27:23.330-04:00,2025-08-07T14:27:23.330-04:00,https://sites.webpt.com/121292/request-an-appointment
121325,Resurgens Orthopaedic,,Request an Appointment,Resurgens Orthopaedic,,2025-08-07T17:52:02.133-04:00,2025-08-07T17:52:02.133-04:00,https://sites.webpt.com/121325/request-an-appointment
121358,The Training Room,,Request an Appointment,The Training Room,,2025-08-08T11:28:24.755-04:00,2025-08-08T11:28:24.755-04:00,https://sites.webpt.com/121358/request-an-appointment
121424,Baby's Bloom Rehab 1 PT PC,,Request an Appointment,Baby's Bloom Rehab 1 PT PC,,2025-08-11T15:58:22.207-04:00,2025-08-11T15:58:22.207-04:00,https://sites.webpt.com/121424/request-an-appointment
121457,Lakeland Regional Health,,Request an Appointment,Lakeland Regional Health,,2025-08-13T09:21:44.716-04:00,2025-08-13T09:21:44.716-04:00,https://sites.webpt.com/121457/request-an-appointment
121490,Me & U Abilities Academy,,Request an Appointment,Me & U Abilities Academy,,2025-08-13T09:56:07.433-04:00,2025-08-13T09:56:07.433-04:00,https://sites.webpt.com/121490/request-an-appointment
121523,KINEZIX PTC,,Request an Appointment,KINEZIX PTC,,2025-08-13T15:43:52.886-04:00,2025-08-13T15:43:52.886-04:00,https://sites.webpt.com/121523/request-an-appointment
121556,Inertia Occupational and Therapy Services,,Request an Appointment,Inertia Occupational and Therapy Services,,2025-08-13T16:10:41.780-04:00,2025-08-13T16:10:41.780-04:00,https://sites.webpt.com/121556/request-an-appointment
121622,Stepping Stones Therapy,,Request an Appointment,Stepping Stones Therapy,,2025-08-14T15:51:37.856-04:00,2025-08-14T15:51:37.856-04:00,https://sites.webpt.com/121622/request-an-appointment
121655,The Honest Approach Physical Therapy,,Request an Appointment,The Honest Approach Physical Therapy,,2025-10-08T15:02:23.987-04:00,2025-10-08T15:02:23.987-04:00,https://sites.webpt.com/121655/request-an-appointment
121688,Synergy Rehab OT,,Request an Appointment,Synergy Rehab OT,,2025-08-15T17:08:02.600-04:00,2025-08-15T17:08:02.600-04:00,https://sites.webpt.com/121688/request-an-appointment
121689,Home PT,,Request an Appointment,Home PT,,2025-08-15T17:20:58.731-04:00,2025-08-15T17:20:58.731-04:00,https://sites.webpt.com/121689/request-an-appointment
121756,Health in Motion Physical Therapy and Wellness,,Request an Appointment,Health in Motion Physical Therapy and Wellness,,2025-08-18T14:22:55.699-04:00,2025-08-18T14:22:55.699-04:00,https://sites.webpt.com/121756/request-an-appointment
121789,New Paradigm Physical Therapy,,Request an Appointment,New Paradigm Physical Therapy,,2026-03-10T09:49:04.584-04:00,2026-03-10T09:49:04.584-04:00,https://sites.webpt.com/121789/request-an-appointment
121855,"Speech Therapy of the Rocky Mountains, LLC",,Request an Appointment,"Speech Therapy of the Rocky Mountains, LLC",,2025-08-20T16:54:43.933-04:00,2025-08-20T16:54:43.933-04:00,https://sites.webpt.com/121855/request-an-appointment
121988,Southern West Virginia Physical Therapy,,Request an Appointment,Southern West Virginia Physical Therapy,,2025-08-21T15:49:03.834-04:00,2025-08-21T15:49:03.834-04:00,https://sites.webpt.com/121988/request-an-appointment
122054,Tri-Physical Therapy,,Request an Appointment,Tri-Physical Therapy,,2025-08-25T15:40:14.198-04:00,2025-08-25T15:40:14.198-04:00,https://sites.webpt.com/122054/request-an-appointment
122087,Jem's Physical Therapy and Wellness,,Request an Appointment,Jem's Physical Therapy and Wellness,,2025-08-26T15:27:43.921-04:00,2025-08-26T15:27:43.921-04:00,https://sites.webpt.com/122087/request-an-appointment
122120,"Peak Performance Orthopedic & Sports Physical Therapy, P.C",,Request an Appointment,"Peak Performance Orthopedic & Sports Physical Therapy, P.C.",,2026-01-29T15:44:54.212-05:00,2026-01-29T15:53:37.148-05:00,https://sites.webpt.com/122120/request-an-appointment
122153,"Milk & Honey, Specialized Breastfeeding and Postpartum Support Center",,Request an Appointment,"Milk & Honey, Specialized Breastfeeding and Postpartum Support Center",,2025-08-26T16:43:45.317-04:00,2025-08-26T16:43:45.317-04:00,https://sites.webpt.com/122153/request-an-appointment
122186,Train4Tomorrow Physical Therapy,,Request an Appointment,Train4Tomorrow Physical Therapy,,2025-08-28T11:20:22.700-04:00,2025-09-29T12:11:28.080-04:00,https://sites.webpt.com/122186/request-an-appointment
122219,MD Hyperbaric - Charlotte,mdhyperbaric.com,Schedule an Appointment,MD Hyperbaric - Charlotte,,2025-08-28T13:44:07.456-04:00,2025-08-28T17:43:12.376-04:00,https://sites.webpt.com/122219/request-an-appointment
122252,Nurtured Pediatrics,,Request an Appointment,Nurtured Pediatrics,,2025-08-28T15:26:17.770-04:00,2025-08-28T15:26:17.770-04:00,https://sites.webpt.com/122252/request-an-appointment
122285,Georgia Sports Physical Therapy,,Request an Appointment,Georgia Sports Physical Therapy,,2025-08-28T15:40:29.971-04:00,2025-08-28T15:40:29.971-04:00,https://sites.webpt.com/122285/request-an-appointment
122318,Comfort Care Physical Therapy( Brook),,Request an Appointment,Comfort Care Physical Therapy( Brook),,2025-08-28T16:03:27.712-04:00,2025-08-28T16:03:27.712-04:00,https://sites.webpt.com/122318/request-an-appointment
122351,"In Your Home Physical Therapy, LLC",,Request an Appointment,"In Your Home Physical Therapy, LLC",,2025-08-29T13:50:56.214-04:00,2025-08-29T13:50:56.214-04:00,https://sites.webpt.com/122351/request-an-appointment
122384,The Space PT LLC,,Request an Appointment,The Space PT LLC,,2025-08-29T16:35:52.559-04:00,2025-08-29T16:35:52.559-04:00,https://sites.webpt.com/122384/request-an-appointment
122417,House of Physical Therapy,,Request an Appointment,House of Physical Therapy,,2025-09-02T12:15:48.328-04:00,2025-09-02T12:15:48.328-04:00,https://sites.webpt.com/122417/request-an-appointment
122516,Keiki Therapy,,Request an Appointment,Keiki Therapy,,2025-09-02T16:42:45.675-04:00,2025-09-02T16:42:45.675-04:00,https://sites.webpt.com/122516/request-an-appointment
122549,Vcare Rehab,,Request an Appointment,Vcare Rehab,,2025-09-02T17:14:03.640-04:00,2025-09-02T17:14:03.640-04:00,https://sites.webpt.com/122549/request-an-appointment
122582,A2Z Therapies,,Request an Appointment,A2Z Therapies,,2025-09-03T15:12:26.862-04:00,2025-09-03T15:12:26.862-04:00,https://sites.webpt.com/122582/request-an-appointment
122615,Thrive Rehab,,Request an Appointment,Thrive Rehab,,2025-09-03T15:32:36.428-04:00,2025-09-03T15:32:36.428-04:00,https://sites.webpt.com/122615/request-an-appointment
122648,MM Therapy,,Request an Appointment,MM Therapy,,2025-09-03T17:01:22.834-04:00,2025-09-03T17:01:22.834-04:00,https://sites.webpt.com/122648/request-an-appointment
122714,North Beach Physical Therapy & Wellness Center,,Request an Appointment,North Beach Physical Therapy & Wellness Center,,2026-08-19T10:28:13.672-04:00,2026-08-19T10:28:13.672-04:00,https://sites.webpt.com/122714/request-an-appointment
122780,Ball Physical Therapy & Performance,,Request an Appointment,Ball Physical Therapy & Performance,,2025-09-08T15:48:11.421-04:00,2025-10-14T16:20:51.345-04:00,https://sites.webpt.com/122780/request-an-appointment
122813,Tender Loving Care Physical Therapy,,Request an Appointment,Tender Loving Care Physical Therapy,,2025-09-08T16:56:52.206-04:00,2025-09-08T16:56:52.206-04:00,https://sites.webpt.com/122813/request-an-appointment
122912,Kinetix Physical Therapy,,Request an Appointment,Kinetix Physical Therapy,,2025-09-09T14:56:15.070-04:00,2026-01-07T18:23:09.802-05:00,https://sites.webpt.com/122912/request-an-appointment
122979,The Tatted Physio,,Request an Appointment,The Tatted Physio,,2025-09-11T16:11:57.582-04:00,2025-09-11T16:11:57.582-04:00,https://sites.webpt.com/122979/request-an-appointment
123045,Northwest Medical Group PLLC,,Request an Appointment,Northwest Medical Group PLLC,,2025-09-12T16:59:17.255-04:00,2025-09-12T16:59:17.255-04:00,https://sites.webpt.com/123045/request-an-appointment
123078,MVP Therapy,,Request an Appointment,MVP Therapy,,2025-09-15T10:02:49.193-04:00,2025-09-15T10:02:49.193-04:00,https://sites.webpt.com/123078/request-an-appointment
123244,Sports & Wellness Physical Therapy,,Request an Appointment,Sports & Wellness Physical Therapy,,2025-09-17T13:53:18.678-04:00,2025-09-17T13:53:18.678-04:00,https://sites.webpt.com/123244/request-an-appointment
123344,Granite Town Physical Therapy,,Request an Appointment,Granite Town Physical Therapy,,2025-09-18T16:49:07.704-04:00,2025-09-18T16:49:07.704-04:00,https://sites.webpt.com/123344/request-an-appointment
123377,Core Physical Therapy NYC,,Request an Appointment,Core Physical Therapy NYC,,2025-09-19T15:38:43.216-04:00,2025-09-19T15:38:43.216-04:00,https://sites.webpt.com/123377/request-an-appointment
123444,NexStep Physical Therapy,,Request an Appointment,NexStep Physical Therapy,,2025-09-22T16:44:43.150-04:00,2025-09-22T16:44:43.150-04:00,https://sites.webpt.com/123444/request-an-appointment
123510,Loudoun Hand Therapy,,Request an Appointment,Loudoun Hand Therapy,,2025-09-23T15:58:06.046-04:00,2025-09-23T15:58:06.046-04:00,https://sites.webpt.com/123510/request-an-appointment
123543,Sunshine Therapy,,Request an Appointment,Sunshine Therapy,,2025-09-24T10:32:32.815-04:00,2025-09-24T10:32:32.815-04:00,https://sites.webpt.com/123543/request-an-appointment
123609,MD Hyperbaric - Farmington,mdhyperbaric.com,Schedule an Appointment,MD Hyperbaric - Farmington,,2025-09-29T19:59:03.210-04:00,2025-09-29T21:06:38.129-04:00,https://sites.webpt.com/123609/request-an-appointment
123708,EMPOWER PT LLC,,Request an Appointment,EMPOWER PT LLC,,2025-09-30T13:58:21.285-04:00,2025-09-30T13:58:21.285-04:00,https://sites.webpt.com/123708/request-an-appointment
123807,SONIA DESILVA THERAPY,,Request an Appointment,SONIA DESILVA THERAPY,,2025-09-30T15:17:00.133-04:00,2025-09-30T15:17:00.133-04:00,https://sites.webpt.com/123807/request-an-appointment
123840,TEST/TRAINING CLINIC MD Hyperbaric,mdhyperbaric.com,Schedule an Appointment,TEST/TRAINING CLINIC MD Hyperbaric,,2025-09-30T20:32:28.356-04:00,2025-09-30T22:14:25.182-04:00,https://sites.webpt.com/123840/request-an-appointment
123906,Progressive Medical Fitness,,Request an Appointment,Progressive Medical Fitness,,2025-10-01T13:04:03.673-04:00,2025-10-01T13:04:03.673-04:00,https://sites.webpt.com/123906/request-an-appointment
124005,RM Physical Therapy,,Request an Appointment,RM Physical Therapy,,2025-10-03T11:41:24.508-04:00,2025-10-03T11:41:24.508-04:00,https://sites.webpt.com/124005/request-an-appointment
124170,FLOW Home Care Physical Therapy LLC,,Request an Appointment,FLOW Home Care Physical Therapy LLC,,2026-08-07T14:15:27.757-04:00,2026-08-07T14:15:27.757-04:00,https://sites.webpt.com/124170/request-an-appointment
124302,Pocket Physio,,Request an Appointment,Pocket Physio,,2025-10-07T16:12:31.336-04:00,2025-10-07T16:12:31.336-04:00,https://sites.webpt.com/124302/request-an-appointment
124368,"Jeffrey P. Goldstein, OTR, PT, PLLC",,Request an Appointment,"Jeffrey P. Goldstein, OTR, PT, PLLC",,2026-02-10T12:23:55.503-05:00,2026-02-10T12:23:55.503-05:00,https://sites.webpt.com/124368/request-an-appointment
124434,Weiss Physical Therapy,,Request an Appointment,Weiss Physical Therapy,,2025-10-09T15:14:00.851-04:00,2025-10-09T15:14:00.851-04:00,https://sites.webpt.com/124434/request-an-appointment
124600,Bay Minette Physical Therapy,,Request an Appointment,Bay Minette Physical Therapy,,2025-10-14T17:42:15.192-04:00,2025-10-14T17:42:15.192-04:00,https://sites.webpt.com/124600/request-an-appointment
124666,MD Hyperbaric - Memorial,mdhyperbaric.com,Schedule an Appointment,MD Hyperbaric - Memorial,,2025-10-14T22:54:29.061-04:00,2025-10-14T23:58:10.748-04:00,https://sites.webpt.com/124666/request-an-appointment
124699,MD Hyperbaric - Woodlands,mdhyperbaric.com,Schedule an Appointment,MD Hyperbaric - Woodlands,,2025-10-15T00:03:00.339-04:00,2025-10-15T00:19:29.469-04:00,https://sites.webpt.com/124699/request-an-appointment
124765,Aging In Place Specialists,,Request an Appointment,Aging In Place Specialists,,2025-10-16T08:48:22.611-04:00,2026-01-20T16:52:33.425-05:00,https://sites.webpt.com/124765/request-an-appointment
124798,Brian Horak PT LLC DBA Cascade Performance PT,,Request an Appointment,Brian Horak PT LLC DBA Cascade Performance PT,,2025-10-16T09:19:00.138-04:00,2025-10-16T09:19:00.138-04:00,https://sites.webpt.com/124798/request-an-appointment
124831,Back in Action Physical Therapy,,Request an Appointment,Back in Action Physical Therapy,,2025-10-17T22:33:06.101-04:00,2025-10-17T22:41:52.059-04:00,https://sites.webpt.com/124831/request-an-appointment
124898,Dynapeak Fitness and Physical Therapy,,Request an Appointment,Dynapeak Fitness and Physical Therapy,,2025-10-20T08:34:40.508-04:00,2025-10-20T08:34:40.508-04:00,https://sites.webpt.com/124898/request-an-appointment
124964,Hope Physical Rehabilitation Inc,,Request an Appointment,Hope Physical Rehabilitation Inc,,2025-10-21T16:56:06.132-04:00,2025-10-21T16:56:06.132-04:00,https://sites.webpt.com/124964/request-an-appointment
125063,Aspire Rehab Inc,,Request an Appointment,Aspire Rehab Inc,,2025-10-22T12:00:40.466-04:00,2025-10-22T12:00:40.466-04:00,https://sites.webpt.com/125063/request-an-appointment
125162,Specialized Physical Therapy Solutions Inc,,Request an Appointment,Specialized Physical Therapy Solutions Inc,,2025-10-23T13:43:05.641-04:00,2025-10-23T13:43:05.641-04:00,https://sites.webpt.com/125162/request-an-appointment
125195,"CHC Physical Therapy, LLC",,Request an Appointment,"CHC Physical Therapy, LLC",,2025-10-24T10:22:27.037-04:00,2025-10-24T10:22:27.037-04:00,https://sites.webpt.com/125195/request-an-appointment
125360,NeuroPraxis,,Request an Appointment,NeuroPraxis,,2025-10-28T09:22:58.454-04:00,2025-10-28T09:22:58.454-04:00,https://sites.webpt.com/125360/request-an-appointment
125426,Axis Physical Therapy Fort Worth,,Request an Appointment,Axis Physical Therapy Fort Worth,,2025-10-28T18:21:33.765-04:00,2025-10-28T18:25:20.699-04:00,https://sites.webpt.com/125426/request-an-appointment
125459,Good Morning Physical Therapy and Rehab,,Request an Appointment,Good Morning Physical Therapy and Rehab,,2025-10-29T10:54:41.698-04:00,2025-12-11T11:40:10.907-05:00,https://sites.webpt.com/125459/request-an-appointment
125492,Milestone Physical Therapy,,Request an Appointment,Milestone Physical Therapy,,2025-10-29T11:39:28.007-04:00,2025-10-29T11:39:28.007-04:00,https://sites.webpt.com/125492/request-an-appointment
125558,Functionally Fit,,Request an Appointment,Functionally Fit,,2025-10-30T09:28:09.507-04:00,2025-10-30T09:28:09.507-04:00,https://sites.webpt.com/125558/request-an-appointment
125591,Flexpoint Physical Therapy Inc,,Request an Appointment,Flexpoint Physical Therapy Inc.,,2025-10-31T09:30:19.423-04:00,2025-10-31T09:30:19.423-04:00,https://sites.webpt.com/125591/request-an-appointment
125657,Y. Taubenfeld Physical Therapy PLLC,,Request an Appointment,Y. Taubenfeld Physical Therapy PLLC,,2025-10-31T14:06:21.850-04:00,2025-10-31T14:16:02.812-04:00,https://sites.webpt.com/125657/request-an-appointment
125756,Life Strength Physical Therapy,,Request an Appointment,Life Strength Physical Therapy,,2025-10-31T18:35:23.587-04:00,2025-10-31T18:44:36.905-04:00,https://sites.webpt.com/125756/request-an-appointment
125789,"Golden Physical Therapy, PLLC",,Request an Appointment,"Golden Physical Therapy, PLLC",,2025-11-03T10:19:25.444-05:00,2025-11-03T10:19:25.444-05:00,https://sites.webpt.com/125789/request-an-appointment
125822,Symmetry PT,,Request an Appointment,Symmetry PT,,2025-11-03T10:35:27.372-05:00,2025-11-03T10:35:27.372-05:00,https://sites.webpt.com/125822/request-an-appointment
125921,Recover Physical Therapy,,Request an Appointment,Recover Physical Therapy,,2025-11-04T09:00:57.552-05:00,2025-11-04T09:00:57.552-05:00,https://sites.webpt.com/125921/request-an-appointment
126053,SMS Physical Therapy,,Request an Appointment,SMS Physical Therapy,,2025-11-04T11:06:18.961-05:00,2025-11-04T11:06:18.961-05:00,https://sites.webpt.com/126053/request-an-appointment
126086,Livingston HealthCare,,Request an Appointment,Livingston HealthCare,,2025-11-04T11:23:24.602-05:00,2025-11-04T11:23:24.602-05:00,https://sites.webpt.com/126086/request-an-appointment
126119,Moira Nascimento LAc,,Request an Appointment,Moira Nascimento LAc,,2025-11-05T10:54:28.416-05:00,2025-11-05T10:54:28.416-05:00,https://sites.webpt.com/126119/request-an-appointment
126152,Active Life Physical Therapy West,,Request an Appointment,Active Life Physical Therapy West,,2025-11-06T20:13:59.084-05:00,2025-11-06T20:26:48.541-05:00,https://sites.webpt.com/126152/request-an-appointment
126350,Apollo Rehab,,Request an Appointment,Apollo Rehab,,2025-11-12T11:10:25.877-05:00,2025-11-12T11:10:25.877-05:00,https://sites.webpt.com/126350/request-an-appointment
126383,Trinity Wellness Center,,Request an Appointment,Trinity Wellness Center,,2025-11-12T12:34:00.201-05:00,2025-11-12T12:34:00.201-05:00,https://sites.webpt.com/126383/request-an-appointment
126515,Advanced Orthopedic Solutions PC,,Request an Appointment,Advanced Orthopedic Solutions PC,,2025-11-13T13:56:57.840-05:00,2025-11-13T13:56:57.840-05:00,https://sites.webpt.com/126515/request-an-appointment
126581,"Goodman Performance Therapy, LLC",,Request an Appointment,"Goodman Performance Therapy, LLC",,2025-11-14T12:41:06.176-05:00,2025-11-14T12:49:24.569-05:00,https://sites.webpt.com/126581/request-an-appointment
126614,Home Stretch Physical Therapy,,Request an Appointment,Home Stretch Physical Therapy,,2025-11-14T13:59:18.803-05:00,2025-11-14T14:03:18.360-05:00,https://sites.webpt.com/126614/request-an-appointment
126713,Town Center Orthopaedic Associates,,Request an Appointment,Town Center Orthopaedic Associates,,2025-11-19T18:38:19.629-05:00,2025-11-19T18:52:07.629-05:00,https://sites.webpt.com/126713/request-an-appointment
126746,Toro Physical Therapy and Performance Training,,Request an Appointment,Toro Physical Therapy and Performance Training,,2025-11-20T10:43:23.872-05:00,2025-11-20T10:43:23.872-05:00,https://sites.webpt.com/126746/request-an-appointment
126779,Whole Health Therapy Group,,Request an Appointment,Whole Health Therapy Group,,2025-11-20T12:51:47.012-05:00,2025-11-20T12:51:47.012-05:00,https://sites.webpt.com/126779/request-an-appointment
126812,Elevate Physical and Occupational Therapy,,Request an Appointment,Elevate Physical and Occupational Therapy,,2025-11-20T15:46:59.704-05:00,2025-11-20T15:46:59.704-05:00,https://sites.webpt.com/126812/request-an-appointment
127043,Shoreline Physical Therapy,,Request an Appointment,Shoreline Physical Therapy,,2025-11-26T16:19:13.493-05:00,2025-11-26T16:19:13.493-05:00,https://sites.webpt.com/127043/request-an-appointment
127076,"BeyondFaith Health & Wellness of Bedford, TX",,Request an Appointment,"BeyondFaith Health & Wellness of Bedford, TX",,2025-11-28T10:16:37.104-05:00,2025-11-28T10:16:37.104-05:00,https://sites.webpt.com/127076/request-an-appointment
127208,Staunton Chiropractic Clinic,,Request an Appointment,Staunton Chiropractic Clinic,,2025-12-02T15:03:29.377-05:00,2025-12-02T15:03:29.377-05:00,https://sites.webpt.com/127208/request-an-appointment
127274,Restora Physical Therapy Inc,,Request an Appointment,Restora Physical Therapy Inc,,2025-12-03T09:37:47.649-05:00,2025-12-03T09:37:47.649-05:00,https://sites.webpt.com/127274/request-an-appointment
127275,FOI Physical Therapy,,Request an Appointment,FOI Physical Therapy,,2025-12-03T09:54:46.796-05:00,2025-12-03T09:54:46.796-05:00,https://sites.webpt.com/127275/request-an-appointment
127308,Slate Valley Physical Therapy,,Request an Appointment,Slate Valley Physical Therapy,,2025-12-03T10:12:21.106-05:00,2025-12-03T10:12:21.106-05:00,https://sites.webpt.com/127308/request-an-appointment
127374,AB Care Physical Therapy Clinic,,Request an Appointment,AB Care Physical Therapy Clinic,,2025-12-04T10:31:11.056-05:00,2025-12-04T10:31:11.056-05:00,https://sites.webpt.com/127374/request-an-appointment
127407,PHS - Tulsa Midtown,,Request an Appointment,PHS - Tulsa Midtown,,2025-12-04T13:28:58.017-05:00,2025-12-04T13:28:58.017-05:00,https://sites.webpt.com/127407/request-an-appointment
127506,BH Osteopractic Physiotherapy,,Request an Appointment,BH Osteopractic Physiotherapy,,2025-12-18T13:58:43.822-05:00,2025-12-18T13:58:43.822-05:00,https://sites.webpt.com/127506/request-an-appointment
127539,Innervation Physical Therapy LLC,,Request an Appointment,Innervation Physical Therapy LLC,,2025-12-05T12:51:28.828-05:00,2025-12-05T12:51:28.828-05:00,https://sites.webpt.com/127539/request-an-appointment
127605,Battle Mountain General Hospital Physical Therapy (BMGH PT),,Request an Appointment,Battle Mountain General Hospital Physical Therapy (BMGH PT),,2025-12-05T16:30:23.742-05:00,2025-12-05T16:30:23.742-05:00,https://sites.webpt.com/127605/request-an-appointment
127803,Klickitat Valley Health Wellness & Therapy Center,,Request an Appointment,Klickitat Valley Health Wellness & Therapy Center,,2025-12-11T14:34:02.602-05:00,2025-12-11T14:34:02.602-05:00,https://sites.webpt.com/127803/request-an-appointment
127902,Davis Physical Therapy,,Request an Appointment,Davis Physical Therapy,,2025-12-12T11:20:13.654-05:00,2025-12-12T11:20:13.654-05:00,https://sites.webpt.com/127902/request-an-appointment
128001,RE Physical Therapy and Wellness,,Request an Appointment,RE Physical Therapy and Wellness,,2025-12-12T14:08:13.817-05:00,2025-12-12T14:08:13.817-05:00,https://sites.webpt.com/128001/request-an-appointment
128135,Choose Movewell Physical Therapy & Performance,,Request an Appointment,Movewell Physical Therapy & Performance,,2025-12-16T14:43:31.395-05:00,2026-01-19T17:33:55.813-05:00,https://sites.webpt.com/128135/request-an-appointment
128168,JACOBO PHYSICAL THERAPY INC,,Request an Appointment,JACOBO PHYSICAL THERAPY INC,,2025-12-17T11:17:13.991-05:00,2025-12-17T11:17:13.991-05:00,https://sites.webpt.com/128168/request-an-appointment
128201,Coquille Valley Health,,Request an Appointment,Coquille Valley Health,,2025-12-17T11:54:27.172-05:00,2025-12-17T11:54:27.172-05:00,https://sites.webpt.com/128201/request-an-appointment
128234,Rise Above PT PC,,Request an Appointment,Rise Above PT PC,,2025-12-17T13:20:40.214-05:00,2025-12-17T13:20:40.214-05:00,https://sites.webpt.com/128234/request-an-appointment
128333,Harmony Physical Therapy,,Request an Appointment,Harmony Physical Therapy,,2025-12-18T11:14:39.593-05:00,2025-12-18T11:14:39.593-05:00,https://sites.webpt.com/128333/request-an-appointment
128465,MD Hyperbaric - Wauwatosa,mdhyperbaric.com,Request an Appointment,MD Hyperbaric - Wauwatosa,,2025-12-18T19:32:28.141-05:00,2025-12-18T21:12:16.482-05:00,https://sites.webpt.com/128465/request-an-appointment
128630,Chance Physical Therapy and Fitness,,Request an Appointment,Chance Physical Therapy and Fitness,,2025-12-23T14:57:48.326-05:00,2025-12-23T14:57:48.326-05:00,https://sites.webpt.com/128630/request-an-appointment
128663,HomeBase Rehabilitation,,Request an Appointment,HomeBase Rehabilitation,,2025-12-23T15:15:55.849-05:00,2025-12-23T15:15:55.849-05:00,https://sites.webpt.com/128663/request-an-appointment
128696,"Cuatitas Physical & Sports Therapy, LLC",,Request an Appointment,"Cuatitas Physical & Sports Therapy, LLC",,2025-12-24T10:05:02.250-05:00,2025-12-24T10:05:02.250-05:00,https://sites.webpt.com/128696/request-an-appointment
128729,Horizon Physical Therapy PC,,Request an Appointment,Horizon Physical Therapy PC,,2025-12-24T10:29:53.735-05:00,2025-12-24T10:29:53.735-05:00,https://sites.webpt.com/128729/request-an-appointment
128762,Dana Point Physical Therapy and Rehabilitation,,Request an Appointment,Dana Point Physical Therapy and Rehabilitation,,2025-12-24T12:33:30.091-05:00,2025-12-24T12:33:30.091-05:00,https://sites.webpt.com/128762/request-an-appointment
128861,Mooneyham Physical Therapy,,Request an Appointment,Mooneyham Physical Therapy,,2025-12-26T14:54:57.564-05:00,2025-12-26T14:54:57.564-05:00,https://sites.webpt.com/128861/request-an-appointment
128927,MD Hyperbaric - Staten Island,mdhyperbaric.com,Schedule an Appointment,MD Hyperbaric - Staten Island,,2025-12-26T18:05:32.479-05:00,2025-12-26T18:41:44.299-05:00,https://sites.webpt.com/128927/request-an-appointment
129092,ProFormance Physical Therapy,,Request an Appointment,ProFormance Physical Therapy,,2025-12-31T13:29:35.239-05:00,2025-12-31T13:29:35.239-05:00,https://sites.webpt.com/129092/request-an-appointment
129158,Orthopedic Performance Therapy,,Request an Appointment,Orthopedic Performance Therapy,,2026-01-02T11:26:04.195-05:00,2026-01-02T12:28:13.760-05:00,https://sites.webpt.com/129158/request-an-appointment
129323,Jacob Elite Physical Therapy,,Request an Appointment,Jacob Elite Physical Therapy,,2026-01-09T11:10:02.812-05:00,2026-01-09T11:10:02.812-05:00,https://sites.webpt.com/129323/request-an-appointment
129389,Sports Performance and Therapy,,Request an Appointment,Sports Performance and Therapy,,2026-01-12T15:29:25.472-05:00,2026-01-12T15:29:25.472-05:00,https://sites.webpt.com/129389/request-an-appointment
129422,Peak Therapy Center,,Request an Appointment,Peak Therapy Center,,2026-01-12T15:41:47.823-05:00,2026-01-12T15:41:47.823-05:00,https://sites.webpt.com/129422/request-an-appointment
129488,One Strong Woman Therapy,,Request an Appointment,One Strong Woman Therapy,,2026-01-13T08:59:18.529-05:00,2026-01-13T08:59:18.529-05:00,https://sites.webpt.com/129488/request-an-appointment
129521,MD Hyperbaric - Chicago,mdhyperbaric.com,Schedule an Appointment,MD Hyperbaric - Chicago,,2026-01-13T15:03:28.037-05:00,2026-01-14T15:19:39.457-05:00,https://sites.webpt.com/129521/request-an-appointment
129587,Redcore PT+Wellness NJ,,Request an Appointment,Redcore PT+Wellness NJ,,2026-01-29T15:28:22.092-05:00,2026-01-29T15:28:22.092-05:00,https://sites.webpt.com/129587/request-an-appointment
129818,Bateman Physical Therapy,,Request an Appointment,Bateman Physical Therapy,,2026-05-04T12:47:42.758-04:00,2026-05-04T12:47:42.758-04:00,https://sites.webpt.com/129818/request-an-appointment
129884,Salmon Speech and Swallowing Services,,Request an Appointment,Salmon Speech and Swallowing Services,,2026-01-20T14:18:19.910-05:00,2026-01-20T14:18:19.910-05:00,https://sites.webpt.com/129884/request-an-appointment
129983,Kinesio Physical Therapy,,Request an Appointment,Kinesio Physical Therapy,,2026-01-20T15:45:57.275-05:00,2026-01-20T15:45:57.275-05:00,https://sites.webpt.com/129983/request-an-appointment
130148,Corinthian Physical Therapy,,Request an Appointment,Corinthian Physical Therapy,,2026-01-23T14:59:38.266-05:00,2026-01-23T14:59:38.266-05:00,https://sites.webpt.com/130148/request-an-appointment
130181,SUNS Physical Therapy,,Request an Appointment,SUNS Physical Therapy,,2026-01-23T15:24:29.478-05:00,2026-01-23T15:24:29.478-05:00,https://sites.webpt.com/130181/request-an-appointment
130214,Trusted Touch Physical Therapy,,Request an Appointment,Trusted Touch Physical Therapy,,2026-01-23T15:40:40.562-05:00,2026-01-23T15:40:40.562-05:00,https://sites.webpt.com/130214/request-an-appointment
130313,Blooming Minds Therapy,,Request an Appointment,Blooming Minds Therapy,,2026-01-27T15:47:24.779-05:00,2026-01-27T15:47:24.779-05:00,https://sites.webpt.com/130313/request-an-appointment
130346,Sports Plus Physical Therapy,,Request an Appointment,Sports Plus Physical Therapy,,2026-01-28T15:48:30.796-05:00,2026-01-28T15:48:30.796-05:00,https://sites.webpt.com/130346/request-an-appointment
130445,Axis Physical Therapy,,Request an Appointment,Axis Physical Therapy,,2026-01-29T13:17:24.784-05:00,2026-01-29T13:17:24.784-05:00,https://sites.webpt.com/130445/request-an-appointment
130544,A&R Rehab- Ace Recovery,,Request an Appointment,A&R Rehab- Ace Recovery,,2026-01-29T16:10:47.348-05:00,2026-01-29T16:10:47.348-05:00,https://sites.webpt.com/130544/request-an-appointment
130577,East Blackwell Chiropractic,,Request an Appointment,East Blackwell Chiropractic,,2026-01-30T20:59:55.327-05:00,2026-01-30T21:13:40.942-05:00,https://sites.webpt.com/130577/request-an-appointment
130643,Salt Creek Rehabilitation,,Request an Appointment,Salt Creek Rehabilitation,,2026-01-30T12:09:12.658-05:00,2026-01-30T12:09:12.658-05:00,https://sites.webpt.com/130643/request-an-appointment
130676,Uni Health Medical PC,,Request an Appointment,Uni Health Medical PC,,2026-01-30T14:45:39.083-05:00,2026-01-30T14:45:39.083-05:00,https://sites.webpt.com/130676/request-an-appointment
130709,Pacific Rehabilitation,,Request an Appointment,Pacific Rehabilitation,,2026-01-30T15:08:26.378-05:00,2026-01-30T15:08:26.378-05:00,https://sites.webpt.com/130709/request-an-appointment
130776,GroupHab,,Request an Appointment,GroupHab,,2026-01-30T16:56:16.998-05:00,2026-01-30T16:56:16.998-05:00,https://sites.webpt.com/130776/request-an-appointment
130842,Peak Performance Physical Therapy and Wellness,,Request an Appointment,Peak Performance Physical Therapy and Wellness,,2026-02-02T10:49:01.501-05:00,2026-02-02T10:49:01.501-05:00,https://sites.webpt.com/130842/request-an-appointment
130875,Able Rehab of PRA,,Request an Appointment,Able Rehab of PRA,,2026-02-02T12:38:55.945-05:00,2026-02-02T12:38:55.945-05:00,https://sites.webpt.com/130875/request-an-appointment
130909,Professional Physical Therapy,,Request an Appointment,Professional Physical Therapy,,2026-02-02T13:04:28.285-05:00,2026-02-02T13:04:28.285-05:00,https://sites.webpt.com/130909/request-an-appointment
130942,Empowered Movement Occupational Therapy,,Request an Appointment,Empowered Movement Occupational Therapy,,2026-02-02T13:09:11.477-05:00,2026-02-02T13:09:11.477-05:00,https://sites.webpt.com/130942/request-an-appointment
131041,PT RN CARE INC,,Request an Appointment,PT RN CARE INC,,2026-02-03T11:03:08.468-05:00,2026-02-03T11:03:08.468-05:00,https://sites.webpt.com/131041/request-an-appointment
131074,"Vertical Therapy, LLC",,Request an Appointment,"Vertical Therapy, LLC",,2026-02-03T12:10:19.640-05:00,2026-02-03T12:10:19.640-05:00,https://sites.webpt.com/131074/request-an-appointment
131107,Thrive Care Physical Therapy,,Request an Appointment,Thrive Care Physical Therapy,,2026-02-03T16:17:58.425-05:00,2026-02-03T16:17:58.425-05:00,https://sites.webpt.com/131107/request-an-appointment
131239,Hampton Behavioral Health Center,,Request an Appointment,Hampton Behavioral Health Center,,2026-02-05T16:37:04.623-05:00,2026-02-05T16:37:04.623-05:00,https://sites.webpt.com/131239/request-an-appointment
131272,Palermo Physical Therapy,,Request an Appointment,Palermo Physical Therapy,,2026-02-06T10:42:13.715-05:00,2026-02-06T10:42:13.715-05:00,https://sites.webpt.com/131272/request-an-appointment
131371,"A.D.M. Doctor of Physical Therapy, LLC",,Request an Appointment,"A.D.M. Doctor of Physical Therapy, LLC",,2026-07-30T13:37:48.303-04:00,2026-07-30T13:37:48.303-04:00,https://sites.webpt.com/131371/request-an-appointment
131437,Sequence,,Request an Appointment,Sequence,,2026-02-10T12:02:26.413-05:00,2026-03-31T22:45:53.921-04:00,https://sites.webpt.com/131437/request-an-appointment
131602,Clark Performance Physical Therapy,,Request an Appointment,Clark Performance Physical Therapy,,2026-02-12T14:54:54.644-05:00,2026-02-12T14:54:54.644-05:00,https://sites.webpt.com/131602/request-an-appointment
131635,New York Hand Therapy,,Request an Appointment,New York Hand Therapy,,2026-02-13T13:45:06.112-05:00,2026-02-13T13:45:06.112-05:00,https://sites.webpt.com/131635/request-an-appointment
131668,Healing Hands Physical Therapy Associates,,Request an Appointment,Healing Hands Physical Therapy Associates,,2026-02-13T14:25:31.499-05:00,2026-02-13T14:25:31.499-05:00,https://sites.webpt.com/131668/request-an-appointment
131669,Comprehensive Speech Language Pathology Services,,Request an Appointment,Comprehensive Speech Language Pathology Services,,2026-02-13T14:50:41.430-05:00,2026-03-03T14:33:39.807-05:00,https://sites.webpt.com/131669/request-an-appointment
131702,Physical Therapy of Okeechobee,,Request an Appointment,Physical Therapy of Okeechobee,,2026-02-13T15:23:39.743-05:00,2026-02-13T15:23:39.743-05:00,https://sites.webpt.com/131702/request-an-appointment
131768,MOTIONFIT PHYSICAL THERAPY,,Request an Appointment,MOTIONFIT PHYSICAL THERAPY,,2026-02-16T10:35:18.265-05:00,2026-02-16T10:35:18.265-05:00,https://sites.webpt.com/131768/request-an-appointment
131834,Blue Zone Physical Therapy,,Request an Appointment,Blue Zone Physical Therapy,,2026-02-18T11:18:08.618-05:00,2026-02-18T11:18:08.618-05:00,https://sites.webpt.com/131834/request-an-appointment
131867,Scoliosis Corner Physical Therapy Inc,,Request an Appointment,Scoliosis Corner Physical Therapy Inc,,2026-02-18T12:24:39.878-05:00,2026-02-18T12:24:39.878-05:00,https://sites.webpt.com/131867/request-an-appointment
132131,Pinnacle Health Concepts LLC,,Request an Appointment,Pinnacle Health Concepts LLC,,2026-02-24T15:42:32.612-05:00,2026-02-24T15:42:32.612-05:00,https://sites.webpt.com/132131/request-an-appointment
132329,JL Physical Therapy,,Request an Appointment,JL Physical Therapy,,2026-02-26T12:01:29.493-05:00,2026-07-06T17:37:13.442-04:00,https://sites.webpt.com/132329/request-an-appointment
132362,Whiteside Pediatric Therapy,,Request an Appointment,Whiteside Pediatric Therapy,,2026-02-27T11:52:32.092-05:00,2026-02-27T11:52:32.092-05:00,https://sites.webpt.com/132362/request-an-appointment
132395,Therapy Plus Clinic Inc,,Request an Appointment,Therapy Plus Clinic Inc,,2026-04-22T17:07:38.734-04:00,2026-04-22T17:16:56.551-04:00,https://sites.webpt.com/132395/request-an-appointment
132494,Lake Washington Physical Therapy,,Request an Appointment,Lake Washington Physical Therapy,,2026-03-02T11:44:20.353-05:00,2026-03-02T11:44:20.353-05:00,https://sites.webpt.com/132494/request-an-appointment
132527,Synergy Physical Therapy,,Request an Appointment,Synergy Physical Therapy,,2026-03-02T13:27:26.464-05:00,2026-03-02T13:36:18.912-05:00,https://sites.webpt.com/132527/request-an-appointment
132593,The Nerve to Heal Rehabilitation,,Request an Appointment,The Nerve to Heal Rehabilitation,,2026-03-03T11:20:29.393-05:00,2026-03-03T11:20:29.393-05:00,https://sites.webpt.com/132593/request-an-appointment
132857,"Triple Threat Physical Therapy, Inc",,Request an Appointment,"Triple Threat Physical Therapy, Inc",,2026-03-04T15:40:39.709-05:00,2026-03-04T15:40:39.709-05:00,https://sites.webpt.com/132857/request-an-appointment
132890,EnPhysio,,Request an Appointment,EnPhysio,,2026-03-04T16:54:20.481-05:00,2026-03-04T16:54:20.481-05:00,https://sites.webpt.com/132890/request-an-appointment
132956,Gainesville Physical Therapy,,Request an Appointment,Gainesville Physical Therapy,,2026-03-05T09:48:50.175-05:00,2026-03-05T09:48:50.175-05:00,https://sites.webpt.com/132956/request-an-appointment
133123,Suely Corp,,Request an Appointment,Suely Corp.,,2026-03-13T00:04:40.376-04:00,2026-03-13T00:04:40.376-04:00,https://sites.webpt.com/133123/request-an-appointment
133222,"Xcel Physical Therapy & Wellness Center, P.C",,Request an Appointment,"Xcel Physical Therapy & Wellness Center, P.C.",,2026-03-16T15:56:37.794-04:00,2026-03-16T15:56:37.794-04:00,https://sites.webpt.com/133222/request-an-appointment
133288,BETTER WELLNESS PHYSICAL THERAPY LLC,,Request an Appointment,BETTER WELLNESS PHYSICAL THERAPY LLC,,2026-03-19T12:43:13.803-04:00,2026-03-19T12:43:13.803-04:00,https://sites.webpt.com/133288/request-an-appointment
133321,"Home Rehab Consultants, LLC",,Request an Appointment,"Home Rehab Consultants, LLC",,2026-03-19T14:35:01.425-04:00,2026-03-19T14:35:01.425-04:00,https://sites.webpt.com/133321/request-an-appointment
133354,Main Street Physical Therapy PC,,Request an Appointment,Main Street Physical Therapy PC,,2026-03-24T10:18:54.370-04:00,2026-03-24T10:18:54.370-04:00,https://sites.webpt.com/133354/request-an-appointment
133618,"Northwest Physical Therapy, Inc",,Request an Appointment,"Northwest Physical Therapy, Inc.",,2026-03-27T12:17:03.940-04:00,2026-03-27T12:17:03.940-04:00,https://sites.webpt.com/133618/request-an-appointment
133717,MD Hyperbaric - Boulder,mdhyperbaric.com,Schedule an Appointment,MD Hyperbaric - Boulder,,2026-03-27T16:15:55.561-04:00,2026-03-27T23:24:12.730-04:00,https://sites.webpt.com/133717/request-an-appointment
133915,North Shore Physical Therapy,,Request an Appointment,North Shore Physical Therapy,,2026-03-31T15:59:27.269-04:00,2026-03-31T15:59:27.269-04:00,https://sites.webpt.com/133915/request-an-appointment
133981,Alpha Physical Therapy,,Request an Appointment,Alpha Physical Therapy,,2026-03-31T23:25:42.104-04:00,2026-03-31T23:39:19.491-04:00,https://sites.webpt.com/133981/request-an-appointment
134014,Gorge To Summit Physical Therapy & Pilates Studio,,Request an Appointment,Gorge To Summit Physical Therapy & Pilates Studio,,2026-04-22T14:30:18.801-04:00,2026-04-22T16:00:37.783-04:00,https://sites.webpt.com/134014/request-an-appointment
134047,Fortified Physical Therapy,,Request an Appointment,Fortified Physical Therapy,,2026-04-01T13:52:01.924-04:00,2026-04-01T13:52:01.924-04:00,https://sites.webpt.com/134047/request-an-appointment
134114,"Synapse NeuroRehab and Wellness, LLC",,Request an Appointment,"Synapse NeuroRehab and Wellness, LLC",,2026-04-02T10:23:10.389-04:00,2026-04-02T10:23:10.389-04:00,https://sites.webpt.com/134114/request-an-appointment
134180,Amarillo Sports Medicine Physical Therapy,,Request an Appointment,Amarillo Sports Medicine Physical Therapy,,2026-04-02T16:44:32.936-04:00,2026-04-02T16:44:32.936-04:00,https://sites.webpt.com/134180/request-an-appointment
134213,Lymber LLC,,Request an Appointment,Lymber LLC,,2026-04-02T21:40:38.886-04:00,2026-04-02T21:55:40.051-04:00,https://sites.webpt.com/134213/request-an-appointment
134246,"Alden Physical Therapy, PC",,Request an Appointment,"Alden Physical Therapy, PC",,2026-04-02T22:03:17.163-04:00,2026-04-02T22:18:40.029-04:00,https://sites.webpt.com/134246/request-an-appointment
134314,Renewed Wellness Company,,Request an Appointment,Renewed Wellness Company,,2026-04-03T20:36:47.263-04:00,2026-04-03T20:36:47.263-04:00,https://sites.webpt.com/134314/request-an-appointment
134545,Johanna Lubbe Physical Therapy P.C,,Request an Appointment,Johanna Lubbe Physical Therapy P.C,,2026-04-13T15:35:27.136-04:00,2026-04-13T15:35:27.136-04:00,https://sites.webpt.com/134545/request-an-appointment
134611,Rindermann P T PLLC,,Request an Appointment,Rindermann P T PLLC,,2026-04-15T09:59:10.441-04:00,2026-04-15T09:59:10.441-04:00,https://sites.webpt.com/134611/request-an-appointment
135041,Rehab potential Inc,,Request an Appointment,Rehab potential Inc,,2026-04-23T12:39:16.369-04:00,2026-04-23T12:39:16.369-04:00,https://sites.webpt.com/135041/request-an-appointment
135074,"Uplift OT, P.C",,Request an Appointment,"Uplift OT, P.C.",,2026-04-23T14:52:13.301-04:00,2026-04-23T14:52:13.301-04:00,https://sites.webpt.com/135074/request-an-appointment
135107,MD Hyperbaric - San Antonio-Dominion,mdhyperbaric.com,Schedule an Appointment,MD Hyperbaric - San Antonio-Dominion,,2026-04-23T15:09:16.102-04:00,2026-04-24T12:38:02.333-04:00,https://sites.webpt.com/135107/request-an-appointment
135173,Rehabilitation Services with RW-C,,Request an Appointment,Rehabilitation Services with RW-C,,2026-04-24T15:02:32.598-04:00,2026-04-24T15:02:32.598-04:00,https://sites.webpt.com/135173/request-an-appointment
135206,MD Hyperbaric - Henderson,mdhyperbaric.com,Schedule an Appointment,MD Hyperbaric - Henderson,,2026-04-24T17:22:44.035-04:00,2026-04-24T20:50:52.313-04:00,https://sites.webpt.com/135206/request-an-appointment
135272,PARTNERS IN HOMECARE SERVICES LLC,,Request an Appointment,PARTNERS IN HOMECARE SERVICES LLC,,2026-04-28T13:18:06.741-04:00,2026-04-28T13:18:06.741-04:00,https://sites.webpt.com/135272/request-an-appointment
135305,Stride Physical Therapy LLC,,Request an Appointment,Stride Physical Therapy LLC,,2026-04-30T13:03:33.688-04:00,2026-04-30T13:03:33.688-04:00,https://sites.webpt.com/135305/request-an-appointment
135371,One on One Wellness and Rehabilitation,,Request an Appointment,One on One Wellness and Rehabilitation,,2026-05-18T13:49:33.537-04:00,2026-05-18T13:49:33.537-04:00,https://sites.webpt.com/135371/request-an-appointment
135405,"Kansas City Orthopaedic Institute, LLC",,Request an Appointment,"Kansas City Orthopaedic Institute, LLC",,2026-04-30T20:47:20.576-04:00,2026-04-30T20:47:20.576-04:00,https://sites.webpt.com/135405/request-an-appointment
135537,LittleTheraplay,,Request an Appointment,LittleTheraplay,,2026-05-01T13:43:32.223-04:00,2026-05-01T13:43:32.223-04:00,https://sites.webpt.com/135537/request-an-appointment
135570,MGH Physical Therapy PC,,Request an Appointment,MGH Physical Therapy PC,,2026-05-04T12:10:18.469-04:00,2026-05-04T12:10:18.469-04:00,https://sites.webpt.com/135570/request-an-appointment
135603,Evolve Performance PT PLLC,,Request an Appointment,Evolve Performance PT PLLC,,2026-05-04T12:29:28.418-04:00,2026-05-04T12:29:28.418-04:00,https://sites.webpt.com/135603/request-an-appointment
135636,Southern Indian Health Council Physical Therapy,,Request an Appointment,Southern Indian Health Council Physical Therapy,,2026-05-04T14:14:50.438-04:00,2026-05-04T14:14:50.438-04:00,https://sites.webpt.com/135636/request-an-appointment
135669,Sports Medicine and Rehab Therapy Camden,,Request an Appointment,Sports Medicine and Rehab Therapy Camden,,2026-05-05T12:17:40.435-04:00,2026-05-05T12:17:40.435-04:00,https://sites.webpt.com/135669/request-an-appointment
135702,Enterprise Valley Physical Therapy,,Request an Appointment,Enterprise Valley Physical Therapy,,2026-05-05T12:36:23.305-04:00,2026-05-05T12:36:23.305-04:00,https://sites.webpt.com/135702/request-an-appointment
135735,Fulop Danin Physical Therapy PLLC,,Request an Appointment,Fulop Danin Physical Therapy PLLC,,2026-05-06T12:10:59.755-04:00,2026-05-06T12:10:59.755-04:00,https://sites.webpt.com/135735/request-an-appointment
135801,Championship institute LLC,,Request an Appointment,Championship institute LLC,,2026-05-06T15:53:27.429-04:00,2026-05-06T15:53:27.429-04:00,https://sites.webpt.com/135801/request-an-appointment
135966,UCare Solutions LLC,,Request an Appointment,UCare Solutions LLC,,2026-05-07T16:37:26.952-04:00,2026-05-07T16:37:26.952-04:00,https://sites.webpt.com/135966/request-an-appointment
135999,"Dr Elizabeth Baker, PT",,Request an Appointment,"Dr Elizabeth Baker, PT",,2026-05-12T15:15:26.178-04:00,2026-05-12T15:15:26.178-04:00,https://sites.webpt.com/135999/request-an-appointment
136065,Arise Physical Therapy LLC,,Request an Appointment,Arise Physical Therapy LLC,,2026-07-01T14:17:27.594-04:00,2026-07-01T14:17:27.594-04:00,https://sites.webpt.com/136065/request-an-appointment
136230,Healing Bridge LLC,,Request an Appointment,Healing Bridge LLC,,2026-05-19T11:36:04.412-04:00,2026-05-19T11:36:04.412-04:00,https://sites.webpt.com/136230/request-an-appointment
136263,MD Hyperbaric - Rochester,mdhyperbaric.com,Schedule an Appointment,MD Hyperbaric - Rochester,,2026-05-20T10:11:10.519-04:00,2026-05-20T11:30:51.941-04:00,https://sites.webpt.com/136263/request-an-appointment
136329,Proactive Physical Therapy Wenatchee PLLC,,Request an Appointment,Proactive Physical Therapy Wenatchee PLLC,,2026-05-22T13:58:13.740-04:00,2026-05-22T13:58:13.740-04:00,https://sites.webpt.com/136329/request-an-appointment
136530,CBC Center for Sports and Physical Therapy,,Request an Appointment,CBC Center for Sports and Physical Therapy,,2026-06-01T09:27:22.517-04:00,2026-06-01T09:27:22.517-04:00,https://sites.webpt.com/136530/request-an-appointment
136564,"Residential Healthcare Services, LLC",,Request an Appointment,"Residential Healthcare Services, LLC",,2026-06-01T14:23:28.931-04:00,2026-06-01T14:23:28.931-04:00,https://sites.webpt.com/136564/request-an-appointment
136565,Gateway Physical Therapy and Sports Rehab,,Request an Appointment,Gateway Physical Therapy and Sports Rehab,,2026-06-01T14:36:02.529-04:00,2026-06-01T14:36:02.529-04:00,https://sites.webpt.com/136565/request-an-appointment
136598,"Aubeniz Care Therapies, LLC",,Request an Appointment,"Aubeniz Care Therapies, LLC",,2026-06-02T11:48:01.364-04:00,2026-06-02T11:48:01.364-04:00,https://sites.webpt.com/136598/request-an-appointment
136601,Buckhead Concierge Rehabilitation,,Request an Appointment,Buckhead Concierge Rehabilitation,,2026-06-02T14:00:41.238-04:00,2026-06-02T14:00:41.238-04:00,https://sites.webpt.com/136601/request-an-appointment
136602,Carrera Physical Therapy and Wellness P.C,,Request an Appointment,Carrera Physical Therapy and Wellness P.C.,,2026-06-02T14:17:47.865-04:00,2026-06-02T14:17:47.865-04:00,https://sites.webpt.com/136602/request-an-appointment
136635,Rehab Point,,Request an Appointment,Rehab Point,,2026-06-03T09:03:58.358-04:00,2026-06-03T09:03:58.358-04:00,https://sites.webpt.com/136635/request-an-appointment
136668,"Theresa Strassberger Physical Therapy, PLLC",,Request an Appointment,"Theresa Strassberger Physical Therapy, PLLC",,2026-06-04T10:34:54.176-04:00,2026-06-04T10:34:54.176-04:00,https://sites.webpt.com/136668/request-an-appointment
136669,"Arcturus Physical Therapy, a Department of Arcturus Healthcare",,Request an Appointment,"Arcturus Physical Therapy, a Department of Arcturus Healthcare.",,2026-06-04T10:53:17.211-04:00,2026-06-04T10:53:17.211-04:00,https://sites.webpt.com/136669/request-an-appointment
136670,Ku Therapies,,Request an Appointment,Ku Therapies,,2026-06-04T14:20:08.284-04:00,2026-06-04T14:20:08.284-04:00,https://sites.webpt.com/136670/request-an-appointment
136671,Serve Link Therapies,,Request an Appointment,Serve Link Therapies,,2026-06-04T14:43:23.332-04:00,2026-06-04T14:43:23.332-04:00,https://sites.webpt.com/136671/request-an-appointment
136672,Thrive Rehab,,Request an Appointment,Thrive Rehab,,2026-06-04T15:16:46.067-04:00,2026-06-04T15:16:46.067-04:00,https://sites.webpt.com/136672/request-an-appointment
136673,Pure HealthyBack Physical Therapy,,Request an Appointment,Pure HealthyBack Physical Therapy,,2026-06-04T15:40:22.638-04:00,2026-06-04T15:40:22.638-04:00,https://sites.webpt.com/136673/request-an-appointment
136674,OTT Physical Therapy PLLC,,Request an Appointment,OTT Physical Therapy PLLC,,2026-06-04T16:00:23.005-04:00,2026-06-04T16:00:23.005-04:00,https://sites.webpt.com/136674/request-an-appointment
136707,Options in Physical Rehabilitation,,Request an Appointment,Options in Physical Rehabilitation,,2026-06-08T19:21:13.988-04:00,2026-06-08T19:21:13.988-04:00,https://sites.webpt.com/136707/request-an-appointment
136740,Jordan Young Physical Therapy,,Request an Appointment,Jordan Young Physical Therapy,,2026-06-09T19:43:28.221-04:00,2026-06-09T19:43:28.221-04:00,https://sites.webpt.com/136740/request-an-appointment
136773,Prism Physical Therapy PLLC,,Request an Appointment,Prism Physical Therapy PLLC,,2026-06-10T16:03:31.455-04:00,2026-06-10T16:03:31.455-04:00,https://sites.webpt.com/136773/request-an-appointment
136806,AmeriTherapy Services,,Request an Appointment,AmeriTherapy Services,,2026-06-10T20:44:03.760-04:00,2026-06-10T20:53:07.963-04:00,https://sites.webpt.com/136806/request-an-appointment
136872,Robinson Physical Therapy,,Request an Appointment,Robinson Physical Therapy,,2026-06-12T12:46:03.039-04:00,2026-06-12T12:46:03.039-04:00,https://sites.webpt.com/136872/request-an-appointment
136873,Dean Makredes Physical Therapy,,Request an Appointment,Dean Makredes Physical Therapy,,2026-06-12T13:03:37.192-04:00,2026-06-12T13:03:37.192-04:00,https://sites.webpt.com/136873/request-an-appointment
136874,"FXN Lab and Physical Therapy, APC",,Request an Appointment,"FXN Lab and Physical Therapy, APC",,2026-06-12T13:37:43.329-04:00,2026-06-12T13:37:43.329-04:00,https://sites.webpt.com/136874/request-an-appointment
136940,Lucas Rehabilitation,,Request an Appointment,Lucas Rehabilitation,,2026-06-15T13:41:07.385-04:00,2026-06-15T13:41:07.385-04:00,https://sites.webpt.com/136940/request-an-appointment
136973,Jefferson Hospital Rehabilitation Services Louisville,,Request an Appointment,Jefferson Hospital Rehabilitation Services Louisville,,2026-06-16T16:24:25.021-04:00,2026-06-16T16:24:25.021-04:00,https://sites.webpt.com/136973/request-an-appointment
137006,MD Hyperbaric - Springfield,,Request an Appointment,MD Hyperbaric - Springfield,,2026-06-17T00:45:24.143-04:00,2026-06-17T01:30:10.360-04:00,https://sites.webpt.com/137006/request-an-appointment
137039,One on One Wellness,,Request an Appointment,One on One Wellness,,2026-06-17T14:50:41.892-04:00,2026-06-17T14:50:41.892-04:00,https://sites.webpt.com/137039/request-an-appointment
137108,Advanced Procare Multi-Specialty Clinic,,Request an Appointment,Advanced Procare Multi-Specialty Clinic,,2026-06-19T11:16:24.945-04:00,2026-06-19T11:16:24.945-04:00,https://sites.webpt.com/137108/request-an-appointment
137174,Alli's Demo PO,,Request an Appointment,Alli's Demo PO,,2026-06-24T10:10:42.449-04:00,2026-06-24T10:10:42.449-04:00,https://sites.webpt.com/137174/request-an-appointment
137209,Orlando City Health and Wellness,,Request an Appointment,Orlando City Health and Wellness,,2026-06-24T14:55:00.359-04:00,2026-06-24T14:55:00.359-04:00,https://sites.webpt.com/137209/request-an-appointment
137210,"Alignment Physical Therapy, Inc",,Request an Appointment,"Alignment Physical Therapy, Inc.",,2026-06-24T15:33:59.098-04:00,2026-06-24T15:41:27.434-04:00,https://sites.webpt.com/137210/request-an-appointment
137244,HNR Care,,Request an Appointment,HNR Care,,2026-06-25T15:27:36.119-04:00,2026-06-25T15:27:36.119-04:00,https://sites.webpt.com/137244/request-an-appointment
137343,Axis Physical Therapy,,Request an Appointment,Axis Physical Therapy,,2026-06-29T14:13:25.896-04:00,2026-06-29T14:13:25.896-04:00,https://sites.webpt.com/137343/request-an-appointment
137376,Astir Physical Therapy & Wellness,,Request an Appointment,Astir Physical Therapy & Wellness,,2026-06-30T11:46:19.078-04:00,2026-06-30T11:46:19.078-04:00,https://sites.webpt.com/137376/request-an-appointment
137409,Lymphedema Therapy Specialists,,Request an Appointment,Lymphedema Therapy Specialists,,2026-07-01T11:53:43.021-04:00,2026-07-01T11:53:43.021-04:00,https://sites.webpt.com/137409/request-an-appointment
137442,Athletic Movements,,Request an Appointment,Athletic Movements,,2026-07-01T14:09:54.636-04:00,2026-07-01T14:09:54.636-04:00,https://sites.webpt.com/137442/request-an-appointment
137443,Focus Physical Therapy,,Request an Appointment,Focus Physical Therapy,,2026-07-01T14:32:02.690-04:00,2026-07-01T14:38:46.943-04:00,https://sites.webpt.com/137443/request-an-appointment
137511,PT Hawaii,,Request an Appointment,PT Hawaii,,2026-07-02T20:13:25.693-04:00,2026-07-02T20:32:20.504-04:00,https://sites.webpt.com/137511/request-an-appointment
137546,Urban Physical Therapy Inc,,Request an Appointment,Urban Physical Therapy Inc,,2026-07-06T12:56:34.211-04:00,2026-07-06T12:56:34.211-04:00,https://sites.webpt.com/137546/request-an-appointment
137579,"Sunny Shore Occupational Therapy Services, PLLC",,Request an Appointment,"Sunny Shore Occupational Therapy Services, PLLC",,2026-07-07T15:40:13.676-04:00,2026-07-07T15:40:13.676-04:00,https://sites.webpt.com/137579/request-an-appointment
137612,MD Hyperbaric - OKC,mdhyperbaric.com,Schedule an Appointment,MD Hyperbaric - OKC,,2026-07-09T10:32:57.321-04:00,2026-07-09T11:36:10.823-04:00,https://sites.webpt.com/137612/request-an-appointment
137646,Therapy at Western Reserve Hospital,,Request an Appointment,Therapy at Western Reserve Hospital,,2026-07-09T13:33:13.311-04:00,2026-07-09T13:33:13.311-04:00,https://sites.webpt.com/137646/request-an-appointment
137647,"MD Hyperbaric - Salt Lake City, Foothill",mdhyperbaric.com,Schedule an Appointment,"MD Hyperbaric - Salt Lake City, Foothill",,2026-07-09T16:10:53.881-04:00,2026-07-09T16:40:19.929-04:00,https://sites.webpt.com/137647/request-an-appointment
137717,Strength Works,,Request an Appointment,Strength Works,,2026-07-14T11:39:46.326-04:00,2026-07-14T11:39:46.326-04:00,https://sites.webpt.com/137717/request-an-appointment
137818,CORE1inc. Athletes Only PT,,Request an Appointment,CORE1inc. Athletes Only PT,,2026-07-16T13:07:35.075-04:00,2026-07-16T13:07:35.075-04:00,https://sites.webpt.com/137818/request-an-appointment
137819,"Stride Physical Therapy, LLC",,Request an Appointment,"Stride Physical Therapy, LLC",,2026-07-16T13:31:23.769-04:00,2026-07-16T13:31:23.769-04:00,https://sites.webpt.com/137819/request-an-appointment
137820,Ortho Sports Physical Therapy,,Request an Appointment,Ortho Sports Physical Therapy,,2026-07-16T16:29:54.362-04:00,2026-07-16T16:29:54.362-04:00,https://sites.webpt.com/137820/request-an-appointment
137853,Weisman Childrens Rehab,,Request an Appointment,Weisman Childrens Rehab,,2026-07-17T00:30:02.129-04:00,2026-07-17T00:50:56.133-04:00,https://sites.webpt.com/137853/request-an-appointment
137889,Step By Step Pediatric Therapy LLC,,Request an Appointment,Step By Step Pediatric Therapy LLC,,2026-07-20T14:06:57.135-04:00,2026-07-20T14:08:55.089-04:00,https://sites.webpt.com/137889/request-an-appointment
137958,My Movement Doctor,,Request an Appointment,My Movement Doctor,,2026-07-24T14:03:44.456-04:00,2026-07-24T14:03:44.456-04:00,https://sites.webpt.com/137958/request-an-appointment
138024,HyPT,,Request an Appointment,HyPT,,2026-07-27T14:49:42.022-04:00,2026-07-27T14:49:42.022-04:00,https://sites.webpt.com/138024/request-an-appointment
138057,"THERAPY CENTER OF AVOYELLES, LLC dba TCA Physical Therapy",,Request an Appointment,"THERAPY CENTER OF AVOYELLES, LLC dba TCA Physical Therapy",,2026-07-28T08:38:01.391-04:00,2026-07-28T08:38:01.391-04:00,https://sites.webpt.com/138057/request-an-appointment
138090,Averon Phsyial Therapy,,Request an Appointment,Averon Phsyial Therapy,,2026-07-29T09:41:32.056-04:00,2026-07-29T09:41:32.056-04:00,https://sites.webpt.com/138090/request-an-appointment
138189,Hands On Physical Therapy,,Request an Appointment,Hands On Physical Therapy,,2026-08-01T19:21:07.882-04:00,2026-08-01T22:41:10.467-04:00,https://sites.webpt.com/138189/request-an-appointment
138289,Hands On Therapy,,Request an Appointment,Hands On Therapy,,2026-08-04T12:57:08.926-04:00,2026-08-04T12:57:08.926-04:00,https://sites.webpt.com/138289/request-an-appointment
138290,BRIGHT VISTA THERAPY,,Request an Appointment,BRIGHT VISTA THERAPY,,2026-08-04T13:47:16.853-04:00,2026-08-04T13:47:16.853-04:00,https://sites.webpt.com/138290/request-an-appointment
138323,MD Hyperbaric - Miami,mdhyperbaric.com,Schedule an Appointment,MD Hyperbaric - Miami,,2026-08-05T14:31:00.682-04:00,2026-08-06T11:27:26.986-04:00,https://sites.webpt.com/138323/request-an-appointment
138457,Open Door PT OT Aquatherapy,,Request an Appointment,Open Door PT OT Aquatherapy,,2026-08-12T15:36:41.460-04:00,2026-08-12T15:36:41.460-04:00,https://sites.webpt.com/138457/request-an-appointment
138458,Fortera Health,,Request an Appointment,Fortera Health,,2026-08-12T15:47:35.701-04:00,2026-08-12T15:47:35.701-04:00,https://sites.webpt.com/138458/request-an-appointment
138492,"Oakbrook Physical Therapy, LLC",,Request an Appointment,"Oakbrook Physical Therapy, LLC",,2026-08-14T12:32:33.870-04:00,2026-08-14T12:32:33.870-04:00,https://sites.webpt.com/138492/request-an-appointment
138493,Tri State Physical Therapy,,Request an Appointment,Tri State Physical Therapy,,2026-08-14T13:29:23.273-04:00,2026-08-14T13:29:23.273-04:00,https://sites.webpt.com/138493/request-an-appointment
138593,Alta Integrated Wellness,,Request an Appointment,Alta Integrated Wellness,,2026-08-20T15:23:45.032-04:00,2026-08-20T15:23:45.032-04:00,https://sites.webpt.com/138593/request-an-appointment
138594,Heidi's Therapy PLC,,Request an Appointment,Heidi's Therapy PLC,,2026-08-20T16:04:36.449-04:00,2026-08-20T16:04:36.449-04:00,https://sites.webpt.com/138594/request-an-appointment
138627,X-Zact Therapy of Hugo,,Request an Appointment,X-Zact Therapy of Hugo,,2026-08-21T14:08:01.797-04:00,2026-08-21T14:08:01.797-04:00,https://sites.webpt.com/138627/request-an-appointment
138660,MD Hyperbaric - Fort Lauderdale,mdhyperbaric.com,Schedule an Appointment,MD Hyperbaric - Fort Lauderdale,,2026-08-26T18:10:54.893-04:00,2026-08-27T12:26:40.039-04:00,https://sites.webpt.com/138660/request-an-appointment
138661,MD Hyperbaric - Bergen,mdhyperbaric.com,Schedule an Appointment,MD Hyperbaric - Bergen,,2026-08-26T18:16:29.581-04:00,2026-08-27T13:07:04.086-04:00,https://sites.webpt.com/138661/request-an-appointment
138694,Just Move Rehabilitation,,Request an Appointment,Just Move Rehabilitation,,2026-08-27T14:51:31.905-04:00,2026-08-27T14:51:31.905-04:00,https://sites.webpt.com/138694/request-an-appointment
138727,MOTION PT Group - Cypress Creek Therapy Associated LLC,,Request an Appointment,MOTION PT Group - Cypress Creek Therapy Associated LLC,,2026-08-31T01:58:05.598-04:00,2026-08-31T01:58:05.598-04:00,https://sites.webpt.com/138727/request-an-appointment
138794,Alpine Physical Therapy- ID,,Request an Appointment,Alpine Physical Therapy- ID,,2026-09-01T14:56:50.465-04:00,2026-09-01T14:56:50.465-04:00,https://sites.webpt.com/138794/request-an-appointment
138827,"Day Physical Therapy Management, LLC",,Request an Appointment,"Day Physical Therapy Management, LLC",,2026-09-02T10:20:50.253-04:00,2026-09-02T10:20:50.253-04:00,https://sites.webpt.com/138827/request-an-appointment
138860,Downtown Physical Therapy and Industrial Center,,Request an Appointment,Downtown Physical Therapy and Industrial Center,,2026-09-02T14:40:35.348-04:00,2026-09-02T14:40:35.348-04:00,https://sites.webpt.com/138860/request-an-appointment
138893,Above and Beyond Physical Therapy Services,,Request an Appointment,Above and Beyond Physical Therapy Services,,2026-09-03T16:20:54.629-04:00,2026-09-03T16:20:54.629-04:00,https://sites.webpt.com/138893/request-an-appointment
138926,Cadence Physical Therapy,,Request an Appointment,Cadence Physical Therapy,,2026-09-08T15:06:10.755-04:00,2026-09-08T15:11:07.326-04:00,https://sites.webpt.com/138926/request-an-appointment
138927,Gold Standard Physical Therapy,,Request an Appointment,Gold Standard Physical Therapy,,2026-09-08T15:34:32.790-04:00,2026-09-08T15:34:32.790-04:00,https://sites.webpt.com/138927/request-an-appointment
138960,"The Therapy Tree for Pediatrics, LLC",,Request an Appointment,"The Therapy Tree for Pediatrics, LLC",,2026-09-09T09:19:12.938-04:00,2026-09-09T09:19:12.938-04:00,https://sites.webpt.com/138960/request-an-appointment
