Practice Name,Official Website,Clean Domain,Healthcare Sector,Location,Country,Weave Verified,Weave Evidence,Date Added
Studio Dental @ Union Station,https://www.studiodentalcentres.ca,studiodentalcentres.ca,Dental,"Toronto, ON, Canada",Canada,Candidate,,2026-09-06 22:21:22
Bond Street Dental,https://www.dentalimplantsclinic.ca,dentalimplantsclinic.ca,Dental,"Toronto, ON, Canada",Canada,Candidate,,2026-09-06 22:21:23
Midtown Dental,https://www.midtowndental.ca,midtowndental.ca,Dental,"Toronto, ON, Canada",Canada,Candidate,,2026-09-06 22:21:25
West Village Dental Clinic,https://westvillagedental.ca,westvillagedental.ca,Dental,"Toronto, ON, Canada",Canada,Candidate,,2026-09-06 22:21:27
The Richmond Dental Centre,https://www.therichmonddentalcentre.com,therichmonddentalcentre.com,Dental,"Toronto, ON, Canada",Canada,Candidate,,2026-09-06 22:21:30
New York Family Dental Arts,http://www.dentalartsny.com,dentalartsny.com,Dental,"New York, NY",US,Candidate,,2026-09-07 10:51:34
Flatiron Family Dental,http://www.flatironfamilydental.com,flatironfamilydental.com,Dental,"New York, NY",US,Candidate,,2026-09-07 10:51:35
Family Dentistry,https://www.mindfuldental.nyc,mindfuldental.nyc,Dental,"New York, NY",US,Candidate,,2026-09-07 10:51:38
Family Dentistry Midtown East,https://www.nycdentistrycenter.com/family-dentistry,nycdentistrycenter.com,Dental,"New York, NY",US,Candidate,,2026-09-07 10:51:42
Westside Family Dental Group,https://www.westsidefamilydental.com,westsidefamilydental.com,Dental,"New York, NY",US,Candidate,,2026-09-07 10:51:44
Nyc Family Dental Care,http://nycfamilydental.com,nycfamilydental.com,Dental,"New York, NY",US,Candidate,,2026-09-07 10:51:46
Family Dental Care,http://brooklynfamilydental.com,brooklynfamilydental.com,Dental,"New York, NY",US,Candidate,,2026-09-07 10:51:48
Avenue L Family Dentistry,https://avenuelfamilydental.com,avenuelfamilydental.com,Dental,"New York, NY",US,Candidate,,2026-09-07 10:51:50
Family Smile Dental,https://familysmiledentist.com,familysmiledentist.com,Dental,"New York, NY",US,Candidate,,2026-09-07 10:51:52
Park Slope Family Dentistry,http://www.parkslopefamilydentistry.com,parkslopefamilydentistry.com,Dental,"New York, NY",US,Candidate,,2026-09-07 10:51:54
Friends Family Dental & Braces,https://friendsdentalwh.com,friendsdentalwh.com,Dental,"New York, NY",US,Candidate,,2026-09-07 10:51:56
Family Smiles Dental,https://familysmilesny.com,familysmilesny.com,Dental,"New York, NY",US,Candidate,,2026-09-07 10:51:58
Apex Family Dental PC,http://www.apexfamilydental.net,apexfamilydental.net,Dental,"New York, NY",US,Candidate,,2026-09-07 10:52:02
Flushing Family Dental Care,http://flushingfamilydentalgroup.com,flushingfamilydentalgroup.com,Dental,"New York, NY",US,Candidate,,2026-09-07 10:52:04
Flatlands Family Dental,https://flatlandsfamilydental.com,flatlandsfamilydental.com,Dental,"New York, NY",US,Candidate,,2026-09-07 10:52:05
Diamond Dental Manhattan - Pediatric & Adult Family Dentistry,http://www.diamonddentalmanhattan.com,diamonddentalmanhattan.com,Dental,"New York, NY",US,Candidate,,2026-09-07 10:52:06
Bronx Family Dental,https://www.bronxfamilydentist.com,bronxfamilydentist.com,Dental,"New York, NY",US,Candidate,,2026-09-07 10:52:07
Avenue D Family Dental,https://avenuedfamilydental.com,avenuedfamilydental.com,Dental,"New York, NY",US,Candidate,,2026-09-07 10:52:08
Riverdale Family Dentistry,https://www.riverdalefamilydentalpc.com,riverdalefamilydentalpc.com,Dental,"New York, NY",US,Candidate,,2026-09-07 10:52:08
Bayside Family Dentistry,https://www.baysidefamilydentistry.com,baysidefamilydentistry.com,Dental,"New York, NY",US,Candidate,,2026-09-07 10:52:10
LA Dental Clinic,https://ladentalclinic.com,ladentalclinic.com,Dental,"Los Angeles, CA",US,Candidate,,2026-09-07 10:52:18
Happy Smiles,https://happysmilesla.com/en,happysmilesla.com,Dental,"Los Angeles, CA",US,Candidate,,2026-09-07 10:52:19
Smile L.A. Downtown Modern Dentistry,https://smilela.com,smilela.com,Dental,"Los Angeles, CA",US,Candidate,,2026-09-07 10:52:21
Downtown Dental,http://www.downtowndentalla.com,downtowndentalla.com,Dental,"Los Angeles, CA",US,Candidate,,2026-09-07 10:52:26
"APLA Health Dental Clinic, Downtown Los Angeles",https://aplahealth.org/services/dental-care,aplahealth.org,Dental,"Los Angeles, CA",US,Candidate,,2026-09-07 10:52:26
Healing Dental Care,https://www.healingdentalcarela.com,healingdentalcarela.com,Dental,"Los Angeles, CA",US,Candidate,,2026-09-07 10:52:29
Union Dental Center,http://www.uniondentalcenter.co,uniondentalcenter.co,Dental,"Los Angeles, CA",US,Candidate,,2026-09-07 10:52:32
Restore Dental,https://www.restoredentalcenters.com,restoredentalcenters.com,Dental,"Los Angeles, CA",US,Yes,"target=""_blank"" href=""https://book2.getweave.com/1794d65d-0734-4d2e-9d2c-ec3b1",2026-09-07 10:52:33
Washington Dental | Los Angeles Dentist,https://www.washington-dental.com,washington-dental.com,Dental,"Los Angeles, CA",US,Candidate,,2026-09-07 10:52:39
Dental Community Clinic,http://www.dentalcommunityclinic.com,dentalcommunityclinic.com,Dental,"Los Angeles, CA",US,Candidate,,2026-09-07 10:52:43
SmileWorld Dental Clinic 24 Hours,https://www.emergencydentalservice.com/emergencydentist24-7/los-angeles-ca-90004,emergencydentalservice.com,Dental,"Los Angeles, CA",US,Candidate,,2026-09-07 10:52:46
Crystal Dental,https://crystaldentalcenters.com,crystaldentalcenters.com,Dental,"Los Angeles, CA",US,Candidate,,2026-09-07 10:52:49
Symphony Dental,http://symphony.dental,symphony.dental,Dental,"Los Angeles, CA",US,Candidate,,2026-09-07 10:52:52
Harbor Dental Care,https://www.myharbordentalcare.com,myharbordentalcare.com,Dental,"Los Angeles, CA",US,Candidate,,2026-09-07 10:52:56
"Vernon Family Dental, Los Angeles",http://smilefixer.net,smilefixer.net,Dental,"Los Angeles, CA",US,Candidate,,2026-09-07 10:52:57
California Family Dental Center,http://www.cfdgdental.com,cfdgdental.com,Dental,"Los Angeles, CA",US,Candidate,,2026-09-07 10:53:01
Forever Smile Dental Care,http://www.forever-smile.com,forever-smile.com,Dental,"Los Angeles, CA",US,Candidate,,2026-09-07 10:53:08
PhD Dental,https://www.phddental.com,phddental.com,Dental,"Los Angeles, CA",US,Candidate,,2026-09-07 10:53:09
Historic Core Dental Care,https://historicdental.com,historicdental.com,Dental,"Los Angeles, CA",US,Candidate,,2026-09-07 10:53:09
Westwood Family Dental,http://westwoodfamilydental.com,westwoodfamilydental.com,Dental,"Los Angeles, CA",US,Candidate,,2026-09-07 10:53:16
Family Dentistry,http://familydentistryla.com,familydentistryla.com,Dental,"Los Angeles, CA",US,Candidate,,2026-09-07 10:53:18
Florence Family Dentistry,http://www.drbendental.com,drbendental.com,Dental,"Los Angeles, CA",US,Candidate,,2026-09-07 10:53:20
First Family Dental Group,http://www.firstfamilydentalgroup.com,firstfamilydentalgroup.com,Dental,"Los Angeles, CA",US,Candidate,,2026-09-07 10:53:21
Alvarado Family Dental Center,http://alvaradofamilydentalcenter.com,alvaradofamilydentalcenter.com,Dental,"Los Angeles, CA",US,Candidate,,2026-09-07 10:53:28
Family Dentist LA,http://www.familydentistla.com,familydentistla.com,Dental,"Los Angeles, CA",US,Candidate,,2026-09-07 10:53:31
Downtown Dental - Loop,https://www.downtown-dental.com/locations/loop,downtown-dental.com,Dental,"Chicago, IL",US,Candidate,,2026-09-07 10:53:39
Kedzie Dental Clinic,http://www.kedziedentalchicago.com,kedziedentalchicago.com,Dental,"Chicago, IL",US,Candidate,,2026-09-07 10:53:40
Illinois Dental Center of Belmont,http://www.illinoisdentalcenterofbelmont.com,illinoisdentalcenterofbelmont.com,Dental,"Chicago, IL",US,Candidate,,2026-09-07 10:53:44
Division Dental Clinic,https://divisiondentalpractioners.com,divisiondentalpractioners.com,Dental,"Chicago, IL",US,Candidate,,2026-09-07 10:53:48
The Dental Clinic-Kedzie,https://www.dentaldreams.com/dental-clinic-chicago,dentaldreams.com,Dental,"Chicago, IL",US,Candidate,,2026-09-07 10:53:49
All Star Dental Clinic,http://www.allstardentalclinic.com,allstardentalclinic.com,Dental,"Chicago, IL",US,Candidate,,2026-09-07 10:53:53
Augusta Dental Center,https://24hrdentist.com,24hrdentist.com,Dental,"Chicago, IL",US,Candidate,,2026-09-07 10:53:56
First Dental Center,https://www.firstdentalchicago.com,firstdentalchicago.com,Dental,"Chicago, IL",US,Candidate,,2026-09-07 10:53:58
Dental Group of Chicago Family & Emergency Dentistry,https://dentalgroupofchicago.com,dentalgroupofchicago.com,Dental,"Chicago, IL",US,Candidate,,2026-09-07 10:54:00
East Village Dental Centre,https://evdental.com,evdental.com,Dental,"Chicago, IL",US,Candidate,,2026-09-07 10:54:01
In The Loop Dental,http://www.intheloopdentist.com,intheloopdentist.com,Dental,"Chicago, IL",US,Candidate,,2026-09-07 10:54:07
DentArt Chicago,https://www.dentartchicago.com,dentartchicago.com,Dental,"Chicago, IL",US,Candidate,,2026-09-07 10:54:10
"Chicago Family Dental Center: Gary Wegmann, DDS",https://www.chicagofamilydental.com,chicagofamilydental.com,Dental,"Chicago, IL",US,Candidate,,2026-09-07 10:54:14
Wicker Park Dental Group,https://www.wickerparkdentalgroup.com,wickerparkdentalgroup.com,Dental,"Chicago, IL",US,Candidate,,2026-09-07 10:54:19
North Chicago Dental Center,https://www.northchicagodental.com,northchicagodental.com,Dental,"Chicago, IL",US,Candidate,,2026-09-07 10:54:25
Water Tower Dental Care,http://www.watertowerdentalcare.com,watertowerdentalcare.com,Dental,"Chicago, IL",US,Candidate,,2026-09-07 10:54:31
Miswak Dentistry,http://www.miswakdentistry.com,miswakdentistry.com,Dental,"Chicago, IL",US,Candidate,,2026-09-07 10:54:32
Northwestern Dental Center,https://northwesterndental.com,northwesterndental.com,Dental,"Chicago, IL",US,Candidate,,2026-09-07 10:54:35
Dental Smiles of West Loop - Chicago,https://dentalsmilesofwestloop.com/location-dentist-chicago-il,dentalsmilesofwestloop.com,Dental,"Chicago, IL",US,Candidate,,2026-09-07 10:54:38
Chicago Dental Boutique,https://www.chicagodentalboutique.com,chicagodentalboutique.com,Dental,"Chicago, IL",US,Candidate,,2026-09-07 10:54:40
Cameo Dental Specialists - Berwyn,https://cameods.com/p/Oral-Surgeon-Chicago-IL-Berwyn-Location-p25868.asp,cameods.com,Dental,"Chicago, IL",US,Candidate,,2026-09-07 10:54:49
Weller Dental - Hinsdale,https://wellerdental.com,wellerdental.com,Dental,"Chicago, IL",US,Candidate,,2026-09-07 10:54:51
Family Dental Care - South Chicago,https://www.familydentalcare.com/south-chicago-office,familydentalcare.com,Dental,"Chicago, IL",US,Candidate,,2026-09-07 10:54:54
Family Dental Care of Chicago,https://www.yourfamilysmiles.com,yourfamilysmiles.com,Dental,"Chicago, IL",US,Candidate,,2026-09-07 10:55:01
Family Dental of Lincoln,https://www.familydentaloflincoln.com,familydentaloflincoln.com,Dental,"Chicago, IL",US,Yes,"th.com"",""microsite.adit.com"",""book2.getweave.com"",""www.zocdoc.com"",""www.appoin",2026-09-07 10:55:07
Texas Dental Center,https://texasdentalcenter.com,texasdentalcenter.com,Dental,"Houston, TX",US,Candidate,,2026-09-07 10:55:16
Antoine Dental Center,https://www.antoinedentalcenter.com,antoinedentalcenter.com,Dental,"Houston, TX",US,Candidate,,2026-09-07 10:55:20
Houston Dental Care Dr. Fadi Charles Salha,https://www.houstondentalcare.org,houstondentalcare.org,Dental,"Houston, TX",US,Candidate,,2026-09-07 10:55:21
Dental Care and Implants of Houston (Formerly Known As: A Dental Care - Greenspoint),https://adentalcare.com/greenspoint-houston-dental-office,adentalcare.com,Dental,"Houston, TX",US,Candidate,,2026-09-07 10:55:27
houston medical center dental,http://www.houstonmedicalcenterdental.com,houstonmedicalcenterdental.com,Dental,"Houston, TX",US,Candidate,,2026-09-07 10:55:31
Dental Clinics of Texas,http://www.dentalclinicsoftexas.com,dentalclinicsoftexas.com,Dental,"Houston, TX",US,Candidate,,2026-09-07 10:55:32
Avicenna (Ibn Sina) Community Medical (Mon-Fri) & Dental Clinic (Mon-Sat),http://www.ibnsinafoundation.org,ibnsinafoundation.org,Dental,"Houston, TX",US,Candidate,,2026-09-07 10:55:35
Emergency Dental Care USA,https://www.emergencydental.com/se-houston,emergencydental.com,Dental,"Houston, TX",US,Candidate,,2026-09-07 10:55:38
Medical Center Dental Group,https://www.ingeniousdentistry.com,ingeniousdentistry.com,Dental,"Houston, TX",US,Candidate,,2026-09-07 10:55:44
Dentist Tree Of The Heights,http://www.dentisttreeheights.com,dentisttreeheights.com,Dental,"Houston, TX",US,Candidate,,2026-09-07 10:55:47
Urgent Dental Care of Houston,https://urgentdentalhub.com,urgentdentalhub.com,Dental,"Houston, TX",US,Candidate,,2026-09-07 10:55:49
FRESH DENTAL CARE Bellaire,https://www.freshdentalcare.com,freshdentalcare.com,Dental,"Houston, TX",US,Candidate,,2026-09-07 10:55:56
EZ Dental Clinic Houston,http://www.ezdentalclinic.com,ezdentalclinic.com,Dental,"Houston, TX",US,Candidate,,2026-09-07 10:56:01
Downtown Houston Dental,http://www.downtownhoustondentist.com,downtownhoustondentist.com,Dental,"Houston, TX",US,Candidate,,2026-09-07 10:56:07
Sunrise Dental Center,https://www.sunrisedentalsmile.com,sunrisedentalsmile.com,Dental,"Houston, TX",US,Candidate,,2026-09-07 10:56:11
Houston Skyline Dental,https://www.houstonskylinedental.net,houstonskylinedental.net,Dental,"Houston, TX",US,Candidate,,2026-09-07 10:56:14
Dental Care and Implants of South East Houston (Formerly Known As: A Dental Care - Gulfgate),https://www.dentalcareandimplants.com/locations/gulfgate-office-houston-tx,dentalcareandimplants.com,Dental,"Houston, TX",US,Candidate,,2026-09-07 10:56:19
Dr J Robert Friedberg & Associates,https://drfriedbergandassociates.com,drfriedbergandassociates.com,Dental,"Houston, TX",US,Candidate,,2026-09-07 10:56:29
Oral Family Dental,http://www.oralfamilydental.com,oralfamilydental.com,Dental,"Houston, TX",US,Candidate,,2026-09-07 10:56:31
EaDo Family Dental,https://www.eadofamilydental.com,eadofamilydental.com,Dental,"Houston, TX",US,Candidate,,2026-09-07 10:56:34
West U Family Dental,http://westufamilydental.com,westufamilydental.com,Dental,"Houston, TX",US,Candidate,,2026-09-07 10:56:36
Meyerland Family Dentistry PC,https://www.meyerlandfamilydentistry.com,meyerlandfamilydentistry.com,Dental,"Houston, TX",US,Candidate,,2026-09-07 10:56:44
Pearland Family Dentistry,https://www.familypearlanddentist.com,familypearlanddentist.com,Dental,"Houston, TX",US,Candidate,,2026-09-07 10:56:49
Houston Family Dental,http://www.houstonfamilydental.com,houstonfamilydental.com,Dental,"Houston, TX",US,Candidate,,2026-09-07 10:56:54
Acadian Family Dental,https://www.acadiandental.com,acadiandental.com,Dental,"Houston, TX",US,Candidate,,2026-09-07 10:57:01
Smile Dental Clinics,https://www.smiledentalclinics.com,smiledentalclinics.com,Dental,"Phoenix, AZ",US,Candidate,,2026-09-07 10:57:09
Downtown Phoenix Dental,https://www.downtownphoenixdental.com,downtownphoenixdental.com,Dental,"Phoenix, AZ",US,Candidate,,2026-09-07 10:57:23
Downtown Smiles Phoenix Dental Care,http://downtownsmilesphx.com,downtownsmilesphx.com,Dental,"Phoenix, AZ",US,Candidate,,2026-09-07 10:57:25
Bell Road Dental Care of Phoenix,https://www.bellroaddentalcare.com,bellroaddentalcare.com,Dental,"Phoenix, AZ",US,Candidate,,2026-09-07 10:57:29
Encanto Family Dental Care,https://www.encantofamilyaz.com,encantofamilyaz.com,Dental,"Phoenix, AZ",US,Candidate,,2026-09-07 10:57:35
Biltmore Dental Center,https://www.biltmoredentalcenter.com,biltmoredentalcenter.com,Dental,"Phoenix, AZ",US,Candidate,,2026-09-07 10:57:37
Dental on Central,https://www.dentaloncentral.com,dentaloncentral.com,Dental,"Phoenix, AZ",US,Candidate,,2026-09-07 10:57:41
Weekend Dental Care,https://www.weekend-dentalcare.com,weekend-dentalcare.com,Dental,"Phoenix, AZ",US,Candidate,,2026-09-07 10:57:42
19th Ave Dental Care,https://www.19avedentalcare.com,19avedentalcare.com,Dental,"Phoenix, AZ",US,Candidate,,2026-09-07 10:57:45
Central Valley Dentistry & Implants,https://www.centralvalleydentistry.com,centralvalleydentistry.com,Dental,"Phoenix, AZ",US,Candidate,,2026-09-07 10:57:46
Central Dental,https://www.centraldentalaz.com,centraldentalaz.com,Dental,"Phoenix, AZ",US,Candidate,,2026-09-07 10:57:48
Open Wide Dental,https://openwidedentalaz.com,openwidedentalaz.com,Dental,"Phoenix, AZ",US,Candidate,,2026-09-07 10:57:51
Clear Sky Dental Care Phoenix,https://www.clearskydentalcare.com,clearskydentalcare.com,Dental,"Phoenix, AZ",US,Candidate,,2026-09-07 10:58:00
Family Dental Phoenix,https://www.familydentalphx.com,familydentalphx.com,Dental,"Phoenix, AZ",US,Candidate,,2026-09-07 10:58:02
All Smiles Dental Care - Phoenix,https://allsmilesaz.net,allsmilesaz.net,Dental,"Phoenix, AZ",US,Candidate,,2026-09-07 10:58:05
24th Street Dental Biltmore,https://www.24streetdentalphoenix.com,24streetdentalphoenix.com,Dental,"Phoenix, AZ",US,Candidate,,2026-09-07 10:58:08
Biltmore Commons Dental Care,https://www.biltmorecommonsdental.com,biltmorecommonsdental.com,Dental,"Phoenix, AZ",US,Candidate,,2026-09-07 10:58:13
Healing Dentistry Biologic Dental office,http://healingdentistry.com,healingdentistry.com,Dental,"Phoenix, AZ",US,Candidate,,2026-09-07 10:58:16
Thomas Dental,https://thomasdentalphx.com,thomasdentalphx.com,Dental,"Phoenix, AZ",US,Candidate,,2026-09-07 10:58:19
Paradise Ridge Dentistry,https://phoenixarizonadentistry.com,phoenixarizonadentistry.com,Dental,"Phoenix, AZ",US,Candidate,,2026-09-07 10:58:21
Custom Dentures Lab,http://www.customdentures.us,customdentures.us,Dental,"Phoenix, AZ",US,Candidate,,2026-09-07 10:58:29
Sonoran Hills Dental,http://www.sonoranhillsdental.com,sonoranhillsdental.com,Dental,"Phoenix, AZ",US,Candidate,,2026-09-07 10:58:33
AZ Family Dental - Phoenix,https://www.azfd.com/locations/phoenix,azfd.com,Dental,"Phoenix, AZ",US,Candidate,,2026-09-07 10:58:38
North Central Family Dentistry,https://www.ncfdentistry.com,ncfdentistry.com,Dental,"Phoenix, AZ",US,Candidate,,2026-09-07 10:58:39
Arizona Family Dentistry,https://azfamilysmiles.com,azfamilysmiles.com,Dental,"Phoenix, AZ",US,Candidate,,2026-09-07 10:58:42
Whitman Dental Center,http://whitmandental.com,whitmandental.com,Dental,"Philadelphia, PA",US,Candidate,,2026-09-07 10:58:52
Philadelphia Dental - Broad St,https://www.philadelphiadental.com/locations/broad,philadelphiadental.com,Dental,"Philadelphia, PA",US,Candidate,,2026-09-07 10:58:53
Walnut Street Smiles,https://walnutstreetsmiles.com/our-office-philadelphia-pa,walnutstreetsmiles.com,Dental,"Philadelphia, PA",US,Candidate,,2026-09-07 10:58:56
Center City Emergency Dentist,https://www.centercityemergencydentists.com,centercityemergencydentists.com,Dental,"Philadelphia, PA",US,Candidate,,2026-09-07 10:59:02
Advanced Dentistry of Center City,https://www.centercityfamilydentist.com,centercityfamilydentist.com,Dental,"Philadelphia, PA",US,Candidate,,2026-09-07 10:59:04
Dentistry at 1818 Market Street,http://www.centercitydentist.com,centercitydentist.com,Dental,"Philadelphia, PA",US,Candidate,,2026-09-07 10:59:06
City Dental Arts,https://www.thecitydental.com,thecitydental.com,Dental,"Philadelphia, PA",US,Candidate,,2026-09-07 10:59:09
Pennsylvania Center for Dental Excellence,https://philadelphiapa.dentist,philadelphiapa.dentist,Dental,"Philadelphia, PA",US,Candidate,,2026-09-07 10:59:14
Dental Solutions Market Street,https://dentalsolutionscreatingsmiles.com/dentist-office/philadelphia-pa-19106,dentalsolutionscreatingsmiles.com,Dental,"Philadelphia, PA",US,Candidate,,2026-09-07 10:59:15
Center City Dental,https://www.centercitydentists.com,centercitydentists.com,Dental,"Philadelphia, PA",US,Candidate,,2026-09-07 10:59:17
Philadelphia Dentistry,https://www.phillydentistry.com,phillydentistry.com,Dental,"Philadelphia, PA",US,Candidate,,2026-09-07 10:59:22
The Philadelphia Dentist,https://www.thephiladelphiadentist.com,thephiladelphiadentist.com,Dental,"Philadelphia, PA",US,Candidate,,2026-09-07 10:59:24
Dentists On the Square,https://www.dentistsonthesquare.com,dentistsonthesquare.com,Dental,"Philadelphia, PA",US,Candidate,,2026-09-07 10:59:26
South Philly Dental,http://www.southphillydental.net,southphillydental.net,Dental,"Philadelphia, PA",US,Candidate,,2026-09-07 10:59:29
Pennsylvania Dental Group,http://www.padentalgroup.com,padentalgroup.com,Dental,"Philadelphia, PA",US,Candidate,,2026-09-07 10:59:34
Best Smile Dental,https://www.dentistcityave.com,dentistcityave.com,Dental,"Philadelphia, PA",US,Candidate,,2026-09-07 10:59:40
The Dental Spa Center City,http://www.phillydentalspa.com,phillydentalspa.com,Dental,"Philadelphia, PA",US,Candidate,,2026-09-07 10:59:44
Rittenhouse Dentists,https://rittenhousedentists.com,rittenhousedentists.com,Dental,"Philadelphia, PA",US,Candidate,,2026-09-07 10:59:53
Advanced Family Smiles - Philadelphia Dentist,https://www.afspc.com,afspc.com,Dental,"Philadelphia, PA",US,Candidate,,2026-09-07 10:59:54
Mayfair Family Dentistry,https://mayfairfamilydentistry.com,mayfairfamilydentistry.com,Dental,"Philadelphia, PA",US,Candidate,,2026-09-07 10:59:59
Penn Dental Family Practice at Locust Walk,https://mypenndentist.org/our-offices/penn-dental-locust-walk,mypenndentist.org,Dental,"Philadelphia, PA",US,Candidate,,2026-09-07 11:00:01
"East Falls Family Dentistry, LLC",http://drkimdmd.com,drkimdmd.com,Dental,"Philadelphia, PA",US,Candidate,,2026-09-07 11:00:03
Premiere Dental of Northeast Philadelphia - Family Dentistry,https://www.premieredental.com,premieredental.com,Dental,"Philadelphia, PA",US,Candidate,,2026-09-07 11:00:04
Andorra Family Dentistry,https://www.andorradental.com,andorradental.com,Dental,"Philadelphia, PA",US,Yes,"th.com"",""microsite.adit.com"",""book2.getweave.com"",""www.zocdoc.com"",""www.appoin",2026-09-07 11:00:16
Complete Care Family Dentistry LLC,http://completecarefamilydentistry.com,completecarefamilydentistry.com,Dental,"Philadelphia, PA",US,Candidate,,2026-09-07 11:00:19
South Park Family Dental,https://safamilydentalcare.com,safamilydentalcare.com,Dental,"San Antonio, TX",US,Candidate,,2026-09-07 11:00:28
24th Street Dental Care,http://www.san-antonio-dentist.net,san-antonio-dentist.net,Dental,"San Antonio, TX",US,Candidate,,2026-09-07 11:00:33
Emergency Dental Care San Antonio,https://www.emergencydentalcaresanantonio.com,emergencydentalcaresanantonio.com,Dental,"San Antonio, TX",US,Candidate,,2026-09-07 11:00:34
City Base Dental Care,https://citybasedentalcare.com,citybasedentalcare.com,Dental,"San Antonio, TX",US,Candidate,,2026-09-07 11:00:36
The Dental Space,https://www.dentalspacesa.com,dentalspacesa.com,Dental,"San Antonio, TX",US,Candidate,,2026-09-07 11:00:38
Hildebrand Family Dental Care,https://www.hildebrandfamilydental.com,hildebrandfamilydental.com,Dental,"San Antonio, TX",US,Candidate,,2026-09-07 11:00:41
CommuniCare - BLVD Dental,https://communicaresa.org/locations/san-antonio-locations/blvd-dental,communicaresa.org,Dental,"San Antonio, TX",US,Candidate,,2026-09-07 11:00:43
Ultimate Dental Care,http://ultimatedentalcaresa.com,ultimatedentalcaresa.com,Dental,"San Antonio, TX",US,Candidate,,2026-09-07 11:00:46
Rio Dental Emergency Dentist San Antonio,https://www.riodentaltx.com,riodentaltx.com,Dental,"San Antonio, TX",US,Candidate,,2026-09-07 11:00:50
Dental Defenders,https://www.dentaldefenderssa.com,dentaldefenderssa.com,Dental,"San Antonio, TX",US,Candidate,,2026-09-07 11:00:53
Texas Dental,https://www.texas-dental.com,texas-dental.com,Dental,"San Antonio, TX",US,Candidate,,2026-09-07 11:00:55
Luna Dental,https://www.lunadentalsanantonio.com,lunadentalsanantonio.com,Dental,"San Antonio, TX",US,Candidate,,2026-09-07 11:00:58
Olmos Park Dental,http://olmosparkdental.com,olmosparkdental.com,Dental,"San Antonio, TX",US,Candidate,,2026-09-07 11:01:02
Galaxia Dental,http://galaxiadentalsa.com,galaxiadentalsa.com,Dental,"San Antonio, TX",US,Candidate,,2026-09-07 11:01:04
North Babcock Dental Care - Dentist In San Antonio,https://www.northbabcockdentalcare.com,northbabcockdentalcare.com,Dental,"San Antonio, TX",US,Candidate,,2026-09-07 11:01:06
Gloss Dental - San Antonio,https://glossdentalsanantonio.com,glossdentalsanantonio.com,Dental,"San Antonio, TX",US,Candidate,,2026-09-07 11:01:07
All Smiles Dental Center,https://www.allsmilesdentalcenter.com,allsmilesdentalcenter.com,Dental,"San Antonio, TX",US,Candidate,,2026-09-07 11:01:10
Villa Dental,http://www.villadentaltexas.com,villadentaltexas.com,Dental,"San Antonio, TX",US,Candidate,,2026-09-07 11:01:12
Super Dentists,https://www.superdentistssanantonio.com,superdentistssanantonio.com,Dental,"San Antonio, TX",US,Candidate,,2026-09-07 11:01:15
Rosewood Dental,http://www.rosewooddental.net,rosewooddental.net,Dental,"San Antonio, TX",US,Candidate,,2026-09-07 11:01:16
CosmetoDent,http://www.mycosmetodent.com,mycosmetodent.com,Dental,"San Antonio, TX",US,Candidate,,2026-09-07 11:01:19
De Zavala Dental,http://www.dezavala-dental.com,dezavala-dental.com,Dental,"San Antonio, TX",US,Candidate,,2026-09-07 11:01:20
6 to 9 Dental Texas,http://www.vphumphrey2dds.com,vphumphrey2dds.com,Dental,"San Antonio, TX",US,Candidate,,2026-09-07 11:01:22
Elite Dental - Mohan Raj Jaganathan DDS & Veena Raja DDS PhD,https://elitedentaloffice.com/our-locations/san-antonio,elitedentaloffice.com,Dental,"San Antonio, TX",US,Candidate,,2026-09-07 11:01:33
Culebra Family Dentistry & Orthodontics,https://www.culebrafd.com,culebrafd.com,Dental,"San Antonio, TX",US,Candidate,,2026-09-07 11:01:37
La Mesa Family Dentistry,http://lamesafamilydentistry.com,lamesafamilydentistry.com,Dental,"San Diego, CA",US,Candidate,,2026-09-07 11:01:57
Goodman Orthodontics,https://www.goodmanortho.com,goodmanortho.com,Dental,"San Diego, CA",US,Candidate,,2026-09-07 11:02:00
Cabrillo Dental,http://www.cabrillodental.com,cabrillodental.com,Dental,"San Diego, CA",US,Candidate,,2026-09-07 11:02:02
Mesa Dental,https://mesadentalsd.com,mesadentalsd.com,Dental,"San Diego, CA",US,Candidate,,2026-09-07 11:02:05
Carmel Mountain Dental Care,https://www.carmelmtndentalcare.com,carmelmtndentalcare.com,Dental,"San Diego, CA",US,Candidate,,2026-09-07 11:02:07
Fifth Avenue Dental Arts,https://mydentistsandiego.com,mydentistsandiego.com,Dental,"San Diego, CA",US,Candidate,,2026-09-07 11:02:08
Ocean Dental Care,http://www.oceanbeachdental.com,oceanbeachdental.com,Dental,"San Diego, CA",US,Candidate,,2026-09-07 11:02:12
Bella Vita Dental Hillcrest,https://www.bellavitadental.com,bellavitadental.com,Dental,"San Diego, CA",US,Candidate,,2026-09-07 11:02:17
Coastal Dental Arts,https://www.coastaldentalarts.com,coastaldentalarts.com,Dental,"San Diego, CA",US,Candidate,,2026-09-07 11:02:21
Blue Wave Dental Care,https://bluewavedentalcare.com,bluewavedentalcare.com,Dental,"San Diego, CA",US,Candidate,,2026-09-07 11:02:25
San Diego Dental Health Center,https://sd-dhc.com,sd-dhc.com,Dental,"San Diego, CA",US,Candidate,,2026-09-07 11:02:27
Mission Valley Dental Arts,https://www.missionvalleydentalarts.com,missionvalleydentalarts.com,Dental,"San Diego, CA",US,Candidate,,2026-09-07 11:02:32
Brighton Dental,http://www.brightondentalsd.com,brightondentalsd.com,Dental,"San Diego, CA",US,Candidate,,2026-09-07 11:02:38
Emergency Dentist Mission Valley,https://emergencydentistmissionvalley.com,emergencydentistmissionvalley.com,Dental,"San Diego, CA",US,Candidate,,2026-09-07 11:02:40
"New Smile Dentistry - San Diego, CA",https://newsmiledentistrysd.com,newsmiledentistrysd.com,Dental,"San Diego, CA",US,Candidate,,2026-09-07 11:02:44
3rd Avenue Complete Family Dental,https://3rdavedentistry.com,3rdavedentistry.com,Dental,"San Diego, CA",US,Candidate,,2026-09-07 11:02:47
A+ Family Dentistry,https://aplusfamilydentistry.com/locations-2/san-diego,aplusfamilydentistry.com,Dental,"San Diego, CA",US,Candidate,,2026-09-07 11:02:48
Smile Mission Valley Dental Center,https://www.smilemissionvalley.com,smilemissionvalley.com,Dental,"San Diego, CA",US,Candidate,,2026-09-07 11:02:52
San Diego Family Care (Dental Clinic),https://sdfamilycare.org/services/dental,sdfamilycare.org,Dental,"San Diego, CA",US,Candidate,,2026-09-07 11:02:54
Mission Valley Dentists,https://www.missionvalleydentists.com,missionvalleydentists.com,Dental,"San Diego, CA",US,Candidate,,2026-09-07 11:02:55
San Diego Emergency Family Dentist Reza Kasiri,https://24-7emergencydental.com,24-7emergencydental.com,Dental,"San Diego, CA",US,Candidate,,2026-09-07 11:02:58
Mesa Family Dental,https://mesafamilydental.com,mesafamilydental.com,Dental,"San Diego, CA",US,Candidate,,2026-09-07 11:03:10
Pacific Beach Family Dental,https://pbfamilydental.com,pbfamilydental.com,Dental,"San Diego, CA",US,Candidate,,2026-09-07 11:03:13
Friendly Family Dental,http://www.friendlyfamilydentalsd.com,friendlyfamilydentalsd.com,Dental,"San Diego, CA",US,Candidate,,2026-09-07 11:03:16
Clairemont Family Dental Group,https://clairemontfamilydental.com/index.html,clairemontfamilydental.com,Dental,"San Diego, CA",US,Candidate,,2026-09-07 11:03:19
Prism Health North Texas Dental Care,https://www.phntx.org/locations/phntx-dental-care-east-dallas,phntx.org,Dental,"Dallas, TX",US,Candidate,,2026-09-07 11:03:29
Royal Lane Dental Center - Best Dentist in Dallas | Clear Aligners and Veneers in Dallas,https://www.royallanedental.com,royallanedental.com,Dental,"Dallas, TX",US,Candidate,,2026-09-07 11:03:33
Oak Cliff Dental Center,https://oakcliffdentalcenter.com,oakcliffdentalcenter.com,Dental,"Dallas, TX",US,Candidate,,2026-09-07 11:03:35
Park Central Dental,https://www.parkcentraldentaltx.com,parkcentraldentaltx.com,Dental,"Dallas, TX",US,Candidate,,2026-09-07 11:03:40
Atlantis Dental,https://www.atlantisdentalcare.com,atlantisdentalcare.com,Dental,"Dallas, TX",US,Candidate,,2026-09-07 11:03:41
Clinica Dental of Texas,https://clinicadentaltx.com,clinicadentaltx.com,Dental,"Dallas, TX",US,Candidate,,2026-09-07 11:03:43
White Rock Dental,https://primedds.com/dentist/dallas/white-rock-dental,primedds.com,Dental,"Dallas, TX",US,Candidate,,2026-09-07 11:03:44
Midtown Family Dentistry,https://www.midtowndentistrydallas.com,midtowndentistrydallas.com,Dental,"Dallas, TX",US,Yes,"!--<script defer src=""https://book.getweave.com/schedule/147a1351-bd8e-4eb9-a",2026-09-07 11:03:49
Monroe Dental Clinic,http://www.monroedentalclinicdallas.com,monroedentalclinicdallas.com,Dental,"Dallas, TX",US,Candidate,,2026-09-07 11:03:54
Jefferson Dental & Orthodontics - Dallas Dentist,https://www.jeffersondentalclinics.com/locations/clinic/dallas-east-dallas,jeffersondentalclinics.com,Dental,"Dallas, TX",US,Candidate,,2026-09-07 11:03:59
Lakewood Family Dental Care - Dallas,https://www.lakewoodfamilydental.com,lakewoodfamilydental.com,Dental,"Dallas, TX",US,Candidate,,2026-09-07 11:04:04
Dallas Dental Arts,http://dallasdentalspa.com,dallasdentalspa.com,Dental,"Dallas, TX",US,Candidate,,2026-09-07 11:04:11
All Care Dental - Dallas,https://www.myallcarefamilydental.com,myallcarefamilydental.com,Dental,"Dallas, TX",US,Candidate,,2026-09-07 11:04:16
Dental Center of Lakewood,https://www.dentalcenteroflakewood.com,dentalcenteroflakewood.com,Dental,"Dallas, TX",US,Candidate,,2026-09-07 11:04:19
Ross Avenue Family Dental of Dallas,https://www.rossavefamilydental.com,rossavefamilydental.com,Dental,"Dallas, TX",US,Candidate,,2026-09-07 11:04:23
Soleil Dental,https://www.mysoleildental.com,mysoleildental.com,Dental,"Dallas, TX",US,Candidate,,2026-09-07 11:04:26
Sherry Lane Dental Office,http://www.sherrylanedental.com,sherrylanedental.com,Dental,"Dallas, TX",US,Candidate,,2026-09-07 11:04:28
Bravo! Dental,http://bravodentaldallas.com,bravodentaldallas.com,Dental,"Dallas, TX",US,Candidate,,2026-09-07 11:04:32
Texas Smile Dental Center,https://bestdentistintexas.com/texas-smile-dental-center-in-dallas,bestdentistintexas.com,Dental,"Dallas, TX",US,Candidate,,2026-09-07 11:04:33
Skillman Family Dentistry of Dallas,https://www.skillmanfamilydentistry.com,skillmanfamilydentistry.com,Dental,"Dallas, TX",US,Candidate,,2026-09-07 11:04:44
OakHeights Family Dental & Orthodontics - Dentist in Dallas,http://affordabledallasdentist.com,affordabledallasdentist.com,Dental,"Dallas, TX",US,Candidate,,2026-09-07 11:04:48
Henderson Family Dental,https://www.hfdentist.com,hfdentist.com,Dental,"Dallas, TX",US,Candidate,,2026-09-07 11:04:49
Illinois Family Dentistry,https://illinoisdentistrydallas.com,illinoisdentistrydallas.com,Dental,"Dallas, TX",US,Candidate,,2026-09-07 11:04:51
Lancaster Family Dentistry,https://lancasterfamilydds.com,lancasterfamilydds.com,Dental,"Dallas, TX",US,Candidate,,2026-09-07 11:04:55
North Dallas Family Dental,http://www.northdallasfamilydental.com,northdallasfamilydental.com,Dental,"Dallas, TX",US,Candidate,,2026-09-07 11:05:03
Aloha Dental,https://www.aloha-dental.com,aloha-dental.com,Dental,"Austin, TX",US,Candidate,,2026-09-07 11:05:12
ATX Family Dental,https://www.atxfamilydental.com,atxfamilydental.com,Dental,"Austin, TX",US,Candidate,,2026-09-07 11:05:18
River Rock Dental Austin - Mueller,https://riverrockdentalfamily.com/locations/mueller,riverrockdentalfamily.com,Dental,"Austin, TX",US,Candidate,,2026-09-07 11:05:20
Emergency Dentist of Austin,https://emergencydentistofaustin.com,emergencydentistofaustin.com,Dental,"Austin, TX",US,Candidate,,2026-09-07 11:05:23
"Austin Dental Center, PC",https://www.smileaustin.com,smileaustin.com,Dental,"Austin, TX",US,Candidate,,2026-09-07 11:05:27
Austin Dental Works,https://www.austindentalworks.com,austindentalworks.com,Dental,"Austin, TX",US,Candidate,,2026-09-07 11:05:33
Tech Ridge Dental,http://www.techridgedental.com,techridgedental.com,Dental,"Austin, TX",US,Candidate,,2026-09-07 11:05:37
Shoal Creek Dental Care,https://www.shoalcreekdentalclinicaustin.com,shoalcreekdentalclinicaustin.com,Dental,"Austin, TX",US,Candidate,,2026-09-07 11:05:43
Breeze Dental,https://www.breezeoralcare.com,breezeoralcare.com,Dental,"Austin, TX",US,Candidate,,2026-09-07 11:05:51
South Austin Dentist,http://southaustindentisttx.com,southaustindentisttx.com,Dental,"Austin, TX",US,Candidate,,2026-09-07 11:05:53
Swish Dental Downtown,https://www.swishsmiles.com/location/downtown,swishsmiles.com,Dental,"Austin, TX",US,Candidate,,2026-09-07 11:05:58
The Dental Centre,https://www.dentalcentreaustin.com,dentalcentreaustin.com,Dental,"Austin, TX",US,Yes,""");     script.src = ""https://book.getweave.com/text-connect/8dbd979e-e67b-41",2026-09-07 11:06:01
Austin Emergency Dental,https://emergencydentalaustin.com,emergencydentalaustin.com,Dental,"Austin, TX",US,Candidate,,2026-09-07 11:06:04
Advanced Dental Care of Austin,https://www.advanceddentalcareofaustin.com,advanceddentalcareofaustin.com,Dental,"Austin, TX",US,Candidate,,2026-09-07 11:06:09
The Tooth Inc,https://www.toothinctx.com,toothinctx.com,Dental,"Austin, TX",US,Candidate,,2026-09-07 11:06:14
38th Street Dental,https://www.myaustindds.com,myaustindds.com,Dental,"Austin, TX",US,Yes,"cheme-0-button"" href=""https://book2.getweave.com/f2cbba37-0a05-42c5-84a2-44f38",2026-09-07 11:06:20
Forest Family Dentistry - Eastside,https://www.forestfamily.com,forestfamily.com,Dental,"Austin, TX",US,Candidate,,2026-09-07 11:06:23
Treaty Oak Dental,https://treatyoakdental.com,treatyoakdental.com,Dental,"Austin, TX",US,Candidate,,2026-09-07 11:06:26
Define Dentistry of Austin,https://www.definedentistry.com,definedentistry.com,Dental,"Austin, TX",US,Candidate,,2026-09-07 11:06:37
Family Dentistry on Manchaca,https://familydentistryonmanchaca.com,familydentistryonmanchaca.com,Dental,"Austin, TX",US,Candidate,,2026-09-07 11:06:38
"Austin Family Dentistry, PLLC",https://austinfamilydds.com,austinfamilydds.com,Dental,"Austin, TX",US,Candidate,,2026-09-07 11:06:41
Pecan Park Family Dentistry,https://pecanparkdentistry.com,pecanparkdentistry.com,Dental,"Austin, TX",US,Candidate,,2026-09-07 11:06:44
Walton Family Dentistry,http://waltonfamilydentistry.com,waltonfamilydentistry.com,Dental,"Austin, TX",US,Candidate,,2026-09-07 11:06:47
Magnolia Family Dentistry,https://magnoliadentistryatx.com,magnoliadentistryatx.com,Dental,"Austin, TX",US,Candidate,,2026-09-07 11:06:50
Northwest Austin Family Dentistry,https://www.nwaustinfamilydentistry.com,nwaustinfamilydentistry.com,Dental,"Austin, TX",US,Candidate,,2026-09-07 11:06:56
Dental Center of Jacksonville,https://dentalcenterjacksonville.com,dentalcenterjacksonville.com,Dental,"Jacksonville, FL",US,Candidate,,2026-09-07 11:07:05
Jacksonville Emergency and Family Dental Care - University,https://www.jaxemergencydental.com,jaxemergencydental.com,Dental,"Jacksonville, FL",US,Candidate,,2026-09-07 11:07:10
904 Dental Care,https://www.904dentalcare.com,904dentalcare.com,Dental,"Jacksonville, FL",US,Candidate,,2026-09-07 11:07:14
ASAP Dental Care,https://www.asapdentalcare.com,asapdentalcare.com,Dental,"Jacksonville, FL",US,Candidate,,2026-09-07 11:07:16
Harbour Dental Care - University Blvd,https://harbourdental.care/university,harbourdental.care,Dental,"Jacksonville, FL",US,Candidate,,2026-09-07 11:07:25
All Smiles On Riverside,https://allsmilesonriverside.com,allsmilesonriverside.com,Dental,"Jacksonville, FL",US,Candidate,,2026-09-07 11:07:29
Downtown Dental Jax,http://downtowndentaljax.com,downtowndentaljax.com,Dental,"Jacksonville, FL",US,Candidate,,2026-09-07 11:07:30
Argyle Dental Center,https://www.argyledentalcenter.com,argyledentalcenter.com,Dental,"Jacksonville, FL",US,Candidate,,2026-09-07 11:07:32
North Jacksonville Complete Dentistry,https://www.northjacksonvillecompletedentistry.com,northjacksonvillecompletedentistry.com,Dental,"Jacksonville, FL",US,Candidate,,2026-09-07 11:07:37
Riverside Dental,https://www.riverside-dental.com,riverside-dental.com,Dental,"Jacksonville, FL",US,Candidate,,2026-09-07 11:07:40
Jacksonville Complete Dentistry,https://jacksonvillecompletedentistry.com,jacksonvillecompletedentistry.com,Dental,"Jacksonville, FL",US,Candidate,,2026-09-07 11:07:43
Dental Care on Yellow Bluff,http://dentalcareonyellowbluff.com,dentalcareonyellowbluff.com,Dental,"Jacksonville, FL",US,Candidate,,2026-09-07 11:07:45
Lakeside Dental Center,http://lakesidedentalcenter.com,lakesidedentalcenter.com,Dental,"Jacksonville, FL",US,Candidate,,2026-09-07 11:07:47
Amiable Dental Care - Jacksonville,https://www.amiabledentalcare.com,amiabledentalcare.com,Dental,"Jacksonville, FL",US,Candidate,,2026-09-07 11:07:51
Advanced Dental Care of Mandarin,https://www.adc-fl.com/dentist-office/jacksonville-fl-32257,adc-fl.com,Dental,"Jacksonville, FL",US,Candidate,,2026-09-07 11:07:55
Thrive Dental Care,http://www.thrivedentaljax.com,thrivedentaljax.com,Dental,"Jacksonville, FL",US,Candidate,,2026-09-07 11:07:59
Jacksonville Family Dentistry,http://www.jaxfamilydentistry.com,jaxfamilydentistry.com,Dental,"Jacksonville, FL",US,Candidate,,2026-09-07 11:08:10
Baymeadows Family Dentistry,https://baymeadowsfamilydentistry.com,baymeadowsfamilydentistry.com,Dental,"Jacksonville, FL",US,Candidate,,2026-09-07 11:08:16
Blue Wave Dental,http://dentalbluewave.com,dentalbluewave.com,Dental,"Jacksonville, FL",US,Candidate,,2026-09-07 11:08:22
Oasis Family Dentistry of Jacksonville,http://dentist-jacksonville.com,dentist-jacksonville.com,Dental,"Jacksonville, FL",US,Candidate,,2026-09-07 11:08:25
Oakleaf Family Dentistry,http://oakleaffamilydentistry.com,oakleaffamilydentistry.com,Dental,"Jacksonville, FL",US,Candidate,,2026-09-07 11:08:27
Hidden Hills Family Dentistry,https://hiddenhillsfamilydentistry.com,hiddenhillsfamilydentistry.com,Dental,"Jacksonville, FL",US,Candidate,,2026-09-07 11:08:31
Hodges Family & Cosmetic Dentistry,http://hodgescosmeticdental.com,hodgescosmeticdental.com,Dental,"Jacksonville, FL",US,Candidate,,2026-09-07 11:08:38
Jax Beaches Family Dentistry,http://www.jacksonvillebeachdentist.com,jacksonvillebeachdentist.com,Dental,"Jacksonville, FL",US,Candidate,,2026-09-07 11:08:46
Beacon Family Dentistry,http://www.beaconfamilydentistry.com,beaconfamilydentistry.com,Dental,"Jacksonville, FL",US,Candidate,,2026-09-07 11:08:47
Fort Dental,https://www.fortdentaltx.com,fortdentaltx.com,Dental,"Fort Worth, TX",US,Candidate,,2026-09-07 11:08:58
Texas Implant & Dental Center,https://www.texasdentureclinic.com,texasdentureclinic.com,Dental,"Fort Worth, TX",US,Candidate,,2026-09-07 11:09:01
8th Avenue Dental,https://www.8thavenuedental.com,8thavenuedental.com,Dental,"Fort Worth, TX",US,Candidate,,2026-09-07 11:09:05
Affordable Dentist Near Me of Fort Worth,https://affordabledentistnearme.com/locations/fort-worth,affordabledentistnearme.com,Dental,"Fort Worth, TX",US,Candidate,,2026-09-07 11:09:07
Fort Worth Dentist,https://www.fortworthdentist.com,fortworthdentist.com,Dental,"Fort Worth, TX",US,Candidate,,2026-09-07 11:09:08
Harris Parkway Dental Care,https://www.harrisparkwaydental.com,harrisparkwaydental.com,Dental,"Fort Worth, TX",US,Candidate,,2026-09-07 11:09:15
7 Day Dental,http://www.7daydentalcenter.com,7daydentalcenter.com,Dental,"Fort Worth, TX",US,Candidate,,2026-09-07 11:09:17
Fort Worth Dental,https://fortworthdental.com,fortworthdental.com,Dental,"Fort Worth, TX",US,Candidate,,2026-09-07 11:09:20
Prestige Dental of Fort Worth,https://prestigedentalfortworth.com,prestigedentalfortworth.com,Dental,"Fort Worth, TX",US,Candidate,,2026-09-07 11:09:23
Refresh Smiles,https://refreshsmilesdfw.com,refreshsmilesdfw.com,Dental,"Fort Worth, TX",US,Candidate,,2026-09-07 11:09:24
Smile Muse Spa,https://smilemusespa.com,smilemusespa.com,Dental,"Fort Worth, TX",US,Candidate,,2026-09-07 11:09:28
Fort Worth Cosmetic & Family Dentistry,https://www.ngreendental.com,ngreendental.com,Dental,"Fort Worth, TX",US,Candidate,,2026-09-07 11:09:34
Smile Fort Worth,https://smilefortworth.com,smilefortworth.com,Dental,"Fort Worth, TX",US,Candidate,,2026-09-07 11:09:37
HWY 30 Family Dental Clinic,http://www.myhwy30dental.com,myhwy30dental.com,Dental,"Fort Worth, TX",US,Candidate,,2026-09-07 11:09:39
Titanium Dental Of Fort Worth,https://dentistfwtx.com,dentistfwtx.com,Dental,"Fort Worth, TX",US,Candidate,,2026-09-07 11:09:43
White Settlement Family Dentistry,https://www.fortworthdentistwhitesettlement.com,fortworthdentistwhitesettlement.com,Dental,"Fort Worth, TX",US,Candidate,,2026-09-07 11:09:53
Brown Family Dentistry,https://brownfd.com,brownfd.com,Dental,"Fort Worth, TX",US,Candidate,,2026-09-07 11:09:55
Freedom Family Dental - Fort Worth,https://www.freedomfamilydental.com/location-dentist-fort-worth-tx,freedomfamilydental.com,Dental,"Fort Worth, TX",US,Candidate,,2026-09-07 11:09:59
Hulen Crossing Family Dental,https://hulencrossingdental.com,hulencrossingdental.com,Dental,"Fort Worth, TX",US,Candidate,,2026-09-07 11:10:06
Howard Family Dental,http://howardfamilydental.net,howardfamilydental.net,Dental,"Fort Worth, TX",US,Candidate,,2026-09-07 11:10:08
Westcliff Family Dentistry,https://westclifffamilydentistry.com,westclifffamilydentistry.com,Dental,"Fort Worth, TX",US,Candidate,,2026-09-07 11:10:12
Bear Creek Family Dentistry,https://www.bearcreekfamilydentistry.com,bearcreekfamilydentistry.com,Dental,"Fort Worth, TX",US,Candidate,,2026-09-07 11:10:19
Lake Family Dental,https://mylakefamilydentistry.com,mylakefamilydentistry.com,Dental,"Fort Worth, TX",US,Candidate,,2026-09-07 11:10:24
My Family Dental,http://www.myfamilydentaltx.com,myfamilydentaltx.com,Dental,"Fort Worth, TX",US,Candidate,,2026-09-07 11:10:26
Fossil Ridge Family Dentistry,http://fossilridgedentistry.com,fossilridgedentistry.com,Dental,"Fort Worth, TX",US,Candidate,,2026-09-07 11:10:33
Grandview Dental Care,https://www.grandviewdentalcare.com,grandviewdentalcare.com,Dental,"Columbus, OH",US,Candidate,,2026-09-07 11:10:56
Alum Creek Dental Care,https://www.alumcreekdental.com,alumcreekdental.com,Dental,"Columbus, OH",US,Candidate,,2026-09-07 11:11:01
The Dental Center at Easton,https://www.eastondentists.com,eastondentists.com,Dental,"Columbus, OH",US,Candidate,,2026-09-07 11:11:02
Ohio Dental Clinic,http://www.ohiodentalclinic.com,ohiodentalclinic.com,Dental,"Columbus, OH",US,Candidate,,2026-09-07 11:11:04
Dennison Dental Care,https://drkatya.com,drkatya.com,Dental,"Columbus, OH",US,Candidate,,2026-09-07 11:11:06
Merion Village Dental,https://www.merionvillagedental.com,merionvillagedental.com,Dental,"Columbus, OH",US,Candidate,,2026-09-07 11:11:13
Emergency Dental of Columbus,https://emergencydentalofcolumbus.com,emergencydentalofcolumbus.com,Dental,"Columbus, OH",US,Candidate,,2026-09-07 11:11:17
US Dental and Medical Care,https://usdentalmedical.com,usdentalmedical.com,Dental,"Columbus, OH",US,Candidate,,2026-09-07 11:11:18
Capstone Dental Downtown,https://www.mycapstonedental.com/locations/columbus,mycapstonedental.com,Dental,"Columbus, OH",US,Candidate,,2026-09-07 11:11:21
Ohio State Dental Center,https://dentalcenter.osu.edu,dentalcenter.osu.edu,Dental,"Columbus, OH",US,Candidate,,2026-09-07 11:11:23
Ohio Cosmetic Dentists,https://www.ohiocosmeticdentists.com,ohiocosmeticdentists.com,Dental,"Columbus, OH",US,Yes,"tn-tertiary""> <a href=https://book2.getweave.com/966ad7dc-d900-4804-9b45-445b3",2026-09-07 11:11:28
Lifetime Dental Health,https://lifetimedentalcolumbus.com,lifetimedentalcolumbus.com,Dental,"Columbus, OH",US,Candidate,,2026-09-07 11:11:29
Gentle Family Dental Care,https://www.gentlefamilydentalcare.com,gentlefamilydentalcare.com,Dental,"Columbus, OH",US,Candidate,,2026-09-07 11:11:30
Columbus Family Dental Care,http://www.columbusfamilydentalcare.com,columbusfamilydentalcare.com,Dental,"Columbus, OH",US,Candidate,,2026-09-07 11:11:35
Capital City Dental,http://www.capitalcitydental.com,capitalcitydental.com,Dental,"Columbus, OH",US,Yes,"<script defer="""" src=""https://book.getweave.com/text-connect/f05c6975-51cc-4e",2026-09-07 11:11:39
Capitol Square Dental,http://toothfamilydental.com,toothfamilydental.com,Dental,"Columbus, OH",US,Candidate,,2026-09-07 11:11:44
The Smile Method: Upper Arlington/Riverside Hospital,https://www.thesmilemethodllc.com/upper-arlington,thesmilemethodllc.com,Dental,"Columbus, OH",US,Candidate,,2026-09-07 11:11:46
Creative Smiles,https://www.creativesmilescolumbus.com,creativesmilescolumbus.com,Dental,"Columbus, OH",US,Yes,"th.com"",""microsite.adit.com"",""book2.getweave.com"",""www.zocdoc.com"",""www.appoin",2026-09-07 11:11:50
Premier Dental Care of Columbus,http://www.premierdentalcolumbus.com,premierdentalcolumbus.com,Dental,"Columbus, OH",US,Candidate,,2026-09-07 11:11:57
Susan K Wilson DDS,http://www.hotsmiledental.com,hotsmiledental.com,Dental,"Columbus, OH",US,Candidate,,2026-09-07 11:12:04
DiMichaelangelo Family Dentistry,https://healthysmiles.com/book,healthysmiles.com,Dental,"Columbus, OH",US,Candidate,,2026-09-07 11:12:05
Fulks Family Dental,https://www.dentaldesignsofarlington.com,dentaldesignsofarlington.com,Dental,"Columbus, OH",US,Candidate,,2026-09-07 11:12:11
Norton Family Dental,https://www.nortonfamilydentalcare.com,nortonfamilydentalcare.com,Dental,"Columbus, OH",US,Candidate,,2026-09-07 11:12:15
Polaris Family Dental,https://www.polarisfamilydental.com,polarisfamilydental.com,Dental,"Columbus, OH",US,Yes,"!--<script defer src=""https://book.getweave.com/schedule/c0350cf3-ad7f-4af7-b",2026-09-07 11:12:22
Carroll Family Dental,https://www.carrollfamilydental.net,carrollfamilydental.net,Dental,"Columbus, OH",US,Candidate,,2026-09-07 11:12:24
Charlotte Family Dentistry,https://cltfamilydentistry.com,cltfamilydentistry.com,Dental,"Charlotte, NC",US,Candidate,,2026-09-07 11:12:51
Family Dental Care- Charlotte,https://www.midentistafamiliar.com,midentistafamiliar.com,Dental,"Charlotte, NC",US,Candidate,,2026-09-07 11:12:54
Family Dentistry at Wells Fargo CIC,http://wfcicdental.com,wfcicdental.com,Dental,"Charlotte, NC",US,Candidate,,2026-09-07 11:13:01
Family Dentistry on Montford,http://www.familydentistryonmontford.com,familydentistryonmontford.com,Dental,"Charlotte, NC",US,Candidate,,2026-09-07 11:13:07
Family Dental Choice,https://www.familydentalchoice.net,familydentalchoice.net,Dental,"Charlotte, NC",US,Candidate,,2026-09-07 11:13:10
Charlotte Dentistry,https://www.charlottedentistry.com,charlottedentistry.com,Dental,"Charlotte, NC",US,Candidate,,2026-09-07 11:13:23
Ballantyne Family Dental,https://www.ballantynefamilydental.com,ballantynefamilydental.com,Dental,"Charlotte, NC",US,Candidate,,2026-09-07 11:13:25
Vista Family Dentistry,https://vistafamilydentistrync.com,vistafamilydentistrync.com,Dental,"Charlotte, NC",US,Candidate,,2026-09-07 11:13:28
Urban Family Dental,https://www.urbanfamilydental.com,urbanfamilydental.com,Dental,"Charlotte, NC",US,Candidate,,2026-09-07 11:13:33
Holt Family Dentistry,https://www.holtfamilydentistry.com,holtfamilydentistry.com,Dental,"Charlotte, NC",US,Candidate,,2026-09-07 11:13:37
Mallard Creek Family Dentistry,https://www.mallardcreekdentistry.com,mallardcreekdentistry.com,Dental,"Charlotte, NC",US,Candidate,,2026-09-07 11:13:40
Ayrsley Family Dentistry,https://www.ayrsleyfamilydentistry.com,ayrsleyfamilydentistry.com,Dental,"Charlotte, NC",US,Candidate,,2026-09-07 11:13:43
Genesis Family Dentistry - Plaza Midwood,https://genesisfamilydentistrync.com,genesisfamilydentistrync.com,Dental,"Charlotte, NC",US,Candidate,,2026-09-07 11:13:46
Cotswold Family Dentistry,http://cotswoldfamilydentistry.com,cotswoldfamilydentistry.com,Dental,"Charlotte, NC",US,Candidate,,2026-09-07 11:13:48
South Charlotte Family & Cosmetic Dentistry,http://southcharlottedentistry.com,southcharlottedentistry.com,Dental,"Charlotte, NC",US,Candidate,,2026-09-07 11:13:50
Leary Family Dentistry,https://learyfamilydentistry.com,learyfamilydentistry.com,Dental,"Charlotte, NC",US,Candidate,,2026-09-07 11:13:54
McNeely and Mallette Family Dental Group,https://www.smilecarolina.com,smilecarolina.com,Dental,"Charlotte, NC",US,Candidate,,2026-09-07 11:14:01
Serenity Family Dentistry,https://www.serenityfamilydental.com,serenityfamilydental.com,Dental,"Charlotte, NC",US,Candidate,,2026-09-07 11:14:04
Vann Family Dental,http://www.vannfamilydental.org,vannfamilydental.org,Dental,"Charlotte, NC",US,Candidate,,2026-09-07 11:14:07
24/7 Dental - Emergency Dental Care,https://247dental.com/locations/indianapolis-in-w-10th,247dental.com,Dental,"Indianapolis, IN",US,Candidate,,2026-09-07 11:14:16
My Indy Dental Center,https://myindydental.com,myindydental.com,Dental,"Indianapolis, IN",US,Candidate,,2026-09-07 11:14:20
East Indy Dental Care,https://www.eastindydentalcare.com,eastindydentalcare.com,Dental,"Indianapolis, IN",US,Candidate,,2026-09-07 11:14:21
Meridian Dental Center,http://www.meridiandentistry.com,meridiandentistry.com,Dental,"Indianapolis, IN",US,Candidate,,2026-09-07 11:14:24
Westend Dental,https://www.mywestenddental.com,mywestenddental.com,Dental,"Indianapolis, IN",US,Candidate,,2026-09-07 11:14:27
Urgent Dental Center & Family Dentistry,http://www.urgentdentalcenterindy.com,urgentdentalcenterindy.com,Dental,"Indianapolis, IN",US,Candidate,,2026-09-07 11:14:30
Star Dental Clinic,http://www.stardentalindy.com,stardentalindy.com,Dental,"Indianapolis, IN",US,Candidate,,2026-09-07 11:14:32
Devington Dental Office,http://www.drmbazilio.com,drmbazilio.com,Dental,"Indianapolis, IN",US,Candidate,,2026-09-07 11:14:42
Tenth Street Family Dental,http://tenthstreetfamilydental.com,tenthstreetfamilydental.com,Dental,"Indianapolis, IN",US,Candidate,,2026-09-07 11:14:43
Same Day Dental,https://samedaydental.com/dentist/in/indianapolis/8060-n-shadeland-ave-ste-b,samedaydental.com,Dental,"Indianapolis, IN",US,Candidate,,2026-09-07 11:14:46
Emergency Dental,https://www.emergencydental.me/locations/indianapolis,emergencydental.me,Dental,"Indianapolis, IN",US,Candidate,,2026-09-07 11:14:46
Brookside Dental Care,http://www.indybrooksidedentalcare.com,indybrooksidedentalcare.com,Dental,"Indianapolis, IN",US,Candidate,,2026-09-07 11:14:50
Gennesaret Free Dental Clinic,http://gennesaret.org/dental,gennesaret.org,Dental,"Indianapolis, IN",US,Candidate,,2026-09-07 11:14:56
Mass Ave Family Dentistry,https://holisticdentistindianapolis.com,holisticdentistindianapolis.com,Dental,"Indianapolis, IN",US,Candidate,,2026-09-07 11:14:58
Marketplace Dental Care,http://marketplacedentalcare.com,marketplacedentalcare.com,Dental,"Indianapolis, IN",US,Candidate,,2026-09-07 11:14:59
Care Dental Dr Haifeng Xu,http://www.indycaredental.com,indycaredental.com,Dental,"Indianapolis, IN",US,Candidate,,2026-09-07 11:15:03
Broad Ripple Family Dental,http://www.broadripplefamilydental.com,broadripplefamilydental.com,Dental,"Indianapolis, IN",US,Candidate,,2026-09-07 11:15:11
Indianapolis Family Dentistry,https://www.indianapolisfamilydentistry.com,indianapolisfamilydentistry.com,Dental,"Indianapolis, IN",US,Candidate,,2026-09-07 11:15:13
Hall Family Dentistry of Southeast Indianapolis,https://dentistindianapolisin.com,dentistindianapolisin.com,Dental,"Indianapolis, IN",US,Candidate,,2026-09-07 11:15:14
Southeast Family Dental,https://www.southeastfamilydental.com,southeastfamilydental.com,Dental,"Indianapolis, IN",US,Candidate,,2026-09-07 11:15:15
Keystone Family Dental,https://keystonefamilydental.com,keystonefamilydental.com,Dental,"Indianapolis, IN",US,Candidate,,2026-09-07 11:15:17
Decatur Family Dentistry LLC,https://www.mydecaturdental.com,mydecaturdental.com,Dental,"Indianapolis, IN",US,Candidate,,2026-09-07 11:15:18
Cornerstone Family Dentistry,https://www.cornerstonefamilydentistry.com,cornerstonefamilydentistry.com,Dental,"Indianapolis, IN",US,Candidate,,2026-09-07 11:15:23
Glendale Family Dentistry,http://makingpeoplesmile.com,makingpeoplesmile.com,Dental,"Indianapolis, IN",US,Candidate,,2026-09-07 11:15:26
One Family Dental,https://onefamilydental.net/locations/indianapolis,onefamilydental.net,Dental,"Indianapolis, IN",US,Candidate,,2026-09-07 11:15:30
San Francisco Dental Care,https://www.sanfranciscodentalcare.com,sanfranciscodentalcare.com,Dental,"San Francisco, CA",US,Candidate,,2026-09-07 11:15:40
Young Dental SF Group,https://youngdentalsf.com,youngdentalsf.com,Dental,"San Francisco, CA",US,Candidate,,2026-09-07 11:15:42
San Francisco Dental Office,http://www.sanfrandental.com,sanfrandental.com,Dental,"San Francisco, CA",US,Candidate,,2026-09-07 11:15:46
Mont Dental Aesthetics (Formerly Montgomery Street Dental),https://www.montgomerystdental.com,montgomerystdental.com,Dental,"San Francisco, CA",US,Candidate,,2026-09-07 11:15:49
Folsom Street Dental,http://folsomstreetdental.com,folsomstreetdental.com,Dental,"San Francisco, CA",US,Candidate,,2026-09-07 11:15:50
Marina Tooth Fairy Dental,https://marinatoothfairy.com,marinatoothfairy.com,Dental,"San Francisco, CA",US,Candidate,,2026-09-07 11:15:51
Golden Gate Dental,https://www.goldengatedental.com,goldengatedental.com,Dental,"San Francisco, CA",US,Candidate,,2026-09-07 11:15:54
Ingleside Dental SF,http://www.inglesidedentalsf.com,inglesidedentalsf.com,Dental,"San Francisco, CA",US,Candidate,,2026-09-07 11:15:55
San Francisco Dental Wellness,https://www.sanfranciscodentalwellness.com,sanfranciscodentalwellness.com,Dental,"San Francisco, CA",US,Candidate,,2026-09-07 11:16:00
San Francisco Dentist Smile SF,https://sanfranciscodentistsmilesf.com,sanfranciscodentistsmilesf.com,Dental,"San Francisco, CA",US,Candidate,,2026-09-07 11:16:02
Washington Square Park Dental,http://www.wsparkdental.com,wsparkdental.com,Dental,"San Francisco, CA",US,Candidate,,2026-09-07 11:16:05
UNO DENTAL SAN FRANCISCO,https://dentistsanfrancisco.com,dentistsanfrancisco.com,Dental,"San Francisco, CA",US,Candidate,,2026-09-07 11:16:06
"Union Square Dental San Francisco, Hakim Sisters Dental Office",https://www.unionsquaredental.com,unionsquaredental.com,Dental,"San Francisco, CA",US,Candidate,,2026-09-07 11:16:12
Itani Dental San Francisco: Dentistry to Your Door®,https://itanidental.com,itanidental.com,Dental,"San Francisco, CA",US,Candidate,,2026-09-07 11:16:14
Susie Shin Dental Care,https://www.susieshindentalcare.com,susieshindentalcare.com,Dental,"San Francisco, CA",US,Candidate,,2026-09-07 11:16:16
Grace Dental Group,https://www.gracedentalgroup.com,gracedentalgroup.com,Dental,"San Francisco, CA",US,Candidate,,2026-09-07 11:16:22
South Beach Dental,https://southbeachdental.net,southbeachdental.net,Dental,"San Francisco, CA",US,Candidate,,2026-09-07 11:16:25
Financial District Dentistry,https://www.cosmeticdentistsf.com,cosmeticdentistsf.com,Dental,"San Francisco, CA",US,Candidate,,2026-09-07 11:16:39
Pacific Heights Dental,https://www.pacificheightsdental.com,pacificheightsdental.com,Dental,"San Francisco, CA",US,Candidate,,2026-09-07 11:16:40
Bliss Dental SF,https://www.blissdentalsf.com,blissdentalsf.com,Dental,"San Francisco, CA",US,Candidate,,2026-09-07 11:16:46
West Portal Family Dentistry,http://www.westportaldentist.com,westportaldentist.com,Dental,"San Francisco, CA",US,Candidate,,2026-09-07 11:16:56
SF Family Dentistry,http://www.familydentistsanfrancisco.com,familydentistsanfrancisco.com,Dental,"San Francisco, CA",US,Candidate,,2026-09-07 11:16:57
Van Ness Family Dentistry,https://www.vnfamilydentistry.com,vnfamilydentistry.com,Dental,"San Francisco, CA",US,Candidate,,2026-09-07 11:17:02
Ocean Family Dental,http://oceanfamilydental.com,oceanfamilydental.com,Dental,"San Francisco, CA",US,Candidate,,2026-09-07 11:17:03
Chua Family Dental,https://chuadmd.com,chuadmd.com,Dental,"San Francisco, CA",US,Candidate,,2026-09-07 11:17:05
Dental Care Seattle,http://www.dentalcareseattle.com,dentalcareseattle.com,Dental,"Seattle, WA",US,Candidate,,2026-09-07 11:17:14
Downtown Seattle Dentists,https://downtownseattledentists.com/locations/509-olive-way,downtownseattledentists.com,Dental,"Seattle, WA",US,Candidate,,2026-09-07 11:17:16
Seattle Sound Dental - Downtown,https://seattlesounddental.com,seattlesounddental.com,Dental,"Seattle, WA",US,Candidate,,2026-09-07 11:17:17
Seattle Dental Co.,https://www.seattledentalco.com,seattledentalco.com,Dental,"Seattle, WA",US,Candidate,,2026-09-07 11:17:20
First Hill Dental Center - Dr. Singh DMD,https://www.firsthilldentalcenter.com,firsthilldentalcenter.com,Dental,"Seattle, WA",US,Candidate,,2026-09-07 11:17:24
Capitol Hill Seattle Dentist,https://seattlewadentistry.com,seattlewadentistry.com,Dental,"Seattle, WA",US,Candidate,,2026-09-07 11:17:27
Seattle's Capitol Hill Dentist,https://seattlescapitolhilldentist.com,seattlescapitolhilldentist.com,Dental,"Seattle, WA",US,Candidate,,2026-09-07 11:17:29
32 Pearls Seattle,https://www.32pearls.com,32pearls.com,Dental,"Seattle, WA",US,Candidate,,2026-09-07 11:17:32
Roosevelt Dental Center,https://www.rooseveltdental.com,rooseveltdental.com,Dental,"Seattle, WA",US,Candidate,,2026-09-07 11:17:34
Simply Dental,http://www.simplydentalseattle.com,simplydentalseattle.com,Dental,"Seattle, WA",US,Candidate,,2026-09-07 11:17:37
Union Street Dental,http://www.uniondentalsmiles.com,uniondentalsmiles.com,Dental,"Seattle, WA",US,Candidate,,2026-09-07 11:17:46
Washington Dental Clinic,http://www.wadentalclinic.com,wadentalclinic.com,Dental,"Seattle, WA",US,Candidate,,2026-09-07 11:17:53
Pinnacle Dental Care,http://www.pinnacledentalseattle.com,pinnacledentalseattle.com,Dental,"Seattle, WA",US,Candidate,,2026-09-07 11:17:55
BluePeak Dental,https://bluepeakdentaloffice.com,bluepeakdentaloffice.com,Dental,"Seattle, WA",US,Candidate,,2026-09-07 11:17:57
Zen Dental Center Family Cosmetic Emergency Implants,https://www.zendentalcenterseattle.com,zendentalcenterseattle.com,Dental,"Seattle, WA",US,Candidate,,2026-09-07 11:18:01
Seattle's Family Dentistry,https://www.seattlesfamilydentistry.com,seattlesfamilydentistry.com,Dental,"Seattle, WA",US,Candidate,,2026-09-07 11:18:12
Wedgwood Family Dentistry,https://www.wedgwoodfamilydentistry.com,wedgwoodfamilydentistry.com,Dental,"Seattle, WA",US,Candidate,,2026-09-07 11:18:15
Lake Union Family Dental,http://www.lakeunionfamilydental.com,lakeunionfamilydental.com,Dental,"Seattle, WA",US,Candidate,,2026-09-07 11:18:18
Seward Park Family Dental,http://www.sewardparkfamilydental.com,sewardparkfamilydental.com,Dental,"Seattle, WA",US,Candidate,,2026-09-07 11:19:28
Laurelhurst Family Dentistry,https://www.laurelhurstfamilydentistry.com,laurelhurstfamilydentistry.com,Dental,"Seattle, WA",US,Candidate,,2026-09-07 11:19:29
Queen Anne Family Dental,https://queenannefamilydental.com,queenannefamilydental.com,Dental,"Seattle, WA",US,Candidate,,2026-09-07 11:19:30
Sage Family Dentistry,https://www.sagefamilydentistry.com,sagefamilydentistry.com,Dental,"Seattle, WA",US,Candidate,,2026-09-07 11:19:30
Wallingford Family Dentistry,http://www.wallingfordfamilydentistry.com,wallingfordfamilydentistry.com,Dental,"Seattle, WA",US,Candidate,,2026-09-07 11:19:31
Fifth Avenue Family Dentistry,http://www.dehkordidental.com,dehkordidental.com,Dental,"Seattle, WA",US,Candidate,,2026-09-07 11:19:32
Greenlake Family Dentistry,http://www.greenlakefd.com,greenlakefd.com,Dental,"Seattle, WA",US,Candidate,,2026-09-07 11:19:32
Dental Care Center of South Kansas City,https://www.dentalcarecenterofsouthkc.com/office-tour,dentalcarecenterofsouthkc.com,Dental,"Kansas City, MO",US,Candidate,,2026-09-07 11:24:37
NKC Dental,https://www.nkcdental.com,nkcdental.com,Dental,"Kansas City, MO",US,Candidate,,2026-09-07 11:24:45
Comfort Dental Midtown - Kansas City,https://comfortdental.com/office/mo-midtown,comfortdental.com,Dental,"Kansas City, MO",US,Candidate,,2026-09-07 11:24:49
Westwood Dental,http://www.westwooddentalkc.com,westwooddentalkc.com,Dental,"Kansas City, MO",US,Yes,"</a> 								<a href=""https://book2.getweave.com/99e8747b-6289-473b-8c14-b06c3",2026-09-07 11:24:53
River Market Dental,http://www.rivermarketdentistry.com,rivermarketdentistry.com,Dental,"Kansas City, MO",US,Candidate,,2026-09-07 11:24:57
Emergency Dental of Kansas City,https://emergencydentalofkansascity.com,emergencydentalofkansascity.com,Dental,"Kansas City, MO",US,Candidate,,2026-09-07 11:25:03
Dental Corner of Kansas City,https://kcdentalcorner.com,kcdentalcorner.com,Dental,"Kansas City, MO",US,Candidate,,2026-09-07 11:25:05
Family Dental Care of Missouri,https://familydentalmissouri.com,familydentalmissouri.com,Dental,"Kansas City, MO",US,Candidate,,2026-09-07 11:25:10
Central Ave Dental,https://genesisdentalks.com,genesisdentalks.com,Dental,"Kansas City, MO",US,Candidate,,2026-09-07 11:25:14
Kansas City Dental ER,https://kcdentaler.com,kcdentaler.com,Dental,"Kansas City, MO",US,Candidate,,2026-09-07 11:25:15
Crossroads Dentistry - Fleming J Daniel Dr,http://www.dentistryart.com,dentistryart.com,Dental,"Kansas City, MO",US,Candidate,,2026-09-07 11:25:19
The Smile Salon & Day Spa,http://www.thesmilesalon.net,thesmilesalon.net,Dental,"Kansas City, MO",US,Candidate,,2026-09-07 11:25:32
Kansas City Dental Implants & Oral Surgery - North Kansas City,https://kcdios.com/kansas-city-office,kcdios.com,Dental,"Kansas City, MO",US,Candidate,,2026-09-07 11:25:34
Plaza Family Dentistry,https://www.plazafamilydentistry.com,plazafamilydentistry.com,Dental,"Kansas City, MO",US,Candidate,,2026-09-07 11:25:37
Westport Family Dental,https://www.westportfamilydentalkc.com,westportfamilydentalkc.com,Dental,"Kansas City, MO",US,Candidate,,2026-09-07 11:25:41
Westport Plaza Dental Associates,https://www.westportplazadental.com,westportplazadental.com,Dental,"Kansas City, MO",US,Candidate,,2026-09-07 11:25:42
Fountain City Dental Group,https://fountaincitydentalgroup.com/kansas-city,fountaincitydentalgroup.com,Dental,"Kansas City, MO",US,Candidate,,2026-09-07 11:25:46
Liberty Dental Care,http://libertydentalcaremo.com,libertydentalcaremo.com,Dental,"Kansas City, MO",US,Candidate,,2026-09-07 11:25:47
"Platinum Family Dental, P.C.",https://www.platinumfamilydental.com,platinumfamilydental.com,Dental,"Kansas City, MO",US,Candidate,,2026-09-07 11:25:49
Family Dental Care,https://www.familydentalcaremo.com,familydentalcaremo.com,Dental,"Kansas City, MO",US,Candidate,,2026-09-07 11:25:56
Gregory Family Dental,https://www.gregoryfamilydental.com,gregoryfamilydental.com,Dental,"Kansas City, MO",US,Candidate,,2026-09-07 11:25:58
Oak Hills Family Dental,http://oakhillsfamilydental.com,oakhillsfamilydental.com,Dental,"Kansas City, MO",US,Candidate,,2026-09-07 11:26:00
Independence Family Dental Care,http://independencefdc.com,independencefdc.com,Dental,"Kansas City, MO",US,Candidate,,2026-09-07 11:26:01
Red Bridge Family Dental,http://redbridgefamilydental.com,redbridgefamilydental.com,Dental,"Kansas City, MO",US,Candidate,,2026-09-07 11:26:03
Village Family Dental,http://kcvillagefamilydental.com,kcvillagefamilydental.com,Dental,"Kansas City, MO",US,Candidate,,2026-09-07 11:26:05
Gables Family Dental,http://www.gablesfamily.com,gablesfamily.com,Dental,"Miami, FL",US,Candidate,,2026-09-07 11:26:53
Beach Smile Family Dentistry,https://beachsmile.com,beachsmile.com,Dental,"Miami, FL",US,Candidate,,2026-09-07 11:26:55
Miami Implant & Family Dentists,https://implantfamilydentist.com,implantfamilydentist.com,Dental,"Miami, FL",US,Candidate,,2026-09-07 11:27:00
Gables Sedation & Family Dentistry Coral Terrace,https://www.gsdsmile.com,gsdsmile.com,Dental,"Miami, FL",US,Candidate,,2026-09-07 11:27:21
TMJ Dental Consultants,https://www.tmjdentalconsultants.com,tmjdentalconsultants.com,Dental,"Miami, FL",US,Candidate,,2026-09-07 11:27:37
Family Dental Associates Center for Dentistry and Facial Aesthetics,https://www.familydentalmiami.com,familydentalmiami.com,Dental,"Miami, FL",US,Candidate,,2026-09-07 11:27:47
Family Dental System LLC,http://www.familydentalsystem.com,familydentalsystem.com,Dental,"Miami, FL",US,Candidate,,2026-09-07 11:27:48
Almeida Family Dentistry,https://almeidafamilydentistry.com,almeidafamilydentistry.com,Dental,"Miami, FL",US,Candidate,,2026-09-07 11:27:51
Amaya Dental,https://www.amayadental.com,amayadental.com,Dental,"Miami, FL",US,Yes,"emplate_button"" href=""https://book2.getweave.com/a27e139c-7185-49b8-bab8-727a1",2026-09-07 11:27:54
COLLAZO FAMILY DENTAL,http://collazofamilydental.com,collazofamilydental.com,Dental,"Miami, FL",US,Candidate,,2026-09-07 11:27:56
Alfonso Dental Miami,https://alfonsodental305.com,alfonsodental305.com,Dental,"Miami, FL",US,Candidate,,2026-09-07 11:28:00
Royal Dentistry Studio,http://www.royaldentistrystudio.com,royaldentistrystudio.com,Dental,"Miami, FL",US,Candidate,,2026-09-07 11:28:02
Smile Family Dental Group,https://www.smilefamilydentalgroup.com,smilefamilydentalgroup.com,Dental,"Miami, FL",US,Candidate,,2026-09-07 11:28:04
All Smiles Dentistry Miami,https://miamidental.net,miamidental.net,Dental,"Miami, FL",US,Candidate,,2026-09-07 11:28:07
Dr. Jose Gurevich - Smiles & Sonrisas Family Dentistry,http://www.smilesinmiami.com,smilesinmiami.com,Dental,"Miami, FL",US,Candidate,,2026-09-07 11:28:10
Optimum Dental,http://optimumfamilydental.com,optimumfamilydental.com,Dental,"Raleigh, NC",US,Candidate,,2026-09-07 11:28:21
New Hope Dental Care,https://www.newhopedentalraleighnc.com,newhopedentalraleighnc.com,Dental,"Raleigh, NC",US,Candidate,,2026-09-07 11:28:28
Village Dental - Olde Raleigh,https://villagedentalraleigh.com/olde-raleigh,villagedentalraleigh.com,Dental,"Raleigh, NC",US,Candidate,,2026-09-07 11:28:34
Renaissance Dental Center,https://renaissancedentalcenter.com,renaissancedentalcenter.com,Dental,"Raleigh, NC",US,Candidate,,2026-09-07 11:28:42
Crabtree Valley Dental,http://crabtreevalleydental.com,crabtreevalleydental.com,Dental,"Raleigh, NC",US,Candidate,,2026-09-07 11:28:46
Fusion Dental Care,https://fusiondentalcare.com,fusiondentalcare.com,Dental,"Raleigh, NC",US,Candidate,,2026-09-07 11:28:56
Emergency Dentist of Raleigh,https://emergencydentistraleigh.com,emergencydentistraleigh.com,Dental,"Raleigh, NC",US,Candidate,,2026-09-07 11:29:14
Capital Dental Care,https://capitaldentalcare.net/louisburg-road-appointments,capitaldentalcare.net,Dental,"Raleigh, NC",US,Candidate,,2026-09-07 11:29:29
Night & Day Dental,https://www.nightanddaydental.com/locations/raleigh,nightanddaydental.com,Dental,"Raleigh, NC",US,Candidate,,2026-09-07 11:29:36
Dentist Raleigh - Blue Ridge Dental Care,https://www.blueridgedentalcare.com,blueridgedentalcare.com,Dental,"Raleigh, NC",US,Candidate,,2026-09-07 11:29:41
Dental Smiles of NC,https://dentalsmilesofnc.com,dentalsmilesofnc.com,Dental,"Raleigh, NC",US,Candidate,,2026-09-07 11:29:43
Peace Street Dental,http://peacestreetdental.com,peacestreetdental.com,Dental,"Raleigh, NC",US,Candidate,,2026-09-07 11:29:46
Sedation Dental Care at Raleigh Smile Center,https://sedationdentalcare.net,sedationdentalcare.net,Dental,"Raleigh, NC",US,Candidate,,2026-09-07 11:29:48
Lane & Associates Family Dentistry - Raleigh Wake Forest Road,https://lanedds.com/dentist-raleigh-nc,lanedds.com,Dental,"Raleigh, NC",US,Candidate,,2026-09-07 11:29:54
Hillsborough Street Dental,https://hsdentist.com,hsdentist.com,Dental,"Raleigh, NC",US,Candidate,,2026-09-07 11:29:58
MidTown Smiles Dental Care,https://www.midtown-smiles.com,midtown-smiles.com,Dental,"Raleigh, NC",US,Yes,"th.com"",""microsite.adit.com"",""book2.getweave.com"",""www.zocdoc.com"",""www.appoin",2026-09-07 11:29:59
View Dental Raleigh,https://vividdentalraleigh.com,vividdentalraleigh.com,Dental,"Raleigh, NC",US,Candidate,,2026-09-07 11:30:05
"Raleigh Dental Loft: Sunil Kashyap, DDS",https://raleighdentalloft.com,raleighdentalloft.com,Dental,"Raleigh, NC",US,Candidate,,2026-09-07 11:30:15
Tulsa Dental Center,https://tulsadentalcenter.com,tulsadentalcenter.com,Dental,"Tulsa, OK",US,Candidate,,2026-09-07 11:32:52
Tulsa Hills Dental Care,http://tulsahillsdentalcare.com,tulsahillsdentalcare.com,Dental,"Tulsa, OK",US,Candidate,,2026-09-07 11:32:55
Utica Dental of Tulsa,https://uticadental.com,uticadental.com,Dental,"Tulsa, OK",US,Candidate,,2026-09-07 11:32:59
Emergency Dental of Tulsa,https://emergencydentaloftulsa.com,emergencydentaloftulsa.com,Dental,"Tulsa, OK",US,Candidate,,2026-09-07 11:33:11
Progressive Dental Care of Tulsa,https://www.dentalcareoftulsa.com,dentalcareoftulsa.com,Dental,"Tulsa, OK",US,Candidate,,2026-09-07 11:33:26
Tulsa City Dental,https://www.tulsacitydental.com,tulsacitydental.com,Dental,"Tulsa, OK",US,Candidate,,2026-09-07 11:33:42
"Perfect Smile Tulsa - Dentist in Tulsa, OK",https://www.perfectsmiletulsa.com,perfectsmiletulsa.com,Dental,"Tulsa, OK",US,Candidate,,2026-09-07 11:34:07
Glisten Dental Care of Tulsa,http://glistendental.com,glistendental.com,Dental,"Tulsa, OK",US,Candidate,,2026-09-07 11:34:31
Southern Hills Dental Care,http://southernhillsdentalcare.com,southernhillsdentalcare.com,Dental,"Tulsa, OK",US,Candidate,,2026-09-07 11:34:53
Tulsa Precision Dental,http://www.tulsaprecisiondental.com,tulsaprecisiondental.com,Dental,"Tulsa, OK",US,Candidate,,2026-09-07 11:34:55
My Dentist,http://dentist-in-tulsa.com,dentist-in-tulsa.com,Dental,"Tulsa, OK",US,Candidate,,2026-09-07 11:34:56
University of Oklahoma College of Dentistry Delta Dental of Oklahoma Comprehensive Care Clinic,https://www.ouhealth.com/~,ouhealth.com,Dental,"Tulsa, OK",US,Candidate,,2026-09-07 11:36:09
Harvard Dental,https://harvarddentaltulsa.com,harvarddentaltulsa.com,Dental,"Tulsa, OK",US,Candidate,,2026-09-07 11:36:11
Tulsa Modern Dental,https://www.tulsamoderndental.com,tulsamoderndental.com,Dental,"Tulsa, OK",US,Candidate,,2026-09-07 11:36:17
Dental Depot,https://dentaldepot.net/locations/tulsa,dentaldepot.net,Dental,"Tulsa, OK",US,Candidate,,2026-09-07 11:36:18
Spring Dental,https://www.thespringdental.com/east-tulsa,thespringdental.com,Dental,"Tulsa, OK",US,Candidate,,2026-09-07 11:36:19
Midtown Dental Arts,https://www.midtowndentalarts.com,midtowndentalarts.com,Dental,"Tulsa, OK",US,Candidate,,2026-09-07 11:36:22
South Tulsa Dental,http://southtulsadental.com,southtulsadental.com,Dental,"Tulsa, OK",US,Candidate,,2026-09-07 11:36:26
360 Dental,http://360dentaltulsa.com,360dentaltulsa.com,Dental,"Tulsa, OK",US,Candidate,,2026-09-07 11:36:32
Galleria of Smiles,https://galleriaofsmiles.com,galleriaofsmiles.com,Dental,"Tulsa, OK",US,Candidate,,2026-09-07 11:36:34
Tulsa Time Dental Design,https://www.tulsatimedentaldesign.com,tulsatimedentaldesign.com,Dental,"Tulsa, OK",US,Candidate,,2026-09-07 11:36:39
The Dental Studio of South Tulsa,https://dstulsa.com,dstulsa.com,Dental,"Tulsa, OK",US,Candidate,,2026-09-07 11:36:46
Atlanta Place Dentistry,https://www.yourtulsadentist.com,yourtulsadentist.com,Dental,"Tulsa, OK",US,Candidate,,2026-09-07 11:37:07
"Bingham and Howarth Family Dentistry, PLLC",https://www.binghamandhowarth.com,binghamandhowarth.com,Dental,"Tulsa, OK",US,Candidate,,2026-09-07 11:37:18
Arlington Family Dentistry,https://www.arlingtonfamilydentistry.com,arlingtonfamilydentistry.com,Dental,"Arlington, TX",US,Candidate,,2026-09-07 11:52:34
Cooper Family Dental,https://www.cfdentist.com,cfdentist.com,Dental,"Arlington, TX",US,Candidate,,2026-09-07 11:52:35
Arlington Roots Family Dentistry,https://ourarlingtondentist.com,ourarlingtondentist.com,Dental,"Arlington, TX",US,Candidate,,2026-09-07 11:52:38
Smiles Family Dental,https://www.drzdds.com,drzdds.com,Dental,"Arlington, TX",US,Candidate,,2026-09-07 11:52:46
Brighter Smile Family Dentistry,http://www.texasbrightersmile.com,texasbrightersmile.com,Dental,"Arlington, TX",US,Candidate,,2026-09-07 11:52:51
Happy Smiles Family Dentistry,https://www.happysmilesdentistry.com,happysmilesdentistry.com,Dental,"Arlington, TX",US,Candidate,,2026-09-07 12:08:05
Mallery Family Dental,https://www.malleryfamilydental.com,malleryfamilydental.com,Dental,"Arlington, TX",US,Candidate,,2026-09-07 12:08:19
I-20 Family Dental,https://www.i20familydental.com,i20familydental.com,Dental,"Arlington, TX",US,Candidate,,2026-09-07 12:24:19
Seim Family Dentistry,https://www.littleroadsmiles.com,littleroadsmiles.com,Dental,"Arlington, TX",US,Candidate,,2026-09-07 12:24:21
Pecan Park Dental,https://www.pecanparkdental.com,pecanparkdental.com,Dental,"Arlington, TX",US,Candidate,,2026-09-07 12:24:21
Greene & Ratcliff Family & Cosmetic Dentistry,https://www.myarlingtoncosmeticdentist.com,myarlingtoncosmeticdentist.com,Dental,"Arlington, TX",US,Candidate,,2026-09-07 12:24:23
Rush Creek Dentistry,https://rushcreekdentistry.com,rushcreekdentistry.com,Dental,"Arlington, TX",US,Candidate,,2026-09-07 12:24:25
Engle Douglas F DDS - Arlington Family Dental Care,https://www.arlingtontxdentists.com,arlingtontxdentists.com,Dental,"Arlington, TX",US,Candidate,,2026-09-07 12:24:32
Impact Dentistry,http://myimpactdentistry.com,myimpactdentistry.com,Dental,"Arlington, TX",US,Candidate,,2026-09-07 12:24:35
All Star Smiles Dental,http://www.allstarsmilesdental.com,allstarsmilesdental.com,Dental,"Arlington, TX",US,Candidate,,2026-09-07 12:24:37
We Smile Dental,https://wesmiledentaltx.com,wesmiledentaltx.com,Dental,"Arlington, TX",US,Candidate,,2026-09-07 12:39:43
MINT dentistry | North Arlington,https://mintdentistry.com/dentist/dfw/north-arlington,mintdentistry.com,Dental,"Arlington, TX",US,Candidate,,2026-09-07 12:39:43
Apple Dentistry Arlington,https://appledentistryarlington.com,appledentistryarlington.com,Dental,"Arlington, TX",US,Candidate,,2026-09-07 12:39:44
Arlington Modern Dentistry,https://www.arlingtonmoderndentistry.com,arlingtonmoderndentistry.com,Dental,"Arlington, TX",US,Candidate,,2026-09-07 12:39:46
Perla Dental - Arlington,https://perladentalpc.com/best-dentist-in-arlington,perladentalpc.com,Dental,"Arlington, TX",US,Candidate,,2026-09-07 12:39:48
Arlington Family Dental Center: Shaddel Siavash DDS,https://afdc44.wixsite.com/afdc,afdc44.wixsite.com,Dental,"Arlington, TX",US,Candidate,,2026-09-07 12:39:49
"Marty Cloin, DDS",http://www.martycloindds.com,martycloindds.com,Dental,"Arlington, TX",US,Candidate,,2026-09-07 12:39:49
Trinity Dental Care,https://trinitysmile.com,trinitysmile.com,Dental,"Arlington, TX",US,Candidate,,2026-09-07 12:39:50
"Louisiana Dental Center - New Orleans, Claude Ave",https://www.ladentalcenterstclaude.com,ladentalcenterstclaude.com,Dental,"New Orleans, LA",US,Yes,"th.com"",""microsite.adit.com"",""book2.getweave.com"",""www.zocdoc.com"",""www.appoin",2026-09-07 12:40:05
"24/7 Emergency Dentist LLC New Orleans, La",http://www.gentillyfamilydental.com,gentillyfamilydental.com,Dental,"New Orleans, LA",US,Candidate,,2026-09-07 12:40:06
"Louisiana Dental Center - New Orleans, Magazine St",https://www.ladentalcentermagazine.com,ladentalcentermagazine.com,Dental,"New Orleans, LA",US,Yes,"th.com"",""microsite.adit.com"",""book2.getweave.com"",""www.zocdoc.com"",""www.appoin",2026-09-07 12:55:19
"Louisiana Dental Center - New Orleans, Washington Ave",https://www.ladentalcenterwashington.com,ladentalcenterwashington.com,Dental,"New Orleans, LA",US,Yes,"th.com"",""microsite.adit.com"",""book2.getweave.com"",""www.zocdoc.com"",""www.appoin",2026-09-07 12:55:25
CBD Dental Care,http://cbddentalcare.com,cbddentalcare.com,Dental,"New Orleans, LA",US,Candidate,,2026-09-07 12:55:26
Mid-City Smiles Family Dentistry,http://www.midcitysmiles.com,midcitysmiles.com,Dental,"New Orleans, LA",US,Candidate,,2026-09-07 12:55:30
Emergency Dental of New Orleans,https://emergencydentalofneworleans.com,emergencydentalofneworleans.com,Dental,"New Orleans, LA",US,Candidate,,2026-09-07 12:55:34
Exceptional Dental of Mid-City,https://exceptionaldentalofla.com,exceptionaldentalofla.com,Dental,"New Orleans, LA",US,Candidate,,2026-09-07 12:56:54
Smile Philosophy Dental Care,https://www.new-orleans-dental.com,new-orleans-dental.com,Dental,"New Orleans, LA",US,Candidate,,2026-09-07 12:56:57
Fleur de Lis Dental Care,https://www.fleurdelisdental.com,fleurdelisdental.com,Dental,"New Orleans, LA",US,Candidate,,2026-09-07 12:57:02
District Dental Spa,https://www.districtdentalspa.com,districtdentalspa.com,Dental,"New Orleans, LA",US,Candidate,,2026-09-07 12:57:05
City Park Dental Care,https://cityparkdental.com,cityparkdental.com,Dental,"New Orleans, LA",US,Candidate,,2026-09-07 12:57:06
Tulane Family Dentistry,https://www.tfdnola.com,tfdnola.com,Dental,"New Orleans, LA",US,Candidate,,2026-09-07 12:57:10
7 O'Clock Dental,https://7oclockdental.com,7oclockdental.com,Dental,"New Orleans, LA",US,Candidate,,2026-09-07 12:57:11
Camenzuli Dental Excellence: Comprehensive Care | Sedation Dentistry I Implants I Orthodontics,https://www.camenzulidental.com,camenzulidental.com,Dental,"New Orleans, LA",US,Candidate,,2026-09-07 12:57:14
Uptown Dental,http://www.uptowndentalnola.com,uptowndentalnola.com,Dental,"New Orleans, LA",US,Candidate,,2026-09-07 12:57:19
Riverbend Dental Center,http://www.uptownsmiles.com,uptownsmiles.com,Dental,"New Orleans, LA",US,Candidate,,2026-09-07 12:57:19
Audubon Dental Group,http://www.audubondentalgroup.com,audubondentalgroup.com,Dental,"New Orleans, LA",US,Candidate,,2026-09-07 12:57:21
Canal Street Family Dentistry..,http://www.canalstdental.com,canalstdental.com,Dental,"New Orleans, LA",US,Candidate,,2026-09-07 12:57:24
Comfort Smiles Dentistry,https://comfortsmilesdentistry.com,comfortsmilesdentistry.com,Dental,"New Orleans, LA",US,Candidate,,2026-09-07 12:57:27
Smile Uptown,http://www.smileuptown.com,smileuptown.com,Dental,"New Orleans, LA",US,Candidate,,2026-09-07 12:57:29
Concord Family Dental,https://www.concordalgiers.com,concordalgiers.com,Dental,"New Orleans, LA",US,Candidate,,2026-09-07 12:57:32
Crown Dental Spa,http://www.crowndentalspa.com,crowndentalspa.com,Dental,"New Orleans, LA",US,Candidate,,2026-09-07 12:57:34
Avenue Family Dentistry,http://www.theavenuefamilydentistry.com,theavenuefamilydentistry.com,Dental,"New Orleans, LA",US,Candidate,,2026-09-07 12:57:54
"Central City Family Dentistry, Inc",http://centralcityfamilydentistry.com,centralcityfamilydentistry.com,Dental,"New Orleans, LA",US,Candidate,,2026-09-07 12:57:56
Wichita Family Dental,https://www.wichitafamilydental.com,wichitafamilydental.com,Dental,"Wichita, KS",US,Candidate,,2026-09-07 12:58:57
Cambridge Family Dentistry,https://www.cambridgefamilydentists.com,cambridgefamilydentists.com,Dental,"Wichita, KS",US,Candidate,,2026-09-07 12:59:06
Sim Family Dental,http://simfamilydental.com,simfamilydental.com,Dental,"Wichita, KS",US,Candidate,,2026-09-07 12:59:09
Associates in Family Dentistry,http://www.kidfriendlydentist.com,kidfriendlydentist.com,Dental,"Wichita, KS",US,Yes,"th.com"",""microsite.adit.com"",""book2.getweave.com"",""www.zocdoc.com"",""www.appoin",2026-09-07 12:59:14
"Hillside Family Dentist, P.A.",https://www.hillsidefamilydentist.com,hillsidefamilydentist.com,Dental,"Wichita, KS",US,Candidate,,2026-09-07 12:59:16
Auburn Family Dental : Wichita Dentist,http://auburn-familydental.com,auburn-familydental.com,Dental,"Wichita, KS",US,Candidate,,2026-09-07 12:59:19
Smile Connections Family Dental,https://www.smileconnectionsdental.com,smileconnectionsdental.com,Dental,"Wichita, KS",US,Candidate,,2026-09-07 12:59:21
Wheatland Family Dental,http://wheatlandfamilydental.com,wheatlandfamilydental.com,Dental,"Wichita, KS",US,Candidate,,2026-09-07 12:59:22
YR Family Dentistry,https://yrfamilydentistry.com,yrfamilydentistry.com,Dental,"Wichita, KS",US,Candidate,,2026-09-07 12:59:24
East Wichita Dentist,http://www.eastwichitadentist.com,eastwichitadentist.com,Dental,"Wichita, KS",US,Candidate,,2026-09-07 12:59:32
Twietmeyer Family Dentistry,http://www.twietmeyerdentistry.com,twietmeyerdentistry.com,Dental,"Wichita, KS",US,Candidate,,2026-09-07 12:59:32
Houlik Family Dentistry,https://houlikfamilydentistry.com,houlikfamilydentistry.com,Dental,"Wichita, KS",US,Candidate,,2026-09-07 12:59:34
Dold Family Dental,http://doldfamilydental.com,doldfamilydental.com,Dental,"Wichita, KS",US,Candidate,,2026-09-07 12:59:37
Kansas Family Dental,https://www.kansasdentist.com,kansasdentist.com,Dental,"Wichita, KS",US,Candidate,,2026-09-07 12:59:42
Family Dentistry,http://trinityacademyedu.com,trinityacademyedu.com,Dental,"Wichita, KS",US,Candidate,,2026-09-07 12:59:42
Andover Family Dentistry,http://www.dentistinandover.com,dentistinandover.com,Dental,"Wichita, KS",US,Candidate,,2026-09-07 12:59:44
Seneca Family Dentistry,https://www.senecafamilydentistry.com,senecafamilydentistry.com,Dental,"Wichita, KS",US,Candidate,,2026-09-07 12:59:46
New Ridge Family Dental,http://www.renodentalcare.org,renodentalcare.org,Dental,"Wichita, KS",US,Candidate,,2026-09-07 12:59:53
Wakim Cosmetic and Family Dental Group,https://www.wakimdentistry.com,wakimdentistry.com,Dental,"Wichita, KS",US,Candidate,,2026-09-07 13:00:10
Smile Craft Family Dentistry,http://www.smilecraftwichita.com,smilecraftwichita.com,Dental,"Wichita, KS",US,Candidate,,2026-09-07 13:00:18
Humlicek Dental,https://humlicekfamilydental.com,humlicekfamilydental.com,Dental,"Wichita, KS",US,Candidate,,2026-09-07 13:00:26
"Arthur Unruh, DDS Family Dentistry",https://www.unruhfamilydentistry.com,unruhfamilydentistry.com,Dental,"Wichita, KS",US,Candidate,,2026-09-07 13:00:40
Hylan Dental Care of Cleveland,https://hylandentalcare.com/locations/cleveland,hylandentalcare.com,Dental,"Cleveland, OH",US,Candidate,,2026-09-07 13:00:49
Downtown Dental Services,http://clevelanddowntowndental.com,clevelanddowntowndental.com,Dental,"Cleveland, OH",US,Candidate,,2026-09-07 13:00:54
Heights Family Dental,https://www.cleheightsdental.com,cleheightsdental.com,Dental,"Cleveland, OH",US,Candidate,,2026-09-07 13:00:55
Angel Dental Care,https://www.angel-dentalcare.com,angel-dentalcare.com,Dental,"Cleveland, OH",US,Candidate,,2026-09-07 13:00:57
Westown Dental,https://westown-dental.com,westown-dental.com,Dental,"Cleveland, OH",US,Candidate,,2026-09-07 13:01:00
Cleveland Dental Institute - Shaker Blvd,https://www.cdiohio.org/shaker-square,cdiohio.org,Dental,"Cleveland, OH",US,Candidate,,2026-09-07 13:01:00
West Park Dental,http://www.westparksmiles.com,westparksmiles.com,Dental,"Cleveland, OH",US,Candidate,,2026-09-07 13:01:02
City Dental Care,http://www.citydentalcare.net,citydentalcare.net,Dental,"Cleveland, OH",US,Candidate,,2026-09-07 13:01:03
Hudec Dental,http://www.hudecdental.com,hudecdental.com,Dental,"Cleveland, OH",US,Candidate,,2026-09-07 13:01:07
A Caring Dental Group,https://www.acaringdentalgroup.com,acaringdentalgroup.com,Dental,"Cleveland, OH",US,Candidate,,2026-09-07 13:01:09
Cleveland Family & Implant Dentistry-Mini Dental Implant Center of Cleveland,https://www.clevelandfamilydentist.com,clevelandfamilydentist.com,Dental,"Cleveland, OH",US,Candidate,,2026-09-07 13:01:15
2K Dental,https://www.2kdental.com,2kdental.com,Dental,"Cleveland, OH",US,Candidate,,2026-09-07 13:01:17
MetroHealth Ohio City Family Dentistry,https://www.metrohealth.org/locations/ohio-city-family-dentistry,metrohealth.org,Dental,"Cleveland, OH",US,Candidate,,2026-09-07 13:01:20
Brooklyn Dental Group,http://brooklyndentalgroup.com,brooklyndentalgroup.com,Dental,"Cleveland, OH",US,Candidate,,2026-09-07 13:01:22
Gentle Dental Cleveland,http://gentledentalcleveland.com,gentledentalcleveland.com,Dental,"Cleveland, OH",US,Candidate,,2026-09-07 13:01:25
Lakewood Dental Group,http://www.lakewooddentalgroup.com,lakewooddentalgroup.com,Dental,"Cleveland, OH",US,Candidate,,2026-09-07 13:01:29
Ryba Dentistry,http://www.rybadentistry.com,rybadentistry.com,Dental,"Cleveland, OH",US,Candidate,,2026-09-07 13:01:31
Hayat Dental Centers,http://www.hayatdentist.com,hayatdentist.com,Dental,"Cleveland, OH",US,Candidate,,2026-09-07 13:01:35
Anchor Dental,http://anchordental.net,anchordental.net,Dental,"Cleveland, OH",US,Candidate,,2026-09-07 13:01:37
Emergency Dental of Cleveland,https://emergencydentalofcleveland.com,emergencydentalofcleveland.com,Dental,"Cleveland, OH",US,Candidate,,2026-09-07 13:01:41
Middleburg Heights Family Dentistry,https://middleburgheightsfamilydentistry.com,middleburgheightsfamilydentistry.com,Dental,"Cleveland, OH",US,Candidate,,2026-09-07 13:01:49
Westside Family Dental,http://www.wfamilydental.com,wfamilydental.com,Dental,"Cleveland, OH",US,Candidate,,2026-09-07 13:01:51
Family Dental Care,https://www.familydentalcareparma.com,familydentalcareparma.com,Dental,"Cleveland, OH",US,Candidate,,2026-09-07 13:01:51
Parma Ridge Family Dental,https://parmaridgefamilydental.com,parmaridgefamilydental.com,Dental,"Cleveland, OH",US,Candidate,,2026-09-07 13:01:54
River Family Dentistry,https://www.myriverfamilydentist.com,myriverfamilydentist.com,Dental,"Cleveland, OH",US,Candidate,,2026-09-07 13:01:55
Orlando Dental Center,http://www.orlandodentalcenter.com,orlandodentalcenter.com,Dental,"Orlando, FL",US,Candidate,,2026-09-07 13:02:04
Mosaic Dental Center,https://www.mosaicdentalcenter.com,mosaicdentalcenter.com,Dental,"Orlando, FL",US,Candidate,,2026-09-07 13:02:10
Sense Dental Center,https://mysense.us,mysense.us,Dental,"Orlando, FL",US,Candidate,,2026-09-07 13:02:11
Watson Dental Care,https://dentistorlandoflorida.com,dentistorlandoflorida.com,Dental,"Orlando, FL",US,Candidate,,2026-09-07 13:02:13
Orlando Dental Care,http://www.odcare.com,odcare.com,Dental,"Orlando, FL",US,Candidate,,2026-09-07 13:02:16
24 Hour Dentist,http://www.24hourdentistemergency.com,24hourdentistemergency.com,Dental,"Orlando, FL",US,Candidate,,2026-09-07 13:02:19
Conway Dental Care,http://www.conwaydentalcare.com,conwaydentalcare.com,Dental,"Orlando, FL",US,Candidate,,2026-09-07 13:02:22
Fine Dentistry of Downtown Orlando,https://www.finedentistryorlando.com,finedentistryorlando.com,Dental,"Orlando, FL",US,Candidate,,2026-09-07 13:02:27
Extraction and Denture Center,http://www.orlandodentures.com,orlandodentures.com,Dental,"Orlando, FL",US,Candidate,,2026-09-07 13:02:29
Contemporary Dental Care of Orlando,https://www.contemporarydentalcare.com,contemporarydentalcare.com,Dental,"Orlando, FL",US,Candidate,,2026-09-07 13:02:34
Coast Dental,https://www.coastdental.com/dentist-office/orlando-fl-32806,coastdental.com,Dental,"Orlando, FL",US,Candidate,,2026-09-07 13:02:36
Community Health Centers,https://www.chcfl.org/locations/lake-ellenor,chcfl.org,Dental,"Orlando, FL",US,Candidate,,2026-09-07 13:02:37
Hillcrest Dental,https://www.dentistincollegepark.com,dentistincollegepark.com,Dental,"Orlando, FL",US,Candidate,,2026-09-07 13:02:42
Lake Eola Dental,http://www.lakeeoladental.com,lakeeoladental.com,Dental,"Orlando, FL",US,Candidate,,2026-09-07 13:02:43
Dental Care at Dr. Phillips,http://www.dentalcareatdrphillips.com,dentalcareatdrphillips.com,Dental,"Orlando, FL",US,Candidate,,2026-09-07 13:02:48
Innova Dental Care,https://innovadentalcare.dentist,innovadentalcare.dentist,Dental,"Orlando, FL",US,Candidate,,2026-09-07 13:02:51
Colonial Dental Care,http://www.colonialdentalcare.com,colonialdentalcare.com,Dental,"Orlando, FL",US,Candidate,,2026-09-07 13:02:52
Sage Dental of Downtown Orlando,https://mysagedental.com/downtown-orlando,mysagedental.com,Dental,"Orlando, FL",US,Candidate,,2026-09-07 13:02:53
Equinox Dental,http://equinoxdentalorlando.com,equinoxdentalorlando.com,Dental,"Orlando, FL",US,Candidate,,2026-09-07 13:02:54
"Aspen Dental - Orlando, FL (SODO)",https://www.aspendental.com/dentist/fl/orlando/2511-s-orange-ave-ste-200,aspendental.com,Dental,"Orlando, FL",US,Candidate,,2026-09-07 13:02:59
Orlando Family Dental,http://www.orlandofamilydental.com,orlandofamilydental.com,Dental,"Orlando, FL",US,Yes,"a class=""dtbtn"" href=""https://book2.getweave.com/c7a66ba3-d992-48c3-a79a-6046e",2026-09-07 13:03:07
Baldwin Park Family Dental,http://baldwinparkfamilydental.com,baldwinparkfamilydental.com,Dental,"Orlando, FL",US,Candidate,,2026-09-07 13:03:09
Lake Nona Family Dentistry,http://lakenonafamilydentistry.com,lakenonafamilydentistry.com,Dental,"Orlando, FL",US,Candidate,,2026-09-07 13:03:10
Orlando Family & Cosmetic Dentistry,http://www.orlandofamilycosmeticdentistry.com,orlandofamilycosmeticdentistry.com,Dental,"Orlando, FL",US,Candidate,,2026-09-07 13:03:13
Family & Cosmetic Dentistry,https://www.orlandofloridadentistry.com,orlandofloridadentistry.com,Dental,"Orlando, FL",US,Candidate,,2026-09-07 13:03:16
Family First Dentistry,https://familyfirstdentistry.com,familyfirstdentistry.com,Dental,"Anchorage, AK",US,Candidate,,2026-09-07 13:14:47
Advanced Family Dental Care,https://www.advancedfamilydentalcare.com,advancedfamilydentalcare.com,Dental,"Anchorage, AK",US,Yes,"th.com"",""microsite.adit.com"",""book2.getweave.com"",""www.zocdoc.com"",""www.appoin",2026-09-07 13:14:59
North Coast Family Dentistry,https://northcoastfamilydentistry.com,northcoastfamilydentistry.com,Dental,"Anchorage, AK",US,Candidate,,2026-09-07 13:15:03
True North Family Dental,https://truenorthfamilydental.com,truenorthfamilydental.com,Dental,"Anchorage, AK",US,Candidate,,2026-09-07 13:15:05
Murphy Family Dental,http://www.murphyfamilydental.com,murphyfamilydental.com,Dental,"Anchorage, AK",US,Candidate,,2026-09-07 13:15:10
Hawkinson Family Dental,https://lakeotisdentist.com,lakeotisdentist.com,Dental,"Anchorage, AK",US,Candidate,,2026-09-07 13:15:12
Huffman Family Dentistry,https://www.huffmanfamilydentistry.com,huffmanfamilydentistry.com,Dental,"Anchorage, AK",US,Candidate,,2026-09-07 13:15:29
Alcan Family Dental,https://www.alcanfamilydental.com,alcanfamilydental.com,Dental,"Anchorage, AK",US,Candidate,,2026-09-07 13:15:42
Fireweed Family Dental & Book Store,https://www.fireweeddentistry.com,fireweeddentistry.com,Dental,"Anchorage, AK",US,Candidate,,2026-09-07 13:16:03
49th State Family Dentistry LLC,https://49thstatedental.com,49thstatedental.com,Dental,"Anchorage, AK",US,Candidate,,2026-09-07 13:16:16
South Anchorage Dental Center,http://www.southanchoragedental.com,southanchoragedental.com,Dental,"Anchorage, AK",US,Candidate,,2026-09-07 13:16:19
Woodside Dental Group,https://woodsidedentalgroup.com,woodsidedentalgroup.com,Dental,"Anchorage, AK",US,Candidate,,2026-09-07 13:16:30
Dr. Ryan Ersland,https://www.aurorafamily.dental,aurorafamily.dental,Dental,"Anchorage, AK",US,Candidate,,2026-09-07 13:16:43
Abbott Family Dentistry,https://www.907dentist.com,907dentist.com,Dental,"Anchorage, AK",US,Candidate,,2026-09-07 13:16:50
Lethin and Backs Family Dentistry: Boniface Dental Center,http://www.lethindds.com,lethindds.com,Dental,"Anchorage, AK",US,Candidate,,2026-09-07 13:17:03
Anchorage Dental Arts,https://www.anchoragedentalarts.com,anchoragedentalarts.com,Dental,"Anchorage, AK",US,Candidate,,2026-09-07 13:17:07
Alaskan Family Dental Center LLC,http://akfamilydental.com,akfamilydental.com,Dental,"Anchorage, AK",US,Candidate,,2026-09-07 13:17:26
Peak Health Dentistry at Gentle Care,https://peakhealthdentistry.com,peakhealthdentistry.com,Dental,"Anchorage, AK",US,Candidate,,2026-09-07 13:18:05
Anchorage Dental Group,https://anchoragedentalgroup.com,anchoragedentalgroup.com,Dental,"Anchorage, AK",US,Candidate,,2026-09-07 13:18:22
Gregorin Dental,https://www.gregorindental.com,gregorindental.com,Dental,"Anchorage, AK",US,Candidate,,2026-09-07 13:18:51
Health Centered Dentistry,http://www.hcdentistryak.com,hcdentistryak.com,Dental,"Anchorage, AK",US,Candidate,,2026-09-07 13:19:03
Family Dental Clinic,https://www.southcentralfoundation.com/services/dental-services,southcentralfoundation.com,Dental,"Anchorage, AK",US,Candidate,,2026-09-07 13:23:35
Little Rock Family Dental Care,https://www.lrfamilydentalcare.com/west-little-rock.html,lrfamilydentalcare.com,Dental,"Little Rock, AR",US,Candidate,,2026-09-07 13:24:02
Downtown Dental Care,https://www.ddclr.com,ddclr.com,Dental,"Little Rock, AR",US,Candidate,,2026-09-07 13:25:35
Knight Dental Care - Little Rock,https://www.knightdds.com,knightdds.com,Dental,"Little Rock, AR",US,Candidate,,2026-09-07 13:25:35
Dental Solutions of Little Rock,https://www.dentalsolutionslr.com,dentalsolutionslr.com,Dental,"Little Rock, AR",US,Candidate,,2026-09-07 13:25:35
Arkansas Family Dental,https://arkansasfamilydental.com,arkansasfamilydental.com,Dental,"Little Rock, AR",US,Candidate,,2026-09-07 13:25:35
Buchman Family Dental,https://www.littlerockardentist.com,littlerockardentist.com,Dental,"Little Rock, AR",US,Candidate,,2026-09-07 13:25:35
Rock Family Dental,https://rockfamilydental.com/location/little-rock-chenal-dentist,rockfamilydental.com,Dental,"Little Rock, AR",US,Candidate,,2026-09-07 13:25:35
Emergency Dentist Little Rock,http://emergencydentistslittlerock.com,emergencydentistslittlerock.com,Dental,"Little Rock, AR",US,Candidate,,2026-09-07 13:25:35
UAMS Health - UAMS Delta Dental of Arkansas Foundation Oral Health Clinic,https://uamshealth.com/location/oral-health-clinic,uamshealth.com,Dental,"Little Rock, AR",US,Candidate,,2026-09-07 13:25:35
Faith Dental Clinic,http://faithdentalclinic.com,faithdentalclinic.com,Dental,"Little Rock, AR",US,Candidate,,2026-09-07 13:25:35
Moon Family Dental,https://www.fullmoonsmiles.com,fullmoonsmiles.com,Dental,"Little Rock, AR",US,Candidate,,2026-09-07 13:25:35
Markham Street Dental,http://www.markhamstdental.com,markhamstdental.com,Dental,"Little Rock, AR",US,Candidate,,2026-09-07 13:25:35
Arkansas Dental Centers - Cantrell,https://arkansasdentalcenters.com/locations/cantrell-little-rock-ar,arkansasdentalcenters.com,Dental,"Little Rock, AR",US,Candidate,,2026-09-07 13:25:35
Little Rock Dentistry,http://www.littlerockdentistry.com,littlerockdentistry.com,Dental,"Little Rock, AR",US,Candidate,,2026-09-07 13:25:35
Dickinson Dental,http://www.drlesliedickinson.com,drlesliedickinson.com,Dental,"Little Rock, AR",US,Candidate,,2026-09-07 13:25:35
Westside Dental Center,https://www.westsidedentalctr.com,westsidedentalctr.com,Dental,"Little Rock, AR",US,Candidate,,2026-09-07 13:25:35
Cantrell Dental,http://cantrelldental.com,cantrelldental.com,Dental,"Little Rock, AR",US,Candidate,,2026-09-07 13:25:35
"Monarch Dental & Orthodontics - Little Rock, AR (Shackleford, RD)",https://www.monarchdental.com/dental-office/little-rock-dentist/20110,monarchdental.com,Dental,"Little Rock, AR",US,Candidate,,2026-09-07 13:25:35
Forest Heights Dental,https://forestheightsdental.com,forestheightsdental.com,Dental,"Little Rock, AR",US,Candidate,,2026-09-07 13:25:35
Crestwood Dental Care,http://crestwooddentalcare.com,crestwooddentalcare.com,Dental,"Little Rock, AR",US,Candidate,,2026-09-07 13:25:35
Dean Dental Solutions,https://www.deandentalsolutions.com,deandentalsolutions.com,Dental,"Little Rock, AR",US,Candidate,,2026-09-07 13:25:35
Beddington Dental Clinic NW Calgary,https://www.beddingtondentalclinic.com,beddingtondentalclinic.com,Dental,"Calgary, AB",Canada,Candidate,,2026-09-07 13:26:22
Inglewood Family Dental Calgary,https://www.inglewoodfamilydental.ca,inglewoodfamilydental.ca,Dental,"Calgary, AB",Canada,Candidate,,2026-09-07 13:26:23
Sunridge Dental Clinic,https://sunridgedental.ca,sunridgedental.ca,Dental,"Calgary, AB",Canada,Candidate,,2026-09-07 13:26:28
Crescent Heights Dental Clinic Calgary,https://www.crescentdental.ca,crescentdental.ca,Dental,"Calgary, AB",Canada,Candidate,,2026-09-07 13:26:32
Pathways Dental Clinic,https://pathwaysdental.ca,pathwaysdental.ca,Dental,"Calgary, AB",Canada,Candidate,,2026-09-07 13:26:45
London Square Dental Centre,https://www.londonsquaredental.ca,londonsquaredental.ca,Dental,"Calgary, AB",Canada,Candidate,,2026-09-07 13:26:48
5th Avenue Dental Centre,https://5thavenuedental.ca,5thavenuedental.ca,Dental,"Calgary, AB",Canada,Candidate,,2026-09-07 13:26:56
Signal Hill Dental Centre,https://www.signalhilldental.com,signalhilldental.com,Dental,"Calgary, AB",Canada,Candidate,,2026-09-07 13:26:58
Dentrix Dental Care,https://dentrixdentalcare.com,dentrixdentalcare.com,Dental,"Calgary, AB",Canada,Candidate,,2026-09-07 13:27:02
Millrise Dental Clinic,https://millrisedental.com,millrisedental.com,Dental,"Calgary, AB",Canada,Candidate,,2026-09-07 13:27:03
Downtown Dental - Calgary,https://www.downtowndentist.ca,downtowndentist.ca,Dental,"Calgary, AB",Canada,Candidate,,2026-09-07 13:27:08
My Dental Clinic,https://mydentalclinic.ca,mydentalclinic.ca,Dental,"Calgary, AB",Canada,Candidate,,2026-09-07 13:27:09
Planet Dental,https://www.planetdentalcalgary.ca,planetdentalcalgary.ca,Dental,"Calgary, AB",Canada,Candidate,,2026-09-07 13:27:13
Tower Dental Clinic,https://www.towerdental.ca/site/home,towerdental.ca,Dental,"Calgary, AB",Canada,Candidate,,2026-09-07 13:27:17
Centre Street Dental Clinic,https://www.centrestreetdentalclinic.ca,centrestreetdentalclinic.ca,Dental,"Calgary, AB",Canada,Candidate,,2026-09-07 13:27:19
Dental at the Met - SW Beltline Calgary,https://metdental.ca,metdental.ca,Dental,"Calgary, AB",Canada,Candidate,,2026-09-07 13:27:21
Harvest Dental Care in Calgary,https://www.harvestdental.ca/calgary,harvestdental.ca,Dental,"Calgary, AB",Canada,Candidate,,2026-09-07 13:27:24
Kensington Dental Care | Dentist NW Calgary,https://www.kensington-dentalcare.ca,kensington-dentalcare.ca,Dental,"Calgary, AB",Canada,Candidate,,2026-09-07 13:27:25
Brentwood Village Dental Clinic,https://brentwoodvillagedental.com,brentwoodvillagedental.com,Dental,"Calgary, AB",Canada,Candidate,,2026-09-07 13:27:32
Centre & 12th Dental Clinic Calgary,https://www.centreand12thdental.ca,centreand12thdental.ca,Dental,"Calgary, AB",Canada,Candidate,,2026-09-07 13:27:36
Glenmore Family Dental Care SE Calgary,https://www.glenmorefamilydentalcare.com,glenmorefamilydentalcare.com,Dental,"Calgary, AB",Canada,Candidate,,2026-09-07 13:27:48
Huntington Family Dental,https://huntingtonfamilydental.ca,huntingtonfamilydental.ca,Dental,"Calgary, AB",Canada,Candidate,,2026-09-07 13:27:50
Le Family Dental,https://www.lefamilydental.ca,lefamilydental.ca,Dental,"Calgary, AB",Canada,Candidate,,2026-09-07 13:27:52
McKenzie Towne Family Dental,https://mckenzietownedental.com,mckenzietownedental.com,Dental,"Calgary, AB",Canada,Candidate,,2026-09-07 13:27:56
Sunridge Family Dental,http://www.sunridgefamilydental.ca,sunridgefamilydental.ca,Dental,"Calgary, AB",Canada,Candidate,,2026-09-07 13:28:00
Edmonton West Dental Clinic,https://www.edmontonwestdental.com,edmontonwestdental.com,Dental,"Edmonton, AB",Canada,Candidate,,2026-09-07 13:28:22
Clareview Dental Clinic,https://clareviewdental.com,clareviewdental.com,Dental,"Edmonton, AB",Canada,Candidate,,2026-09-07 13:28:26
City Centre Dental,https://www.citycentredental.ca,citycentredental.ca,Dental,"Edmonton, AB",Canada,Candidate,,2026-09-07 13:28:31
Belle Rive Dental Clinic Edmonton,https://www.bellerivedental.ca,bellerivedental.ca,Dental,"Edmonton, AB",Canada,Candidate,,2026-09-07 13:28:38
Uptown Dental Centre,https://www.uptowndentalcentre.com,uptowndentalcentre.com,Dental,"Edmonton, AB",Canada,Candidate,,2026-09-07 13:28:42
Jasper Avenue Dental,http://www.2th.com,2th.com,Dental,"Edmonton, AB",Canada,Candidate,,2026-09-07 13:28:49
Westmount Dental Centre,https://www.westmountdental.ca/site/home,westmountdental.ca,Dental,"Edmonton, AB",Canada,Candidate,,2026-09-07 13:28:55
Oliver Family Dental Clinic Edmonton AB,https://oliverfamilydental.com,oliverfamilydental.com,Dental,"Edmonton, AB",Canada,Candidate,,2026-09-07 13:28:57
North Central Dental,http://www.northcentraldental.ca,northcentraldental.ca,Dental,"Edmonton, AB",Canada,Candidate,,2026-09-07 13:29:00
Smiles Dental Group,https://smilesdentalgroup.com/dental-clinics/south-edmonton-dentist,smilesdentalgroup.com,Dental,"Edmonton, AB",Canada,Yes,"t> <script defer src=""https://book.getweave.com/text-connect/3b23dd01-ff39-40",2026-09-07 13:29:03
Summit Dental,https://www.summitdentaledmonton.com,summitdentaledmonton.com,Dental,"Edmonton, AB",Canada,Candidate,,2026-09-07 13:29:06
Jasper Avenue Dental Choice Downtown Edmonton,https://www.jasperavenuedentalchoice.ca,jasperavenuedentalchoice.ca,Dental,"Edmonton, AB",Canada,Candidate,,2026-09-07 13:29:11
Kingsway Dental Centre,https://kingswaydentist.ca,kingswaydentist.ca,Dental,"Edmonton, AB",Canada,Candidate,,2026-09-07 13:29:14
Orchards Dental,https://www.orchardsdental.ca,orchardsdental.ca,Dental,"Edmonton, AB",Canada,Candidate,,2026-09-07 13:29:19
Impression Dental Clinic Edmonton AB,https://impression-dental.ca,impression-dental.ca,Dental,"Edmonton, AB",Canada,Candidate,,2026-09-07 13:29:21
Emergency Dental Care,https://www.emergencydentalclinics.ca/site/home,emergencydentalclinics.ca,Dental,"Edmonton, AB",Canada,Candidate,,2026-09-07 13:29:25
Norwood Dental Alberta Avenue,https://norwood-dental.ca,norwood-dental.ca,Dental,"Edmonton, AB",Canada,Candidate,,2026-09-07 13:29:28
UDental Clinic Van Vliet Centre,https://udentalclinic.ca,udentalclinic.ca,Dental,"Edmonton, AB",Canada,Candidate,,2026-09-07 13:29:30
Manchester Dental,https://www.manchesterdental.ca,manchesterdental.ca,Dental,"Edmonton, AB",Canada,Candidate,,2026-09-07 13:29:35
Smile Zone,https://smilezone.net,smilezone.net,Dental,"Edmonton, AB",Canada,Candidate,,2026-09-07 13:29:37
Viva Dental Wellness / The Snore Centre,https://vivadentalwellness.com,vivadentalwellness.com,Dental,"Edmonton, AB",Canada,Candidate,,2026-09-07 13:29:46
Lewis Estates Dental Centre,https://lewisestatesdental.com,lewisestatesdental.com,Dental,"Edmonton, AB",Canada,Candidate,,2026-09-07 13:29:50
Family Dentistry,http://familydentistryyeg.ca,familydentistryyeg.ca,Dental,"Edmonton, AB",Canada,Candidate,,2026-09-07 13:29:52
Forest Heights Family Dental | Mevada,https://www.fhfd.ca,fhfd.ca,Dental,"Edmonton, AB",Canada,Candidate,,2026-09-07 13:29:54
My Family Dental Clinic,https://www.myfamilydentalclinic.ca,myfamilydentalclinic.ca,Dental,"Edmonton, AB",Canada,Candidate,,2026-09-07 13:29:57
The Downtown Dental Clinic,https://www.thedowntowndentalclinic.ca,thedowntowndentalclinic.ca,Dental,"Ottawa, ON",Canada,Candidate,,2026-09-07 13:30:07
Ottawa Dental Care | Emergency & Direct Billing in Downtown,https://www.ottawadentalcare.ca,ottawadentalcare.ca,Dental,"Ottawa, ON",Canada,Candidate,,2026-09-07 13:30:10
Inova Dental | Ottawa Dental Clinic,https://inovadental.com/locations/bank-st-ottawa,inovadental.com,Dental,"Ottawa, ON",Canada,Candidate,,2026-09-07 13:30:11
St. Laurent Dental Centre,https://www.stlaurentdental.com/site/home,stlaurentdental.com,Dental,"Ottawa, ON",Canada,Candidate,,2026-09-07 13:30:15
Ottawa West Dental,https://www.ottawawestdental.ca/site/home,ottawawestdental.ca,Dental,"Ottawa, ON",Canada,Candidate,,2026-09-07 13:30:19
Rideau Dental Centre - Ottawa,https://www.rideaudental.ca/site/home,rideaudental.ca,Dental,"Ottawa, ON",Canada,Candidate,,2026-09-07 13:30:24
Metro Dental Clinic,http://metrodentalclinic.com,metrodentalclinic.com,Dental,"Ottawa, ON",Canada,Candidate,,2026-09-07 13:30:26
Sandy Hill Dental Centre,https://www.sandyhilldental.ca/site/home,sandyhilldental.ca,Dental,"Ottawa, ON",Canada,Candidate,,2026-09-07 13:30:30
Alta Vista Dental Clinic,https://www.avlaserdentistry.com/site/home,avlaserdentistry.com,Dental,"Ottawa, ON",Canada,Candidate,,2026-09-07 13:30:34
Glebe Dental Centre,https://www.glebedentalcentre.ca,glebedentalcentre.ca,Dental,"Ottawa, ON",Canada,Candidate,,2026-09-07 13:30:38
East Ottawa Dental,https://www.eastottawadental.ca,eastottawadental.ca,Dental,"Ottawa, ON",Canada,Candidate,,2026-09-07 13:30:42
Smyth Dental Centre,https://www.smythdentalcentre.ca/site/home,smythdentalcentre.ca,Dental,"Ottawa, ON",Canada,Candidate,,2026-09-07 13:30:46
Ottawa Downtown Dentist,https://www.ottawadowntowndentist.com/site/home,ottawadowntowndentist.com,Dental,"Ottawa, ON",Canada,Candidate,,2026-09-07 13:30:50
Orleans Gardens Dental Centre,https://myorleansdentist.com,myorleansdentist.com,Dental,"Ottawa, ON",Canada,Candidate,,2026-09-07 13:30:52
Kent Street Dental Centre,https://www.kentstreetdental.ca/site/home,kentstreetdental.ca,Dental,"Ottawa, ON",Canada,Candidate,,2026-09-07 13:30:57
Billings Bridge Dental Center,https://billingsbridgedental.ca,billingsbridgedental.ca,Dental,"Ottawa, ON",Canada,Candidate,,2026-09-07 13:30:59
Train Yards Dental Centre,http://www.trainyardsdental.com,trainyardsdental.com,Dental,"Ottawa, ON",Canada,Candidate,,2026-09-07 13:31:03
Mersal Dental,https://www.mersaldental.ca,mersaldental.ca,Dental,"Ottawa, ON",Canada,Candidate,,2026-09-07 13:31:05
Dentistree Family Dental Clinic,http://www.dentistree.ca,dentistree.ca,Dental,"Ottawa, ON",Canada,Candidate,,2026-09-07 13:31:08
Family Dental Care - Ottawa South - Emergency Dental Services,https://www.ottawadentist.ca,ottawadentist.ca,Dental,"Ottawa, ON",Canada,Candidate,,2026-09-07 13:31:18
Dr. El Deeb Family Dental Care,https://www.ottawafamilydental.com,ottawafamilydental.com,Dental,"Ottawa, ON",Canada,Candidate,,2026-09-07 13:31:19
Ottawa Smiles Family Dental,https://osmilesfamilydental.ca,osmilesfamilydental.ca,Dental,"Ottawa, ON",Canada,Candidate,,2026-09-07 13:31:19
Riverside Family Dentistry,https://www.riversidefamilydentistry.com/site/home,riversidefamilydentistry.com,Dental,"Ottawa, ON",Canada,Candidate,,2026-09-07 13:31:24
Baseline Family Dental Care,https://www.baselinedental.ca,baselinedental.ca,Dental,"Ottawa, ON",Canada,Candidate,,2026-09-07 13:31:25
Gloucester Family Dentistry,https://gloucesterfamilydentistry.com,gloucesterfamilydentistry.com,Dental,"Ottawa, ON",Canada,Candidate,,2026-09-07 13:31:32
Garden City Dental Centre Winnipeg,https://www.gardencitydental.com,gardencitydental.com,Dental,"Winnipeg, MB",Canada,Candidate,,2026-09-07 13:31:43
Regent Avenue Dental Centre,https://regentdental.ca,regentdental.ca,Dental,"Winnipeg, MB",Canada,Candidate,,2026-09-07 13:31:49
Downtown Winnipeg Dental Centre,https://www.downtownwinnipegdental.ca,downtownwinnipegdental.ca,Dental,"Winnipeg, MB",Canada,Candidate,,2026-09-07 13:31:51
Maples Dental Centre,https://maplesdentalcentre.ca,maplesdentalcentre.ca,Dental,"Winnipeg, MB",Canada,Candidate,,2026-09-07 13:31:53
Vista Place Dental Centre,https://vistaplacedental.net,vistaplacedental.net,Dental,"Winnipeg, MB",Canada,Candidate,,2026-09-07 13:31:56
Fort Richmond Dental Centre,https://www.fortrichmonddental.com/site/home,fortrichmonddental.com,Dental,"Winnipeg, MB",Canada,Candidate,,2026-09-07 13:32:01
St. Vital Dental Centre,http://www.stvitaldental.ca,stvitaldental.ca,Dental,"Winnipeg, MB",Canada,Candidate,,2026-09-07 13:32:04
Polo Park Dental Centre,https://www.poloparkdental.ca,poloparkdental.ca,Dental,"Winnipeg, MB",Canada,Candidate,,2026-09-07 13:32:09
Westend Dental Clinic Winnipeg,https://www.westenddental.ca,westenddental.ca,Dental,"Winnipeg, MB",Canada,Candidate,,2026-09-07 13:32:12
Lakewood Dental Centre,https://lakewooddentalcentre.com,lakewooddentalcentre.com,Dental,"Winnipeg, MB",Canada,Candidate,,2026-09-07 13:32:16
Greenwoods Dental Centre Winnipeg - Regent Ave.,https://greenwoodsdental.com/winnipeg/regent,greenwoodsdental.com,Dental,"Winnipeg, MB",Canada,Candidate,,2026-09-07 13:32:18
Norwood Dental Centre Winnipeg,https://www.norwooddental.ca/site/home,norwooddental.ca,Dental,"Winnipeg, MB",Canada,Candidate,,2026-09-07 13:32:22
Corydon Dental Centre,http://www.corydondental.com,corydondental.com,Dental,"Winnipeg, MB",Canada,Candidate,,2026-09-07 13:32:28
Munroe Dental Centre,https://www.munroedentalcentre.ca/site/home,munroedentalcentre.ca,Dental,"Winnipeg, MB",Canada,Candidate,,2026-09-07 13:32:33
Odyssey Dental Care,https://www.odysseydental.com/site/home,odysseydental.com,Dental,"Winnipeg, MB",Canada,Candidate,,2026-09-07 13:32:39
Cor-Dent Dental Centre,https://www.cor-dent.com/site/home,cor-dent.com,Dental,"Winnipeg, MB",Canada,Candidate,,2026-09-07 13:32:43
Windsor Park Dental,http://www.windsorparkdental.com,windsorparkdental.com,Dental,"Winnipeg, MB",Canada,Candidate,,2026-09-07 13:32:46
Broadway Dental Centre,http://broadwaydentalclinic.ca,broadwaydentalclinic.ca,Dental,"Winnipeg, MB",Canada,Candidate,,2026-09-07 13:32:52
Seven Oaks Dental Centre,https://www.sevenoaksdentalcentre.com,sevenoaksdentalcentre.com,Dental,"Winnipeg, MB",Canada,Candidate,,2026-09-07 13:32:57
Kildonan Crossing Dental Centre,https://www.kcdental.ca,kcdental.ca,Dental,"Winnipeg, MB",Canada,Candidate,,2026-09-07 13:33:00
All Smiles Dental Centre Winnipeg,https://www.allsmilesdentalcentre.com/site/home,allsmilesdentalcentre.com,Dental,"Winnipeg, MB",Canada,Candidate,,2026-09-07 13:33:04
My Family Dentist,https://www.myfamilydentist.ca,myfamilydentist.ca,Dental,"Winnipeg, MB",Canada,Candidate,,2026-09-07 13:33:10
Leila North Family Dental,http://www.leilanorthdental.com,leilanorthdental.com,Dental,"Winnipeg, MB",Canada,Candidate,,2026-09-07 13:33:12
Dr. Sen & Sen Family Dental Clinic,https://onlinebooking.engageb.com,onlinebooking.engageb.com,Dental,"Winnipeg, MB",Canada,Candidate,,2026-09-07 13:33:14
St. John's Family Dental,http://stjohnsfamilydental.ca,stjohnsfamilydental.ca,Dental,"Winnipeg, MB",Canada,Candidate,,2026-09-07 13:33:18
Clinique dentaire du Quartier,https://www.cdquartier.com/site/accueil,cdquartier.com,Dental,"Quebec City, QC",Canada,Candidate,,2026-09-07 13:33:30
Clinique Dentaire St-Louis,https://www.cliniquestlouis.ca/site/accueil,cliniquestlouis.ca,Dental,"Quebec City, QC",Canada,Candidate,,2026-09-07 13:33:34
Clinique Dentaire Samuel Holland,https://www.cliniquesamuelholland.com/site/accueil,cliniquesamuelholland.com,Dental,"Quebec City, QC",Canada,Candidate,,2026-09-07 13:33:39
Dental Clinic Lefrancois,http://www.cliniquelefrancois.com,cliniquelefrancois.com,Dental,"Quebec City, QC",Canada,Candidate,,2026-09-07 13:33:41
Clinique Dentaire Myrand,https://www.cliniquedentairemyrand.com/site/accueil,cliniquedentairemyrand.com,Dental,"Quebec City, QC",Canada,Candidate,,2026-09-07 13:33:46
Maguire Dental Clinic,http://www.cliniquedentairemaguire.com,cliniquedentairemaguire.com,Dental,"Quebec City, QC",Canada,Candidate,,2026-09-07 13:33:55
Clinique Dentaire Centre-Ville,https://www.bukoreso.com,bukoreso.com,Dental,"Quebec City, QC",Canada,Candidate,,2026-09-07 13:33:58
De l'Église Dental Clinic,http://www.cliniquedentairedeleglise.com,cliniquedentairedeleglise.com,Dental,"Quebec City, QC",Canada,Candidate,,2026-09-07 13:34:02
Centre Dentaire Ville De Quebec - Dentiste,https://www.411sante.com/dentiste/quebec/montcalm-3/dentiste-montcalm.htm,411sante.com,Dental,"Quebec City, QC",Canada,Candidate,,2026-09-07 13:34:13
Lapointe Québec,https://centreslapointe.com/site/quebec,centreslapointe.com,Dental,"Quebec City, QC",Canada,Candidate,,2026-09-07 13:34:17
Centre Dentaire Charest,https://www.centredentairecharest.com,centredentairecharest.com,Dental,"Quebec City, QC",Canada,Candidate,,2026-09-07 13:34:21
Centre dentaire du Campanile,http://centredentairecampanile.com,centredentairecampanile.com,Dental,"Quebec City, QC",Canada,Candidate,,2026-09-07 13:34:25
Ma Santé Dentaire,http://www.masantedentaire.net,masantedentaire.net,Dental,"Quebec City, QC",Canada,Candidate,,2026-09-07 13:34:33
Clinique dentaire et d'implantologieAndréNormand,https://jacques-cie.com,jacques-cie.com,Dental,"Quebec City, QC",Canada,Candidate,,2026-09-07 13:34:34
Centre de santé dentaire Dre Josée Poulin,https://cliniquedentaireavenueroyale.com,cliniquedentaireavenueroyale.com,Dental,"Quebec City, QC",Canada,Candidate,,2026-09-07 13:34:38
emergency dental center of the capital,http://www.urgencedentaireqc.ca,urgencedentaireqc.ca,Dental,"Quebec City, QC",Canada,Candidate,,2026-09-07 13:34:46
Clinique Dentaire Gaudreault Galvis Bilodeau,http://cliniquedentaireqg.com,cliniquedentaireqg.com,Dental,"Quebec City, QC",Canada,Candidate,,2026-09-07 13:34:59
Clinique dentaire Institut Dentaire Grande Allée,http://www.idga.ca,idga.ca,Dental,"Quebec City, QC",Canada,Candidate,,2026-09-07 13:35:03
Parodontie Québec,https://www.parodontiequebec.ca,parodontiequebec.ca,Dental,"Quebec City, QC",Canada,Candidate,,2026-09-07 13:35:04
Montcalm Dental Clinic,http://www.centredentairemontcalm.com,centredentairemontcalm.com,Dental,"Quebec City, QC",Canada,Candidate,,2026-09-07 13:35:12
Centre Dentaire Ste-Foy,https://www.centredentairestefoy.com,centredentairestefoy.com,Dental,"Quebec City, QC",Canada,Candidate,,2026-09-07 13:35:14
Centre dentaire Masse,https://www.drmasse.com/site/accueil,drmasse.com,Dental,"Quebec City, QC",Canada,Candidate,,2026-09-07 13:35:18
Clinique Dentaire Dion Tardif et Ass.,https://odontys.ca/cliniques-dentaires/val-belair,odontys.ca,Dental,"Quebec City, QC",Canada,Candidate,,2026-09-07 13:35:21
Centre Dentaire Pellan & Lessard,https://www.centredentairepellanetlessard.com/site/accueil,centredentairepellanetlessard.com,Dental,"Quebec City, QC",Canada,Candidate,,2026-09-07 13:35:24
Clinique dentaire Denis Monier,https://cliniquedentairedenismonier.com,cliniquedentairedenismonier.com,Dental,"Quebec City, QC",Canada,Candidate,,2026-09-07 13:35:26
Oakville Dental,https://oakvilledental.com,oakvilledental.com,Dental,"Hamilton, ON",Canada,Candidate,,2026-09-07 13:35:54
Erin Oaks Children's Dentistry,http://www.erinoaksdental.com,erinoaksdental.com,Dental,"Hamilton, ON",Canada,Candidate,,2026-09-07 13:35:57
Hamilton Family Dentistry,https://hamiltonfamilydentistry.ca,hamiltonfamilydentistry.ca,Dental,"Hamilton, ON",Canada,Candidate,,2026-09-07 13:36:07
Rymal Square Family Dentists,http://www.hamiltondentaloffice.com,hamiltondentaloffice.com,Dental,"Hamilton, ON",Canada,Candidate,,2026-09-07 13:36:12
White Pine Family Dentistry,https://mydentisthamilton.com,mydentisthamilton.com,Dental,"Hamilton, ON",Canada,Candidate,,2026-09-07 13:36:15
Rymal Family Dental Hamilton,https://www.rymalfamilydental.ca,rymalfamilydental.ca,Dental,"Hamilton, ON",Canada,Candidate,,2026-09-07 13:36:19
Sherman Dental Centre - Family Dentist Hamilton,http://shermandentalcentre.com,shermandentalcentre.com,Dental,"Hamilton, ON",Canada,Candidate,,2026-09-07 13:36:23
"SAMEDAY DENTAL Hamilton - General, Family, Cosmetic & Emergency Dentist",https://www.samedaydental.ca,samedaydental.ca,Dental,"Hamilton, ON",Canada,Candidate,,2026-09-07 13:36:26
Ancaster Family Dentistry,https://ancasterfamilydentistry.ca,ancasterfamilydentistry.ca,Dental,"Hamilton, ON",Canada,Candidate,,2026-09-07 13:36:34
Family Dentistry on Locke,https://lockedental.ca,lockedental.ca,Dental,"Hamilton, ON",Canada,Candidate,,2026-09-07 13:36:37
Dentistry on 7th,https://dentistryon7th.ca,dentistryon7th.ca,Dental,"Hamilton, ON",Canada,Candidate,,2026-09-07 13:36:42
Dr. Daniel Mahler Dentistry,https://www.mahlerdental.com/site/home,mahlerdental.com,Dental,"Hamilton, ON",Canada,Candidate,,2026-09-07 13:36:46
Hamilton Dental,https://www.hamiltondental.ca,hamiltondental.ca,Dental,"Hamilton, ON",Canada,Candidate,,2026-09-07 13:36:47
Centre Mall Dental Hamilton,https://www.centremalldental.ca,centremalldental.ca,Dental,"Hamilton, ON",Canada,Candidate,,2026-09-07 13:36:51
Dentistry on Parkdale,http://www.dentistryonparkdale.com,dentistryonparkdale.com,Dental,"Hamilton, ON",Canada,Candidate,,2026-09-07 13:36:56
Upper Ottawa Dental,https://www.upperottawadental.com/site/home,upperottawadental.com,Dental,"Hamilton, ON",Canada,Candidate,,2026-09-07 13:37:00
Hamilton Mountain Dental Group,https://hamiltonmountaindental.ca,hamiltonmountaindental.ca,Dental,"Hamilton, ON",Canada,Candidate,,2026-09-07 13:37:04
MM Family and Sleep Dentistry,http://www.mmfamilyandsleepdentistry.com,mmfamilyandsleepdentistry.com,Dental,"Hamilton, ON",Canada,Candidate,,2026-09-07 13:37:09
Olivieri Dental Care,http://olivieridental.ca,olivieridental.ca,Dental,"Hamilton, ON",Canada,Candidate,,2026-09-07 13:37:11
Family Dental DR. JEFFREY BENSIMON,https://ancasterfamilydental.ca,ancasterfamilydental.ca,Dental,"Hamilton, ON",Canada,Candidate,,2026-09-07 13:37:14
KW Dentists - Highland Hills Dental (Dentist in Kitchener),https://highlandhillsdentalcentre.com,highlandhillsdentalcentre.com,Dental,"Kitchener, ON",Canada,Candidate,,2026-09-07 13:37:22
BENTON DENTAL CLINIC,http://www.bentondentalclinic.ca,bentondentalclinic.ca,Dental,"Kitchener, ON",Canada,Candidate,,2026-09-07 13:37:25
Laurentian Dental Centre Kitchener,https://www.laurentiandentalcentre.com,laurentiandentalcentre.com,Dental,"Kitchener, ON",Canada,Candidate,,2026-09-07 13:37:29
Solar Dental,https://solardental.com/locations/solar-dental-kitchener,solardental.com,Dental,"Kitchener, ON",Canada,Candidate,,2026-09-07 13:37:30
Kitchener Dental,https://www.kitchenerdental.com,kitchenerdental.com,Dental,"Kitchener, ON",Canada,Candidate,,2026-09-07 13:37:34
Grand River Dental Care,https://grandriverdental.ca,grandriverdental.ca,Dental,"Kitchener, ON",Canada,Candidate,,2026-09-07 13:37:34
Belmont Dental Care,http://belmontdentalcare.ca,belmontdentalcare.ca,Dental,"Kitchener, ON",Canada,Candidate,,2026-09-07 13:37:36
Kitchener Dentist Fairway Dental,https://www.kitchenerdentistfairway.com,kitchenerdentistfairway.com,Dental,"Kitchener, ON",Canada,Candidate,,2026-09-07 13:37:40
King East Dental Care,http://kingeastdentalcare.com,kingeastdentalcare.com,Dental,"Kitchener, ON",Canada,Candidate,,2026-09-07 13:37:40
Doon Village Dental,http://www.doonvillagedental.ca,doonvillagedental.ca,Dental,"Kitchener, ON",Canada,Candidate,,2026-09-07 13:37:43
STANLEY PARK DENTAL CARE,https://www.stanleyparkdental.ca,stanleyparkdental.ca,Dental,"Kitchener, ON",Canada,Candidate,,2026-09-07 13:37:44
Station Dental Office,http://www.stationdentaloffice.ca,stationdentaloffice.ca,Dental,"Kitchener, ON",Canada,Candidate,,2026-09-07 13:37:47
Frederick Dental Kitchener,https://www.frederickdental.ca,frederickdental.ca,Dental,"Kitchener, ON",Canada,Candidate,,2026-09-07 13:37:50
Highland Dental Clinic,http://highlanddental.ca/index-1.html,highlanddental.ca,Dental,"Kitchener, ON",Canada,Candidate,,2026-09-07 13:37:52
Williamsburg Dental Center,https://williamsburgdentalcenter.ca,williamsburgdentalcenter.ca,Dental,"Kitchener, ON",Canada,Candidate,,2026-09-07 13:37:58
MI Dental Dentist Kitchener,http://www.midental.ca,midental.ca,Dental,"Kitchener, ON",Canada,Candidate,,2026-09-07 13:37:58
Midtown Smiles Dental Care | Dr. Anil Shetty,https://midtownsmilesdentalcare.com,midtownsmilesdentalcare.com,Dental,"Kitchener, ON",Canada,Candidate,,2026-09-07 13:37:59
Country Park Dental,http://www.countryparkdental.com/contact-us,countryparkdental.com,Dental,"Kitchener, ON",Canada,Candidate,,2026-09-07 13:38:05
Toothworks Fairview Park Dental,https://www.toothworks.com/site/fairview-park-dental-clinic-kitchener-waterloo,toothworks.com,Dental,"Kitchener, ON",Canada,Candidate,,2026-09-07 13:38:08
River Family Dentistry,https://riverdentistry.ca,riverdentistry.ca,Dental,"Kitchener, ON",Canada,Candidate,,2026-09-07 13:38:10
Forest Glen Dental,http://www.forestglendental.com,forestglendental.com,Dental,"Kitchener, ON",Canada,Candidate,,2026-09-07 13:38:12
Dawson Dental - Kitchener,https://www.dawsondental.ca/site/kitchener-dentist,dawsondental.ca,Dental,"Kitchener, ON",Canada,Candidate,,2026-09-07 13:38:15
Ottawa Heritage Dental,http://www.ottawaheritagedental.ca,ottawaheritagedental.ca,Dental,"Kitchener, ON",Canada,Candidate,,2026-09-07 13:38:17
City Smiles Dentistry,http://www.citysmilesdentistry.com,citysmilesdentistry.com,Dental,"Kitchener, ON",Canada,Candidate,,2026-09-07 13:38:21
Enamel Republic Family Dentistry,https://kitchenerfamilydentist.com,kitchenerfamilydentist.com,Dental,"Kitchener, ON",Canada,Candidate,,2026-09-07 13:38:22
White Oaks Mall Dental,http://www.whiteoaksmalldental.com,whiteoaksmalldental.com,Dental,"London, ON",Canada,Candidate,,2026-09-07 13:38:32
London City Dental,https://londoncitydental.ca,londoncitydental.ca,Dental,"London, ON",Canada,Candidate,,2026-09-07 13:38:36
Olive Tree Dental,http://olivetreedental.ca,olivetreedental.ca,Dental,"London, ON",Canada,Candidate,,2026-09-07 13:38:43
Eid Dental Clinic,http://eiddentalclinic.ca,eiddentalclinic.ca,Dental,"London, ON",Canada,Candidate,,2026-09-07 13:38:58
Southwest Dental Care London,https://www.southwestdentalcare.ca/site/home,southwestdentalcare.ca,Dental,"London, ON",Canada,Candidate,,2026-09-07 13:39:02
Fairmont Dental Centre London,https://www.fairmontdental.ca,fairmontdental.ca,Dental,"London, ON",Canada,Candidate,,2026-09-07 13:39:04
Aria Dental Centre,https://www.ariadentalcentre.com,ariadentalcentre.com,Dental,"London, ON",Canada,Candidate,,2026-09-07 13:39:09
Patel Dental Center,https://www.pateldentalcenter.ca,pateldentalcenter.ca,Dental,"London, ON",Canada,Candidate,,2026-09-07 13:39:13
Wortley Road Dental,https://wortleyroaddental.com,wortleyroaddental.com,Dental,"London, ON",Canada,Candidate,,2026-09-07 13:39:17
AIM DENTAL CENTRE,https://www.aimdentalcentre.ca,aimdentalcentre.ca,Dental,"London, ON",Canada,Candidate,,2026-09-07 13:39:19
Horizon Dental Care London,https://www.horizondentalcare.ca,horizondentalcare.ca,Dental,"London, ON",Canada,Candidate,,2026-09-07 13:39:24
London Sherwood Dental Care,http://www.londonsherwooddentalcare.ca,londonsherwooddentalcare.ca,Dental,"London, ON",Canada,Candidate,,2026-09-07 13:39:26
Alba Dental Centre,https://albadental.ca,albadental.ca,Dental,"London, ON",Canada,Candidate,,2026-09-07 13:39:29
We Smile Dentistry,https://wesmiledentistry.ca,wesmiledentistry.ca,Dental,"London, ON",Canada,Candidate,,2026-09-07 13:39:32
London Dental House,https://londondentalhouse.ca,londondentalhouse.ca,Dental,"London, ON",Canada,Candidate,,2026-09-07 13:39:34
Northview Dental Centre,https://northview-dental.com,northview-dental.com,Dental,"London, ON",Canada,Candidate,,2026-09-07 13:39:37
South London Dental Care Centre,http://southlondondental.com,southlondondental.com,Dental,"London, ON",Canada,Candidate,,2026-09-07 13:39:41
UCC Dental,http://uccdental.ca,uccdental.ca,Dental,"London, ON",Canada,Candidate,,2026-09-07 13:39:48
London Family Dental,http://www.londonfamilydental.com,londonfamilydental.com,Dental,"London, ON",Canada,Candidate,,2026-09-07 13:39:50
London Oasis Family Dentistry,http://londonoasisdentistry.com,londonoasisdentistry.com,Dental,"London, ON",Canada,Candidate,,2026-09-07 13:40:05
Stoney Creek Family Dental,https://stoneycreekfamilydental.ca,stoneycreekfamilydental.ca,Dental,"London, ON",Canada,Candidate,,2026-09-07 13:40:12
My Family Dental Care,http://www.myfamilydentalcare.ca,myfamilydentalcare.ca,Dental,"London, ON",Canada,Candidate,,2026-09-07 13:40:14
Village Walk Family Dental,http://www.villagewalkdental.ca,villagewalkdental.ca,Dental,"London, ON",Canada,Candidate,,2026-09-07 13:40:20
West Five Family Dental,https://westfivedental.ca,westfivedental.ca,Dental,"London, ON",Canada,Candidate,,2026-09-07 13:40:27
Queens Family Dentistry,http://www.queensfamilydentistry.ca,queensfamilydentistry.ca,Dental,"London, ON",Canada,Candidate,,2026-09-07 13:40:37
Hillside Dental Centre,https://hillsidedentalcentre.com,hillsidedentalcentre.com,Dental,"Victoria, BC",Canada,Candidate,,2026-09-07 13:40:46
Downtown Dental Victoria,https://www.downtowndentalvictoria.ca,downtowndentalvictoria.ca,Dental,"Victoria, BC",Canada,Candidate,,2026-09-07 13:40:52
City Center Dental Clinic,https://www.citycenterdentalclinic.ca,citycenterdentalclinic.ca,Dental,"Victoria, BC",Canada,Candidate,,2026-09-07 13:40:55
Academy Dental Victoria,https://www.victoriadentist.com,victoriadentist.com,Dental,"Victoria, BC",Canada,Candidate,,2026-09-07 13:41:01
Oak Street Dental,https://oakstreetdental.ca,oakstreetdental.ca,Dental,"Victoria, BC",Canada,Candidate,,2026-09-07 13:41:03
Broad Street Dental Centre,http://broadstdental.com,broadstdental.com,Dental,"Victoria, BC",Canada,Candidate,,2026-09-07 13:41:06
Oak Bay Dental Clinic,https://www.oakbaydentalclinic.ca,oakbaydentalclinic.ca,Dental,"Victoria, BC",Canada,Candidate,,2026-09-07 13:41:10
Mayfair Dental Centre,https://www.mayfairdental.ca,mayfairdental.ca,Dental,"Victoria, BC",Canada,Candidate,,2026-09-07 13:41:14
Oaklands Dental,https://www.oaklandsdental.ca/site/home,oaklandsdental.ca,Dental,"Victoria, BC",Canada,Candidate,,2026-09-07 13:41:18
Urban Smiles Victoria,https://urbansmilesvictoria.com,urbansmilesvictoria.com,Dental,"Victoria, BC",Canada,Candidate,,2026-09-07 13:41:21
Pacifica Dental,https://pacificadental.ca,pacificadental.ca,Dental,"Victoria, BC",Canada,Candidate,,2026-09-07 13:41:24
Vic West Dentistry,https://www.vicwestdentistry.com/site/home,vicwestdentistry.com,Dental,"Victoria, BC",Canada,Candidate,,2026-09-07 13:41:29
Urgent Dental Care Victoria,http://emergencydentalvictoria.com,emergencydentalvictoria.com,Dental,"Victoria, BC",Canada,Candidate,,2026-09-07 13:41:37
Campus Dental Victoria,https://campusdentalvictoria.com,campusdentalvictoria.com,Dental,"Victoria, BC",Canada,Candidate,,2026-09-07 13:41:40
James Bay Dental,https://www.jamesbaydental.com/site/home,jamesbaydental.com,Dental,"Victoria, BC",Canada,Candidate,,2026-09-07 13:41:45
Hudson Place Dental,http://www.hudsonplacedental.ca,hudsonplacedental.ca,Dental,"Victoria, BC",Canada,Candidate,,2026-09-07 13:41:48
Cook Street Village Dental,https://www.cookstreetvillagedental.com,cookstreetvillagedental.com,Dental,"Victoria, BC",Canada,Candidate,,2026-09-07 13:41:50
Quadra Dental Centre - Victoria,https://www.quadradentalcentre.com/site/home,quadradentalcentre.com,Dental,"Victoria, BC",Canada,Candidate,,2026-09-07 13:41:54
Capital Park Dental,https://www.capitalparkdental.com,capitalparkdental.com,Dental,"Victoria, BC",Canada,Candidate,,2026-09-07 13:42:01
Elements Dental,https://www.elementsdental.ca,elementsdental.ca,Dental,"Victoria, BC",Canada,Candidate,,2026-09-07 13:42:04
Walmart Supercentre,https://www.walmart.ca/en/store/1214,walmart.ca,Dental,"Victoria, BC",Canada,Candidate,,2026-09-07 13:42:06
Viva Dental Victoria,https://www.vivadentalvictoria.com,vivadentalvictoria.com,Dental,"Victoria, BC",Canada,Candidate,,2026-09-07 13:42:09
Cadboro Bay Dental,https://cadborobaydentist.com,cadborobaydentist.com,Dental,"Victoria, BC",Canada,Candidate,,2026-09-07 13:42:11
Pacific Coast Dental,https://www.pacificcoastdental.com,pacificcoastdental.com,Dental,"Victoria, BC",Canada,Candidate,,2026-09-07 13:42:18
Willows Family Dental,http://www.willowsfamilydental.com,willowsfamilydental.com,Dental,"Victoria, BC",Canada,Candidate,,2026-09-07 13:42:26
Gladstone Dental Centre Halifax,https://www.gladstonedental.ca/site/home,gladstonedental.ca,Dental,"Halifax, NS",Canada,Candidate,,2026-09-07 13:42:38
Scotia Dental,https://www.scotiadental.com/site/home,scotiadental.com,Dental,"Halifax, NS",Canada,Candidate,,2026-09-07 13:42:42
Trimac Dental Centre,https://www.trimacdental.com/site/home,trimacdental.com,Dental,"Halifax, NS",Canada,Candidate,,2026-09-07 13:42:47
Robie Street Dental Centre,https://www.robiestreetdental.ca/site/home,robiestreetdental.ca,Dental,"Halifax, NS",Canada,Candidate,,2026-09-07 13:42:51
Halifax Dental Group,http://www.halifaxdental.ca,halifaxdental.ca,Dental,"Halifax, NS",Canada,Candidate,,2026-09-07 13:42:55
Lakeside Dental,https://www.lakesidedentalhalifax.ca/site/home,lakesidedentalhalifax.ca,Dental,"Halifax, NS",Canada,Candidate,,2026-09-07 13:42:59
Complete Family Dentistry,https://completefamilydentistry.ca,completefamilydentistry.ca,Dental,"Halifax, NS",Canada,Candidate,,2026-09-07 13:43:01
Lawen Dentistry,https://www.ourdentist.ca,ourdentist.ca,Dental,"Halifax, NS",Canada,Candidate,,2026-09-07 13:43:05
Parkland Dental,http://parklanddental.ca,parklanddental.ca,Dental,"Halifax, NS",Canada,Candidate,,2026-09-07 13:43:09
Clayton Park Dental,https://www.claytonparkdental.com/site/home,claytonparkdental.com,Dental,"Halifax, NS",Canada,Candidate,,2026-09-07 13:43:13
Herring Cove Community Dentistry,https://www.herringcovedental.ca,herringcovedental.ca,Dental,"Halifax, NS",Canada,Candidate,,2026-09-07 13:43:23
Sante Dental,https://www.santedentalhalifax.ca,santedentalhalifax.ca,Dental,"Halifax, NS",Canada,Candidate,,2026-09-07 13:43:32
Anchor Dental,http://www.anchordental.ca,anchordental.ca,Dental,"Halifax, NS",Canada,Candidate,,2026-09-07 13:43:35
Park West Dental Office,http://www.parkwestdental.ca,parkwestdental.ca,Dental,"Halifax, NS",Canada,Candidate,,2026-09-07 13:43:43
Lacewood Square Dentistry,https://lacewoodsquaredentistry.com,lacewoodsquaredentistry.com,Dental,"Halifax, NS",Canada,Candidate,,2026-09-07 13:43:46
Handala Dental,http://handaladental.ca,handaladental.ca,Dental,"Halifax, NS",Canada,Candidate,,2026-09-07 13:43:49
Chain Lake Dental Center,http://chainlakedental.com,chainlakedental.com,Dental,"Halifax, NS",Canada,Candidate,,2026-09-07 13:43:55
Rockingham Ridge Dental Centre,http://www.rockinghamridgedental.com,rockinghamridgedental.com,Dental,"Halifax, NS",Canada,Candidate,,2026-09-07 13:43:58
Park Lane Dental Specialists,https://www.parklanedental.ca,parklanedental.ca,Dental,"Halifax, NS",Canada,Candidate,,2026-09-07 13:43:59
Paradigm Orthodontics - Dr. Andrew Emanuele,https://www.paradigmsmile.com,paradigmsmile.com,Dental,"Halifax, NS",Canada,Candidate,,2026-09-07 13:44:02
Sublime Dentistry,https://sublimedentistry.ca,sublimedentistry.ca,Dental,"Halifax, NS",Canada,Candidate,,2026-09-07 13:44:06
halifax dental studio,http://www.halifaxdentalstudio.ca,halifaxdentalstudio.ca,Dental,"Halifax, NS",Canada,Candidate,,2026-09-07 13:44:13
Bridgeview Dental,http://www.smilehalifax.ca,smilehalifax.ca,Dental,"Halifax, NS",Canada,Candidate,,2026-09-07 13:44:14
Joseph Howe Family Dentistry,http://www.jhfd.ca,jhfd.ca,Dental,"Halifax, NS",Canada,Candidate,,2026-09-07 13:44:24
Mumford Family Dental Centre,https://mumfordfamilydental.ca,mumfordfamilydental.ca,Dental,"Halifax, NS",Canada,Candidate,,2026-09-07 13:44:28
King Ritson Dental Clinic,http://www.krdental.com,krdental.com,Dental,"Oshawa, ON",Canada,Candidate,,2026-09-07 13:44:38
Harmony Dental Care - Oshawa,https://harmonydentaloshawa.ca,harmonydentaloshawa.ca,Dental,"Oshawa, ON",Canada,Candidate,,2026-09-07 13:44:40
Taunton Village Dental,https://www.tauntondental.ca,tauntondental.ca,Dental,"Oshawa, ON",Canada,Candidate,,2026-09-07 13:44:41
North Oshawa Dental,https://northoshawadental.ca,northoshawadental.ca,Dental,"Oshawa, ON",Canada,Candidate,,2026-09-07 13:44:46
Oshawa Dentist,https://www.oshawadentist.com,oshawadentist.com,Dental,"Oshawa, ON",Canada,Candidate,,2026-09-07 13:44:49
Grandview Dental Clinic,https://grandviewdentalclinic.com,grandviewdentalclinic.com,Dental,"Oshawa, ON",Canada,Candidate,,2026-09-07 13:44:51
Source Dental,https://www.sourcedental.ca,sourcedental.ca,Dental,"Oshawa, ON",Canada,Candidate,,2026-09-07 13:44:55
Oshawa Centre Dental Office,https://www.oshawacd.com,oshawacd.com,Dental,"Oshawa, ON",Canada,Candidate,,2026-09-07 13:44:59
Smile View Dental,http://www.smileviewdental.com,smileviewdental.com,Dental,"Oshawa, ON",Canada,Candidate,,2026-09-07 13:45:06
Simcoe North Dental Oshawa,https://www.simcoenorthdental.ca,simcoenorthdental.ca,Dental,"Oshawa, ON",Canada,Candidate,,2026-09-07 13:45:10
K Smiles Dental Care,http://www.ksmilesdentalcare.ca,ksmilesdentalcare.ca,Dental,"Oshawa, ON",Canada,Candidate,,2026-09-07 13:45:12
Oshawa Dental House,http://oshawadentalhouse.com,oshawadentalhouse.com,Dental,"Oshawa, ON",Canada,Candidate,,2026-09-07 13:45:16
Simcoe Smile Dental - Oshawa,https://www.simcoesmiledental.com,simcoesmiledental.com,Dental,"Oshawa, ON",Canada,Candidate,,2026-09-07 13:45:22
King Park Dental,http://www.kingparkdental.com,kingparkdental.com,Dental,"Oshawa, ON",Canada,Candidate,,2026-09-07 13:45:25
RDC Dental Care,https://www.rdcdental.ca,rdcdental.ca,Dental,"Oshawa, ON",Canada,Candidate,,2026-09-07 13:45:28
East Village Dental Centre,https://www.eastvillagedentalcentre.ca,eastvillagedentalcentre.ca,Dental,"Oshawa, ON",Canada,Candidate,,2026-09-07 13:45:31
Lakeridge Dental Centre,http://www.lakeridgedentalcentre.ca,lakeridgedentalcentre.ca,Dental,"Oshawa, ON",Canada,Candidate,,2026-09-07 13:45:32
Conlin Dentistry - Oshawa,https://conlindentistry.com,conlindentistry.com,Dental,"Oshawa, ON",Canada,Candidate,,2026-09-07 13:45:33
Colborne Family Dental,http://www.colbornefamilydental.com,colbornefamilydental.com,Dental,"Oshawa, ON",Canada,Candidate,,2026-09-07 13:45:42
Dentistry on Rossland,https://dentistryonrossland.com,dentistryonrossland.com,Dental,"Oshawa, ON",Canada,Candidate,,2026-09-07 13:45:49
Cove Dentistry,http://www.covedental.ca,covedental.ca,Dental,"Oshawa, ON",Canada,Candidate,,2026-09-07 13:45:57
Windfields Dentistry,https://www.windfields-dentistry.com,windfields-dentistry.com,Dental,"Oshawa, ON",Canada,Candidate,,2026-09-07 13:46:01
Courtice Family Dentistry,https://courticefamilydentistry.ca,courticefamilydentistry.ca,Dental,"Oshawa, ON",Canada,Candidate,,2026-09-07 13:46:03
Windsor Family Dentistry,https://www.windsorfamilydentistry.ca,windsorfamilydentistry.ca,Dental,"Windsor, ON",Canada,Candidate,,2026-09-07 13:46:36
Roseland Family Dental,http://www.roselandfamilydental.ca,roselandfamilydental.ca,Dental,"Windsor, ON",Canada,Candidate,,2026-09-07 13:46:38
Parkway Family Dental,http://parkwayfamilydental.ca,parkwayfamilydental.ca,Dental,"Windsor, ON",Canada,Candidate,,2026-09-07 13:46:41
Willistead Family Dental,http://www.willisteadfamilydental.ca,willisteadfamilydental.ca,Dental,"Windsor, ON",Canada,Candidate,,2026-09-07 13:46:41
"Ouellette Family Dentistry – Windsor Dentist (Family, Cosmetic, & Emergency)",https://ouellettefamilydentistry.com,ouellettefamilydentistry.com,Dental,"Windsor, ON",Canada,Candidate,,2026-09-07 13:46:44
East Windsor Family Dental,https://www.eastwindsorfamilydental.com/contact-us,eastwindsorfamilydental.com,Dental,"Windsor, ON",Canada,Candidate,,2026-09-07 13:46:46
Family Dentistry,http://www.acadental.ca,acadental.ca,Dental,"Windsor, ON",Canada,Candidate,,2026-09-07 13:46:47
"Coscarella Family Dentistry & Associates – Dentist Windsor (Cosmetic, Implants, Invisalign, Emergency, & Cleaning)",http://www.coscarelladentistry.com,coscarelladentistry.com,Dental,"Windsor, ON",Canada,Candidate,,2026-09-07 13:46:52
South Star Family Dentist,http://www.southstardentist.com,southstardentist.com,Dental,"Windsor, ON",Canada,Candidate,,2026-09-07 13:46:54
Sandwich Towne Family Dentistry,https://windsorfamilydentist.ca,windsorfamilydentist.ca,Dental,"Windsor, ON",Canada,Candidate,,2026-09-07 13:47:03
Dental Health Centre Windsor – Cosmetic & Family Dentist,http://dentalhealthcentre.net,dentalhealthcentre.net,Dental,"Windsor, ON",Canada,Candidate,,2026-09-07 13:47:05
Friedl Dentistry,https://www.friedldentistry.com,friedldentistry.com,Dental,"Windsor, ON",Canada,Candidate,,2026-09-07 13:47:08
Walkerville Dental,http://www.walkervilledental.com,walkervilledental.com,Dental,"Windsor, ON",Canada,Candidate,,2026-09-07 13:47:16
Bencak Family Dental Ctr,http://www.amazingsmilesdoctor.com,amazingsmilesdoctor.com,Dental,"Windsor, ON",Canada,Candidate,,2026-09-07 13:47:16
Your Windsor Dental Care,http://yourwindsordentalcare.com,yourwindsordentalcare.com,Dental,"Windsor, ON",Canada,Candidate,,2026-09-07 13:47:18
Tecumseh Family Dental,https://tecumsehdental.ca,tecumsehdental.ca,Dental,"Windsor, ON",Canada,Candidate,,2026-09-07 13:47:20
Dr. Dan Foresto Family & Cosmetic Dentistry,http://forestodentistry.com,forestodentistry.com,Dental,"Windsor, ON",Canada,Candidate,,2026-09-07 13:47:23
Harvey Dental,https://harveydentistry.com,harveydentistry.com,Dental,"Windsor, ON",Canada,Candidate,,2026-09-07 13:47:25
The Avenue Dental Centre,https://www.theavenuedentalcentre.ca/site/home,theavenuedentalcentre.ca,Dental,"Windsor, ON",Canada,Candidate,,2026-09-07 13:47:29
Central Dental,https://dentistrywindsor.com,dentistrywindsor.com,Dental,"Windsor, ON",Canada,Candidate,,2026-09-07 13:47:31
Little River Dental,https://www.duroniodentistry.com,duroniodentistry.com,Dental,"Windsor, ON",Canada,Candidate,,2026-09-07 13:47:32
Eye Smile Dental,https://eyesmile-dental.com,eyesmile-dental.com,Dental,"Windsor, ON",Canada,Candidate,,2026-09-07 13:47:33
Ottawa Street Dental,http://ottawastreetdental.com,ottawastreetdental.com,Dental,"Windsor, ON",Canada,Candidate,,2026-09-07 13:47:34
Riverside Dental Office,http://riversidedentaloffice.ca,riversidedentaloffice.ca,Dental,"Windsor, ON",Canada,Candidate,,2026-09-07 13:47:37
Mount Royal Dental Clinic Saskatoon,https://www.mountroyaldental.ca,mountroyaldental.ca,Dental,"Saskatoon, SK",Canada,Candidate,,2026-09-07 13:47:48
Wildwood Dental Clinic,https://wildwooddentalclinic.com/contact,wildwooddentalclinic.com,Dental,"Saskatoon, SK",Canada,Candidate,,2026-09-07 13:47:50
Lakewood Dental Clinic Saskatoon,https://www.lakewooddentalclinic.com,lakewooddentalclinic.com,Dental,"Saskatoon, SK",Canada,Candidate,,2026-09-07 13:47:53
College Park Dental Clinic,https://www.collegepark.dental,collegepark.dental,Dental,"Saskatoon, SK",Canada,Candidate,,2026-09-07 13:47:58
NEESH Dental,https://www.neeshdental.com,neeshdental.com,Dental,"Saskatoon, SK",Canada,Candidate,,2026-09-07 13:48:00
Brighton Dental Centre Saskatoon,https://www.brightondentalstudio.com,brightondentalstudio.com,Dental,"Saskatoon, SK",Canada,Candidate,,2026-09-07 13:48:03
Wheatland Dental Saskatoon,https://wheatlandsaskatoon.ca,wheatlandsaskatoon.ca,Dental,"Saskatoon, SK",Canada,Candidate,,2026-09-07 13:48:03
Sutherland Dental,https://www.sutherlanddental.ca/site/home,sutherlanddental.ca,Dental,"Saskatoon, SK",Canada,Candidate,,2026-09-07 13:48:06
Midtown Dental Clinic - Saskatoon Dentists,https://midtowndentalclinic.ca,midtowndentalclinic.ca,Dental,"Saskatoon, SK",Canada,Candidate,,2026-09-07 13:48:08
Circle Drive & 8th Street Dental,https://www.circle8dental.com/site/home,circle8dental.com,Dental,"Saskatoon, SK",Canada,Candidate,,2026-09-07 13:48:12
Boulevard Dental Centre,https://boulevarddental.ca,boulevarddental.ca,Dental,"Saskatoon, SK",Canada,Candidate,,2026-09-07 13:48:14
Downtown Dental,https://www.dtdyxe.ca,dtdyxe.ca,Dental,"Saskatoon, SK",Canada,Candidate,,2026-09-07 13:48:19
West 14 Dental,https://www.west14dental.com,west14dental.com,Dental,"Saskatoon, SK",Canada,Candidate,,2026-09-07 13:48:21
Lakeside Dental,http://lakesidedentalsaskatoon.ca,lakesidedentalsaskatoon.ca,Dental,"Saskatoon, SK",Canada,Candidate,,2026-09-07 13:48:23
The Little Tooth Dental Clinic,https://thebigtooth.ca/the-little-tooth,thebigtooth.ca,Dental,"Saskatoon, SK",Canada,Candidate,,2026-09-07 13:48:25
Preston Dental Centre,https://www.prestondental.ca/site/home,prestondental.ca,Dental,"Saskatoon, SK",Canada,Candidate,,2026-09-07 13:48:29
Guardian Dental Care,http://www.guardiandentalcare.com,guardiandentalcare.com,Dental,"Saskatoon, SK",Canada,Candidate,,2026-09-07 13:48:31
Saskatoon Downtown Dentist,https://www.saskatoondowntowndentist.ca,saskatoondowntowndentist.ca,Dental,"Saskatoon, SK",Canada,Candidate,,2026-09-07 13:48:35
Kensington Dental Centre,https://www.kensingtondentalcentre.ca,kensingtondentalcentre.ca,Dental,"Saskatoon, SK",Canada,Candidate,,2026-09-07 13:48:36
Northend Dental,https://saskatoonsmiles.com,saskatoonsmiles.com,Dental,"Saskatoon, SK",Canada,Candidate,,2026-09-07 13:48:38
Green Leaf Dental,https://greenleafdental.ca,greenleafdental.ca,Dental,"Saskatoon, SK",Canada,Candidate,,2026-09-07 13:48:41
Broadway Dental Group,https://www.broadwaydentalyxe.ca,broadwaydentalyxe.ca,Dental,"Saskatoon, SK",Canada,Candidate,,2026-09-07 13:48:43
Dr Jocelyne Hodgson Wall Street Dental,http://www.wallstreetdental.ca,wallstreetdental.ca,Dental,"Saskatoon, SK",Canada,Candidate,,2026-09-07 13:48:52
Associated Midtown Dental,http://associatedmidtowndental.ca,associatedmidtowndental.ca,Dental,"Saskatoon, SK",Canada,Candidate,,2026-09-07 13:48:55
Erindale Dental Centre,http://erindaledental.com,erindaledental.com,Dental,"Saskatoon, SK",Canada,Candidate,,2026-09-07 13:48:56
Victoria Square Dental,https://www.victoriasquaredental.com,victoriasquaredental.com,Dental,"Regina, SK",Canada,Candidate,,2026-09-07 13:49:08
Greens Dental Clinic,https://www.greensdentalclinic.ca,greensdentalclinic.ca,Dental,"Regina, SK",Canada,Candidate,,2026-09-07 13:49:18
Aura Dental,http://www.auradental.ca,auradental.ca,Dental,"Regina, SK",Canada,Candidate,,2026-09-07 13:49:19
Northgate Dental Clinic,http://dangstorpdental.com/clinics/northgate,dangstorpdental.com,Dental,"Regina, SK",Canada,Candidate,,2026-09-07 13:49:25
Aspire Dental Regina,https://www.aspiredentalregina.ca,aspiredentalregina.ca,Dental,"Regina, SK",Canada,Candidate,,2026-09-07 13:49:27
Landmark Dental Office,https://landmarkdentalregina.com,landmarkdentalregina.com,Dental,"Regina, SK",Canada,Candidate,,2026-09-07 13:49:27
Health Style Dental,http://www.healthstyledental.com,healthstyledental.com,Dental,"Regina, SK",Canada,Candidate,,2026-09-07 13:49:31
Downtown Dental Centre,https://downtowndentalcentre.com,downtowndentalcentre.com,Dental,"Regina, SK",Canada,Candidate,,2026-09-07 13:49:33
Rosemont Dental Clinic,https://rosemontdental.ca,rosemontdental.ca,Dental,"Regina, SK",Canada,Candidate,,2026-09-07 13:49:35
Albert Park Dental Clinic,https://www.albertparkdental.ca/site/home,albertparkdental.ca,Dental,"Regina, SK",Canada,Candidate,,2026-09-07 13:49:39
Queen City Dental,https://queencitydental.ca,queencitydental.ca,Dental,"Regina, SK",Canada,Candidate,,2026-09-07 13:49:40
East End Dental,https://reginadental.com,reginadental.com,Dental,"Regina, SK",Canada,Candidate,,2026-09-07 13:49:41
Regina Lakeview Dental Centre,https://www.reginalakeviewdental.ca,reginalakeviewdental.ca,Dental,"Regina, SK",Canada,Candidate,,2026-09-07 13:49:49
Cathedral Dental,https://cathedraldental.ca/contact-us,cathedraldental.ca,Dental,"Regina, SK",Canada,Candidate,,2026-09-07 13:49:51
Simpli Dental,http://www.simpli.dental,simpli.dental,Dental,"Regina, SK",Canada,Candidate,,2026-09-07 13:49:53
306 Dental of Regina,https://www.reginadentist.com,reginadentist.com,Dental,"Regina, SK",Canada,Candidate,,2026-09-07 13:49:55
Normanview Dental,https://normanviewdental.com/meet-us,normanviewdental.com,Dental,"Regina, SK",Canada,Candidate,,2026-09-07 13:49:58
Acre 21 Dental Clinic,https://www.acre21dental.com/site/home,acre21dental.com,Dental,"Regina, SK",Canada,Candidate,,2026-09-07 13:50:01
Fourth Avenue Dental,http://www.fourthavenuedental.ca,fourthavenuedental.ca,Dental,"Regina, SK",Canada,Candidate,,2026-09-07 13:50:02
Mang Dental Group (Formerly Cityview Dental),http://mangdentalgroup.com,mangdentalgroup.com,Dental,"Regina, SK",Canada,Candidate,,2026-09-07 13:50:05
Grasslands Dental,https://grasslandsdental.ca,grasslandsdental.ca,Dental,"Regina, SK",Canada,Candidate,,2026-09-07 13:50:05
Southland Dental,https://southlanddental.ca,southlanddental.ca,Dental,"Regina, SK",Canada,Candidate,,2026-09-07 13:50:06
Regina Dental Group Southland Mall,https://southlandmalldental.ca,southlandmalldental.ca,Dental,"Regina, SK",Canada,Candidate,,2026-09-07 13:50:06
Gold Square Dental,http://www.goldsquaredental.com,goldsquaredental.com,Dental,"Regina, SK",Canada,Candidate,,2026-09-07 13:50:08
Revive Dental Clinic,https://www.revivedentalregina.com,revivedentalregina.com,Dental,"Regina, SK",Canada,Candidate,,2026-09-07 13:50:10
Dental Care at 101,http://www.dentalcare101.ca,dentalcare101.ca,Dental,"St. John's, NL",Canada,Candidate,,2026-09-07 13:50:20
Airport Heights Dental,https://www.airportheightsdental.com/site/home,airportheightsdental.com,Dental,"St. John's, NL",Canada,Candidate,,2026-09-07 13:50:25
Village Dental Office,http://www.villagedentaloffice.ca,villagedentaloffice.ca,Dental,"St. John's, NL",Canada,Candidate,,2026-09-07 13:50:27
Summerville Dental Office,https://summervilledentalnl.com,summervilledentalnl.com,Dental,"St. John's, NL",Canada,Candidate,,2026-09-07 13:50:28
The Dentists At Galway,https://www.thedentistsatgalway.com,thedentistsatgalway.com,Dental,"St. John's, NL",Canada,Candidate,,2026-09-07 13:50:40
City Smiles Dentistry (Dr Umer Shah Dr Kristin Fong),http://citysmilesnl.ca,citysmilesnl.ca,Dental,"St. John's, NL",Canada,Candidate,,2026-09-07 13:50:40
Atlantic Oral Surgery & Dental Implant Centre,http://www.atlanticoralsurgery.ca,atlanticoralsurgery.ca,Dental,"St. John's, NL",Canada,Candidate,,2026-09-07 13:50:42
East End Dental,http://www.eastenddental.ca,eastenddental.ca,Dental,"St. John's, NL",Canada,Candidate,,2026-09-07 13:50:44
Kenmount Court Family Dental Clinic,http://kenmountcourtfamilydental.ca,kenmountcourtfamilydental.ca,Dental,"St. John's, NL",Canada,Candidate,,2026-09-07 13:50:49
Cowan Heights Dental Centre,http://cowanheightsdental.com,cowanheightsdental.com,Dental,"St. John's, NL",Canada,Candidate,,2026-09-07 13:50:52
advanced dental,https://advanceddental.ca,advanceddental.ca,Dental,"St. John's, NL",Canada,Candidate,,2026-09-07 13:51:04
Avalon Dental Centre,http://avalondental.ca,avalondental.ca,Dental,"St. John's, NL",Canada,Candidate,,2026-09-07 13:51:06
MUN Dental Clinic,https://www.mundental.ca,mundental.ca,Dental,"St. John's, NL",Canada,Candidate,,2026-09-07 13:51:09
Stavanger Dental,https://www.stavangerdental.ca,stavangerdental.ca,Dental,"St. John's, NL",Canada,Candidate,,2026-09-07 13:51:11
Paradise Dental Care,http://www.paradisedental.ca,paradisedental.ca,Dental,"St. John's, NL",Canada,Candidate,,2026-09-07 13:51:14
EPIC Dental,https://www.epicdental.ca,epicdental.ca,Dental,"St. John's, NL",Canada,Candidate,,2026-09-07 13:51:17
Parkdale Family Dental Clinic,https://www.parkdalefamilydental.ca,parkdalefamilydental.ca,Dental,"St. John's, NL",Canada,Candidate,,2026-09-07 13:51:28
Churchill Square Dental,http://www.churchillsquaredental.ca,churchillsquaredental.ca,Dental,"St. John's, NL",Canada,Candidate,,2026-09-07 13:51:29
Dr. K.Williams Dentistry,http://drkwilliamsdentistry.com,drkwilliamsdentistry.com,Dental,"St. John's, NL",Canada,Candidate,,2026-09-07 13:51:30
Kelly Drover Dental,https://www.kellydroverdental.ca,kellydroverdental.ca,Dental,"St. John's, NL",Canada,Candidate,,2026-09-07 13:51:32
Furlong Dental & Associates,http://furlongdental.ca,furlongdental.ca,Dental,"St. John's, NL",Canada,Candidate,,2026-09-07 13:51:33
Wade Abbott Dentistry and Associates,http://www.wadeabbottdentistry.ca,wadeabbottdentistry.ca,Dental,"St. John's, NL",Canada,Candidate,,2026-09-07 13:51:34
Janeway Dental Clinic,https://www.janewaydental.ca,janewaydental.ca,Dental,"St. John's, NL",Canada,Candidate,,2026-09-07 13:51:37
CBS Dental,http://www.cbsdental.ca,cbsdental.ca,Dental,"St. John's, NL",Canada,Candidate,,2026-09-07 13:51:41
Rutland Dental Centre,http://rutlanddental.com,rutlanddental.com,Dental,"Kelowna, BC",Canada,Candidate,,2026-09-07 13:51:59
Creekside Dental Clinic,https://creeksidedentalclinic.ca,creeksidedentalclinic.ca,Dental,"Kelowna, BC",Canada,Candidate,,2026-09-07 13:52:01
Orchard Park Dental & Implant Centre,https://www.orchardparkdental.ca/site/home,orchardparkdental.ca,Dental,"Kelowna, BC",Canada,Candidate,,2026-09-07 13:52:05
Midtown Kelowna Dental,https://www.midtownkelownadental.ca/site/home,midtownkelownadental.ca,Dental,"Kelowna, BC",Canada,Candidate,,2026-09-07 13:52:09
Vine Dental,https://vinedental.ca,vinedental.ca,Dental,"Kelowna, BC",Canada,Candidate,,2026-09-07 13:52:13
One Dental,https://www.onedental.ca/site/home,onedental.ca,Dental,"Kelowna, BC",Canada,Candidate,,2026-09-07 13:52:17
Landmark Dental Centre,https://www.landmark.dental/site/home,landmark.dental,Dental,"Kelowna, BC",Canada,Candidate,,2026-09-07 13:52:21
Alpha Dental Centre,https://www.alphadental.ca,alphadental.ca,Dental,"Kelowna, BC",Canada,Candidate,,2026-09-07 13:52:22
Access Dental Centre,https://www.accessdentalkelowna.ca,accessdentalkelowna.ca,Dental,"Kelowna, BC",Canada,Candidate,,2026-09-07 13:52:26
Ambrosi Place Dental Care,https://www.ambrosiplacedentalcare.com,ambrosiplacedentalcare.com,Dental,"Kelowna, BC",Canada,Candidate,,2026-09-07 13:52:32
Mission Park Dental,https://www.missionparkdental.ca,missionparkdental.ca,Dental,"Kelowna, BC",Canada,Candidate,,2026-09-07 13:52:36
Sunnyside Dental Care,https://www.sunnysidedental.ca,sunnysidedental.ca,Dental,"Kelowna, BC",Canada,Candidate,,2026-09-07 13:52:38
Apple Dental Care,https://www.appledentalcare.ca,appledentalcare.ca,Dental,"Kelowna, BC",Canada,Candidate,,2026-09-07 13:52:42
Brookside Dental Centre,https://www.brooksidedentalcentre.ca,brooksidedentalcentre.ca,Dental,"Kelowna, BC",Canada,Candidate,,2026-09-07 13:52:44
Lakeshore Dental,https://kelowna-lakeshoredental.com,kelowna-lakeshoredental.com,Dental,"Kelowna, BC",Canada,Candidate,,2026-09-07 13:52:56
Care Dental,https://www.caredental.ca,caredental.ca,Dental,"Kelowna, BC",Canada,Candidate,,2026-09-07 13:52:58
Advance Dental,http://kelownadentistry.com,kelownadentistry.com,Dental,"Kelowna, BC",Canada,Candidate,,2026-09-07 13:53:02
Sopa Square Dental Clinic,https://www.sopasquaredentalclinic.com,sopasquaredentalclinic.com,Dental,"Kelowna, BC",Canada,Candidate,,2026-09-07 13:53:04
Shore Dental Centre,http://www.shoredental.ca,shoredental.ca,Dental,"Kelowna, BC",Canada,Candidate,,2026-09-07 13:53:09
LifeStrength Dental Centre,https://www.lifestrengthdental.com,lifestrengthdental.com,Dental,"Kelowna, BC",Canada,Candidate,,2026-09-07 13:53:12
Kelowna Family Dental,https://www.kelownafamilydental.ca,kelownafamilydental.ca,Dental,"Kelowna, BC",Canada,Candidate,,2026-09-07 13:53:20
Kettle Valley Family Dental,http://www.kettlevalleyfamilydental.com,kettlevalleyfamilydental.com,Dental,"Kelowna, BC",Canada,Candidate,,2026-09-07 13:53:25
Highlands Family Dentistry,http://www.highlandsfamilydentistry.com,highlandsfamilydentistry.com,Dental,"Kelowna, BC",Canada,Candidate,,2026-09-07 13:53:29
Park Place Dental,https://www.barrieparkplacedental.ca,barrieparkplacedental.ca,Dental,"Barrie, ON",Canada,Candidate,,2026-09-07 13:53:38
Georgian Mall Family Dental,http://www.georgianmallfamilydental.com,georgianmallfamilydental.com,Dental,"Barrie, ON",Canada,Candidate,,2026-09-07 13:53:41
White Cedar Dental Care,https://www.whitecedardental.com,whitecedardental.com,Dental,"Barrie, ON",Canada,Candidate,,2026-09-07 13:53:48
Georgian Dental,https://barriedentist.ca,barriedentist.ca,Dental,"Barrie, ON",Canada,Candidate,,2026-09-07 13:53:51
Northern Horizon Dental Barrie,https://northernhorizondental.com,northernhorizondental.com,Dental,"Barrie, ON",Canada,Candidate,,2026-09-07 13:53:55
Ferris Lane Dental Barrie,https://www.ferrislanedental.com/site/home,ferrislanedental.com,Dental,"Barrie, ON",Canada,Candidate,,2026-09-07 13:53:59
adentaloffice.com,https://adentaloffice.ca,adentaloffice.ca,Dental,"Barrie, ON",Canada,Candidate,,2026-09-07 13:54:02
North Barrie Dental,https://northbarriedental.com,northbarriedental.com,Dental,"Barrie, ON",Canada,Candidate,,2026-09-07 13:54:05
Ferguson Family Dental Care,https://www.fergusonfamilydental.com,fergusonfamilydental.com,Dental,"Barrie, ON",Canada,Candidate,,2026-09-07 13:54:09
Barrie Smile Centre,https://www.barriesmilecentre.com,barriesmilecentre.com,Dental,"Barrie, ON",Canada,Candidate,,2026-09-07 13:54:14
Yonge Forest Dental,https://yongeforestdental.com,yongeforestdental.com,Dental,"Barrie, ON",Canada,Candidate,,2026-09-07 13:54:16
Dr. Yan Dental Care,http://www.dryandentalcare.com,dryandentalcare.com,Dental,"Barrie, ON",Canada,Candidate,,2026-09-07 13:54:19
Dr. Dove Dental,https://www.drdovedental.com,drdovedental.com,Dental,"Barrie, ON",Canada,Candidate,,2026-09-07 13:54:20
Big Bay Dental,https://www.bigbaydental.ca/site/home,bigbaydental.ca,Dental,"Barrie, ON",Canada,Candidate,,2026-09-07 13:54:24
Eastview Dental,http://eastviewdental.ca,eastviewdental.ca,Dental,"Barrie, ON",Canada,Candidate,,2026-09-07 13:54:26
Maplewood Dental,http://maplewooddentistry.ca,maplewooddentistry.ca,Dental,"Barrie, ON",Canada,Candidate,,2026-09-07 13:54:29
Barrie Dental Arts,http://www.barriedentalarts.ca,barriedentalarts.ca,Dental,"Barrie, ON",Canada,Candidate,,2026-09-07 13:54:31
Big Bay Point Dentistry,https://www.bigbaypointdentistry.ca/site/home,bigbaypointdentistry.ca,Dental,"Barrie, ON",Canada,Candidate,,2026-09-07 13:54:36
Eagle Ridge Dentistry,https://eagleridgedentistry.ca,eagleridgedentistry.ca,Dental,"Barrie, ON",Canada,Candidate,,2026-09-07 13:54:38
Simcoe Family Dentistry,https://simcoefamilydentistry.com,simcoefamilydentistry.com,Dental,"Barrie, ON",Canada,Candidate,,2026-09-07 13:54:46
Mapleview Family Dentistry,http://www.mapleviewfamilydentistry.com,mapleviewfamilydentistry.com,Dental,"Barrie, ON",Canada,Candidate,,2026-09-07 13:54:48
Barrie Heights Family Dentistry,http://www.barrieheightsfamilydentistry.com,barrieheightsfamilydentistry.com,Dental,"Barrie, ON",Canada,Candidate,,2026-09-07 13:54:51
Ardagh Family Dentistry | Best Dental Clinic in Barrie | Emergency Dentist in Barrie,https://ardagh.ca,ardagh.ca,Dental,"Barrie, ON",Canada,Candidate,,2026-09-07 13:54:54
Georgian Mall Dental Group,https://georgianmalldentalgroup.com,georgianmalldentalgroup.com,Dental,"Barrie, ON",Canada,Candidate,,2026-09-07 13:54:58
Bear Creek Family Dental,https://www.bearcreekfamilydental.ca,bearcreekfamilydental.ca,Dental,"Barrie, ON",Canada,Candidate,,2026-09-07 13:55:03
Clinique dentaire Dentavie,https://www.cliniquedentavie.com/site/accueil,cliniquedentavie.com,Dental,"Sherbrooke, QC",Canada,Candidate,,2026-09-07 13:55:14
Galt Dental Clinic,http://www.cliniquedentairegalt.com,cliniquedentairegalt.com,Dental,"Sherbrooke, QC",Canada,Candidate,,2026-09-07 13:55:16
Dental Center Du Vieux Sherbrooke,http://www.centredentairevieuxsherbrooke.com,centredentairevieuxsherbrooke.com,Dental,"Sherbrooke, QC",Canada,Candidate,,2026-09-07 13:55:17
Clinique Dentaire Sherbrooke,https://www.cliniquedentairesherbrooke.ca/site/accueil,cliniquedentairesherbrooke.ca,Dental,"Sherbrooke, QC",Canada,Candidate,,2026-09-07 13:55:21
Portland Dental Center,http://centredentaireportland.com,centredentaireportland.com,Dental,"Sherbrooke, QC",Canada,Candidate,,2026-09-07 13:55:23
Clinique Dentaire King,https://cliniquedentaireking.com,cliniquedentaireking.com,Dental,"Sherbrooke, QC",Canada,Candidate,,2026-09-07 13:55:24
Clinique Dentaire des Nations,https://www.cliniquedentairedesnations.com/en/contact,cliniquedentairedesnations.com,Dental,"Sherbrooke, QC",Canada,Candidate,,2026-09-07 13:55:26
Clinique dentaire du Complexe,https://www.cliniquedentaireducomplexe.ca,cliniquedentaireducomplexe.ca,Dental,"Sherbrooke, QC",Canada,Candidate,,2026-09-07 13:55:28
Dental Clinic Luc Villemaire,http://www.cliniquedentairelucvillemaire.com,cliniquedentairelucvillemaire.com,Dental,"Sherbrooke, QC",Canada,Candidate,,2026-09-07 13:55:32
Clinique Dentaire du Carrefour,https://dentistesherbrooke.ca,dentistesherbrooke.ca,Dental,"Sherbrooke, QC",Canada,Candidate,,2026-09-07 13:55:34
Clinique dentaire Rock Forest,http://www.cliniquedentairerockforest.ca,cliniquedentairerockforest.ca,Dental,"Sherbrooke, QC",Canada,Candidate,,2026-09-07 13:55:36
Clinique dentaire et d'implantologie 2460 - Dentiste Sherbrooke,https://cliniquedentaire2460.com,cliniquedentaire2460.com,Dental,"Sherbrooke, QC",Canada,Candidate,,2026-09-07 13:55:43
Chez Le Dentiste - Centre Dentaire Sherbrooke,https://chezledentiste.ca,chezledentiste.ca,Dental,"Sherbrooke, QC",Canada,Candidate,,2026-09-07 13:55:44
Clinique Dentaire du Quartier Santé,https://cliniquedentaireqs.com,cliniquedentaireqs.com,Dental,"Sherbrooke, QC",Canada,Candidate,,2026-09-07 13:55:45
Dental Clinic & Implant Jean Bernard,http://www.drjeanbernard.com,drjeanbernard.com,Dental,"Sherbrooke, QC",Canada,Candidate,,2026-09-07 13:55:47
Centre Dentaire Gagné Rémillard,http://allezysouriez.com,allezysouriez.com,Dental,"Sherbrooke, QC",Canada,Candidate,,2026-09-07 13:55:50
Roy Simon Dr,http://www.cliniquedentairesimonroy.com,cliniquedentairesimonroy.com,Dental,"Sherbrooke, QC",Canada,Candidate,,2026-09-07 13:55:52
Champigny Mathieu Dr,http://www.dentistesadc.com,dentistesadc.com,Dental,"Sherbrooke, QC",Canada,Candidate,,2026-09-07 13:55:54
Centre de Santé Dentaire du Boulevard,http://www.santedentaireduboulevard.com,santedentaireduboulevard.com,Dental,"Sherbrooke, QC",Canada,Candidate,,2026-09-07 13:56:00
Clinique dentaire St-Élie d'Orford,http://www.cliniquedentaireseo.com,cliniquedentaireseo.com,Dental,"Sherbrooke, QC",Canada,Candidate,,2026-09-07 13:56:02
Clinique Dentaire Massé & Boisclair,http://dentistemasseboisclair.com,dentistemasseboisclair.com,Dental,"Sherbrooke, QC",Canada,Candidate,,2026-09-07 13:56:06
Centre Dentaire Prospect,http://www.centredentaireprospect.ca,centredentaireprospect.ca,Dental,"Sherbrooke, QC",Canada,Candidate,,2026-09-07 13:56:12
Dentisterie Brompton,http://dentisteriebrompton.com,dentisteriebrompton.com,Dental,"Sherbrooke, QC",Canada,Candidate,,2026-09-07 13:56:20
La Société Dentaire de l’Estrie,http://sdestrie.org,sdestrie.org,Dental,"Sherbrooke, QC",Canada,Candidate,,2026-09-07 13:56:26
Ivoire Sherbrooke Denturologistes / Lionel-Groulx,https://ivoire.ca/cliniques/sherbrooke-lionel-groulx,ivoire.ca,Dental,"Sherbrooke, QC",Canada,Candidate,,2026-09-07 13:56:30
Guelph Dental Care,https://guelphdentalcare.ca,guelphdentalcare.ca,Dental,"Guelph, ON",Canada,Candidate,,2026-09-07 13:56:39
Scottsdale Dental Centre,https://www.theguelphdentist.com,theguelphdentist.com,Dental,"Guelph, ON",Canada,Candidate,,2026-09-07 13:56:44
Guelph Family Dentistry,http://guelphfamilydentistry.ca,guelphfamilydentistry.ca,Dental,"Guelph, ON",Canada,Candidate,,2026-09-07 13:56:46
Guelph Royal Dental Centre,https://www.guelphroyaldental.com,guelphroyaldental.com,Dental,"Guelph, ON",Canada,Candidate,,2026-09-07 13:56:51
Ironwood Dental,http://ironwooddental.ca,ironwooddental.ca,Dental,"Guelph, ON",Canada,Candidate,,2026-09-07 13:56:53
Royal City Dental,https://www.royal-city-dental.com,royal-city-dental.com,Dental,"Guelph, ON",Canada,Candidate,,2026-09-07 13:56:57
Stonegate Dental,https://stonegatedental.ca,stonegatedental.ca,Dental,"Guelph, ON",Canada,Candidate,,2026-09-07 13:57:00
Family Dental Centre,https://familydentalguelph.com,familydentalguelph.com,Dental,"Guelph, ON",Canada,Candidate,,2026-09-07 13:57:01
Willow West Dental,http://www.willowwestdental.com,willowwestdental.com,Dental,"Guelph, ON",Canada,Candidate,,2026-09-07 13:57:02
Magnolia Dental Guelph,https://magnoliadentalguelph.ca,magnoliadentalguelph.ca,Dental,"Guelph, ON",Canada,Candidate,,2026-09-07 13:57:05
Clair Dental Centre,http://www.clairdental.ca,clairdental.ca,Dental,"Guelph, ON",Canada,Candidate,,2026-09-07 13:57:10
Woodlawn Dental Care,https://woodlawndentalcare.ca,woodlawndentalcare.ca,Dental,"Guelph, ON",Canada,Candidate,,2026-09-07 13:57:17
Sequoia Dental,https://www.sequoiadental.ca,sequoiadental.ca,Dental,"Guelph, ON",Canada,Candidate,,2026-09-07 13:57:23
Uptown Guelph Dental,https://www.uptownguelphdental.com,uptownguelphdental.com,Dental,"Guelph, ON",Canada,Candidate,,2026-09-07 13:57:25
Jain Dental Care,http://jaindentalcare.com,jaindentalcare.com,Dental,"Guelph, ON",Canada,Candidate,,2026-09-07 13:57:33
Moose Lake Dental,http://www.mooselakedental.com,mooselakedental.com,Dental,"Guelph, ON",Canada,Candidate,,2026-09-07 13:57:35
Dentistry on Guelph,https://dentistryonguelph.com,dentistryonguelph.com,Dental,"Guelph, ON",Canada,Candidate,,2026-09-07 13:57:38
Scott and Derry Dental Care,http://www.scottandderrydental.com,scottandderrydental.com,Dental,"Guelph, ON",Canada,Candidate,,2026-09-07 13:57:45
Westwood Dental Group,http://www.westwooddentalgroup.ca,westwooddentalgroup.ca,Dental,"Guelph, ON",Canada,Candidate,,2026-09-07 13:57:48
Dr. Urszula Barrios,https://guelphdentist.com,guelphdentist.com,Dental,"Guelph, ON",Canada,Candidate,,2026-09-07 13:57:55
Harvard Rd Dental Care,http://www.harvardrddentalcare.com,harvardrddentalcare.com,Dental,"Guelph, ON",Canada,Candidate,,2026-09-07 13:58:00
Dr. Adam Lang Family Dentistry,https://dradamlang.com,dradamlang.com,Dental,"Guelph, ON",Canada,Candidate,,2026-09-07 13:58:11
Stone Road Family Dental,http://www.stoneroadfamilydental.ca,stoneroadfamilydental.ca,Dental,"Guelph, ON",Canada,Candidate,,2026-09-07 13:58:15
North EastView Family Dental,https://northeastviewdental.ca,northeastviewdental.ca,Dental,"Guelph, ON",Canada,Candidate,,2026-09-07 13:58:21
PK Family and Cosmetic Dentistry,http://drkaurdentistry.com,drkaurdentistry.com,Dental,"Guelph, ON",Canada,Candidate,,2026-09-07 13:58:31
The Hope Dental Care Centre,http://www.thdcc.com,thdcc.com,Dental,"Kanata, ON",Canada,Candidate,,2026-09-07 13:58:43
Lotus Dental Clinic,http://www.lotusdentalclinic.ca,lotusdentalclinic.ca,Dental,"Kanata, ON",Canada,Candidate,,2026-09-07 13:58:43
Kanata South Dental - Dr. Taner Cakmak,https://kanatasouthdental.com,kanatasouthdental.com,Dental,"Kanata, ON",Canada,Candidate,,2026-09-07 13:58:44
Anata Dental Clinic,https://anatadental.com,anatadental.com,Dental,"Kanata, ON",Canada,Candidate,,2026-09-07 13:58:48
Centrum Dental Centre,https://centrumdental.ca,centrumdental.ca,Dental,"Kanata, ON",Canada,Candidate,,2026-09-07 13:58:50
Yazdani Family Dentistry Kanata,https://www.yazdanidental.ca/kanata,yazdanidental.ca,Dental,"Kanata, ON",Canada,Candidate,,2026-09-07 13:58:53
Kanata Lakes Dental Centre,https://www.kanatalakesdental.ca/site/home,kanatalakesdental.ca,Dental,"Kanata, ON",Canada,Candidate,,2026-09-07 13:58:57
Village Green Dental Care,https://www.villagegreendental.ca,villagegreendental.ca,Dental,"Kanata, ON",Canada,Candidate,,2026-09-07 13:59:03
Kanata Highlands Dental Care,https://kanatahighlandsdental.ca,kanatahighlandsdental.ca,Dental,"Kanata, ON",Canada,Candidate,,2026-09-07 13:59:04
Dentistry @ Kanata,http://www.dentistryatkanata.com,dentistryatkanata.com,Dental,"Kanata, ON",Canada,Candidate,,2026-09-07 13:59:06
Kontour Dental Care,http://www.kontourdental.com,kontourdental.com,Dental,"Kanata, ON",Canada,Candidate,,2026-09-07 13:59:08
Hazeldean Dental Group,https://www.hazeldeandental.com/site/home,hazeldeandental.com,Dental,"Kanata, ON",Canada,Candidate,,2026-09-07 13:59:14
Kanata Family Dentistry,https://www.kanatafamilydentistry.com,kanatafamilydentistry.com,Dental,"Kanata, ON",Canada,Candidate,,2026-09-07 13:59:17
Trillium Dental Kanata,https://www.trilliumdental.ca/location/kanata,trilliumdental.ca,Dental,"Kanata, ON",Canada,Candidate,,2026-09-07 13:59:22
Kanata North Dental Office,http://kanatadentalcare.com,kanatadentalcare.com,Dental,"Kanata, ON",Canada,Candidate,,2026-09-07 13:59:25
Panorama Dental Care,http://panoramadentalcare.ca,panoramadentalcare.ca,Dental,"Kanata, ON",Canada,Candidate,,2026-09-07 13:59:28
Hazeldean Family Dental Centre,https://hazeldeanfamilydentalcentre.com,hazeldeanfamilydentalcentre.com,Dental,"Kanata, ON",Canada,Candidate,,2026-09-07 13:59:29
7Dental Kanata,https://7dental.com/locations/kanata-south,7dental.com,Dental,"Kanata, ON",Canada,Candidate,,2026-09-07 13:59:33
Villanova Dental Studio,https://villanovadental.com,villanovadental.com,Dental,"Kanata, ON",Canada,Candidate,,2026-09-07 13:59:37
NOVO Dental Centre,https://novodentalcentre.com,novodentalcentre.com,Dental,"Abbotsford, BC",Canada,Candidate,,2026-09-07 13:59:54
Lifetime Dental,http://sevenoaksdental.ca,sevenoaksdental.ca,Dental,"Abbotsford, BC",Canada,Candidate,,2026-09-07 13:59:56
Smile Care Dental Center,http://www.abbysmilecare.com,abbysmilecare.com,Dental,"Abbotsford, BC",Canada,Candidate,,2026-09-07 14:00:03
Highstreet Dental,https://highstreetdentalcentre.com,highstreetdentalcentre.com,Dental,"Abbotsford, BC",Canada,Candidate,,2026-09-07 14:00:05
Clayburn Dental,https://www.clayburndental.com/site/home,clayburndental.com,Dental,"Abbotsford, BC",Canada,Candidate,,2026-09-07 14:00:09
Gladwin Crossing Dental,https://gladwincrossingdental.ca,gladwincrossingdental.ca,Dental,"Abbotsford, BC",Canada,Candidate,,2026-09-07 14:00:11
Fraser Valley Dental Specialists,https://www.fraservalleydentalspecialists.com/site/home,fraservalleydentalspecialists.com,Dental,"Abbotsford, BC",Canada,Candidate,,2026-09-07 14:00:14
Midtown Dental,http://www.midtown-dental.com,midtown-dental.com,Dental,"Abbotsford, BC",Canada,Candidate,,2026-09-07 14:00:18
Townline Dental,https://www.townlinedental.ca,townlinedental.ca,Dental,"Abbotsford, BC",Canada,Candidate,,2026-09-07 14:00:23
Allwood Dental- Dr. Shikha Hans Dental Corp,http://www.allwooddental.com,allwooddental.com,Dental,"Abbotsford, BC",Canada,Candidate,,2026-09-07 14:00:24
Bourquin Dental Centre of Abbotsford,https://abbotsfordgeneraldentist.com,abbotsfordgeneraldentist.com,Dental,"Abbotsford, BC",Canada,Candidate,,2026-09-07 14:00:26
Blossom Dental Care,https://www.blossomdental.ca,blossomdental.ca,Dental,"Abbotsford, BC",Canada,Candidate,,2026-09-07 14:00:26
7 Oaks Dental Centre,https://www.7oaks-smile.com,7oaks-smile.com,Dental,"Abbotsford, BC",Canada,Candidate,,2026-09-07 14:00:29
Abbotsford Dental Centre,http://www.abbotsforddentist.com,abbotsforddentist.com,Dental,"Abbotsford, BC",Canada,Candidate,,2026-09-07 14:00:30
United Dentists,http://united-dentists.com,united-dentists.com,Dental,"Abbotsford, BC",Canada,Candidate,,2026-09-07 14:00:37
dental & smile design at MAHOGANY - Abbotsford Dental Clinic,http://www.dentistsatmahogany.com,dentistsatmahogany.com,Dental,"Abbotsford, BC",Canada,Candidate,,2026-09-07 14:00:43
Mount Lehman Dental,https://www.mountlehmandental.com,mountlehmandental.com,Dental,"Abbotsford, BC",Canada,Candidate,,2026-09-07 14:00:45
Sumas Mountain Village Dental,https://www.sumasmountaindental.com,sumasmountaindental.com,Dental,"Abbotsford, BC",Canada,Candidate,,2026-09-07 14:00:49
Clearbrook Dental Clinic,https://www.clearbrookdentalgroup.com,clearbrookdentalgroup.com,Dental,"Abbotsford, BC",Canada,Candidate,,2026-09-07 14:00:52
East Abbotsford Dental,https://www.eastabbotsforddental.ca,eastabbotsforddental.ca,Dental,"Abbotsford, BC",Canada,Candidate,,2026-09-07 14:00:54
Dedicated Dental Care,http://www.dedicateddentalcare.ca,dedicateddentalcare.ca,Dental,"Abbotsford, BC",Canada,Candidate,,2026-09-07 14:00:57
Gladwin Dental Centre,http://gladwindental.com,gladwindental.com,Dental,"Abbotsford, BC",Canada,Candidate,,2026-09-07 14:00:59
Hillcrest Family Dental,https://www.hillcrestfamilydentalabbotsford.com,hillcrestfamilydentalabbotsford.com,Dental,"Abbotsford, BC",Canada,Candidate,,2026-09-07 14:01:02
Montrose Dental Centre,http://montrosedentalcentre.com,montrosedentalcentre.com,Dental,"Abbotsford, BC",Canada,Candidate,,2026-09-07 14:01:05
Medora Dental Care,https://medoradental.com,medoradental.com,Dental,"Abbotsford, BC",Canada,Candidate,,2026-09-07 14:01:06
Gardiners Dental Clinic,https://www.gardinersdentalclinic.com,gardinersdentalclinic.com,Dental,"Kingston, ON",Canada,Candidate,,2026-09-07 14:01:17
Altima Kingston Dental Centre,https://altimakingstondental.com,altimakingstondental.com,Dental,"Kingston, ON",Canada,Candidate,,2026-09-07 14:01:17
Westend Dental Clinic,http://www.westendental.ca,westendental.ca,Dental,"Kingston, ON",Canada,Candidate,,2026-09-07 14:01:19
LightHouse Dental Kingston,https://www.kingston.lighthousedental.ca,kingston.lighthousedental.ca,Dental,"Kingston, ON",Canada,Candidate,,2026-09-07 14:01:23
Dr. K. & Associates Dental Centre,https://www.drkdental.ca,drkdental.ca,Dental,"Kingston, ON",Canada,Candidate,,2026-09-07 14:01:24
Smile Dental Centre,http://www.smiledentalkingston.ca,smiledentalkingston.ca,Dental,"Kingston, ON",Canada,Candidate,,2026-09-07 14:01:25
Cataraqui Woods Dentistry,https://www.cataraquiwoodsdentistry.com,cataraquiwoodsdentistry.com,Dental,"Kingston, ON",Canada,Candidate,,2026-09-07 14:01:27
KMA Dental Kingston,https://www.kmadental.ca/site/home,kmadental.ca,Dental,"Kingston, ON",Canada,Candidate,,2026-09-07 14:01:31
Cataraqui Dental Centre,http://cataraquidental.com,cataraquidental.com,Dental,"Kingston, ON",Canada,Candidate,,2026-09-07 14:01:37
East End Dental Centre,https://eastenddentalcentre.com,eastenddentalcentre.com,Dental,"Kingston, ON",Canada,Candidate,,2026-09-07 14:01:40
Dentistry on Queen,http://www.dentistkingston.com,dentistkingston.com,Dental,"Kingston, ON",Canada,Candidate,,2026-09-07 14:01:41
Ivory Smiles Dental,http://ivorysmileskingston.com,ivorysmileskingston.com,Dental,"Kingston, ON",Canada,Candidate,,2026-09-07 14:01:45
Mulberry Dental,http://www.mulberrydental.ca,mulberrydental.ca,Dental,"Kingston, ON",Canada,Candidate,,2026-09-07 14:01:51
Clergy Dental Clinic,https://clergydentalclinic.com,clergydentalclinic.com,Dental,"Kingston, ON",Canada,Candidate,,2026-09-07 14:01:52
Rideau Town Dental Care,http://www.rideautowndentalcare.com,rideautowndentalcare.com,Dental,"Kingston, ON",Canada,Candidate,,2026-09-07 14:01:52
Meadowbrook Dental Centre,https://www.meadowbrookdentalcentre.ca,meadowbrookdentalcentre.ca,Dental,"Kingston, ON",Canada,Candidate,,2026-09-07 14:01:54
Auden Park Family Dentistry Kingston,https://www.audenparkfamilydentistry.com,audenparkfamilydentistry.com,Dental,"Kingston, ON",Canada,Candidate,,2026-09-07 14:01:58
Creekside Dental,http://www.kingstoncreeksidedental.com,kingstoncreeksidedental.com,Dental,"Kingston, ON",Canada,Candidate,,2026-09-07 14:02:01
McCabe Family Dentistry,http://www.mccabefamilydentistry.ca,mccabefamilydentistry.ca,Dental,"Kingston, ON",Canada,Candidate,,2026-09-07 14:02:02
King's Town Dental,https://www.kingstowndentalcare.com,kingstowndentalcare.com,Dental,"Kingston, ON",Canada,Candidate,,2026-09-07 14:02:06
Dentistry @ Riverview,http://dentistryatriverview.ca,dentistryatriverview.ca,Dental,"Kingston, ON",Canada,Candidate,,2026-09-07 14:02:06
Cataraqui Family Dental,https://www.cataraquifamilydental.ca,cataraquifamilydental.ca,Dental,"Kingston, ON",Canada,Candidate,,2026-09-07 14:02:07
Woodhaven Dental Care (Formerly Rideau Town Dental Care),https://woodhavendentalcare.ca,woodhavendentalcare.ca,Dental,"Kingston, ON",Canada,Candidate,,2026-09-07 14:02:08
Pearl Dental Care,https://www.pearldentalcarekingston.ca,pearldentalcarekingston.ca,Dental,"Kingston, ON",Canada,Candidate,,2026-09-07 14:02:11
Westwoods Dental,https://westwoodsdental.com,westwoodsdental.com,Dental,"Kingston, ON",Canada,Candidate,,2026-09-07 14:02:14
DENTAL CENTER 3R,https://www.lecentredentaire3r.com,lecentredentaire3r.com,Dental,"Trois-Rivieres, QC",Canada,Candidate,,2026-09-07 14:02:23
Dental Center Lemay Auclair and Dubé,http://www.mondentistetr.com,mondentistetr.com,Dental,"Trois-Rivieres, QC",Canada,Candidate,,2026-09-07 14:02:23
Centre de santé dentaire Gendron Delisle,http://www.infodentiste.ca,infodentiste.ca,Dental,"Trois-Rivieres, QC",Canada,Candidate,,2026-09-07 14:02:36
Centre Dentaire Karine Bastien,https://www.sourisalavie.com,sourisalavie.com,Dental,"Trois-Rivieres, QC",Canada,Candidate,,2026-09-07 14:02:39
Clinique Dentaire Pointe-du-Lac,https://www.cliniquedentairepointedulac.ca/site/accueil,cliniquedentairepointedulac.ca,Dental,"Trois-Rivieres, QC",Canada,Candidate,,2026-09-07 14:02:43
Clinique Dentaire Trois-Rivières,https://cdtr.ca,cdtr.ca,Dental,"Trois-Rivieres, QC",Canada,Candidate,,2026-09-07 14:02:44
Josée Laroche Dental Clinic,http://cliniquedentairedeschenaux.com,cliniquedentairedeschenaux.com,Dental,"Trois-Rivieres, QC",Canada,Candidate,,2026-09-07 14:02:53
Centre Dentaire Beauclair,https://centredentairesylviebeauclair.com,centredentairesylviebeauclair.com,Dental,"Trois-Rivieres, QC",Canada,Candidate,,2026-09-07 14:02:59
Centre Dentaire Dr Philippe Rousseau,http://www.centredentairerousseau.com,centredentairerousseau.com,Dental,"Trois-Rivieres, QC",Canada,Candidate,,2026-09-07 14:03:02
Clinique DenT-R - Laroche et Lachance | Dentisterie familiale | Dentiste à Trois-Rivières,http://www.cliniquedent-r.com,cliniquedent-r.com,Dental,"Trois-Rivieres, QC",Canada,Candidate,,2026-09-07 14:03:03
Dental Clinic Cegep Trois Rivières,https://www.cegeptr.qc.ca/population/clinique-hygiene-dentaire,cegeptr.qc.ca,Dental,"Trois-Rivieres, QC",Canada,Candidate,,2026-09-07 14:03:07
Clinique Dentaire Claude Laliberté Inc,https://cliniquedentairemauricie.com,cliniquedentairemauricie.com,Dental,"Trois-Rivieres, QC",Canada,Candidate,,2026-09-07 14:03:08
Centre dentaire Dr. Alain Isabelle,http://centredentairetroisrivieres.com,centredentairetroisrivieres.com,Dental,"Trois-Rivieres, QC",Canada,Candidate,,2026-09-07 14:03:09
Clinique Dentaire Lord & Rioux,https://www.dentistescloutiercossette.com,dentistescloutiercossette.com,Dental,"Trois-Rivieres, QC",Canada,Candidate,,2026-09-07 14:03:16
Clinique Dentaire Daniel Rioux,http://www.dentiste-troisrivieres.ca,dentiste-troisrivieres.ca,Dental,"Trois-Rivieres, QC",Canada,Candidate,,2026-09-07 14:03:18
Centre Dentaire Genest Gélinas Inc,http://centredentairegenestgelinas.com,centredentairegenestgelinas.com,Dental,"Trois-Rivieres, QC",Canada,Candidate,,2026-09-07 14:03:20
Clinique Dentaire Asselin,http://www.cliniquedentaireasselin.com,cliniquedentaireasselin.com,Dental,"Trois-Rivieres, QC",Canada,Candidate,,2026-09-07 14:03:22
Clinique Maxillo-Mauricie,http://www.maxillomauricie.com,maxillomauricie.com,Dental,"Trois-Rivieres, QC",Canada,Candidate,,2026-09-07 14:03:27
Marie C LaHaie DDS,https://www.centredentairemauricie.com,centredentairemauricie.com,Dental,"Trois-Rivieres, QC",Canada,Candidate,,2026-09-07 14:03:30
Centre Dentaire Sonia Ghali,https://laclinique.ca,laclinique.ca,Dental,"Trois-Rivieres, QC",Canada,Candidate,,2026-09-07 14:03:31
Centre dentaire et d'implantologie Dr. Jean-Francois Lemelin,https://www.centredentairelemelin.com,centredentairelemelin.com,Dental,"Trois-Rivieres, QC",Canada,Candidate,,2026-09-07 14:03:44
Clinique Dentaire Dr Richard Gervais,http://www.cliniquedentairetroisrivieres.com,cliniquedentairetroisrivieres.com,Dental,"Trois-Rivieres, QC",Canada,Candidate,,2026-09-07 14:03:56
Centre Dentaire Isabelle Veilleux,http://www.medifusion.ca/fr/centre-dentaire-isabelle-veilleux,medifusion.ca,Dental,"Trois-Rivieres, QC",Canada,Candidate,,2026-09-07 14:03:58
Moncton North Dental Center,http://www.monctonnorthdentalcenter.com,monctonnorthdentalcenter.com,Dental,"Moncton, NB",Canada,Candidate,,2026-09-07 14:04:12
Harrisville Dental Center,https://www.harrisvilledental.ca,harrisvilledental.ca,Dental,"Moncton, NB",Canada,Candidate,,2026-09-07 14:04:13
Family Dental Moncton,http://www.familydentalmoncton.ca,familydentalmoncton.ca,Dental,"Moncton, NB",Canada,Candidate,,2026-09-07 14:04:13
Moncton Smiles,http://www.monctonsmiles.com,monctonsmiles.com,Dental,"Moncton, NB",Canada,Candidate,,2026-09-07 14:04:18
Moncton Dental House,https://monctondentalhouse.com,monctondentalhouse.com,Dental,"Moncton, NB",Canada,Candidate,,2026-09-07 14:04:18
Jones Lake Dental,http://www.joneslakedental.ca,joneslakedental.ca,Dental,"Moncton, NB",Canada,Candidate,,2026-09-07 14:04:19
Champlain Dental Clinic Moncton - Cameron Street,https://www.champlaindental.ca/champlain-dental-clinic-moncton-cameron-street,champlaindental.ca,Dental,"Moncton, NB",Canada,Candidate,,2026-09-07 14:04:24
Prisma Dental Clinic Moncton,https://www.prismadental.ca,prismadental.ca,Dental,"Moncton, NB",Canada,Candidate,,2026-09-07 14:04:24
Smiles Dental Docs,https://www.smilesdentaldocs.ca,smilesdentaldocs.ca,Dental,"Moncton, NB",Canada,Candidate,,2026-09-07 14:04:24
Trinity Dental,https://trinitydentalcenter.ca,trinitydentalcenter.ca,Dental,"Moncton, NB",Canada,Candidate,,2026-09-07 14:04:27
Church Street Dental,https://churchdentalmoncton.ca,churchdentalmoncton.ca,Dental,"Moncton, NB",Canada,Candidate,,2026-09-07 14:04:27
Oulton College Dental Centre,http://www.oultoncollege.com,oultoncollege.com,Dental,"Moncton, NB",Canada,Candidate,,2026-09-07 14:04:30
Centre Dentaire Elmwood Dental,http://www.centredentaireelmwooddentalcentre.ca/en,centredentaireelmwooddentalcentre.ca,Dental,"Moncton, NB",Canada,Candidate,,2026-09-07 14:04:31
Centre dentaire Boucher Levesque Maltais,https://www.centredentaireblm.ca/site/accueil,centredentaireblm.ca,Dental,"Moncton, NB",Canada,Candidate,,2026-09-07 14:04:35
Dr. Luc Sipkema - Flossing Dentistry,http://drluc.ca,drluc.ca,Dental,"Moncton, NB",Canada,Candidate,,2026-09-07 14:04:40
Mountain View Dental Group,http://mountainviewdentists.ca,mountainviewdentists.ca,Dental,"Moncton, NB",Canada,Candidate,,2026-09-07 14:04:41
Victoria Park Dental,https://www.victoriapark-dental.ca,victoriapark-dental.ca,Dental,"Moncton, NB",Canada,Candidate,,2026-09-07 14:04:45
East Coast Oral Surgery,https://eastcoastoralsurgery.ca,eastcoastoralsurgery.ca,Dental,"Moncton, NB",Canada,Candidate,,2026-09-07 14:04:46
Dental Health Centre,https://www.dentalhealthcentre.ca,dentalhealthcentre.ca,Dental,"Moncton, NB",Canada,Candidate,,2026-09-07 14:04:49
Richard Gilbert Dr,https://centredentairechicoutiminord.com,centredentairechicoutiminord.com,Dental,"Chicoutimi, QC",Canada,Candidate,,2026-09-07 14:05:07
MA clinique dentaire Saguenay,https://www.macliniquedentairesaguenay.com,macliniquedentairesaguenay.com,Dental,"Chicoutimi, QC",Canada,Candidate,,2026-09-07 14:05:09
Centre Dentaire Mclelland - Dompierre,https://centredentairemclellanddompierre.com,centredentairemclellanddompierre.com,Dental,"Chicoutimi, QC",Canada,Candidate,,2026-09-07 14:05:09
Centre Dentaire et d'Implantologie Marc Desautels,https://www.vosdentistes.ca,vosdentistes.ca,Dental,"Chicoutimi, QC",Canada,Candidate,,2026-09-07 14:05:11
Centre dentaire Faust,https://centredentairefaust.com,centredentairefaust.com,Dental,"Chicoutimi, QC",Canada,Candidate,,2026-09-07 14:05:12
Clinique Dentaire Lajoie & associés,http://www.cliniquedentairelajoie.com,cliniquedentairelajoie.com,Dental,"Chicoutimi, QC",Canada,Candidate,,2026-09-07 14:05:14
Centre Dentaire Desgagné Ouellet,http://www.ouelletboivin.com,ouelletboivin.com,Dental,"Chicoutimi, QC",Canada,Candidate,,2026-09-07 14:05:20
Spécialistes Dentaires et Implantologie du Saguenay,https://www.specialistedentairesaguenay.com,specialistedentairesaguenay.com,Dental,"Chicoutimi, QC",Canada,Candidate,,2026-09-07 14:05:26
Clinique Dentaire Chicoutimi-Nord Inc,http://www.cdcn.ca,cdcn.ca,Dental,"Chicoutimi, QC",Canada,Candidate,,2026-09-07 14:05:28
Clinique Dentaire Jean et Normand,http://www.cliniquedentairejn.com,cliniquedentairejn.com,Dental,"Chicoutimi, QC",Canada,Candidate,,2026-09-07 14:05:33
Clinique Dentaire Élément,https://cliniqueelement.ca,cliniqueelement.ca,Dental,"Chicoutimi, QC",Canada,Candidate,,2026-09-07 14:05:37
Rousseau Luc Dr,http://www.centredentairerousseau.ca,centredentairerousseau.ca,Dental,"Chicoutimi, QC",Canada,Candidate,,2026-09-07 14:05:39
Centre de Chirurgie Maxillo-Faciale et d'Implantologie du Saguenay Lac St-Jean,http://www.maxillofacialesaguenay.com,maxillofacialesaguenay.com,Dental,"Chicoutimi, QC",Canada,Candidate,,2026-09-07 14:05:39
Centre Dentaire Clara Deschênes,https://centredentaireclaradeschenes.com,centredentaireclaradeschenes.com,Dental,"Chicoutimi, QC",Canada,Candidate,,2026-09-07 14:05:41
Clinique d'hygiène dentaire Sylvia Belley,http://www.cliniquesylviabelley.com,cliniquesylviabelley.com,Dental,"Chicoutimi, QC",Canada,Candidate,,2026-09-07 14:05:44
Dentaire,https://dentsmonsourire.com,dentsmonsourire.com,Dental,"Chicoutimi, QC",Canada,Candidate,,2026-09-07 14:05:46
Clinique D'Orthodontie André Martel,https://orthodontistemartel.com,orthodontistemartel.com,Dental,"Chicoutimi, QC",Canada,Candidate,,2026-09-07 14:05:48
Christiane Bouchard Denturologiste,http://www.denturoduboulevard.ca,denturoduboulevard.ca,Dental,"Chicoutimi, QC",Canada,Candidate,,2026-09-07 14:05:53
Clinique Dentaire,http://www.kuberek.ca,kuberek.ca,Dental,"Chicoutimi, QC",Canada,Candidate,,2026-09-07 14:06:04
Familiprix Santé,https://www.familiprix.com/fr/pharmacies/6dab98d8-1c9f-4b45-b2be-3bb8b27ef22f,familiprix.com,Dental,"Chicoutimi, QC",Canada,Candidate,,2026-09-07 14:06:08
Milltown Dental,https://www.milltowndental.com,milltowndental.com,Dental,"Milton, ON",Canada,Candidate,,2026-09-07 14:06:17
Milton Central Family Dentistry,https://www.miltoncentral.com,miltoncentral.com,Dental,"Milton, ON",Canada,Candidate,,2026-09-07 14:06:21
Milton Dental Clinic - Dr. Anjum,http://www.miltondentalclinic.com,miltondentalclinic.com,Dental,"Milton, ON",Canada,Candidate,,2026-09-07 14:06:23
Bronte Hill Dental Care,https://thedentalteam.ca/milton/bronte-hill-dental,thedentalteam.ca,Dental,"Milton, ON",Canada,Candidate,,2026-09-07 14:06:26
Tremaine Dental clinic,https://www.tremainedental.com,tremainedental.com,Dental,"Milton, ON",Canada,Candidate,,2026-09-07 14:06:30
Alliance Dental Clinic,http://dentistinmilton.ca,dentistinmilton.ca,Dental,"Milton, ON",Canada,Candidate,,2026-09-07 14:06:33
Alpha Dental Care,https://alphadentalcare.ca,alphadentalcare.ca,Dental,"Milton, ON",Canada,Candidate,,2026-09-07 14:06:36
Trilliant Dentistry,https://trilliantdentistry.com,trilliantdentistry.com,Dental,"Milton, ON",Canada,Candidate,,2026-09-07 14:06:39
DENTiST @ MiLTON,https://dentistrymilton.ca,dentistrymilton.ca,Dental,"Milton, ON",Canada,Candidate,,2026-09-07 14:06:42
Southview Dental,http://www.southviewdental.com,southviewdental.com,Dental,"Milton, ON",Canada,Candidate,,2026-09-07 14:06:46
Hawthorne Village Dental Care,https://hawthornevillagedental.ca,hawthornevillagedental.ca,Dental,"Milton, ON",Canada,Candidate,,2026-09-07 14:06:50
Sapphire Dental Centre,https://sapphiredentalcentre.ca,sapphiredentalcentre.ca,Dental,"Milton, ON",Canada,Candidate,,2026-09-07 14:06:52
White Canvas Dentistry,https://whitecanvasdentistry.com,whitecanvasdentistry.com,Dental,"Milton, ON",Canada,Candidate,,2026-09-07 14:06:57
Laurier Dental,https://www.laurierdental.ca,laurierdental.ca,Dental,"Milton, ON",Canada,Candidate,,2026-09-07 14:07:02
Milton Dental Hub,http://www.miltondentalhub.com,miltondentalhub.com,Dental,"Milton, ON",Canada,Candidate,,2026-09-07 14:07:05
Milton Go Dental Centre,http://miltongodental.com,miltongodental.com,Dental,"Milton, ON",Canada,Candidate,,2026-09-07 14:07:06
Maple Dental Care,http://www.mapledentalcare.ca,mapledentalcare.ca,Dental,"Milton, ON",Canada,Candidate,,2026-09-07 14:07:13
Clearview Dental Clinic Milton,https://clearviewdentalmilton.ca,clearviewdentalmilton.ca,Dental,"Milton, ON",Canada,Candidate,,2026-09-07 14:07:15
Thompson Square Family Dental,http://www.thompsonsquaredental.ca,thompsonsquaredental.ca,Dental,"Milton, ON",Canada,Candidate,,2026-09-07 14:07:18
Milton Family Dentistry,https://www.miltonfamilydentistry.ca,miltonfamilydentistry.ca,Dental,"Milton, ON",Canada,Candidate,,2026-09-07 14:07:27
Milton Family Dental,https://miltonfamilydental.com,miltonfamilydental.com,Dental,"Milton, ON",Canada,Candidate,,2026-09-07 14:07:30
Smile Line Family Dentistry Milton,https://smilinedentistry.ca,smilinedentistry.ca,Dental,"Milton, ON",Canada,Candidate,,2026-09-07 14:07:31
Holly Family Dental,https://www.hollyfamilydental.ca,hollyfamilydental.ca,Dental,"Milton, ON",Canada,Candidate,,2026-09-07 14:07:35
Mill Ridge Family Dental - Milton,https://millridgedental.com,millridgedental.com,Dental,"Milton, ON",Canada,Candidate,,2026-09-07 14:07:40
Milton Family Dentistry,http://miltonfamilydentistry.com,miltonfamilydentistry.com,Dental,"Milton, ON",Canada,Candidate,,2026-09-07 14:07:43
Timberlands Dental Care Red Deer,https://www.timberlandsdentalcare.com/site/home,timberlandsdentalcare.com,Dental,"Red Deer, AB",Canada,Candidate,,2026-09-07 14:07:54
Bower Dental Centre,https://bowerdentalcentre.com,bowerdentalcentre.com,Dental,"Red Deer, AB",Canada,Candidate,,2026-09-07 14:07:56
Riverside Dental (Red Deer),https://www.riversidedentalcentre.ca,riversidedentalcentre.ca,Dental,"Red Deer, AB",Canada,Candidate,,2026-09-07 14:07:59
Ocudent Dental Clinic,http://www.ocudent.ca,ocudent.ca,Dental,"Red Deer, AB",Canada,Candidate,,2026-09-07 14:08:04
52nd Street Dental Clinic,https://www.52ndstreetdental.ca,52ndstreetdental.ca,Dental,"Red Deer, AB",Canada,Candidate,,2026-09-07 14:08:06
Image Dental Care - Deer Park,https://imagedental.ca,imagedental.ca,Dental,"Red Deer, AB",Canada,Candidate,,2026-09-07 14:08:09
67th Street Dental,http://www.67thstreetdental.com,67thstreetdental.com,Dental,"Red Deer, AB",Canada,Candidate,,2026-09-07 14:08:11
Village Mall Dental,https://villagemalldentist.ca,villagemalldentist.ca,Dental,"Red Deer, AB",Canada,Candidate,,2026-09-07 14:08:13
House Dental Centre,https://www.housedental.ca,housedental.ca,Dental,"Red Deer, AB",Canada,Candidate,,2026-09-07 14:08:17
Clearview Market Dental Care,https://clearviewmarketdental.ca,clearviewmarketdental.ca,Dental,"Red Deer, AB",Canada,Candidate,,2026-09-07 14:08:20
Gaetz Dental Red Deer,https://www.gaetzdental.ca,gaetzdental.ca,Dental,"Red Deer, AB",Canada,Candidate,,2026-09-07 14:08:23
Parkland Mall Dental Centre Red Deer,https://www.parkland.dental,parkland.dental,Dental,"Red Deer, AB",Canada,Candidate,,2026-09-07 14:08:26
Concept Dental,http://www.conceptdentalreddeer.ca,conceptdentalreddeer.ca,Dental,"Red Deer, AB",Canada,Candidate,,2026-09-07 14:08:28
Park City Dental,https://parkcitydental.ca,parkcitydental.ca,Dental,"Red Deer, AB",Canada,Candidate,,2026-09-07 14:08:32
Neighbourhood Dental Red Deer,https://www.neighbourhooddental.ca,neighbourhooddental.ca,Dental,"Red Deer, AB",Canada,Candidate,,2026-09-07 14:08:36
Southpointe Dental in Red Deer,https://www.southpointedental.org/site/home,southpointedental.org,Dental,"Red Deer, AB",Canada,Candidate,,2026-09-07 14:08:40
Saby Dental - Red Deer Dentist,https://www.sabydental.ca,sabydental.ca,Dental,"Red Deer, AB",Canada,Candidate,,2026-09-07 14:08:45
22nd at Taylor Dental Care,https://www.dentistinreddeer.ca,dentistinreddeer.ca,Dental,"Red Deer, AB",Canada,Candidate,,2026-09-07 14:08:48
Inglewood Family Dental,https://inglewooddentist.ca,inglewooddentist.ca,Dental,"Red Deer, AB",Canada,Candidate,,2026-09-07 14:08:52
Luxor Dental,http://luxordental.ca,luxordental.ca,Dental,"Red Deer, AB",Canada,Candidate,,2026-09-07 14:08:55
Denture and Implant Centre,https://thedenturecentre.ca,thedenturecentre.ca,Dental,"Red Deer, AB",Canada,Candidate,,2026-09-07 14:09:04
Heritage Family Dental Red Deer,https://www.heritagefamilydental.com,heritagefamilydental.com,Dental,"Red Deer, AB",Canada,Candidate,,2026-09-07 14:09:08
Red Deer Smiles - Family Dentistry & Orthodontics,https://www.rdsmiles.ca,rdsmiles.ca,Dental,"Red Deer, AB",Canada,Candidate,,2026-09-07 14:09:12
Healthy Smiles - Red Deer,https://www.dentalhealthysmiles.com,dentalhealthysmiles.com,Dental,"Red Deer, AB",Canada,Candidate,,2026-09-07 14:09:26
Doctor Derek Rogers Dentist,https://rogersdentist.ca/index,rogersdentist.ca,Dental,"Red Deer, AB",Canada,Candidate,,2026-09-07 14:09:29
Eyes on Second,http://www.eyesonsecond.com,eyesonsecond.com,Optometry & Vision,"New York, NY",US,Candidate,,2026-09-07 14:09:38
Eye Associates of New York,https://ea-ny.com,ea-ny.com,Optometry & Vision,"New York, NY",US,Candidate,,2026-09-07 14:09:40
Doctors of Optometry - East 23rd At Broadway,https://local.lenscrafters.com/eyedoctors/ny/new-york/6-e-23rd-st.html,local.lenscrafters.com,Optometry & Vision,"New York, NY",US,Candidate,,2026-09-07 14:09:43
Eye & Health,https://www.eyeandhealth.com,eyeandhealth.com,Optometry & Vision,"New York, NY",US,Candidate,,2026-09-07 14:09:47
Metropolitan Vision Downtown,https://www.metropolitanvisionnyc.com,metropolitanvisionnyc.com,Optometry & Vision,"New York, NY",US,Yes,"adge-withicon "" href=""https://book2.getweave.com/186baf36-dab9-4bf3-9c57-29add",2026-09-07 14:09:53
West Village Eyecare,https://eyecarenyc.com,eyecarenyc.com,Optometry & Vision,"New York, NY",US,Candidate,,2026-09-07 14:09:54
Mott Street Optical,http://www.mottoptical.com,mottoptical.com,Optometry & Vision,"New York, NY",US,Candidate,,2026-09-07 14:09:56
Professional Eyecare of New York,http://www.nynjoptometrist.com,nynjoptometrist.com,Optometry & Vision,"New York, NY",US,Candidate,,2026-09-07 14:10:01
University Eye Center,http://universityeyecenter.org,universityeyecenter.org,Optometry & Vision,"New York, NY",US,Candidate,,2026-09-07 14:10:10
Metropolitan Vision Correction Associates,http://www.nymetrovision.com,nymetrovision.com,Optometry & Vision,"New York, NY",US,Candidate,,2026-09-07 14:10:12
Eyes On Park,http://www.eyesonparkave.com,eyesonparkave.com,Optometry & Vision,"New York, NY",US,Candidate,,2026-09-07 14:10:16
10/10 Optics,https://www.1010optics.com,1010optics.com,Optometry & Vision,"New York, NY",US,Candidate,,2026-09-07 14:10:18
Kips Bay Optical,https://kipsbayoptical.com,kipsbayoptical.com,Optometry & Vision,"New York, NY",US,Candidate,,2026-09-07 14:10:22
Davis Eye Care,http://daviseyecareny.com,daviseyecareny.com,Optometry & Vision,"New York, NY",US,Candidate,,2026-09-07 14:10:27
Chinatown Optical,http://www.copticalgroup.com,copticalgroup.com,Optometry & Vision,"New York, NY",US,Candidate,,2026-09-07 14:10:29
Eye Care on 5th avenue,http://www.eyecarenewyork.com,eyecarenewyork.com,Optometry & Vision,"New York, NY",US,Candidate,,2026-09-07 14:10:35
New York Eye and Ear Infirmary of Mount Sinai - Main Campus,https://www.nyee.edu,nyee.edu,Optometry & Vision,"New York, NY",US,Candidate,,2026-09-07 14:10:37
Eye Care & Surgery,https://www.drcotliar.com/location/new-york-city-ny,drcotliar.com,Optometry & Vision,"New York, NY",US,Candidate,,2026-09-07 14:10:49
Madison Avenue Eye Care,https://www.eyecare-midtown.com,eyecare-midtown.com,Optometry & Vision,"New York, NY",US,Yes,<!--<div><a href='https://book2.getweave.com/d10dc85a-ce3d-4509-966c-0ad6c,2026-09-07 14:10:53
Cosmopolitan Eyecare,http://cosmopolitaneyecare.com,cosmopolitaneyecare.com,Optometry & Vision,"New York, NY",US,Candidate,,2026-09-07 14:10:56
Eye To Eye Vision Center,https://www.eyetoeyevisioncenters.com,eyetoeyevisioncenters.com,Optometry & Vision,"New York, NY",US,Candidate,,2026-09-07 14:10:59
Union Square Eye Care-Harlem,http://www.usqeyecare.com,usqeyecare.com,Optometry & Vision,"New York, NY",US,Candidate,,2026-09-07 14:11:02
NYU Langone Eye Center,https://nyulangone.org/locations/eye-center,nyulangone.org,Optometry & Vision,"New York, NY",US,Candidate,,2026-09-07 14:11:04
Diamond Vision,https://diamondvision.com/lasik-eye-surgery-manhattan,diamondvision.com,Optometry & Vision,"New York, NY",US,Candidate,,2026-09-07 14:11:07
James Tracey Eye Care,https://www.jamestracey.com/hours-location/new-york-city,jamestracey.com,Optometry & Vision,"New York, NY",US,Candidate,,2026-09-07 14:11:11
Los Angeles Eye Center & Clinic,https://www.laeyecenter.com,laeyecenter.com,Optometry & Vision,"Los Angeles, CA",US,Candidate,,2026-09-07 14:11:20
"Shermin Lahijani OD, Hollywood Optometrist",https://www.hollywoodoptometrist.com,hollywoodoptometrist.com,Optometry & Vision,"Los Angeles, CA",US,Candidate,,2026-09-07 14:11:20
University Eye Center at Los Angeles,https://ketchumhealth.org/los-angeles,ketchumhealth.org,Optometry & Vision,"Los Angeles, CA",US,Candidate,,2026-09-07 14:11:21
L. A. Vision Optometry,http://www.eyes4la.com,eyes4la.com,Optometry & Vision,"Los Angeles, CA",US,Candidate,,2026-09-07 14:11:24
Eyes on the Bloc Optometry,https://www.eyesontheblocoptometry.com,eyesontheblocoptometry.com,Optometry & Vision,"Los Angeles, CA",US,Candidate,,2026-09-07 14:11:27
Sunset Optometric Center,http://www.sunsetoptometric.com,sunsetoptometric.com,Optometry & Vision,"Los Angeles, CA",US,Candidate,,2026-09-07 14:11:29
OPTIKOS OPTOMETRY,https://www.optikosoptometry.com,optikosoptometry.com,Optometry & Vision,"Los Angeles, CA",US,Candidate,,2026-09-07 14:11:32
Total Vision Little Tokyo,http://laeyecare.net,laeyecare.net,Optometry & Vision,"Los Angeles, CA",US,Candidate,,2026-09-07 14:11:33
Los Angeles Vision Center,https://www.losangelesvisioncenter.com,losangelesvisioncenter.com,Optometry & Vision,"Los Angeles, CA",US,Yes,"0 </div></a> <a href=""https://book2.getweave.com/2fb80572-5c3c-4045-96b8-da8ea",2026-09-07 14:11:36
Eye Geeks Doctors of Optometry,https://www.eyegeeks.com,eyegeeks.com,Optometry & Vision,"Los Angeles, CA",US,Candidate,,2026-09-07 14:11:38
Davich Optical,https://www.ladavichoptical.com,ladavichoptical.com,Optometry & Vision,"Los Angeles, CA",US,Candidate,,2026-09-07 14:11:41
Eye.Q. Optometry,http://www.eyeqeaglerock.com,eyeqeaglerock.com,Optometry & Vision,"Los Angeles, CA",US,Candidate,,2026-09-07 14:11:43
SOUTHERN CALIFORNIA EYE INSTITUTE (SCEI),https://sceyes.org,sceyes.org,Optometry & Vision,"Los Angeles, CA",US,Candidate,,2026-09-07 14:11:44
Beverly Hills Optometry: Dry Eye Center,http://www.bheyeguy.com,bheyeguy.com,Optometry & Vision,"Los Angeles, CA",US,Candidate,,2026-09-07 14:11:47
"Ooh La La Optometry: Ana Vargas, OD",http://www.oohlalaoptometry.com,oohlalaoptometry.com,Optometry & Vision,"Los Angeles, CA",US,Candidate,,2026-09-07 14:11:49
Figueroa Optometry Center,http://figoptometry.com,figoptometry.com,Optometry & Vision,"Los Angeles, CA",US,Candidate,,2026-09-07 14:11:50
Community Eye Center Optometry,http://www.communityeyedoc.com,communityeyedoc.com,Optometry & Vision,"Los Angeles, CA",US,Candidate,,2026-09-07 14:11:53
Downtown L.A Optometric Vision Center,http://www.downtownlavisioncenter.com,downtownlavisioncenter.com,Optometry & Vision,"Los Angeles, CA",US,Candidate,,2026-09-07 14:11:55
Faro Optometry,http://farooptometry.com,farooptometry.com,Optometry & Vision,"Los Angeles, CA",US,Candidate,,2026-09-07 14:11:58
"Westside Vision Optometry, provider of Eyexam of CA",https://doctors.eyeexamsnow.com/optometrists/ca/los-angeles/10250-santa-monica-boulevard.html,doctors.eyeexamsnow.com,Optometry & Vision,"Los Angeles, CA",US,Candidate,,2026-09-07 14:11:59
Village Eyes Optometry,http://www.villageeyes.com,villageeyes.com,Optometry & Vision,"Los Angeles, CA",US,Candidate,,2026-09-07 14:12:01
Eye See Optometry,http://www.eyeseeoptometry.com,eyeseeoptometry.com,Optometry & Vision,"Los Angeles, CA",US,Candidate,,2026-09-07 14:12:04
Family Eyecare Center of Optometry,http://familyeyecareoptometrist.com,familyeyecareoptometrist.com,Optometry & Vision,"Los Angeles, CA",US,Candidate,,2026-09-07 14:12:14
Laser Eye Center - Los Angeles,https://www.lasereyecenter.com,lasereyecenter.com,Optometry & Vision,"Los Angeles, CA",US,Candidate,,2026-09-07 14:12:18
Los Angeles Vision Institute,https://www.losangelesvisioninstitute.com,losangelesvisioninstitute.com,Optometry & Vision,"Los Angeles, CA",US,Candidate,,2026-09-07 14:12:20
Eye Q Optique,https://www.eyeqoptique.com,eyeqoptique.com,Optometry & Vision,"Chicago, IL",US,Candidate,,2026-09-07 14:12:29
Dr. Tanya Le & Associates - Chicago Wilson Yard Eye Doctors,https://local.targetoptical.com/eyedoctors/il/chicago/dr-tanya-le-associates,local.targetoptical.com,Optometry & Vision,"Chicago, IL",US,Candidate,,2026-09-07 14:12:31
Miami Optical,http://www.miamiopticaleyecare.com,miamiopticaleyecare.com,Optometry & Vision,"Chicago, IL",US,Candidate,,2026-09-07 14:12:34
Rosin Eyecare - Chicago Michigan Ave,https://rosineyecare.com/optometrist-michigan-ave-chicago,rosineyecare.com,Optometry & Vision,"Chicago, IL",US,Candidate,,2026-09-07 14:12:39
Eye Society,https://eyesoc.com,eyesoc.com,Optometry & Vision,"Chicago, IL",US,Candidate,,2026-09-07 14:12:40
"Franklin Eye Care- Eric Drey, OD, FAAO",http://www.franklineyecare.net,franklineyecare.net,Optometry & Vision,"Chicago, IL",US,Candidate,,2026-09-07 14:12:41
Halsted Eye Boutique,https://www.chicagoeyedr.com,chicagoeyedr.com,Optometry & Vision,"Chicago, IL",US,Candidate,,2026-09-07 14:12:44
Big City Optical - Lincoln Park on Clark Street,https://bigcityoptical.com/lincoln-park-on-clark-eye-doctors,bigcityoptical.com,Optometry & Vision,"Chicago, IL",US,Candidate,,2026-09-07 14:12:45
Village Eyecare - University Village,https://villageeyecare.net,villageeyecare.net,Optometry & Vision,"Chicago, IL",US,Candidate,,2026-09-07 14:12:46
Chicago Eye Care Center,http://www.chicagoeyecarecenter.com,chicagoeyecarecenter.com,Optometry & Vision,"Chicago, IL",US,Candidate,,2026-09-07 14:12:52
"Vision Boutique, Now Part of MyEyeDr.",https://locations.myeyedr.com/il/chicago/942-west-madison-street,locations.myeyedr.com,Optometry & Vision,"Chicago, IL",US,Candidate,,2026-09-07 14:12:54
EyeDoc Sunshine,http://eyedocsunshine.com,eyedocsunshine.com,Optometry & Vision,"Chicago, IL",US,Candidate,,2026-09-07 14:12:59
Midwest Eye Center - Chicago,https://www.midwesteyecenters.com/locations/chicago,midwesteyecenters.com,Optometry & Vision,"Chicago, IL",US,Candidate,,2026-09-07 14:13:09
Lakeview Eye Care,http://visionsource-lakevieweye.com,visionsource-lakevieweye.com,Optometry & Vision,"Chicago, IL",US,Candidate,,2026-09-07 14:13:12
Wicker Park Eye Center,https://www.wickerparkeyecenter.com,wickerparkeyecenter.com,Optometry & Vision,"Chicago, IL",US,Candidate,,2026-09-07 14:13:18
Chicago Arbor Eye Institute,https://www.chicagoarboreye.com/locations/chicago-eye-institute,chicagoarboreye.com,Optometry & Vision,"Chicago, IL",US,Candidate,,2026-09-07 14:13:23
Eye Care By Design,http://eyecarebydesignchi.com,eyecarebydesignchi.com,Optometry & Vision,"Chicago, IL",US,Candidate,,2026-09-07 14:13:27
Art of Sight Eyecare,http://www.artofsighteyecare.com,artofsighteyecare.com,Optometry & Vision,"Chicago, IL",US,Candidate,,2026-09-07 14:13:31
Illinois Eye Institute B.G.,http://www.illinoiseyeinstitute.org,illinoiseyeinstitute.org,Optometry & Vision,"Chicago, IL",US,Candidate,,2026-09-07 14:13:33
Pelini Eyecare,http://www.pelinieyecare.com,pelinieyecare.com,Optometry & Vision,"Chicago, IL",US,Candidate,,2026-09-07 14:13:38
Primary Eye Care Associates,https://www.wehelpchicagosee.com/locations/chicago-office,wehelpchicagosee.com,Optometry & Vision,"Chicago, IL",US,Candidate,,2026-09-07 14:13:42
Bellaire Optometry,http://www.bellaireoptometry.com,bellaireoptometry.com,Optometry & Vision,"Houston, TX",US,Candidate,,2026-09-07 14:13:49
Eye Center of Houston,https://www.eyecenterofhouston.com,eyecenterofhouston.com,Optometry & Vision,"Houston, TX",US,Candidate,,2026-09-07 14:13:51
Robert Cizik Eye Clinic - Texas Medical Center,https://www.utphysicians.com/clinic/ut-physicians-robert-cizik-eye-clinic-tmc,utphysicians.com,Optometry & Vision,"Houston, TX",US,Candidate,,2026-09-07 14:13:53
Houston Dry Eye Clinic,https://www.houstondryeyeclinic.com,houstondryeyeclinic.com,Optometry & Vision,"Houston, TX",US,Candidate,,2026-09-07 14:13:56
Eye Theory Midtown,https://eyetheory.com,eyetheory.com,Optometry & Vision,"Houston, TX",US,Candidate,,2026-09-07 14:13:59
Montrose Eye Care,https://www.montroseeyecarehtx.com,montroseeyecarehtx.com,Optometry & Vision,"Houston, TX",US,Yes,"> </div></a> <a href=""https://book2.getweave.com/25c53eea-f17a-4b40-af7c-cc37b",2026-09-07 14:14:03
Museum District Eye Center,https://charlesgarciamd.com,charlesgarciamd.com,Optometry & Vision,"Houston, TX",US,Candidate,,2026-09-07 14:14:03
Vision Source Downtown,http://www.visionsource-drvarkey.com,visionsource-drvarkey.com,Optometry & Vision,"Houston, TX",US,Candidate,,2026-09-07 14:14:06
Houston Eye Doctor,https://houstoneyedoctor.com,houstoneyedoctor.com,Optometry & Vision,"Houston, TX",US,Yes,"<script defer src=""https://book.getweave.com/text-connect/fa2b2a37-bb6c-4d",2026-09-07 14:14:08
Eye Care Central,http://www.eyecare-central.com,eyecare-central.com,Optometry & Vision,"Houston, TX",US,Candidate,,2026-09-07 14:14:10
Bellaire Family Eye Care,https://www.bfeye.com,bfeye.com,Optometry & Vision,"Houston, TX",US,Candidate,,2026-09-07 14:14:14
Precise Eyecare,http://www.preciseeyecare.com,preciseeyecare.com,Optometry & Vision,"Houston, TX",US,Candidate,,2026-09-07 14:14:16
Luxe Eye Care,https://www.luxeeyecare.com,luxeeyecare.com,Optometry & Vision,"Houston, TX",US,Candidate,,2026-09-07 14:14:17
University of Houston College of Optometry,https://eyecare.opt.uh.edu,eyecare.opt.uh.edu,Optometry & Vision,"Houston, TX",US,Candidate,,2026-09-07 14:14:20
Eye Hub Optometry,https://www.eyehubhtx.com,eyehubhtx.com,Optometry & Vision,"Houston, TX",US,Candidate,,2026-09-07 14:14:24
iVision Eye Care Center,https://www.ivisionhouston.com,ivisionhouston.com,Optometry & Vision,"Houston, TX",US,Candidate,,2026-09-07 14:14:25
Heights Eye Studio - Optometrist in Houston Heights,https://www.eyestudiotx.com,eyestudiotx.com,Optometry & Vision,"Houston, TX",US,Candidate,,2026-09-07 14:14:36
Evolutionary Eye Care,https://www.evolutionaryeyecare.com,evolutionaryeyecare.com,Optometry & Vision,"Houston, TX",US,Candidate,,2026-09-07 14:14:39
Houston Eye Associates,https://www.houstoneye.com/clinics/gramercy,houstoneye.com,Optometry & Vision,"Houston, TX",US,Candidate,,2026-09-07 14:14:42
Greenway Eye Care,http://www.greenwayeyecare.com,greenwayeyecare.com,Optometry & Vision,"Houston, TX",US,Candidate,,2026-09-07 14:14:43
Texas Eye Center,http://www.texaseyecenters.com,texaseyecenters.com,Optometry & Vision,"Houston, TX",US,Candidate,,2026-09-07 14:14:49
Diagnostic Eye Center,https://www.diagnosticeyecenter.com,diagnosticeyecenter.com,Optometry & Vision,"Houston, TX",US,Candidate,,2026-09-07 14:14:56
Perfect Vision Eyecare & Eyewear,http://perfectvisioneyecare.com,perfectvisioneyecare.com,Optometry & Vision,"Houston, TX",US,Candidate,,2026-09-07 14:14:59
Mann Eye Institute - Houston Office,https://www.manneye.com/locations-directions/houston-location,manneye.com,Optometry & Vision,"Houston, TX",US,Candidate,,2026-09-07 14:15:04
Spring Branch Eye Care Center,https://www.sbecc.net,sbecc.net,Optometry & Vision,"Houston, TX",US,Candidate,,2026-09-07 14:15:05
Perfect Focus Eyecare,http://www.perfectfocuseyecare.com,perfectfocuseyecare.com,Optometry & Vision,"Phoenix, AZ",US,Candidate,,2026-09-07 14:15:14
Central Phoenix Eye Care,http://www.centralphoenixeyecarepllc.com,centralphoenixeyecarepllc.com,Optometry & Vision,"Phoenix, AZ",US,Candidate,,2026-09-07 14:15:16
Advanced Eye Care Center - Phoenix,https://www.advancedeyecare.com,advancedeyecare.com,Optometry & Vision,"Phoenix, AZ",US,Candidate,,2026-09-07 14:15:19
Eye on Health - Phoenix Optometrists,https://eyeonhealthphx.com,eyeonhealthphx.com,Optometry & Vision,"Phoenix, AZ",US,Candidate,,2026-09-07 14:15:23
Northern Avenue Eye Care,https://compulinkwebapp.promptlytech.com/public,compulinkwebapp.promptlytech.com,Optometry & Vision,"Phoenix, AZ",US,Candidate,,2026-09-07 14:15:26
The Vision Center of West Phoenix,https://www.tvcarizona.com,tvcarizona.com,Optometry & Vision,"Phoenix, AZ",US,Yes,"u-item-3290""><a href=""https://book2.getweave.com/897ce648-6451-4e76-bab7-52fcf",2026-09-07 14:15:28
Eye Doctors of Arizona,https://www.eyedraz.com,eyedraz.com,Optometry & Vision,"Phoenix, AZ",US,Candidate,,2026-09-07 14:15:29
Barnet Dulaney Perkins Eye Center,https://www.goodeyes.com/eye-centers/phoenix,goodeyes.com,Optometry & Vision,"Phoenix, AZ",US,Candidate,,2026-09-07 14:15:30
Advanced Vision & Achievement Center,https://avac2020.org,avac2020.org,Optometry & Vision,"Phoenix, AZ",US,Candidate,,2026-09-07 14:15:31
Urban Eyecare,https://urbaneyesphx.com/locations/downtown-phoenix,urbaneyesphx.com,Optometry & Vision,"Phoenix, AZ",US,Candidate,,2026-09-07 14:15:35
Valley Eyecare Center,http://valleyeyecareaz.com,valleyeyecareaz.com,Optometry & Vision,"Phoenix, AZ",US,Candidate,,2026-09-07 14:15:38
Moon Valley Eyecare - Dr. Jesse Dominguez,http://moonvalleyeyecare.com,moonvalleyeyecare.com,Optometry & Vision,"Phoenix, AZ",US,Yes,"rel=""noopener"" href=""https://book2.getweave.com/86e6afd1-2647-47f9-a549-6b41f",2026-09-07 14:15:42
Visionworks Christown Spectrum Mall,https://locations.visionworks.com/ll/US/AZ/Phoenix/1645-W-Bethany-Home-Rd,locations.visionworks.com,Optometry & Vision,"Phoenix, AZ",US,Candidate,,2026-09-07 14:15:45
Healthy Eye Care Fit Optical,http://www.myfiteyes.com,myfiteyes.com,Optometry & Vision,"Phoenix, AZ",US,Candidate,,2026-09-07 14:15:47
Camelback Eye Care,http://camelbackeyecare.com,camelbackeyecare.com,Optometry & Vision,"Phoenix, AZ",US,Candidate,,2026-09-07 14:15:51
Eye Surgery Center At The Biltmore,http://www.eyesurgeryaz.com,eyesurgeryaz.com,Optometry & Vision,"Phoenix, AZ",US,Candidate,,2026-09-07 14:15:59
Horizon Eye Specialists & LASIK Center | Eye Care Center in Central Phoenix AZ,https://www.horizonlaservision.com/central,horizonlaservision.com,Optometry & Vision,"Phoenix, AZ",US,Candidate,,2026-09-07 14:16:02
Advanced Eye Care Center - Phoenix,http://phxeyedoctor.com,phxeyedoctor.com,Optometry & Vision,"Phoenix, AZ",US,Candidate,,2026-09-07 14:16:04
Phoenix Eye Care,http://www.phxeyecare.com,phxeyecare.com,Optometry & Vision,"Phoenix, AZ",US,Candidate,,2026-09-07 14:16:06
Arizona's Vision Eye Care Center,https://arizonasvision.com,arizonasvision.com,Optometry & Vision,"Phoenix, AZ",US,Candidate,,2026-09-07 14:16:09
Total Eyecare Center,http://www.totaleye.com,totaleye.com,Optometry & Vision,"Phoenix, AZ",US,Candidate,,2026-09-07 14:16:10
Modern Optometry,http://modern-optometry.com,modern-optometry.com,Optometry & Vision,"Philadelphia, PA",US,Yes,"pt><script defer src=""https://book.getweave.com/text-connect/2703c20c-fd1b-4f",2026-09-07 14:16:21
"New World Vision Center, Inc",http://www.newworldvisioncenter.com,newworldvisioncenter.com,Optometry & Vision,"Philadelphia, PA",US,Candidate,,2026-09-07 14:16:22
Trend Eye Care 2,http://trendeyecare.com,trendeyecare.com,Optometry & Vision,"Philadelphia, PA",US,Candidate,,2026-09-07 14:16:23
"Dr. Delbert Ritchey, Optometrist, and Associates - Rittenhouse Square",https://eyedoctors.pearlevision.com/pa/philadelphia/1528-walnut-street.html,eyedoctors.pearlevision.com,Optometry & Vision,"Philadelphia, PA",US,Candidate,,2026-09-07 14:16:26
Harbison Eye Care,http://harbisoneyecare.com,harbisoneyecare.com,Optometry & Vision,"Philadelphia, PA",US,Candidate,,2026-09-07 14:16:28
Eye Options,http://www.eye-options.com,eye-options.com,Optometry & Vision,"Philadelphia, PA",US,Candidate,,2026-09-07 14:16:37
Philadelphia Eye Associates,http://www.phillyeye.com,phillyeye.com,Optometry & Vision,"Philadelphia, PA",US,Candidate,,2026-09-07 14:16:41
Philadelphia Vision Center,http://phillyvisioncenter.com,phillyvisioncenter.com,Optometry & Vision,"Philadelphia, PA",US,Candidate,,2026-09-07 14:16:46
Pine Vision Care,https://pinevisioncare.com,pinevisioncare.com,Optometry & Vision,"Philadelphia, PA",US,Candidate,,2026-09-07 14:16:47
Philadelphia Vision Center,https://www.phillyvisionwelsh.com,phillyvisionwelsh.com,Optometry & Vision,"Philadelphia, PA",US,Candidate,,2026-09-07 14:16:49
For Eyes,https://locations.foreyes.com/pa/philadelphia/1711-chestnut-street.html,locations.foreyes.com,Optometry & Vision,"Philadelphia, PA",US,Candidate,,2026-09-07 14:16:51
SeeSharp,https://www.seesharpeyecare.com,seesharpeyecare.com,Optometry & Vision,"Philadelphia, PA",US,Candidate,,2026-09-07 14:16:53
Pennsylvania Optometrics,http://www.pennopto.com,pennopto.com,Optometry & Vision,"Philadelphia, PA",US,Candidate,,2026-09-07 14:16:55
Philadelphia Eyeglass Labs + Cohen's Fashion Optical,https://www.cohensfashionoptical.com/locations/south-philadelphia,cohensfashionoptical.com,Optometry & Vision,"Philadelphia, PA",US,Candidate,,2026-09-07 14:16:58
NV OPTICAL,http://www.nvoptical.net,nvoptical.net,Optometry & Vision,"Philadelphia, PA",US,Candidate,,2026-09-07 14:16:59
OCLI Vision Northeast Philadelphia (Keystone Eye Associates),https://www.ocli.net/locations/eye-care-in-northeast-philadelphia-keystone-eye-associates,ocli.net,Optometry & Vision,"Philadelphia, PA",US,Candidate,,2026-09-07 14:17:00
The Eye Institute,http://www.salusuhealth.com/Eye-Institute/Contact-Us/Request-an-Appointment.aspx,salusuhealth.com,Optometry & Vision,"Philadelphia, PA",US,Candidate,,2026-09-07 14:17:11
Kremer Eye Center,https://oomc.com/our-locations/philadelphia,oomc.com,Optometry & Vision,"Philadelphia, PA",US,Candidate,,2026-09-07 14:17:21
Grays Eye Care,https://www.grayseyecare.com,grayseyecare.com,Optometry & Vision,"Philadelphia, PA",US,Candidate,,2026-09-07 14:17:22
Fox Chase Family Eye Care,https://www.foxchasefamilyeyecare.com,foxchasefamilyeyecare.com,Optometry & Vision,"Philadelphia, PA",US,Candidate,,2026-09-07 14:17:27
ReFocus Eye Health,https://philadelphia.refocuseyedoctors.com,philadelphia.refocuseyedoctors.com,Optometry & Vision,"Philadelphia, PA",US,Candidate,,2026-09-07 14:17:34
EyeCare Vision,http://www.eyecarevisiondr.com,eyecarevisiondr.com,Optometry & Vision,"Philadelphia, PA",US,Candidate,,2026-09-07 14:17:38
San Antonio Eyeworks,http://www.saeyeworks.com,saeyeworks.com,Optometry & Vision,"San Antonio, TX",US,Yes,"<a href=""https://book2.getweave.com/edc4eac8-becf-44e9-b590-b678b",2026-09-07 14:17:47
San Antonio Eye Center,https://saeye.com,saeye.com,Optometry & Vision,"San Antonio, TX",US,Candidate,,2026-09-07 14:17:51
Stanton Optical,https://www.stantonoptical.com/locations/mccullough-ne-loop-410-san-antonio-tx,stantonoptical.com,Optometry & Vision,"San Antonio, TX",US,Candidate,,2026-09-07 14:17:56
The Eye Doctors,http://eyedocsanantonio.com,eyedocsanantonio.com,Optometry & Vision,"San Antonio, TX",US,Candidate,,2026-09-07 14:18:01
Mi Vision Eye Care,https://mivisioneyecare.com,mivisioneyecare.com,Optometry & Vision,"San Antonio, TX",US,Yes,"mentor-size-sm"" href=""https://book2.getweave.com/dfa1826b-79a3-4a2c-9020-f6ee5",2026-09-07 14:18:03
Vision Source Olmos Park,http://www.visionsource-olmospark.com,visionsource-olmospark.com,Optometry & Vision,"San Antonio, TX",US,Candidate,,2026-09-07 14:18:08
"Family Eye Care, Nazia Maredia, OD.",http://www.mfamilyeyecare.com,mfamilyeyecare.com,Optometry & Vision,"San Antonio, TX",US,Candidate,,2026-09-07 14:18:11
Eyes of San Antonio,https://www.eyesofsanantonio.com,eyesofsanantonio.com,Optometry & Vision,"San Antonio, TX",US,Candidate,,2026-09-07 14:18:15
Alamo Eye Care,https://www.alamoeyecare.com,alamoeyecare.com,Optometry & Vision,"San Antonio, TX",US,Candidate,,2026-09-07 14:18:19
Eye Associates,https://eye-assoc.com,eye-assoc.com,Optometry & Vision,"San Antonio, TX",US,Candidate,,2026-09-07 14:18:20
San Antonio Eye Specialists,https://mysaeyes.com,mysaeyes.com,Optometry & Vision,"San Antonio, TX",US,Candidate,,2026-09-07 14:18:27
Vision Source,http://www.savisionsource.com,savisionsource.com,Optometry & Vision,"San Antonio, TX",US,Candidate,,2026-09-07 14:18:28
South Texas Eye Institute - San Antonio Office,https://www.southtexaseyeinstitute.com,southtexaseyeinstitute.com,Optometry & Vision,"San Antonio, TX",US,Candidate,,2026-09-07 14:18:31
Northwest Family Eye Care,http://www.nwfamilyeyecaresa.com,nwfamilyeyecaresa.com,Optometry & Vision,"San Antonio, TX",US,Candidate,,2026-09-07 14:18:34
Lookout Eyecare,https://www.lookouteyesa.com,lookouteyesa.com,Optometry & Vision,"San Antonio, TX",US,Candidate,,2026-09-07 14:18:37
Southern Eye Care PLLC,http://www.southerneyecaresatx.com,southerneyecaresatx.com,Optometry & Vision,"San Antonio, TX",US,Candidate,,2026-09-07 14:18:41
Complete Family Vision Care Optometry,https://www.drericwhite.com,drericwhite.com,Optometry & Vision,"San Diego, CA",US,Candidate,,2026-09-07 14:18:56
Family Vision Care Optometry,http://www.fvcopto.com,fvcopto.com,Optometry & Vision,"San Diego, CA",US,Candidate,,2026-09-07 14:19:01
Dr. Chinn's Vision Care Optometry,https://www.drchinnsvisioncare.com,drchinnsvisioncare.com,Optometry & Vision,"San Diego, CA",US,Candidate,,2026-09-07 14:19:04
Mission Valley Family Optometry,https://www.missionvalleyfamilyoptometry.com,missionvalleyfamilyoptometry.com,Optometry & Vision,"San Diego, CA",US,Candidate,,2026-09-07 14:19:06
San Diego Vision Care Optometry,https://www.sdvisioncare.com,sdvisioncare.com,Optometry & Vision,"San Diego, CA",US,Candidate,,2026-09-07 14:19:09
New Optix Optometry,http://www.newoptixoptometry.com,newoptixoptometry.com,Optometry & Vision,"San Diego, CA",US,Yes,"s=""btn-default"" href=""https://book2.getweave.com/18a052df-02b3-449e-9ec9-5d963",2026-09-07 14:19:10
Heights Optometry,http://www.thevisioncollective.com,thevisioncollective.com,Optometry & Vision,"San Diego, CA",US,Candidate,,2026-09-07 14:19:13
Rio Vista Optometry,https://www.riovistaoptometry.com,riovistaoptometry.com,Optometry & Vision,"San Diego, CA",US,Candidate,,2026-09-07 14:19:16
Clairemont Optometry Myopia Treatment Center,https://myopiatreatment.com,myopiatreatment.com,Optometry & Vision,"San Diego, CA",US,Candidate,,2026-09-07 14:19:18
Uptown Optometry,https://www.uptownoptometrysd.com,uptownoptometrysd.com,Optometry & Vision,"San Diego, CA",US,Candidate,,2026-09-07 14:19:22
ReVision Optometry,http://revisionoptometry.com,revisionoptometry.com,Optometry & Vision,"San Diego, CA",US,Candidate,,2026-09-07 14:19:23
Park Optometry,http://parkoptometry.com,parkoptometry.com,Optometry & Vision,"San Diego, CA",US,Candidate,,2026-09-07 14:19:28
San Diego Optical Shop,http://www.sandiegooptical.net,sandiegooptical.net,Optometry & Vision,"San Diego, CA",US,Candidate,,2026-09-07 14:19:29
Eye Care of San Diego: Mission Hills,https://eyecareofsandiego.com/locations/mission-hills,eyecareofsandiego.com,Optometry & Vision,"San Diego, CA",US,Candidate,,2026-09-07 14:19:37
Optom-Eyes Vision Care Optometry - Mission Valley,https://optomeyesvisioncare.net,optomeyesvisioncare.net,Optometry & Vision,"San Diego, CA",US,Candidate,,2026-09-07 14:19:40
EYE EYE San Diego Optometry,https://eyeeyesd.com,eyeeyesd.com,Optometry & Vision,"San Diego, CA",US,Candidate,,2026-09-07 14:19:42
Clearview Eye and Laser Medical Center,https://www.clearvieweyes.com,clearvieweyes.com,Optometry & Vision,"San Diego, CA",US,Candidate,,2026-09-07 14:19:43
Carmel Mountain Vision Care Optometry,https://carmelmountainvisioncare.com,carmelmountainvisioncare.com,Optometry & Vision,"San Diego, CA",US,Candidate,,2026-09-07 14:19:47
Eyes On Eyecare,https://eyesoneyecare.com,eyesoneyecare.com,Optometry & Vision,"San Diego, CA",US,Candidate,,2026-09-07 14:19:47
Invision Optometry,https://invisioncare.com,invisioncare.com,Optometry & Vision,"San Diego, CA",US,Candidate,,2026-09-07 14:19:49
Vision Specialists of California,https://www.myvisionexpert.com,myvisionexpert.com,Optometry & Vision,"San Diego, CA",US,Candidate,,2026-09-07 14:19:52
Midway Optometry,https://midwayoptometry.com,midwayoptometry.com,Optometry & Vision,"San Diego, CA",US,Candidate,,2026-09-07 14:19:52
UC San Diego Health Eye Care,https://health.ucsd.edu/specialties/eyes/Pages/default.aspx,health.ucsd.edu,Optometry & Vision,"San Diego, CA",US,Candidate,,2026-09-07 14:19:54
North Park Optometry,https://tinyurl.com/North-Park-Optometry,tinyurl.com,Optometry & Vision,"San Diego, CA",US,Candidate,,2026-09-07 14:19:54
Total Vision Sports Arena,https://totalvisionsportsarena.com,totalvisionsportsarena.com,Optometry & Vision,"San Diego, CA",US,Candidate,,2026-09-07 14:19:56
Insight Complete Eye Care,https://www.insightcomplete.com,insightcomplete.com,Optometry & Vision,"Dallas, TX",US,Candidate,,2026-09-07 14:20:06
Uptown Vision,http://www.uptownvisiondallas.com,uptownvisiondallas.com,Optometry & Vision,"Dallas, TX",US,Candidate,,2026-09-07 14:20:10
Dallas Eye Works,https://www.dallaseyeworks.com,dallaseyeworks.com,Optometry & Vision,"Dallas, TX",US,Candidate,,2026-09-07 14:20:13
GoTo Optical and Eye Care,https://www.gotooptical.com,gotooptical.com,Optometry & Vision,"Dallas, TX",US,Candidate,,2026-09-07 14:20:15
Eye Pieces Dallas,https://eyepiecestexas.com/stores/eye-pieces-dallas,eyepiecestexas.com,Optometry & Vision,"Dallas, TX",US,Candidate,,2026-09-07 14:20:18
First Eye Care Downtown Dallas,https://www.firsteyecaredowntowndallas.com,firsteyecaredowntowndallas.com,Optometry & Vision,"Dallas, TX",US,Candidate,,2026-09-07 14:20:21
Thrive Eye + Optical,http://www.thriveeye.com,thriveeye.com,Optometry & Vision,"Dallas, TX",US,Candidate,,2026-09-07 14:20:25
Eyes On Dallas,http://eyesondallas.com,eyesondallas.com,Optometry & Vision,"Dallas, TX",US,Candidate,,2026-09-07 14:20:29
Optix Eyecare & Gallery,https://www.optixeyecare.net,optixeyecare.net,Optometry & Vision,"Dallas, TX",US,Candidate,,2026-09-07 14:20:33
Optique,https://www.optiqueinc.com,optiqueinc.com,Optometry & Vision,"Dallas, TX",US,Candidate,,2026-09-07 14:20:37
"See Clear Eye Care: Farah Hassam, Optometrist - Dallas",https://www.seecleareyecare.com,seecleareyecare.com,Optometry & Vision,"Dallas, TX",US,Candidate,,2026-09-07 14:20:38
Switalski Eye Care – Dallas (Park Lane),https://www.switalskieyecare.com/hours-location/dallas-park-lane,switalskieyecare.com,Optometry & Vision,"Dallas, TX",US,Candidate,,2026-09-07 14:20:43
East Dallas Family Eye Care,https://www.edfec.net,edfec.net,Optometry & Vision,"Dallas, TX",US,Candidate,,2026-09-07 14:20:48
"Tri M. Vuong, OD",http://drtrivuong.com,drtrivuong.com,Optometry & Vision,"Dallas, TX",US,Candidate,,2026-09-07 14:20:49
"Kleiman Evangelista Eye Centers of Texas - Dallas, Walnut Hill",https://keeyecenters.com/locations/dallas-texas,keeyecenters.com,Optometry & Vision,"Dallas, TX",US,Candidate,,2026-09-07 14:20:58
Key-Whitman Eye Center,https://www.keywhitman.com,keywhitman.com,Optometry & Vision,"Dallas, TX",US,Candidate,,2026-09-07 14:20:59
Carter Eye Center,https://www.cartereyecenter.com,cartereyecenter.com,Optometry & Vision,"Dallas, TX",US,Candidate,,2026-09-07 14:21:04
Doctor EYEcare,http://www.doctoreyecareskillman.com,doctoreyecareskillman.com,Optometry & Vision,"Dallas, TX",US,Candidate,,2026-09-07 14:21:07
The Hargrave Eye Center,https://hargraveeyecenter.com,hargraveeyecenter.com,Optometry & Vision,"Dallas, TX",US,Candidate,,2026-09-07 14:21:07
Envy Eye Care,http://www.envyeyecare.com,envyeyecare.com,Optometry & Vision,"Dallas, TX",US,Candidate,,2026-09-07 14:21:08
Plaza Vision Center,http://www.drnewman.com,drnewman.com,Optometry & Vision,"Dallas, TX",US,Candidate,,2026-09-07 14:21:21
Metro Eye Center,https://www.metroeyecenter.com,metroeyecenter.com,Optometry & Vision,"Dallas, TX",US,Candidate,,2026-09-07 14:21:25
Today's Vision Oak Cliff,http://todaysvisionoakcliff.com,todaysvisionoakcliff.com,Optometry & Vision,"Dallas, TX",US,Candidate,,2026-09-07 14:21:28
Great Hills Eye Care,https://www.greathillseyecare.com,greathillseyecare.com,Optometry & Vision,"Austin, TX",US,Candidate,,2026-09-07 14:21:37
Eye Clinic of Austin,http://www.eyeclinicofaustin.com,eyeclinicofaustin.com,Optometry & Vision,"Austin, TX",US,Candidate,,2026-09-07 14:21:39
Austin Eye Clinic,https://www.austineye.com,austineye.com,Optometry & Vision,"Austin, TX",US,Candidate,,2026-09-07 14:21:43
Honest Eye Doctor,https://www.honesteyedoctor.com/hours-locations-texas-round-rock-georgetown-south-austin/south-austin,honesteyedoctor.com,Optometry & Vision,"Austin, TX",US,Candidate,,2026-09-07 14:21:47
Look + See Vision Care,https://lookandseevision.com,lookandseevision.com,Optometry & Vision,"Austin, TX",US,Candidate,,2026-09-07 14:21:50
Envision Eye Center,https://envisioneyeaustin.com,envisioneyeaustin.com,Optometry & Vision,"Austin, TX",US,Candidate,,2026-09-07 14:21:52
Eye Capitol,http://www.eyecapitol.com,eyecapitol.com,Optometry & Vision,"Austin, TX",US,Candidate,,2026-09-07 14:21:55
Freedom Eye Care,http://freedom-eyecare.com,freedom-eyecare.com,Optometry & Vision,"Austin, TX",US,Candidate,,2026-09-07 14:21:57
Jackman Eye Austin,https://www.jackmaneyeaustin.com,jackmaneyeaustin.com,Optometry & Vision,"Austin, TX",US,Candidate,,2026-09-07 14:21:59
"Austin Optometry Group - Aaron Wolf, OD, FAAO, FSLS, FIAOMC",https://www.austinoptometrygrp.com,austinoptometrygrp.com,Optometry & Vision,"Austin, TX",US,Yes,"=""box""></div><a href=""https://book2.getweave.com/423cc530-57f2-4808-b003-91c6e",2026-09-07 14:22:02
The Optometry Center for Vision Therapy,http://ocvt.info,ocvt.info,Optometry & Vision,"Austin, TX",US,Candidate,,2026-09-07 14:22:15
Modern Eyes,http://www.moderneyesaustin.com,moderneyesaustin.com,Optometry & Vision,"Austin, TX",US,Candidate,,2026-09-07 14:22:19
Austin Eye Studio,http://austineyestudio.com,austineyestudio.com,Optometry & Vision,"Austin, TX",US,Candidate,,2026-09-07 14:22:21
Howerton Eye Clinic,https://www.howertoneye.com,howertoneye.com,Optometry & Vision,"Austin, TX",US,Candidate,,2026-09-07 14:22:24
Capital Eye,http://www.capitaleyeaustin.com,capitaleyeaustin.com,Optometry & Vision,"Austin, TX",US,Candidate,,2026-09-07 14:22:25
Resolution Eyecare - Highland,https://www.resolution.vision,resolution.vision,Optometry & Vision,"Austin, TX",US,Candidate,,2026-09-07 14:22:27
Jansen Optical - Congress,https://jansenoptical.com,jansenoptical.com,Optometry & Vision,"Austin, TX",US,Candidate,,2026-09-07 14:22:31
Master Eye,https://mastereye.com/eye-exams/mueller,mastereye.com,Optometry & Vision,"Austin, TX",US,Candidate,,2026-09-07 14:22:31
Eclectic Eyewear,http://eclecticeyewearaustin.com,eclecticeyewearaustin.com,Optometry & Vision,"Austin, TX",US,Candidate,,2026-09-07 14:22:40
"Arbor Eye Center, P.A.",http://www.arboreyecenter.com,arboreyecenter.com,Optometry & Vision,"Austin, TX",US,Candidate,,2026-09-07 14:22:47
Austin Eye Center,https://austineyecenter.com,austineyecenter.com,Optometry & Vision,"Austin, TX",US,Candidate,,2026-09-07 14:22:49
Texan Eye - Main Central,https://www.texaneyecare.com,texaneyecare.com,Optometry & Vision,"Austin, TX",US,Candidate,,2026-09-07 14:22:59
Austin Eye Professionals,https://www.andersonlanevision.com,andersonlanevision.com,Optometry & Vision,"Austin, TX",US,Candidate,,2026-09-07 14:23:02
Trillium Eye Care,https://radiantvisionexperts.com/locations/jacksonville,radiantvisionexperts.com,Optometry & Vision,"Jacksonville, FL",US,Candidate,,2026-09-07 14:23:13
River City Vision Center - Jacksonville Optometrist,https://www.rivercityvisioncenter.com,rivercityvisioncenter.com,Optometry & Vision,"Jacksonville, FL",US,Candidate,,2026-09-07 14:23:16
Vision Today - Town Center,https://www.visiontodayjax.com,visiontodayjax.com,Optometry & Vision,"Jacksonville, FL",US,Candidate,,2026-09-07 14:23:22
Baymeadows Vision Center,https://www.baymeadowsvision.com,baymeadowsvision.com,Optometry & Vision,"Jacksonville, FL",US,Candidate,,2026-09-07 14:23:23
A1A Family EyeCare,https://a1afamilyeyecare.com,a1afamilyeyecare.com,Optometry & Vision,"Jacksonville, FL",US,Candidate,,2026-09-07 14:23:28
Duval Eye Associates,http://duvaleyeassociates.net,duvaleyeassociates.net,Optometry & Vision,"Jacksonville, FL",US,Candidate,,2026-09-07 14:23:30
Visionary Eye Associates PLLC - Dr. Chuong Dao,http://www.visionaryeyejax.com,visionaryeyejax.com,Optometry & Vision,"Jacksonville, FL",US,Candidate,,2026-09-07 14:23:32
Jax Vision Care,http://www.jaxvisioncare.com,jaxvisioncare.com,Optometry & Vision,"Jacksonville, FL",US,Candidate,,2026-09-07 14:23:36
Jacksonville Eye Center,https://drschnipper.com,drschnipper.com,Optometry & Vision,"Jacksonville, FL",US,Candidate,,2026-09-07 14:23:39
Advanced Eye Care and Optical,https://www.doctorpowers.com,doctorpowers.com,Optometry & Vision,"Jacksonville, FL",US,Candidate,,2026-09-07 14:23:43
Complete Family Eye Care Of Fruit Cove,https://www.completefamilyec.com,completefamilyec.com,Optometry & Vision,"Jacksonville, FL",US,Candidate,,2026-09-07 14:23:48
Florida Eye Specialists - Southpoint,https://www.floridaeyespecialists.com,floridaeyespecialists.com,Optometry & Vision,"Jacksonville, FL",US,Candidate,,2026-09-07 14:23:51
Hanna Eye Care,https://www.hannaeyecare.com,hannaeyecare.com,Optometry & Vision,"Jacksonville, FL",US,Candidate,,2026-09-07 14:23:53
5 Points Eye Associates,https://www.5pointseye.com,5pointseye.com,Optometry & Vision,"Jacksonville, FL",US,Candidate,,2026-09-07 14:23:59
ClearView Eye Care,https://clearvieweyejax.com,clearvieweyejax.com,Optometry & Vision,"Jacksonville, FL",US,Candidate,,2026-09-07 14:24:07
Deerwood Family Eyecare,http://www.deerwoodfamilyeyecare.com,deerwoodfamilyeyecare.com,Optometry & Vision,"Jacksonville, FL",US,Candidate,,2026-09-07 14:24:09
Atlantic Eye Institute - Jacksonville/South Side,https://atlanticeyeinstitute.com/locations/jacksonville-southside,atlanticeyeinstitute.com,Optometry & Vision,"Jacksonville, FL",US,Candidate,,2026-09-07 14:24:11
Champion Eyecare,http://www.championeyecare.com,championeyecare.com,Optometry & Vision,"Jacksonville, FL",US,Yes,"defer       src=""https://book.getweave.com/text-connect/1b385dc9-a692-44",2026-09-07 14:24:12
Levenson Eye Associates,https://www.levensoneyeassociates.com,levensoneyeassociates.com,Optometry & Vision,"Jacksonville, FL",US,Candidate,,2026-09-07 14:24:13
InFocus Eyecare Town Center,https://www.infocuseyecare.com/locations/florida/town-center,infocuseyecare.com,Optometry & Vision,"Jacksonville, FL",US,Candidate,,2026-09-07 14:24:16
InOptix Eyecare,https://www.inoptixeyecare.com,inoptixeyecare.com,Optometry & Vision,"Jacksonville, FL",US,Candidate,,2026-09-07 14:24:17
Fort Worth Eye Center,https://www.fortwortheyecenter.com,fortwortheyecenter.com,Optometry & Vision,"Fort Worth, TX",US,Candidate,,2026-09-07 14:24:26
CLEAR eye + optical - Fort Worth,https://www.cleareye.com/locations/fort-worth,cleareye.com,Optometry & Vision,"Fort Worth, TX",US,Candidate,,2026-09-07 14:24:30
Southwest Family Eye Health Center,https://www.swfamilyeye.com,swfamilyeye.com,Optometry & Vision,"Fort Worth, TX",US,Candidate,,2026-09-07 14:24:35
Eyes Fort Worth,http://www.eyesoncampbowie.com,eyesoncampbowie.com,Optometry & Vision,"Fort Worth, TX",US,Candidate,,2026-09-07 14:24:38
Altig Optical,https://www.altigoptical.com,altigoptical.com,Optometry & Vision,"Fort Worth, TX",US,Candidate,,2026-09-07 14:24:42
CHROMA modern Eyewear Eyecare,https://www.chromamodern.com,chromamodern.com,Optometry & Vision,"Fort Worth, TX",US,Candidate,,2026-09-07 14:24:46
EYEWORKS at West 7th,https://www.eyeworksgroup.com/our-eye-care-clinic/eyeworks-fort-worth-west-7th,eyeworksgroup.com,Optometry & Vision,"Fort Worth, TX",US,Candidate,,2026-09-07 14:24:51
Fort Worth Eye Associates,http://www.ranelle.com,ranelle.com,Optometry & Vision,"Fort Worth, TX",US,Candidate,,2026-09-07 14:24:55
Pack Optical + Med Spa | Optometrist Fort Worth,https://www.packoptical.com,packoptical.com,Optometry & Vision,"Fort Worth, TX",US,Yes,"ye Appointment"" href=""https://book2.getweave.com/a333a485-8706-412a-b7c2-d4675",2026-09-07 14:24:59
Griffin Eye Care,https://www.griffineyecare.com,griffineyecare.com,Optometry & Vision,"Fort Worth, TX",US,Candidate,,2026-09-07 14:25:03
First Eye Care | Fort Worth,http://www.firsteyecarefortworth.com,firsteyecarefortworth.com,Optometry & Vision,"Fort Worth, TX",US,Candidate,,2026-09-07 14:25:07
Fort Worth Optometry Co.,http://fortworthoptometryco.com,fortworthoptometryco.com,Optometry & Vision,"Fort Worth, TX",US,Candidate,,2026-09-07 14:25:10
Eagle Ranch Vision,https://www.eagleranchvision.com,eagleranchvision.com,Optometry & Vision,"Fort Worth, TX",US,Candidate,,2026-09-07 14:25:14
Dreamworks Eyecare & Vision - Optometrist Fort Worth,https://www.dreamworksvision.com,dreamworksvision.com,Optometry & Vision,"Fort Worth, TX",US,Candidate,,2026-09-07 14:25:16
Western Center Eyecare,http://www.wceyecare.com,wceyecare.com,Optometry & Vision,"Fort Worth, TX",US,Candidate,,2026-09-07 14:25:25
Advanced Eye Care of Texas - Fort Worth,http://www.eyecarefw.com,eyecarefw.com,Optometry & Vision,"Fort Worth, TX",US,Candidate,,2026-09-07 14:25:29
Panther City Eye Care,https://panthercityeyecare.com,panthercityeyecare.com,Optometry & Vision,"Fort Worth, TX",US,Candidate,,2026-09-07 14:25:31
Texas Eye and Laser Center,https://www.lasikdr.com/locations/fort-worth,lasikdr.com,Optometry & Vision,"Fort Worth, TX",US,Candidate,,2026-09-07 14:25:34
Texas Elite Eye Care,http://www.texaseliteeyecare.com,texaseliteeyecare.com,Optometry & Vision,"Fort Worth, TX",US,Candidate,,2026-09-07 14:25:36
Excel Eye Care of Texas,http://ftwortheyedoctor.com,ftwortheyedoctor.com,Optometry & Vision,"Fort Worth, TX",US,Candidate,,2026-09-07 14:25:41
Open Eyes Vision Center - Formerly Master Eye Associates,https://www.openeyesvisioncenter.com/locations/fort-worth-tx-4800-s-hulen-st-1520,openeyesvisioncenter.com,Optometry & Vision,"Fort Worth, TX",US,Candidate,,2026-09-07 14:25:42
Alliance Vision Institute,https://allianceeyes.com,allianceeyes.com,Optometry & Vision,"Fort Worth, TX",US,Candidate,,2026-09-07 14:25:48
Eye Expressions,https://www.eyeexpressionsohio.com,eyeexpressionsohio.com,Optometry & Vision,"Columbus, OH",US,Candidate,,2026-09-07 14:25:59
Central Ohio EyeCare Inc,http://www.centralohioeyecare.com,centralohioeyecare.com,Optometry & Vision,"Columbus, OH",US,Candidate,,2026-09-07 14:26:05
Columbus Eyeworks,https://columbuseyeworks.com,columbuseyeworks.com,Optometry & Vision,"Columbus, OH",US,Candidate,,2026-09-07 14:26:09
Ohio State University Optometry Services,http://greatvision.osu.edu,greatvision.osu.edu,Optometry & Vision,"Columbus, OH",US,Candidate,,2026-09-07 14:26:12
Ohio State Havener Eye Institute Eye and Ear Institute,https://wexnermedical.osu.edu/locations/eye-and-ear-institute/havener-eye-institute,wexnermedical.osu.edu,Optometry & Vision,"Columbus, OH",US,Candidate,,2026-09-07 14:26:15
"Pinnacle Eyecare - Eye Doctor in Columbus, OH",https://pinnacleeyecare.com,pinnacleeyecare.com,Optometry & Vision,"Columbus, OH",US,Candidate,,2026-09-07 14:26:17
Canyon Eye Associates,https://www.canyoneyemd.com,canyoneyemd.com,Optometry & Vision,"Columbus, OH",US,Candidate,,2026-09-07 14:26:19
Grandview Vision Center,http://www.grandviewvision.com,grandviewvision.com,Optometry & Vision,"Columbus, OH",US,Candidate,,2026-09-07 14:26:24
Clarkson Eyecare,https://www.clarksoneyecare.com/locations/oh/columbus/riverview,clarksoneyecare.com,Optometry & Vision,"Columbus, OH",US,Candidate,,2026-09-07 14:26:26
Eyes On High,http://www.eyesonhigh.com,eyesonhigh.com,Optometry & Vision,"Columbus, OH",US,Candidate,,2026-09-07 14:26:31
Capitol Eyes,http://www.capitoleyes.vision,capitoleyes.vision,Optometry & Vision,"Columbus, OH",US,Candidate,,2026-09-07 14:26:35
Polaris Eye Care,http://www.polariseyecare.net,polariseyecare.net,Optometry & Vision,"Columbus, OH",US,Candidate,,2026-09-07 14:26:38
Mid Ohio Eye,https://www.midohioeye.com,midohioeye.com,Optometry & Vision,"Columbus, OH",US,Candidate,,2026-09-07 14:26:41
"Riverside Eye Center, LLC",http://www.riversideeyectr.com,riversideeyectr.com,Optometry & Vision,"Columbus, OH",US,Candidate,,2026-09-07 14:26:50
EYECARE about YOU,https://eyecareaboutyou2020.com,eyecareaboutyou2020.com,Optometry & Vision,"Columbus, OH",US,Candidate,,2026-09-07 14:26:52
Arena Eye Surgeons,http://www.arenaeyesurgeons.com,arenaeyesurgeons.com,Optometry & Vision,"Columbus, OH",US,Candidate,,2026-09-07 14:26:56
Columbus Eye Surgery Center,http://columbuseyesurgerycenter.com,columbuseyesurgerycenter.com,Optometry & Vision,"Columbus, OH",US,Candidate,,2026-09-07 14:26:58
Eye Center of Columbus Suite 500,http://www.eyecenterofcolumbus.com,eyecenterofcolumbus.com,Optometry & Vision,"Columbus, OH",US,Candidate,,2026-09-07 14:27:02
Central Ohio Eye and Plastic Surgery,http://www.ohioeyesurgeons.com,ohioeyesurgeons.com,Optometry & Vision,"Columbus, OH",US,Candidate,,2026-09-07 14:27:02
Comprehensive Eyecare of Central Ohio,http://www.compeyecare.com,compeyecare.com,Optometry & Vision,"Columbus, OH",US,Candidate,,2026-09-07 14:27:06
Bloomberg Eye Center,https://www.bloombergeye.com,bloombergeye.com,Optometry & Vision,"Columbus, OH",US,Candidate,,2026-09-07 14:27:09
Bethel Vision Center,http://www.bethelvisioncenter.net,bethelvisioncenter.net,Optometry & Vision,"Columbus, OH",US,Candidate,,2026-09-07 14:27:10
Spectrum Eye Care- Uptown,https://www.spectrumeyecarenc.com,spectrumeyecarenc.com,Optometry & Vision,"Charlotte, NC",US,Candidate,,2026-09-07 14:27:20
University Eye Associates,https://www.universityeye.net,universityeye.net,Optometry & Vision,"Charlotte, NC",US,Candidate,,2026-09-07 14:27:21
"Charlotte Optometric Clinic, PA",http://www.charlotteoptometricclinic.com,charlotteoptometricclinic.com,Optometry & Vision,"Charlotte, NC",US,Candidate,,2026-09-07 14:27:26
Triangle Visions Optometry,https://trianglevisions.com/locations/charlotte,trianglevisions.com,Optometry & Vision,"Charlotte, NC",US,Candidate,,2026-09-07 14:27:28
Midwood Eye,http://www.midwoodeye.com,midwoodeye.com,Optometry & Vision,"Charlotte, NC",US,Candidate,,2026-09-07 14:27:30
eyecarecenter,https://www.eyecarecenter.com/locations/nc/charlotte/charlotte-south-boulevard,eyecarecenter.com,Optometry & Vision,"Charlotte, NC",US,Candidate,,2026-09-07 14:27:33
Queen City Eye,http://www.queencityeye.com,queencityeye.com,Optometry & Vision,"Charlotte, NC",US,Candidate,,2026-09-07 14:27:37
Charlotte Family Eye Care,https://www.charlottefamilyeyecare.com,charlottefamilyeyecare.com,Optometry & Vision,"Charlotte, NC",US,Candidate,,2026-09-07 14:27:40
Moore Optometry (previously Dr. Steven C Moore & Associates),http://www.drstevenmoore.com,drstevenmoore.com,Optometry & Vision,"Charlotte, NC",US,Candidate,,2026-09-07 14:27:42
Piedmont EyeCare Associates,https://www.charlotteoptometry.com,charlotteoptometry.com,Optometry & Vision,"Charlotte, NC",US,Yes,"> <script defer src=""https://book.getweave.com/text-connect/3ea9e8d9-fb6f-4a",2026-09-07 14:27:44
Advantage Vision Center,https://www.advantagevisioncenter.com,advantagevisioncenter.com,Optometry & Vision,"Charlotte, NC",US,Candidate,,2026-09-07 14:27:51
Innovative Eye Care,http://www.innovativeeyecare.net,innovativeeyecare.net,Optometry & Vision,"Charlotte, NC",US,Candidate,,2026-09-07 14:27:55
"Dr. Jeffrey Musler & Associates, Optometry Group, P.A.",http://drmusler.com,drmusler.com,Optometry & Vision,"Charlotte, NC",US,Candidate,,2026-09-07 14:27:58
Insightful Eye Care,http://www.insightfulod.com,insightfulod.com,Optometry & Vision,"Charlotte, NC",US,Candidate,,2026-09-07 14:28:00
Eye Care Center - Ballantyne,https://www.eyecarecenterballantyne.com,eyecarecenterballantyne.com,Optometry & Vision,"Charlotte, NC",US,Candidate,,2026-09-07 14:28:06
Reflect Vision Care | Northlake Mall,https://www.reflectvisioncare.com/locations/northlake-mall,reflectvisioncare.com,Optometry & Vision,"Charlotte, NC",US,Candidate,,2026-09-07 14:28:08
"Horizon Eye Care - Waverly, Charlotte NC",https://www.horizoneye.com/locations/waverly,horizoneye.com,Optometry & Vision,"Charlotte, NC",US,Candidate,,2026-09-07 14:28:10
Atrium Health Ophthalmology,https://atriumhealth.org/locations/detail/atrium-health-ophthalmology-charlotte,atriumhealth.org,Optometry & Vision,"Charlotte, NC",US,Candidate,,2026-09-07 14:28:13
Oculus Eye Care,https://oculuseyedoctor.com,oculuseyedoctor.com,Optometry & Vision,"Charlotte, NC",US,Candidate,,2026-09-07 14:28:15
"Carolinas Vision Group, Rea Farms",https://elevatemyeyes.com/location/carolinas-vision-group-rea-farms,elevatemyeyes.com,Optometry & Vision,"Charlotte, NC",US,Candidate,,2026-09-07 14:28:17
Metrolina Eye Associates-University,https://www.metrolinaeye.com/locations/university,metrolinaeye.com,Optometry & Vision,"Charlotte, NC",US,Candidate,,2026-09-07 14:28:20
Indianapolis Eye Care Center,https://optometry.iu.edu/patient-care/locations-appointments/indianapolis.html,optometry.iu.edu,Optometry & Vision,"Indianapolis, IN",US,Candidate,,2026-09-07 14:28:29
Infinity Eye Care,https://infinityeyecarein.com,infinityeyecarein.com,Optometry & Vision,"Indianapolis, IN",US,Yes,"<script defer src=""https://book.getweave.com/text-connect/d4d0139c-fd7b-4b",2026-09-07 14:28:32
Best In Sight Eye Care - Indianapolis,http://www.bestinsighteyecare.com,bestinsighteyecare.com,Optometry & Vision,"Indianapolis, IN",US,Candidate,,2026-09-07 14:28:36
inVista Optical,http://www.invistaoptical.com,invistaoptical.com,Optometry & Vision,"Indianapolis, IN",US,Candidate,,2026-09-07 14:28:40
Forniss Optometric,https://drforniss.net,drforniss.net,Optometry & Vision,"Indianapolis, IN",US,Candidate,,2026-09-07 14:28:43
Norman and Miller Eyecare,http://www.normanandmillereyecare.com,normanandmillereyecare.com,Optometry & Vision,"Indianapolis, IN",US,Candidate,,2026-09-07 14:28:45
Moody Eyes,http://moodyeyes.com,moodyeyes.com,Optometry & Vision,"Indianapolis, IN",US,Candidate,,2026-09-07 14:28:50
Eye Specialists of Indiana,https://www.eyespecialistsofindiana.com,eyespecialistsofindiana.com,Optometry & Vision,"Indianapolis, IN",US,Candidate,,2026-09-07 14:28:53
Clearview Eye Care of Indiana,http://www.cecofindiana.com,cecofindiana.com,Optometry & Vision,"Indianapolis, IN",US,Candidate,,2026-09-07 14:28:55
Abrams EyeCare - West,https://abramseyecare.com,abramseyecare.com,Optometry & Vision,"Indianapolis, IN",US,Candidate,,2026-09-07 14:29:01
Meridian Vision Center,http://www.meridianvisioncenter.com,meridianvisioncenter.com,Optometry & Vision,"Indianapolis, IN",US,Candidate,,2026-09-07 14:29:05
Dr. Tavel Family Eyecare - South East Street,https://www.drtavel.com,drtavel.com,Optometry & Vision,"Indianapolis, IN",US,Candidate,,2026-09-07 14:29:07
Macha Eye Care at Fountain Square,http://www.machaeyecare.com,machaeyecare.com,Optometry & Vision,"Indianapolis, IN",US,Candidate,,2026-09-07 14:29:08
Herkert Family Eye Care,http://www.herkertfamilyeyecare.com,herkertfamilyeyecare.com,Optometry & Vision,"Indianapolis, IN",US,Candidate,,2026-09-07 14:29:12
Eye Surgeons of Indiana - Indianapolis,https://www.eyesurgeonsofindiana.com/locations/indianapolis,eyesurgeonsofindiana.com,Optometry & Vision,"Indianapolis, IN",US,Candidate,,2026-09-07 14:29:16
Indianapolis Vision Care,http://indyvisioncare.com,indyvisioncare.com,Optometry & Vision,"Indianapolis, IN",US,Candidate,,2026-09-07 14:29:22
Eyeglass World,https://www.eyeglassworld.com/location/in/indianapolis/speedway-super-center,eyeglassworld.com,Optometry & Vision,"Indianapolis, IN",US,Candidate,,2026-09-07 14:29:23
Indiana EyeCare Center,http://www.indianaeyecarecenter.com,indianaeyecarecenter.com,Optometry & Vision,"Indianapolis, IN",US,Candidate,,2026-09-07 14:29:30
Price Vision Group,https://pricevisiongroup.com,pricevisiongroup.com,Optometry & Vision,"Indianapolis, IN",US,Candidate,,2026-09-07 14:29:34
Crossroads Eye Care,http://www.crossroadseyecare.net,crossroadseyecare.net,Optometry & Vision,"Indianapolis, IN",US,Candidate,,2026-09-07 14:29:37
Fall Creek Vision Center,http://www.fallcreekvision.com,fallcreekvision.com,Optometry & Vision,"Indianapolis, IN",US,Candidate,,2026-09-07 14:29:43
Whitson Vision of Indianapolis,https://www.whitsonvision.com/locations/indianapolis-nora,whitsonvision.com,Optometry & Vision,"Indianapolis, IN",US,Candidate,,2026-09-07 14:29:47
Carmel Eyecare,http://www.carmeleyecare.com,carmeleyecare.com,Optometry & Vision,"Indianapolis, IN",US,Candidate,,2026-09-07 14:29:49
Market Street Optometry,http://marketstreetoptometry.com,marketstreetoptometry.com,Optometry & Vision,"San Francisco, CA",US,Candidate,,2026-09-07 14:29:59
"San Francisco Optometry, provider of Eyexam of CA",https://www.sf-optometry.com,sf-optometry.com,Optometry & Vision,"San Francisco, CA",US,Candidate,,2026-09-07 14:30:02
San Francisco Eye Institute,https://www.sfeyeinstitute.com,sfeyeinstitute.com,Optometry & Vision,"San Francisco, CA",US,Candidate,,2026-09-07 14:30:06
Eyes On Twenty-Fourth Optometry,http://eyesontwentyfourth.com,eyesontwentyfourth.com,Optometry & Vision,"San Francisco, CA",US,Candidate,,2026-09-07 14:30:09
Lunettes Optometric,http://www.lunettesoptometric.com,lunettesoptometric.com,Optometry & Vision,"San Francisco, CA",US,Candidate,,2026-09-07 14:30:11
Through the Hayes Optometry,https://throughthehayes.com,throughthehayes.com,Optometry & Vision,"San Francisco, CA",US,Candidate,,2026-09-07 14:30:15
Valencia Street Optometry,http://www.dradamod.com,dradamod.com,Optometry & Vision,"San Francisco, CA",US,Candidate,,2026-09-07 14:30:17
Eyedare Optometric,http://www.eyedare.com,eyedare.com,Optometry & Vision,"San Francisco, CA",US,Candidate,,2026-09-07 14:30:19
"Unique Optometry- Dr. June Chun and Dr. Snow Hu, Optometrists",http://www.uniqueoptometry.com,uniqueoptometry.com,Optometry & Vision,"San Francisco, CA",US,Candidate,,2026-09-07 14:30:21
Drs. Hiura & Hiura Optometrists,https://www.drhiura.com,drhiura.com,Optometry & Vision,"San Francisco, CA",US,Candidate,,2026-09-07 14:30:24
For Your Eyes Only Optometry,https://www.castrovision.com,castrovision.com,Optometry & Vision,"San Francisco, CA",US,Candidate,,2026-09-07 14:30:27
City Eyeworks Optometry,https://cityeyeworksoptometry.com,cityeyeworksoptometry.com,Optometry & Vision,"San Francisco, CA",US,Candidate,,2026-09-07 14:30:28
Sea Cliff Optometry,https://www.seacliffoptometry.com,seacliffoptometry.com,Optometry & Vision,"San Francisco, CA",US,Candidate,,2026-09-07 14:30:30
Pacific Rims Optometry,http://www.pacificrimsoptometry.com,pacificrimsoptometry.com,Optometry & Vision,"San Francisco, CA",US,Candidate,,2026-09-07 14:30:35
See.Saw.Seen Optometry @ Gough,http://www.seesawseeneyewear.com,seesawseeneyewear.com,Optometry & Vision,"San Francisco, CA",US,Candidate,,2026-09-07 14:30:36
Eye Carumba Optometry,http://eyecarumba.com,eyecarumba.com,Optometry & Vision,"San Francisco, CA",US,Candidate,,2026-09-07 14:30:39
UCSF Comprehensive Ophthalmology & Optometry Clinic,https://www.ucsfhealth.org/clinics/ophthalmology-and-optometry-clinic,ucsfhealth.org,Optometry & Vision,"San Francisco, CA",US,Candidate,,2026-09-07 14:30:41
Drs. Hall & Szeto Optometry,http://www.hallszeto.com,hallszeto.com,Optometry & Vision,"San Francisco, CA",US,Candidate,,2026-09-07 14:30:44
L Bruce Mebine Office,http://www.drbmebine.com,drbmebine.com,Optometry & Vision,"San Francisco, CA",US,Candidate,,2026-09-07 14:30:45
Geneva Eye Care Optometry Inc,http://www.genevaeyecare.com,genevaeyecare.com,Optometry & Vision,"San Francisco, CA",US,Candidate,,2026-09-07 14:30:48
Haight Street Eyecare,http://www.haightstreeteyecare.com,haightstreeteyecare.com,Optometry & Vision,"San Francisco, CA",US,Candidate,,2026-09-07 14:30:49
AccuVision Optometry,https://www.accuvisionsf.com,accuvisionsf.com,Optometry & Vision,"San Francisco, CA",US,Candidate,,2026-09-07 14:30:49
Site for Sore Eyes - SF Sutter St,https://www.siteforsoreeyes.com/san-francisco-sutter-street-location,siteforsoreeyes.com,Optometry & Vision,"San Francisco, CA",US,Candidate,,2026-09-07 14:30:51
Invision Optometry,http://invisionopto.com,invisionopto.com,Optometry & Vision,"San Francisco, CA",US,Candidate,,2026-09-07 14:30:52
Total Vision Financial District,https://totalvisionsanfrancisco.com,totalvisionsanfrancisco.com,Optometry & Vision,"San Francisco, CA",US,Candidate,,2026-09-07 14:30:54
Eye Clinics of Seattle - Roosevelt,https://www.ecseattle.com,ecseattle.com,Optometry & Vision,"Seattle, WA",US,Candidate,,2026-09-07 14:31:04
Queen Anne Vision Clinic,http://queenannevisionclinic.com,queenannevisionclinic.com,Optometry & Vision,"Seattle, WA",US,Candidate,,2026-09-07 14:31:05
SODO Vision Care,http://www.sodovisioncare.com,sodovisioncare.com,Optometry & Vision,"Seattle, WA",US,Candidate,,2026-09-07 14:31:07
Ballard Optical,https://www.ballardoptical.com,ballardoptical.com,Optometry & Vision,"Seattle, WA",US,Candidate,,2026-09-07 14:31:08
Capitol Hill Vision,http://www.capitolhillvision.com,capitolhillvision.com,Optometry & Vision,"Seattle, WA",US,Candidate,,2026-09-07 14:31:09
Optometry Medical Group - Madison,https://optometrymedicalgroup.com,optometrymedicalgroup.com,Optometry & Vision,"Seattle, WA",US,Candidate,,2026-09-07 14:31:12
Eyes On You Seattle,http://www.eyesonyouseattle.com,eyesonyouseattle.com,Optometry & Vision,"Seattle, WA",US,Yes,"s""><script defer src=""https://book.getweave.com/text-connect/cde97f5d-0b69-4d",2026-09-07 14:31:15
Rainier Valley Optometric,http://www.rainiervalleyoptometric.com,rainiervalleyoptometric.com,Optometry & Vision,"Seattle, WA",US,Candidate,,2026-09-07 14:31:17
Visions Northwest,http://www.visionsnorthwest.com,visionsnorthwest.com,Optometry & Vision,"Seattle, WA",US,Candidate,,2026-09-07 14:31:19
University Vision Clinic,https://universityvision.com,universityvision.com,Optometry & Vision,"Seattle, WA",US,Candidate,,2026-09-07 14:31:20
Broadway Vision,https://www.broadwayvision.com,broadwayvision.com,Optometry & Vision,"Seattle, WA",US,Candidate,,2026-09-07 14:31:22
Cannon EyeCare (at Market Optical),https://seattleeyecaredoctor.com/cannon-eyecare-uv-landing-page,seattleeyecaredoctor.com,Optometry & Vision,"Seattle, WA",US,Candidate,,2026-09-07 14:31:23
Seattle Eye,https://seattleeye.net,seattleeye.net,Optometry & Vision,"Seattle, WA",US,Candidate,,2026-09-07 14:31:24
Eyes on Fremont - Seattle,https://eyesonfremont.com/seattle-optical-shop,eyesonfremont.com,Optometry & Vision,"Seattle, WA",US,Candidate,,2026-09-07 14:31:25
Roosevelt Vision,https://www.rooseveltvision.com,rooseveltvision.com,Optometry & Vision,"Seattle, WA",US,Candidate,,2026-09-07 14:31:28
Seattle Vision Clinic,http://www.seattlevisionclinic.com,seattlevisionclinic.com,Optometry & Vision,"Seattle, WA",US,Candidate,,2026-09-07 14:31:33
Eyeballs,http://www.eyeballsseattle.com,eyeballsseattle.com,Optometry & Vision,"Seattle, WA",US,Candidate,,2026-09-07 14:31:36
Magnolia Eye Care,https://www.magnoliaeyecare.com,magnoliaeyecare.com,Optometry & Vision,"Seattle, WA",US,Candidate,,2026-09-07 14:31:38
Eyes On The City,http://www.eyesonthecity.com,eyesonthecity.com,Optometry & Vision,"Seattle, WA",US,Candidate,,2026-09-07 14:31:41
West Seattle Vision,https://westseattlevision.com,westseattlevision.com,Optometry & Vision,"Seattle, WA",US,Candidate,,2026-09-07 14:31:45
Oculus Eyecare Seattle Optometrist,https://oculuseyecare.com,oculuseyecare.com,Optometry & Vision,"Seattle, WA",US,Candidate,,2026-09-07 14:31:46
Spex Seattle,http://www.spexseattle.com,spexseattle.com,Optometry & Vision,"Seattle, WA",US,Candidate,,2026-09-07 14:31:46
Evergreen Eye Center,https://www.evergreeneye.com/eye-center/seattle,evergreeneye.com,Optometry & Vision,"Seattle, WA",US,Candidate,,2026-09-07 14:31:56
Seattle Vision Care Center,http://www.seattlevision.net,seattlevision.net,Optometry & Vision,"Seattle, WA",US,Candidate,,2026-09-07 14:31:58
Puget Sound Eye Care,http://pugetsoundeyecare.com,pugetsoundeyecare.com,Optometry & Vision,"Seattle, WA",US,Candidate,,2026-09-07 14:31:58
Central Denver Eye Care,http://www.centraldenvereyecare.com,centraldenvereyecare.com,Optometry & Vision,"Denver, CO",US,Candidate,,2026-09-07 14:32:09
Denver Eye Practice & Optical,http://www.dep2020.com,dep2020.com,Optometry & Vision,"Denver, CO",US,Candidate,,2026-09-07 14:32:14
Denver Health Eye Clinic,https://www.denverhealth.org/services/eye-care,denverhealth.org,Optometry & Vision,"Denver, CO",US,Candidate,,2026-09-07 14:32:20
Optique of Denver,https://www.optiqueofdenver.com,optiqueofdenver.com,Optometry & Vision,"Denver, CO",US,Candidate,,2026-09-07 14:32:22
LoHi Eye Care and Eyewear,http://lohieye.com,lohieye.com,Optometry & Vision,"Denver, CO",US,Candidate,,2026-09-07 14:32:28
Eyes of the World Optical - City Park West,https://www.eyesofworld-city-park-west.com,eyesofworld-city-park-west.com,Optometry & Vision,"Denver, CO",US,Candidate,,2026-09-07 14:32:31
I Care Vision Centers,http://www.icarevisioncenters.net,icarevisioncenters.net,Optometry & Vision,"Denver, CO",US,Yes,"tment now or <a href=""https://book2.getweave.com/178c88b2-4bf7-4787-94c1-09e72",2026-09-07 14:32:36
Omni Eye Specialists (Now a part of ICON Eyecare),https://iconeyecare.com/icon-locations/icon-eyecare-cherry-creek,iconeyecare.com,Optometry & Vision,"Denver, CO",US,Candidate,,2026-09-07 14:32:38
Infinity Eyecare of Denver,https://www.infinityeyecareofdenver.com,infinityeyecareofdenver.com,Optometry & Vision,"Denver, CO",US,Candidate,,2026-09-07 14:32:41
Eyes of the World Optical - Washington Park,https://www.eyesofworld-washington-park.com,eyesofworld-washington-park.com,Optometry & Vision,"Denver, CO",US,Candidate,,2026-09-07 14:32:44
Levinson Eye Clinic,http://www.levinsoneyeclinic.com,levinsoneyeclinic.com,Optometry & Vision,"Denver, CO",US,Candidate,,2026-09-07 14:32:48
Elevated Eyecare,http://www.elevatedeyecare.com,elevatedeyecare.com,Optometry & Vision,"Denver, CO",US,Candidate,,2026-09-07 14:32:52
Eye Vision Downtown Denver,http://eyevisiondowntowndenver.com,eyevisiondowntowndenver.com,Optometry & Vision,"Denver, CO",US,Candidate,,2026-09-07 14:32:54
True Eye Care,http://www.trueeyecareco.com,trueeyecareco.com,Optometry & Vision,"Denver, CO",US,Candidate,,2026-09-07 14:32:57
Urban Eyes Vision Care,http://www.urbaneyes.net,urbaneyes.net,Optometry & Vision,"Denver, CO",US,Candidate,,2026-09-07 14:33:04
Eye Center of Colorado,http://www.eyecarecolorado.com,eyecarecolorado.com,Optometry & Vision,"Denver, CO",US,Candidate,,2026-09-07 14:33:14
UCHealth Sue Anschutz-Rodgers Eye Center - Colorado Center,https://www.uchealth.org/locations/uchealth-eye-center-cherry-creek,uchealth.org,Optometry & Vision,"Denver, CO",US,Candidate,,2026-09-07 14:33:16
"Associates in Eyecare, P.C.",http://associatesineyecarepc.com,associatesineyecarepc.com,Optometry & Vision,"Denver, CO",US,Candidate,,2026-09-07 14:33:20
Highlands Eyecare,http://www.highlandseyecare.com,highlandseyecare.com,Optometry & Vision,"Denver, CO",US,Candidate,,2026-09-07 14:33:23
Lakefront Eye Care,http://lakefronteyecare.com,lakefronteyecare.com,Optometry & Vision,"Denver, CO",US,Candidate,,2026-09-07 14:33:27
EyeCare Specialties - Colorado Blvd,https://eyecarespecialties-colorado-blvd.com,eyecarespecialties-colorado-blvd.com,Optometry & Vision,"Denver, CO",US,Candidate,,2026-09-07 14:33:29
Colorado Ophthalmology Associates,http://www.coloradoophthalmology.com,coloradoophthalmology.com,Optometry & Vision,"Denver, CO",US,Candidate,,2026-09-07 14:33:32
Winrock Vision,https://winrockvision.com,winrockvision.com,Optometry & Vision,"Denver, CO",US,Candidate,,2026-09-07 14:33:35
"Cherry Creek Eye Physicians & Surgeons, P.C.",https://cherrycreekeye.com,cherrycreekeye.com,Optometry & Vision,"Denver, CO",US,Candidate,,2026-09-07 14:33:37
Ducklo EyeCare,https://duckloeyecare.com,duckloeyecare.com,Optometry & Vision,"Nashville, TN",US,Candidate,,2026-09-07 14:33:46
Nashville Eye Group,http://nashvilleeyegroup.com,nashvilleeyegroup.com,Optometry & Vision,"Nashville, TN",US,Candidate,,2026-09-07 14:33:51
Optique,http://www.optiquenashville.com,optiquenashville.com,Optometry & Vision,"Nashville, TN",US,Yes,"e> <script defer src=""https://book.getweave.com/text-connect/22416eaa-a085-4b",2026-09-07 14:33:55
Optometric Physicians of Middle Tennessee - Nashville,https://opmt.com/location/eye-doctor-nashville-tn,opmt.com,Optometry & Vision,"Nashville, TN",US,Candidate,,2026-09-07 14:33:57
Donelson EyeCare,https://donelsoneyecare.com,donelsoneyecare.com,Optometry & Vision,"Nashville, TN",US,Candidate,,2026-09-07 14:34:01
Music City Optical & Optometrist,https://musiccityoptical.com,musiccityoptical.com,Optometry & Vision,"Nashville, TN",US,Candidate,,2026-09-07 14:34:03
Vision 1st Nashville,https://vision1stnashville.com,vision1stnashville.com,Optometry & Vision,"Nashville, TN",US,Candidate,,2026-09-07 14:34:07
Look East,http://lookeastnashville.com,lookeastnashville.com,Optometry & Vision,"Nashville, TN",US,Candidate,,2026-09-07 14:34:09
Elite Eyecare,https://www.eliteeyecarenashville.com,eliteeyecarenashville.com,Optometry & Vision,"Nashville, TN",US,Candidate,,2026-09-07 14:34:14
Loden Vision Centers - Nashville Office,https://www.lodenvision.com/locations/nashville-office,lodenvision.com,Optometry & Vision,"Nashville, TN",US,Candidate,,2026-09-07 14:34:18
Green Hills Eyecare PLLC,http://www.greenhillseyecare.com,greenhillseyecare.com,Optometry & Vision,"Nashville, TN",US,Candidate,,2026-09-07 14:34:20
Resolution Eye Care,https://resolutioneyecare.com,resolutioneyecare.com,Optometry & Vision,"Nashville, TN",US,Candidate,,2026-09-07 14:34:23
Vanderbilt Eye Institute,https://vanderbilthealth.com/locations/vanderbilt-eye-institute,vanderbilthealth.com,Optometry & Vision,"Nashville, TN",US,Candidate,,2026-09-07 14:34:25
Capital Eye Care,https://capitaleyecaretn.com,capitaleyecaretn.com,Optometry & Vision,"Nashville, TN",US,Candidate,,2026-09-07 14:34:26
Wang Vision Institute,https://www.wangvisioninstitute.com,wangvisioninstitute.com,Optometry & Vision,"Nashville, TN",US,Candidate,,2026-09-07 14:34:27
Brentwood Optometric Physicians,https://brentwoodoptometricphysicians.com,brentwoodoptometricphysicians.com,Optometry & Vision,"Nashville, TN",US,Candidate,,2026-09-07 14:34:30
Bellevue Eyecare Center,https://bec2020.com,bec2020.com,Optometry & Vision,"Nashville, TN",US,Candidate,,2026-09-07 14:34:42
Thompson Lane Eye Care,http://www.thompsonlaneeyecare.com,thompsonlaneeyecare.com,Optometry & Vision,"Nashville, TN",US,Candidate,,2026-09-07 14:34:49
Eyecare Plus Green Hills,https://myeyecareplus.com,myeyecareplus.com,Optometry & Vision,"Nashville, TN",US,Yes,"ner noreferrer"" href=""https://book2.getweave.com/04bc96a0-d62f-42ae-9e0f-8ba3d",2026-09-07 14:34:55
Nashville Eye Center Optical,http://neco4you.com,neco4you.com,Optometry & Vision,"Nashville, TN",US,Candidate,,2026-09-07 14:34:56
Barnes Talero Eyecare,https://barnestaleroeyecare.com,barnestaleroeyecare.com,Optometry & Vision,"Nashville, TN",US,Candidate,,2026-09-07 14:34:57
Eye Care Center of TN - Nolensville,https://www.eyecarecenteroftn.com,eyecarecenteroftn.com,Optometry & Vision,"Nashville, TN",US,Candidate,,2026-09-07 14:35:01
"Feyisayo Aworunse, OD",http://www.nashvillehealthcarecenter.com,nashvillehealthcarecenter.com,Optometry & Vision,"Nashville, TN",US,Candidate,,2026-09-07 14:35:04
Bona Vision Eye Center,https://www.bonavisioneyecenter.com,bonavisioneyecenter.com,Optometry & Vision,"Oklahoma City, OK",US,Candidate,,2026-09-07 14:35:13
Cornerstone Eyecare,http://www.cornerstoneeyecare.com,cornerstoneeyecare.com,Optometry & Vision,"Oklahoma City, OK",US,Candidate,,2026-09-07 14:35:15
The Oculist by Vision Source,https://theoculistokc.com,theoculistokc.com,Optometry & Vision,"Oklahoma City, OK",US,Candidate,,2026-09-07 14:35:18
Oklahoma City Vision,https://eyesokc.com,eyesokc.com,Optometry & Vision,"Oklahoma City, OK",US,Candidate,,2026-09-07 14:35:20
Midtown Optical & Eyecare,https://schedule.solutionreach.com/scheduling/subscriber/51229/scheduler,schedule.solutionreach.com,Optometry & Vision,"Oklahoma City, OK",US,Candidate,,2026-09-07 14:35:26
Vision Source OKC South,http://visionsource-okcsouth.com,visionsource-okcsouth.com,Optometry & Vision,"Oklahoma City, OK",US,Candidate,,2026-09-07 14:35:29
The Eye Gallery,http://www.theeyegalleryok.com,theeyegalleryok.com,Optometry & Vision,"Oklahoma City, OK",US,Candidate,,2026-09-07 14:35:30
The Eye Experience,http://www.theeyeexperience.com,theeyeexperience.com,Optometry & Vision,"Oklahoma City, OK",US,Candidate,,2026-09-07 14:35:34
Eyecare Boulevard,http://eyeboulevard.com,eyeboulevard.com,Optometry & Vision,"Oklahoma City, OK",US,Candidate,,2026-09-07 14:35:37
Kid's Eye Site,http://www.kidseyesiteokc.com,kidseyesiteokc.com,Optometry & Vision,"Oklahoma City, OK",US,Yes,"d=""linkElement"" href=""https://book2.getweave.com/32584da5-357c-4197-a3b6-32926",2026-09-07 14:35:39
Elite Eye Care,https://eliteokc.net,eliteokc.net,Optometry & Vision,"Oklahoma City, OK",US,Candidate,,2026-09-07 14:35:40
Johnston Eye Associates,http://www.johnstoneyeokc.com,johnstoneyeokc.com,Optometry & Vision,"Oklahoma City, OK",US,Candidate,,2026-09-07 14:35:40
Leadership Square Eye Care,http://www.drsrossandroby.com,drsrossandroby.com,Optometry & Vision,"Oklahoma City, OK",US,Candidate,,2026-09-07 14:35:44
Sooner Family Eye Care,https://www.soonereyecare.com,soonereyecare.com,Optometry & Vision,"Oklahoma City, OK",US,Candidate,,2026-09-07 14:35:48
Look See Eye Care,http://www.lookseeok.com,lookseeok.com,Optometry & Vision,"Oklahoma City, OK",US,Candidate,,2026-09-07 14:35:48
Central Oklahoma Eye Associates,http://edwardjonesmd.com,edwardjonesmd.com,Optometry & Vision,"Oklahoma City, OK",US,Candidate,,2026-09-07 14:35:49
Circle of Life Eyecare,http://circleoflifeeyecare.com,circleoflifeeyecare.com,Optometry & Vision,"Oklahoma City, OK",US,Candidate,,2026-09-07 14:35:50
The Eye Care Center,https://okceyes.com,okceyes.com,Optometry & Vision,"Oklahoma City, OK",US,Candidate,,2026-09-07 14:35:54
Advanced Family Eyecare,http://afeyecare.com,afeyecare.com,Optometry & Vision,"Oklahoma City, OK",US,Candidate,,2026-09-07 14:36:04
Precision Vision,https://www.precisionvisionok.com/locations/south-oklahoma-city,precisionvisionok.com,Optometry & Vision,"Oklahoma City, OK",US,Candidate,,2026-09-07 14:36:07
Eye Care Associates of Bethany,http://www.markbprivott.net,markbprivott.net,Optometry & Vision,"Oklahoma City, OK",US,Yes,">  <script defer src=""https://book.getweave.com/text-connect/f47b1570-ffd3-4c",2026-09-07 14:36:08
Southwest Eye Clinic & Surgery Center,https://www.sweyeclinicokc.com,sweyeclinicokc.com,Optometry & Vision,"Oklahoma City, OK",US,Candidate,,2026-09-07 14:36:10
Bethany Eye Care,https://www.bethany-eyecare.com,bethany-eyecare.com,Optometry & Vision,"Oklahoma City, OK",US,Candidate,,2026-09-07 14:36:13
University Vision Centre - Westside Office,https://universityvisioncentre.com/west-el-paso-eye-doctor,universityvisioncentre.com,Optometry & Vision,"El Paso, TX",US,Candidate,,2026-09-07 14:36:22
Eye World,https://eyeworldelpaso.com,eyeworldelpaso.com,Optometry & Vision,"El Paso, TX",US,Candidate,,2026-09-07 14:36:25
El Paso EyeCare,https://www.aegvision.com,aegvision.com,Optometry & Vision,"El Paso, TX",US,Candidate,,2026-09-07 14:36:27
Buena Vista Eye Care,http://www.buenavistaelpaso.com,buenavistaelpaso.com,Optometry & Vision,"El Paso, TX",US,Candidate,,2026-09-07 14:36:30
El Paso Optical Center,http://www.ekery.com,ekery.com,Optometry & Vision,"El Paso, TX",US,Candidate,,2026-09-07 14:36:39
SKY VIEW OPTOMETRY,https://www.skyviewoptometry.net,skyviewoptometry.net,Optometry & Vision,"El Paso, TX",US,Candidate,,2026-09-07 14:36:42
Southwest Eye Institute,https://southwesteye.com/eye-centers/dyer,southwesteye.com,Optometry & Vision,"El Paso, TX",US,Candidate,,2026-09-07 14:36:44
West Texas Optometry,https://westtexasoptometry.com,westtexasoptometry.com,Optometry & Vision,"El Paso, TX",US,Candidate,,2026-09-07 14:36:47
Eyeland Vision,https://eyelandvision.com,eyelandvision.com,Optometry & Vision,"El Paso, TX",US,Candidate,,2026-09-07 14:36:50
"20/20NOW Eye Exams, PC",https://my2020nowexam.com/locations/el-paso-texas-costco,my2020nowexam.com,Optometry & Vision,"El Paso, TX",US,Candidate,,2026-09-07 14:36:53
Envision Optics,https://envisioneyecare-optics.com,envisioneyecare-optics.com,Optometry & Vision,"El Paso, TX",US,Candidate,,2026-09-07 14:36:59
Apple Eye Care,http://appleeyecare.com,appleeyecare.com,Optometry & Vision,"El Paso, TX",US,Candidate,,2026-09-07 14:37:02
EyeCare Plus,http://www.eyecarepluselpaso.com,eyecarepluselpaso.com,Optometry & Vision,"El Paso, TX",US,Candidate,,2026-09-07 14:37:10
Drishti Kidz & Family Eye Care I Sapna Tibrewal MD,https://www.kidzeyecare.com,kidzeyecare.com,Optometry & Vision,"El Paso, TX",US,Candidate,,2026-09-07 14:37:13
"LASIK, Cornea & Cataract Specialty Center",http://www.corneaelpaso.com,corneaelpaso.com,Optometry & Vision,"El Paso, TX",US,Candidate,,2026-09-07 14:37:19
West Texas Eye Associates,http://www.wtea2020.com,wtea2020.com,Optometry & Vision,"El Paso, TX",US,Candidate,,2026-09-07 14:37:22
Envision EyeCare - West,http://www.envisioneyecare.com,envisioneyecare.com,Optometry & Vision,"El Paso, TX",US,Candidate,,2026-09-07 14:37:26
Children's Eye Center,https://childrenseyecenter.com,childrenseyecenter.com,Optometry & Vision,"El Paso, TX",US,Candidate,,2026-09-07 14:37:29
El Paso West EyeCare and Contact Lens Center,https://www.elpasowesteyecare.com,elpasowesteyecare.com,Optometry & Vision,"El Paso, TX",US,Candidate,,2026-09-07 14:37:39
Sun Eye Care PA,https://www.sunlaservisioncenter.com,sunlaservisioncenter.com,Optometry & Vision,"El Paso, TX",US,Candidate,,2026-09-07 14:37:41
El Paso Eyeworks,http://www.elpasoeyeworks.com,elpasoeyeworks.com,Optometry & Vision,"El Paso, TX",US,Candidate,,2026-09-07 14:37:43
Apex Eyecare,http://optometristdoctor.com,optometristdoctor.com,Optometry & Vision,"El Paso, TX",US,Candidate,,2026-09-07 14:37:45
South End Eye,http://www.southendeye.com,southendeye.com,Optometry & Vision,"Boston, MA",US,Candidate,,2026-09-07 14:37:54
Vision North: Dr Paul M. Cangiano,http://www.visionnorthboston.com,visionnorthboston.com,Optometry & Vision,"Boston, MA",US,Candidate,,2026-09-07 14:37:56
Envision Optometry,https://www.envisionboston.com,envisionboston.com,Optometry & Vision,"Boston, MA",US,Candidate,,2026-09-07 14:38:00
NECO Center for Eye Care - Commonwealth,https://necoeyecare.org,necoeyecare.org,Optometry & Vision,"Boston, MA",US,Candidate,,2026-09-07 14:38:04
Back Bay Eye Care,https://www.backbayeyecare.com,backbayeyecare.com,Optometry & Vision,"Boston, MA",US,Candidate,,2026-09-07 14:38:06
Studio Optics,http://www.studiooptics.net,studiooptics.net,Optometry & Vision,"Boston, MA",US,Candidate,,2026-09-07 14:38:08
Forefront Eye Care (formerly Korb & Associates),https://www.forefronteyecare.com,forefronteyecare.com,Optometry & Vision,"Boston, MA",US,Candidate,,2026-09-07 14:38:12
"Vision and Ortho-K Center: Curtis Frank, OD",https://www.doctorcurtisfrank.com,doctorcurtisfrank.com,Optometry & Vision,"Boston, MA",US,Candidate,,2026-09-07 14:38:14
Eyes Over Copley,https://www.eyesovercopley.com,eyesovercopley.com,Optometry & Vision,"Boston, MA",US,Candidate,,2026-09-07 14:38:14
Pro Optical,https://www.proopticalboston.com,proopticalboston.com,Optometry & Vision,"Boston, MA",US,Candidate,,2026-09-07 14:38:20
Malden EyeCare Clinic LLC - Boston,http://www.maldeneyecare.net,maldeneyecare.net,Optometry & Vision,"Boston, MA",US,Candidate,,2026-09-07 14:38:22
Eye Level,http://www.eyelevelboston.com,eyelevelboston.com,Optometry & Vision,"Boston, MA",US,Candidate,,2026-09-07 14:38:24
EyeBar Boston/Dr. Rosanna Lamalva,https://eyebarboston.com,eyebarboston.com,Optometry & Vision,"Boston, MA",US,Candidate,,2026-09-07 14:38:26
Exeter Eye Associates,http://www.exetereye.com,exetereye.com,Optometry & Vision,"Boston, MA",US,Candidate,,2026-09-07 14:38:28
Wink Eyecare,http://www.winkboston-visionsource.com,winkboston-visionsource.com,Optometry & Vision,"Boston, MA",US,Candidate,,2026-09-07 14:38:30
"EZ Eyecare, Inc. of Boston",http://www.ezeyecare.net,ezeyecare.net,Optometry & Vision,"Boston, MA",US,Candidate,,2026-09-07 14:38:34
New England Eye Center - Boston,https://www.neec.com/locations/eye-doctor-boston,neec.com,Optometry & Vision,"Boston, MA",US,Candidate,,2026-09-07 14:38:35
Boston Vision,https://www.bostonvision.com,bostonvision.com,Optometry & Vision,"Boston, MA",US,Candidate,,2026-09-07 14:38:39
Dartmouth Street Vision Center,http://www.dartmouthvision.com,dartmouthvision.com,Optometry & Vision,"Boston, MA",US,Candidate,,2026-09-07 14:38:40
"Mass. Eye and Ear, Main Campus",https://www.masseyeandear.org,masseyeandear.org,Optometry & Vision,"Boston, MA",US,Candidate,,2026-09-07 14:38:43
East Coast Optometry,http://www.eastcoastoptometry.com,eastcoastoptometry.com,Optometry & Vision,"Boston, MA",US,Candidate,,2026-09-07 14:38:46
Ophthalmic Consultants of Boston,https://www.eyeboston.com,eyeboston.com,Optometry & Vision,"Boston, MA",US,Candidate,,2026-09-07 14:38:49
Boston University Eye Associates,https://buea.net/location/boston-yawkey-clinic,buea.net,Optometry & Vision,"Boston, MA",US,Candidate,,2026-09-07 14:38:51
Eye Care at South Boston Community Health Center,https://www.sbchc.org/services-programs/eye-care-at-south-boston-community-health-center,sbchc.org,Optometry & Vision,"Boston, MA",US,Candidate,,2026-09-07 14:39:04
All Eye Care Doctors,https://all-eye-care.com,all-eye-care.com,Optometry & Vision,"Boston, MA",US,Candidate,,2026-09-07 14:39:07
Portland Eye Clinic,http://portlandeyeclinic.com,portlandeyeclinic.com,Optometry & Vision,"Portland, OR",US,Candidate,,2026-09-07 14:39:15
Portland Eye Care,http://eyepdx.com,eyepdx.com,Optometry & Vision,"Portland, OR",US,Candidate,,2026-09-07 14:39:20
The Eye Studio,http://the-eyestudio.com,the-eyestudio.com,Optometry & Vision,"Portland, OR",US,Candidate,,2026-09-07 14:39:24
Spectacle - NW Portland,https://spectaclepdx.com,spectaclepdx.com,Optometry & Vision,"Portland, OR",US,Candidate,,2026-09-07 14:39:27
Peak Vision Clinic,http://peakvisionclinic.com,peakvisionclinic.com,Optometry & Vision,"Portland, OR",US,Candidate,,2026-09-07 14:39:29
Visualeyes Vision Clinic,http://visualeyespdx.com,visualeyespdx.com,Optometry & Vision,"Portland, OR",US,Candidate,,2026-09-07 14:39:32
Uptown EyeCare & Optical,http://www.uptowneyecareandoptical.com,uptowneyecareandoptical.com,Optometry & Vision,"Portland, OR",US,Candidate,,2026-09-07 14:39:37
Alberta Eye Care,https://seeportlandbetter.com/alberta-eye-care,seeportlandbetter.com,Optometry & Vision,"Portland, OR",US,Candidate,,2026-09-07 14:39:39
EyeHealth Northwest - Southeast Portland,https://www.ehnpc.com/locations/southeast-portland,ehnpc.com,Optometry & Vision,"Portland, OR",US,Candidate,,2026-09-07 14:39:46
"Myoptic Optometry, Burnside",https://pdxeyes.com,pdxeyes.com,Optometry & Vision,"Portland, OR",US,Candidate,,2026-09-07 14:39:50
Eye Department; Eye Care & Eyewear,https://eyedepartment.com,eyedepartment.com,Optometry & Vision,"Portland, OR",US,Candidate,,2026-09-07 14:39:56
"Eyes on You, PC",https://www.eyesonyoupc.com,eyesonyoupc.com,Optometry & Vision,"Portland, OR",US,Candidate,,2026-09-07 14:40:00
South Waterfront Eye Care,http://www.southwaterfronteyecare.com,southwaterfronteyecare.com,Optometry & Vision,"Portland, OR",US,Yes,"<!-- <li><a href=""https://book.getweave.com/a2e92efd-7716-49bf-8308-b37d7",2026-09-07 14:40:07
eye Q Optometry,http://www.eyeqpdx.com,eyeqpdx.com,Optometry & Vision,"Portland, OR",US,Candidate,,2026-09-07 14:40:09
"Ogata EyeCare, P.C.",http://www.ogataeyecare.com,ogataeyecare.com,Optometry & Vision,"Portland, OR",US,Candidate,,2026-09-07 14:40:11
Foster Vision,https://www.foster-vision.com,foster-vision.com,Optometry & Vision,"Portland, OR",US,Candidate,,2026-09-07 14:40:15
Modern Eye Care of Portland,http://www.moderneyecarepdx.com,moderneyecarepdx.com,Optometry & Vision,"Portland, OR",US,Candidate,,2026-09-07 14:40:29
West Hills Vision Care,http://westhillsvisioncare.com,westhillsvisioncare.com,Optometry & Vision,"Portland, OR",US,Yes,"=""btn btn-info"" href=""https://book2.getweave.com/1c4335b8-71d5-41a3-b151-b77c8",2026-09-07 14:40:33
Las Vegas Family Eye Care,http://www.lvfamilyeyecare.com,lvfamilyeyecare.com,Optometry & Vision,"Las Vegas, NV",US,Candidate,,2026-09-07 14:40:45
Spring Mountain Vision,https://springmtvision.com,springmtvision.com,Optometry & Vision,"Las Vegas, NV",US,Candidate,,2026-09-07 14:40:47
The Eye Doc,https://theeyedoc.com,theeyedoc.com,Optometry & Vision,"Las Vegas, NV",US,Candidate,,2026-09-07 14:40:49
EyeCare About Vegas,https://www.eyecareaboutvegas.com,eyecareaboutvegas.com,Optometry & Vision,"Las Vegas, NV",US,Yes,"-small-beside "" href=""https://book2.getweave.com/5f027136-d830-458c-b626-82328",2026-09-07 14:40:54
I Care Optometry,https://icareoptometry.net,icareoptometry.net,Optometry & Vision,"Las Vegas, NV",US,Candidate,,2026-09-07 14:40:55
Mark Ohriner,https://www.drmarkohriner.com,drmarkohriner.com,Optometry & Vision,"Las Vegas, NV",US,Candidate,,2026-09-07 14:40:57
RevolutionEyes Primary Eye Care + Dry Eye Clinic | Dr. Ayushi Amin & Dr. Yliana Cetina,http://revolutioneyeslv.com,revolutioneyeslv.com,Optometry & Vision,"Las Vegas, NV",US,Candidate,,2026-09-07 14:40:57
Eye District Express,http://walmart-eyedocs-lasvegas.com/SpringMtn-Rainbow/index.html,walmart-eyedocs-lasvegas.com,Optometry & Vision,"Las Vegas, NV",US,Candidate,,2026-09-07 14:40:59
Progressive Eyecare - North Las Vegas,https://www.progressiveeyecarelv.com,progressiveeyecarelv.com,Optometry & Vision,"Las Vegas, NV",US,Candidate,,2026-09-07 14:41:02
"Paul Thompson, OD",https://lasvegaseyedr.com,lasvegaseyedr.com,Optometry & Vision,"Las Vegas, NV",US,Candidate,,2026-09-07 14:41:05
Shepherd Eye Center,https://www.shepherdeye.com/locations/las-vegas,shepherdeye.com,Optometry & Vision,"Las Vegas, NV",US,Candidate,,2026-09-07 14:41:08
Eyediology Vision Care,http://www.eyediologyvisioncare.com,eyediologyvisioncare.com,Optometry & Vision,"Las Vegas, NV",US,Candidate,,2026-09-07 14:41:12
YESnick Vision Center,https://www.theyvc.com,theyvc.com,Optometry & Vision,"Las Vegas, NV",US,Candidate,,2026-09-07 14:41:16
Eye Care at Rhodes Ranch,http://visionsource-rhodesranch.com,visionsource-rhodesranch.com,Optometry & Vision,"Las Vegas, NV",US,Candidate,,2026-09-07 14:41:19
Optic Gallery Summerlin,http://www.opticgallerysummerlin.com,opticgallerysummerlin.com,Optometry & Vision,"Las Vegas, NV",US,Candidate,,2026-09-07 14:41:29
The Eyecare Center,https://www.2020lasvegas.net,2020lasvegas.net,Optometry & Vision,"Las Vegas, NV",US,Candidate,,2026-09-07 14:41:30
Pearle Vision,https://www.pearlevision.com/pv-us/stores/nv/las-vegas/8342,pearlevision.com,Optometry & Vision,"Las Vegas, NV",US,Candidate,,2026-09-07 14:41:34
Arclight Eye Care,http://www.arclighteyecare.com,arclighteyecare.com,Optometry & Vision,"Las Vegas, NV",US,Candidate,,2026-09-07 14:41:37
Summerlin Vision,http://summerlinvision.vegas,summerlinvision.vegas,Optometry & Vision,"Las Vegas, NV",US,Candidate,,2026-09-07 14:41:40
Eye Care Services - Centennial Hills,http://www.eyecareserviceslv.com,eyecareserviceslv.com,Optometry & Vision,"Las Vegas, NV",US,Candidate,,2026-09-07 14:41:47
Nevada Eye Care West - LASIK eye clinic - an NVISION Eye Center,https://www.nvisioncenters.com/locations/las-vegas/nevada-eye-care-west,nvisioncenters.com,Optometry & Vision,"Las Vegas, NV",US,Candidate,,2026-09-07 14:41:47
Desert Eye Care,http://www.deserteyecarelv.com,deserteyecarelv.com,Optometry & Vision,"Las Vegas, NV",US,Candidate,,2026-09-07 14:41:48
Wellish Abrams Vision Institute,https://www.wellishabrams.com/eye-centers/flamingo,wellishabrams.com,Optometry & Vision,"Las Vegas, NV",US,Candidate,,2026-09-07 14:41:49
"Eye Care 4 Kids, Las Vegas",http://eyecare4kids.org,eyecare4kids.org,Optometry & Vision,"Las Vegas, NV",US,Yes,"_pb_button_two"" href=""https://book2.getweave.com/20137871-5528-4761-b674-ea7c2",2026-09-07 14:41:53
Professional Eye Care Center,http://www.pecclv.com,pecclv.com,Optometry & Vision,"Las Vegas, NV",US,Candidate,,2026-09-07 14:41:53
Henry Ford OptimEyes - Henry Ford Hospital - Detroit,https://www.henryford.com/optimeyes/locations/detroit-main-campus,henryford.com,Optometry & Vision,"Detroit, MI",US,Candidate,,2026-09-07 14:42:03
Optical World,http://www.opticalworlddetroit.com,opticalworlddetroit.com,Optometry & Vision,"Detroit, MI",US,Candidate,,2026-09-07 14:42:05
Eye Care for Detroit,https://www.eyecarefordetroit.org,eyecarefordetroit.org,Optometry & Vision,"Detroit, MI",US,Candidate,,2026-09-07 14:42:07
Sharper Vision Detroit,https://www.sharpervisiondetroit.net,sharpervisiondetroit.net,Optometry & Vision,"Detroit, MI",US,Candidate,,2026-09-07 14:42:09
Kresge Eye Institute,http://www.kresgeeye.org,kresgeeye.org,Optometry & Vision,"Detroit, MI",US,Candidate,,2026-09-07 14:42:11
Heritage Optical Center,http://heritageoptical.com,heritageoptical.com,Optometry & Vision,"Detroit, MI",US,Candidate,,2026-09-07 14:42:21
Warby Parker Woodward Ave.,https://stores.warbyparker.com/mi/detroit/1449-woodward-ave,stores.warbyparker.com,Optometry & Vision,"Detroit, MI",US,Candidate,,2026-09-07 14:42:22
Children's Eye Care,http://childrenseyecaremich.com,childrenseyecaremich.com,Optometry & Vision,"Detroit, MI",US,Candidate,,2026-09-07 14:42:25
SVS Vision Optical Centers,https://www.svsvision.com/a/store-locator/16607,svsvision.com,Optometry & Vision,"Detroit, MI",US,Candidate,,2026-09-07 14:42:26
Crane Optical,http://www.craneoptical.com,craneoptical.com,Optometry & Vision,"Detroit, MI",US,Yes,"eractive=""true"" href=""https://book2.getweave.com/9fd86d56-678e-49c3-ae62-c5251",2026-09-07 14:42:27
Warren Optometric Clinic,https://www.warrenoptometry.com,warrenoptometry.com,Optometry & Vision,"Detroit, MI",US,Candidate,,2026-09-07 14:42:30
Dearborn Eye Care,https://dearborneyes.com,dearborneyes.com,Optometry & Vision,"Detroit, MI",US,Candidate,,2026-09-07 14:42:39
Normandy Eye Center & Optical,https://www.normandyeyecenter.com/locations/st-clair-shores,normandyeyecenter.com,Optometry & Vision,"Detroit, MI",US,Candidate,,2026-09-07 14:42:43
Quality Eye Care,http://qualityicare.com,qualityicare.com,Optometry & Vision,"Detroit, MI",US,Candidate,,2026-09-07 14:42:46
Shanbom Eye Specialist Lasik & Cataract,https://www.shanbomeye.com,shanbomeye.com,Optometry & Vision,"Detroit, MI",US,Candidate,,2026-09-07 14:42:47
Pointe Vision Care,https://www.pointevisioncare.com,pointevisioncare.com,Optometry & Vision,"Detroit, MI",US,Candidate,,2026-09-07 14:42:51
The Eye Center,https://tec.sco.edu,tec.sco.edu,Optometry & Vision,"Memphis, TN",US,Candidate,,2026-09-07 14:42:59
Optometry Group,https://www.optometrygroup.net,optometrygroup.net,Optometry & Vision,"Memphis, TN",US,Candidate,,2026-09-07 14:43:06
East Memphis Optometry,https://www.eastmemphisoptometry.com,eastmemphisoptometry.com,Optometry & Vision,"Memphis, TN",US,Candidate,,2026-09-07 14:43:06
"Total Eye Care, P.A.",https://www.totaleyecarememphis.com,totaleyecarememphis.com,Optometry & Vision,"Memphis, TN",US,Candidate,,2026-09-07 14:43:11
Clearview Family Eyecare,https://cfememphis.com,cfememphis.com,Optometry & Vision,"Memphis, TN",US,Candidate,,2026-09-07 14:43:13
FocalPoint at Crosstown Concourse,https://www.focalpointcrosstown.com,focalpointcrosstown.com,Optometry & Vision,"Memphis, TN",US,Candidate,,2026-09-07 14:43:16
Primary Eye Care of South Main,https://primaryeyecaretn.com,primaryeyecaretn.com,Optometry & Vision,"Memphis, TN",US,Candidate,,2026-09-07 14:43:19
Eclectic Eye,http://www.eclectic-eye.com,eclectic-eye.com,Optometry & Vision,"Memphis, TN",US,Candidate,,2026-09-07 14:43:20
Midtown Eye Care,http://visionsource-midtowneye.com,visionsource-midtowneye.com,Optometry & Vision,"Memphis, TN",US,Candidate,,2026-09-07 14:43:23
Eye Specialty Group - Memphis Office,https://www.eyespecialtygroup.com/locations/memphis-ridge-lake-blvd,eyespecialtygroup.com,Optometry & Vision,"Memphis, TN",US,Candidate,,2026-09-07 14:43:26
Hamilton Eye Institute,https://www.uthsc.edu/hamilton-eye,uthsc.edu,Optometry & Vision,"Memphis, TN",US,Candidate,,2026-09-07 14:43:29
Angel Eyes Vision,http://www.angeleyesvision.com,angeleyesvision.com,Optometry & Vision,"Memphis, TN",US,Candidate,,2026-09-07 14:43:29
"West Tennessee Eye Millington: Dr. Cooper, Dr. Talley, Dr. Mokry & Associates",http://www.wteye.com,wteye.com,Optometry & Vision,"Memphis, TN",US,Candidate,,2026-09-07 14:43:31
Eye Society Memphis,http://www.eyesociety-visionsource.com,eyesociety-visionsource.com,Optometry & Vision,"Memphis, TN",US,Candidate,,2026-09-07 14:43:34
Lim Vision Center,https://www.limvision.com,limvision.com,Optometry & Vision,"Memphis, TN",US,Yes,"gb(0, 0, 0)""><a href=""https://book2.getweave.com/0363c8bd-7834-457a-a0a3-1c7e1",2026-09-07 14:43:35
DeSoto EyeCare,http://desotoeye.com,desotoeye.com,Optometry & Vision,"Memphis, TN",US,Candidate,,2026-09-07 14:43:45
Eye Care Center,http://eyecarecenterofmemphis.com,eyecarecenterofmemphis.com,Optometry & Vision,"Memphis, TN",US,Candidate,,2026-09-07 14:43:46
Master Eye Associates,https://www.mastereyememphis.com,mastereyememphis.com,Optometry & Vision,"Memphis, TN",US,Candidate,,2026-09-07 14:43:50
Mid South Vision Center,http://www.midsouthvisioncenter.com,midsouthvisioncenter.com,Optometry & Vision,"Memphis, TN",US,Candidate,,2026-09-07 14:43:52
Memphis Eye Cataract Associates,https://www.mecavision.com,mecavision.com,Optometry & Vision,"Memphis, TN",US,Candidate,,2026-09-07 14:43:54
Kentucky Eye Care - Springs Medical Center,http://www.kentuckyeyecare.com,kentuckyeyecare.com,Optometry & Vision,"Louisville, KY",US,Candidate,,2026-09-07 14:44:02
The Eye Care Institute,https://eyecareinstitute.com,eyecareinstitute.com,Optometry & Vision,"Louisville, KY",US,Candidate,,2026-09-07 14:44:07
Falls City Eye Care,https://www.fallscityeyecare.com,fallscityeyecare.com,Optometry & Vision,"Louisville, KY",US,Candidate,,2026-09-07 14:44:10
VisionFirst,https://visionfirsteyecare.com/our-locations/poplar-level-road,visionfirsteyecare.com,Optometry & Vision,"Louisville, KY",US,Candidate,,2026-09-07 14:44:12
UofL Health – Eye Institute,https://uoflhealth.org/locations/eye-institute,uoflhealth.org,Optometry & Vision,"Louisville, KY",US,Candidate,,2026-09-07 14:44:16
Koby Karp Doctors Eye Institute,http://www.louisvillelaser.com,louisvillelaser.com,Optometry & Vision,"Louisville, KY",US,Candidate,,2026-09-07 14:44:18
Iroquois Eye Care,http://www.iroquoiseyecare.com,iroquoiseyecare.com,Optometry & Vision,"Louisville, KY",US,Candidate,,2026-09-07 14:44:22
Dr. Kevin Snipes & Associates,https://drsnipes.com/locations,drsnipes.com,Optometry & Vision,"Louisville, KY",US,Candidate,,2026-09-07 14:44:23
River City Eyecare,http://rivercityeyeky.com,rivercityeyeky.com,Optometry & Vision,"Louisville, KY",US,Candidate,,2026-09-07 14:44:28
Family Eye Care Louisville at Costco,http://yourfamilyeyecare.itrust.io,yourfamilyeyecare.itrust.io,Optometry & Vision,"Louisville, KY",US,Candidate,,2026-09-07 14:44:29
Gaddie Eye Center - Springhurst,https://gaddieeye.com,gaddieeye.com,Optometry & Vision,"Louisville, KY",US,Candidate,,2026-09-07 14:44:34
Louisville Eye Center PLLC,https://www.louisvilleeyecenter.com,louisvilleeyecenter.com,Optometry & Vision,"Louisville, KY",US,Candidate,,2026-09-07 14:44:45
Mooney EyeCare Centre,http://www.mooneyeyecare.com,mooneyeyecare.com,Optometry & Vision,"Louisville, KY",US,Candidate,,2026-09-07 14:44:49
Middletown Eye Care,http://www.middletown-eyecare.com,middletown-eyecare.com,Optometry & Vision,"Louisville, KY",US,Candidate,,2026-09-07 14:44:59
Bennett & Bloom Eye Centers,https://www.eyecenters.com/locations/louisville-south-end,eyecenters.com,Optometry & Vision,"Louisville, KY",US,Candidate,,2026-09-07 14:45:03
Federal Hill Eye Care,https://www.federalhilleyecare.com,federalhilleyecare.com,Optometry & Vision,"Baltimore, MD",US,Candidate,,2026-09-07 14:45:15
Katzen Eye Group,https://www.katzeneye.com/locations/mercy-medical-center,katzeneye.com,Optometry & Vision,"Baltimore, MD",US,Candidate,,2026-09-07 14:45:19
Levin Eyecare - Belvedere Square,https://levineye.com/eye-care-center/belvedere-square-market,levineye.com,Optometry & Vision,"Baltimore, MD",US,Candidate,,2026-09-07 14:45:20
Clarity Eyecare,https://claritybaltimore.com,claritybaltimore.com,Optometry & Vision,"Baltimore, MD",US,Candidate,,2026-09-07 14:45:23
Precision Eye Care,https://www.precisioneyemd.com,precisioneyemd.com,Optometry & Vision,"Baltimore, MD",US,Candidate,,2026-09-07 14:45:27
InnoVision Eye Care,http://www.innovisioneyes.com,innovisioneyes.com,Optometry & Vision,"Baltimore, MD",US,Candidate,,2026-09-07 14:45:30
Roland Park Vision,https://www.rolandparkvision.com,rolandparkvision.com,Optometry & Vision,"Baltimore, MD",US,Candidate,,2026-09-07 14:45:33
Charm City Optical,https://charmcityoptical.com,charmcityoptical.com,Optometry & Vision,"Baltimore, MD",US,Candidate,,2026-09-07 14:45:35
Baltimore Eye Physicians,https://www.bepeye.com,bepeye.com,Optometry & Vision,"Baltimore, MD",US,Candidate,,2026-09-07 14:45:38
Affordable Optics,http://affordableopticsmd.com,affordableopticsmd.com,Optometry & Vision,"Baltimore, MD",US,Candidate,,2026-09-07 14:45:40
The Johns Hopkins Wilmer Eye Institute,http://hopkinsmedicine.org/wilmer,hopkinsmedicine.org,Optometry & Vision,"Baltimore, MD",US,Candidate,,2026-09-07 14:45:42
Canton Vision Center,https://www.cantonvisioncenter.com,cantonvisioncenter.com,Optometry & Vision,"Baltimore, MD",US,Candidate,,2026-09-07 14:45:44
Sanaga Optical & Eye Care,http://www.sanagaeyecare.com,sanagaeyecare.com,Optometry & Vision,"Baltimore, MD",US,Candidate,,2026-09-07 14:45:48
Paris West Optical,http://pariswestoptical.com,pariswestoptical.com,Optometry & Vision,"Baltimore, MD",US,Candidate,,2026-09-07 14:45:51
Physicians Eye Care & Laser Center,https://www.physicianseyecare.com,physicianseyecare.com,Optometry & Vision,"Baltimore, MD",US,Candidate,,2026-09-07 14:46:01
Baltimore Washington Eye Center,http://www.bweyecenter.com,bweyecenter.com,Optometry & Vision,"Baltimore, MD",US,Candidate,,2026-09-07 14:46:06
OMNI Eye Specialists,https://www.omnieyespecialists.com/locations/windsor-mill-md,omnieyespecialists.com,Optometry & Vision,"Baltimore, MD",US,Candidate,,2026-09-07 14:46:08
Metro Eye,http://metroeye.biz,metroeye.biz,Optometry & Vision,"Milwaukee, WI",US,Candidate,,2026-09-07 14:46:18
Milwaukee Eye Care,https://www.milwaukeeeyecare.com/locations/milwaukee-east-side-office-optical,milwaukeeeyecare.com,Optometry & Vision,"Milwaukee, WI",US,Candidate,,2026-09-07 14:46:23
Eye Care Vision Center of Wauwatosa,http://www.eyecarevisioncenter.com,eyecarevisioncenter.com,Optometry & Vision,"Milwaukee, WI",US,Candidate,,2026-09-07 14:46:27
Wisconsin Vision,https://www.wisconsinvision.com/store/milwaukeelayton,wisconsinvision.com,Optometry & Vision,"Milwaukee, WI",US,Candidate,,2026-09-07 14:46:33
Eyes on the Lake,http://www.eyesonthelakemke.com,eyesonthelakemke.com,Optometry & Vision,"Milwaukee, WI",US,Candidate,,2026-09-07 14:46:36
Optix On Downer,http://www.optixondowner.com,optixondowner.com,Optometry & Vision,"Milwaukee, WI",US,Candidate,,2026-09-07 14:46:39
414 Eyes | Optometrist Milwaukee,http://414eyes.com,414eyes.com,Optometry & Vision,"Milwaukee, WI",US,Candidate,,2026-09-07 14:46:44
Eye Institute - Froedtert Hospital,https://www.froedtert.com/locations/clinic/eye-institute-froedtert-hospital-campus,froedtert.com,Optometry & Vision,"Milwaukee, WI",US,Candidate,,2026-09-07 14:46:46
Petrou Eye Care,https://www.petroueyecare.com,petroueyecare.com,Optometry & Vision,"Milwaukee, WI",US,Candidate,,2026-09-07 14:46:57
Milwaukee Eye Surgeons,https://www.milwaukeeeyesurgeons.com,milwaukeeeyesurgeons.com,Optometry & Vision,"Milwaukee, WI",US,Candidate,,2026-09-07 14:46:59
Eye Associates of New Mexico - Promenade,https://www.eyenm.com/locations/albuquerque-promenade,eyenm.com,Optometry & Vision,"Albuquerque, NM",US,Candidate,,2026-09-07 14:47:09
Albuquerque Vision Care and Advanced Eyewear,https://abqvisioncare.com,abqvisioncare.com,Optometry & Vision,"Albuquerque, NM",US,Candidate,,2026-09-07 14:47:10
Eyes of New Mexico Family Optometry and Contact Lenses,https://eyesofnm.com,eyesofnm.com,Optometry & Vision,"Albuquerque, NM",US,Candidate,,2026-09-07 14:47:13
Lovato Eyecare,http://www.lovatoeyecare.com,lovatoeyecare.com,Optometry & Vision,"Albuquerque, NM",US,Candidate,,2026-09-07 14:47:14
Orbit Eyecare & Optical - North Valley,https://orbit2020.com/locations/albuquerque-north-valley,orbit2020.com,Optometry & Vision,"Albuquerque, NM",US,Candidate,,2026-09-07 14:47:21
Southwest Eyecare,https://www.southwesteyecare.com,southwesteyecare.com,Optometry & Vision,"Albuquerque, NM",US,Candidate,,2026-09-07 14:47:25
New Mexico Eyecare Associates,http://www.nmeca.com,nmeca.com,Optometry & Vision,"Albuquerque, NM",US,Candidate,,2026-09-07 14:47:27
Accent on Vision Albuquerque,http://www.accentonvisionabq.com,accentonvisionabq.com,Optometry & Vision,"Albuquerque, NM",US,Candidate,,2026-09-07 14:47:30
Salt + Light Eye Care,https://saltandlighteyecare.com,saltandlighteyecare.com,Optometry & Vision,"Albuquerque, NM",US,Candidate,,2026-09-07 14:47:32
Sandia Vision Clinic - NE Heights,http://sandiavision.com,sandiavision.com,Optometry & Vision,"Albuquerque, NM",US,Candidate,,2026-09-07 14:47:35
"ABQ Eye Care, PC",http://www.abqeyecare.com,abqeyecare.com,Optometry & Vision,"Albuquerque, NM",US,Candidate,,2026-09-07 14:47:43
Clear Perspective EyeCare,http://www.clearperspectivenm.com,clearperspectivenm.com,Optometry & Vision,"Albuquerque, NM",US,Candidate,,2026-09-07 14:47:49
Family Eye Care and Children's Eye Center of New Mexico,http://www.familykidseye.com,familykidseye.com,Optometry & Vision,"Albuquerque, NM",US,Candidate,,2026-09-07 14:48:00
Precision Eye Center,http://www.precisioneyecenter.com,precisioneyecenter.com,Optometry & Vision,"Albuquerque, NM",US,Candidate,,2026-09-07 14:48:06
"Juliette Eye Institute: Robert F. Melendez, M.D.",https://www.julietteeye.com,julietteeye.com,Optometry & Vision,"Albuquerque, NM",US,Candidate,,2026-09-07 14:48:16
Tucson Eye Care,https://www.tucsoneyecare.com,tucsoneyecare.com,Optometry & Vision,"Tucson, AZ",US,Candidate,,2026-09-07 14:48:46
Envision Eyecare Center,http://www.envisioneyecarecenter.com,envisioneyecarecenter.com,Optometry & Vision,"Tucson, AZ",US,Candidate,,2026-09-07 14:48:47
Clear View Vision Care,https://www.clearviewvisioncare.com,clearviewvisioncare.com,Optometry & Vision,"Tucson, AZ",US,Candidate,,2026-09-07 14:48:50
Catalina Eyecare PC,http://www.catalinaeye.com,catalinaeye.com,Optometry & Vision,"Tucson, AZ",US,Candidate,,2026-09-07 14:48:52
Tucson Optometry Clinic - East,https://tucsonoptometryclinic.com,tucsonoptometryclinic.com,Optometry & Vision,"Tucson, AZ",US,Candidate,,2026-09-07 14:48:56
Advanced Vision Care and Dry Eye Spa,https://avctucson.com,avctucson.com,Optometry & Vision,"Tucson, AZ",US,Candidate,,2026-09-07 14:48:59
Silverbell EyeCare,https://silverbelleyecare.com,silverbelleyecare.com,Optometry & Vision,"Tucson, AZ",US,Candidate,,2026-09-07 14:49:02
Family Vision Center,https://www.familyvisioncenteraz.com,familyvisioncenteraz.com,Optometry & Vision,"Tucson, AZ",US,Candidate,,2026-09-07 14:49:05
Hodges Eye Care and Surgical Center - Dr. Timothy Hodges,https://www.hodgeseyecare.com,hodgeseyecare.com,Optometry & Vision,"Tucson, AZ",US,Candidate,,2026-09-07 14:49:11
Eye Associates of Tucson,https://tucson2020.com,tucson2020.com,Optometry & Vision,"Tucson, AZ",US,Candidate,,2026-09-07 14:49:18
Tucson Eye Institute,https://tucsoneyeinstitute.com,tucsoneyeinstitute.com,Optometry & Vision,"Tucson, AZ",US,Candidate,,2026-09-07 14:49:23
National Eye & Ear of Tucson,https://www.eyes4tucson.com,eyes4tucson.com,Optometry & Vision,"Tucson, AZ",US,Candidate,,2026-09-07 14:49:27
Lifetime Optometric - Eye Doctor in Fresno,https://lifetime-optometric.com,lifetime-optometric.com,Optometry & Vision,"Fresno, CA",US,Candidate,,2026-09-07 14:49:37
Eye Medical Center of Fresno,https://emcfresno.com,emcfresno.com,Optometry & Vision,"Fresno, CA",US,Candidate,,2026-09-07 14:49:39
20/20 Optometric of Fresno,https://www.2020fresno.com,2020fresno.com,Optometry & Vision,"Fresno, CA",US,Candidate,,2026-09-07 14:49:42
Fig Garden Optometry,https://figgardenoptometry.com,figgardenoptometry.com,Optometry & Vision,"Fresno, CA",US,Candidate,,2026-09-07 14:49:45
Fresno Valley Optometric Group,https://www.drserrins.com/location/fresno-valley-optometric-group,drserrins.com,Optometry & Vision,"Fresno, CA",US,Candidate,,2026-09-07 14:49:50
EYE-Q Vision Care - Fresno,https://eyeqvc.com,eyeqvc.com,Optometry & Vision,"Fresno, CA",US,Candidate,,2026-09-07 14:49:53
Northwest Optometry Associates,http://www.visionsource-northwestoptometry.com,visionsource-northwestoptometry.com,Optometry & Vision,"Fresno, CA",US,Candidate,,2026-09-07 14:49:56
InSight Vision Center - Fresno,https://www.insightvisioncenter.com/california-eye-institute-fresno,insightvisioncenter.com,Optometry & Vision,"Fresno, CA",US,Candidate,,2026-09-07 14:49:57
Chen Optometry,http://chenoptometry.com,chenoptometry.com,Optometry & Vision,"Fresno, CA",US,Candidate,,2026-09-07 14:49:58
Natural Vision,http://www.naturalvision.com,naturalvision.com,Optometry & Vision,"Fresno, CA",US,Candidate,,2026-09-07 14:50:01
Patel Vision Group Fresno,https://www.patelvisiongroup.com,patelvisiongroup.com,Optometry & Vision,"Fresno, CA",US,Candidate,,2026-09-07 14:50:04
Fogg Remington Eyecare - Fresno,https://www.foggremington.com/directions/eye-doctor-herndon,foggremington.com,Optometry & Vision,"Fresno, CA",US,Candidate,,2026-09-07 14:50:08
Signature Spex-I-Wear Optometry,http://www.signatureoptometry.com,signatureoptometry.com,Optometry & Vision,"Fresno, CA",US,Candidate,,2026-09-07 14:50:10
Total Vision Care Optometry,https://www.visioncaredoctor.com,visioncaredoctor.com,Optometry & Vision,"Fresno, CA",US,Candidate,,2026-09-07 14:50:13
Daya Eye Care,https://dayaeyecare.setmore.com,dayaeyecare.setmore.com,Optometry & Vision,"Fresno, CA",US,Candidate,,2026-09-07 14:50:14
The EyeWear Center at The California Eye Institute,http://www.caleyeinstitute.com,caleyeinstitute.com,Optometry & Vision,"Fresno, CA",US,Candidate,,2026-09-07 14:50:17
Valley Eye Institute,http://valleyeyeinstitute.net,valleyeyeinstitute.net,Optometry & Vision,"Fresno, CA",US,Candidate,,2026-09-07 14:50:25
Optical Center | Kaiser Permanente Fresno Medical Center,https://healthy.kaiserpermanente.org/northern-california/facilities/Fresno-Medical-Center-100363,healthy.kaiserpermanente.org,Optometry & Vision,"Fresno, CA",US,Candidate,,2026-09-07 14:50:26
America's Best Contacts & Eyeglasses,https://www.americasbest.com/location/ca/fresno/fresno,americasbest.com,Optometry & Vision,"Fresno, CA",US,Candidate,,2026-09-07 14:50:27
Sacramento Dry Eye Clinic,http://www.sacramentodryeyeclinic.com,sacramentodryeyeclinic.com,Optometry & Vision,"Sacramento, CA",US,Candidate,,2026-09-07 14:50:36
Capitol Optometry Downtown Sacramento,http://www.capitoloptometry.com,capitoloptometry.com,Optometry & Vision,"Sacramento, CA",US,Yes,"nt Package | <a href=""https://book2.getweave.com/a0ab8397-0685-4faf-9bda-8eb37",2026-09-07 14:50:38
EYEcenter Optometric,https://www.eyecenteroptometric.com/hours-location-2/midtown,eyecenteroptometric.com,Optometry & Vision,"Sacramento, CA",US,Candidate,,2026-09-07 14:50:41
Sacramento Optometric Group,https://www.saceyedocs.com,saceyedocs.com,Optometry & Vision,"Sacramento, CA",US,Candidate,,2026-09-07 14:50:46
"Dr. Gutierrez, Optometrist",http://www.drgutierrezoptometrist.com,drgutierrezoptometrist.com,Optometry & Vision,"Sacramento, CA",US,Candidate,,2026-09-07 14:50:47
Eyes on J Optometry,http://www.eyesonj.com,eyesonj.com,Optometry & Vision,"Sacramento, CA",US,Candidate,,2026-09-07 14:50:52
Schermer Eye Associates,http://www.schermereye.com,schermereye.com,Optometry & Vision,"Sacramento, CA",US,Candidate,,2026-09-07 14:50:54
Arena Eye Care Inc.,https://www.arenaeyecare.com,arenaeyecare.com,Optometry & Vision,"Sacramento, CA",US,Candidate,,2026-09-07 14:50:55
Midtown Optometric Group,https://www.midtownoptometricgroup.com,midtownoptometricgroup.com,Optometry & Vision,"Sacramento, CA",US,Candidate,,2026-09-07 14:50:58
Eyelusions Optometric Center,https://www.sladkyeyelusions.com,sladkyeyelusions.com,Optometry & Vision,"Sacramento, CA",US,Candidate,,2026-09-07 14:51:00
Arden Park Optometry,http://www.ardenparkoptometry.com,ardenparkoptometry.com,Optometry & Vision,"Sacramento, CA",US,Candidate,,2026-09-07 14:51:03
Kubo Optometry,http://kubooptometry.com,kubooptometry.com,Optometry & Vision,"Sacramento, CA",US,Candidate,,2026-09-07 14:51:08
Visions Optometry,https://visionseyecare.com,visionseyecare.com,Optometry & Vision,"Sacramento, CA",US,Candidate,,2026-09-07 14:51:13
River City Doctors of Optometry,https://rcdoptometry.com,rcdoptometry.com,Optometry & Vision,"Sacramento, CA",US,Candidate,,2026-09-07 14:51:15
Midtown Eyeworks Optometry,http://www.midtowneyeworks.com,midtowneyeworks.com,Optometry & Vision,"Sacramento, CA",US,Candidate,,2026-09-07 14:51:17
Eagle Vision Eye Care - Sacramento,https://www.eaglevisioneyecare.com,eaglevisioneyecare.com,Optometry & Vision,"Sacramento, CA",US,Candidate,,2026-09-07 14:51:21
Griffin & Reed Eye Care,https://www.lasikworld.com,lasikworld.com,Optometry & Vision,"Sacramento, CA",US,Candidate,,2026-09-07 14:51:28
Sacramento Eye Consultants,https://www.sacramentoeyeconsultants.com,sacramentoeyeconsultants.com,Optometry & Vision,"Sacramento, CA",US,Candidate,,2026-09-07 14:51:32
Optical Center | Kaiser Permanente Point West Medical Offices,http://kp2020.org/noca,kp2020.org,Optometry & Vision,"Sacramento, CA",US,Candidate,,2026-09-07 14:51:34
California LASIK & Eye,https://www.sacramento-lasik.com,sacramento-lasik.com,Optometry & Vision,"Sacramento, CA",US,Candidate,,2026-09-07 14:51:38
Eye Designs Optometry - Arden,https://eyedesigns.today,eyedesigns.today,Optometry & Vision,"Sacramento, CA",US,Candidate,,2026-09-07 14:51:42
West Sacramento Family Eye,https://www.drwampler.com,drwampler.com,Optometry & Vision,"Sacramento, CA",US,Candidate,,2026-09-07 14:51:43
Family Eye Care Center of Atlanta,https://www.familyeyecareatlanta.com,familyeyecareatlanta.com,Optometry & Vision,"Atlanta, GA",US,Candidate,,2026-09-07 14:51:54
Atlanta Eye Group,http://www.atlantaeyegroup.com,atlantaeyegroup.com,Optometry & Vision,"Atlanta, GA",US,Candidate,,2026-09-07 14:51:58
Westside Eye Center,http://westsideeyecenter.com,westsideeyecenter.com,Optometry & Vision,"Atlanta, GA",US,Candidate,,2026-09-07 14:52:01
Georgia Eye Partners Atlanta - Emory Midtown,https://www.gaeyepartners.com/eye-doctor-locations/emory-midtown-ophthalmologists-optometrists,gaeyepartners.com,Optometry & Vision,"Atlanta, GA",US,Candidate,,2026-09-07 14:52:04
VEA Eye Health Professionals,http://clearlyvea.com,clearlyvea.com,Optometry & Vision,"Atlanta, GA",US,Candidate,,2026-09-07 14:52:08
In Focus Eye Center,http://www.infocuseyes.com,infocuseyes.com,Optometry & Vision,"Atlanta, GA",US,Candidate,,2026-09-07 14:52:12
"Buckhead Eyecare, Dr. Adeline Goh",https://www.buckheadeyecare.com,buckheadeyecare.com,Optometry & Vision,"Atlanta, GA",US,Yes,"""    >   <a     href=""https://book2.getweave.com/49659e3e-3c44-4484-966f-d9c25",2026-09-07 14:52:16
Colony Square Eyecare,http://colonysquareeyecare.com,colonysquareeyecare.com,Optometry & Vision,"Atlanta, GA",US,Candidate,,2026-09-07 14:52:20
Eyeclectic Vision Source,https://eyeclecticvisionsource.com,eyeclecticvisionsource.com,Optometry & Vision,"Atlanta, GA",US,Candidate,,2026-09-07 14:52:21
Midtown Eye Care,http://www.drbarnesod.com,drbarnesod.com,Optometry & Vision,"Atlanta, GA",US,Candidate,,2026-09-07 14:52:25
Summerhill Eye Care,https://www.summerhilleyecare.com,summerhilleyecare.com,Optometry & Vision,"Atlanta, GA",US,Candidate,,2026-09-07 14:52:26
Ross Eyecare Group,http://www.rosseyecare.com,rosseyecare.com,Optometry & Vision,"Atlanta, GA",US,Candidate,,2026-09-07 14:52:29
DePoe Eye Center Georgia Tech Campus | Student Center,https://www.depoeeyecenter.com/hours-location/georgia-tech,depoeeyecenter.com,Optometry & Vision,"Atlanta, GA",US,Candidate,,2026-09-07 14:52:33
"Eye Center of Atlanta, P.C.",http://www.eyecenterofatlanta.com,eyecenterofatlanta.com,Optometry & Vision,"Atlanta, GA",US,Candidate,,2026-09-07 14:52:44
Atlanta Vision Laser and Cataract Center,https://www.atlantavisioncenter.com,atlantavisioncenter.com,Optometry & Vision,"Atlanta, GA",US,Candidate,,2026-09-07 14:52:50
Eye Specialists of Georgia,https://eyespecialistsofgeorgia.com/locations,eyespecialistsofgeorgia.com,Optometry & Vision,"Atlanta, GA",US,Candidate,,2026-09-07 14:52:56
Littlefield Eye Associates | Eye Doctor Kansas City,http://www.littlefieldeyeassociates.com,littlefieldeyeassociates.com,Optometry & Vision,"Kansas City, MO",US,Candidate,,2026-09-07 14:53:04
Vision Source Eyecare,http://www.vseyecare.com,vseyecare.com,Optometry & Vision,"Kansas City, MO",US,Candidate,,2026-09-07 14:53:05
Sabates Eye Centers,https://www.sabateseye.com/locations/st-lukes-plaza,sabateseye.com,Optometry & Vision,"Kansas City, MO",US,Candidate,,2026-09-07 14:53:08
Kansas City Eye Clinic - Mission Farms,http://www.kceyeclinic.com,kceyeclinic.com,Optometry & Vision,"Kansas City, MO",US,Candidate,,2026-09-07 14:53:14
Precision Optics,http://precisionopticskc.com,precisionopticskc.com,Optometry & Vision,"Kansas City, MO",US,Candidate,,2026-09-07 14:53:16
Moyes Eye Center,http://www.moyeseye.com,moyeseye.com,Optometry & Vision,"Kansas City, MO",US,Candidate,,2026-09-07 14:53:18
Wyandotte Family EyeCare Center,https://www.wyandotteeyecare.com,wyandotteeyecare.com,Optometry & Vision,"Kansas City, MO",US,Candidate,,2026-09-07 14:53:21
Westport Eyecare,http://westporteyecarekc.com,westporteyecarekc.com,Optometry & Vision,"Kansas City, MO",US,Candidate,,2026-09-07 14:53:23
Grin Eye Care,https://www.grineyecare.com,grineyecare.com,Optometry & Vision,"Kansas City, MO",US,Candidate,,2026-09-07 14:53:26
Epic Vision Eye Centers,http://www.epicvisioneyecenters.com,epicvisioneyecenters.com,Optometry & Vision,"Kansas City, MO",US,Candidate,,2026-09-07 14:53:29
In Vision Eye Care Center,http://www.kcinvision.com,kcinvision.com,Optometry & Vision,"Kansas City, MO",US,Candidate,,2026-09-07 14:53:30
Silverstein Eye Centers,https://silversteineyecenters.com,silversteineyecenters.com,Optometry & Vision,"Kansas City, MO",US,Candidate,,2026-09-07 14:53:31
LaFerla Family Eye Care,http://www.laferlafamilyeyecare.com,laferlafamilyeyecare.com,Optometry & Vision,"Kansas City, MO",US,Candidate,,2026-09-07 14:53:32
Eye Associates of Prairie Village,http://www.seetheclarity.com/location/prairie-village.html,seetheclarity.com,Optometry & Vision,"Kansas City, MO",US,Candidate,,2026-09-07 14:53:35
KU Eye Center,https://www.kansashealthsystem.com/locations/7400-place-building-eye-care-and-optical-shop-prairie-village-ks,kansashealthsystem.com,Optometry & Vision,"Kansas City, MO",US,Candidate,,2026-09-07 14:53:46
Discover Vision Centers,https://www.discovervision.com/locations/eye-doctor-kansas-city,discovervision.com,Optometry & Vision,"Kansas City, MO",US,Candidate,,2026-09-07 14:53:49
Advanced EyeCare - Raytown,https://healthyvisionkc-raytown.com,healthyvisionkc-raytown.com,Optometry & Vision,"Kansas City, MO",US,Candidate,,2026-09-07 14:53:51
Eyemart Express,https://www.eyemartexpress.com,eyemartexpress.com,Optometry & Vision,"Kansas City, MO",US,Candidate,,2026-09-07 14:53:52
Midtown Miami Eye Center,https://midtownmiamieyecenter.com,midtownmiamieyecenter.com,Optometry & Vision,"Miami, FL",US,Candidate,,2026-09-07 14:54:03
Miami Beach Eye Care,http://miamibeacheyecare.com,miamibeacheyecare.com,Optometry & Vision,"Miami, FL",US,Candidate,,2026-09-07 14:54:06
Eye Desire Eyecare and Optical Boutique,http://www.eyedesire.com,eyedesire.com,Optometry & Vision,"Miami, FL",US,Candidate,,2026-09-07 14:54:21
Futura Eye Doctors,https://www.futuraeyedoctors.com,futuraeyedoctors.com,Optometry & Vision,"Miami, FL",US,Candidate,,2026-09-07 14:54:24
Eyes on Brickell,https://www.eyesonbrickell.com,eyesonbrickell.com,Optometry & Vision,"Miami, FL",US,Candidate,,2026-09-07 14:54:26
Schneider Eye Center,http://www.schneidereyecenter.com,schneidereyecenter.com,Optometry & Vision,"Miami, FL",US,Candidate,,2026-09-07 14:54:30
Roth Eye Care,http://www.rotheyecare.com,rotheyecare.com,Optometry & Vision,"Miami, FL",US,Candidate,,2026-09-07 14:54:36
Elio's Optical Vision Center Miami,https://eliosoptical.com,eliosoptical.com,Optometry & Vision,"Miami, FL",US,Candidate,,2026-09-07 14:54:40
Vision Unlimited at Biscayne,https://www.visionunlimited.com,visionunlimited.com,Optometry & Vision,"Miami, FL",US,Candidate,,2026-09-07 14:54:42
Coral Eyes,http://coral-eyes.com,coral-eyes.com,Optometry & Vision,"Miami, FL",US,Candidate,,2026-09-07 14:54:46
ABC Optometry,http://www.abcoptometry.com,abcoptometry.com,Optometry & Vision,"Miami, FL",US,Candidate,,2026-09-07 14:54:52
AVANTVISION OPTICAL,http://avantvisionoptical.com,avantvisionoptical.com,Optometry & Vision,"Miami, FL",US,Candidate,,2026-09-07 14:54:55
Bascom Palmer Eye Institute,https://umiamihealth.org/bascom-palmer-eye-institute/patients-visitors/eye-emergency-service,umiamihealth.org,Optometry & Vision,"Miami, FL",US,Candidate,,2026-09-07 14:54:58
Cepero Eyecare Center,http://miamieyeexam.com,miamieyeexam.com,Optometry & Vision,"Miami, FL",US,Candidate,,2026-09-07 14:54:59
Public Eye Optical Co.,https://www.publiceyeopticalco.com,publiceyeopticalco.com,Optometry & Vision,"Miami, FL",US,Candidate,,2026-09-07 14:55:01
"Miami Lakes Eye Care Center, P.A.",http://www.eyedoctorsite.com,eyedoctorsite.com,Optometry & Vision,"Miami, FL",US,Candidate,,2026-09-07 14:55:13
Clarin Eye Care Center,https://www.clarineyecare.com,clarineyecare.com,Optometry & Vision,"Miami, FL",US,Candidate,,2026-09-07 14:55:16
Laser Eye Center of Miami,http://www.miamilaservision.com,miamilaservision.com,Optometry & Vision,"Miami, FL",US,Candidate,,2026-09-07 14:55:22
Eye Institute Of South Florida,http://www.zarcovision.com,zarcovision.com,Optometry & Vision,"Miami, FL",US,Candidate,,2026-09-07 14:55:25
Lakes Family Eye Care,http://www.lakeseyecare.com,lakeseyecare.com,Optometry & Vision,"Miami, FL",US,Candidate,,2026-09-07 14:55:27
Center For Excellence In Eye Care,http://www.centerforeyecare.com,centerforeyecare.com,Optometry & Vision,"Miami, FL",US,Candidate,,2026-09-07 14:55:30
The Eye Center Raleigh,https://www.theeyecenter.us,theeyecenter.us,Optometry & Vision,"Raleigh, NC",US,Candidate,,2026-09-07 14:55:41
"The Eye Institute OD, PA",https://youreyeinstitute.com,youreyeinstitute.com,Optometry & Vision,"Raleigh, NC",US,Candidate,,2026-09-07 14:55:44
"Midtown Optometry, PLLC",https://www.midtownoptometrync.com,midtownoptometrync.com,Optometry & Vision,"Raleigh, NC",US,Candidate,,2026-09-07 14:55:48
Carolina Optometry Associates - Raleigh,http://www.carolinaoptometry.com,carolinaoptometry.com,Optometry & Vision,"Raleigh, NC",US,Candidate,,2026-09-07 14:55:49
Raleigh Eye Center,https://raleigheyecenter.com,raleigheyecenter.com,Optometry & Vision,"Raleigh, NC",US,Candidate,,2026-09-07 14:55:55
Fusion Eye Care,http://fusioneyecare.com,fusioneyecare.com,Optometry & Vision,"Raleigh, NC",US,Candidate,,2026-09-07 14:56:01
"Oak City Vision Center O.D., PLLC",http://oakcityvision.com,oakcityvision.com,Optometry & Vision,"Raleigh, NC",US,Candidate,,2026-09-07 14:56:04
Sohi Eye Care,https://sohieyecare.com,sohieyecare.com,Optometry & Vision,"Raleigh, NC",US,Candidate,,2026-09-07 14:56:08
Triangle EyeCare,https://www.2020raleigh.com,2020raleigh.com,Optometry & Vision,"Raleigh, NC",US,Candidate,,2026-09-07 14:56:13
Raleigh Ophthalmology,https://www.raleighop.com/locations/raleigh-ophthalmologist,raleighop.com,Optometry & Vision,"Raleigh, NC",US,Candidate,,2026-09-07 14:56:16
Greenway Vision Studio,https://www.greenwayvisionstudio.com,greenwayvisionstudio.com,Optometry & Vision,"Raleigh, NC",US,Candidate,,2026-09-07 14:56:21
"Raleigh Optometry, PLLC - Dr. Donathan Hudgins",https://raleighoptometry.com,raleighoptometry.com,Optometry & Vision,"Raleigh, NC",US,Candidate,,2026-09-07 14:56:29
Stonehenge Vision Source,https://www.stonehengevisionsource.com,stonehengevisionsource.com,Optometry & Vision,"Raleigh, NC",US,Candidate,,2026-09-07 14:56:33
North Raleigh Family Eyecare,http://www.northraleighfamilyeyecare.com,northraleighfamilyeyecare.com,Optometry & Vision,"Raleigh, NC",US,Candidate,,2026-09-07 14:56:52
Brier Creek Vision Care,http://briercreekvision.com,briercreekvision.com,Optometry & Vision,"Raleigh, NC",US,Candidate,,2026-09-07 14:56:54
Wake Forest Eye Care Center,http://eyecarewakeforest.com,eyecarewakeforest.com,Optometry & Vision,"Raleigh, NC",US,Candidate,,2026-09-07 14:56:57
Omaha Primary EyeCare,http://www.omahaeyecare.com,omahaeyecare.com,Optometry & Vision,"Omaha, NE",US,Candidate,,2026-09-07 14:57:06
Millard Family Eyecare Q Street,http://millardfamilyeyecare.com,millardfamilyeyecare.com,Optometry & Vision,"Omaha, NE",US,Candidate,,2026-09-07 14:57:09
Heartland Eye Consultants | Eye Doctor Omaha,https://heartland-eye.com,heartland-eye.com,Optometry & Vision,"Omaha, NE",US,Candidate,,2026-09-07 14:57:13
Bright Eyes Optometry,http://www.brighteyesbenson.com,brighteyesbenson.com,Optometry & Vision,"Omaha, NE",US,Yes,"eractive=""true"" href=""https://book2.getweave.com/716671e6-2a1b-43b9-85fc-da31e",2026-09-07 14:57:14
Ideal EyeCare,https://idealeyecare2020.com,idealeyecare2020.com,Optometry & Vision,"Omaha, NE",US,Candidate,,2026-09-07 14:57:16
"Midwest Eye Care, P.C.",https://www.midwesteyecare.com,midwesteyecare.com,Optometry & Vision,"Omaha, NE",US,Candidate,,2026-09-07 14:57:21
Eye Care West,https://eyecarewest.com,eyecarewest.com,Optometry & Vision,"Omaha, NE",US,Candidate,,2026-09-07 14:57:26
"ViewPointe Vision, Omaha",http://www.viewpointevision.com,viewpointevision.com,Optometry & Vision,"Omaha, NE",US,Candidate,,2026-09-07 14:57:28
Eye Consultants PC,https://eyeconsultantspcne.hibuwebsites.com,eyeconsultantspcne.hibuwebsites.com,Optometry & Vision,"Omaha, NE",US,Candidate,,2026-09-07 14:57:34
Legacy Eyecare | Optometrist and Eye Doctor in Omaha,http://www.legacyeyecare.com,legacyeyecare.com,Optometry & Vision,"Omaha, NE",US,Candidate,,2026-09-07 14:57:37
Good Life Eyecare,https://goodlifeeyecare.com,goodlifeeyecare.com,Optometry & Vision,"Omaha, NE",US,Candidate,,2026-09-07 14:57:43
Vision Specialists of Omaha - 156th & West Maple,https://www.visionspecialists.com/locations/156th-and-west-maple,visionspecialists.com,Optometry & Vision,"Omaha, NE",US,Candidate,,2026-09-07 14:57:48
Definitive Vision Farnam,http://www.mydefinitivevision.com,mydefinitivevision.com,Optometry & Vision,"Omaha, NE",US,Candidate,,2026-09-07 14:57:52
ilumin Eye Care Center,http://www.ilumineyes.com,ilumineyes.com,Optometry & Vision,"Omaha, NE",US,Candidate,,2026-09-07 14:58:10
Family Eyecare by Dr. Michelle,http://familyeyecarecenteromaha.com,familyeyecarecenteromaha.com,Optometry & Vision,"Omaha, NE",US,Candidate,,2026-09-07 14:58:14
See Family Eyecare,http://www.seeclearomaha.com,seeclearomaha.com,Optometry & Vision,"Omaha, NE",US,Candidate,,2026-09-07 14:58:17
Aksarben Eye Care,http://www.visionsource-aksarbeneyecare.com,visionsource-aksarbeneyecare.com,Optometry & Vision,"Omaha, NE",US,Candidate,,2026-09-07 14:58:20
Exclusively Eyecare,https://www.visionsource-exclusivelyeyecare.com,visionsource-exclusivelyeyecare.com,Optometry & Vision,"Omaha, NE",US,Candidate,,2026-09-07 14:58:25
ModernEyes Eyecare + Eyewear,https://www.moderneyesomaha.com,moderneyesomaha.com,Optometry & Vision,"Omaha, NE",US,Candidate,,2026-09-07 14:58:30
Long Beach Optometric Group,http://www.longbeachoptometricgroup.com,longbeachoptometricgroup.com,Optometry & Vision,"Long Beach, CA",US,Candidate,,2026-09-07 14:58:38
Long Beach Family Optometry,http://longbeachoptometry.com,longbeachoptometry.com,Optometry & Vision,"Long Beach, CA",US,Candidate,,2026-09-07 14:58:41
Optometry Store: Dr. Tania Stevens,https://www.optometrystore.com,optometrystore.com,Optometry & Vision,"Long Beach, CA",US,Yes,"-> <script defer src=""https://book.getweave.com/text-connect/4c81f529-88a2-47",2026-09-07 14:58:43
Beach Eyecare Optometry,http://www.beacheyecareoptometry.com,beacheyecareoptometry.com,Optometry & Vision,"Long Beach, CA",US,Candidate,,2026-09-07 14:58:47
Prospective Vision Optometry,http://www.prospective-vision.net,prospective-vision.net,Optometry & Vision,"Long Beach, CA",US,Candidate,,2026-09-07 14:58:48
Vision Care Optometric Center,https://visioncareoptometriccenter.com,visioncareoptometriccenter.com,Optometry & Vision,"Long Beach, CA",US,Candidate,,2026-09-07 14:58:49
Sea View Optometric Center,http://www.seaviewoptometry.com,seaviewoptometry.com,Optometry & Vision,"Long Beach, CA",US,Candidate,,2026-09-07 14:58:51
Eye Physicians of Long Beach,https://www.eyephysiciansoflongbeach.com,eyephysiciansoflongbeach.com,Optometry & Vision,"Long Beach, CA",US,Candidate,,2026-09-07 14:58:54
SoCal Eye - Long Beach,http://www.socaleye.com,socaleye.com,Optometry & Vision,"Long Beach, CA",US,Candidate,,2026-09-07 14:58:56
Coastal Vision Medical Group,https://www.coastalvisionmedical.com/eye-care/coastal-vision-long-beach.html,coastalvisionmedical.com,Optometry & Vision,"Long Beach, CA",US,Candidate,,2026-09-07 14:58:59
Belmont Heights Optometry,http://www.bhoptometry.com,bhoptometry.com,Optometry & Vision,"Long Beach, CA",US,Yes,"-item-13862""><a href=""https://book2.getweave.com/81978061-3a09-4184-a7f4-80340",2026-09-07 14:59:09
Eye Treatment Center,http://www.eyetreatmentcenter.com,eyetreatmentcenter.com,Optometry & Vision,"Long Beach, CA",US,Candidate,,2026-09-07 14:59:11
Frame + Sight Optometry,https://frameandsight.com,frameandsight.com,Optometry & Vision,"Long Beach, CA",US,Candidate,,2026-09-07 14:59:14
Vision Designs Optometry,http://www.visiondesignsoptometry.com,visiondesignsoptometry.com,Optometry & Vision,"Long Beach, CA",US,Candidate,,2026-09-07 14:59:16
Dr. Lisa A Hopkins,http://www.drhopkinsod.com,drhopkinsod.com,Optometry & Vision,"Long Beach, CA",US,Yes,"ue""></i></a> <a href=""https://book2.getweave.com/da643117-edd4-47f5-ab05-362ae",2026-09-07 14:59:21
Beach Eye Medical Group - Long Beach,https://beacheye.com,beacheye.com,Optometry & Vision,"Long Beach, CA",US,Candidate,,2026-09-07 14:59:23
Belmont Shore Optometric,http://www.belmontshoreoptometric.com,belmontshoreoptometric.com,Optometry & Vision,"Long Beach, CA",US,Candidate,,2026-09-07 14:59:27
Optometry in The Square,https://www.optometryinthesquare.com,optometryinthesquare.com,Optometry & Vision,"Long Beach, CA",US,Candidate,,2026-09-07 14:59:29
PS Optometry,http://www.psoptometry.com,psoptometry.com,Optometry & Vision,"Long Beach, CA",US,Yes,"PPOINTMENTS"",""url"":""https:\/\/book2.getweave.com\/dfc8523f-0117-4e3a-ad01-f2fd",2026-09-07 14:59:31
Hertzog Eye Care,https://hertzogeyecare.com,hertzogeyecare.com,Optometry & Vision,"Long Beach, CA",US,Candidate,,2026-09-07 14:59:32
Azul Vision Long Beach Willow,https://www.azulvision.com/location/long-beach-willow,azulvision.com,Optometry & Vision,"Long Beach, CA",US,Candidate,,2026-09-07 14:59:33
Total Vision Long Beach,http://www.drgoldstone2020.com,drgoldstone2020.com,Optometry & Vision,"Long Beach, CA",US,Candidate,,2026-09-07 14:59:42
Lucent Vision,http://www.lucentvision2020.com,lucentvision2020.com,Optometry & Vision,"Long Beach, CA",US,Candidate,,2026-09-07 14:59:45
South Coast Retina Center,http://www.southcoastretinacenter.com,southcoastretinacenter.com,Optometry & Vision,"Long Beach, CA",US,Candidate,,2026-09-07 14:59:47
South Bay Family Eye,https://www.southbayfamilyeye.com,southbayfamilyeye.com,Optometry & Vision,"Long Beach, CA",US,Candidate,,2026-09-07 14:59:50
Atlantic EyeCare,https://atlanticeyecare.net,atlanticeyecare.net,Optometry & Vision,"Virginia Beach, VA",US,Candidate,,2026-09-07 14:59:57
EYECARE OPTOMETRY ASSOCIATES,http://drbond.biz,drbond.biz,Optometry & Vision,"Virginia Beach, VA",US,Candidate,,2026-09-07 14:59:59
Gilbert Eyecare - Virginia Beach,https://gilberteyecare.com/eye-doctor-virginia-beach-va,gilberteyecare.com,Optometry & Vision,"Virginia Beach, VA",US,Candidate,,2026-09-07 15:00:01
"Dr. Daniel Ferrara, Optometrist, and Associates - Joyful Eyecare",https://www.joyfuleyecare.com,joyfuleyecare.com,Optometry & Vision,"Virginia Beach, VA",US,Candidate,,2026-09-07 15:00:03
Modern Eyes Optometry,http://visionsource-moderneyesoptometry.com,visionsource-moderneyesoptometry.com,Optometry & Vision,"Virginia Beach, VA",US,Candidate,,2026-09-07 15:00:07
Eye Specialists,http://www.theeyespecs.com,theeyespecs.com,Optometry & Vision,"Virginia Beach, VA",US,Candidate,,2026-09-07 15:00:10
Beach Eye Care,https://www.beacheyecare.com,beacheyecare.com,Optometry & Vision,"Virginia Beach, VA",US,Candidate,,2026-09-07 15:00:16
Morgan Vision Care,https://www.morganvisioncare.com,morganvisioncare.com,Optometry & Vision,"Virginia Beach, VA",US,Candidate,,2026-09-07 15:00:21
"Blink Eyecare, llc",http://www.blinkoptique.com,blinkoptique.com,Optometry & Vision,"Virginia Beach, VA",US,Candidate,,2026-09-07 15:00:23
Dominion Eye Care,https://dominioneyecare.net,dominioneyecare.net,Optometry & Vision,"Virginia Beach, VA",US,Candidate,,2026-09-07 15:00:25
Coastal Vision - Redmill,https://www.coastalvisionva.com/hours-location/redmill-location,coastalvisionva.com,Optometry & Vision,"Virginia Beach, VA",US,Candidate,,2026-09-07 15:00:29
Wagner Kapoor Institute,https://www.wagnerkapoor.com,wagnerkapoor.com,Optometry & Vision,"Virginia Beach, VA",US,Candidate,,2026-09-07 15:00:41
Crystal Clear Eye Surgeons,http://crystalcleareyesurgeons.com,crystalcleareyesurgeons.com,Optometry & Vision,"Virginia Beach, VA",US,Candidate,,2026-09-07 15:00:45
Tidewater Eye Centers,https://www.tidewatereye.com/our-locations/virginia-beach,tidewatereye.com,Optometry & Vision,"Virginia Beach, VA",US,Candidate,,2026-09-07 15:00:48
"Leverett Eyecare, P.C.",https://www.leveretteyecare.com,leveretteyecare.com,Optometry & Vision,"Virginia Beach, VA",US,Candidate,,2026-09-07 15:00:51
Nimmo Eyecare,https://www.optix-now.com/ecp/virginia%20beach/nimmo-eyecare,optix-now.com,Optometry & Vision,"Virginia Beach, VA",US,Candidate,,2026-09-07 15:00:54
Fruitvale Optometry,https://www.fruitvaleoptometry.com,fruitvaleoptometry.com,Optometry & Vision,"Oakland, CA",US,Candidate,,2026-09-07 15:01:02
GRAND LAKE OPTOMETRY,http://www.grandlakeoptometry.com,grandlakeoptometry.com,Optometry & Vision,"Oakland, CA",US,Yes,"h-scroll=""true"" href=""https://book2.getweave.com/b8d4b9ed-8761-47b1-b0a1-daea6",2026-09-07 15:01:07
International Optometry,https://www.international-optometry.net,international-optometry.net,Optometry & Vision,"Oakland, CA",US,Candidate,,2026-09-07 15:01:08
La Clínica Family Optical,https://laclinica.org/location/family-optical,laclinica.org,Optometry & Vision,"Oakland, CA",US,Candidate,,2026-09-07 15:01:09
All Eyes On Me Optometry,https://alleyesonmeoptometry.com,alleyesonmeoptometry.com,Optometry & Vision,"Oakland, CA",US,Candidate,,2026-09-07 15:01:11
Eye Care Optometry,http://www.eyecareoakland.com,eyecareoakland.com,Optometry & Vision,"Oakland, CA",US,Candidate,,2026-09-07 15:01:13
Rockridge Optometry,http://www.rockridgeoptometry.com,rockridgeoptometry.com,Optometry & Vision,"Oakland, CA",US,Candidate,,2026-09-07 15:01:16
East Bay Vision Center Optometry,http://www.ebvc.com,ebvc.com,Optometry & Vision,"Oakland, CA",US,Candidate,,2026-09-07 15:01:20
C2020 Optometry,http://www.c2020optometry.com,c2020optometry.com,Optometry & Vision,"Oakland, CA",US,Candidate,,2026-09-07 15:01:23
Iris Optometric Center,http://www.irisoptometriccenter.com,irisoptometriccenter.com,Optometry & Vision,"Oakland, CA",US,Candidate,,2026-09-07 15:01:26
Moderne Eye Optometry - Dr. Sue Lin,http://www.modeye.com,modeye.com,Optometry & Vision,"Oakland, CA",US,Candidate,,2026-09-07 15:01:27
Lake Merritt Optometry,https://lakemerrittoptometry.com,lakemerrittoptometry.com,Optometry & Vision,"Oakland, CA",US,Candidate,,2026-09-07 15:01:30
"Olive + Spex Optometry - Oakland, CA",https://www.oliveandspexoptometry.com,oliveandspexoptometry.com,Optometry & Vision,"Oakland, CA",US,Candidate,,2026-09-07 15:01:32
World Vision Optometry,http://www.mihwakimod.com,mihwakimod.com,Optometry & Vision,"Oakland, CA",US,Candidate,,2026-09-07 15:01:34
"In Vision Optometry-Jane Hafen, O.D.",http://www.invisionoptometry.com,invisionoptometry.com,Optometry & Vision,"Oakland, CA",US,Candidate,,2026-09-07 15:01:40
East Bay Eye Specialists,http://www.eastbayeyespecialists.com,eastbayeyespecialists.com,Optometry & Vision,"Oakland, CA",US,Candidate,,2026-09-07 15:01:41
Bay Vision Eyecare Optometry,http://www.bayvisioneyecare.com,bayvisioneyecare.com,Optometry & Vision,"Oakland, CA",US,Candidate,,2026-09-07 15:01:43
Children's Hospital Eye Clinic,https://www.ucsfbenioffchildrens.org/clinics/ophthalmology-and-optometry-clinic,ucsfbenioffchildrens.org,Optometry & Vision,"Oakland, CA",US,Candidate,,2026-09-07 15:01:58
"Eye Physicians of the East Bay - Oakland, CA",http://www.epoteb.com,epoteb.com,Optometry & Vision,"Oakland, CA",US,Candidate,,2026-09-07 15:02:03
Greenway Vision,https://www.greenwayvision.com,greenwayvision.com,Optometry & Vision,"Minneapolis, MN",US,Candidate,,2026-09-07 15:02:32
Uptown Vision,https://uptownvision.com,uptownvision.com,Optometry & Vision,"Minneapolis, MN",US,Candidate,,2026-09-07 15:02:37
River Lake Clinic PLLC,http://www.riverlakeclinic.com,riverlakeclinic.com,Optometry & Vision,"Minneapolis, MN",US,Candidate,,2026-09-07 15:02:40
Look +See Eye Care,https://lookandseeeyecare.com,lookandseeeyecare.com,Optometry & Vision,"Minneapolis, MN",US,Candidate,,2026-09-07 15:02:43
"Eyecare MPLS: Stella Hennen, MD, MSPH",https://www.eyecarempls.com,eyecarempls.com,Optometry & Vision,"Minneapolis, MN",US,Candidate,,2026-09-07 15:02:46
Perspectives Vision Clinic - Minneapolis Optometrist,https://www.perspectivesvisionclinic.com,perspectivesvisionclinic.com,Optometry & Vision,"Minneapolis, MN",US,Candidate,,2026-09-07 15:02:49
Park Nicollet Eye Care and Optical Store Minneapolis,https://www.healthpartners.com/care/find/location/clinics/eye/park-nicollet/minneapolis,healthpartners.com,Optometry & Vision,"Minneapolis, MN",US,Candidate,,2026-09-07 15:02:56
"Eye Care Associates, PA",http://www.eyecare1.com,eyecare1.com,Optometry & Vision,"Minneapolis, MN",US,Candidate,,2026-09-07 15:02:59
St. Anthony Eye Clinic,http://www.stanthonyeyeclinic.com,stanthonyeyeclinic.com,Optometry & Vision,"Minneapolis, MN",US,Candidate,,2026-09-07 15:03:03
Eye Care Center,https://www.eyecarecenters.net,eyecarecenters.net,Optometry & Vision,"Minneapolis, MN",US,Candidate,,2026-09-07 15:03:09
Eyedeals Optometry,https://eyedeals.com,eyedeals.com,Optometry & Vision,"Minneapolis, MN",US,Yes,"><a             href=""https://book2.getweave.com/256fadb3-afdb-42b4-91e0-9bd08",2026-09-07 15:03:10
Edina Eye Clinic,http://www.edinaeyeclinic.com,edinaeyeclinic.com,Optometry & Vision,"Minneapolis, MN",US,Candidate,,2026-09-07 15:03:13
InVision Distinctive Eyewear - North Loop,https://invision-optical.com/locations/north-loop,invision-optical.com,Optometry & Vision,"Minneapolis, MN",US,Candidate,,2026-09-07 15:03:21
Moss Optical,http://www.mossoptical.com,mossoptical.com,Optometry & Vision,"Minneapolis, MN",US,Candidate,,2026-09-07 15:03:26
SEE Eyewear,https://seeeyewear.com/pages/minnesota-minneapolis-uptown,seeeyewear.com,Optometry & Vision,"Minneapolis, MN",US,Candidate,,2026-09-07 15:03:28
Phillips Eye Institute – Minneapolis,https://account.allinahealth.org/locations/1666,account.allinahealth.org,Optometry & Vision,"Minneapolis, MN",US,Candidate,,2026-09-07 15:03:31
TAMPA EYE CLINIC AND ASSOCIATES,https://www.tampaeye.com,tampaeye.com,Optometry & Vision,"Tampa, FL",US,Candidate,,2026-09-07 15:03:41
Prado Vision Center & Optical,https://sight360.com/locations/Prado-Vision-Tampa,sight360.com,Optometry & Vision,"Tampa, FL",US,Candidate,,2026-09-07 15:03:45
Optics Soho,https://www.opticssoho.com,opticssoho.com,Optometry & Vision,"Tampa, FL",US,Candidate,,2026-09-07 15:03:46
"True Eye Experts of South Tampa, formerly Patterson Eye Center",https://trueeye.com/eye-care/south-tampa-fl,trueeye.com,Optometry & Vision,"Tampa, FL",US,Candidate,,2026-09-07 15:03:48
Florida Eye Specialists & Cataract Institute - South Tampa,https://floridaeye.org/locate-our-office/south-tampa-eye-clinic,floridaeye.org,Optometry & Vision,"Tampa, FL",US,Candidate,,2026-09-07 15:03:50
Florida Eye Center,http://flaeyecenters.com,flaeyecenters.com,Optometry & Vision,"Tampa, FL",US,Candidate,,2026-09-07 15:03:51
St. Lucy's Vision Center,http://slvc.com,slvc.com,Optometry & Vision,"Tampa, FL",US,Candidate,,2026-09-07 15:04:06
Bulls Eye Care,https://www.bullseyecare.com,bullseyecare.com,Optometry & Vision,"Tampa, FL",US,Candidate,,2026-09-07 15:04:09
Britton Vision,https://brittonvisionfl.com,brittonvisionfl.com,Optometry & Vision,"Tampa, FL",US,Yes,"gation""><li> <a href=""https://book2.getweave.com/b6426a8e-abf9-4126-8652-a9a98",2026-09-07 15:04:12
OPT-ISM: Expert Eye Care,http://www.myoptism.com,myoptism.com,Optometry & Vision,"Tampa, FL",US,Candidate,,2026-09-07 15:04:15
"I-Care Optical: Neil N Patel, OD",https://www.icaretampa.com,icaretampa.com,Optometry & Vision,"Tampa, FL",US,Candidate,,2026-09-07 15:04:19
Anderson & Chhabra Eyecare Center,http://www.andersoneyecarecenter.com,andersoneyecarecenter.com,Optometry & Vision,"Tampa, FL",US,Candidate,,2026-09-07 15:04:20
"Macey E. McAleer, OD",http://www.moderneyestampa.com,moderneyestampa.com,Optometry & Vision,"Tampa, FL",US,Candidate,,2026-09-07 15:04:23
The Eye Institute of West Florida,https://www.eyespecialist.com/locations/tampa-hyde-park,eyespecialist.com,Optometry & Vision,"Tampa, FL",US,Candidate,,2026-09-07 15:04:28
Central Florida Eye Care Associates,http://www.cflicare.com,cflicare.com,Optometry & Vision,"Tampa, FL",US,Candidate,,2026-09-07 15:04:40
HIDALGO EYE CARE & OPTICAL,http://www.hidalgoeyecare.com,hidalgoeyecare.com,Optometry & Vision,"Tampa, FL",US,Candidate,,2026-09-07 15:04:41
USF Health Eye Institute,https://health.usf.edu/care/eye,health.usf.edu,Optometry & Vision,"Tampa, FL",US,Candidate,,2026-09-07 15:04:42
Bay Area Eye Institute,http://www.craigbergermd.com,craigbergermd.com,Optometry & Vision,"Tampa, FL",US,Candidate,,2026-09-07 15:04:44
Newsom Eye - South Tampa,https://newsomeye.com/contact-us/south-tampa-location,newsomeye.com,Optometry & Vision,"Tampa, FL",US,Candidate,,2026-09-07 15:04:45
Tulsa Vision Clinic,http://www.tulsavisionclinic.com,tulsavisionclinic.com,Optometry & Vision,"Tulsa, OK",US,Candidate,,2026-09-07 15:04:51
Downtown Tulsa Eyecare,https://downtowntulsaeyecare.com,downtowntulsaeyecare.com,Optometry & Vision,"Tulsa, OK",US,Candidate,,2026-09-07 15:04:55
Midtown Eyecare,http://www.midtowneyes.com,midtowneyes.com,Optometry & Vision,"Tulsa, OK",US,Candidate,,2026-09-07 15:04:59
The Eye Center South Tulsa,https://www.theeyecenterokmulgee.com/hours-location/hours-location-south-tulsa,theeyecenterokmulgee.com,Optometry & Vision,"Tulsa, OK",US,Candidate,,2026-09-07 15:05:07
iRefract Optometry of Tulsa,https://irefract.com/tulsa,irefract.com,Optometry & Vision,"Tulsa, OK",US,Candidate,,2026-09-07 15:05:09
"Dr. Robert H. Zoellner & Associates, OD of Tulsa Optometrist",http://www.drzoellner.com,drzoellner.com,Optometry & Vision,"Tulsa, OK",US,Yes,"<a href=""https://book2.getweave.com/c566d17a-c36e-4689-9f37-e14d7",2026-09-07 15:05:11
Dr. David R. Free,http://www.drfree.net,drfree.net,Optometry & Vision,"Tulsa, OK",US,Candidate,,2026-09-07 15:05:12
Vision Care of Tulsa,http://www.visioncareoftulsa.com,visioncareoftulsa.com,Optometry & Vision,"Tulsa, OK",US,Candidate,,2026-09-07 15:05:12
Dr. Ken Merchant OD,http://www.visionsource-drmerchant.com,visionsource-drmerchant.com,Optometry & Vision,"Tulsa, OK",US,Candidate,,2026-09-07 15:05:17
LOOK Eyecare & Eyewear,https://looktulsa.com,looktulsa.com,Optometry & Vision,"Tulsa, OK",US,Candidate,,2026-09-07 15:05:20
Twenty Twenty Eyecare,https://2020tulsa.com,2020tulsa.com,Optometry & Vision,"Tulsa, OK",US,Candidate,,2026-09-07 15:05:23
Vision Source Tulsa,http://www.visionsource-tulsa.com,visionsource-tulsa.com,Optometry & Vision,"Tulsa, OK",US,Yes,"<script defer src=""https://book.getweave.com/text-connect/c06013b2-1a34-46",2026-09-07 15:05:26
Moore Vision,http://www.moorevision.com,moorevision.com,Optometry & Vision,"Tulsa, OK",US,Candidate,,2026-09-07 15:05:27
Perini Eyecare,http://www.perinieyecare.com,perinieyecare.com,Optometry & Vision,"Tulsa, OK",US,Candidate,,2026-09-07 15:05:30
Dr. Bridget Zoellner & Associates Optometrist Of Tulsa,https://drbridgetzoellner.com,drbridgetzoellner.com,Optometry & Vision,"Tulsa, OK",US,Candidate,,2026-09-07 15:05:31
EyeCare Associates of South Tulsa,https://www.southtulsaeye.com,southtulsaeye.com,Optometry & Vision,"Tulsa, OK",US,Candidate,,2026-09-07 15:05:36
Dr. Presley and Associates,https://www.drpresley.com,drpresley.com,Optometry & Vision,"Tulsa, OK",US,Candidate,,2026-09-07 15:05:38
The Eye Institute: Administration,http://www.eyeinst.com,eyeinst.com,Optometry & Vision,"Tulsa, OK",US,Candidate,,2026-09-07 15:05:41
Tulsa Eye Specialty,https://tulsaeyespecialty.com,tulsaeyespecialty.com,Optometry & Vision,"Tulsa, OK",US,Candidate,,2026-09-07 15:05:45
Eye Surgery Center of Tulsa,http://eyesurgerycenteroftulsa.com,eyesurgerycenteroftulsa.com,Optometry & Vision,"Tulsa, OK",US,Candidate,,2026-09-07 15:05:53
"Dr. Nick Martin, The Contact Lens & EyeCare Center",http://tulsaeyedoc.com,tulsaeyedoc.com,Optometry & Vision,"Tulsa, OK",US,Candidate,,2026-09-07 15:05:54
Tulsa Eye Clinic (Focus Family Eyecare),https://www.tulsaeyeclinic.com,tulsaeyeclinic.com,Optometry & Vision,"Tulsa, OK",US,Candidate,,2026-09-07 15:05:58
Oklahoma Medical Eye Group,https://www.omeg2020.com/eye-center/south-tulsa,omeg2020.com,Optometry & Vision,"Tulsa, OK",US,Candidate,,2026-09-07 15:06:01
Dr. Jeff Long's Children & Family Eye Care,http://www.drjefflong.com,drjefflong.com,Optometry & Vision,"Tulsa, OK",US,Candidate,,2026-09-07 15:06:04
Arlington Vision Source,https://www.arlingtoneyedoctors.com/hours-location/arlington-vision-source-green-oaks,arlingtoneyedoctors.com,Optometry & Vision,"Arlington, TX",US,Candidate,,2026-09-07 15:06:33
Paragon Eye Associates,https://www.paragoneyes.com,paragoneyes.com,Optometry & Vision,"Arlington, TX",US,Candidate,,2026-09-07 15:06:35
Vision City of Arlington,https://www.eyedoctorarlington-tx.com,eyedoctorarlington-tx.com,Optometry & Vision,"Arlington, TX",US,Candidate,,2026-09-07 15:06:39
Vision Expo,https://www.visionexpodoctors.com,visionexpodoctors.com,Optometry & Vision,"Arlington, TX",US,Yes,"t> <script defer src=""https://book.getweave.com/schedule/07a96d16-2a5b-44fd-8",2026-09-07 15:06:44
Doctor EyeCare,http://doctoreyecarearlington.com,doctoreyecarearlington.com,Optometry & Vision,"Arlington, TX",US,Candidate,,2026-09-07 15:06:47
Clarity Eye Care,https://www.clarityeyecaredfw.com,clarityeyecaredfw.com,Optometry & Vision,"Arlington, TX",US,Candidate,,2026-09-07 15:06:50
First Eye Care,http://firsteyecarearlington.com,firsteyecarearlington.com,Optometry & Vision,"Arlington, TX",US,Candidate,,2026-09-07 15:06:53
Texas Eye Physicians,https://texaseyephysicians.com,texaseyephysicians.com,Optometry & Vision,"Arlington, TX",US,Candidate,,2026-09-07 15:06:54
Dosh Eyecare,http://dosheyecare.wordpress.com,dosheyecare.wordpress.com,Optometry & Vision,"Arlington, TX",US,Candidate,,2026-09-07 15:06:54
Elite Vision Center,http://www.elitevisionarlington.com,elitevisionarlington.com,Optometry & Vision,"Arlington, TX",US,Candidate,,2026-09-07 15:06:58
Insight Vision,http://www.insightvisionarlington.com,insightvisionarlington.com,Optometry & Vision,"Arlington, TX",US,Candidate,,2026-09-07 15:07:00
Primary Eye Care,https://www.mytime.com/express_checkout/36847/35206,mytime.com,Optometry & Vision,"Arlington, TX",US,Candidate,,2026-09-07 15:07:04
OPTIMUM EYE CARE,http://optimumeyecare.com,optimumeyecare.com,Optometry & Vision,"Arlington, TX",US,Candidate,,2026-09-07 15:07:20
Texas Vision Care,http://www.texasvisioncare.com,texasvisioncare.com,Optometry & Vision,"Arlington, TX",US,Candidate,,2026-09-07 15:07:23
Gentilly Vision Source,http://www.gentillyvisionsource.com,gentillyvisionsource.com,Optometry & Vision,"New Orleans, LA",US,Candidate,,2026-09-07 15:07:33
Lasalle Eye and Vision,https://lasalleeyeandvision.com,lasalleeyeandvision.com,Optometry & Vision,"New Orleans, LA",US,Candidate,,2026-09-07 15:07:33
Eyecare Associates,https://eyecareneworleans.com/locations/eyecare-associates-uptown,eyecareneworleans.com,Optometry & Vision,"New Orleans, LA",US,Candidate,,2026-09-07 15:07:35
Eyes on Canal,http://www.eyesoncanal.com,eyesoncanal.com,Optometry & Vision,"New Orleans, LA",US,Candidate,,2026-09-07 15:07:39
Lakefront Eyecare,https://www.lakefronteyecarenola.com,lakefronteyecarenola.com,Optometry & Vision,"New Orleans, LA",US,Candidate,,2026-09-07 15:07:45
Primary Eye Care,http://www.primaryeyecareneworleans.com,primaryeyecareneworleans.com,Optometry & Vision,"New Orleans, LA",US,Candidate,,2026-09-07 15:07:46
New Orleans Eye Specialists,https://neworleanseyespecialists.com,neworleanseyespecialists.com,Optometry & Vision,"New Orleans, LA",US,Candidate,,2026-09-07 15:07:50
Greater New Orleans Eye Physicians,http://gnoep.com,gnoep.com,Optometry & Vision,"New Orleans, LA",US,Candidate,,2026-09-07 15:07:52
Bright Eyes Optique,http://www.brighteyesoptique.com,brighteyesoptique.com,Optometry & Vision,"New Orleans, LA",US,Candidate,,2026-09-07 15:07:56
Heitmeier Eyecare,https://heitmeiereye.com,heitmeiereye.com,Optometry & Vision,"New Orleans, LA",US,Candidate,,2026-09-07 15:08:00
Gno Optical,https://www.gnooptical.com,gnooptical.com,Optometry & Vision,"New Orleans, LA",US,Candidate,,2026-09-07 15:08:02
Vision Center of the South,http://visioncentersouth.com,visioncentersouth.com,Optometry & Vision,"New Orleans, LA",US,Candidate,,2026-09-07 15:08:06
"Lakeview Vision Source, LLC",http://www.lakeviewvisionsource.com,lakeviewvisionsource.com,Optometry & Vision,"New Orleans, LA",US,Candidate,,2026-09-07 15:08:10
Greater New Orleans Eye Care,https://gnoeyecare.com,gnoeyecare.com,Optometry & Vision,"New Orleans, LA",US,Candidate,,2026-09-07 15:08:10
Eye Wares,https://eyewaresnola.com,eyewaresnola.com,Optometry & Vision,"New Orleans, LA",US,Candidate,,2026-09-07 15:08:12
Ochsner Vision Center - Baptist,https://www.ochsner.org/locations/ochsner-vision-center-baptist,ochsner.org,Optometry & Vision,"New Orleans, LA",US,Candidate,,2026-09-07 15:08:16
LSU Eye Center,https://www.medschool.lsuhsc.edu/ophthalmology/contact_us.aspx,medschool.lsuhsc.edu,Optometry & Vision,"New Orleans, LA",US,Candidate,,2026-09-07 15:08:20
For Your Eyes Only 20/20,https://www.foryoureyesonly2020.com,foryoureyesonly2020.com,Optometry & Vision,"New Orleans, LA",US,Candidate,,2026-09-07 15:08:30
Eyecare Center Westbank,https://visionsource-eyecarewestbank.com,visionsource-eyecarewestbank.com,Optometry & Vision,"New Orleans, LA",US,Candidate,,2026-09-07 15:08:40
Ochsner Vision Center - Ochsner Medical Center,https://www.ochsnervisioncenter.org,ochsnervisioncenter.org,Optometry & Vision,"New Orleans, LA",US,Candidate,,2026-09-07 15:08:48
"Wichita Optometry, P.A.",https://www.wichitaoptometry.com,wichitaoptometry.com,Optometry & Vision,"Wichita, KS",US,Candidate,,2026-09-07 15:08:55
West Wichita Family Optometrists,https://wwfoks.com,wwfoks.com,Optometry & Vision,"Wichita, KS",US,Candidate,,2026-09-07 15:08:58
East Village Dental Center,https://eastvillagedentalcenter.com,eastvillagedentalcenter.com,Dental,"New York, NY",US,Candidate,,2026-09-08 11:22:34
Preferred Dental Care - Chelsea Dentist,https://www.preferreddentalcare.com/locations/chelsea-ny-location,preferreddentalcare.com,Dental,"New York, NY",US,Candidate,,2026-09-08 11:22:35
Tribeca Dental Care,https://tribecanydentistoffice.com,tribecanydentistoffice.com,Dental,"New York, NY",US,Candidate,,2026-09-08 11:22:38
City Dental Group NYC,https://citydentalnyc.com,citydentalnyc.com,Dental,"New York, NY",US,Candidate,,2026-09-08 11:22:45
Centre Dental/中央牙科,https://www.centredent.com,centredent.com,Dental,"New York, NY",US,Candidate,,2026-09-08 11:22:47
SoHo Dental Group NYC,https://sohodentalgroup.com,sohodentalgroup.com,Dental,"New York, NY",US,Candidate,,2026-09-08 11:22:50
Tend Dental Flatiron,https://www.hellotend.com/site/studios/flatiron,hellotend.com,Dental,"New York, NY",US,Candidate,,2026-09-08 11:22:51
Sky Dental,https://skydentalnyc.com,skydentalnyc.com,Dental,"New York, NY",US,Candidate,,2026-09-08 11:22:53
My NYC Dentist - Hudson Street Dental,https://www.mynyc-dentist.com,mynyc-dentist.com,Dental,"New York, NY",US,Candidate,,2026-09-08 11:22:54
Wall Street Dental Spa - Financial District,https://wallstdentalspanyc.com,wallstdentalspanyc.com,Dental,"New York, NY",US,Candidate,,2026-09-08 11:22:57
Beam Dental Union Square,https://www.mybeamdental.com/locations/union-square,mybeamdental.com,Dental,"New York, NY",US,Candidate,,2026-09-08 11:23:00
ORAL Dental Studio NYC,https://www.oraldentalstudio.com,oraldentalstudio.com,Dental,"New York, NY",US,Candidate,,2026-09-08 11:23:04
Maiden Lane Dental,https://maidenlanedental.com,maidenlanedental.com,Dental,"New York, NY",US,Candidate,,2026-09-08 11:23:06
Broadway Family Dental,https://www.broadwayfamilydentalpc.com,broadwayfamilydentalpc.com,Dental,"New York, NY",US,Candidate,,2026-09-08 11:23:15
Smile Family Dentist NYC :John Letizia DMD,https://smilefamilydentists.com,smilefamilydentists.com,Dental,"New York, NY",US,Candidate,,2026-09-08 11:23:16
Gentle Family Dental and Braces of East Los Angeles,https://dentisteastla.com,dentisteastla.com,Dental,"Los Angeles, CA",US,Candidate,,2026-09-08 11:23:34
Olympic Family Dentistry - Joseph Han Wook Lee DDS - Dentist in Los Angeles 90015,http://olympicfamilydentistryla.com,olympicfamilydentistryla.com,Dental,"Los Angeles, CA",US,Candidate,,2026-09-08 11:23:37
Eagle Rock Family Dentistry,http://www.eaglerockdentistry.com,eaglerockdentistry.com,Dental,"Los Angeles, CA",US,Candidate,,2026-09-08 11:23:41
Silver Lake Family Dental,https://silverlakefamilydental.com,silverlakefamilydental.com,Dental,"Los Angeles, CA",US,Candidate,,2026-09-08 11:23:43
"Martinez Family Dental, Oral Surgery & Implant Center",http://www.martinezfamilydentalla.com,martinezfamilydentalla.com,Dental,"Los Angeles, CA",US,Candidate,,2026-09-08 11:23:44
Venice Family Dentistry,http://vfddentistry.com,vfddentistry.com,Dental,"Los Angeles, CA",US,Candidate,,2026-09-08 11:23:44
Woodland Hills Family Dentistry,https://www.woodlandhillsfamilydentistry.com,woodlandhillsfamilydentistry.com,Dental,"Los Angeles, CA",US,Candidate,,2026-09-08 11:23:45
6th street family dental group,http://www.westladentistry.com,westladentistry.com,Dental,"Los Angeles, CA",US,Candidate,,2026-09-08 11:23:48
Hyperion Family Dental,https://hyperionfamilydental.com,hyperionfamilydental.com,Dental,"Los Angeles, CA",US,Candidate,,2026-09-08 11:23:52
Westchester Dental Arts,https://westchesterdentalarts.com,westchesterdentalarts.com,Dental,"Los Angeles, CA",US,Candidate,,2026-09-08 11:23:55
Lotus Family Dental,https://www.lotusfamilydentist.com,lotusfamilydentist.com,Dental,"Los Angeles, CA",US,Candidate,,2026-09-08 11:23:59
Santa Monica Family Dental Group and Orthodontics,http://smygadmd.com,smygadmd.com,Dental,"Los Angeles, CA",US,Candidate,,2026-09-08 11:23:59
Sawtelle Family Dental,http://www.sawtellefamilydental.com,sawtellefamilydental.com,Dental,"Los Angeles, CA",US,Candidate,,2026-09-08 11:24:01
Ocean Smiles Family Dentistry Montebello,http://ocean-smiles.com,ocean-smiles.com,Dental,"Los Angeles, CA",US,Candidate,,2026-09-08 11:24:02
Advanced Care Dentistry & Dentures (Pearland),https://www.advancedcaredentistrydentures.com,advancedcaredentistrydentures.com,Dental,"Houston, TX",US,Candidate,,2026-09-08 11:24:36
Valley Area Primary Care,https://www.eastalabamahealth.org/location/valley-area-primary-care,eastalabamahealth.org,Primary Care & Medical,"Alabama, USA",US,Candidate,,2026-09-08 12:02:40
Alabama Family Medical Center,http://alabamafamilymedicalcenter.com,alabamafamilymedicalcenter.com,Primary Care & Medical,"Alabama, USA",US,Candidate,,2026-09-08 12:02:42
North Alabama Primary Care,https://www.northalabamamedicalgroup.com/north-alabama-primary-care,northalabamamedicalgroup.com,Primary Care & Medical,"Alabama, USA",US,Candidate,,2026-09-08 12:02:45
Innova Primary Care,https://www.innovaprimarycare.com,innovaprimarycare.com,Primary Care & Medical,"Alabama, USA",US,Candidate,,2026-09-08 12:02:47
Huntsville Hospital Physician Care at Bailey Cove,https://www.huntsvillehospital.org/baileycove,huntsvillehospital.org,Primary Care & Medical,"Alabama, USA",US,Candidate,,2026-09-08 12:03:01
Alabama Family Medicine Clinic,https://www.alabamafamilymedicine.com,alabamafamilymedicine.com,Primary Care & Medical,"Alabama, USA",US,Candidate,,2026-09-08 12:03:04
Thrive Alabama Adult Primary Care,https://thrivealabama.org,thrivealabama.org,Primary Care & Medical,"Alabama, USA",US,Candidate,,2026-09-08 12:03:06
"Alabama Medical Group, P.C.",http://www.alabamamedicalgroup.com,alabamamedicalgroup.com,Primary Care & Medical,"Alabama, USA",US,Candidate,,2026-09-08 12:03:09
Primary Health Solutions,https://doctors.vaughanregional.com/location/primary-health-solutions/loc0000257310,doctors.vaughanregional.com,Primary Care & Medical,"Alabama, USA",US,Candidate,,2026-09-08 12:03:11
Grant Primary Care,https://www.grantprimarycare.com,grantprimarycare.com,Primary Care & Medical,"Alabama, USA",US,Candidate,,2026-09-08 12:03:12
Affinity Primary Care,http://affinityprimarycare.com,affinityprimarycare.com,Primary Care & Medical,"Alabama, USA",US,Candidate,,2026-09-08 12:03:12
USA Health Family Practice Associates,https://www.usahealthsystem.com/locations/family-practice-associates,usahealthsystem.com,Primary Care & Medical,"Alabama, USA",US,Candidate,,2026-09-08 12:03:12
Magnolia Primary Care LLC,http://www.magnolia.clinic,magnolia.clinic,Primary Care & Medical,"Alabama, USA",US,Candidate,,2026-09-08 12:03:14
"Optimum Health Primary Care, LLC",https://www.optimumhealthpc.com,optimumhealthpc.com,Primary Care & Medical,"Alabama, USA",US,Candidate,,2026-09-08 12:03:16
Medical Park Family Care,http://www.mpfcak.com,mpfcak.com,Primary Care & Medical,"Alaska, USA",US,Candidate,,2026-09-08 12:03:29
Providence Primary Care - Midtown,https://www.providence.org/locations/ak/primary-care-midtown,providence.org,Primary Care & Medical,"Alaska, USA",US,Candidate,,2026-09-08 12:03:33
Primary Care Associates - Lake Otis,http://primarycareak.com,primarycareak.com,Primary Care & Medical,"Alaska, USA",US,Candidate,,2026-09-08 12:03:35
Hillside Family Medicine LLC & Occupational Medicine,http://www.hillsidemedicine.com,hillsidemedicine.com,Primary Care & Medical,"Alaska, USA",US,Candidate,,2026-09-08 12:03:36
Independence Park Medical Services Inc,http://www.ipmsak.com,ipmsak.com,Primary Care & Medical,"Alaska, USA",US,Candidate,,2026-09-08 12:03:40
Alaska Family Care Associates,https://alaskafamilycare.com,alaskafamilycare.com,Primary Care & Medical,"Alaska, USA",US,Candidate,,2026-09-08 12:03:43
Glacier Family Medicine Clinic,http://www.glacierfamilymedicine.com,glacierfamilymedicine.com,Primary Care & Medical,"Alaska, USA",US,Candidate,,2026-09-08 12:03:43
Wasilla Medical Clinic,https://www.alaskamedicalclinics.com,alaskamedicalclinics.com,Primary Care & Medical,"Alaska, USA",US,Candidate,,2026-09-08 12:03:46
South Peninsula Family Care Clinic,https://www.sphosp.org/services/family-care-clinic,sphosp.org,Primary Care & Medical,"Alaska, USA",US,Candidate,,2026-09-08 12:03:48
Primary Care Walk-in Medical Clinic,http://www.primarycarewalkinmedicalclinic.com,primarycarewalkinmedicalclinic.com,Primary Care & Medical,"Arizona, USA",US,Candidate,,2026-09-08 12:04:00
HealthyU Family Medicine Residency Clinic,https://www.healthyuclinics.com/location/healthyu-clinics-family-medicine-residency-clinic,healthyuclinics.com,Primary Care & Medical,"Arizona, USA",US,Candidate,,2026-09-08 12:04:02
Tempe Primary Care,https://tempeprimarycare.com,tempeprimarycare.com,Primary Care & Medical,"Arizona, USA",US,Candidate,,2026-09-08 12:04:04
Integrated Medical Services - Primary Care,https://www.imsaz.com/primary-care,imsaz.com,Primary Care & Medical,"Arizona, USA",US,Candidate,,2026-09-08 12:04:07
Arizona Primary Care Partners Walk-in Medical Clinic - Phoenix,https://www.azpcps.com,azpcps.com,Primary Care & Medical,"Arizona, USA",US,Candidate,,2026-09-08 12:04:10
Primary Care at Northern Arizona Healthcare,https://nahealth.com/northern-arizona-healthcare-medical-group-camp-verde,nahealth.com,Primary Care & Medical,"Arizona, USA",US,Candidate,,2026-09-08 12:04:11
One Medical Primary Care Clinic - Phoenix - Biltmore,https://onemedical.com/locations/phx/2201ecamelback,onemedical.com,Primary Care & Medical,"Arizona, USA",US,Candidate,,2026-09-08 12:04:12
"Banner - University Medicine Family Medicine Clinic | Phoenix, AZ | 12th St.",https://www.bannerhealth.com/locations/phoenix/banner-university-medicine-family-medicine-clinic-12th,bannerhealth.com,Primary Care & Medical,"Arizona, USA",US,Candidate,,2026-09-08 12:04:14
PrimaCare Primary Care/Internal Medicine Clinic,http://www.primacareaz.com,primacareaz.com,Primary Care & Medical,"Arizona, USA",US,Candidate,,2026-09-08 12:04:19
"Stripes Primary Care - Mesa, AZ",http://www.stripesprimarycare.com,stripesprimarycare.com,Primary Care & Medical,"Arizona, USA",US,Candidate,,2026-09-08 12:04:20
Phoenix Family Medical Care,http://www.myphoenixdoctor.com,myphoenixdoctor.com,Primary Care & Medical,"Arizona, USA",US,Candidate,,2026-09-08 12:04:23
Arkansas Primary Care Clinics.,http://arkansasprimarycare.com,arkansasprimarycare.com,Primary Care & Medical,"Arkansas, USA",US,Candidate,,2026-09-08 12:04:38
Saline Primary Care (formerly Central Arkansas Family Practice),https://www.salineclinics.org,salineclinics.org,Primary Care & Medical,"Arkansas, USA",US,Candidate,,2026-09-08 12:04:41
Ozarks Primary Care Plus,https://www.ozarkspcp.com,ozarkspcp.com,Primary Care & Medical,"Arkansas, USA",US,Candidate,,2026-09-08 12:04:43
Advanced Primary Care,http://www.theapcfamily.com,theapcfamily.com,Primary Care & Medical,"Arkansas, USA",US,Candidate,,2026-09-08 12:04:45
North Little Rock Primary Care,https://nlrpc.com,nlrpc.com,Primary Care & Medical,"Arkansas, USA",US,Candidate,,2026-09-08 12:04:47
Primary Care 360,http://www.quickcare360.com,quickcare360.com,Primary Care & Medical,"Arkansas, USA",US,Candidate,,2026-09-08 12:04:48
New Primary Care and Wellness Clinic,https://newprimarycare.net,newprimarycare.net,Primary Care & Medical,"Arkansas, USA",US,Candidate,,2026-09-08 12:04:48
River Valley Primary Care Services,https://www.rvpcs.org/locations,rvpcs.org,Primary Care & Medical,"Arkansas, USA",US,Candidate,,2026-09-08 12:04:50
Southeast Arkansas Primary Care Associates,http://www.seapca.com,seapca.com,Primary Care & Medical,"Arkansas, USA",US,Candidate,,2026-09-08 12:04:50
"Autumn Road Family Practice, ARFP",http://www.arfp.com,arfp.com,Primary Care & Medical,"Arkansas, USA",US,Candidate,,2026-09-08 12:04:52
Unity Health-Newport Primary Care Clinic,https://www.unity-health.org/provider-directory,unity-health.org,Primary Care & Medical,"Arkansas, USA",US,Candidate,,2026-09-08 12:04:57
PrimeCARE Medical Clinic - Searcy,https://www.pcmc-ar.com,pcmc-ar.com,Primary Care & Medical,"Arkansas, USA",US,Candidate,,2026-09-08 12:04:59
U of A Primary Care Clinic,https://health.uark.edu/medical-health/primary-care-clinic.php,health.uark.edu,Primary Care & Medical,"Arkansas, USA",US,Candidate,,2026-09-08 12:05:01
Premier Family Medical,https://www.pottsvillemedical.com,pottsvillemedical.com,Primary Care & Medical,"Arkansas, USA",US,Candidate,,2026-09-08 12:05:04
Arkansas Family Medicine,http://arfamilymedicine.com,arfamilymedicine.com,Primary Care & Medical,"Arkansas, USA",US,Candidate,,2026-09-08 12:05:07
Newton County Family Practice,https://www.narmc.com/newtoncountyfamilypractice,narmc.com,Primary Care & Medical,"Arkansas, USA",US,Candidate,,2026-09-08 12:05:11
Primary Care Health Clinic,https://pchcinc.org/index.php/important-information-for-you/section-contact,pchcinc.org,Primary Care & Medical,"California, USA",US,Candidate,,2026-09-08 12:05:24
Adventist Health Primary Care,https://adventisthealth.org/locations/detail/primary-care-adventist-health-tehachapi-valley-4408,adventisthealth.org,Primary Care & Medical,"California, USA",US,Candidate,,2026-09-08 12:05:29
"Primary Care Associates of California, Medical Group",http://www.pcacipa.com,pcacipa.com,Primary Care & Medical,"California, USA",US,Candidate,,2026-09-08 12:05:31
UCLA Health Primary Care,https://www.uclahealth.org/medical-services/primary-care,uclahealth.org,Primary Care & Medical,"California, USA",US,Candidate,,2026-09-08 12:05:33
Long Beach Primary Care Doctor - Telehealth Available,https://onlinemedicalclinics.com,onlinemedicalclinics.com,Primary Care & Medical,"California, USA",US,Candidate,,2026-09-08 12:05:34
Complete Care Family Medical Clinic,https://www.statmedgroup.com/healing-hands-fcc-1,statmedgroup.com,Primary Care & Medical,"California, USA",US,Candidate,,2026-09-08 12:05:35
Stanford Primary Care in Los Altos,https://stanfordhealthcare.org/medical-clinics/stanford-primary-care-los-altos.html,stanfordhealthcare.org,Primary Care & Medical,"California, USA",US,Candidate,,2026-09-08 12:05:37
SPMF PACIFIC PRIMARY CARE,https://www.sutterhealth.org/services/primary/pacific-primary-care-cpmc,sutterhealth.org,Primary Care & Medical,"California, USA",US,Candidate,,2026-09-08 12:05:37
Fresno Medical Center CA,https://fresnomedicalcenter.com,fresnomedicalcenter.com,Primary Care & Medical,"California, USA",US,Candidate,,2026-09-08 12:05:39
"TruMedical Care, A Physician Assistant Healthcare Partner Corporation",https://www.trumedicalcare.com,trumedicalcare.com,Primary Care & Medical,"California, USA",US,Candidate,,2026-09-08 12:05:41
Primary Care Cedar - El Camino Health,https://www.getcare.elcaminohealth.org/locations/2660-grant-rd/echmn_primary_care_cedar-mv,getcare.elcaminohealth.org,Primary Care & Medical,"California, USA",US,Candidate,,2026-09-08 12:05:41
Colorado Primary Health Care,https://coloradoprimaryhealthcare.com,coloradoprimaryhealthcare.com,Primary Care & Medical,"Colorado, USA",US,Candidate,,2026-09-08 12:05:56
Mountain Peak Primary Care,http://mountainpeakprimarycare.com,mountainpeakprimarycare.com,Primary Care & Medical,"Colorado, USA",US,Candidate,,2026-09-08 12:05:58
Colorado Physician Partners | Peak Primary Care,http://coloradophysicianpartners.com/our-locations/locations/peak-primary-care,coloradophysicianpartners.com,Primary Care & Medical,"Colorado, USA",US,Candidate,,2026-09-08 12:06:05
Summit Primary Care - Colorado Springs,https://www.summitprimary.com,summitprimary.com,Primary Care & Medical,"Colorado, USA",US,Candidate,,2026-09-08 12:06:07
CU Medicine Family Medicine - Centennial,https://www.cumedicine.us/locations/cu-medicine-family-medicine-centennial,cumedicine.us,Primary Care & Medical,"Colorado, USA",US,Candidate,,2026-09-08 12:06:09
New Horizons Primary Care,https://www.newhorizonspc.com,newhorizonspc.com,Primary Care & Medical,"Colorado, USA",US,Candidate,,2026-09-08 12:06:09
Pearl Primary Care,https://pearlprimary.care,pearlprimary.care,Primary Care & Medical,"Colorado, USA",US,Candidate,,2026-09-08 12:06:11
CommonSpirit Primary Care Golden,https://www.mountain.commonspirit.org/location/commonspirit-primary-care-golden,mountain.commonspirit.org,Primary Care & Medical,"Colorado, USA",US,Candidate,,2026-09-08 12:06:11
Insight Primary Care,http://www.insightprimary.com,insightprimary.com,Primary Care & Medical,"Colorado, USA",US,Candidate,,2026-09-08 12:06:13
Peak Health Direct Primary Care,http://www.peakhealthdpc.com,peakhealthdpc.com,Primary Care & Medical,"Colorado, USA",US,Candidate,,2026-09-08 12:06:15
Optum Primary Care - Arvada,https://www.optum.com/en/care/facilities/co/optum-primary-care-arvada-14244_1019.html,optum.com,Primary Care & Medical,"Colorado, USA",US,Candidate,,2026-09-08 12:06:18
Reach Primary Care,https://reachprimarycare.com,reachprimarycare.com,Primary Care & Medical,"Colorado, USA",US,Candidate,,2026-09-08 12:06:20
Family Medicine Clinic for Health Equity,https://cahep.org,cahep.org,Primary Care & Medical,"Colorado, USA",US,Candidate,,2026-09-08 12:06:30
Greenwich Primary Care,https://www.greenwichprimarycare.com,greenwichprimarycare.com,Primary Care & Medical,"Connecticut, USA",US,Candidate,,2026-09-08 12:06:42
"Connecticut Primary Care and Wellness, PC",https://ctprimarycareandwellness.com,ctprimarycareandwellness.com,Primary Care & Medical,"Connecticut, USA",US,Candidate,,2026-09-08 12:06:43
Innovative Healthcare of Connecticut: Primary Care,https://www.innovativehealthct.com,innovativehealthct.com,Primary Care & Medical,"Connecticut, USA",US,Candidate,,2026-09-08 12:06:45
ECHN Medical Group - Primary Care,https://www.echn.org/locations/echn-medical-group-primary-care-hartford-rd-manchester,echn.org,Primary Care & Medical,"Connecticut, USA",US,Candidate,,2026-09-08 12:06:47
Primary Health of Connecticut,https://primaryhealthct.com,primaryhealthct.com,Primary Care & Medical,"Connecticut, USA",US,Candidate,,2026-09-08 12:06:48
"Primary care doctor in Bristol, CT offering same-day appointments",https://bristolprimarycare.com,bristolprimarycare.com,Primary Care & Medical,"Connecticut, USA",US,Candidate,,2026-09-08 12:06:49
Sycamore Health - Direct Primary Care,https://www.sycamore-health.com,sycamore-health.com,Primary Care & Medical,"Connecticut, USA",US,Candidate,,2026-09-08 12:06:51
CHH Primary Care,https://charlottehungerford.org/services/primary-care,charlottehungerford.org,Primary Care & Medical,"Connecticut, USA",US,Candidate,,2026-09-08 12:06:54
DOCS Primary Care - Waterbury,https://docsmedicalgroup.com/docsprimarycare/waterbury-ct-chase-primary-care,docsmedicalgroup.com,Primary Care & Medical,"Connecticut, USA",US,Candidate,,2026-09-08 12:06:56
Adult Primary Care,https://hartfordhospital.org/locations/hartford-hospital-community-health,hartfordhospital.org,Primary Care & Medical,"Connecticut, USA",US,Candidate,,2026-09-08 12:07:01
Rocky Hill Primary Care,https://www.rockyhillprimarycare.com,rockyhillprimarycare.com,Primary Care & Medical,"Connecticut, USA",US,Candidate,,2026-09-08 12:07:09
Bridgeport Family Medicine,http://bridgeportfamilymedicines.com,bridgeportfamilymedicines.com,Primary Care & Medical,"Connecticut, USA",US,Candidate,,2026-09-08 12:07:13
Oak Street Health New Haven Primary Care Clinic,https://www.oakstreethealth.com/locations/new-haven-ct/new-haven-doctors-office,oakstreethealth.com,Primary Care & Medical,"Connecticut, USA",US,Candidate,,2026-09-08 12:07:13
Farmington Valley Direct Primary Care,https://www.fvdpc.com,fvdpc.com,Primary Care & Medical,"Connecticut, USA",US,Candidate,,2026-09-08 12:07:14
NEMG Primary Care,https://www.northeastmedicalgroup.org/locations/waterford-196-parkway-south-suite-103-family-medicine,northeastmedicalgroup.org,Primary Care & Medical,"Connecticut, USA",US,Candidate,,2026-09-08 12:07:14
Delaware Primary Care,http://www.mydeldoc.com,mydeldoc.com,Primary Care & Medical,"Delaware, USA",US,Candidate,,2026-09-08 12:07:26
Bethany Primary Care,https://bethanyprimarycare.wixsite.com/website-1,bethanyprimarycare.wixsite.com,Primary Care & Medical,"Delaware, USA",US,Candidate,,2026-09-08 12:07:27
ChristianaCare Primary Care at Linden Hill,https://christianacare.org/services/primarycare/familyimlocations/lindenhill,christianacare.org,Primary Care & Medical,"Delaware, USA",US,Candidate,,2026-09-08 12:07:28
Complete Family Care,http://completefamilycarede.net,completefamilycarede.net,Primary Care & Medical,"Delaware, USA",US,Candidate,,2026-09-08 12:07:29
United Medical Clinic,https://www.umclinic.net,umclinic.net,Primary Care & Medical,"Delaware, USA",US,Candidate,,2026-09-08 12:07:33
Coastal Primary Care,https://camdenwalkin.com,camdenwalkin.com,Primary Care & Medical,"Delaware, USA",US,Candidate,,2026-09-08 12:07:37
Pace Community Medical,https://www.pacepcp.com,pacepcp.com,Primary Care & Medical,"Delaware, USA",US,Candidate,,2026-09-08 12:07:39
Beebe Primary Care Five Points,https://www.beebehealthcare.org/locations/beebe-primary-care-five-points-0,beebehealthcare.org,Primary Care & Medical,"Delaware, USA",US,Candidate,,2026-09-08 12:07:41
Preventive Primary Care,https://preventiveprimary.com,preventiveprimary.com,Primary Care & Medical,"Delaware, USA",US,Candidate,,2026-09-08 12:07:44
"Well Primary Care, LLC",http://www.wellprimarycare.com,wellprimarycare.com,Primary Care & Medical,"Delaware, USA",US,Candidate,,2026-09-08 12:07:46
Diamond State Primary Care,http://www.dsprimarycare.com,dsprimarycare.com,Primary Care & Medical,"Delaware, USA",US,Candidate,,2026-09-08 12:07:46
Central Florida Primary Care,https://www.cflprimarycare.com,cflprimarycare.com,Primary Care & Medical,"Florida, USA",US,Candidate,,2026-09-08 12:08:00
Primary Care Clinic,https://primarycareocala.com,primarycareocala.com,Primary Care & Medical,"Florida, USA",US,Candidate,,2026-09-08 12:08:01
Florida Primary Care Center - Medical Weight Loss - Medical Cards,http://floridaprimarycarecenter.com,floridaprimarycarecenter.com,Primary Care & Medical,"Florida, USA",US,Candidate,,2026-09-08 12:08:02
Florida Primary Care LLC,https://floridaprimarycare.org,floridaprimarycare.org,Primary Care & Medical,"Florida, USA",US,Candidate,,2026-09-08 12:08:05
Primary Care of Florida,https://primarycareofflorida.com,primarycareofflorida.com,Primary Care & Medical,"Florida, USA",US,Candidate,,2026-09-08 12:08:08
Mayo Clinic Primary Care,https://www.mayoclinic.org/departments-centers/gate-parkway/overview/ovc-20556494,mayoclinic.org,Primary Care & Medical,"Florida, USA",US,Candidate,,2026-09-08 12:08:09
Florida Care Medical Center – Nowell,https://www.myfloridacaremedicalcenter.com,myfloridacaremedicalcenter.com,Primary Care & Medical,"Florida, USA",US,Candidate,,2026-09-08 12:08:11
Primary Medical Care Center,https://primarymed.com/locations/senior-medical-center-fort-lauderdale,primarymed.com,Primary Care & Medical,"Florida, USA",US,Candidate,,2026-09-08 12:08:13
North Florida Primary Care,http://northfloridapc.com,northfloridapc.com,Primary Care & Medical,"Florida, USA",US,Candidate,,2026-09-08 12:08:14
MC Primary Care,https://primarycarebymc.com,primarycarebymc.com,Primary Care & Medical,"Florida, USA",US,Candidate,,2026-09-08 12:08:16
UF Health Primary Care - Cypress Point,https://stjohns.ufhealth.org/locations/uf-health-st-johns-primary-care-at-cypress-point,stjohns.ufhealth.org,Primary Care & Medical,"Florida, USA",US,Candidate,,2026-09-08 12:08:21
Medical Cards@Florida Primary Care Center,https://www.medicalmarijuanacentralflorida.com,medicalmarijuanacentralflorida.com,Primary Care & Medical,"Florida, USA",US,Candidate,,2026-09-08 12:08:24
Central Florida Health Care - Lake Wales,https://cfhc.org/location/lake-wales,cfhc.org,Primary Care & Medical,"Florida, USA",US,Candidate,,2026-09-08 12:08:26
Millennium Physician Group - Avon Park Primary-Care,https://millenniumphysician.com/location/avon-park,millenniumphysician.com,Primary Care & Medical,"Florida, USA",US,Candidate,,2026-09-08 12:08:29
Central Georgia Primary Care East Dublin,https://mysemg.com/location/laurens-county/primary-care-at-east-dublin,mysemg.com,Primary Care & Medical,"Georgia, USA",US,Candidate,,2026-09-08 12:08:41
Piedmont Primary Care of Summerhill,https://www.care.piedmont.org/locations/location-details/practice/1797,care.piedmont.org,Primary Care & Medical,"Georgia, USA",US,Candidate,,2026-09-08 12:08:41
Premier Primary Care Medicine,https://www.premierpcmed.com/smyrna-primary-care-physician.html,premierpcmed.com,Primary Care & Medical,"Georgia, USA",US,Candidate,,2026-09-08 12:08:44
Primary Care Center of Georgia,http://www.pccofga.com,pccofga.com,Primary Care & Medical,"Georgia, USA",US,Candidate,,2026-09-08 12:08:46
Primary Healthcare Centers,https://www.primaryhealthcarecenters.org/ft-oglethorpe-healthcare-center,primaryhealthcarecenters.org,Primary Care & Medical,"Georgia, USA",US,Candidate,,2026-09-08 12:08:52
Georgia Family Care,https://gafamilycare.com/contact,gafamilycare.com,Primary Care & Medical,"Georgia, USA",US,Candidate,,2026-09-08 12:08:53
"The Family Health Centers of Georgia, Inc.",http://fhcga.org,fhcga.org,Primary Care & Medical,"Georgia, USA",US,Candidate,,2026-09-08 12:08:53
Oasis Primary Care Clinic,http://www.oasisprimarycareclinic.com,oasisprimarycareclinic.com,Primary Care & Medical,"Georgia, USA",US,Candidate,,2026-09-08 12:08:55
Optim Primary Care / Internal Medicine - Dublin,https://www.optimhealthsystem.com/location/dublin,optimhealthsystem.com,Primary Care & Medical,"Georgia, USA",US,Candidate,,2026-09-08 12:08:56
"Family Practice Center, PC",https://familypracticecenterpc.com,familypracticecenterpc.com,Primary Care & Medical,"Georgia, USA",US,Candidate,,2026-09-08 12:08:57
Primary Care Center,https://www.wellstar.org/locations/medical-practice/powder-springs-medical-center-powder-springs-4250-brownsville-road,wellstar.org,Primary Care & Medical,"Georgia, USA",US,Candidate,,2026-09-08 12:09:00
Pearl Primary Care,https://www.pearlprimarycare.com,pearlprimarycare.com,Primary Care & Medical,"Georgia, USA",US,Candidate,,2026-09-08 12:09:03
Georgia Clinic Primary Care,http://www.gaclinicpc.com,gaclinicpc.com,Primary Care & Medical,"Georgia, USA",US,Candidate,,2026-09-08 12:09:05
Canton Primary Care | Windermere Medical Group,https://windermeremedical.com/canton,windermeremedical.com,Primary Care & Medical,"Georgia, USA",US,Candidate,,2026-09-08 12:09:06
HCH Primary Care Clinic,https://www.healthcareathomellc.com,healthcareathomellc.com,Primary Care & Medical,"Georgia, USA",US,Candidate,,2026-09-08 12:09:07
Southern Primary Care - Bass,https://www.southernprimarycare.com,southernprimarycare.com,Primary Care & Medical,"Georgia, USA",US,Candidate,,2026-09-08 12:09:11
The Primary Care Center,http://www.primarycarecenter.com,primarycarecenter.com,Primary Care & Medical,"Georgia, USA",US,Candidate,,2026-09-08 12:09:12
Excelsior Healthcare Primary Care - Norcross,https://excelsiorhealthcare.com,excelsiorhealthcare.com,Primary Care & Medical,"Georgia, USA",US,Candidate,,2026-09-08 12:09:14
Doctors of Waikiki (ワイキキのお医者さん),https://www.doctorsofwaikiki.com,doctorsofwaikiki.com,Primary Care & Medical,"Hawaii, USA",US,Candidate,,2026-09-08 12:09:28
Primary Care Clinic of Hawaii,https://www.primarycareclinichawaii.com,primarycareclinichawaii.com,Primary Care & Medical,"Hawaii, USA",US,Candidate,,2026-09-08 12:09:30
Ala Moana Walk-In Medical Clinic,http://www.alamoanaclinic.com,alamoanaclinic.com,Primary Care & Medical,"Hawaii, USA",US,Candidate,,2026-09-08 12:09:31
Waimea Primary Care,http://www.waimeaprimarycare.com,waimeaprimarycare.com,Primary Care & Medical,"Hawaii, USA",US,Candidate,,2026-09-08 12:09:34
Kuhio Walk in Medical Clinic,https://www.kuhiomedicalclinic.com,kuhiomedicalclinic.com,Primary Care & Medical,"Hawaii, USA",US,Candidate,,2026-09-08 12:09:36
Queen’s Medical Center Primary Care Clinic,https://www.queens.org/locations/primary-care/queens-north-hawaii-primary-care-clinic,queens.org,Primary Care & Medical,"Hawaii, USA",US,Candidate,,2026-09-08 12:09:40
Healing Tides Primary Care,https://healingtidesprimarycare.com,healingtidesprimarycare.com,Primary Care & Medical,"Hawaii, USA",US,Candidate,,2026-09-08 12:09:42
Pacific Primary Care,https://pacificprimarycare.net,pacificprimarycare.net,Primary Care & Medical,"Hawaii, USA",US,Candidate,,2026-09-08 12:09:43
Honolulu Urgent Care Clinic,https://honoluluurgentcare.com,honoluluurgentcare.com,Primary Care & Medical,"Hawaii, USA",US,Candidate,,2026-09-08 12:09:44
Kapolei Primary Care Clinic,https://www.kapoleiprimarycare.com,kapoleiprimarycare.com,Primary Care & Medical,"Hawaii, USA",US,Candidate,,2026-09-08 12:09:46
Island Pacific Medical Center,https://www.islandpacificmedical.com,islandpacificmedical.com,Primary Care & Medical,"Hawaii, USA",US,Candidate,,2026-09-08 12:09:48
Medical Clinic Inc,http://mcihawaii.com,mcihawaii.com,Primary Care & Medical,"Hawaii, USA",US,Candidate,,2026-09-08 12:09:49
Primary Care Clinic of Kauai,http://www.primarycarekauai.com,primarycarekauai.com,Primary Care & Medical,"Hawaii, USA",US,Candidate,,2026-09-08 12:09:52
Legacy Primary Care,https://www.legacyprimaryclinic.com,legacyprimaryclinic.com,Primary Care & Medical,"Idaho, USA",US,Candidate,,2026-09-08 12:10:07
Greater Good Health Idaho Falls Primary Care Clinic,https://greatergoodhealth.com/patients/locations/idaho-falls,greatergoodhealth.com,Primary Care & Medical,"Idaho, USA",US,Candidate,,2026-09-08 12:10:09
Primary Health Medical Group - Meridian Crossroads,https://www.primaryhealth.com/our-clinics,primaryhealth.com,Primary Care & Medical,"Idaho, USA",US,Candidate,,2026-09-08 12:10:12
Full Circle Health Idaho Street Clinic,https://www.fullcircleidaho.org/patients,fullcircleidaho.org,Primary Care & Medical,"Idaho, USA",US,Candidate,,2026-09-08 12:10:16
River Family Health,http://www.riverfamilyhealth.com,riverfamilyhealth.com,Primary Care & Medical,"Idaho, USA",US,Candidate,,2026-09-08 12:10:17
Cda Primary Care,https://cdaprimarycare.com,cdaprimarycare.com,Primary Care & Medical,"Idaho, USA",US,Candidate,,2026-09-08 12:10:17
St. Luke's Clinic - Primary Care: Nampa,https://stlukesonline.org/en/get-care/locations/clinics/st-lukes-clinic-primary-care-nampa,stlukesonline.org,Primary Care & Medical,"Idaho, USA",US,Candidate,,2026-09-08 12:10:18
Gem State Direct Primary Care,http://gemstatedpc.com,gemstatedpc.com,Primary Care & Medical,"Idaho, USA",US,Candidate,,2026-09-08 12:10:20
Primary Care Providers of Chicago: Des Plaines,https://www.pcpofchicago.com,pcpofchicago.com,Primary Care & Medical,"Illinois, USA",US,Candidate,,2026-09-08 12:10:32
Prime Medical Group Illinois - Primary Care Chicago,https://www.primehealthcare.com/locations,primehealthcare.com,Primary Care & Medical,"Illinois, USA",US,Candidate,,2026-09-08 12:10:36
Primary Care Joliet,http://www.primarycarejoliet.com,primarycarejoliet.com,Primary Care & Medical,"Illinois, USA",US,Candidate,,2026-09-08 12:10:41
Primary Care Services,http://my-primarycare.com,my-primarycare.com,Primary Care & Medical,"Illinois, USA",US,Candidate,,2026-09-08 12:10:43
Central Primary Care,https://www.centralprimarycare.com/contact,centralprimarycare.com,Primary Care & Medical,"Illinois, USA",US,Candidate,,2026-09-08 12:10:44
Primary Care Plus,https://hospital.uillinois.edu/patients-and-visitors/locations/outpatient-care-center,hospital.uillinois.edu,Primary Care & Medical,"Illinois, USA",US,Candidate,,2026-09-08 12:10:46
Primary Care Associates,http://www.pricare.org,pricare.org,Primary Care & Medical,"Illinois, USA",US,Candidate,,2026-09-08 12:10:49
Ascension Medical Group Illinois - Primary Care Chicago,https://healthcare.ascension.org/locations/illinois/ilchi/chicago-ascension-medical-group-illinois-primary-care-chicago-at-711-w-north-ave,healthcare.ascension.org,Primary Care & Medical,"Illinois, USA",US,Candidate,,2026-09-08 12:10:50
Midwest Primary Care And Geriatrics,http://primarycarelisle.com,primarycarelisle.com,Primary Care & Medical,"Illinois, USA",US,Candidate,,2026-09-08 12:10:50
The Center For Primary Healthcare,https://www.cphealthcare.org,cphealthcare.org,Primary Care & Medical,"Illinois, USA",US,Candidate,,2026-09-08 12:10:53
Lincoln Park Primary Care,https://www.lpprimarycare.com,lpprimarycare.com,Primary Care & Medical,"Illinois, USA",US,Candidate,,2026-09-08 12:10:55
Park Primary Care,http://parkprimarycare.com,parkprimarycare.com,Primary Care & Medical,"Illinois, USA",US,Candidate,,2026-09-08 12:11:00
Chicago Direct Primary Care,https://chicagodpc.com,chicagodpc.com,Primary Care & Medical,"Illinois, USA",US,Candidate,,2026-09-08 12:11:01
Yorkville Primary Care,https://www.rush.edu/locations/rush-copley-medical-group-family-and-sports-medicine-yorkville,rush.edu,Primary Care & Medical,"Illinois, USA",US,Candidate,,2026-09-08 12:11:04
Simple Primary Care,https://simplepcp.com,simplepcp.com,Primary Care & Medical,"Illinois, USA",US,Candidate,,2026-09-08 12:11:05
IU Health Primary Care - Capital Center,https://iuhealth.org/find-locations/iu-health-primary-care-downtown-201-n-illinois-st-indianapolis,iuhealth.org,Primary Care & Medical,"Indiana, USA",US,Candidate,,2026-09-08 12:11:24
PrimaryCare Indy,https://primarycareindy.com,primarycareindy.com,Primary Care & Medical,"Indiana, USA",US,Candidate,,2026-09-08 12:11:26
Dragonfly Primary Care,https://www.dragonflyprimarycare.com,dragonflyprimarycare.com,Primary Care & Medical,"Indiana, USA",US,Candidate,,2026-09-08 12:11:29
Elysian Primary Care,https://www.elysianprimarycare.com,elysianprimarycare.com,Primary Care & Medical,"Indiana, USA",US,Candidate,,2026-09-08 12:11:34
St Mary Primary Care,http://www.stmaryadultmedicine.com,stmaryadultmedicine.com,Primary Care & Medical,"Indiana, USA",US,Candidate,,2026-09-08 12:11:36
Indiana Direct Primary Care,https://www.indianadirectprimarycare.com,indianadirectprimarycare.com,Primary Care & Medical,"Indiana, USA",US,Candidate,,2026-09-08 12:11:39
Muncie Primary Care,https://muncieprimarycare.com,muncieprimarycare.com,Primary Care & Medical,"Indiana, USA",US,Candidate,,2026-09-08 12:11:41
International Family Medicine & Urgent Care,https://www.ifmuc.com,ifmuc.com,Primary Care & Medical,"Indiana, USA",US,Candidate,,2026-09-08 12:11:45
Indiana Primary Care Associates,https://iimconline.com,iimconline.com,Primary Care & Medical,"Indiana, USA",US,Candidate,,2026-09-08 12:11:47
Ottumwa Primary Care,https://www.ottumwahealthgroup.com,ottumwahealthgroup.com,Primary Care & Medical,"Iowa, USA",US,Candidate,,2026-09-08 12:12:02
Iowa Specialty Hospitals and Clinics - Rockwell,https://www.iowaspecialtyhospital.com/locations/rockwell/rockwell-clinic,iowaspecialtyhospital.com,Primary Care & Medical,"Iowa, USA",US,Candidate,,2026-09-08 12:12:06
Primary Health Care Medical - West Side,https://phciowa.org/west,phciowa.org,Primary Care & Medical,"Iowa, USA",US,Candidate,,2026-09-08 12:12:07
The Iowa Clinic Family Medicine - West Des Moines Campus,https://www.iowaclinic.com/locations/the-iowa-clinic-west-des-moines-campus/family-medicine-west-des-moines,iowaclinic.com,Primary Care & Medical,"Iowa, USA",US,Candidate,,2026-09-08 12:12:12
University of Iowa Health Care Iowa City - First Avenue,https://uihc.org/locations/iowa-city-first-avenue,uihc.org,Primary Care & Medical,"Iowa, USA",US,Candidate,,2026-09-08 12:12:13
East Des Moines Family Care Center,https://www.unitypoint.org/locations/unitypoint-clinic-family-medicine---east-des-moinesla-clinica-de-la-esperanza,unitypoint.org,Primary Care & Medical,"Iowa, USA",US,Candidate,,2026-09-08 12:12:16
Physicians' Clinic of Iowa Walk-in Care,https://www.pcofiowa.com/get-care-now/walk-ins,pcofiowa.com,Primary Care & Medical,"Iowa, USA",US,Candidate,,2026-09-08 12:12:19
Family Medical Clinic-Iowa,https://www.compassmemorial.org/getpage.php,compassmemorial.org,Primary Care & Medical,"Iowa, USA",US,Candidate,,2026-09-08 12:12:22
Iowa Primary Care Association,http://www.iowapca.org,iowapca.org,Primary Care & Medical,"Iowa, USA",US,Candidate,,2026-09-08 12:12:23
Heartland Primary Care,https://sunflowermed.com/heartland-kansas-city-ks-clinic,sunflowermed.com,Primary Care & Medical,"Kansas, USA",US,Candidate,,2026-09-08 12:12:34
Ascentist Primary Care,http://www.ascentist.com,ascentist.com,Primary Care & Medical,"Kansas, USA",US,Candidate,,2026-09-08 12:12:36
Primary Care of Kansas,https://primarycareofkansas.com,primarycareofkansas.com,Primary Care & Medical,"Kansas, USA",US,Candidate,,2026-09-08 12:12:40
The University of Kansas Physicians Family Medicine Clinic,http://www.kumc.edu/school-of-medicine/family-medicine/map-and-directions.html,kumc.edu,Primary Care & Medical,"Kansas, USA",US,Candidate,,2026-09-08 12:12:44
Parkway Direct Primary Care Clinic,https://parkwaydirectprimarycareclinic.com,parkwaydirectprimarycareclinic.com,Primary Care & Medical,"Kansas, USA",US,Candidate,,2026-09-08 12:12:46
AdventHealth Medical Group Primary Care at State Avenue,https://www.adventhealth.com/locations/practices/adventhealth-medical-group/primary-care-state-avenue,adventhealth.com,Primary Care & Medical,"Kansas, USA",US,Candidate,,2026-09-08 12:12:48
Saint Luke's Perryman Primary Care-Plaza,http://www.saintlukeskc.org/locations/saint-lukes-perryman-primary-care-plaza,saintlukeskc.org,Primary Care & Medical,"Kansas, USA",US,Candidate,,2026-09-08 12:12:48
KC Primary Care Concierge Medical Practice,https://kcprimarycare.com,kcprimarycare.com,Primary Care & Medical,"Kansas, USA",US,Candidate,,2026-09-08 12:12:49
CenterWell Senior Primary Care,https://www.centerwellprimarycare.com/en/kansas-city/state-avenue.html,centerwellprimarycare.com,Primary Care & Medical,"Kansas, USA",US,Candidate,,2026-09-08 12:12:52
University Health Primary Care Center for Family Health,https://www.universityhealthkc.org/locations/university-health-primary-care-center-for-family-health,universityhealthkc.org,Primary Care & Medical,"Kansas, USA",US,Candidate,,2026-09-08 12:12:55
"Vital Primary Care, LLC",https://provider.kareo.com/alicia-jones-2,provider.kareo.com,Primary Care & Medical,"Kansas, USA",US,Candidate,,2026-09-08 12:12:58
NKC Health Primary Care North Kansas City,http://www.nkchealth.org/location/nkc-health-primary-care-north-kansas-city,nkchealth.org,Primary Care & Medical,"Kansas, USA",US,Candidate,,2026-09-08 12:13:00
Health Studio KC,http://www.healthstudiokc.com,healthstudiokc.com,Primary Care & Medical,"Kansas, USA",US,Candidate,,2026-09-08 12:13:02
CHI Saint Joseph Medical Group - Primary Care,https://www.chisaintjosephhealth.org/lexington-primary-care,chisaintjosephhealth.org,Primary Care & Medical,"Kentucky, USA",US,Candidate,,2026-09-08 12:13:16
Primary Care Centers of Eastern Kentucky,http://pccek.com,pccek.com,Primary Care & Medical,"Kentucky, USA",US,Candidate,,2026-09-08 12:13:24
CommonSpirit Medical Group - Primary Care - Fountain Court,https://www.commonspirit.org/find-a-location/commonspirit-medical-group-primary-care-fountain-court-3083,commonspirit.org,Primary Care & Medical,"Kentucky, USA",US,Candidate,,2026-09-08 12:13:24
Olive Health Direct Primary Care,https://olivehealthdpc.com,olivehealthdpc.com,Primary Care & Medical,"Kentucky, USA",US,Candidate,,2026-09-08 12:13:26
Primary Care Covington - St. Elizabeth Physicians,https://www.stelizabeth.com/location/details/primary-care-covington,stelizabeth.com,Primary Care & Medical,"Kentucky, USA",US,Candidate,,2026-09-08 12:13:29
Med Center Health Primary Care Franklin,https://medcenterhealth.org/hospitals/franklin/mcf-services/primary-care-franklin,medcenterhealth.org,Primary Care & Medical,"Kentucky, USA",US,Candidate,,2026-09-08 12:13:32
Our Family Direct Primary Care,https://ourfamilydpc.com,ourfamilydpc.com,Primary Care & Medical,"Kentucky, USA",US,Candidate,,2026-09-08 12:13:33
UK HealthCare Primary Care - Frankfort,https://ukhealthcare.uky.edu/locations/uk-healthcare-primary-care-frankfort,ukhealthcare.uky.edu,Primary Care & Medical,"Kentucky, USA",US,Candidate,,2026-09-08 12:13:35
NRMC Primary Care Clinic,https://www.nrmchospital.org/clinic/primary-care,nrmchospital.org,Primary Care & Medical,"Louisiana, USA",US,Candidate,,2026-09-08 12:13:53
South Louisiana Primary Care,http://www.southlapc.com,southlapc.com,Primary Care & Medical,"Louisiana, USA",US,Candidate,,2026-09-08 12:13:56
Lake Charles Primary Care,http://www.lakecharlesprimarycare.com,lakecharlesprimarycare.com,Primary Care & Medical,"Louisiana, USA",US,Candidate,,2026-09-08 12:13:58
LA PRIMARY CARE,https://lapcnola.com,lapcnola.com,Primary Care & Medical,"Louisiana, USA",US,Candidate,,2026-09-08 12:13:58
Primary Care Plus,https://www.primarycareplus.com/locations/primary-care-plus-lafayette,primarycareplus.com,Primary Care & Medical,"Louisiana, USA",US,Candidate,,2026-09-08 12:14:02
Southwest Louisiana Primary Health Care Center.,http://www.swlphc.org,swlphc.org,Primary Care & Medical,"Louisiana, USA",US,Candidate,,2026-09-08 12:14:02
Lourdes Physician Group - Primary Care,https://www.fmolhs.org/locations/acadiana/our-lady-of-lourdes-physician-group-primary-care-at-albertsons-parkway,fmolhs.org,Primary Care & Medical,"Louisiana, USA",US,Candidate,,2026-09-08 12:14:04
Plaquemines Primary Care,https://plaqueminesprimary.com,plaqueminesprimary.com,Primary Care & Medical,"Louisiana, USA",US,Candidate,,2026-09-08 12:14:06
The Baton Rouge Clinic,https://batonrougeclinic.com,batonrougeclinic.com,Primary Care & Medical,"Louisiana, USA",US,Candidate,,2026-09-08 12:14:06
North Oaks Primary Care,https://www.northoaks.org/Locations/North-Oaks-Primary-Care-Independence.aspx,northoaks.org,Primary Care & Medical,"Louisiana, USA",US,Candidate,,2026-09-08 12:14:10
Louisiana Primary Care Consultants,http://louisianaprimarycare.com,louisianaprimarycare.com,Primary Care & Medical,"Louisiana, USA",US,Candidate,,2026-09-08 12:14:15
Elite DPC | Direct Primary Care,https://www.elitedpc.com,elitedpc.com,Primary Care & Medical,"Louisiana, USA",US,Candidate,,2026-09-08 12:14:16
MainelyNP Primary Care,https://www.mainelynp.com,mainelynp.com,Primary Care & Medical,"Maine, USA",US,Candidate,,2026-09-08 12:14:30
Mainely Primary Care,https://www.mainelyprimarycare.com,mainelyprimarycare.com,Primary Care & Medical,"Maine, USA",US,Candidate,,2026-09-08 12:14:32
Casco Bay Direct Primary Care,https://www.cascobaydpc.com,cascobaydpc.com,Primary Care & Medical,"Maine, USA",US,Candidate,,2026-09-08 12:14:34
ConvenientMD Primary Care,https://convenientmd.com/primary-care,convenientmd.com,Primary Care & Medical,"Maine, USA",US,Candidate,,2026-09-08 12:14:36
MaineHealth Primary Care - Family Medicine - Maine St - Brunswick,https://www.mainehealth.org/Mid-Coast-Hospital/Services/Primary-Care,mainehealth.org,Primary Care & Medical,"Maine, USA",US,Candidate,,2026-09-08 12:14:40
Scarborough Direct Primary Care,http://www.scarboroughdpc.com,scarboroughdpc.com,Primary Care & Medical,"Maine, USA",US,Candidate,,2026-09-08 12:14:43
MaineHealth Primary Care - Family Medicine - Station Ave - Brunswick,https://www.midcoasthealth.com/mcmg/primary-care/primary-care,midcoasthealth.com,Primary Care & Medical,"Maine, USA",US,Candidate,,2026-09-08 12:14:48
Winter Pine Direct Primary Care,http://winterpinedpc.com,winterpinedpc.com,Primary Care & Medical,"Maine, USA",US,Candidate,,2026-09-08 12:14:50
Penobscot Valley Primary Care,https://pvhme.org/services/penobscot-valley-primary-care,pvhme.org,Primary Care & Medical,"Maine, USA",US,Candidate,,2026-09-08 12:14:53
Trinity Direct Primary Care,https://www.trinitydirectprimarycare.com,trinitydirectprimarycare.com,Primary Care & Medical,"Maine, USA",US,Candidate,,2026-09-08 12:14:53
Brunswick Primary Care,http://www.cmmc.org/cmmg-practice-details,cmmc.org,Primary Care & Medical,"Maine, USA",US,Candidate,,2026-09-08 12:15:00
Northern Light Primary Care,https://northernlighthealth.org/Our-System/Eastern-Maine-Medical-Center/Locations/Primary-Care-Hampden,northernlighthealth.org,Primary Care & Medical,"Maine, USA",US,Candidate,,2026-09-08 12:15:06
Maryland Primary Care and Wellness,http://maryland-primarycare.com,maryland-primarycare.com,Primary Care & Medical,"Maryland, USA",US,Candidate,,2026-09-08 12:15:18
Primary Coastal Care,https://primarycoastalcare.com,primarycoastalcare.com,Primary Care & Medical,"Maryland, USA",US,Candidate,,2026-09-08 12:15:21
Maryland Primary Care,https://www.mdicare.com,mdicare.com,Primary Care & Medical,"Maryland, USA",US,Candidate,,2026-09-08 12:15:22
EC Primary Care Physicians,https://www.primarycare-doctor.com,primarycare-doctor.com,Primary Care & Medical,"Maryland, USA",US,Candidate,,2026-09-08 12:15:25
PrimeDoc Primary Care-Columbia,https://primedoc.com/location/columbia-md,primedoc.com,Primary Care & Medical,"Maryland, USA",US,Candidate,,2026-09-08 12:15:27
CloseKnit Primary Care,https://www.closeknit.com/locations/college-park,closeknit.com,Primary Care & Medical,"Maryland, USA",US,Candidate,,2026-09-08 12:15:28
Maryland Primary Care Clinic,https://www.mdprimarycareclinic.com,mdprimarycareclinic.com,Primary Care & Medical,"Maryland, USA",US,Candidate,,2026-09-08 12:15:29
Happy Family Care & Clinic,https://hfcmedical.com,hfcmedical.com,Primary Care & Medical,"Maryland, USA",US,Candidate,,2026-09-08 12:15:29
Primary Care Associates of Maryland,http://www.pricaremd.com,pricaremd.com,Primary Care & Medical,"Maryland, USA",US,Candidate,,2026-09-08 12:15:32
FirstChoice Primary Care,http://www.firstchoiceprimary.com,firstchoiceprimary.com,Primary Care & Medical,"Maryland, USA",US,Candidate,,2026-09-08 12:15:34
Optimum Primary Health and Wellness Center LLC,https://optimumprimaryhealth.com,optimumprimaryhealth.com,Primary Care & Medical,"Maryland, USA",US,Candidate,,2026-09-08 12:15:37
First Medical Associates,https://drsfirst.com/location/germantown,drsfirst.com,Primary Care & Medical,"Maryland, USA",US,Candidate,,2026-09-08 12:15:40
Primary Care of Silver Spring,http://www.pcpsilverspring.com,pcpsilverspring.com,Primary Care & Medical,"Maryland, USA",US,Candidate,,2026-09-08 12:15:44
Aurora Primary Care - Direct Primary Care Clinic,https://www.auroraprimarycare.com,auroraprimarycare.com,Primary Care & Medical,"Maryland, USA",US,Candidate,,2026-09-08 12:15:45
"Capital City Primary and Immediate Care - Fernando Porter, MD",http://www.capitalcitydocs.com,capitalcitydocs.com,Primary Care & Medical,"Maryland, USA",US,Candidate,,2026-09-08 12:15:48
617 PRIMARY CARE,https://617primarycare.com,617primarycare.com,Primary Care & Medical,"Massachusetts, USA",US,Candidate,,2026-09-08 12:16:00
Adult Primary Care at Boston Medical Center,https://www.bmc.org/departments/adult-primary-care,bmc.org,Primary Care & Medical,"Massachusetts, USA",US,Candidate,,2026-09-08 12:16:00
Massachusetts General Hospital: Primary Care,http://www.massgeneral.org/primarycare,massgeneral.org,Primary Care & Medical,"Massachusetts, USA",US,Candidate,,2026-09-08 12:16:04
"CHA Primary Care, One Cabot",https://www.challiance.org/locations/medford/cha-primary-care-one-cabot,challiance.org,Primary Care & Medical,"Massachusetts, USA",US,Candidate,,2026-09-08 12:16:06
Primary Care at Boston Medical Center – Brighton,https://www.bmchealthsystem.org/bmc-brighton/departments/primary-care/11-nevins,bmchealthsystem.org,Primary Care & Medical,"Massachusetts, USA",US,Candidate,,2026-09-08 12:16:07
Lowell Family Medical Care - Primary Care,https://lowellfamily.com,lowellfamily.com,Primary Care & Medical,"Massachusetts, USA",US,Candidate,,2026-09-08 12:16:09
Revere Medical - Brookline Primary Care,https://www.reveremedical.com/locations/brookline-primary-care,reveremedical.com,Primary Care & Medical,"Massachusetts, USA",US,Candidate,,2026-09-08 12:16:11
Harvard Primary Care,http://www.umassmemorialhealthcare.org,umassmemorialhealthcare.org,Primary Care & Medical,"Massachusetts, USA",US,Candidate,,2026-09-08 12:16:12
Mass General Downtown Primary Care,https://www.massgeneralbrigham.org/en/locations/boston-ma/mass-general-brigham-downtown-crossing-loc0000280871,massgeneralbrigham.org,Primary Care & Medical,"Massachusetts, USA",US,Candidate,,2026-09-08 12:16:13
Primary Care Physicians,http://www.stvincenthospital.com,stvincenthospital.com,Primary Care & Medical,"Massachusetts, USA",US,Candidate,,2026-09-08 12:16:14
Primary Care Family Center,http://www.pcfcmalden.com,pcfcmalden.com,Primary Care & Medical,"Massachusetts, USA",US,Candidate,,2026-09-08 12:16:16
Primary Providers,https://myprimaryproviders.com,myprimaryproviders.com,Primary Care & Medical,"Massachusetts, USA",US,Candidate,,2026-09-08 12:16:16
Beth Israel Lahey Health Primary Care Center,https://bilh.org/locations/primary-care-center,bilh.org,Primary Care & Medical,"Massachusetts, USA",US,Candidate,,2026-09-08 12:16:19
Davis Square Family Practice,http://www.dsfamilypractice.com,dsfamilypractice.com,Primary Care & Medical,"Massachusetts, USA",US,Candidate,,2026-09-08 12:16:29
Family Medicine Associates,https://www.ummhealth.org/locations/milford-regional/family-medicine-associates,ummhealth.org,Primary Care & Medical,"Massachusetts, USA",US,Candidate,,2026-09-08 12:16:30
Family Medical,http://www.familymedical.health,familymedical.health,Primary Care & Medical,"Massachusetts, USA",US,Candidate,,2026-09-08 12:16:32
Family Medical Associates,https://www.fammedpractice.com,fammedpractice.com,Primary Care & Medical,"Massachusetts, USA",US,Candidate,,2026-09-08 12:16:33
Boston Medical Center: Family Medicine Center,http://www.bu.edu/familymed,bu.edu,Primary Care & Medical,"Massachusetts, USA",US,Candidate,,2026-09-08 12:16:36
Bourne Family Medicine,https://physicians.capecodhealth.org/ma/bourne/118c-waterhouse-road-zweig.html,physicians.capecodhealth.org,Primary Care & Medical,"Massachusetts, USA",US,Candidate,,2026-09-08 12:16:38
Freedom Doctors - Primary Care,https://www.freedom-doctors.com/dpc,freedom-doctors.com,Primary Care & Medical,"Massachusetts, USA",US,Candidate,,2026-09-08 12:16:40
Family Medicine North,http://congenialhealthcare.org,congenialhealthcare.org,Primary Care & Medical,"Massachusetts, USA",US,Candidate,,2026-09-08 12:16:41
Blackstone Valley Family Physicians,https://www.milfordregionalphysicians.org/practices/blackstone-valley-family-physicians,milfordregionalphysicians.org,Primary Care & Medical,"Massachusetts, USA",US,Candidate,,2026-09-08 12:16:43
Tufts University Family Medicine Residency at Cambridge Health Alliance,http://medicine.tufts.edu/Education/Academic-Departments/Clinical-Departments/Family-Medicine/Master-Teacher-Fellowship,medicine.tufts.edu,Primary Care & Medical,"Massachusetts, USA",US,Candidate,,2026-09-08 12:16:44
Mercy Family Practice,https://www.heywood.org/providers/rebecca-m-worden-md,heywood.org,Primary Care & Medical,"Massachusetts, USA",US,Candidate,,2026-09-08 12:16:44
Cornerstone Family Medicine,https://cornerstonefamilydirect.org,cornerstonefamilydirect.org,Primary Care & Medical,"Massachusetts, USA",US,Candidate,,2026-09-08 12:16:45
Primary Care Center,https://www.medicalpcc.com,medicalpcc.com,Primary Care & Medical,"Michigan, USA",US,Candidate,,2026-09-08 12:16:57
Plum Health Direct Primary Care,http://www.plumhealthdpc.com,plumhealthdpc.com,Primary Care & Medical,"Michigan, USA",US,Candidate,,2026-09-08 12:16:58
"Michigan Primary Care, PLLC",https://www.michiganprimarycare.net,michiganprimarycare.net,Primary Care & Medical,"Michigan, USA",US,Candidate,,2026-09-08 12:17:00
Michigan Primary Care Partners,https://www.michiganprimarycarepartners.com,michiganprimarycarepartners.com,Primary Care & Medical,"Michigan, USA",US,Yes,"pt><script defer src=""https://book.getweave.com/text-connect/11c2be8c-2972-45",2026-09-08 12:17:02
Primary Care of Michigan,http://www.primarycareofmi.com,primarycareofmi.com,Primary Care & Medical,"Michigan, USA",US,Candidate,,2026-09-08 12:17:03
Pulse Primary Care,https://www.pulseprimary.com,pulseprimary.com,Primary Care & Medical,"Michigan, USA",US,Candidate,,2026-09-08 12:17:08
Mercy Primary Care Center,http://mercyprimarycare.com,mercyprimarycare.com,Primary Care & Medical,"Michigan, USA",US,Candidate,,2026-09-08 12:17:10
River Oaks Primary Care,https://riveroaksprimarycare.org,riveroaksprimarycare.org,Primary Care & Medical,"Michigan, USA",US,Candidate,,2026-09-08 12:17:12
Pelham Primary Care,http://www.pelhamprimarycare.com,pelhamprimarycare.com,Primary Care & Medical,"Michigan, USA",US,Candidate,,2026-09-08 12:17:13
Primary Care Plus DPC – Westland Direct Primary Care,https://www.plusdpc.com,plusdpc.com,Primary Care & Medical,"Michigan, USA",US,Candidate,,2026-09-08 12:17:17
DMC Metropolitan Primary Care Center,https://www.dmc.org/locations/detail/metropolitan-primary-care-center,dmc.org,Primary Care & Medical,"Michigan, USA",US,Candidate,,2026-09-08 12:17:17
Michigan Ave Primary Care | University of Michigan Health-Sparrow,https://www.uofmhealthsparrow.org/departments-conditions/all-departments/primary-care-practices/michigan-ave-primary-care,uofmhealthsparrow.org,Primary Care & Medical,"Michigan, USA",US,Candidate,,2026-09-08 12:17:18
Superior Primary Care,https://superiorprimarycare.com,superiorprimarycare.com,Primary Care & Medical,"Minnesota, USA",US,Candidate,,2026-09-08 12:17:30
Evergreen Primary Care,http://epcmn.org,epcmn.org,Primary Care & Medical,"Minnesota, USA",US,Candidate,,2026-09-08 12:17:33
Minneapolis Health Clinic,http://www.minneapolishealthclinic.com,minneapolishealthclinic.com,Primary Care & Medical,"Minnesota, USA",US,Candidate,,2026-09-08 12:17:33
M Health Fairview Primary Care Clinic - Fulton,https://www.mhealthfairview.org/department/primary-care,mhealthfairview.org,Primary Care & Medical,"Minnesota, USA",US,Candidate,,2026-09-08 12:17:34
University of Minnesota Physicians Mill City Clinic,https://mphysicians.org/our-clinics/mill-city-clinic,mphysicians.org,Primary Care & Medical,"Minnesota, USA",US,Candidate,,2026-09-08 12:17:35
True North Direct Primary Care,https://truenorthdpc.com,truenorthdpc.com,Primary Care & Medical,"Minnesota, USA",US,Candidate,,2026-09-08 12:17:37
Medina Medical Clinic,https://www.medinamedicalclinics.com,medinamedicalclinics.com,Primary Care & Medical,"Minnesota, USA",US,Candidate,,2026-09-08 12:17:40
East Side Family Clinic,http://www.mncare.org,mncare.org,Primary Care & Medical,"Minnesota, USA",US,Candidate,,2026-09-08 12:17:49
Children’s Minnesota Primary Care Clinic – Minneapolis,https://www.childrensmn.org/locations/minneapolis/primary-care,childrensmn.org,Primary Care & Medical,"Minnesota, USA",US,Candidate,,2026-09-08 12:17:50
Mayo Family Clinic Southeast,https://communityhealth.mayoclinic.org/locations/southeast-clinic,communityhealth.mayoclinic.org,Primary Care & Medical,"Minnesota, USA",US,Candidate,,2026-09-08 12:17:50
Mperial Health,http://mperialhealth.com,mperialhealth.com,Primary Care & Medical,"Minnesota, USA",US,Candidate,,2026-09-08 12:17:53
My Healthy Family Direct Primary Care,https://www.myhealthyfamilydpc.com,myhealthyfamilydpc.com,Primary Care & Medical,"Minnesota, USA",US,Candidate,,2026-09-08 12:17:59
North Memorial Health Clinic - St. Anthony,https://northmemorial.com/location/st-anthony,northmemorial.com,Primary Care & Medical,"Minnesota, USA",US,Candidate,,2026-09-08 12:18:00
Simplicity Health,http://www.simplicityhealthmn.com,simplicityhealthmn.com,Primary Care & Medical,"Minnesota, USA",US,Candidate,,2026-09-08 12:18:06
North Star Family Medicine,http://www.northstarfamilymedicine.org,northstarfamilymedicine.org,Primary Care & Medical,"Minnesota, USA",US,Candidate,,2026-09-08 12:18:07
West Point Primary Care,https://www.nmhs.net/Locations/West-Point-Primary-Care,nmhs.net,Primary Care & Medical,"Mississippi, USA",US,Candidate,,2026-09-08 12:18:23
Baptist Medical Group - Pearl Primary Care,http://www.baptistmedicalclinic.org,baptistmedicalclinic.org,Primary Care & Medical,"Mississippi, USA",US,Candidate,,2026-09-08 12:18:26
Primary Care Clinic,http://www.choctawhealthcenter.org,choctawhealthcenter.org,Primary Care & Medical,"Mississippi, USA",US,Candidate,,2026-09-08 12:18:27
South Central Primary Care Services,https://scrmc.com/clinics/scprimarycareservices,scrmc.com,Primary Care & Medical,"Mississippi, USA",US,Candidate,,2026-09-08 12:18:29
Cornerstone Family Medical Center,http://cornerstone-familymedical.com,cornerstone-familymedical.com,Primary Care & Medical,"Mississippi, USA",US,Candidate,,2026-09-08 12:18:30
NWMRMC OPT Clinic- Primary Care,https://www.nwmrmc.org,nwmrmc.org,Primary Care & Medical,"Mississippi, USA",US,Candidate,,2026-09-08 12:18:32
Baptist Anderson Family Medical Center- Airpark,https://www.baptistonline.org/locations,baptistonline.org,Primary Care & Medical,"Mississippi, USA",US,Candidate,,2026-09-08 12:18:35
UMMC Greenwood Primary Care Clinic,https://umc.edu/locations/UMMC_Greenwood_Primary_Care_Clinic,umc.edu,Primary Care & Medical,"Mississippi, USA",US,Candidate,,2026-09-08 12:18:39
Ochsner Health Center - Union,https://www.rushhealthsystems.org/clinics/family-medical-group-of-union,rushhealthsystems.org,Primary Care & Medical,"Mississippi, USA",US,Candidate,,2026-09-08 12:18:45
Primary Care Clinic,https://www.muhealth.org/locations/primary-care-clinic,muhealth.org,Primary Care & Medical,"Missouri, USA",US,Candidate,,2026-09-08 12:19:03
Liberty Family Medicine,https://libertyfamilymed.com,libertyfamilymed.com,Primary Care & Medical,"Missouri, USA",US,Candidate,,2026-09-08 12:19:06
"Ozarks Direct Primary Care, formerly Just the Doc",http://www.ozarksdirectprimarycare.com,ozarksdirectprimarycare.com,Primary Care & Medical,"Missouri, USA",US,Candidate,,2026-09-08 12:19:09
Direct Primary Care Clinics,https://www.dpcareclinics.com,dpcareclinics.com,Primary Care & Medical,"Missouri, USA",US,Candidate,,2026-09-08 12:19:14
Malden Primary Care,https://www.missouridelta.com/clinics/malden-primary-care,missouridelta.com,Primary Care & Medical,"Missouri, USA",US,Candidate,,2026-09-08 12:19:22
Mercy Clinic Primary Care - Union,https://www.mercy.net/practice/mercy-clinic-primary-care-union,mercy.net,Primary Care & Medical,"Missouri, USA",US,Candidate,,2026-09-08 12:19:25
Boone Health Primary Care - Ashland,https://boone.health/services/primary-care/boone-medical-group-ashland,boone.health,Primary Care & Medical,"Missouri, USA",US,Candidate,,2026-09-08 12:19:27
BJC Medical Group Primary Care at Missouri Baptist Medical Center,https://www.bjcmedicalgroup.org/Find-a-Location/Associated-Internists,bjcmedicalgroup.org,Primary Care & Medical,"Missouri, USA",US,Candidate,,2026-09-08 12:19:28
Complete Family Medicine Paris Clinic,https://www.cfmcares.com/about-us/location-hours/complete-family-medicine/21/location-details,cfmcares.com,Primary Care & Medical,"Missouri, USA",US,Candidate,,2026-09-08 12:19:32
Billings Clinic Bozeman Primary Care,https://www.billingsclinic.com/care-at-billings-clinic/care-locations-and-directions/location-profile/billings-clinic-bozeman,billingsclinic.com,Primary Care & Medical,"Montana, USA",US,Candidate,,2026-09-08 12:19:49
Bozeman Primary Care,https://bozemanprimarycare.com,bozemanprimarycare.com,Primary Care & Medical,"Montana, USA",US,Candidate,,2026-09-08 12:19:49
Glasgow Clinic Primary Care,https://fmdh.org/glasgow-clinic-primary-care,fmdh.org,Primary Care & Medical,"Montana, USA",US,Candidate,,2026-09-08 12:19:53
Community Physician Group - Primary Care,https://www.communityphysiciangroup.org/cpg-primarycare,communityphysiciangroup.org,Primary Care & Medical,"Montana, USA",US,Candidate,,2026-09-08 12:19:57
Intermountain Health Absarokee Clinic - Family Medicine,https://intermountainhealthcare.org/locations/absarokee-clinic-family-medicine,intermountainhealthcare.org,Primary Care & Medical,"Montana, USA",US,Candidate,,2026-09-08 12:19:57
Headwaters Direct Primary Care,http://headwatersdpc.com,headwatersdpc.com,Primary Care & Medical,"Montana, USA",US,Candidate,,2026-09-08 12:19:58
Community Medical Center,https://communitymed.org,communitymed.org,Primary Care & Medical,"Montana, USA",US,Candidate,,2026-09-08 12:20:02
Logan Health Primary Care - Lakeside,https://www.logan.org/location/logan-health-primary-care-lakeside,logan.org,Primary Care & Medical,"Montana, USA",US,Candidate,,2026-09-08 12:20:03
Montana Primary Care Association,https://www.mtpca.org,mtpca.org,Primary Care & Medical,"Montana, USA",US,Candidate,,2026-09-08 12:20:05
Western Montana Clinic,http://www.westernmontanaclinic.com,westernmontanaclinic.com,Primary Care & Medical,"Montana, USA",US,Candidate,,2026-09-08 12:20:06
Bozeman Health Family Medicine Clinics,https://bozemanhealth.org/bozeman-health-family-medicine,bozemanhealth.org,Primary Care & Medical,"Montana, USA",US,Candidate,,2026-09-08 12:20:11
Great Falls Clinic (Main),http://gfclinic.com,gfclinic.com,Primary Care & Medical,"Montana, USA",US,Candidate,,2026-09-08 12:20:13
Missouri River Healthcare,http://missouririverhealthcare.com,missouririverhealthcare.com,Primary Care & Medical,"Montana, USA",US,Candidate,,2026-09-08 12:20:18
Nebraska Medicine Family Medicine Clinic at Bellevue Health Center,https://www.nebraskamed.com/bellevue/family-medicine-clinic,nebraskamed.com,Primary Care & Medical,"Nebraska, USA",US,Candidate,,2026-09-08 12:20:34
Utica Family Medical Center,https://www.mhcs.us/clinics/utica-family-medical-center,mhcs.us,Primary Care & Medical,"Nebraska, USA",US,Candidate,,2026-09-08 12:20:36
Primary Care Partners,https://www.primarycarepartnersne.com,primarycarepartnersne.com,Primary Care & Medical,"Nebraska, USA",US,Candidate,,2026-09-08 12:20:42
Midwest Primary Care,https://midwestprimarycare.org,midwestprimarycare.org,Primary Care & Medical,"Nebraska, USA",US,Candidate,,2026-09-08 12:20:46
Cheney Ridge Family Medical Clinic,https://www.bryanhealth.com/locations/profile/cheney-ridge-family-clinic,bryanhealth.com,Primary Care & Medical,"Nebraska, USA",US,Candidate,,2026-09-08 12:20:48
Bluestem Health - Main Clinic,https://www.bluestemlincoln.com,bluestemlincoln.com,Primary Care & Medical,"Nebraska, USA",US,Candidate,,2026-09-08 12:20:49
CHI Health Clinic Direct Primary Care (W Center),https://providers.chihealth.com/l/chi-health-clinic-direct-primary-care-w-center-39,providers.chihealth.com,Primary Care & Medical,"Nebraska, USA",US,Candidate,,2026-09-08 12:20:50
UNMC Family Medicine Clinic,https://www.unmc.edu/familymed,unmc.edu,Primary Care & Medical,"Nebraska, USA",US,Candidate,,2026-09-08 12:20:54
Southern Nevada Family Medicine,https://snfamilymedicine.com,snfamilymedicine.com,Primary Care & Medical,"Nevada, USA",US,Candidate,,2026-09-08 12:21:08
Primary Care,https://medicarelasvegasdoctors.com,medicarelasvegasdoctors.com,Primary Care & Medical,"Nevada, USA",US,Candidate,,2026-09-08 12:21:10
ALBA FAMILY CLINIC - Clinica Medica Latina Las Vegas NV,https://albafamilyclinic.health,albafamilyclinic.health,Primary Care & Medical,"Nevada, USA",US,Candidate,,2026-09-08 12:21:12
Henderson Primary Care,https://www.hendersonprimarycare.com,hendersonprimarycare.com,Primary Care & Medical,"Nevada, USA",US,Candidate,,2026-09-08 12:21:16
UMC Primary Care - Aliante,http://umcsn.com/primarycare,umcsn.com,Primary Care & Medical,"Nevada, USA",US,Candidate,,2026-09-08 12:21:18
Healor Primary Care Clinic Las Vegas,https://healor.com/las-vegas-nv,healor.com,Primary Care & Medical,"Nevada, USA",US,Candidate,,2026-09-08 12:21:21
Canyon Medical Center,http://canyonmedicalcenterlv.com,canyonmedicalcenterlv.com,Primary Care & Medical,"Nevada, USA",US,Candidate,,2026-09-08 12:21:23
Paradise Primary Care,https://www.paradiseprimarycare.com,paradiseprimarycare.com,Primary Care & Medical,"Nevada, USA",US,Candidate,,2026-09-08 12:21:24
Nevada Health Centers - Cambridge Family Health Center,http://www.nevadahealthcenters.org,nevadahealthcenters.org,Primary Care & Medical,"Nevada, USA",US,Candidate,,2026-09-08 12:21:24
HealthFirst Family Care Center,https://healthfirstfamily.org,healthfirstfamily.org,Primary Care & Medical,"New Hampshire, USA",US,Candidate,,2026-09-08 12:21:38
Primary Care of Hudson,https://www.snhhealth.org/our-locations/practice-locations/primary-care/primary-care-of-hudson,snhhealth.org,Primary Care & Medical,"New Hampshire, USA",US,Candidate,,2026-09-08 12:21:40
Orchard Medical Group,https://orchardmedgroup.com,orchardmedgroup.com,Primary Care & Medical,"New Hampshire, USA",US,Candidate,,2026-09-08 12:21:53
DMC Primary Care at Bedford,https://dmcprimarycare.com,dmcprimarycare.com,Primary Care & Medical,"New Hampshire, USA",US,Candidate,,2026-09-08 12:21:58
Integra Direct Primary Care,http://www.integradpc.com,integradpc.com,Primary Care & Medical,"New Hampshire, USA",US,Candidate,,2026-09-08 12:22:00
Wild Prairie Primary Care PLLC,https://www.wildprairieprimarycare.com,wildprairieprimarycare.com,Primary Care & Medical,"New Hampshire, USA",US,Candidate,,2026-09-08 12:22:02
Upper Valley Direct Primary Care,https://uvdpc.com,uvdpc.com,Primary Care & Medical,"New Hampshire, USA",US,Candidate,,2026-09-08 12:22:04
Valley Regional Primary Care,http://vrh.org,vrh.org,Primary Care & Medical,"New Hampshire, USA",US,Candidate,,2026-09-08 12:22:05
St. Joseph Hospital Family Medicine & Specialty Services - Milford,https://stjosephhospital.com/locations/family-medicine-specialty-services-milford,stjosephhospital.com,Primary Care & Medical,"New Hampshire, USA",US,Candidate,,2026-09-08 12:22:09
Delphi Enhanced Primary Care,https://www.delphihc.com,delphihc.com,Primary Care & Medical,"New Hampshire, USA",US,Candidate,,2026-09-08 12:22:14
Family Health Center,https://familyhealthcenterlebanon.org,familyhealthcenterlebanon.org,Primary Care & Medical,"New Hampshire, USA",US,Candidate,,2026-09-08 12:22:15
CMC Primary Care - Lakeview Internal Medicine,https://www.catholicmedicalcenter.org/about-us/locations/lakeview-internal-medicine/default.aspx,catholicmedicalcenter.org,Primary Care & Medical,"New Hampshire, USA",US,Candidate,,2026-09-08 12:22:20
Maple Family Health,http://www.maplefamilyhealth.com,maplefamilyhealth.com,Primary Care & Medical,"New Hampshire, USA",US,Candidate,,2026-09-08 12:22:22
NJ Primary Care,https://njprimary.com,njprimary.com,Primary Care & Medical,"New Jersey, USA",US,Candidate,,2026-09-08 12:22:35
NJ Primary Care Clinic,https://www.njprimarycareclinic.com,njprimarycareclinic.com,Primary Care & Medical,"New Jersey, USA",US,Candidate,,2026-09-08 12:22:36
Somerset Primary Care,https://somersetprimarycare.net,somersetprimarycare.net,Primary Care & Medical,"New Jersey, USA",US,Candidate,,2026-09-08 12:22:36
Jersey Family Health | Adult & Pediatric Primary Care,https://www.jerseyfamilyhealth.com,jerseyfamilyhealth.com,Primary Care & Medical,"New Jersey, USA",US,Candidate,,2026-09-08 12:22:39
Primary Care Providers,https://www.mirelleantiaging.com,mirelleantiaging.com,Primary Care & Medical,"New Jersey, USA",US,Candidate,,2026-09-08 12:22:42
Primary Care of New Brunswick,http://primarycarenb.com,primarycarenb.com,Primary Care & Medical,"New Jersey, USA",US,Candidate,,2026-09-08 12:22:44
Primary Care Center,http://www.rwjuh.edu/pcc/pcc.aspx,rwjuh.edu,Primary Care & Medical,"New Jersey, USA",US,Candidate,,2026-09-08 12:22:51
Englewood Health Physician Network - Primary Care at Jersey City,https://www.englewoodhealth.org/locations/primary-care-jersey-city,englewoodhealth.org,Primary Care & Medical,"New Jersey, USA",US,Candidate,,2026-09-08 12:22:51
North Jersey Primary Care,http://www.hackensackumc.org,hackensackumc.org,Primary Care & Medical,"New Jersey, USA",US,Candidate,,2026-09-08 12:22:54
Hudson County Primary Care,http://www.hcprimarycare.com,hcprimarycare.com,Primary Care & Medical,"New Jersey, USA",US,Candidate,,2026-09-08 12:22:55
Mountainside Medical Group - Primary Care & Sports Medicine,https://mountainsidemedicalcenter.com/location/mountainsidemedicalgroupinternalmedicineglenridge,mountainsidemedicalcenter.com,Primary Care & Medical,"New Jersey, USA",US,Candidate,,2026-09-08 12:22:57
New Jersey Medical Pa,https://www.njmedpa.com,njmedpa.com,Primary Care & Medical,"New Jersey, USA",US,Candidate,,2026-09-08 12:22:59
Lakewood Primary Care,https://www.hackensackmeridianhealth.org/en/locations/hmh-primary-care-lakewood,hackensackmeridianhealth.org,Primary Care & Medical,"New Jersey, USA",US,Candidate,,2026-09-08 12:23:02
"Complete Primary Care: Rabin Rozehzadeh, MD",https://www.completeprimarycare.com,completeprimarycare.com,Primary Care & Medical,"New Jersey, USA",US,Candidate,,2026-09-08 12:23:04
"New Jersey Family Medical: Dr. Robert Lukenda, Dr. Lynn Colombo, Beth Scaldino APN",http://www.njfamilymedical.com,njfamilymedical.com,Primary Care & Medical,"New Jersey, USA",US,Candidate,,2026-09-08 12:23:13
Westside Family Medicine,https://wfmnyc.com/westside-family-medicine-jersey-city,wfmnyc.com,Primary Care & Medical,"New Jersey, USA",US,Candidate,,2026-09-08 12:23:14
Farmingdale Family Practice,https://vanguardmedgroup.com/contact/farmingdale-office,vanguardmedgroup.com,Primary Care & Medical,"New Jersey, USA",US,Candidate,,2026-09-08 12:23:16
South Jersey Family Medicine,http://www.sjfmedicine.com,sjfmedicine.com,Primary Care & Medical,"New Jersey, USA",US,Candidate,,2026-09-08 12:23:17
union family medicine,https://www.unionfamilymedicine.com,unionfamilymedicine.com,Primary Care & Medical,"New Jersey, USA",US,Candidate,,2026-09-08 12:23:19
New Jersey Family Practice Center,http://njms.rutgers.edu/departments/family_medicine/njfpc,njms.rutgers.edu,Primary Care & Medical,"New Jersey, USA",US,Candidate,,2026-09-08 12:23:21
Raritan Family Healthcare,http://www.raritanfamily.com,raritanfamily.com,Primary Care & Medical,"New Jersey, USA",US,Candidate,,2026-09-08 12:23:23
Family First Primary Physicians,https://familyfirst-urgentcare.com,familyfirst-urgentcare.com,Primary Care & Medical,"New Jersey, USA",US,Candidate,,2026-09-08 12:23:25
Maplewood Family Medicine,https://ahs.atlantichealth.org/locations/atlantic-medical-group/maplewood-family-medicine.html,ahs.atlantichealth.org,Primary Care & Medical,"New Jersey, USA",US,Candidate,,2026-09-08 12:23:28
Monroe Family Medicine,https://monroefamilymedicine.com,monroefamilymedicine.com,Primary Care & Medical,"New Jersey, USA",US,Candidate,,2026-09-08 12:23:30
Family Health Center,https://www.summithealth.com/locations/montclair-48-50-fairfield-street,summithealth.com,Primary Care & Medical,"New Jersey, USA",US,Candidate,,2026-09-08 12:23:31
Duke City Primary Care,https://www.dukecityprimarycare.com,dukecityprimarycare.com,Primary Care & Medical,"New Mexico, USA",US,Candidate,,2026-09-08 12:23:38
Rio Grande Family Medicine,http://www.rgfmnm.com,rgfmnm.com,Primary Care & Medical,"New Mexico, USA",US,Candidate,,2026-09-08 12:23:41
New Mexico Family Medicine LLC,https://newmexicofamilymedicine.com,newmexicofamilymedicine.com,Primary Care & Medical,"New Mexico, USA",US,Candidate,,2026-09-08 12:23:41
"New Mexico Primary Care Group, P.C.",http://nmpcg.org,nmpcg.org,Primary Care & Medical,"New Mexico, USA",US,Candidate,,2026-09-08 12:23:43
New Mexico Family Clinic LLC,https://familyclinicnm.com,familyclinicnm.com,Primary Care & Medical,"New Mexico, USA",US,Candidate,,2026-09-08 12:23:44
Eastern New Mexico Medical Group - Valley Family Care,https://www.easternnewmexicomedicalgroup.com/our-locations/valley-family-care-2520,easternnewmexicomedicalgroup.com,Primary Care & Medical,"New Mexico, USA",US,Candidate,,2026-09-08 12:23:48
Aspen Medical Center Urgent Care and Primary Care,https://aspenmedicalcenter.com,aspenmedicalcenter.com,Primary Care & Medical,"New Mexico, USA",US,Candidate,,2026-09-08 12:23:49
Rio Grande Primary Care and Walk-In Clinic,https://riograndeprimarycare.com,riograndeprimarycare.com,Primary Care & Medical,"New Mexico, USA",US,Candidate,,2026-09-08 12:23:50
Grants Family Health Center,https://www.pmsnm.org/locations/grants-family-health-center,pmsnm.org,Primary Care & Medical,"New Mexico, USA",US,Candidate,,2026-09-08 12:23:53
Lovelace Health Care Center,https://lovelace.com/location/entity1422,lovelace.com,Primary Care & Medical,"New Mexico, USA",US,Candidate,,2026-09-08 12:23:55
Pure Life Family Practice and Medispa,https://rymaps.org/business/pure-life-family-practice-and-medispa-da7dkx,rymaps.org,Primary Care & Medical,"New Mexico, USA",US,Candidate,,2026-09-08 12:23:57
Meadow City Family Clinic,http://meadowcityfamilyclinic.com,meadowcityfamilyclinic.com,Primary Care & Medical,"New Mexico, USA",US,Candidate,,2026-09-08 12:23:58
MR Primary Care (formerly Lexington Medical Associates),https://www.mrhsclinics.com/primary-care-new-york/midtown-manhattan,mrhsclinics.com,Primary Care & Medical,"New York, USA",US,Candidate,,2026-09-08 12:24:14
Primary Care Services at Mount Sinai-Union Square,https://www.mountsinai.org/locations/union-square/services/primary-care,mountsinai.org,Primary Care & Medical,"New York, USA",US,Candidate,,2026-09-08 12:24:16
City Care Family Practice,http://www.citycarefamilypractice.com,citycarefamilypractice.com,Primary Care & Medical,"New York, USA",US,Candidate,,2026-09-08 12:24:18
Midtown Primary Care,https://www.manhattanprimarycaredoctorsnyc.com,manhattanprimarycaredoctorsnyc.com,Primary Care & Medical,"New York, USA",US,Candidate,,2026-09-08 12:24:21
New York Primary Care Medicine,http://nypcare.com,nypcare.com,Primary Care & Medical,"New York, USA",US,Candidate,,2026-09-08 12:24:27
Atrium Medical Primary Care,https://www.atriummednyc.com,atriummednyc.com,Primary Care & Medical,"New York, USA",US,Candidate,,2026-09-08 12:24:31
U Care MD l Direct Primary Care,https://www.ucaremddirectprimarycare.com,ucaremddirectprimarycare.com,Primary Care & Medical,"New York, USA",US,Candidate,,2026-09-08 12:24:36
"Eva Galstian, DO: Family Medicine, NYC",https://www.familymedicinenyc.com,familymedicinenyc.com,Primary Care & Medical,"New York, USA",US,Candidate,,2026-09-08 12:24:39
DOMUS Primary Care,https://domus.doctor,domus.doctor,Primary Care & Medical,"New York, USA",US,Candidate,,2026-09-08 12:24:39
Flatiron Family Medical,https://www.flatironfamilymedical.com,flatironfamilymedical.com,Primary Care & Medical,"New York, USA",US,Candidate,,2026-09-08 12:24:49
Manhattan Family Practice,http://www.manhattanfamilypractice.com,manhattanfamilypractice.com,Primary Care & Medical,"New York, USA",US,Candidate,,2026-09-08 12:24:52
Lower East Side Family Medicine,http://teresatchanmd.com,teresatchanmd.com,Primary Care & Medical,"New York, USA",US,Candidate,,2026-09-08 12:24:53
"Mahyar Eidgah, MD",http://www.doctoreidgah.com,doctoreidgah.com,Primary Care & Medical,"New York, USA",US,Candidate,,2026-09-08 12:24:56
Lyon Primary Care,http://www.lyonprimarycare.com,lyonprimarycare.com,Primary Care & Medical,"New York, USA",US,Candidate,,2026-09-08 12:24:58
NY Family Docs,https://www.nyfamilydocs.com,nyfamilydocs.com,Primary Care & Medical,"New York, USA",US,Candidate,,2026-09-08 12:24:59
Raymond Lau Family Medicine PC | Primary Care | Weight Loss,https://raymondlaufmpc.com,raymondlaufmpc.com,Primary Care & Medical,"New York, USA",US,Candidate,,2026-09-08 12:24:59
Downtown Family Medicine,http://www.familymednyc.com,familymednyc.com,Primary Care & Medical,"New York, USA",US,Candidate,,2026-09-08 12:25:01
village family practice,http://www.villagefamilypractice.org,villagefamilypractice.org,Primary Care & Medical,"New York, USA",US,Candidate,,2026-09-08 12:25:03
"Michael Raffinan, MD",http://www.raffmd.com,raffmd.com,Primary Care & Medical,"New York, USA",US,Candidate,,2026-09-08 12:25:09
"Carla L Anderson, MD",https://doctors.columbia.edu/us/ny/new-york/carla-l-anderson-md-51-west-51st-street,doctors.columbia.edu,Primary Care & Medical,"New York, USA",US,Candidate,,2026-09-08 12:25:11
Midtown East Family Medicine PLLC-In Office and Telehealth visits,https://www.midtowneastfamilymedicine.com,midtowneastfamilymedicine.com,Primary Care & Medical,"New York, USA",US,Candidate,,2026-09-08 12:25:15
Manhattan Medical Arts - Forest Hills,https://manhattanmedicalarts.com,manhattanmedicalarts.com,Primary Care & Medical,"New York, USA",US,Candidate,,2026-09-08 12:25:15
Dr. David Yun,https://www.elitemednyc.net,elitemednyc.net,Primary Care & Medical,"New York, USA",US,Candidate,,2026-09-08 12:25:17
Carolina Primary Care & Women's Health,http://www.carolinaprimarycarenc.com,carolinaprimarycarenc.com,Primary Care & Medical,"North Carolina, USA",US,Candidate,,2026-09-08 12:25:27
Primary Care Center of Carolinas,https://pccofcarolinas.com,pccofcarolinas.com,Primary Care & Medical,"North Carolina, USA",US,Candidate,,2026-09-08 12:25:30
UNC Primary Care at Mebane,https://www.unchealth.org/care-services/locations/unc-primary-care-at-mebane,unchealth.org,Primary Care & Medical,"North Carolina, USA",US,Candidate,,2026-09-08 12:25:33
Novant Health Village Family Care,https://www.novanthealth.org/locations/clinics/village-family-care,novanthealth.org,Primary Care & Medical,"North Carolina, USA",US,Candidate,,2026-09-08 12:25:36
Duke Primary Care Morrisville,https://www.dukehealth.org/locations/duke-primary-care-morrisville,dukehealth.org,Primary Care & Medical,"North Carolina, USA",US,Candidate,,2026-09-08 12:25:39
Tricity Family Medicine & Urgent Care (Primary Care),http://www.tricityfamily.com,tricityfamily.com,Primary Care & Medical,"North Carolina, USA",US,Candidate,,2026-09-08 12:25:47
Waverly Primary Care,http://www.waverlyprimarycare.com,waverlyprimarycare.com,Primary Care & Medical,"North Carolina, USA",US,Candidate,,2026-09-08 12:25:48
Primary Medical Care at the Crossroads,https://www.pmchealth.net,pmchealth.net,Primary Care & Medical,"North Carolina, USA",US,Candidate,,2026-09-08 12:25:50
WakeMed Primary Care - Garner,https://www.wakemed.org/location/primary-care-garner,wakemed.org,Primary Care & Medical,"North Carolina, USA",US,Candidate,,2026-09-08 12:25:51
Primary Medical Care,https://www.primarymedcare.com,primarymedcare.com,Primary Care & Medical,"North Carolina, USA",US,Candidate,,2026-09-08 12:25:52
Legacy Primary Care Clinic,https://legacymedical.com,legacymedical.com,Primary Care & Medical,"North Dakota, USA",US,Candidate,,2026-09-08 12:26:07
Mid Dakota Clinic Gateway Mall Clinic,https://www.middakotaclinic.com/location/Gateway-Mall-Clinic,middakotaclinic.com,Primary Care & Medical,"North Dakota, USA",US,Candidate,,2026-09-08 12:26:13
Park River Family Clinic,https://www.unitymedcenter.com/clinics/park-river-family-clinic.html,unitymedcenter.com,Primary Care & Medical,"North Dakota, USA",US,Candidate,,2026-09-08 12:26:17
Essentia Health-Mid Dakota Bismarck 9th St Clinic,http://www.essentiahealth.org/find-facility/essentia-health-mid-dakota-bismarck-9th-st-clinic,essentiahealth.org,Primary Care & Medical,"North Dakota, USA",US,Candidate,,2026-09-08 12:26:18
Williston Primary Care,https://www.chistalexiushealth.org/williston/facilities/williston-clinics,chistalexiushealth.org,Primary Care & Medical,"North Dakota, USA",US,Candidate,,2026-09-08 12:26:19
Family HealthCare,http://www.famhealthcare.org,famhealthcare.org,Primary Care & Medical,"North Dakota, USA",US,Candidate,,2026-09-08 12:26:21
Center for Family Medicine,https://med.und.edu/center-for-family-medicine-minot/index.html,med.und.edu,Primary Care & Medical,"North Dakota, USA",US,Candidate,,2026-09-08 12:26:23
Minot Health Clinic,http://www.minothealthclinic.com,minothealthclinic.com,Primary Care & Medical,"North Dakota, USA",US,Candidate,,2026-09-08 12:26:26
Center For Family Medicine Und,https://www.cfmbismarck.und.edu,cfmbismarck.und.edu,Primary Care & Medical,"North Dakota, USA",US,Candidate,,2026-09-08 12:26:29
Legacy Health Clinic,https://www.legacyhealthclinic.org,legacyhealthclinic.org,Primary Care & Medical,"North Dakota, USA",US,Candidate,,2026-09-08 12:26:31
Grand Forks Clinic,https://grandforksclinic.com,grandforksclinic.com,Primary Care & Medical,"North Dakota, USA",US,Candidate,,2026-09-08 12:26:33
Resurgent Health,https://www.resurgenthealth.net,resurgenthealth.net,Primary Care & Medical,"North Dakota, USA",US,Candidate,,2026-09-08 12:26:35
Glen Ullin Family Medical Center,http://www.jacobsonhospital.org/OurClinics.html,jacobsonhospital.org,Primary Care & Medical,"North Dakota, USA",US,Candidate,,2026-09-08 12:26:36
Sanford Northwest Clinic,https://www.sanfordhealth.org/locations/sanford-northwest-clinic,sanfordhealth.org,Primary Care & Medical,"North Dakota, USA",US,Candidate,,2026-09-08 12:26:39
First Care Health Center,http://firstcarehc.com,firstcarehc.com,Primary Care & Medical,"North Dakota, USA",US,Candidate,,2026-09-08 12:26:43
Trinity Health New Town Clinic,http://www.trinityhealth.org,trinityhealth.org,Primary Care & Medical,"North Dakota, USA",US,Candidate,,2026-09-08 12:26:45
Dakota Family Medicine,https://www.dakotafamilymedicine.com,dakotafamilymedicine.com,Primary Care & Medical,"North Dakota, USA",US,Candidate,,2026-09-08 12:26:53
CHI St. Alexius Health Garrison Family Clinic,https://providers.chistalexiushealth.org/l/chi-st-alexius-health-garrison-family-clinic-2930,providers.chistalexiushealth.org,Primary Care & Medical,"North Dakota, USA",US,Candidate,,2026-09-08 12:26:54
Nordic Family Medicine,https://nordicfamilymedicine.com,nordicfamilymedicine.com,Primary Care & Medical,"North Dakota, USA",US,Candidate,,2026-09-08 12:26:55
Altru Family Medicine Residency,https://www.altru.org/our-locations/altru-family-medicine-residency,altru.org,Primary Care & Medical,"North Dakota, USA",US,Candidate,,2026-09-08 12:26:55
Central Dakota Clinic,http://www.centraldakotaclinic.com,centraldakotaclinic.com,Primary Care & Medical,"North Dakota, USA",US,Candidate,,2026-09-08 12:26:57
Central Ohio Medicine - Central Ohio Primary Care,https://www.copcp.com/practices/central-ohio-medicine,copcp.com,Primary Care & Medical,"Ohio, USA",US,Candidate,,2026-09-08 12:27:10
Ohio Primary Care,https://ohioprimarycare.org,ohioprimarycare.org,Primary Care & Medical,"Ohio, USA",US,Candidate,,2026-09-08 12:27:10
First Primary Care,https://firstprimarycare.com,firstprimarycare.com,Primary Care & Medical,"Ohio, USA",US,Candidate,,2026-09-08 12:27:12
OKC Primary Care,http://www.okcprimarycare.com,okcprimarycare.com,Primary Care & Medical,"Oklahoma, USA",US,Candidate,,2026-09-08 12:27:27
Direct Primary Care of Oklahoma,http://www.directprimarycareok.com,directprimarycareok.com,Primary Care & Medical,"Oklahoma, USA",US,Candidate,,2026-09-08 12:27:28
Clinica Family Health - OKC Family Doctors Clinic,https://clinicaokc.com,clinicaokc.com,Primary Care & Medical,"Oklahoma, USA",US,Candidate,,2026-09-08 12:27:29
Primary Health Partners Jenks,https://primary-healthpartners.com/jenks-ok,primary-healthpartners.com,Primary Care & Medical,"Oklahoma, USA",US,Candidate,,2026-09-08 12:27:30
Norman Regional Primary Care Doctors Park Suite 2300,https://www.normanregional.com/locations/primary-care-doctors-park,normanregional.com,Primary Care & Medical,"Oklahoma, USA",US,Candidate,,2026-09-08 12:27:33
INTEGRIS Health Medical Group South,https://integrishealth.org/locations/family-care-clinic/medical-group-south,integrishealth.org,Primary Care & Medical,"Oklahoma, USA",US,Candidate,,2026-09-08 12:27:33
My Family Clinic,http://www.myfamilyclinic.net,myfamilyclinic.net,Primary Care & Medical,"Oklahoma, USA",US,Candidate,,2026-09-08 12:27:34
Family Health Clinic,https://familyhealthclinicokc.com,familyhealthclinicokc.com,Primary Care & Medical,"Oklahoma, USA",US,Candidate,,2026-09-08 12:27:37
LCHC Primary Health,https://www.lawtoncommunityhealthcenter.com,lawtoncommunityhealthcenter.com,Primary Care & Medical,"Oklahoma, USA",US,Candidate,,2026-09-08 12:27:44
Total Primary Care PC,http://totalprimarycarepc.com,totalprimarycarepc.com,Primary Care & Medical,"Oklahoma, USA",US,Candidate,,2026-09-08 12:27:49
Express Family Care,http://expressfamilycareok.com,expressfamilycareok.com,Primary Care & Medical,"Oklahoma, USA",US,Candidate,,2026-09-08 12:27:53
The Clinic @ Central Oklahoma Family Medical Center,https://www.cofmc.com,cofmc.com,Primary Care & Medical,"Oklahoma, USA",US,Candidate,,2026-09-08 12:27:54
Affordable Family Medical,https://affordmedokc.com,affordmedokc.com,Primary Care & Medical,"Oklahoma, USA",US,Candidate,,2026-09-08 12:28:01
Sooner Road Family Medicine,http://familydoctorr.com/clinic/sooner-road-family-medicine-oklahoma-city-ok,familydoctorr.com,Primary Care & Medical,"Oklahoma, USA",US,Candidate,,2026-09-08 12:28:05
Northwest Family Medicine DPC,http://okcdpc.clinic,okcdpc.clinic,Primary Care & Medical,"Oklahoma, USA",US,Candidate,,2026-09-08 12:28:07
Woods Family Medicine,https://www.woodsfamilymedicine.com,woodsfamilymedicine.com,Primary Care & Medical,"Oklahoma, USA",US,Candidate,,2026-09-08 12:28:14
Classen Family Medicine Norman,https://classenmedicalcomplex.com/medical-services/family-medicine/family-medicine-norman,classenmedicalcomplex.com,Primary Care & Medical,"Oklahoma, USA",US,Candidate,,2026-09-08 12:28:20
Achieve Health Family Medicine (S. Western),http://www.achievehealthmedical.com,achievehealthmedical.com,Primary Care & Medical,"Oklahoma, USA",US,Candidate,,2026-09-08 12:28:22
"Michael Morgan, M.D.",https://integrisok.com/doctors/michael-Morgan,integrisok.com,Primary Care & Medical,"Oklahoma, USA",US,Candidate,,2026-09-08 12:28:22
Albany Primary Care,http://albanyprimarycare.com,albanyprimarycare.com,Primary Care & Medical,"Oregon, USA",US,Candidate,,2026-09-08 12:28:31
South Salem Primary Care,https://salemprimarycare.com,salemprimarycare.com,Primary Care & Medical,"Oregon, USA",US,Candidate,,2026-09-08 12:28:33
Northwest Primary Care - Oregon City Clinic,https://www.nwpc.com/clinic-locations/oregon-city-clinic,nwpc.com,Primary Care & Medical,"Oregon, USA",US,Candidate,,2026-09-08 12:28:37
The Oregon Clinic Broadway Medical,https://www.oregonclinic.com/locations/broadway-medical,oregonclinic.com,Primary Care & Medical,"Oregon, USA",US,Candidate,,2026-09-08 12:28:40
Praxis Health Advanced Primary Care (Portland),http://www.praxishealthapc.com,praxishealthapc.com,Primary Care & Medical,"Oregon, USA",US,Candidate,,2026-09-08 12:28:41
"OHSU Primary Care Clinic, Beaverton",https://www.ohsu.edu/primary-care/ohsu-primary-care-clinic-beaverton,ohsu.edu,Primary Care & Medical,"Oregon, USA",US,Candidate,,2026-09-08 12:28:42
McKenzie Valley Primary Care,https://www.springfieldfamilyphysicians.com,springfieldfamilyphysicians.com,Primary Care & Medical,"Oregon, USA",US,Candidate,,2026-09-08 12:28:44
Oregon City Family Practice,http://oregoncityfamilypractice.com,oregoncityfamilypractice.com,Primary Care & Medical,"Oregon, USA",US,Candidate,,2026-09-08 12:28:49
Pacific Medical Group - Oregon City,http://www.pacificmedicalgroup.com,pacificmedicalgroup.com,Primary Care & Medical,"Oregon, USA",US,Candidate,,2026-09-08 12:28:50
Neighborhood Health Center Oregon City Medical Clinic [formerly Oregon City Medical],https://www.nhcoregon.org/nhc-oregon-city-medical-clinic,nhcoregon.org,Primary Care & Medical,"Oregon, USA",US,Candidate,,2026-09-08 12:28:52
Pacific Direct Primary Care,http://www.pacificdpc.com,pacificdpc.com,Primary Care & Medical,"Oregon, USA",US,Candidate,,2026-09-08 12:28:53
Good Shepherd Primary Care Clinic,http://www.gshealth.org/good-shepherd-medical-group/primary-care-clinic,gshealth.org,Primary Care & Medical,"Oregon, USA",US,Candidate,,2026-09-08 12:28:53
"All-Star Health Direct Primary Care, Inc",http://allstarhealthdpc.com,allstarhealthdpc.com,Primary Care & Medical,"Oregon, USA",US,Candidate,,2026-09-08 12:28:57
Rooted Direct Primary Care,https://www.rooteddirectprimarycare.com,rooteddirectprimarycare.com,Primary Care & Medical,"Oregon, USA",US,Candidate,,2026-09-08 12:28:59
Oregon Integrated Health - Primary Care Providers,https://www.oregonih.com,oregonih.com,Primary Care & Medical,"Oregon, USA",US,Candidate,,2026-09-08 12:29:00
PeaceHealth Pleasant Hill Primary Care Clinic,https://www.peacehealth.org/locations/pleasant-hill/peacehealth-pleasant-hill-primary-care-clinic,peacehealth.org,Primary Care & Medical,"Oregon, USA",US,Candidate,,2026-09-08 12:29:03
Southwest Family Physicians,http://www.swfamilyphysicians.com,swfamilyphysicians.com,Primary Care & Medical,"Oregon, USA",US,Candidate,,2026-09-08 12:29:10
Salem Family Medicine,http://www.familymed.org,familymed.org,Primary Care & Medical,"Oregon, USA",US,Candidate,,2026-09-08 12:29:17
La Grande Family Medicine,https://lagrandefamilymedicine.com,lagrandefamilymedicine.com,Primary Care & Medical,"Oregon, USA",US,Candidate,,2026-09-08 12:29:18
Bridgeport Family Medicine,http://www.bridgeportfamilymedicine.com,bridgeportfamilymedicine.com,Primary Care & Medical,"Oregon, USA",US,Candidate,,2026-09-08 12:29:20
Tumalo Family Medicine,https://tumalofamilymedicine.com,tumalofamilymedicine.com,Primary Care & Medical,"Oregon, USA",US,Candidate,,2026-09-08 12:29:21
Bridge City Family Medical Clinic,http://www.bridgecitymedical.com,bridgecitymedical.com,Primary Care & Medical,"Oregon, USA",US,Candidate,,2026-09-08 12:29:23
Springfield Family Physicians - Marcola Road,https://www.springfieldfam.com,springfieldfam.com,Primary Care & Medical,"Oregon, USA",US,Candidate,,2026-09-08 12:29:24
Essential Family Medicine,http://www.essentialfamilymedicine.com,essentialfamilymedicine.com,Primary Care & Medical,"Oregon, USA",US,Candidate,,2026-09-08 12:29:26
Oregon City Family Practice: Eilersen Christopher MD,https://www.ocfpc.com,ocfpc.com,Primary Care & Medical,"Oregon, USA",US,Candidate,,2026-09-08 12:29:26
"Scranton Primary Health Care, Alder Street Family Clinic",http://scrantonprimary.org,scrantonprimary.org,Primary Care & Medical,"Pennsylvania, USA",US,Candidate,,2026-09-08 12:29:39
Primary Care Group,https://www.mydocuc.com,mydocuc.com,Primary Care & Medical,"Pennsylvania, USA",US,Candidate,,2026-09-08 12:29:39
Primary Care of York,http://primarycareofyork.com,primarycareofyork.com,Primary Care & Medical,"Pennsylvania, USA",US,Candidate,,2026-09-08 12:29:41
Penn Primary Care Walnut Street,https://www.pennmedicine.org/practices/penn-primary-care-walnut-street,pennmedicine.org,Primary Care & Medical,"Pennsylvania, USA",US,Candidate,,2026-09-08 12:29:44
Prime HealthCare Clinic,https://www.primehealthcareclinics.com,primehealthcareclinics.com,Primary Care & Medical,"Pennsylvania, USA",US,Candidate,,2026-09-08 12:29:45
Penn's Rock Primary Care,https://pennsrock.org,pennsrock.org,Primary Care & Medical,"Pennsylvania, USA",US,Candidate,,2026-09-08 12:29:48
Hershey Primary Care,https://www.hersheyprimarycare.com,hersheyprimarycare.com,Primary Care & Medical,"Pennsylvania, USA",US,Candidate,,2026-09-08 12:29:49
VITAL PRIMARY CARE CLINIC,https://www.vitalprimarycare.health,vitalprimarycare.health,Primary Care & Medical,"Pennsylvania, USA",US,Candidate,,2026-09-08 12:29:49
Seneca Primary Care Inc.,http://senecapc.com,senecapc.com,Primary Care & Medical,"Pennsylvania, USA",US,Candidate,,2026-09-08 12:29:55
"Primary Health of Central PA, P.C.",https://primaryhealthofcentralpa.com,primaryhealthofcentralpa.com,Primary Care & Medical,"Pennsylvania, USA",US,Candidate,,2026-09-08 12:29:56
UPMC Hershey Primary Care,https://www.upmc.com/services/primary-care/locations/central-pa/hershey/towne-square-dr,upmc.com,Primary Care & Medical,"Pennsylvania, USA",US,Candidate,,2026-09-08 12:30:01
Penn State Health Holy Spirit Primary Care New Cumberland,https://www.geisinger.org/patient-care/find-a-location/geisinger-holy-spirit,geisinger.org,Primary Care & Medical,"Pennsylvania, USA",US,Candidate,,2026-09-08 12:30:05
Rhode Island Direct Primary Care,https://www.ridirectprimarycare.com,ridirectprimarycare.com,Primary Care & Medical,"Rhode Island, USA",US,Candidate,,2026-09-08 12:30:21
Primary Walk-In Medical Center,http://www.primarywalkinmedical.com,primarywalkinmedical.com,Primary Care & Medical,"Rhode Island, USA",US,Candidate,,2026-09-08 12:30:23
Rhode Island Hospital Center for Primary Care,http://www.rhodeislandhospital.org,rhodeislandhospital.org,Primary Care & Medical,"Rhode Island, USA",US,Candidate,,2026-09-08 12:30:24
East Greenwich Primary Care,https://brownmed.org/internal-medicine-east-greenwich,brownmed.org,Primary Care & Medical,"Rhode Island, USA",US,Candidate,,2026-09-08 12:30:24
Breakwater Primary Care,https://breakwaterpcri.org,breakwaterpcri.org,Primary Care & Medical,"Rhode Island, USA",US,Candidate,,2026-09-08 12:30:27
"Brown Health Medical Group Primary Care, East Greenwich",https://www.brownhealth.org/centers-services/primary-care-services/locations/adult-medicine/east-greenwich-primary-care,brownhealth.org,Primary Care & Medical,"Rhode Island, USA",US,Candidate,,2026-09-08 12:30:29
Rhode Island Primary Care Physicians Corporation,http://www.ripcpc.com,ripcpc.com,Primary Care & Medical,"Rhode Island, USA",US,Candidate,,2026-09-08 12:30:31
QCC Adult & Child Primary Care,http://www.qcccare.com,qcccare.com,Primary Care & Medical,"Rhode Island, USA",US,Candidate,,2026-09-08 12:30:33
South County Health Primary Care - Warwick,https://www.southcountyhealth.org/services-care/primary-care/south-county-health-medical-wellness-centers/medical-and-wellness-center-warwick,southcountyhealth.org,Primary Care & Medical,"Rhode Island, USA",US,Candidate,,2026-09-08 12:30:34
Ocean State Primary Care of East Providence,http://www.oceanstateurgentcare.com/primary-care/east-providence-primary-care,oceanstateurgentcare.com,Primary Care & Medical,"Rhode Island, USA",US,Candidate,,2026-09-08 12:30:36
First Track Primary Care,https://www.firsttrackprimarycare.com,firsttrackprimarycare.com,Primary Care & Medical,"Rhode Island, USA",US,Candidate,,2026-09-08 12:30:38
Prisma Health Primary Care–Cherrydale,https://prismahealth.org/locations/practices/primary-care-cherrydale,prismahealth.org,Primary Care & Medical,"South Carolina, USA",US,Candidate,,2026-09-08 12:30:52
Sunset Primary Care,https://www.sunsetprimarycare.com,sunsetprimarycare.com,Primary Care & Medical,"South Carolina, USA",US,Candidate,,2026-09-08 12:30:53
Irmo Primary Care,http://irmopc.com,irmopc.com,Primary Care & Medical,"South Carolina, USA",US,Candidate,,2026-09-08 12:30:54
MUSC Health Primary Care E. Marion St.,https://www.getcare.muschealth.org/locations/sc/kershaw/musc-health-primary-care-e.-marion-st.dep-30100101,getcare.muschealth.org,Primary Care & Medical,"South Carolina, USA",US,Candidate,,2026-09-08 12:30:54
Rock Hill Primary Care,http://www.rockhillprimarycare.com,rockhillprimarycare.com,Primary Care & Medical,"South Carolina, USA",US,Candidate,,2026-09-08 12:30:56
Palmetto Proactive Healthcare,http://www.palmettoproactive.com,palmettoproactive.com,Primary Care & Medical,"South Carolina, USA",US,Candidate,,2026-09-08 12:30:58
Cayce West Columbia Primary Care Center,https://www.ecchc.org/contact-locations/cayce-west-columbia-primary-care-center,ecchc.org,Primary Care & Medical,"South Carolina, USA",US,Candidate,,2026-09-08 12:31:01
Primary Care of Piedmont (Piedmont Family Practice at Baxter Village) - Piedmont Physician Network,https://piedmontfamilypracticeatbaxter.com,piedmontfamilypracticeatbaxter.com,Primary Care & Medical,"South Carolina, USA",US,Candidate,,2026-09-08 12:31:03
Palmetto Primary Care Physicians: St. Stephen Office,http://www.palmettoprimarycare.com/Pages/press-room.aspx,palmettoprimarycare.com,Primary Care & Medical,"South Carolina, USA",US,Candidate,,2026-09-08 12:31:10
RMC Primary Care - the Village,http://www.trmchealth.org,trmchealth.org,Primary Care & Medical,"South Carolina, USA",US,Candidate,,2026-09-08 12:31:11
Primary Care At Santee Cooper,https://www.colonialhealthcare.com,colonialhealthcare.com,Primary Care & Medical,"South Carolina, USA",US,Candidate,,2026-09-08 12:31:12
Monument Health Primary Care NOW,https://locations.monument.health/MonumentHealthFamilyMedicine/WP-24jZowDnkSFpod-2FEVRcy9CFw-3D-3D-243nXnaa6nl3fOH-2BKk6hrUDNaD-2BqP9meVsiK8gbGZqJ9s-3D,locations.monument.health,Primary Care & Medical,"South Dakota, USA",US,Candidate,,2026-09-08 12:31:28
Dakota Primary Care,http://www.dakotaprimarycare.com,dakotaprimarycare.com,Primary Care & Medical,"South Dakota, USA",US,Candidate,,2026-09-08 12:31:30
Rapid City Medical Center South Clinic,https://rapidcitymedicalcenter.com/south-clinic,rapidcitymedicalcenter.com,Primary Care & Medical,"South Dakota, USA",US,Candidate,,2026-09-08 12:31:32
"Southern Hills Family Medicine, Dr. Brandy Tarap",https://www.southernhillsfamilymedicine.com,southernhillsfamilymedicine.com,Primary Care & Medical,"South Dakota, USA",US,Candidate,,2026-09-08 12:31:33
"Black Hills Medical Group, LLP",https://www.blackhillsmedgroup.com,blackhillsmedgroup.com,Primary Care & Medical,"South Dakota, USA",US,Candidate,,2026-09-08 12:31:34
Prairie Lakes Brown Clinic - Northridge,https://www.prairielakes.com/hospitals-clinics/prairie-lakes-brown-clinic-northridge-11695.html,prairielakes.com,Primary Care & Medical,"South Dakota, USA",US,Candidate,,2026-09-08 12:31:40
Avera Medical Group Family Health Center — Marion Rd,https://locations.avera.org/avera-family-health-center-marion-rd-sioux-falls,locations.avera.org,Primary Care & Medical,"South Dakota, USA",US,Candidate,,2026-09-08 12:31:42
Winner Regional Clinic,http://www.winnerregional.org,winnerregional.org,Primary Care & Medical,"South Dakota, USA",US,Candidate,,2026-09-08 12:31:43
"Yankton Medical Clinic, P.C.",http://www.yanktonmedicalclinic.com,yanktonmedicalclinic.com,Primary Care & Medical,"South Dakota, USA",US,Candidate,,2026-09-08 12:31:47
Primary Care of Tennessee,http://www.primarycareoftn.com,primarycareoftn.com,Primary Care & Medical,"Tennessee, USA",US,Candidate,,2026-09-08 12:31:59
Promise Direct Primary Care,https://www.promisedpc.com,promisedpc.com,Primary Care & Medical,"Tennessee, USA",US,Candidate,,2026-09-08 12:32:06
Primary Care & Hope Clinic,http://www.hopeclnc.org,hopeclnc.org,Primary Care & Medical,"Tennessee, USA",US,Candidate,,2026-09-08 12:32:07
Franklin Primary Care,https://franklinprimarycare.wordpress.com,franklinprimarycare.wordpress.com,Primary Care & Medical,"Tennessee, USA",US,Candidate,,2026-09-08 12:32:08
"West Tennessee Primary Care, LLC",https://westtnprimarycare.wixsite.com/westtennesseeprimary,westtnprimarycare.wixsite.com,Primary Care & Medical,"Tennessee, USA",US,Candidate,,2026-09-08 12:32:09
Tennessee Primary Care,http://www.tnprimarycare.com,tnprimarycare.com,Primary Care & Medical,"Tennessee, USA",US,Candidate,,2026-09-08 12:32:11
Primary Care South,https://primarycaresouth.net,primarycaresouth.net,Primary Care & Medical,"Tennessee, USA",US,Candidate,,2026-09-08 12:32:12
Primary Care at Physicians Urgent Care,https://physiciansurgentcare.com/locations/primary-care-brentwood,physiciansurgentcare.com,Primary Care & Medical,"Tennessee, USA",US,Candidate,,2026-09-08 12:32:14
Bledsoe County Primary Care Center,http://ocoeeregional.com,ocoeeregional.com,Primary Care & Medical,"Tennessee, USA",US,Candidate,,2026-09-08 12:32:16
Fast Pace Primary Care - Dickson - TN,https://fastpacehealth.com/service/primary-care,fastpacehealth.com,Primary Care & Medical,"Tennessee, USA",US,Candidate,,2026-09-08 12:32:20
Family Practice Associates of Southern Hills - Nashville,https://www.tristarmedgroup.com/locations/family-practice-associates-of-southern-hills/nashville,tristarmedgroup.com,Primary Care & Medical,"Tennessee, USA",US,Candidate,,2026-09-08 12:32:28
Murfreesboro Family Medicine,https://murfreesboromedicine.com,murfreesboromedicine.com,Primary Care & Medical,"Tennessee, USA",US,Candidate,,2026-09-08 12:32:29
Faith Family Medical Center,http://www.faithmedical.org,faithmedical.org,Primary Care & Medical,"Tennessee, USA",US,Candidate,,2026-09-08 12:32:32
Tennessee Family Clinic,http://tennesseefamilyclinic.com,tennesseefamilyclinic.com,Primary Care & Medical,"Tennessee, USA",US,Candidate,,2026-09-08 12:32:36
East Nashville Family Medicine,http://www.eastnashvillefamilymed.com,eastnashvillefamilymed.com,Primary Care & Medical,"Tennessee, USA",US,Candidate,,2026-09-08 12:32:38
Cool Springs Family Medicine,http://www.csfmed.net,csfmed.net,Primary Care & Medical,"Tennessee, USA",US,Candidate,,2026-09-08 12:32:42
"Tennessee Family Medicine, PLLC",http://www.tennesseefamilymedicine.com,tennesseefamilymedicine.com,Primary Care & Medical,"Tennessee, USA",US,Candidate,,2026-09-08 12:32:43
Chosen Family Medicine,https://chosenfamilymedicine.com,chosenfamilymedicine.com,Primary Care & Medical,"Tennessee, USA",US,Candidate,,2026-09-08 12:32:44
"Nashville Family Medical Clinic: Said Attoussi, MD",https://www.nashvillefmc.com,nashvillefmc.com,Primary Care & Medical,"Tennessee, USA",US,Candidate,,2026-09-08 12:32:47
"David Turner, MD",http://www.davidturnermd.com,davidturnermd.com,Primary Care & Medical,"Tennessee, USA",US,Candidate,,2026-09-08 12:32:48
Highland Family Medicine,http://murfreesborofamilydoctor.com,murfreesborofamilydoctor.com,Primary Care & Medical,"Tennessee, USA",US,Candidate,,2026-09-08 12:32:51
Focus Family Medicine,https://focusfamilymed.com,focusfamilymed.com,Primary Care & Medical,"Tennessee, USA",US,Candidate,,2026-09-08 12:32:55
Highland Family Medicine - North,https://www.myprivia.com/murfreesborofamilydoctor,myprivia.com,Primary Care & Medical,"Tennessee, USA",US,Candidate,,2026-09-08 12:32:56
Primary Care Clinic of Texas in Plano,http://www.primarycareclinic.org,primarycareclinic.org,Primary Care & Medical,"Texas, USA",US,Candidate,,2026-09-08 12:33:07
Primary Care Centers of Texas,https://primarycaretx.com,primarycaretx.com,Primary Care & Medical,"Texas, USA",US,Candidate,,2026-09-08 12:33:09
TX Primary Care Plus,https://www.txpcp.com,txpcp.com,Primary Care & Medical,"Texas, USA",US,Candidate,,2026-09-08 12:33:12
Texas Medical Center: Primary Care,http://www.chistlukeshealth.org/primary-care-2028,chistlukeshealth.org,Primary Care & Medical,"Texas, USA",US,Candidate,,2026-09-08 12:33:13
HealthCareClinics Primary Care,http://www.healthcareclinics.com,healthcareclinics.com,Primary Care & Medical,"Texas, USA",US,Candidate,,2026-09-08 12:33:14
Abilene Primary Care,http://abileneprimarycareclinic.com,abileneprimarycareclinic.com,Primary Care & Medical,"Texas, USA",US,Candidate,,2026-09-08 12:33:16
"Primary Care of Texas, PLLC",http://www.pct4you.com,pct4you.com,Primary Care & Medical,"Texas, USA",US,Candidate,,2026-09-08 12:33:19
UT Health Austin Primary Care Clinic,https://uthealthaustin.org/clinics/primary-care,uthealthaustin.org,Primary Care & Medical,"Texas, USA",US,Candidate,,2026-09-08 12:33:21
My Primary Care,https://www.abileneprimarycare.com,abileneprimarycare.com,Primary Care & Medical,"Texas, USA",US,Candidate,,2026-09-08 12:33:23
Texas Primary Care Group,http://www.texaspcg.com,texaspcg.com,Primary Care & Medical,"Texas, USA",US,Candidate,,2026-09-08 12:33:24
"Texas Pysicians Primary Care, PLLC. (Mesquite)",https://pioneerhealthcareclinic.com,pioneerhealthcareclinic.com,Primary Care & Medical,"Texas, USA",US,Candidate,,2026-09-08 12:33:26
Texas Health Family Care,https://www.care.texashealth.org/thpg/family-care-8440-walnut-hill-lane-suite-100-dallas,care.texashealth.org,Primary Care & Medical,"Texas, USA",US,Candidate,,2026-09-08 12:33:27
TTX Primary Care,http://www.ttxprimarycare.com,ttxprimarycare.com,Primary Care & Medical,"Texas, USA",US,Candidate,,2026-09-08 12:33:30
Texas Physicians Primary Care (Grand Prairie),https://diana9947.wixsite.com/tppc-gp,diana9947.wixsite.com,Primary Care & Medical,"Texas, USA",US,Candidate,,2026-09-08 12:33:30
Primary Care Clinic - UT Southwestern Las Colinas,https://utswmed.org/locations/las-colinas/med-ctr-las-colinas-gim,utswmed.org,Primary Care & Medical,"Texas, USA",US,Candidate,,2026-09-08 12:33:32
Primary Healthcare,https://www.phcmed.com,phcmed.com,Primary Care & Medical,"Utah, USA",US,Candidate,,2026-09-08 12:33:47
Progressive Primary Care,https://www.progressiveprimary.care,progressiveprimary.care,Primary Care & Medical,"Utah, USA",US,Candidate,,2026-09-08 12:33:49
Salt Lake Direct Primary Care,http://www.saltlakedirectprimarycare.com,saltlakedirectprimarycare.com,Primary Care & Medical,"Utah, USA",US,Candidate,,2026-09-08 12:33:51
Rose Park Primary Care Clinic,https://healthcare.utah.edu/locations/population-health/rose-park,healthcare.utah.edu,Primary Care & Medical,"Utah, USA",US,Candidate,,2026-09-08 12:33:53
Peachtree Medical Clinic,http://www.peachtreemedicalcare.com,peachtreemedicalcare.com,Primary Care & Medical,"Utah, USA",US,Candidate,,2026-09-08 12:33:53
St. Mark's Family Medicine and Residency,http://www.utahhealthcare.org,utahhealthcare.org,Primary Care & Medical,"Utah, USA",US,Candidate,,2026-09-08 12:33:55
ARUP Family Health Clinic,https://www.aruplab.com/clinic,aruplab.com,Primary Care & Medical,"Utah, USA",US,Candidate,,2026-09-08 12:33:59
University Health Care,http://www.utah.edu,utah.edu,Primary Care & Medical,"Utah, USA",US,Candidate,,2026-09-08 12:34:02
"Adult Primary Care - Burlington, University of Vermont Medical Center",https://www.uvmhealth.org/locations/adult-primary-care-burlington-university-of-vermont-medical-center,uvmhealth.org,Primary Care & Medical,"Vermont, USA",US,Candidate,,2026-09-08 12:34:16
Central Vermont Primary Care,http://www.cvmc.org,cvmc.org,Primary Care & Medical,"Vermont, USA",US,Candidate,,2026-09-08 12:34:20
Vermont Medical Center Primary Care Clinic & Outpatient Procedures Dr. Christopher M. Deszynski,http://www.vermontmedicalcenter.com,vermontmedicalcenter.com,Primary Care & Medical,"Vermont, USA",US,Candidate,,2026-09-08 12:34:22
St. Albans Primary Care,http://www.pchpmd.com,pchpmd.com,Primary Care & Medical,"Vermont, USA",US,Candidate,,2026-09-08 12:34:24
"ASSOCIATES IN PRIMARY CARE, LLC",http://primarycarevt.com,primarycarevt.com,Primary Care & Medical,"Vermont, USA",US,Candidate,,2026-09-08 12:34:25
Green Mountain Primary Care,http://www.greenmountainprimarycare.com,greenmountainprimarycare.com,Primary Care & Medical,"Vermont, USA",US,Candidate,,2026-09-08 12:34:28
North Country Primary Care Barton Orleans,https://www.northcountryhospital.org,northcountryhospital.org,Primary Care & Medical,"Vermont, USA",US,Candidate,,2026-09-08 12:34:31
"Primary care at True Care Vermont, LLC",https://www.truecarevermont.com,truecarevermont.com,Primary Care & Medical,"Vermont, USA",US,Candidate,,2026-09-08 12:34:35
Charlotte Family Health Center,https://evergreenhealth.org/charlotte-family-health-is-moving-to-a-new-location-11-2-2020,evergreenhealth.org,Primary Care & Medical,"Vermont, USA",US,Candidate,,2026-09-08 12:34:37
Richmond Family Medicine,https://richmondfamilymedicine.org,richmondfamilymedicine.org,Primary Care & Medical,"Vermont, USA",US,Candidate,,2026-09-08 12:34:45
Vermont Family Medicine,https://www.vermontfamilymed.com,vermontfamilymed.com,Primary Care & Medical,"Vermont, USA",US,Candidate,,2026-09-08 12:34:45
Vermont Family Medicine,https://markrhoffman.net,markrhoffman.net,Primary Care & Medical,"Vermont, USA",US,Candidate,,2026-09-08 12:34:47
Middlebury Family Health,http://www.middleburyfamilyhealth.com,middleburyfamilyhealth.com,Primary Care & Medical,"Vermont, USA",US,Candidate,,2026-09-08 12:34:51
Family Practice Associates,http://cambridgefamilypractice.com,cambridgefamilypractice.com,Primary Care & Medical,"Vermont, USA",US,Candidate,,2026-09-08 12:34:52
Maplewood Family Practice,http://bmhmedicalgroup.org,bmhmedicalgroup.org,Primary Care & Medical,"Vermont, USA",US,Candidate,,2026-09-08 12:34:54
Northern Green Mountain Family Medicine,http://northernfamilymed.com,northernfamilymed.com,Primary Care & Medical,"Vermont, USA",US,Candidate,,2026-09-08 12:34:56
White River Family Practice,http://whiteriverfamilypractice.com,whiteriverfamilypractice.com,Primary Care & Medical,"Vermont, USA",US,Candidate,,2026-09-08 12:34:58
Brattleboro Family Medicine,https://www.bmhvt.org/practice/brattleboro-family-medicine,bmhvt.org,Primary Care & Medical,"Vermont, USA",US,Candidate,,2026-09-08 12:35:00
Virginia Direct Primary Care,http://vadpc.com,vadpc.com,Primary Care & Medical,"Virginia, USA",US,Candidate,,2026-09-08 12:35:09
Bon Secours Primary Health Care Associates,https://www.bonsecours.com/locations/primary-care-family-medicine/richmond/primary-health-care-associates-rch,bonsecours.com,Primary Care & Medical,"Virginia, USA",US,Candidate,,2026-09-08 12:35:12
Primary Health Group - Johnston Willis,https://hcavirginiaphysicians.com/locations/primary-health-group-johnston-willis,hcavirginiaphysicians.com,Primary Care & Medical,"Virginia, USA",US,Candidate,,2026-09-08 12:35:17
Virginia Family Medicine,https://www.virginiafamilymed.com,virginiafamilymed.com,Primary Care & Medical,"Virginia, USA",US,Candidate,,2026-09-08 12:35:19
Primary Care Doctors Group,http://www.primarycaredoctorsgroup.org,primarycaredoctorsgroup.org,Primary Care & Medical,"Virginia, USA",US,Candidate,,2026-09-08 12:35:24
VHC Health Primary Care - Annandale,https://www.vhchealth.org/medical-services/primary-care,vhchealth.org,Primary Care & Medical,"Virginia, USA",US,Candidate,,2026-09-08 12:35:25
Virginia Beach Direct Primary Care,http://virginiabeachdpc.com,virginiabeachdpc.com,Primary Care & Medical,"Virginia, USA",US,Candidate,,2026-09-08 12:35:27
Forest Direct Primary Care,http://forestdirectprimarycare.com,forestdirectprimarycare.com,Primary Care & Medical,"Virginia, USA",US,Candidate,,2026-09-08 12:35:27
Clinch Valley Family Care,https://www.clinchvalleyphysicianpractices.com,clinchvalleyphysicianpractices.com,Primary Care & Medical,"Virginia, USA",US,Candidate,,2026-09-08 12:35:33
Inova Primary Care,https://www.inova.org/locations/inova-primary-care-woodbridge,inova.org,Primary Care & Medical,"Virginia, USA",US,Candidate,,2026-09-08 12:35:37
VHC Health Primary Care,https://www.vhcphysiciangroup.com/alexandria,vhcphysiciangroup.com,Primary Care & Medical,"Virginia, USA",US,Candidate,,2026-09-08 12:35:39
UVA Health Primary Care Center,https://uvahealth.com/locations/Primary-Care-Center-LOC0000237704,uvahealth.com,Primary Care & Medical,"Virginia, USA",US,Candidate,,2026-09-08 12:35:41
Vancouver Direct Primary Care,https://www.vancouverdirectprimarycare.com,vancouverdirectprimarycare.com,Primary Care & Medical,"Washington, USA",US,Candidate,,2026-09-08 12:35:53
Kent Station Clinic - Primary Care - Valley Medical Center & Clinics,https://valleymed.org/KentStationPC,valleymed.org,Primary Care & Medical,"Washington, USA",US,Candidate,,2026-09-08 12:35:54
GW Primary Care - McPherson Square,https://gwdocs.com/locations/gw-primary-care-mcpherson-square,gwdocs.com,Primary Care & Medical,"Washington, USA",US,Candidate,,2026-09-08 12:35:58
Pacific Medical Centers - Beacon Hill,https://www.pacificmedicalcenters.org/where-we-are/beacon-hill,pacificmedicalcenters.org,Primary Care & Medical,"Washington, USA",US,Candidate,,2026-09-08 12:36:02
Washington Park Direct Care,http://washingtonpark.md,washingtonpark.md,Primary Care & Medical,"Washington, USA",US,Candidate,,2026-09-08 12:36:04
Capitol Primary Care,http://capitolprimarycare.com,capitolprimarycare.com,Primary Care & Medical,"Washington, USA",US,Candidate,,2026-09-08 12:36:06
The Home Doctor,https://homedoctorusa.com,homedoctorusa.com,Primary Care & Medical,"Washington, USA",US,Candidate,,2026-09-08 12:36:07
DC Primary Care,http://www.dcprimarycare.com,dcprimarycare.com,Primary Care & Medical,"Washington, USA",US,Candidate,,2026-09-08 12:36:11
WV Primary Care,http://www.wvprimarycare.com,wvprimarycare.com,Primary Care & Medical,"West Virginia, USA",US,Candidate,,2026-09-08 12:36:23
FamilyCare Health Center - Lee Street,https://familycarewv.org/location/lee-street,familycarewv.org,Primary Care & Medical,"West Virginia, USA",US,Candidate,,2026-09-08 12:36:26
Primary Family Care,https://wvumedicine.org/jackson-general-hospital/primary-care,wvumedicine.org,Primary Care & Medical,"West Virginia, USA",US,Candidate,,2026-09-08 12:36:28
CAMC Primary Care,https://www.camc.org,camc.org,Primary Care & Medical,"West Virginia, USA",US,Candidate,,2026-09-08 12:36:31
North Fork Primary Care,https://www.pccnfc.org/riverton,pccnfc.org,Primary Care & Medical,"West Virginia, USA",US,Candidate,,2026-09-08 12:36:34
Grafton Total Family Care,https://www.graftontotalfamilycare.com,graftontotalfamilycare.com,Primary Care & Medical,"West Virginia, USA",US,Candidate,,2026-09-08 12:36:34
Primary Care at Home of West Virginia,https://lhcgroup.com/locations/primary-care-at-home-westvirginia-of-charleston,lhcgroup.com,Primary Care & Medical,"West Virginia, USA",US,Candidate,,2026-09-08 12:36:37
UW Health Beaver Dam Clinic Family Medicine Clinic,https://www.uwhealth.org/locations/beaver-dam-clinic-16/family-medicine-clinic-249,uwhealth.org,Primary Care & Medical,"Wisconsin, USA",US,Candidate,,2026-09-08 12:36:55
Community Health Primary Care Services,https://communityhealthpcs.com,communityhealthpcs.com,Primary Care & Medical,"Wisconsin, USA",US,Candidate,,2026-09-08 12:36:55
Aurora Family Care Center,https://www.aurorahealthcare.org/locations/aurora-family-care-center-milwaukee,aurorahealthcare.org,Primary Care & Medical,"Wisconsin, USA",US,Candidate,,2026-09-08 12:36:59
Primary Care Associates of Appleton Ltd.,https://www.primarycareofappleton.com,primarycareofappleton.com,Primary Care & Medical,"Wisconsin, USA",US,Candidate,,2026-09-08 12:37:05
West Allis Primary Care Physicians,http://wapcp.org,wapcp.org,Primary Care & Medical,"Wisconsin, USA",US,Candidate,,2026-09-08 12:37:08
ProHealth Care,http://www.prohealthcare.org,prohealthcare.org,Primary Care & Medical,"Wisconsin, USA",US,Candidate,,2026-09-08 12:37:10
Marshfield Medical Center-Beaver Dam Waupun Center,https://www.marshfieldclinic.org/Locations/Centers/Waupun%20Center,marshfieldclinic.org,Primary Care & Medical,"Wisconsin, USA",US,Candidate,,2026-09-08 12:37:13
West Bend Medical,http://westbendmed.com,westbendmed.com,Primary Care & Medical,"Wisconsin, USA",US,Candidate,,2026-09-08 12:37:13
"Elmbrook Schools Family Wellness Center, Powered by Marathon Health",https://www.elmbrookschools.org/departments/benefits/family-wellness-center,elmbrookschools.org,Primary Care & Medical,"Wisconsin, USA",US,Candidate,,2026-09-08 12:37:14
Jackson Whole Family Health,https://jacksonwholefamilyhealth.com,jacksonwholefamilyhealth.com,Primary Care & Medical,"Wyoming, USA",US,Candidate,,2026-09-08 12:37:29
St. John's Health Family Medicine,https://www.stjohns.health/locations/family-medicine,stjohns.health,Primary Care & Medical,"Wyoming, USA",US,Candidate,,2026-09-08 12:37:32
Sheridan Memorial Hospital Primary Care,https://www.sheridanhospital.org/medical-services/clinics/primary-care,sheridanhospital.org,Primary Care & Medical,"Wyoming, USA",US,Candidate,,2026-09-08 12:37:37
RISE Direct Primary Care,http://risedpcare.com,risedpcare.com,Primary Care & Medical,"Wyoming, USA",US,Candidate,,2026-09-08 12:37:39
Campbell County Health Main Clinic,https://www.cchwyo.org,cchwyo.org,Primary Care & Medical,"Wyoming, USA",US,Candidate,,2026-09-08 12:37:42
Community Health Center of Central Wyoming,http://www.chccw.org,chccw.org,Primary Care & Medical,"Wyoming, USA",US,Candidate,,2026-09-08 12:37:45
Family Care Clinic,https://www.familycarecliniclaramie.com,familycarecliniclaramie.com,Primary Care & Medical,"Wyoming, USA",US,Candidate,,2026-09-08 12:37:47
Rocky Mountain Family Medicine,http://www.rockymountainfamilymed.com,rockymountainfamilymed.com,Primary Care & Medical,"Wyoming, USA",US,Candidate,,2026-09-08 12:37:51
"Lander Medical Clinic, P.C.",https://landermedicalclinic.com,landermedicalclinic.com,Primary Care & Medical,"Wyoming, USA",US,Candidate,,2026-09-08 12:37:54
Wyoming Medical Associates,https://wyomingmedical.com,wyomingmedical.com,Primary Care & Medical,"Wyoming, USA",US,Candidate,,2026-09-08 12:37:55
Three Rivers Health,http://www.trhealth.com,trhealth.com,Primary Care & Medical,"Wyoming, USA",US,Candidate,,2026-09-08 12:37:58
St. John's Health Internal Medicine,https://www.tetonhospital.org/services/internal-medicine,tetonhospital.org,Primary Care & Medical,"Wyoming, USA",US,Candidate,,2026-09-08 12:38:03
Direct Family Care,http://directfamily.care,directfamily.care,Primary Care & Medical,"Wyoming, USA",US,Candidate,,2026-09-08 12:38:03
Family Medicine Residency Program at Casper,http://www.uwfmrpcasper.com/contact-us,uwfmrpcasper.com,Primary Care & Medical,"Wyoming, USA",US,Candidate,,2026-09-08 12:38:06
Zorumske Family Practice,https://zorumskefp.com,zorumskefp.com,Primary Care & Medical,"Wyoming, USA",US,Candidate,,2026-09-08 12:38:08
Platte River Family Practice,https://rymaps.xyz/business/platte-river-family-practice-61zat7,rymaps.xyz,Primary Care & Medical,"Wyoming, USA",US,Candidate,,2026-09-08 12:38:10
Tongue River Valley Walk-in Clinic,https://trvclinic.com,trvclinic.com,Primary Care & Medical,"Wyoming, USA",US,Candidate,,2026-09-08 12:38:11
Wyo Clinic,http://www.wyoclinic.com,wyoclinic.com,Primary Care & Medical,"Wyoming, USA",US,Candidate,,2026-09-08 12:38:12
Apex Primary Care,http://apexprimarycaregroup.com,apexprimarycaregroup.com,Primary Care & Medical,"District of Columbia, USA",US,Candidate,,2026-09-08 12:38:26
MedStar Health Primary Care at Lafayette Centre,https://www.medstarhealth.org/locations/primary-care-lafayette-centre,medstarhealth.org,Primary Care & Medical,"District of Columbia, USA",US,Candidate,,2026-09-08 12:38:29
Care& Family Health Yorkville,https://careand.ca,careand.ca,Primary Care & Medical,"Ontario, Canada",Canada,Candidate,,2026-09-08 12:38:44
Parliament Medical Clinic,http://www.parliamentclinic.com,parliamentclinic.com,Primary Care & Medical,"Ontario, Canada",Canada,Candidate,,2026-09-08 12:38:47
WELL Health Medical Centres - Patient Networks - Family Medicine & Walk In Clinic,http://www.patientnetworks.ca,patientnetworks.ca,Primary Care & Medical,"Ontario, Canada",Canada,Candidate,,2026-09-08 12:38:50
Oasis Primary Health Care Clinic,https://oasisprimaryhealthcareclinic.ca,oasisprimaryhealthcareclinic.ca,Primary Care & Medical,"Ontario, Canada",Canada,Candidate,,2026-09-08 12:38:52
HealthOne Harbourfront Medical & Walk-In,https://healthone.ca/toronto/medical-walk-in-to,healthone.ca,Primary Care & Medical,"Ontario, Canada",Canada,Candidate,,2026-09-08 12:38:55
NP Family Health Care™️ London Ontario,http://www.npfhc.ca,npfhc.ca,Primary Care & Medical,"Ontario, Canada",Canada,Candidate,,2026-09-08 12:38:55
Bruce Peninsula Family Health Team Clinic,https://www.gbhs.on.ca,gbhs.on.ca,Primary Care & Medical,"Ontario, Canada",Canada,Candidate,,2026-09-08 12:38:57
Toronto Western Family Health Team,https://www.twfht.ca,twfht.ca,Primary Care & Medical,"Ontario, Canada",Canada,Candidate,,2026-09-08 12:39:00
Downtown Toronto Doctors,https://www.downtowntorontodoctors.com,downtowntorontodoctors.com,Primary Care & Medical,"Ontario, Canada",Canada,Candidate,,2026-09-08 12:39:02
Ontario College Of Family Physicians,http://ocfp.on.ca,ocfp.on.ca,Primary Care & Medical,"Ontario, Canada",Canada,Candidate,,2026-09-08 12:39:03
HealthSource Medical,http://www.hsmedical.ca,hsmedical.ca,Primary Care & Medical,"Ontario, Canada",Canada,Candidate,,2026-09-08 12:39:05
Points North Family Health Clinic,https://www.pointsnorthfht.com,pointsnorthfht.com,Primary Care & Medical,"Ontario, Canada",Canada,Candidate,,2026-09-08 12:39:06
Superior Family Health Organization,http://www.superiorfamilyhealth.com,superiorfamilyhealth.com,Primary Care & Medical,"Ontario, Canada",Canada,Candidate,,2026-09-08 12:39:08
Sault Community Health Centre,https://saultcommunityhealthcentre.ca,saultcommunityhealthcentre.ca,Primary Care & Medical,"Ontario, Canada",Canada,Candidate,,2026-09-08 12:39:09
Aurora Family Health Clinic,https://www.aurorafamilyclinic.com,aurorafamilyclinic.com,Primary Care & Medical,"Ontario, Canada",Canada,Candidate,,2026-09-08 12:39:25
Ear Falls Community Health Centre,https://www.earfallsfht.ca,earfallsfht.ca,Primary Care & Medical,"Ontario, Canada",Canada,Candidate,,2026-09-08 12:39:27
Omny Medicine Private,https://omnymedecineprivee.com,omnymedecineprivee.com,Primary Care & Medical,"Quebec, Canada",Canada,Candidate,,2026-09-08 12:39:39
Clinique Proximité Saint Roch,http://www.proximite.co,proximite.co,Primary Care & Medical,"Quebec, Canada",Canada,Candidate,,2026-09-08 12:39:42
Lacroix Medicine Private - Cap-Rouge,http://cliniquesmedicaleslacroix.com,cliniquesmedicaleslacroix.com,Primary Care & Medical,"Quebec, Canada",Canada,Candidate,,2026-09-08 12:39:47
La Cité Médicale Charlesbourg,https://lacitemedicale.com,lacitemedicale.com,Primary Care & Medical,"Quebec, Canada",Canada,Candidate,,2026-09-08 12:39:51
Mon Doc - Québec (Les Saules),https://www.mondoc.ca,mondoc.ca,Primary Care & Medical,"Quebec, Canada",Canada,Candidate,,2026-09-08 12:39:57
Médecine privée - La Cité Médicale Sainte-Foy,https://medecineprivee.lacitemedicale.com,medecineprivee.lacitemedicale.com,Primary Care & Medical,"Quebec, Canada",Canada,Candidate,,2026-09-08 12:39:57
Clinique Saint Louis,http://www.cliniquestlouis.com,cliniquestlouis.com,Primary Care & Medical,"Quebec, Canada",Canada,Candidate,,2026-09-08 12:40:00
GMF Cité Verte (Clinique Médecine de Famille),http://www.gmfciteverte.com,gmfciteverte.com,Primary Care & Medical,"Quebec, Canada",Canada,Candidate,,2026-09-08 12:40:01
Clinique Médicale Val-Bélair,https://www.gmf-vb-vc-stc.com,gmf-vb-vc-stc.com,Primary Care & Medical,"Quebec, Canada",Canada,Candidate,,2026-09-08 12:40:05
Laval Family Medicine Unit,http://www.sante.gouv.qc.ca/repertoire-ressources/ressource,sante.gouv.qc.ca,Primary Care & Medical,"Quebec, Canada",Canada,Candidate,,2026-09-08 12:40:07
Medical Center of Charlesbourg,http://centremedicalcharlesbourg.com,centremedicalcharlesbourg.com,Primary Care & Medical,"Quebec, Canada",Canada,Candidate,,2026-09-08 12:40:13
Centre Medical Ste-Foy Inc,https://districtsante.com/centre-medical-sainte-foy,districtsante.com,Primary Care & Medical,"Quebec, Canada",Canada,Candidate,,2026-09-08 12:40:15
Dr Guillaume Painchaud Medical Clinic,https://cmgp.clinic,cmgp.clinic,Primary Care & Medical,"Quebec, Canada",Canada,Candidate,,2026-09-08 12:40:18
Centre Médical Le Mesnil,http://centremedicalmesnil.com,centremedicalmesnil.com,Primary Care & Medical,"Quebec, Canada",Canada,Candidate,,2026-09-08 12:40:25
Vancouver City Centre Urgent Primary Care Centre,https://www.vch.ca/en/location/vancouver-city-centre-urgent-primary-care-centre,vch.ca,Primary Care & Medical,"British Columbia, Canada",Canada,Candidate,,2026-09-08 12:40:38
Surrey-Whalley Urgent Primary Care Centre,https://www.fraserhealth.ca/Service-Directory/Service-at-Location/E/3/urgent-primary-care-centre---surrey,fraserhealth.ca,Primary Care & Medical,"British Columbia, Canada",Canada,Candidate,,2026-09-08 12:40:39
Kamloops Primary Care Clinic,https://www.interiorhealth.ca/services/primary-health-care/locations,interiorhealth.ca,Primary Care & Medical,"British Columbia, Canada",Canada,Candidate,,2026-09-08 12:40:41
PrimeCare Medical Centre,https://primecaremedicalcentre.com,primecaremedicalcentre.com,Primary Care & Medical,"British Columbia, Canada",Canada,Candidate,,2026-09-08 12:40:42
Gorge Urgent and Primary Care Centre,http://www.islandhealth.ca/our-locations/hospitals-health-centre-locations/gorge-urgent-and-primary-care-centre,islandhealth.ca,Primary Care & Medical,"British Columbia, Canada",Canada,Candidate,,2026-09-08 12:40:45
Mission Primary Care Clinic,https://www.divisionsbc.ca/mission,divisionsbc.ca,Primary Care & Medical,"British Columbia, Canada",Canada,Candidate,,2026-09-08 12:40:46
Columbia Primary Care Clinic,http://columbiaprimarycare.ca,columbiaprimarycare.ca,Primary Care & Medical,"British Columbia, Canada",Canada,Candidate,,2026-09-08 12:40:49
Care Point Medical Clinic - Joyce,https://www.carepoint.ca,carepoint.ca,Primary Care & Medical,"British Columbia, Canada",Canada,Candidate,,2026-09-08 12:40:49
Terra Nova Medical,https://www.terranovamedical.ca,terranovamedical.ca,Primary Care & Medical,"British Columbia, Canada",Canada,Candidate,,2026-09-08 12:40:54
Woodland Family Practice,http://www.woodlandfamilypractice.ca,woodlandfamilypractice.ca,Primary Care & Medical,"British Columbia, Canada",Canada,Candidate,,2026-09-08 12:41:02
MedLux Medical,https://medluxmedical.ca,medluxmedical.ca,Primary Care & Medical,"British Columbia, Canada",Canada,Candidate,,2026-09-08 12:41:04
New Westminster Family Practice,http://newwestminsterfamilypractice.ca/contact,newwestminsterfamilypractice.ca,Primary Care & Medical,"British Columbia, Canada",Canada,Candidate,,2026-09-08 12:41:05
Vancouver Family Practice Centre,https://vancouverfamilypractice.ca,vancouverfamilypractice.ca,Primary Care & Medical,"British Columbia, Canada",Canada,Candidate,,2026-09-08 12:41:05
Family Practice Clinic,http://www.familypracticeclinic.ca,familypracticeclinic.ca,Primary Care & Medical,"British Columbia, Canada",Canada,Candidate,,2026-09-08 12:41:07
Kits Family Practice,https://kitsfamilypractice.ca,kitsfamilypractice.ca,Primary Care & Medical,"British Columbia, Canada",Canada,Candidate,,2026-09-08 12:41:11
Birch Family Medicine Clinic,https://www.birchfamilymed.com,birchfamilymed.com,Primary Care & Medical,"British Columbia, Canada",Canada,Candidate,,2026-09-08 12:41:12
Shaughnessy Medical Clinic,http://www.shaughnessymedicalclinic.ca,shaughnessymedicalclinic.ca,Primary Care & Medical,"British Columbia, Canada",Canada,Candidate,,2026-09-08 12:41:16
Bayswater Family Practice,http://bayswatermd.ca,bayswatermd.ca,Primary Care & Medical,"British Columbia, Canada",Canada,Candidate,,2026-09-08 12:41:18
BC College of Family Physicians,http://bccfp.bc.ca,bccfp.bc.ca,Primary Care & Medical,"British Columbia, Canada",Canada,Candidate,,2026-09-08 12:41:19
George Street Family Practice,http://gsfp.ca,gsfp.ca,Primary Care & Medical,"British Columbia, Canada",Canada,Candidate,,2026-09-08 12:41:20
Colwood Family Practice,https://www.colwoodfamilypractice.com,colwoodfamilypractice.com,Primary Care & Medical,"British Columbia, Canada",Canada,Candidate,,2026-09-08 12:41:22
Granville Island Medical Centre,https://granvilleislandmedicalcentre.ca,granvilleislandmedicalcentre.ca,Primary Care & Medical,"British Columbia, Canada",Canada,Candidate,,2026-09-08 12:41:26
WELL Health Medical Centres - Burnside (Formerly Burnside Family Medical Clinic),https://wellclinics.ca/british-columbia/victoria/burnside-whmc,wellclinics.ca,Primary Care & Medical,"British Columbia, Canada",Canada,Candidate,,2026-09-08 12:41:28
Fleetwood Family Physicians,http://fleetwood.cortico.ca,fleetwood.cortico.ca,Primary Care & Medical,"British Columbia, Canada",Canada,Candidate,,2026-09-08 12:41:29
Doctors of Sullivan Heights Medical Clinic,http://www.doctorsofsullivanheights.com,doctorsofsullivanheights.com,Primary Care & Medical,"British Columbia, Canada",Canada,Candidate,,2026-09-08 12:41:31
Primacy - Calgary Trail Family Medical Clinic,https://calgarytrailfmc.ca,calgarytrailfmc.ca,Primary Care & Medical,"Alberta, Canada",Canada,Candidate,,2026-09-08 12:41:41
Edmonton Southside Primary Care Network,http://www.edmontonsouthsidepcn.ca,edmontonsouthsidepcn.ca,Primary Care & Medical,"Alberta, Canada",Canada,Candidate,,2026-09-08 12:41:44
Callingwood Crossing Medical Clinic,https://www.callingwoodcrossing.com,callingwoodcrossing.com,Primary Care & Medical,"Alberta, Canada",Canada,Candidate,,2026-09-08 12:41:47
Alberta Avenue Medical Clinic,https://albertaavenuemedicalclinic.ca,albertaavenuemedicalclinic.ca,Primary Care & Medical,"Alberta, Canada",Canada,Candidate,,2026-09-08 12:41:51
Edmonton West Primary Care Network,http://www.ewpcn.com,ewpcn.com,Primary Care & Medical,"Alberta, Canada",Canada,Candidate,,2026-09-08 12:41:54
100 Avenue Family Medical Clinic,http://www.100avefmc.com,100avefmc.com,Primary Care & Medical,"Alberta, Canada",Canada,Candidate,,2026-09-08 12:41:58
Primary Care Network,https://www.enpcn.com,enpcn.com,Primary Care & Medical,"Alberta, Canada",Canada,Candidate,,2026-09-08 12:42:02
Primary Care Network,http://rockypcn.com,rockypcn.com,Primary Care & Medical,"Alberta, Canada",Canada,Candidate,,2026-09-08 12:42:05
Red Deer Primary Care Network,https://reddeerpcn.com,reddeerpcn.com,Primary Care & Medical,"Alberta, Canada",Canada,Candidate,,2026-09-08 12:42:09
Downtown Medical Clinic,http://www.edmontonclinics.ca,edmontonclinics.ca,Primary Care & Medical,"Alberta, Canada",Canada,Candidate,,2026-09-08 12:42:13
Drayton Valley Primary Care Network,http://www.draytonvalleypcn.ca,draytonvalleypcn.ca,Primary Care & Medical,"Alberta, Canada",Canada,Candidate,,2026-09-08 12:42:17
Advanced Primary Care,https://www.advancedprimarycare.ca,advancedprimarycare.ca,Primary Care & Medical,"Alberta, Canada",Canada,Candidate,,2026-09-08 12:42:19
Nova Medical Clinic,http://www.novamedicalclinic.ca,novamedicalclinic.ca,Primary Care & Medical,"Alberta, Canada",Canada,Candidate,,2026-09-08 12:42:20
Medicentres Family Care Clinics,https://www.medicentres.com/medicentre-locations/millwoods-medicentre,medicentres.com,Primary Care & Medical,"Alberta, Canada",Canada,Candidate,,2026-09-08 12:42:27
Gateway Family Medical Clinic,http://www.gfamilymedicalclinic.ca,gfamilymedicalclinic.ca,Primary Care & Medical,"Alberta, Canada",Canada,Candidate,,2026-09-08 12:42:30
Heritage Medical Clinic,https://www.heritagemedicalclinic.ca,heritagemedicalclinic.ca,Primary Care & Medical,"Alberta, Canada",Canada,Candidate,,2026-09-08 12:42:30
Family Health Medical Centre,https://www.familyhealthmedicalcentre.ca,familyhealthmedicalcentre.ca,Primary Care & Medical,"Alberta, Canada",Canada,Candidate,,2026-09-08 12:42:37
Alberta College Of Family Physicians,https://acfp.ca,acfp.ca,Primary Care & Medical,"Alberta, Canada",Canada,Candidate,,2026-09-08 12:42:42
Walker Lake Family Clinic,http://walkerlakefamilyclinic.ca,walkerlakefamilyclinic.ca,Primary Care & Medical,"Alberta, Canada",Canada,Candidate,,2026-09-08 12:42:43
My Family Doctor Clinic,https://www.myfdclinic.ca,myfdclinic.ca,Primary Care & Medical,"Alberta, Canada",Canada,Candidate,,2026-09-08 12:42:46
Family Medical Associates,https://lacombefamilymedical.wordpress.com,lacombefamilymedical.wordpress.com,Primary Care & Medical,"Alberta, Canada",Canada,Candidate,,2026-09-08 12:42:47
Family Medicine Centre,https://www.covenanthealth.ca/locations/misericordia-community-hospital,covenanthealth.ca,Primary Care & Medical,"Alberta, Canada",Canada,Candidate,,2026-09-08 12:42:47
Family Medicine Associates,https://grandeprairiepcn.com/clinics/dr-richard-martin-family-medicine-associates,grandeprairiepcn.com,Primary Care & Medical,"Alberta, Canada",Canada,Candidate,,2026-09-08 12:42:50
Gibbons Family Medical Centre,https://www.sherwoodparkpcn.com/clinic/gibbons-family-medical-centre,sherwoodparkpcn.com,Primary Care & Medical,"Alberta, Canada",Canada,Candidate,,2026-09-08 12:42:59
Family First Medical Clinic always,http://www.canadalife.ca,canadalife.ca,Primary Care & Medical,"Alberta, Canada",Canada,Candidate,,2026-09-08 12:43:03
Winnipeg Beach Primary Care Clinic,http://www.ierha.ca/default.aspx,ierha.ca,Primary Care & Medical,"Manitoba, Canada",Canada,Candidate,,2026-09-08 12:43:17
Birds Hill Medical Clinic,http://www.birdshillmedical.ca,birdshillmedical.ca,Primary Care & Medical,"Manitoba, Canada",Canada,Candidate,,2026-09-08 12:43:19
Marion Medical Centre walk-in clinic,https://marionmedicalcentre.ca,marionmedicalcentre.ca,Primary Care & Medical,"Manitoba, Canada",Canada,Candidate,,2026-09-08 12:43:22
Oya Medical Centre,http://oyamedical.ca,oyamedical.ca,Primary Care & Medical,"Manitoba, Canada",Canada,Candidate,,2026-09-08 12:43:24
Primary Health Care Centre,http://www.nrha.ca,nrha.ca,Primary Care & Medical,"Manitoba, Canada",Canada,Candidate,,2026-09-08 12:43:28
Prana Family Medical Centre,https://pranapharmacy.ca,pranapharmacy.ca,Primary Care & Medical,"Manitoba, Canada",Canada,Candidate,,2026-09-08 12:43:29
Our Own Health Centre for the 2SLGBTQ+ Community,http://www.ourownhealth.ca,ourownhealth.ca,Primary Care & Medical,"Manitoba, Canada",Canada,Candidate,,2026-09-08 12:43:31
Happy Family Medical Clinic,http://www.happyfamilymedical.ca,happyfamilymedical.ca,Primary Care & Medical,"Manitoba, Canada",Canada,Candidate,,2026-09-08 12:43:35
FamilyCare Medical Centre,https://www.familycaremed.ca,familycaremed.ca,Primary Care & Medical,"Manitoba, Canada",Canada,Candidate,,2026-09-08 12:43:35
Gemini Medical Clinic,https://www.geminimed.ca,geminimed.ca,Primary Care & Medical,"Manitoba, Canada",Canada,Candidate,,2026-09-08 12:43:35
LifeSmart Medical Osborne,http://www.lifesmarthealth.ca,lifesmarthealth.ca,Primary Care & Medical,"Manitoba, Canada",Canada,Candidate,,2026-09-08 12:43:40
St Adolphe Medical and Walk-In Clinic,https://stadolphemedicalclinic.ca,stadolphemedicalclinic.ca,Primary Care & Medical,"Manitoba, Canada",Canada,Candidate,,2026-09-08 12:43:42
Swan River Primary Care Clinic,http://prairiemountainhealth.ca/index.php/8-our-locations/234-welcome-to-swan-river-2,prairiemountainhealth.ca,Primary Care & Medical,"Manitoba, Canada",Canada,Candidate,,2026-09-08 12:43:45
Fort Richmond Medical Clinic,https://frmcclinic.ca,frmcclinic.ca,Primary Care & Medical,"Manitoba, Canada",Canada,Candidate,,2026-09-08 12:43:49
Lakeside Medical Clinic,https://lakeside.ca,lakeside.ca,Primary Care & Medical,"Saskatchewan, Canada",Canada,Candidate,,2026-09-08 12:44:03
Evergreen Medical Clinic,http://evergreenmedicalclinic.ca,evergreenmedicalclinic.ca,Primary Care & Medical,"Saskatchewan, Canada",Canada,Candidate,,2026-09-08 12:44:05
Saskatoon Community Clinic,http://www.saskatooncommunityclinic.ca,saskatooncommunityclinic.ca,Primary Care & Medical,"Saskatchewan, Canada",Canada,Candidate,,2026-09-08 12:44:06
Lenore Medical Clinic,http://lenoremedical.ca,lenoremedical.ca,Primary Care & Medical,"Saskatchewan, Canada",Canada,Candidate,,2026-09-08 12:44:08
West Winds Primary Health Centre,https://www.saskatoonhealthregion.ca/locations_services/locations/Pages/Primary-Health-Centres.aspx,saskatoonhealthregion.ca,Primary Care & Medical,"Saskatchewan, Canada",Canada,Candidate,,2026-09-08 12:44:15
Meadow Primary Health Care Centre,http://www.rqhealth.ca/facilities/meadow-primary-health-care-centre,rqhealth.ca,Primary Care & Medical,"Saskatchewan, Canada",Canada,Candidate,,2026-09-08 12:44:17
City Park Medical Clinic,https://cityparkmedicalclinic.ca,cityparkmedicalclinic.ca,Primary Care & Medical,"Saskatchewan, Canada",Canada,Candidate,,2026-09-08 12:44:18
Broad Street Medical Clinic,https://broadstreetclinic.com,broadstreetclinic.com,Primary Care & Medical,"Saskatchewan, Canada",Canada,Candidate,,2026-09-08 12:44:18
Cornerstone Medical Clinic,http://www.cornerstonemedical.ca,cornerstonemedical.ca,Primary Care & Medical,"Saskatchewan, Canada",Canada,Candidate,,2026-09-08 12:44:20
Lifebridge Health Centre,http://www.lifebridgehealth.ca,lifebridgehealth.ca,Primary Care & Medical,"Saskatchewan, Canada",Canada,Candidate,,2026-09-08 12:44:21
City Centre Family Physicians,https://www.ccfp.ca,ccfp.ca,Primary Care & Medical,"Saskatchewan, Canada",Canada,Candidate,,2026-09-08 12:44:23
Primary Health Centre,https://www.saskhealthauthority.ca/facilities-locations/north-battleford-primary-health-centre,saskhealthauthority.ca,Primary Care & Medical,"Saskatchewan, Canada",Canada,Candidate,,2026-09-08 12:44:27
Albert and Parliament Primary Health Care,https://mika.care/1rU4WQ8N635cyn,mika.care,Primary Care & Medical,"Saskatchewan, Canada",Canada,Candidate,,2026-09-08 12:44:29
Erindale Health Centre,http://erindalehealth.ca,erindalehealth.ca,Primary Care & Medical,"Saskatchewan, Canada",Canada,Candidate,,2026-09-08 12:44:30
Alliance Health Medical Walk-in Clinic,https://alliancehealth.ca,alliancehealth.ca,Primary Care & Medical,"Saskatchewan, Canada",Canada,Candidate,,2026-09-08 12:44:32
"Mediclinic ,Family Medicine and Urgent care ,Lab and Xray",https://bridgecitymediclinic.com,bridgecitymediclinic.com,Primary Care & Medical,"Saskatchewan, Canada",Canada,Candidate,,2026-09-08 12:44:34
Kenderdine Medical Clinic,http://kenderdinemedicalclinic.com,kenderdinemedicalclinic.com,Primary Care & Medical,"Saskatchewan, Canada",Canada,Candidate,,2026-09-08 12:44:35
Academic Family Medicine,https://medicine.usask.ca/familymedicine/index.php,medicine.usask.ca,Primary Care & Medical,"Saskatchewan, Canada",Canada,Candidate,,2026-09-08 12:44:38
Primary Care Clinic,http://www.nshealth.ca/locations-details/Bridgewater%20&%20Area%20Family%20Health%20Centre,nshealth.ca,Primary Care & Medical,"Nova Scotia, Canada",Canada,Candidate,,2026-09-08 12:44:53
Scotia Square Medical Clinic - NO WALK IN,https://lawtons.ca/stores/scotia-square-medical,lawtons.ca,Primary Care & Medical,"Nova Scotia, Canada",Canada,Candidate,,2026-09-08 12:44:56
Regency Park Family Practice,https://regencyparkfamilypractice.ca,regencyparkfamilypractice.ca,Primary Care & Medical,"Nova Scotia, Canada",Canada,Candidate,,2026-09-08 12:45:09
North End Community Health Centre,http://nechc.com,nechc.com,Primary Care & Medical,"Nova Scotia, Canada",Canada,Candidate,,2026-09-08 12:45:18
Ravines Medical Centre,http://www.ravinesmedical.ca,ravinesmedical.ca,Primary Care & Medical,"Nova Scotia, Canada",Canada,Candidate,,2026-09-08 12:45:23
Park West Medical Clinic,https://parkwestmedicalclinic.godaddysites.com,parkwestmedicalclinic.godaddysites.com,Primary Care & Medical,"Nova Scotia, Canada",Canada,Candidate,,2026-09-08 12:45:23
Family Medicine New Brunswick,http://fmnb.ca,fmnb.ca,Primary Care & Medical,"New Brunswick, Canada",Canada,Candidate,,2026-09-08 12:45:42
Moncton Primary Health Care Clinic for Newcomers,https://horizonnb.ca/facilities/moncton-primary-health-care-clinic,horizonnb.ca,Primary Care & Medical,"New Brunswick, Canada",Canada,Candidate,,2026-09-08 12:45:44
NB Health Link,https://nbhealthlink.ca,nbhealthlink.ca,Primary Care & Medical,"New Brunswick, Canada",Canada,Candidate,,2026-09-08 12:45:47
Coverdale Medical Clinic,http://www.coverdalemedicalclinic.com,coverdalemedicalclinic.com,Primary Care & Medical,"New Brunswick, Canada",Canada,Candidate,,2026-09-08 12:45:50
Evergreen Medical Clinic,https://www.evergreenmedclinic.ca,evergreenmedclinic.ca,Primary Care & Medical,"New Brunswick, Canada",Canada,Candidate,,2026-09-08 12:45:53
New Brunswick Medical Society,http://www.nbms.nb.ca,nbms.nb.ca,Primary Care & Medical,"New Brunswick, Canada",Canada,Candidate,,2026-09-08 12:45:57
Crown Street Medical Clinic,https://crown-clinic.usweb.io,crown-clinic.usweb.io,Primary Care & Medical,"New Brunswick, Canada",Canada,Candidate,,2026-09-08 12:45:58
Shediac Regional Medical Centre,http://www.vitalitenb.ca/en/points-service/shediac-regional-medical-centre,vitalitenb.ca,Primary Care & Medical,"New Brunswick, Canada",Canada,Candidate,,2026-09-08 12:46:04
Woodstock Family Medicine,https://woodstockfamily.cortico.ca,woodstockfamily.cortico.ca,Primary Care & Medical,"New Brunswick, Canada",Canada,Candidate,,2026-09-08 12:46:05
Bay L'Argent Medical Clinic,http://www.nlhealthservices.ca,nlhealthservices.ca,Primary Care & Medical,"Newfoundland and Labrador, Canada",Canada,Candidate,,2026-09-08 12:46:22
Shea Heights Community Health Centre,https://www.easternhealth.ca/facilities/shea-heights-community-clinic,easternhealth.ca,Primary Care & Medical,"Newfoundland and Labrador, Canada",Canada,Candidate,,2026-09-08 12:46:28
Centre of Health Excellence,https://theche.ca,theche.ca,Primary Care & Medical,"Newfoundland and Labrador, Canada",Canada,Candidate,,2026-09-08 12:46:30
Labrador West Health Centre,https://www.lghealth.ca/facilities/hospitals/labrador-west-health-centre,lghealth.ca,Primary Care & Medical,"Newfoundland and Labrador, Canada",Canada,Candidate,,2026-09-08 12:46:35
Medical Clinic,https://www.plannedparenthoodnlshc.com/uploads/1/0/0/3/100308324/therapeutic_abortion_in_nl.pdf,plannedparenthoodnlshc.com,Primary Care & Medical,"Newfoundland and Labrador, Canada",Canada,Candidate,,2026-09-08 12:46:39
Bay D'Espoir Medical Clinic,https://www.centralhealth.nl.ca/post/updated-upcoming-primary-care-services-at-bay-d-espoir-medical-clinic-in-st-alban-s,centralhealth.nl.ca,Primary Care & Medical,"Newfoundland and Labrador, Canada",Canada,Candidate,,2026-09-08 12:46:42
Catalyst Health Solutions,http://www.catalysthealthsolutions.ca,catalysthealthsolutions.ca,Primary Care & Medical,"Newfoundland and Labrador, Canada",Canada,Candidate,,2026-09-08 12:46:45
Corner Brook Community Health Centre,https://westernhealth.nl.ca,westernhealth.nl.ca,Primary Care & Medical,"Newfoundland and Labrador, Canada",Canada,Candidate,,2026-09-08 12:46:56
Downtown Walk In Clinic,https://www.princeedwardisland.ca/en/information/health-pei/walk-in-clinics,princeedwardisland.ca,Primary Care & Medical,"Prince Edward Island, Canada",Canada,Candidate,,2026-09-08 12:47:09
Sherwood Drug Mart Walk-in Clinic at Sherwood Family Medical Center,http://www.sherwooddrugmart.ca,sherwooddrugmart.ca,Primary Care & Medical,"Prince Edward Island, Canada",Canada,Candidate,,2026-09-08 12:47:11
Montague Health Centre,http://www.healthpei.ca/index.php3,healthpei.ca,Primary Care & Medical,"Prince Edward Island, Canada",Canada,Candidate,,2026-09-08 12:47:16
Summerside Medical Centre,https://www.summersidemedicalcentre.com,summersidemedicalcentre.com,Primary Care & Medical,"Prince Edward Island, Canada",Canada,Candidate,,2026-09-08 12:47:18
Primacy - Spring Park Clinic,https://www.primacy.ca/locations/charlottetown,primacy.ca,Primary Care & Medical,"Prince Edward Island, Canada",Canada,Candidate,,2026-09-08 12:47:22
The Polyclinic,https://www.polyclinicpei.com,polyclinicpei.com,Primary Care & Medical,"Prince Edward Island, Canada",Canada,Candidate,,2026-09-08 12:47:24
Constellation Health Centre,https://www.klondykemedical.ca,klondykemedical.ca,Primary Care & Medical,"Yukon, Canada",Canada,Candidate,,2026-09-08 12:47:52
Whitehorse Walk-in Clinic,https://yukon.ca/en/get-walk-medical-services-whitehorse,yukon.ca,Primary Care & Medical,"Yukon, Canada",Canada,Candidate,,2026-09-08 12:47:53
The CHC Naturopathic Clinic - Yukon,https://www.kayleealton.com/yukon,kayleealton.com,Primary Care & Medical,"Yukon, Canada",Canada,Candidate,,2026-09-08 12:47:54
Whitehorse Health Centre,http://www.hss.gov.yk.ca/healthcentre_whse.php,hss.gov.yk.ca,Primary Care & Medical,"Yukon, Canada",Canada,Candidate,,2026-09-08 12:47:55
Lynx Health Yukon Pediatrics Clinic,https://lynxhealth.ca,lynxhealth.ca,Primary Care & Medical,"Yukon, Canada",Canada,Candidate,,2026-09-08 12:47:58
Whitehorse Travel Health Clinic,http://www.whitehorsetravelclinic.ca,whitehorsetravelclinic.ca,Primary Care & Medical,"Yukon, Canada",Canada,Candidate,,2026-09-08 12:47:59
Yukon Women's Midlife Health Clinic,https://yukonmidlifehealth.ca,yukonmidlifehealth.ca,Primary Care & Medical,"Yukon, Canada",Canada,Candidate,,2026-09-08 12:48:02
Whitehorse General Hospital,https://yukonhospitals.ca,yukonhospitals.ca,Primary Care & Medical,"Yukon, Canada",Canada,Candidate,,2026-09-08 12:48:05
Yukon Medical Council,http://www.yukonmedicalcouncil.ca,yukonmedicalcouncil.ca,Primary Care & Medical,"Yukon, Canada",Canada,Candidate,,2026-09-08 12:48:07
Equinox Health and Solstice Maternity,https://www.equinox-health.com,equinox-health.com,Primary Care & Medical,"Yukon, Canada",Canada,Candidate,,2026-09-08 12:48:08
"Opal clinic , Whitehorse Yukon",http://opalyukon.ca,opalyukon.ca,Primary Care & Medical,"Yukon, Canada",Canada,Candidate,,2026-09-08 12:48:11
Canadian Valley Family Care,http://www.cvfcyukon.com,cvfcyukon.com,Primary Care & Medical,"Yukon, Canada",Canada,Candidate,,2026-09-08 12:48:17
Yellowknife Primary Care Centre,https://www.nthssa.ca/en/health-services-yellowknife-region,nthssa.ca,Primary Care & Medical,"Northwest Territories, Canada",Canada,Candidate,,2026-09-08 12:48:35
Range Lake Walk-in Clinic,http://www.rlwclinic.com,rlwclinic.com,Primary Care & Medical,"Northwest Territories, Canada",Canada,Candidate,,2026-09-08 12:48:44
Fort Resolution Health Centre,http://www.yhssa.hss.gov.nt.ca/health/clinics-and-health-centres/fort-resolution,yhssa.hss.gov.nt.ca,Primary Care & Medical,"Northwest Territories, Canada",Canada,Candidate,,2026-09-08 12:48:50
NT Health Ctr,http://www.shssa.hss.gov.nt.ca/our-facilities/harriet-gladue-health-centre-tulita,shssa.hss.gov.nt.ca,Primary Care & Medical,"Northwest Territories, Canada",Canada,Candidate,,2026-09-08 12:48:50
Hay River Health and Social Services Authority,http://www.hrhssa.org,hrhssa.org,Primary Care & Medical,"Northwest Territories, Canada",Canada,Candidate,,2026-09-08 12:48:52
Aurora College,http://www.auroracollege.nt.ca,auroracollege.nt.ca,Primary Care & Medical,"Northwest Territories, Canada",Canada,Candidate,,2026-09-08 12:49:00
Community Counseling Services,https://www.hss.gov.nt.ca/en/contact/community-counsellor,hss.gov.nt.ca,Primary Care & Medical,"Northwest Territories, Canada",Canada,Candidate,,2026-09-08 12:49:01
Arctic Bay Health Centre,http://gov.nu.ca/health/information/health-centres,gov.nu.ca,Primary Care & Medical,"Nunavut, Canada",Canada,Candidate,,2026-09-08 12:49:12
New Health Centre,https://www.nunavutnurses.ca/contact-us,nunavutnurses.ca,Primary Care & Medical,"Nunavut, Canada",Canada,Candidate,,2026-09-08 12:49:15
Qaujigiartiit Health Research Centre,https://www.qaujigiartiit.ca,qaujigiartiit.ca,Primary Care & Medical,"Nunavut, Canada",Canada,Candidate,,2026-09-08 12:49:29
Réseau de santé en français au Nunavut (Résefan),http://www.resefan.ca,resefan.ca,Primary Care & Medical,"Nunavut, Canada",Canada,Candidate,,2026-09-08 12:49:34
Iqaluit Dental Clinic,http://www.iqaluitdental.com,iqaluitdental.com,Primary Care & Medical,"Nunavut, Canada",Canada,Candidate,,2026-09-08 12:49:36
