Practice / Company Name,Official Website,Clean Domain,Healthcare Category,Location,Weave Evidence / Source,Date Discovered
Let's Go Dental,https://gotu.com,gotu.com,Dental & Oral Healthcare,Florida,Weave Case Study - Call Intelligence,2026-09-06 21:32:06
Enclave Vision Associates,http://enclavevision.com,enclavevision.com,Optometry & Eyecare,"Houston, TX",Weave Case Study - Patient Communication,2026-09-06 21:32:46
Animal Hospital of Lake Villa,https://lakevillavet.com,lakevillavet.com,Veterinary & Animal Health,"Lake Villa, IL",Weave Case Study - Practice Management,2026-09-06 21:32:48
Riverfront Dental,http://www.salemriverfrontdental.com,salemriverfrontdental.com,Dental & Oral Healthcare,"Salem, OR",Weave Case Study - Patient Experience,2026-09-06 21:32:51
Cercek Dental,https://weence.com/medical/doctors/reno/cercek-jr-john-f-dds,weence.com,Dental & Oral Healthcare,"Reno, NV",Weave Case Study - Practice Growth,2026-09-06 21:32:57
Berdy Dental Group,http://berdydentalgroup.com,berdydentalgroup.com,Dental & Oral Healthcare,"Jacksonville, FL",Weave Case Study - Patient Communication,2026-09-06 21:33:00
Gerlecz Dentistry,https://www.gerleczdentistry.com,gerleczdentistry.com,Dental & Oral Healthcare,"Panama City, FL",Weave Case Study - Disaster Recovery,2026-09-06 21:33:02
Palisades Dentists,http://www.thepalidentists.com,thepalidentists.com,Dental & Oral Healthcare,"Pacific Palisades, CA",Weave Customer Story,2026-09-06 21:33:05
Align Therapy,https://aligntherapyutah.com,aligntherapyutah.com,Physical Therapy & Rehab,"Lehi, UT",Weave Customer Spotlight - David Butler,2026-09-06 21:33:07
Periodontal & Implant Associates,http://www.perioimplantinc.com,perioimplantinc.com,Dental & Oral Healthcare,"Pelham, AL",Weave Customer Spotlight - Dr. Jennifer Doobrow,2026-09-06 21:33:10
Beaches Facial Plastic & Nasal Surgery,https://www.facesonly.com,facesonly.com,Plastic Surgery & Aesthetics,"Jacksonville Beach, FL",Weave Customer Spotlight - Scott Trimas,2026-09-06 21:33:12
Beach Dental Center,https://www.goodmanortho.com,goodmanortho.com,Dental & Oral Healthcare,"San Diego, CA",Weave Customer Spotlight - Dr. Dan Barton,2026-09-06 21:33:21
Riverside Pet Care,http://riversidevetcare.com,riversidevetcare.com,Veterinary & Animal Health,"Ludlow, MA",Weave Customer Spotlight - Dr. Ian Kolbaba,2026-09-06 21:33:24
The Eye Vets,http://www.utahvetemergency.com,utahvetemergency.com,Veterinary & Animal Health,"Riverton, UT",Weave Customer Spotlight - Dr. Ben Bergstrom,2026-09-06 21:33:26
Philadelphia Dental Associates,https://www.philadelphiadentalassociates.com,philadelphiadentalassociates.com,Dental & Oral Healthcare,"Philadelphia, PA",Weave Verified Customer Review,2026-09-06 21:33:29
Dana Point Smiles,http://www.danapointsmiles.com,danapointsmiles.com,Dental & Oral Healthcare,"Dana Point, CA",Weave Verified Customer Review,2026-09-06 21:33:31
Admire Your Smile,https://www.admireyoursmilellc.com,admireyoursmilellc.com,Dental & Oral Healthcare,"Jefferson City, MO",Weave Customer Review - Dr. Corey Mack,2026-09-06 21:33:34
Aliso Kids Dental,http://www.alisokidsdental.com,alisokidsdental.com,Dental & Oral Healthcare,"Aliso Viejo, CA",Weave Customer Review - Pediatric Dental,2026-09-06 21:33:36
Olive Family Dentistry,http://afdolivebranch.com,afdolivebranch.com,Dental & Oral Healthcare,"Olive Branch, MS",Weave Customer Review,2026-09-06 21:33:39
Lake Norman Pediatric Dentistr,https://lknpediatricdentistry.com,lknpediatricdentistry.com,Healthcare Practice,US,Weave Senja Verified Review,2026-09-06 21:33:55
"Dr. Brant Koenig, DC",http://physicalmedicineok.com,physicalmedicineok.com,Healthcare Practice,US,Weave Senja Verified Review,2026-09-06 21:36:41
Drs. Mellovitz & Grumet Dental,http://www.highlandparksmiles.com,highlandparksmiles.com,Dental & Oral Healthcare,US,Weave Senja Verified Review,2026-09-06 21:36:48
East Lake Veterinary Hospital,https://www.eastlakeveterinaryhospital.com,eastlakeveterinaryhospital.com,Veterinary Medicine & Animal Hospitals,"Dallas, TX, USA",Weave Target Vertical - Veterinary Medicine & Animal Hospitals,2026-09-06 21:39:39
Metro Paws Animal Hospital - Oak Cliff,https://mpahvets.com/oak-cliff,mpahvets.com,Veterinary Medicine & Animal Hospitals,"Dallas, TX, USA",Weave Target Vertical - Veterinary Medicine & Animal Hospitals,2026-09-06 21:39:40
Hillside Veterinary Clinic,https://www.thrivepetcare.com/locations/texas/dallas/hillside-veterinary-clinic,thrivepetcare.com,Veterinary Medicine & Animal Hospitals,"Dallas, TX, USA",Weave Target Vertical - Veterinary Medicine & Animal Hospitals,2026-09-06 21:39:40
VEG ER for Pets,https://www.veg.com/locations/texas/dallas,veg.com,Veterinary Medicine & Animal Hospitals,"Dallas, TX, USA",Weave Target Vertical - Veterinary Medicine & Animal Hospitals,2026-09-06 21:39:40
VCA Metroplex Animal Hospital & Pet Lodge,https://vcahospitals.com/metroplex,vcahospitals.com,Veterinary Medicine & Animal Hospitals,"Dallas, TX, USA",Weave Target Vertical - Veterinary Medicine & Animal Hospitals,2026-09-06 21:39:40
Rutherford Veterinary Hospital,https://rutherfordvet.com,rutherfordvet.com,Veterinary Medicine & Animal Hospitals,"Dallas, TX, USA",Weave Target Vertical - Veterinary Medicine & Animal Hospitals,2026-09-06 21:39:40
Love Freeway Animal Clinic,http://www.lovefreewayanimalhospital.com,lovefreewayanimalhospital.com,Veterinary Medicine & Animal Hospitals,"Dallas, TX, USA",Weave Target Vertical - Veterinary Medicine & Animal Hospitals,2026-09-06 21:39:40
Casa Linda Animal Clinic,https://casalindavets.com,casalindavets.com,Veterinary Medicine & Animal Hospitals,"Dallas, TX, USA",Weave Target Vertical - Veterinary Medicine & Animal Hospitals,2026-09-06 21:39:40
Highland Park Animal Hospital,https://hpanimalhospital.com,hpanimalhospital.com,Veterinary Medicine & Animal Hospitals,"Dallas, TX, USA",Weave Target Vertical - Veterinary Medicine & Animal Hospitals,2026-09-06 21:39:40
Holt Veterinary Clinic,https://holtvet.com,holtvet.com,Veterinary Medicine & Animal Hospitals,"Dallas, TX, USA",Weave Target Vertical - Veterinary Medicine & Animal Hospitals,2026-09-06 21:39:40
Vickery Place Animal Hospital,https://vickeryplaceanimalhospital.com,vickeryplaceanimalhospital.com,Veterinary Medicine & Animal Hospitals,"Dallas, TX, USA",Weave Target Vertical - Veterinary Medicine & Animal Hospitals,2026-09-06 21:39:40
Dallas Veterinary Hospice,https://www.dallasveterinaryhospice.com,dallasveterinaryhospice.com,Veterinary Medicine & Animal Hospitals,"Dallas, TX, USA",Weave Target Vertical - Veterinary Medicine & Animal Hospitals,2026-09-06 21:39:40
White Rock Animal Hospital,https://www.whiterockanimalhospital.com,whiterockanimalhospital.com,Veterinary Medicine & Animal Hospitals,"Dallas, TX, USA",Weave Target Vertical - Veterinary Medicine & Animal Hospitals,2026-09-06 21:39:40
CityVet | Oak Lawn Veterinary Clinic & Urgent Care,https://www.cityvet.com/oak-lawn,cityvet.com,Veterinary Medicine & Animal Hospitals,"Dallas, TX, USA",Weave Target Vertical - Veterinary Medicine & Animal Hospitals,2026-09-06 21:39:40
CHEW Animal Clinic,http://www.chewac.org,chewac.org,Veterinary Medicine & Animal Hospitals,"Dallas, TX, USA",Weave Target Vertical - Veterinary Medicine & Animal Hospitals,2026-09-06 21:39:40
Lakewood Veterinary Center,https://lakewoodvetcenter.com,lakewoodvetcenter.com,Veterinary Medicine & Animal Hospitals,"Dallas, TX, USA",Weave Target Vertical - Veterinary Medicine & Animal Hospitals,2026-09-06 21:39:40
Dallas Veterinary Clinic,https://www.dallasvet.net,dallasvet.net,Veterinary Medicine & Animal Hospitals,"Dallas, TX, USA",Weave Target Vertical - Veterinary Medicine & Animal Hospitals,2026-09-06 21:39:40
East Dallas Veterinary Clinic,https://eastdallasvetclinic.com,eastdallasvetclinic.com,Veterinary Medicine & Animal Hospitals,"Dallas, TX, USA",Weave Target Vertical - Veterinary Medicine & Animal Hospitals,2026-09-06 21:39:40
Emergency Pet Clinic of Texas,https://erpettx.com,erpettx.com,Veterinary Medicine & Animal Hospitals,"Dallas, TX, USA",Weave Target Vertical - Veterinary Medicine & Animal Hospitals,2026-09-06 21:39:41
Edgefield Animal Clinic,http://edgefieldanimalclinic.org,edgefieldanimalclinic.org,Veterinary Medicine & Animal Hospitals,"Dallas, TX, USA",Weave Target Vertical - Veterinary Medicine & Animal Hospitals,2026-09-06 21:39:41
Westbury Animal Hospital,http://www.westburyvets.com,westburyvets.com,Veterinary Medicine & Animal Hospitals,"Houston, TX, USA",Weave Target Vertical - Veterinary Medicine & Animal Hospitals,2026-09-06 21:39:53
Sunset Animal Hospital,http://sunsetanytime.com,sunsetanytime.com,Veterinary Medicine & Animal Hospitals,"Houston, TX, USA",Weave Target Vertical - Veterinary Medicine & Animal Hospitals,2026-09-06 21:39:53
Vergi 24/7,http://www.vergi247.com,vergi247.com,Veterinary Medicine & Animal Hospitals,"Houston, TX, USA",Weave Target Vertical - Veterinary Medicine & Animal Hospitals,2026-09-06 21:39:53
Heights Veterinarian - Urban Animal Veterinary Hospital,https://urbananimalveterinary.com,urbananimalveterinary.com,Veterinary Medicine & Animal Hospitals,"Houston, TX, USA",Weave Target Vertical - Veterinary Medicine & Animal Hospitals,2026-09-06 21:39:53
Gulf Coast Veterinary Specialists (GCVS),https://www.gcvs.com/locations/houston,gcvs.com,Veterinary Medicine & Animal Hospitals,"Houston, TX, USA",Weave Target Vertical - Veterinary Medicine & Animal Hospitals,2026-09-06 21:39:53
Central Houston Animal Hospital,https://chahpets.com,chahpets.com,Veterinary Medicine & Animal Hospitals,"Houston, TX, USA",Weave Target Vertical - Veterinary Medicine & Animal Hospitals,2026-09-06 21:39:53
Richmond Avenue Animal Hospital,http://www.richmondavenueanimalhospital.com,richmondavenueanimalhospital.com,Veterinary Medicine & Animal Hospitals,"Houston, TX, USA",Weave Target Vertical - Veterinary Medicine & Animal Hospitals,2026-09-06 21:39:53
Midtown Veterinary Hospital,http://midtownvethospital.com,midtownvethospital.com,Veterinary Medicine & Animal Hospitals,"Houston, TX, USA",Weave Target Vertical - Veterinary Medicine & Animal Hospitals,2026-09-06 21:39:53
Safe Haven Animal Hospital,https://safehavenah.com,safehavenah.com,Veterinary Medicine & Animal Hospitals,"Houston, TX, USA",Weave Target Vertical - Veterinary Medicine & Animal Hospitals,2026-09-06 21:39:53
Oak Forest Veterinary Hospital,https://oakforestvet.com,oakforestvet.com,Veterinary Medicine & Animal Hospitals,"Houston, TX, USA",Weave Target Vertical - Veterinary Medicine & Animal Hospitals,2026-09-06 21:39:53
Houston Veterinary Hospital,https://www.houstonvetclinic.com,houstonvetclinic.com,Veterinary Medicine & Animal Hospitals,"Houston, TX, USA",Weave Target Vertical - Veterinary Medicine & Animal Hospitals,2026-09-06 21:39:53
Neartown Animal Clinic,https://neartownvet.com,neartownvet.com,Veterinary Medicine & Animal Hospitals,"Houston, TX, USA",Weave Target Vertical - Veterinary Medicine & Animal Hospitals,2026-09-06 21:39:53
Bayou City Veterinary Hospital,http://www.bayoucityvets.com,bayoucityvets.com,Veterinary Medicine & Animal Hospitals,"Houston, TX, USA",Weave Target Vertical - Veterinary Medicine & Animal Hospitals,2026-09-06 21:39:53
Bellaire-Richmond Pet Hospital,https://www.bellairerichmondvets.com,bellairerichmondvets.com,Veterinary Medicine & Animal Hospitals,"Houston, TX, USA",Weave Target Vertical - Veterinary Medicine & Animal Hospitals,2026-09-06 21:39:53
Long Drive Dog & Cat Hospital,http://longdrivedogcat.com,longdrivedogcat.com,Veterinary Medicine & Animal Hospitals,"Houston, TX, USA",Weave Target Vertical - Veterinary Medicine & Animal Hospitals,2026-09-06 21:39:53
Memorial Villages Animal Hospital,http://mvahpets.com,mvahpets.com,Veterinary Medicine & Animal Hospitals,"Houston, TX, USA",Weave Target Vertical - Veterinary Medicine & Animal Hospitals,2026-09-06 21:39:53
Animal Medical Center of the Village,https://amcofthevillage.com,amcofthevillage.com,Veterinary Medicine & Animal Hospitals,"Houston, TX, USA",Weave Target Vertical - Veterinary Medicine & Animal Hospitals,2026-09-06 21:39:53
North Durham Animal Hospital,https://ndanimalhospital.com,ndanimalhospital.com,Veterinary Medicine & Animal Hospitals,"Houston, TX, USA",Weave Target Vertical - Veterinary Medicine & Animal Hospitals,2026-09-06 21:39:53
Skyline Animal Hospital,https://skylinevetshtx.com,skylinevetshtx.com,Veterinary Medicine & Animal Hospitals,"Houston, TX, USA",Weave Target Vertical - Veterinary Medicine & Animal Hospitals,2026-09-06 21:39:53
Memorial-610 Hospital for Animals,https://www.mem610.com,mem610.com,Veterinary Medicine & Animal Hospitals,"Houston, TX, USA",Weave Target Vertical - Veterinary Medicine & Animal Hospitals,2026-09-06 21:39:53
Austin Veterinary Emergency and Specialty,https://www.austinvets.com,austinvets.com,Veterinary Medicine & Animal Hospitals,"Austin, TX, USA",Weave Target Vertical - Veterinary Medicine & Animal Hospitals,2026-09-06 21:40:06
Central Texas Veterinary Speciality and Emergency Hospital,https://ctvsh.com/south-austin-location,ctvsh.com,Veterinary Medicine & Animal Hospitals,"Austin, TX, USA",Weave Target Vertical - Veterinary Medicine & Animal Hospitals,2026-09-06 21:40:06
Spicewood Springs Animal Hospital,https://spicewoodanimalhospital.com,spicewoodanimalhospital.com,Veterinary Medicine & Animal Hospitals,"Austin, TX, USA",Weave Target Vertical - Veterinary Medicine & Animal Hospitals,2026-09-06 21:40:06
South Park Animal Hospital,https://www.southparkaustin.com,southparkaustin.com,Veterinary Medicine & Animal Hospitals,"Austin, TX, USA",Weave Target Vertical - Veterinary Medicine & Animal Hospitals,2026-09-06 21:40:06
Austin Vet Hospital,https://austinvethospital.com,austinvethospital.com,Veterinary Medicine & Animal Hospitals,"Austin, TX, USA",Weave Target Vertical - Veterinary Medicine & Animal Hospitals,2026-09-06 21:40:06
Star of Texas Veterinary Hospital,https://staroftexasvet.com,staroftexasvet.com,Veterinary Medicine & Animal Hospitals,"Austin, TX, USA",Weave Target Vertical - Veterinary Medicine & Animal Hospitals,2026-09-06 21:40:06
Animal Medical Center of Austin,https://austinanimed.com,austinanimed.com,Veterinary Medicine & Animal Hospitals,"Austin, TX, USA",Weave Target Vertical - Veterinary Medicine & Animal Hospitals,2026-09-06 21:40:06
Prairie Creek Animal Hospital,http://pcahaustin.com,pcahaustin.com,Veterinary Medicine & Animal Hospitals,"Austin, TX, USA",Weave Target Vertical - Veterinary Medicine & Animal Hospitals,2026-09-06 21:40:06
Livewell Animal Hospital of Austin,https://livewellanimal.com/our-locations/austin-tx/austin,livewellanimal.com,Veterinary Medicine & Animal Hospitals,"Austin, TX, USA",Weave Target Vertical - Veterinary Medicine & Animal Hospitals,2026-09-06 21:40:06
Austin Urban Veterinary Center,https://austinurbanvet.com,austinurbanvet.com,Veterinary Medicine & Animal Hospitals,"Austin, TX, USA",Weave Target Vertical - Veterinary Medicine & Animal Hospitals,2026-09-06 21:40:06
North Austin Animal Hospital,http://northaustinanimalhospital.com,northaustinanimalhospital.com,Veterinary Medicine & Animal Hospitals,"Austin, TX, USA",Weave Target Vertical - Veterinary Medicine & Animal Hospitals,2026-09-06 21:40:06
Northwest Veterinary Hospital,http://nwvhaustin.com,nwvhaustin.com,Veterinary Medicine & Animal Hospitals,"Austin, TX, USA",Weave Target Vertical - Veterinary Medicine & Animal Hospitals,2026-09-06 21:40:06
Honnas Veterinary,https://honnasvet.com,honnasvet.com,Veterinary Medicine & Animal Hospitals,"Austin, TX, USA",Weave Target Vertical - Veterinary Medicine & Animal Hospitals,2026-09-06 21:40:06
Travis Country Veterinary Hospital,https://www.traviscountryvet.com,traviscountryvet.com,Veterinary Medicine & Animal Hospitals,"Austin, TX, USA",Weave Target Vertical - Veterinary Medicine & Animal Hospitals,2026-09-06 21:40:06
Burnet Road Animal Hospital,https://burnetroadanimalhospital.com,burnetroadanimalhospital.com,Veterinary Medicine & Animal Hospitals,"Austin, TX, USA",Weave Target Vertical - Veterinary Medicine & Animal Hospitals,2026-09-06 21:40:07
Brodie Animal Hospital,https://brodieanimalhospital.com,brodieanimalhospital.com,Veterinary Medicine & Animal Hospitals,"Austin, TX, USA",Weave Target Vertical - Veterinary Medicine & Animal Hospitals,2026-09-06 21:40:07
Parker Animal Care,http://parkeranimalcare.com,parkeranimalcare.com,Veterinary Medicine & Animal Hospitals,"Austin, TX, USA",Weave Target Vertical - Veterinary Medicine & Animal Hospitals,2026-09-06 21:40:07
Westgate Pet & Bird Hospital,https://westgatepetandbird.com,westgatepetandbird.com,Veterinary Medicine & Animal Hospitals,"Austin, TX, USA",Weave Target Vertical - Veterinary Medicine & Animal Hospitals,2026-09-06 21:40:07
Crestview Veterinary Clinic on Airport Blvd,https://crestviewveterinaryclinicairport.com,crestviewveterinaryclinicairport.com,Veterinary Medicine & Animal Hospitals,"Austin, TX, USA",Weave Target Vertical - Veterinary Medicine & Animal Hospitals,2026-09-06 21:40:07
UrgentVet,https://urgentvet.com/location/crestview-austin-tx,urgentvet.com,Veterinary Medicine & Animal Hospitals,"Austin, TX, USA",Weave Target Vertical - Veterinary Medicine & Animal Hospitals,2026-09-06 21:40:07
Town & Country Veterinary Hospital,https://veterinariansanantoniotx.com,veterinariansanantoniotx.com,Veterinary Medicine & Animal Hospitals,"San Antonio, TX, USA",Weave Target Vertical - Veterinary Medicine & Animal Hospitals,2026-09-06 21:40:19
St. Francis Veterinary Hospital,https://www.stfrancisofassisivet.com,stfrancisofassisivet.com,Veterinary Medicine & Animal Hospitals,"San Antonio, TX, USA",Weave Target Vertical - Veterinary Medicine & Animal Hospitals,2026-09-06 21:40:19
Animal Emergency Room,http://www.animaler.net,animaler.net,Veterinary Medicine & Animal Hospitals,"San Antonio, TX, USA",Weave Target Vertical - Veterinary Medicine & Animal Hospitals,2026-09-06 21:40:19
North Star 410 Animal Hospital,https://northstar410vet.com,northstar410vet.com,Veterinary Medicine & Animal Hospitals,"San Antonio, TX, USA",Weave Target Vertical - Veterinary Medicine & Animal Hospitals,2026-09-06 21:40:19
Terrell Heights Veterinary Hospital,http://www.thveterinary.com,thveterinary.com,Veterinary Medicine & Animal Hospitals,"San Antonio, TX, USA",Weave Target Vertical - Veterinary Medicine & Animal Hospitals,2026-09-06 21:40:19
"Angel Of Mercy Animal Critical Care, Inc.",https://angelofmercyanimalcriticalcare.com,angelofmercyanimalcriticalcare.com,Veterinary Medicine & Animal Hospitals,"San Antonio, TX, USA",Weave Target Vertical - Veterinary Medicine & Animal Hospitals,2026-09-06 21:40:19
Eagle Veterinary Hospital,http://eagle-vet.com,eagle-vet.com,Veterinary Medicine & Animal Hospitals,"San Antonio, TX, USA",Weave Target Vertical - Veterinary Medicine & Animal Hospitals,2026-09-06 21:40:19
Ace Veterinary Clinic,http://acevetclinic.com,acevetclinic.com,Veterinary Medicine & Animal Hospitals,"San Antonio, TX, USA",Weave Target Vertical - Veterinary Medicine & Animal Hospitals,2026-09-06 21:40:19
Great Northwest Animal Hospital,http://www.gnwah.com,gnwah.com,Veterinary Medicine & Animal Hospitals,"San Antonio, TX, USA",Weave Target Vertical - Veterinary Medicine & Animal Hospitals,2026-09-06 21:40:19
Guilbeau Station Animal Hospital,https://guilbeaustation.com,guilbeaustation.com,Veterinary Medicine & Animal Hospitals,"San Antonio, TX, USA",Weave Target Vertical - Veterinary Medicine & Animal Hospitals,2026-09-06 21:40:19
North Star Animal Hospital,https://sanantoniotxvet.com,sanantoniotxvet.com,Veterinary Medicine & Animal Hospitals,"San Antonio, TX, USA",Weave Target Vertical - Veterinary Medicine & Animal Hospitals,2026-09-06 21:40:19
Leon Valley Veterinary Hospital,https://www.leonvalleyvet.com,leonvalleyvet.com,Veterinary Medicine & Animal Hospitals,"San Antonio, TX, USA",Weave Target Vertical - Veterinary Medicine & Animal Hospitals,2026-09-06 21:40:19
Alamo Dog & Cat Hospital,http://www.alamodogandcat.com,alamodogandcat.com,Veterinary Medicine & Animal Hospitals,"San Antonio, TX, USA",Weave Target Vertical - Veterinary Medicine & Animal Hospitals,2026-09-06 21:40:19
Animal Hospital of San Antonio,http://www.animalhospitalsanantonio.com,animalhospitalsanantonio.com,Veterinary Medicine & Animal Hospitals,"San Antonio, TX, USA",Weave Target Vertical - Veterinary Medicine & Animal Hospitals,2026-09-06 21:40:19
Alamo Hills Animal Hospital,http://www.alamohillsanimalhospital.com,alamohillsanimalhospital.com,Veterinary Medicine & Animal Hospitals,"San Antonio, TX, USA",Weave Target Vertical - Veterinary Medicine & Animal Hospitals,2026-09-06 21:40:19
Blue Cross Pet Clinic,https://bluecrosspetclinic.com,bluecrosspetclinic.com,Veterinary Medicine & Animal Hospitals,"San Antonio, TX, USA",Weave Target Vertical - Veterinary Medicine & Animal Hospitals,2026-09-06 21:40:19
Lincoln Heights Animal Hospital,https://www.lhanimalhospital.com,lhanimalhospital.com,Veterinary Medicine & Animal Hospitals,"San Antonio, TX, USA",Weave Target Vertical - Veterinary Medicine & Animal Hospitals,2026-09-06 21:40:19
Converse Animal Hospital,https://converseah.com,converseah.com,Veterinary Medicine & Animal Hospitals,"San Antonio, TX, USA",Weave Target Vertical - Veterinary Medicine & Animal Hospitals,2026-09-06 21:40:19
Vetco Total Care,https://stores.petco.com/tx/san-antonio/vet-hospital-sanantonio-tx-1483.html,stores.petco.com,Veterinary Medicine & Animal Hospitals,"San Antonio, TX, USA",Weave Target Vertical - Veterinary Medicine & Animal Hospitals,2026-09-06 21:40:19
Banfield Pet Hospital,https://www.banfield.com/locations/veterinarians/tx/san-antonio/wcr,banfield.com,Veterinary Medicine & Animal Hospitals,"San Antonio, TX, USA",Weave Target Vertical - Veterinary Medicine & Animal Hospitals,2026-09-06 21:40:19
Modern Animal Downtown LA,https://www.modernanimal.com/clinics/downtown-la,modernanimal.com,Veterinary Medicine & Animal Hospitals,"Los Angeles, CA, USA",Weave Target Vertical - Veterinary Medicine & Animal Hospitals,2026-09-06 21:40:30
Veterinary Care Center,http://www.veterinarycarecenter.com,veterinarycarecenter.com,Veterinary Medicine & Animal Hospitals,"Los Angeles, CA, USA",Weave Target Vertical - Veterinary Medicine & Animal Hospitals,2026-09-06 21:40:30
Mohawk Alley Animal Hospital,https://mohawkalleyanimalhospital.com,mohawkalleyanimalhospital.com,Veterinary Medicine & Animal Hospitals,"Los Angeles, CA, USA",Weave Target Vertical - Veterinary Medicine & Animal Hospitals,2026-09-06 21:40:30
ACCESS Specialty Animal Hospital – Pasadena,https://accessvetspasadena.com,accessvetspasadena.com,Veterinary Medicine & Animal Hospitals,"Los Angeles, CA, USA",Weave Target Vertical - Veterinary Medicine & Animal Hospitals,2026-09-06 21:40:30
Metropolitan Animal Specialty Hospital (MASH),https://www.mash.vet,mash.vet,Veterinary Medicine & Animal Hospitals,"Los Angeles, CA, USA",Weave Target Vertical - Veterinary Medicine & Animal Hospitals,2026-09-06 21:40:30
Studio City Animal Hospital,https://www.studiocityanimalhospital.com,studiocityanimalhospital.com,Veterinary Medicine & Animal Hospitals,"Los Angeles, CA, USA",Weave Target Vertical - Veterinary Medicine & Animal Hospitals,2026-09-06 21:40:30
"LAASER Los Angeles Animal Specialty, Emergency & Rehabilitation",https://laaser.vet,laaser.vet,Veterinary Medicine & Animal Hospitals,"Los Angeles, CA, USA",Weave Target Vertical - Veterinary Medicine & Animal Hospitals,2026-09-06 21:40:30
Echo Park Veterinary Hospital,https://echoparkvethospital.com,echoparkvethospital.com,Veterinary Medicine & Animal Hospitals,"Los Angeles, CA, USA",Weave Target Vertical - Veterinary Medicine & Animal Hospitals,2026-09-06 21:40:30
CAMP Clinic Los Angeles,http://www.campla.org,campla.org,Veterinary Medicine & Animal Hospitals,"Los Angeles, CA, USA",Weave Target Vertical - Veterinary Medicine & Animal Hospitals,2026-09-06 21:40:30
Laurel Pet Hospital,https://www.laurelpethospital.com,laurelpethospital.com,Veterinary Medicine & Animal Hospitals,"Los Angeles, CA, USA",Weave Target Vertical - Veterinary Medicine & Animal Hospitals,2026-09-06 21:40:30
Westchester Veterinary Center and Cat Clinic,https://westchestervet.com,westchestervet.com,Veterinary Medicine & Animal Hospitals,"Los Angeles, CA, USA",Weave Target Vertical - Veterinary Medicine & Animal Hospitals,2026-09-06 21:40:30
Shatto Veterinary Center,https://shattovet.com,shattovet.com,Veterinary Medicine & Animal Hospitals,"Los Angeles, CA, USA",Weave Target Vertical - Veterinary Medicine & Animal Hospitals,2026-09-06 21:40:30
Cahuenga Veterinary Hospital,https://www.cahuengaveterinaryhospital.com,cahuengaveterinaryhospital.com,Veterinary Medicine & Animal Hospitals,"Los Angeles, CA, USA",Weave Target Vertical - Veterinary Medicine & Animal Hospitals,2026-09-06 21:40:30
Vermont Animal Hospital,https://www.vermontanimalhospital.com,vermontanimalhospital.com,Veterinary Medicine & Animal Hospitals,"Los Angeles, CA, USA",Weave Target Vertical - Veterinary Medicine & Animal Hospitals,2026-09-06 21:40:30
Los Feliz Small Animal Hospital,https://lfsah.com,lfsah.com,Veterinary Medicine & Animal Hospitals,"Los Angeles, CA, USA",Weave Target Vertical - Veterinary Medicine & Animal Hospitals,2026-09-06 21:40:30
BluePearl Pet Hospital,https://bluepearlvet.com/hospital/los-angeles-ca,bluepearlvet.com,Veterinary Medicine & Animal Hospitals,"Los Angeles, CA, USA",Weave Target Vertical - Veterinary Medicine & Animal Hospitals,2026-09-06 21:40:30
Affordable Animal Hospital Silver Lake,https://www.affordableanimalhospitalsilverlake.com,affordableanimalhospitalsilverlake.com,Veterinary Medicine & Animal Hospitals,"Los Angeles, CA, USA",Weave Target Vertical - Veterinary Medicine & Animal Hospitals,2026-09-06 21:40:30
Grand Park Animal Hospital,https://www.grandparkvets.com,grandparkvets.com,Veterinary Medicine & Animal Hospitals,"Los Angeles, CA, USA",Weave Target Vertical - Veterinary Medicine & Animal Hospitals,2026-09-06 21:40:30
Pico Rivera Animal Hospital,https://picoriveravet.com,picoriveravet.com,Veterinary Medicine & Animal Hospitals,"Los Angeles, CA, USA",Weave Target Vertical - Veterinary Medicine & Animal Hospitals,2026-09-06 21:40:30
Angel City Animal Hospital,https://angelcityvet.com,angelcityvet.com,Veterinary Medicine & Animal Hospitals,"Los Angeles, CA, USA",Weave Target Vertical - Veterinary Medicine & Animal Hospitals,2026-09-06 21:40:30
B Street Veterinary Hospital,http://www.bstreetvet.com,bstreetvet.com,Veterinary Medicine & Animal Hospitals,"San Diego, CA, USA",Weave Target Vertical - Veterinary Medicine & Animal Hospitals,2026-09-06 21:40:41
Rose Canyon Animal Hospital,https://rosecanyonvet.com,rosecanyonvet.com,Veterinary Medicine & Animal Hospitals,"San Diego, CA, USA",Weave Target Vertical - Veterinary Medicine & Animal Hospitals,2026-09-06 21:40:41
San Diego Bay Animal Hospital,https://sandiegobayanimalhospital.com,sandiegobayanimalhospital.com,Veterinary Medicine & Animal Hospitals,"San Diego, CA, USA",Weave Target Vertical - Veterinary Medicine & Animal Hospitals,2026-09-06 21:40:41
West Coast Animal Hospital,http://westcoast.vet,westcoast.vet,Veterinary Medicine & Animal Hospitals,"San Diego, CA, USA",Weave Target Vertical - Veterinary Medicine & Animal Hospitals,2026-09-06 21:40:41
Grand Animal Hospital,http://www.grandanimalhospital.com,grandanimalhospital.com,Veterinary Medicine & Animal Hospitals,"San Diego, CA, USA",Weave Target Vertical - Veterinary Medicine & Animal Hospitals,2026-09-06 21:40:41
Kensington Veterinary Hospital,http://www.kensingtonvet.com,kensingtonvet.com,Veterinary Medicine & Animal Hospitals,"San Diego, CA, USA",Weave Target Vertical - Veterinary Medicine & Animal Hospitals,2026-09-06 21:40:41
Colina Veterinary Hospital,https://www.colinaveterinary.com,colinaveterinary.com,Veterinary Medicine & Animal Hospitals,"San Diego, CA, USA",Weave Target Vertical - Veterinary Medicine & Animal Hospitals,2026-09-06 21:40:41
Humane Vet Hospital of San Diego,http://www.vetsandiego.com,vetsandiego.com,Veterinary Medicine & Animal Hospitals,"San Diego, CA, USA",Weave Target Vertical - Veterinary Medicine & Animal Hospitals,2026-09-06 21:40:41
Uptown Animal Hospital,http://www.uptownanimalhospitalsd.com,uptownanimalhospitalsd.com,Veterinary Medicine & Animal Hospitals,"San Diego, CA, USA",Weave Target Vertical - Veterinary Medicine & Animal Hospitals,2026-09-06 21:40:41
El Cerrito Veterinary Hospital,http://elcerritovet.com,elcerritovet.com,Veterinary Medicine & Animal Hospitals,"San Diego, CA, USA",Weave Target Vertical - Veterinary Medicine & Animal Hospitals,2026-09-06 21:40:41
Telegraph Canyon Animal Medical Center,https://www.telegraphcanyonvet.com,telegraphcanyonvet.com,Veterinary Medicine & Animal Hospitals,"San Diego, CA, USA",Weave Target Vertical - Veterinary Medicine & Animal Hospitals,2026-09-06 21:40:41
College Animal Hospital,https://collegeanimalhospital.com,collegeanimalhospital.com,Veterinary Medicine & Animal Hospitals,"San Diego, CA, USA",Weave Target Vertical - Veterinary Medicine & Animal Hospitals,2026-09-06 21:40:41
ABC Veterinary Hospital Pacific Beach,https://abcvets.com,abcvets.com,Veterinary Medicine & Animal Hospitals,"San Diego, CA, USA",Weave Target Vertical - Veterinary Medicine & Animal Hospitals,2026-09-06 21:40:41
Spring Valley Animal Med Hospital,https://www.springvalleyvetclinic.com,springvalleyvetclinic.com,Veterinary Medicine & Animal Hospitals,"San Diego, CA, USA",Weave Target Vertical - Veterinary Medicine & Animal Hospitals,2026-09-06 21:40:41
Balboa Veterinary Hospital,https://www.balboavethospital.com,balboavethospital.com,Veterinary Medicine & Animal Hospitals,"San Diego, CA, USA",Weave Target Vertical - Veterinary Medicine & Animal Hospitals,2026-09-06 21:40:41
Cabrillo Pet Hospital,https://www.cabrillopethospital.com,cabrillopethospital.com,Veterinary Medicine & Animal Hospitals,"San Diego, CA, USA",Weave Target Vertical - Veterinary Medicine & Animal Hospitals,2026-09-06 21:40:41
Town & Country Animal Hospital,https://www.townandcountrysd.com,townandcountrysd.com,Veterinary Medicine & Animal Hospitals,"San Diego, CA, USA",Weave Target Vertical - Veterinary Medicine & Animal Hospitals,2026-09-06 21:40:41
CoastView Veterinary Hospital,https://www.coastviewvet.com,coastviewvet.com,Veterinary Medicine & Animal Hospitals,"San Diego, CA, USA",Weave Target Vertical - Veterinary Medicine & Animal Hospitals,2026-09-06 21:40:41
South Bay Veterinary Hospital,https://www.southbayveterinaryhospital.com,southbayveterinaryhospital.com,Veterinary Medicine & Animal Hospitals,"San Diego, CA, USA",Weave Target Vertical - Veterinary Medicine & Animal Hospitals,2026-09-06 21:40:41
Tierrasanta Veterinary Hospital,http://tierrasantavetsd.com,tierrasantavetsd.com,Veterinary Medicine & Animal Hospitals,"San Diego, CA, USA",Weave Target Vertical - Veterinary Medicine & Animal Hospitals,2026-09-06 21:40:41
Ocean Avenue Veterinary Hospital,https://oceanavevethosp.com,oceanavevethosp.com,Veterinary Medicine & Animal Hospitals,"San Francisco, CA, USA",Weave Target Vertical - Veterinary Medicine & Animal Hospitals,2026-09-06 21:40:52
San Francisco Animal Medical Center,https://www.sfamc.com,sfamc.com,Veterinary Medicine & Animal Hospitals,"San Francisco, CA, USA",Weave Target Vertical - Veterinary Medicine & Animal Hospitals,2026-09-06 21:40:52
OakVet Animal Specialty Hospital,https://www.oakvetash.com,oakvetash.com,Veterinary Medicine & Animal Hospitals,"San Francisco, CA, USA",Weave Target Vertical - Veterinary Medicine & Animal Hospitals,2026-09-06 21:40:52
SF Vet Hospital,https://www.sfvethospital.com,sfvethospital.com,Veterinary Medicine & Animal Hospitals,"San Francisco, CA, USA",Weave Target Vertical - Veterinary Medicine & Animal Hospitals,2026-09-06 21:40:52
SAGE Veterinary Centers - San Francisco,https://www.sagecenters.com/locations/san-francisco,sagecenters.com,Veterinary Medicine & Animal Hospitals,"San Francisco, CA, USA",Weave Target Vertical - Veterinary Medicine & Animal Hospitals,2026-09-06 21:40:52
San Francisco Pet Hospital,http://www.sfpethospital.com,sfpethospital.com,Veterinary Medicine & Animal Hospitals,"San Francisco, CA, USA",Weave Target Vertical - Veterinary Medicine & Animal Hospitals,2026-09-06 21:40:52
Seven Hills Veterinary Hospital,http://sevenhillsvet.com,sevenhillsvet.com,Veterinary Medicine & Animal Hospitals,"San Francisco, CA, USA",Weave Target Vertical - Veterinary Medicine & Animal Hospitals,2026-09-06 21:40:52
Berkeley Animal Hospital,https://www.banimalhospital.com,banimalhospital.com,Veterinary Medicine & Animal Hospitals,"San Francisco, CA, USA",Weave Target Vertical - Veterinary Medicine & Animal Hospitals,2026-09-06 21:40:52
Mission Pet Hospital,http://www.missionpet.com,missionpet.com,Veterinary Medicine & Animal Hospitals,"San Francisco, CA, USA",Weave Target Vertical - Veterinary Medicine & Animal Hospitals,2026-09-06 21:40:53
Polk Street Animal Hospital,http://polkstreetah.com,polkstreetah.com,Veterinary Medicine & Animal Hospitals,"San Francisco, CA, USA",Weave Target Vertical - Veterinary Medicine & Animal Hospitals,2026-09-06 21:40:53
University Vet Hospital,https://www.uvhberkeley.com,uvhberkeley.com,Veterinary Medicine & Animal Hospitals,"San Francisco, CA, USA",Weave Target Vertical - Veterinary Medicine & Animal Hospitals,2026-09-06 21:40:53
Daly City Pet Hospital,https://dalycitypethospital.com,dalycitypethospital.com,Veterinary Medicine & Animal Hospitals,"San Francisco, CA, USA",Weave Target Vertical - Veterinary Medicine & Animal Hospitals,2026-09-06 21:40:53
Irving Pet Hospital,https://irvingpethospital.com,irvingpethospital.com,Veterinary Medicine & Animal Hospitals,"San Francisco, CA, USA",Weave Target Vertical - Veterinary Medicine & Animal Hospitals,2026-09-06 21:40:53
SoMa Animal Hospital,http://somaanimalhospital.com,somaanimalhospital.com,Veterinary Medicine & Animal Hospitals,"San Francisco, CA, USA",Weave Target Vertical - Veterinary Medicine & Animal Hospitals,2026-09-06 21:40:53
Presidio Way Pet Hospital,http://www.presidioway.com,presidioway.com,Veterinary Medicine & Animal Hospitals,"San Francisco, CA, USA",Weave Target Vertical - Veterinary Medicine & Animal Hospitals,2026-09-06 21:40:53
Colma Animal Hospital,http://colmapet.com,colmapet.com,Veterinary Medicine & Animal Hospitals,"San Francisco, CA, USA",Weave Target Vertical - Veterinary Medicine & Animal Hospitals,2026-09-06 21:40:53
San Francisco SPCA Veterinary Hospital,https://www.sfspca.org/hospital,sfspca.org,Veterinary Medicine & Animal Hospitals,"San Francisco, CA, USA",Weave Target Vertical - Veterinary Medicine & Animal Hospitals,2026-09-06 21:40:53
Urban Pet Hospital,https://www.sfurbanpethospital.com,sfurbanpethospital.com,Veterinary Medicine & Animal Hospitals,"San Francisco, CA, USA",Weave Target Vertical - Veterinary Medicine & Animal Hospitals,2026-09-06 21:40:53
The Grand Lake Veterinary Hospital,http://grandlakevet.com,grandlakevet.com,Veterinary Medicine & Animal Hospitals,"San Francisco, CA, USA",Weave Target Vertical - Veterinary Medicine & Animal Hospitals,2026-09-06 21:40:53
Noe Animal Hospital,https://noeanimalhospital.com,noeanimalhospital.com,Veterinary Medicine & Animal Hospitals,"San Francisco, CA, USA",Weave Target Vertical - Veterinary Medicine & Animal Hospitals,2026-09-06 21:40:53
Foothill Farms Veterinary Hospital,http://www.foothillfarmsvh.com,foothillfarmsvh.com,Veterinary Medicine & Animal Hospitals,"Sacramento, CA, USA",Weave Target Vertical - Veterinary Medicine & Animal Hospitals,2026-09-06 21:41:03
Midtown Animal Hospital,https://www.midtownanimalhospital.com,midtownanimalhospital.com,Veterinary Medicine & Animal Hospitals,"Sacramento, CA, USA",Weave Target Vertical - Veterinary Medicine & Animal Hospitals,2026-09-06 21:41:03
BLUE CROSS PET HOSPITAL,http://bluecrosspethospital.net,bluecrosspethospital.net,Veterinary Medicine & Animal Hospitals,"Sacramento, CA, USA",Weave Target Vertical - Veterinary Medicine & Animal Hospitals,2026-09-06 21:41:03
Sacramento Animal Hospital,https://www.mysacvet.com,mysacvet.com,Veterinary Medicine & Animal Hospitals,"Sacramento, CA, USA",Weave Target Vertical - Veterinary Medicine & Animal Hospitals,2026-09-06 21:41:03
Broadway Veterinary Hospital,https://www.sacbroadwayvet.com,sacbroadwayvet.com,Veterinary Medicine & Animal Hospitals,"Sacramento, CA, USA",Weave Target Vertical - Veterinary Medicine & Animal Hospitals,2026-09-06 21:41:03
Natomas Veterinary Hospital,https://natomasvet.com,natomasvet.com,Veterinary Medicine & Animal Hospitals,"Sacramento, CA, USA",Weave Target Vertical - Veterinary Medicine & Animal Hospitals,2026-09-06 21:41:03
Arden Animal Hospital,http://www.ardenanimalhospital.com,ardenanimalhospital.com,Veterinary Medicine & Animal Hospitals,"Sacramento, CA, USA",Weave Target Vertical - Veterinary Medicine & Animal Hospitals,2026-09-06 21:41:03
El Camino Veterinary Hospital,http://www.elcaminovethospital.com,elcaminovethospital.com,Veterinary Medicine & Animal Hospitals,"Sacramento, CA, USA",Weave Target Vertical - Veterinary Medicine & Animal Hospitals,2026-09-06 21:41:03
South Sacramento Pet Hospital,https://southsacramentopethospital.com,southsacramentopethospital.com,Veterinary Medicine & Animal Hospitals,"Sacramento, CA, USA",Weave Target Vertical - Veterinary Medicine & Animal Hospitals,2026-09-06 21:41:03
Veterinary Medical Center,https://sacvethospital.com,sacvethospital.com,Veterinary Medicine & Animal Hospitals,"Sacramento, CA, USA",Weave Target Vertical - Veterinary Medicine & Animal Hospitals,2026-09-06 21:41:03
Hillsdale Animal Hospital,http://hillsdaleveterinarian.com,hillsdaleveterinarian.com,Veterinary Medicine & Animal Hospitals,"Sacramento, CA, USA",Weave Target Vertical - Veterinary Medicine & Animal Hospitals,2026-09-06 21:41:03
Family Friends Veterinary Hospital,https://familyfriendsvh.com,familyfriendsvh.com,Veterinary Medicine & Animal Hospitals,"Sacramento, CA, USA",Weave Target Vertical - Veterinary Medicine & Animal Hospitals,2026-09-06 21:41:04
East Sacramento Veterinary Center,https://www.eastsacvet.com,eastsacvet.com,Veterinary Medicine & Animal Hospitals,"Sacramento, CA, USA",Weave Target Vertical - Veterinary Medicine & Animal Hospitals,2026-09-06 21:41:04
Sactown Vet,https://sactownvet.com,sactownvet.com,Veterinary Medicine & Animal Hospitals,"Sacramento, CA, USA",Weave Target Vertical - Veterinary Medicine & Animal Hospitals,2026-09-06 21:41:04
Southgate Veterinary Hospital,http://www.drshoja.com,drshoja.com,Veterinary Medicine & Animal Hospitals,"Sacramento, CA, USA",Weave Target Vertical - Veterinary Medicine & Animal Hospitals,2026-09-06 21:41:04
Discovery Animal Hospital,https://www.discoveryanimalhospital.com,discoveryanimalhospital.com,Veterinary Medicine & Animal Hospitals,"Sacramento, CA, USA",Weave Target Vertical - Veterinary Medicine & Animal Hospitals,2026-09-06 21:41:04
Reagor Pet Hospital,http://www.reagorpethospital.com,reagorpethospital.com,Veterinary Medicine & Animal Hospitals,"Sacramento, CA, USA",Weave Target Vertical - Veterinary Medicine & Animal Hospitals,2026-09-06 21:41:04
Del Paso Veterinary Clinic,http://www.delpasovetclinic.com,delpasovetclinic.com,Veterinary Medicine & Animal Hospitals,"Sacramento, CA, USA",Weave Target Vertical - Veterinary Medicine & Animal Hospitals,2026-09-06 21:41:04
Campus Commons Pet Hospital,https://campuscommonspethospital.com,campuscommonspethospital.com,Veterinary Medicine & Animal Hospitals,"Sacramento, CA, USA",Weave Target Vertical - Veterinary Medicine & Animal Hospitals,2026-09-06 21:41:04
Arena Animal Hospital,https://arenaanimalhospital.com,arenaanimalhospital.com,Veterinary Medicine & Animal Hospitals,"Sacramento, CA, USA",Weave Target Vertical - Veterinary Medicine & Animal Hospitals,2026-09-06 21:41:04
Ingleside Animal Hospital,https://www.ingleside.com,ingleside.com,Veterinary Medicine & Animal Hospitals,"Phoenix, AZ, USA",Weave Target Vertical - Veterinary Medicine & Animal Hospitals,2026-09-06 21:41:17
The Scottsdale Veterinary Clinic,https://www.scottsdaleveterinaryclinic.com,scottsdaleveterinaryclinic.com,Veterinary Medicine & Animal Hospitals,"Phoenix, AZ, USA",Weave Target Vertical - Veterinary Medicine & Animal Hospitals,2026-09-06 21:41:17
Palm Glen Animal Hospital,https://www.palmglenanimalhospital.com,palmglenanimalhospital.com,Veterinary Medicine & Animal Hospitals,"Phoenix, AZ, USA",Weave Target Vertical - Veterinary Medicine & Animal Hospitals,2026-09-06 21:41:17
West Phoenix Veterinary Hospital,http://westphoenixvet.com,westphoenixvet.com,Veterinary Medicine & Animal Hospitals,"Phoenix, AZ, USA",Weave Target Vertical - Veterinary Medicine & Animal Hospitals,2026-09-06 21:41:17
Desert View Animal Hospital,http://www.dvah.com,dvah.com,Veterinary Medicine & Animal Hospitals,"Phoenix, AZ, USA",Weave Target Vertical - Veterinary Medicine & Animal Hospitals,2026-09-06 21:41:17
Central Phoenix Animal Hospital,http://www.centralphoenixanimalhospital.com,centralphoenixanimalhospital.com,Veterinary Medicine & Animal Hospitals,"Phoenix, AZ, USA",Weave Target Vertical - Veterinary Medicine & Animal Hospitals,2026-09-06 21:41:17
East Maryland Animal Hospital,https://www.eastmarylandah.com,eastmarylandah.com,Veterinary Medicine & Animal Hospitals,"Phoenix, AZ, USA",Weave Target Vertical - Veterinary Medicine & Animal Hospitals,2026-09-06 21:41:17
Animal Care Hospital of Phoenix,https://azvet.com,azvet.com,Veterinary Medicine & Animal Hospitals,"Phoenix, AZ, USA",Weave Target Vertical - Veterinary Medicine & Animal Hospitals,2026-09-06 21:41:17
North Kenilworth Veterinary Care,https://www.northkenilworthvet.com,northkenilworthvet.com,Veterinary Medicine & Animal Hospitals,"Phoenix, AZ, USA",Weave Target Vertical - Veterinary Medicine & Animal Hospitals,2026-09-06 21:41:17
Lovet Pet Health Care - Madison,https://www.lovet.com/locations/az/phoenix/539-e-glendale-avenue,lovet.com,Veterinary Medicine & Animal Hospitals,"Phoenix, AZ, USA",Weave Target Vertical - Veterinary Medicine & Animal Hospitals,2026-09-06 21:41:17
Western Animal Hospital,http://www.westernanimalhospital.com,westernanimalhospital.com,Veterinary Medicine & Animal Hospitals,"Phoenix, AZ, USA",Weave Target Vertical - Veterinary Medicine & Animal Hospitals,2026-09-06 21:41:17
Sun Valley Hope Animal Hospital,https://www.sunvalleyhopeah.com,sunvalleyhopeah.com,Veterinary Medicine & Animal Hospitals,"Phoenix, AZ, USA",Weave Target Vertical - Veterinary Medicine & Animal Hospitals,2026-09-06 21:41:17
Alta Vista Veterinary Hospital,http://www.altavistavet.com,altavistavet.com,Veterinary Medicine & Animal Hospitals,"Phoenix, AZ, USA",Weave Target Vertical - Veterinary Medicine & Animal Hospitals,2026-09-06 21:41:17
Phoenix Dog Cat Bird Hospital,https://www.phxveterinarian.com,phxveterinarian.com,Veterinary Medicine & Animal Hospitals,"Phoenix, AZ, USA",Weave Target Vertical - Veterinary Medicine & Animal Hospitals,2026-09-06 21:41:17
Animal Hospital of Laveen,http://animalhospitaloflaveen.com,animalhospitaloflaveen.com,Veterinary Medicine & Animal Hospitals,"Phoenix, AZ, USA",Weave Target Vertical - Veterinary Medicine & Animal Hospitals,2026-09-06 21:41:17
Valley West Animal Hospital,http://valleywestanimalhospital.com,valleywestanimalhospital.com,Veterinary Medicine & Animal Hospitals,"Phoenix, AZ, USA",Weave Target Vertical - Veterinary Medicine & Animal Hospitals,2026-09-06 21:41:17
Kaibab Animal Hospital,https://www.kaibabanimalhospital.com,kaibabanimalhospital.com,Veterinary Medicine & Animal Hospitals,"Phoenix, AZ, USA",Weave Target Vertical - Veterinary Medicine & Animal Hospitals,2026-09-06 21:41:17
24 Hour Emergency Vet,http://az24hourvet.com/contact,az24hourvet.com,Veterinary Medicine & Animal Hospitals,"Phoenix, AZ, USA",Weave Target Vertical - Veterinary Medicine & Animal Hospitals,2026-09-06 21:41:17
Tempe Lake Veterinary Clinic & Pet Resort,http://www.tlvcpets.com,tlvcpets.com,Veterinary Medicine & Animal Hospitals,"Phoenix, AZ, USA",Weave Target Vertical - Veterinary Medicine & Animal Hospitals,2026-09-06 21:41:17
Ahwatukee Animal Care Hospital,https://www.ahwatukeeanimalcare.com,ahwatukeeanimalcare.com,Veterinary Medicine & Animal Hospitals,"Phoenix, AZ, USA",Weave Target Vertical - Veterinary Medicine & Animal Hospitals,2026-09-06 21:41:17
Doral Centre Animal Hospital,https://doralvet.com,doralvet.com,Veterinary Medicine & Animal Hospitals,"Miami, FL, USA",Weave Target Vertical - Veterinary Medicine & Animal Hospitals,2026-09-06 21:41:29
Royal Vet - Animal Hospital on Miami Beach,https://royalvet.com,royalvet.com,Veterinary Medicine & Animal Hospitals,"Miami, FL, USA",Weave Target Vertical - Veterinary Medicine & Animal Hospitals,2026-09-06 21:41:29
My Pet Hospital - Emergency Vet Pinecrest,https://pinecrestemergencyvet.com,pinecrestemergencyvet.com,Veterinary Medicine & Animal Hospitals,"Miami, FL, USA",Weave Target Vertical - Veterinary Medicine & Animal Hospitals,2026-09-06 21:41:29
Miami Veterinary Specialists,http://mvshospital.com,mvshospital.com,Veterinary Medicine & Animal Hospitals,"Miami, FL, USA",Weave Target Vertical - Veterinary Medicine & Animal Hospitals,2026-09-06 21:41:29
Brickell Bay Animal Hospital,http://www.bbah.com,bbah.com,Veterinary Medicine & Animal Hospitals,"Miami, FL, USA",Weave Target Vertical - Veterinary Medicine & Animal Hospitals,2026-09-06 21:41:29
My Pet Hospital - Veterinarian & Emergency Pet Care,https://mypethospital.net/bird-road,mypethospital.net,Veterinary Medicine & Animal Hospitals,"Miami, FL, USA",Weave Target Vertical - Veterinary Medicine & Animal Hospitals,2026-09-06 21:41:29
GoodVets Coconut Grove,https://www.good-vets.com/locations/miami/coconut-grove,good-vets.com,Veterinary Medicine & Animal Hospitals,"Miami, FL, USA",Weave Target Vertical - Veterinary Medicine & Animal Hospitals,2026-09-06 21:41:29
Pinecrest Veterinary Hospital,https://www.pinecrestvets.com,pinecrestvets.com,Veterinary Medicine & Animal Hospitals,"Miami, FL, USA",Weave Target Vertical - Veterinary Medicine & Animal Hospitals,2026-09-06 21:41:29
Miami Animal Clinic,https://www.miamianimalclinic.net,miamianimalclinic.net,Veterinary Medicine & Animal Hospitals,"Miami, FL, USA",Weave Target Vertical - Veterinary Medicine & Animal Hospitals,2026-09-06 21:41:29
Country Club Animal Hospital,https://www.ccahweb.com,ccahweb.com,Veterinary Medicine & Animal Hospitals,"Miami, FL, USA",Weave Target Vertical - Veterinary Medicine & Animal Hospitals,2026-09-06 21:41:29
Dadeland Animal Hospital,https://www.dadelandanimalhospital.com,dadelandanimalhospital.com,Veterinary Medicine & Animal Hospitals,"Miami, FL, USA",Weave Target Vertical - Veterinary Medicine & Animal Hospitals,2026-09-06 21:41:29
Vet To Pet After Hours Animal Clinic,http://www.vettopetshialeah.com,vettopetshialeah.com,Veterinary Medicine & Animal Hospitals,"Miami, FL, USA",Weave Target Vertical - Veterinary Medicine & Animal Hospitals,2026-09-06 21:41:29
Eco Deco Pet Hospital,http://www.ecodecopet.com,ecodecopet.com,Veterinary Medicine & Animal Hospitals,"Miami, FL, USA",Weave Target Vertical - Veterinary Medicine & Animal Hospitals,2026-09-06 21:41:29
North Bay Animal Hospital,http://www.tampabayvets.net/location/north-bay,tampabayvets.net,Veterinary Medicine & Animal Hospitals,"Tampa, FL, USA",Weave Target Vertical - Veterinary Medicine & Animal Hospitals,2026-09-06 21:41:46
Westchase Veterinary Center and Emergency,https://www.westchasevet.com,westchasevet.com,Veterinary Medicine & Animal Hospitals,"Tampa, FL, USA",Weave Target Vertical - Veterinary Medicine & Animal Hospitals,2026-09-06 21:41:46
Tampa Veterinary Hospital,https://www.tampavet.com,tampavet.com,Veterinary Medicine & Animal Hospitals,"Tampa, FL, USA",Weave Target Vertical - Veterinary Medicine & Animal Hospitals,2026-09-06 21:41:46
Sunshine Animal Hospital,https://sunshineanimalhospital.com,sunshineanimalhospital.com,Veterinary Medicine & Animal Hospitals,"Tampa, FL, USA",Weave Target Vertical - Veterinary Medicine & Animal Hospitals,2026-09-06 21:41:46
Wellswood Midtown Animal Hospital,http://www.wellswoodah.com,wellswoodah.com,Veterinary Medicine & Animal Hospitals,"Tampa, FL, USA",Weave Target Vertical - Veterinary Medicine & Animal Hospitals,2026-09-06 21:41:46
"Fetch Specialty & Emergency Veterinary Centers - Brandon, FL",https://fetchvets.com/brandon-fl,fetchvets.com,Veterinary Medicine & Animal Hospitals,"Tampa, FL, USA",Weave Target Vertical - Veterinary Medicine & Animal Hospitals,2026-09-06 21:41:46
Dale Mabry Animal Hospital,https://dalemabryanimalhospital.com,dalemabryanimalhospital.com,Veterinary Medicine & Animal Hospitals,"Tampa, FL, USA",Weave Target Vertical - Veterinary Medicine & Animal Hospitals,2026-09-06 21:41:46
Gulf Coast Veterinary Center of Tampa,https://gulfcoasttampa.com,gulfcoasttampa.com,Veterinary Medicine & Animal Hospitals,"Tampa, FL, USA",Weave Target Vertical - Veterinary Medicine & Animal Hospitals,2026-09-06 21:41:46
Animal Hospital of Tampa Bay,http://www.animalhospitaloftampa.com,animalhospitaloftampa.com,Veterinary Medicine & Animal Hospitals,"Tampa, FL, USA",Weave Target Vertical - Veterinary Medicine & Animal Hospitals,2026-09-06 21:41:46
Busch Gardens Animal Care Center,https://buschgardens.com/tampa/zoo/animal-experiences/animal-care-center,buschgardens.com,Veterinary Medicine & Animal Hospitals,"Tampa, FL, USA",Weave Target Vertical - Veterinary Medicine & Animal Hospitals,2026-09-06 21:41:46
Epic Specialty & Emergency Pet Care - Tampa Pet ER,https://epicvetcare.com/24-7-emergency-vet-in-tampa-fl,epicvetcare.com,Veterinary Medicine & Animal Hospitals,"Tampa, FL, USA",Weave Target Vertical - Veterinary Medicine & Animal Hospitals,2026-09-06 21:41:46
Four Paws Veterinary Hospital,https://4pawsvethospital.com,4pawsvethospital.com,Veterinary Medicine & Animal Hospitals,"Tampa, FL, USA",Weave Target Vertical - Veterinary Medicine & Animal Hospitals,2026-09-06 21:41:46
Brandon Lakes Animal Hospital,https://www.brandonlakesanimalhospital.com,brandonlakesanimalhospital.com,Veterinary Medicine & Animal Hospitals,"Tampa, FL, USA",Weave Target Vertical - Veterinary Medicine & Animal Hospitals,2026-09-06 21:41:46
Veterinary Medical Clinic,https://vmctampa.com,vmctampa.com,Veterinary Medicine & Animal Hospitals,"Tampa, FL, USA",Weave Target Vertical - Veterinary Medicine & Animal Hospitals,2026-09-06 21:41:46
Hyde Park Veterinary Clinic,https://www.hydeparkvet.com,hydeparkvet.com,Veterinary Medicine & Animal Hospitals,"Tampa, FL, USA",Weave Target Vertical - Veterinary Medicine & Animal Hospitals,2026-09-06 21:41:46
Pavilion Crossing Animal Hospital & Grooming,http://www.pavilioncrossingvet.com,pavilioncrossingvet.com,Veterinary Medicine & Animal Hospitals,"Tampa, FL, USA",Weave Target Vertical - Veterinary Medicine & Animal Hospitals,2026-09-06 21:41:46
Country Oaks Animal Hospital,http://www.countryoaksvets.com,countryoaksvets.com,Veterinary Medicine & Animal Hospitals,"Tampa, FL, USA",Weave Target Vertical - Veterinary Medicine & Animal Hospitals,2026-09-06 21:41:46
Plantation Animal Hospital of Tampa,https://www.plantationpetvet.com,plantationpetvet.com,Veterinary Medicine & Animal Hospitals,"Tampa, FL, USA",Weave Target Vertical - Veterinary Medicine & Animal Hospitals,2026-09-06 21:41:46
Sunset Park Animal Hospital,https://reviews.vet/fl/tampa/veterinarians/sunset-park-animal-hospital-ChIJtQQMCivDwogRDOMJscR6m0g,reviews.vet,Veterinary Medicine & Animal Hospitals,"Tampa, FL, USA",Weave Target Vertical - Veterinary Medicine & Animal Hospitals,2026-09-06 21:41:46
Bayshore Animal Clinic,https://bayshoreanimalclinic.com,bayshoreanimalclinic.com,Veterinary Medicine & Animal Hospitals,"Tampa, FL, USA",Weave Target Vertical - Veterinary Medicine & Animal Hospitals,2026-09-06 21:41:46
Dr. Phillips Animal Hospital,https://drphillipsanimalhospital.com,drphillipsanimalhospital.com,Veterinary Medicine & Animal Hospitals,"Orlando, FL, USA",Weave Target Vertical - Veterinary Medicine & Animal Hospitals,2026-09-06 21:41:56
East Orlando Animal Hospital,https://eoah.com,eoah.com,Veterinary Medicine & Animal Hospitals,"Orlando, FL, USA",Weave Target Vertical - Veterinary Medicine & Animal Hospitals,2026-09-06 21:41:56
"Veterinary Emergency Clinic of Central Florida | Orlando, FL",http://veconline.com,veconline.com,Veterinary Medicine & Animal Hospitals,"Orlando, FL, USA",Weave Target Vertical - Veterinary Medicine & Animal Hospitals,2026-09-06 21:41:56
Oviedo Veterinary Care and Emergency,http://oviedovetcare.com,oviedovetcare.com,Veterinary Medicine & Animal Hospitals,"Orlando, FL, USA",Weave Target Vertical - Veterinary Medicine & Animal Hospitals,2026-09-06 21:41:56
Winter Park Veterinary Hospital,http://wpvet.com,wpvet.com,Veterinary Medicine & Animal Hospitals,"Orlando, FL, USA",Weave Target Vertical - Veterinary Medicine & Animal Hospitals,2026-09-06 21:41:56
24/7 Animal Hospital of Orlando,https://pet911vet.com,pet911vet.com,Veterinary Medicine & Animal Hospitals,"Orlando, FL, USA",Weave Target Vertical - Veterinary Medicine & Animal Hospitals,2026-09-06 21:41:56
Sand Lake Animal Clinic,https://sandlakeanimalclinic.com,sandlakeanimalclinic.com,Veterinary Medicine & Animal Hospitals,"Orlando, FL, USA",Weave Target Vertical - Veterinary Medicine & Animal Hospitals,2026-09-06 21:41:56
Animal Hospital at Baldwin Park,https://www.animalhospitalatbaldwinpark.com,animalhospitalatbaldwinpark.com,Veterinary Medicine & Animal Hospitals,"Orlando, FL, USA",Weave Target Vertical - Veterinary Medicine & Animal Hospitals,2026-09-06 21:41:56
Kirkman Road Veterinary Clinic,https://www.kirkmanroadveterinaryclinic.com,kirkmanroadveterinaryclinic.com,Veterinary Medicine & Animal Hospitals,"Orlando, FL, USA",Weave Target Vertical - Veterinary Medicine & Animal Hospitals,2026-09-06 21:41:57
Conway Veterinary Hospital,http://www.conwayvet.net,conwayvet.net,Veterinary Medicine & Animal Hospitals,"Orlando, FL, USA",Weave Target Vertical - Veterinary Medicine & Animal Hospitals,2026-09-06 21:41:57
Pine Hills Pet Hospital,http://pinehillspethospital.com,pinehillspethospital.com,Veterinary Medicine & Animal Hospitals,"Orlando, FL, USA",Weave Target Vertical - Veterinary Medicine & Animal Hospitals,2026-09-06 21:41:57
Animal Medical Clinic of Orlando,https://amcoforlando.com,amcoforlando.com,Veterinary Medicine & Animal Hospitals,"Orlando, FL, USA",Weave Target Vertical - Veterinary Medicine & Animal Hospitals,2026-09-06 21:41:57
University Animal Hospital,https://www.uahvet.com,uahvet.com,Veterinary Medicine & Animal Hospitals,"Orlando, FL, USA",Weave Target Vertical - Veterinary Medicine & Animal Hospitals,2026-09-06 21:41:57
Loch Haven Veterinary Hospital,http://www.lochhavenvet.com,lochhavenvet.com,Veterinary Medicine & Animal Hospitals,"Orlando, FL, USA",Weave Target Vertical - Veterinary Medicine & Animal Hospitals,2026-09-06 21:41:57
Underhill Animal Hospital,https://underhillanimalhospital.com,underhillanimalhospital.com,Veterinary Medicine & Animal Hospitals,"Orlando, FL, USA",Weave Target Vertical - Veterinary Medicine & Animal Hospitals,2026-09-06 21:41:57
Pine Castle Animal Clinic,https://www.pinecastlevet.com,pinecastlevet.com,Veterinary Medicine & Animal Hospitals,"Orlando, FL, USA",Weave Target Vertical - Veterinary Medicine & Animal Hospitals,2026-09-06 21:41:57
Alafaya Trail Animal Hospital,https://www.orlandovets.com/alafaya-trail-oviedo,orlandovets.com,Veterinary Medicine & Animal Hospitals,"Orlando, FL, USA",Weave Target Vertical - Veterinary Medicine & Animal Hospitals,2026-09-06 21:41:57
Downtown Pet Hospital,http://www.downtownpethospital.com,downtownpethospital.com,Veterinary Medicine & Animal Hospitals,"Orlando, FL, USA",Weave Target Vertical - Veterinary Medicine & Animal Hospitals,2026-09-06 21:41:57
Grand Oaks Pet Hospital,http://grandoakspethospital.com,grandoakspethospital.com,Veterinary Medicine & Animal Hospitals,"Orlando, FL, USA",Weave Target Vertical - Veterinary Medicine & Animal Hospitals,2026-09-06 21:41:57
Semoran & 408 Pet Doc Hospital,http://semoran408.com,semoran408.com,Veterinary Medicine & Animal Hospitals,"Orlando, FL, USA",Weave Target Vertical - Veterinary Medicine & Animal Hospitals,2026-09-06 21:41:57
Normandy Animal Hospital,https://www.normandyblvdanimalhospital.com,normandyblvdanimalhospital.com,Veterinary Medicine & Animal Hospitals,"Jacksonville, FL, USA",Weave Target Vertical - Veterinary Medicine & Animal Hospitals,2026-09-06 21:42:07
River City Veterinary Hospital,https://rivercityveterinaryhospital.com,rivercityveterinaryhospital.com,Veterinary Medicine & Animal Hospitals,"Jacksonville, FL, USA",Weave Target Vertical - Veterinary Medicine & Animal Hospitals,2026-09-06 21:42:07
Forever Vets Animal Hospital at Tinseltown,https://forevervets.com/locations/tinseltown,forevervets.com,Veterinary Medicine & Animal Hospitals,"Jacksonville, FL, USA",Weave Target Vertical - Veterinary Medicine & Animal Hospitals,2026-09-06 21:42:07
San Marco Animal Hospital,https://www.sanmarcovet.com,sanmarcovet.com,Veterinary Medicine & Animal Hospitals,"Jacksonville, FL, USA",Weave Target Vertical - Veterinary Medicine & Animal Hospitals,2026-09-06 21:42:07
Pet Urgent Response and Emergency,https://www.pureveter.com,pureveter.com,Veterinary Medicine & Animal Hospitals,"Jacksonville, FL, USA",Weave Target Vertical - Veterinary Medicine & Animal Hospitals,2026-09-06 21:42:07
Timuquana Animal Hospital,https://timuquanaanimalhospital.com,timuquanaanimalhospital.com,Veterinary Medicine & Animal Hospitals,"Jacksonville, FL, USA",Weave Target Vertical - Veterinary Medicine & Animal Hospitals,2026-09-06 21:42:07
Miramar Animal Hospital,http://miramaranimalhospital.com,miramaranimalhospital.com,Veterinary Medicine & Animal Hospitals,"Jacksonville, FL, USA",Weave Target Vertical - Veterinary Medicine & Animal Hospitals,2026-09-06 21:42:07
Riverside Animal Hospital,http://riversidejaxvet.com,riversidejaxvet.com,Veterinary Medicine & Animal Hospitals,"Jacksonville, FL, USA",Weave Target Vertical - Veterinary Medicine & Animal Hospitals,2026-09-06 21:42:07
Avondale Animal Hospital,https://avondaleah.com,avondaleah.com,Veterinary Medicine & Animal Hospitals,"Jacksonville, FL, USA",Weave Target Vertical - Veterinary Medicine & Animal Hospitals,2026-09-06 21:42:07
Hidden Hills Animal Hospital,http://hhahvets.com,hhahvets.com,Veterinary Medicine & Animal Hospitals,"Jacksonville, FL, USA",Weave Target Vertical - Veterinary Medicine & Animal Hospitals,2026-09-06 21:42:08
Beltway Animal Hospital,https://beltwayanimalhospital.com,beltwayanimalhospital.com,Veterinary Medicine & Animal Hospitals,"Jacksonville, FL, USA",Weave Target Vertical - Veterinary Medicine & Animal Hospitals,2026-09-06 21:42:08
First Coast Vets Affordable Animal Hospital,https://firstcoastaffordablevet.com/index.html,firstcoastaffordablevet.com,Veterinary Medicine & Animal Hospitals,"Jacksonville, FL, USA",Weave Target Vertical - Veterinary Medicine & Animal Hospitals,2026-09-06 21:42:09
Beach St Johns Animal Hospital,http://beachstjohnsah.com,beachstjohnsah.com,Veterinary Medicine & Animal Hospitals,"Jacksonville, FL, USA",Weave Target Vertical - Veterinary Medicine & Animal Hospitals,2026-09-06 21:42:09
Petfolk Veterinary & Urgent Care - Southside,https://petfolk.com/locations/jacksonville-fl/vet-clinics/southside,petfolk.com,Veterinary Medicine & Animal Hospitals,"Jacksonville, FL, USA",Weave Target Vertical - Veterinary Medicine & Animal Hospitals,2026-09-06 21:42:09
St. Francis Animal Hospital,https://saintfrancisanimalhospital.org,saintfrancisanimalhospital.org,Veterinary Medicine & Animal Hospitals,"Jacksonville, FL, USA",Weave Target Vertical - Veterinary Medicine & Animal Hospitals,2026-09-06 21:42:09
Exotic Bird Hospital,https://exoticbirdhospital.com,exoticbirdhospital.com,Veterinary Medicine & Animal Hospitals,"Jacksonville, FL, USA",Weave Target Vertical - Veterinary Medicine & Animal Hospitals,2026-09-06 21:42:09
Monument Road Animal Hospital,https://mrah.net,mrah.net,Veterinary Medicine & Animal Hospitals,"Jacksonville, FL, USA",Weave Target Vertical - Veterinary Medicine & Animal Hospitals,2026-09-06 21:42:09
Jacksonville Veterinary Surgery and Orthopedics,https://jaxvetsurgery.com,jaxvetsurgery.com,Veterinary Medicine & Animal Hospitals,"Jacksonville, FL, USA",Weave Target Vertical - Veterinary Medicine & Animal Hospitals,2026-09-06 21:42:09
EveryPet,https://www.everypet.org,everypet.org,Veterinary Medicine & Animal Hospitals,"Jacksonville, FL, USA",Weave Target Vertical - Veterinary Medicine & Animal Hospitals,2026-09-06 21:42:09
Veterinary Care University,http://www.veterinarycareuniversity.com,veterinarycareuniversity.com,Veterinary Medicine & Animal Hospitals,"Jacksonville, FL, USA",Weave Target Vertical - Veterinary Medicine & Animal Hospitals,2026-09-06 21:42:09
Inman Park Animal Hospital,https://inmanparkanimalhospital.com,inmanparkanimalhospital.com,Veterinary Medicine & Animal Hospitals,"Atlanta, GA, USA",Weave Target Vertical - Veterinary Medicine & Animal Hospitals,2026-09-06 21:42:19
Pharr Road Animal Hospital,https://prahvet.com,prahvet.com,Veterinary Medicine & Animal Hospitals,"Atlanta, GA, USA",Weave Target Vertical - Veterinary Medicine & Animal Hospitals,2026-09-06 21:42:19
Westside Village Animal Hospital,http://westsidevillageah.com,westsidevillageah.com,Veterinary Medicine & Animal Hospitals,"Atlanta, GA, USA",Weave Target Vertical - Veterinary Medicine & Animal Hospitals,2026-09-06 21:42:19
The Emergency Vets,https://theervets.com,theervets.com,Veterinary Medicine & Animal Hospitals,"Atlanta, GA, USA",Weave Target Vertical - Veterinary Medicine & Animal Hospitals,2026-09-06 21:42:19
Peachtree Creek Animal Hospital,https://peachtreecreekah.com,peachtreecreekah.com,Veterinary Medicine & Animal Hospitals,"Atlanta, GA, USA",Weave Target Vertical - Veterinary Medicine & Animal Hospitals,2026-09-06 21:42:19
Intown Animal Hospital,https://www.intownanimalhospital.com,intownanimalhospital.com,Veterinary Medicine & Animal Hospitals,"Atlanta, GA, USA",Weave Target Vertical - Veterinary Medicine & Animal Hospitals,2026-09-06 21:42:19
The Village Vets Virginia Highlands,https://thevillagevets.com/virginia-highland,thevillagevets.com,Veterinary Medicine & Animal Hospitals,"Atlanta, GA, USA",Weave Target Vertical - Veterinary Medicine & Animal Hospitals,2026-09-06 21:42:19
Ansley Animal Clinic,https://www.ansleyanimalclinic.com,ansleyanimalclinic.com,Veterinary Medicine & Animal Hospitals,"Atlanta, GA, USA",Weave Target Vertical - Veterinary Medicine & Animal Hospitals,2026-09-06 21:42:19
Columbia Belvedere Animal Hospital,http://www.columbiabelvedereanimalhospital.com,columbiabelvedereanimalhospital.com,Veterinary Medicine & Animal Hospitals,"Atlanta, GA, USA",Weave Target Vertical - Veterinary Medicine & Animal Hospitals,2026-09-06 21:42:19
Legacy Veterinary Hospital,https://mylegacyvet.com,mylegacyvet.com,Veterinary Medicine & Animal Hospitals,"Atlanta, GA, USA",Weave Target Vertical - Veterinary Medicine & Animal Hospitals,2026-09-06 21:42:19
Collier Animal Hospital,http://collierah.com,collierah.com,Veterinary Medicine & Animal Hospitals,"Atlanta, GA, USA",Weave Target Vertical - Veterinary Medicine & Animal Hospitals,2026-09-06 21:42:19
Clairmont Animal Hospital,https://www.clairmontanimalhospital.com,clairmontanimalhospital.com,Veterinary Medicine & Animal Hospitals,"Atlanta, GA, USA",Weave Target Vertical - Veterinary Medicine & Animal Hospitals,2026-09-06 21:42:19
Treehouse Animal Clinic,https://treehouseanimalclinic.com,treehouseanimalclinic.com,Veterinary Medicine & Animal Hospitals,"Atlanta, GA, USA",Weave Target Vertical - Veterinary Medicine & Animal Hospitals,2026-09-06 21:42:19
Avondale Veterinary Hospital,http://www.avondalevethospital.com,avondalevethospital.com,Veterinary Medicine & Animal Hospitals,"Atlanta, GA, USA",Weave Target Vertical - Veterinary Medicine & Animal Hospitals,2026-09-06 21:42:19
Peachtree Hills Animal Hospital,https://peachtreehillsvet.com,peachtreehillsvet.com,Veterinary Medicine & Animal Hospitals,"Atlanta, GA, USA",Weave Target Vertical - Veterinary Medicine & Animal Hospitals,2026-09-06 21:42:19
Animal Fur1st Medical Center,https://www.animalfur1st.com,animalfur1st.com,Veterinary Medicine & Animal Hospitals,"Atlanta, GA, USA",Weave Target Vertical - Veterinary Medicine & Animal Hospitals,2026-09-06 21:42:19
North Dekalb Veterinary Clinic,https://northdekalbvet.com,northdekalbvet.com,Veterinary Medicine & Animal Hospitals,"Atlanta, GA, USA",Weave Target Vertical - Veterinary Medicine & Animal Hospitals,2026-09-06 21:42:19
MedVet Atlanta,https://www.medvet.com/location/atlanta,medvet.com,Veterinary Medicine & Animal Hospitals,"Atlanta, GA, USA",Weave Target Vertical - Veterinary Medicine & Animal Hospitals,2026-09-06 21:42:19
East Atlanta Animal Clinic,http://eastatlantaanimalclinic.com,eastatlantaanimalclinic.com,Veterinary Medicine & Animal Hospitals,"Atlanta, GA, USA",Weave Target Vertical - Veterinary Medicine & Animal Hospitals,2026-09-06 21:42:28
Soft Paws Animal Clinic and Urgent Care,https://softpawsac.com,softpawsac.com,Veterinary Medicine & Animal Hospitals,"Atlanta, GA, USA",Weave Target Vertical - Veterinary Medicine & Animal Hospitals,2026-09-06 21:42:28
Premier Veterinary Group - Chicago,https://www.premiervets.net/locations/chicago,premiervets.net,Veterinary Medicine & Animal Hospitals,"Chicago, IL, USA",Weave Target Vertical - Veterinary Medicine & Animal Hospitals,2026-09-06 21:42:39
Chicago Veterinary Emergency Center and Specialty Care,https://www.medvetforpets.com/location/medvet-chicago,medvetforpets.com,Veterinary Medicine & Animal Hospitals,"Chicago, IL, USA",Weave Target Vertical - Veterinary Medicine & Animal Hospitals,2026-09-06 21:42:39
Sploot Veterinary Care - Logan Square,https://www.splootvets.com/locations/chicago/logan-square,splootvets.com,Veterinary Medicine & Animal Hospitals,"Chicago, IL, USA",Weave Target Vertical - Veterinary Medicine & Animal Hospitals,2026-09-06 21:42:39
Portage Park Animal Hospital,https://www.portagepark.com,portagepark.com,Veterinary Medicine & Animal Hospitals,"Chicago, IL, USA",Weave Target Vertical - Veterinary Medicine & Animal Hospitals,2026-09-06 21:42:39
Animal Medical Center of Chicago,https://www.animalmedicalcenterofchicago.com,animalmedicalcenterofchicago.com,Veterinary Medicine & Animal Hospitals,"Chicago, IL, USA",Weave Target Vertical - Veterinary Medicine & Animal Hospitals,2026-09-06 21:42:39
Old Town Animal Care Center,https://oldtownvetcare.com,oldtownvetcare.com,Veterinary Medicine & Animal Hospitals,"Chicago, IL, USA",Weave Target Vertical - Veterinary Medicine & Animal Hospitals,2026-09-06 21:42:39
Companion Animal Hospital of Norridge,https://companionnp.com,companionnp.com,Veterinary Medicine & Animal Hospitals,"Chicago, IL, USA",Weave Target Vertical - Veterinary Medicine & Animal Hospitals,2026-09-06 21:42:39
GoodVets Uptown (Chicago),https://goodvets.com/locations/chicago/uptown,goodvets.com,Veterinary Medicine & Animal Hospitals,"Chicago, IL, USA",Weave Target Vertical - Veterinary Medicine & Animal Hospitals,2026-09-06 21:42:39
Scout Veterinary Urgent Care - Lincoln Park,https://www.scoutcare.com/locations/lincoln-park,scoutcare.com,Veterinary Medicine & Animal Hospitals,"Chicago, IL, USA",Weave Target Vertical - Veterinary Medicine & Animal Hospitals,2026-09-06 21:42:39
Medical District Veterinary Clinic at Illinois,http://medicaldistrictvet.com,medicaldistrictvet.com,Veterinary Medicine & Animal Hospitals,"Chicago, IL, USA",Weave Target Vertical - Veterinary Medicine & Animal Hospitals,2026-09-06 21:42:39
Bond Vet - Gold Coast,https://bondvet.com/c/chicago-gold-coast-animal-hospital,bondvet.com,Veterinary Medicine & Animal Hospitals,"Chicago, IL, USA",Weave Target Vertical - Veterinary Medicine & Animal Hospitals,2026-09-06 21:42:39
Belmont Animal Hospital of Chicago,http://belmontanimal.com,belmontanimal.com,Veterinary Medicine & Animal Hospitals,"Chicago, IL, USA",Weave Target Vertical - Veterinary Medicine & Animal Hospitals,2026-09-06 21:42:39
South Loop Animal Hospital,https://mysouthloopvet.com/south-loop,mysouthloopvet.com,Veterinary Medicine & Animal Hospitals,"Chicago, IL, USA",Weave Target Vertical - Veterinary Medicine & Animal Hospitals,2026-09-06 21:42:39
Oz Animal Hospital Lincoln Park,https://ozanimalhospital.com,ozanimalhospital.com,Veterinary Medicine & Animal Hospitals,"Chicago, IL, USA",Weave Target Vertical - Veterinary Medicine & Animal Hospitals,2026-09-06 21:42:39
West Loop Veterinary Care,https://westloopvet.com/west-loop,westloopvet.com,Veterinary Medicine & Animal Hospitals,"Chicago, IL, USA",Weave Target Vertical - Veterinary Medicine & Animal Hospitals,2026-09-06 21:42:39
Animal Hospital of Brooklyn,https://animalhospitalbrooklyn.com,animalhospitalbrooklyn.com,Veterinary Medicine & Animal Hospitals,"New York, NY, USA",Weave Target Vertical - Veterinary Medicine & Animal Hospitals,2026-09-06 21:42:56
West Village Veterinary Hospital,https://www.westvillagevets.com,westvillagevets.com,Veterinary Medicine & Animal Hospitals,"New York, NY, USA",Weave Target Vertical - Veterinary Medicine & Animal Hospitals,2026-09-06 21:42:56
VERG Brooklyn,https://verg-brooklyn.com,verg-brooklyn.com,Veterinary Medicine & Animal Hospitals,"New York, NY, USA",Weave Target Vertical - Veterinary Medicine & Animal Hospitals,2026-09-06 21:42:56
Juniper Valley Animal Hospital,http://junipervalley.com,junipervalley.com,Veterinary Medicine & Animal Hospitals,"New York, NY, USA",Weave Target Vertical - Veterinary Medicine & Animal Hospitals,2026-09-06 21:42:56
The Schwarzman Animal Medical Center,https://www.amcny.org,amcny.org,Veterinary Medicine & Animal Hospitals,"New York, NY, USA",Weave Target Vertical - Veterinary Medicine & Animal Hospitals,2026-09-06 21:42:57
Greenpoint Veterinary Hospital,https://www.greenpointvet.com,greenpointvet.com,Veterinary Medicine & Animal Hospitals,"New York, NY, USA",Weave Target Vertical - Veterinary Medicine & Animal Hospitals,2026-09-06 21:42:57
Kew Gardens Animal Hospital,https://www.kewgardensanimalhospital.com,kewgardensanimalhospital.com,Veterinary Medicine & Animal Hospitals,"New York, NY, USA",Weave Target Vertical - Veterinary Medicine & Animal Hospitals,2026-09-06 21:42:57
Battery Park Veterinary Hospital,https://www.batteryparkvets.com,batteryparkvets.com,Veterinary Medicine & Animal Hospitals,"New York, NY, USA",Weave Target Vertical - Veterinary Medicine & Animal Hospitals,2026-09-06 21:42:57
One Love Animal Hospital Bay Ridge,http://onelovevet.com/index.php,onelovevet.com,Veterinary Medicine & Animal Hospitals,"New York, NY, USA",Weave Target Vertical - Veterinary Medicine & Animal Hospitals,2026-09-06 21:42:57
Queens Animal Hospital,https://queensanimalhospital.com,queensanimalhospital.com,Veterinary Medicine & Animal Hospitals,"New York, NY, USA",Weave Target Vertical - Veterinary Medicine & Animal Hospitals,2026-09-06 21:42:57
InstaVet Urgent Care & Wellness Animal Hospital - LIC Queens Pet Surgery Medical Center,https://www.instavet.com,instavet.com,Veterinary Medicine & Animal Hospitals,"New York, NY, USA",Weave Target Vertical - Veterinary Medicine & Animal Hospitals,2026-09-06 21:42:57
Brooklyn Roots Veterinary Hospital,http://www.brooklynrootsvet.com,brooklynrootsvet.com,Veterinary Medicine & Animal Hospitals,"New York, NY, USA",Weave Target Vertical - Veterinary Medicine & Animal Hospitals,2026-09-06 21:42:57
Heart of Brooklyn Veterinary Hospital - Fort Greene,https://heartofbrooklynveterinary.com,heartofbrooklynveterinary.com,Veterinary Medicine & Animal Hospitals,"New York, NY, USA",Weave Target Vertical - Veterinary Medicine & Animal Hospitals,2026-09-06 21:42:57
St Mina Animal Clinic,http://stminaveterinaryclinic.com,stminaveterinaryclinic.com,Veterinary Medicine & Animal Hospitals,"New York, NY, USA",Weave Target Vertical - Veterinary Medicine & Animal Hospitals,2026-09-06 21:42:57
Philadelphia Animal Hospital,https://www.philadelphiaanimalhospital.com,philadelphiaanimalhospital.com,Veterinary Medicine & Animal Hospitals,"Philadelphia, PA, USA",Weave Target Vertical - Veterinary Medicine & Animal Hospitals,2026-09-06 21:43:14
University of Pennsylvania Veterinary Hospital Emergency Wing,https://www.vet.upenn.edu/veterinary-hospitals/ryan-veterinary-hospital/services/emergency-service-critical-care,vet.upenn.edu,Veterinary Medicine & Animal Hospitals,"Philadelphia, PA, USA",Weave Target Vertical - Veterinary Medicine & Animal Hospitals,2026-09-06 21:43:14
Philadelphia Animal Specialty & Emergency (PASE),http://www.pase.vet,pase.vet,Veterinary Medicine & Animal Hospitals,"Philadelphia, PA, USA",Weave Target Vertical - Veterinary Medicine & Animal Hospitals,2026-09-06 21:43:14
Art City Vets & Urgent Care,https://www.artcityvets.com,artcityvets.com,Veterinary Medicine & Animal Hospitals,"Philadelphia, PA, USA",Weave Target Vertical - Veterinary Medicine & Animal Hospitals,2026-09-06 21:43:14
Pennsauken Animal Hospital & Urgent Care,http://pennsaukenvet.com,pennsaukenvet.com,Veterinary Medicine & Animal Hospitals,"Philadelphia, PA, USA",Weave Target Vertical - Veterinary Medicine & Animal Hospitals,2026-09-06 21:43:14
Center City Veterinary Hospital,http://www.centercityvet.com,centercityvet.com,Veterinary Medicine & Animal Hospitals,"Philadelphia, PA, USA",Weave Target Vertical - Veterinary Medicine & Animal Hospitals,2026-09-06 21:43:14
Queen Village Animal Hospital,http://www.queenvillageah.com,queenvillageah.com,Veterinary Medicine & Animal Hospitals,"Philadelphia, PA, USA",Weave Target Vertical - Veterinary Medicine & Animal Hospitals,2026-09-06 21:43:14
World of Animals at Rittenhouse,https://wofainc.com/rittenhouse,wofainc.com,Veterinary Medicine & Animal Hospitals,"Philadelphia, PA, USA",Weave Target Vertical - Veterinary Medicine & Animal Hospitals,2026-09-06 21:43:14
Rox Falls Vet,http://www.roxfallsvet.com,roxfallsvet.com,Veterinary Medicine & Animal Hospitals,"Philadelphia, PA, USA",Weave Target Vertical - Veterinary Medicine & Animal Hospitals,2026-09-06 21:43:14
Society Hill Veterinary Hospital,https://societyhillvets.com,societyhillvets.com,Veterinary Medicine & Animal Hospitals,"Philadelphia, PA, USA",Weave Target Vertical - Veterinary Medicine & Animal Hospitals,2026-09-06 21:43:14
Animals First + Veterinary Hospital & Urgent Care,https://www.animalsfirstvethospital.com,animalsfirstvethospital.com,Veterinary Medicine & Animal Hospitals,"Philadelphia, PA, USA",Weave Target Vertical - Veterinary Medicine & Animal Hospitals,2026-09-06 21:43:14
Glenolden Animal Hospital,http://gah1.net,gah1.net,Veterinary Medicine & Animal Hospitals,"Philadelphia, PA, USA",Weave Target Vertical - Veterinary Medicine & Animal Hospitals,2026-09-06 21:43:14
Washington Ave Animal Hospital,http://washingtonavevet.com,washingtonavevet.com,Veterinary Medicine & Animal Hospitals,"Philadelphia, PA, USA",Weave Target Vertical - Veterinary Medicine & Animal Hospitals,2026-09-06 21:43:14
EPIC Veterinary Urgent Care - Cherry Hill,https://www.epic.vet,epic.vet,Veterinary Medicine & Animal Hospitals,"Philadelphia, PA, USA",Weave Target Vertical - Veterinary Medicine & Animal Hospitals,2026-09-06 21:43:14
Fishtown Animal Hospital,https://thefishtownanimalhospital.com,thefishtownanimalhospital.com,Veterinary Medicine & Animal Hospitals,"Philadelphia, PA, USA",Weave Target Vertical - Veterinary Medicine & Animal Hospitals,2026-09-06 21:43:14
Cherry Hill Animal Hospital,https://cherryhillanimalhospital.com,cherryhillanimalhospital.com,Veterinary Medicine & Animal Hospitals,"Philadelphia, PA, USA",Weave Target Vertical - Veterinary Medicine & Animal Hospitals,2026-09-06 21:43:14
Stoney Creek Veterinary Hospital,https://stoneycreekveterinary.com,stoneycreekveterinary.com,Veterinary Medicine & Animal Hospitals,"Philadelphia, PA, USA",Weave Target Vertical - Veterinary Medicine & Animal Hospitals,2026-09-06 21:43:14
The Animedic Veterinary Hospital,http://www.theanimedic.com,theanimedic.com,Veterinary Medicine & Animal Hospitals,"Philadelphia, PA, USA",Weave Target Vertical - Veterinary Medicine & Animal Hospitals,2026-09-06 21:43:14
Wissahickon Creek Veterinary Hospital,http://wcvh.org,wcvh.org,Veterinary Medicine & Animal Hospitals,"Philadelphia, PA, USA",Weave Target Vertical - Veterinary Medicine & Animal Hospitals,2026-09-06 21:43:14
Northern Liberties Veterinary Center,http://www.nolibsvet.com,nolibsvet.com,Veterinary Medicine & Animal Hospitals,"Philadelphia, PA, USA",Weave Target Vertical - Veterinary Medicine & Animal Hospitals,2026-09-06 21:43:15
Carolina Veterinary Specialists Charlotte,https://charlotte.carolinavet.com,charlotte.carolinavet.com,Veterinary Medicine & Animal Hospitals,"Charlotte, NC, USA",Weave Target Vertical - Veterinary Medicine & Animal Hospitals,2026-09-06 21:43:25
Park Road Animal Hospital,https://parkroadah.com,parkroadah.com,Veterinary Medicine & Animal Hospitals,"Charlotte, NC, USA",Weave Target Vertical - Veterinary Medicine & Animal Hospitals,2026-09-06 21:43:25
CARE | Charlotte Animal Referral & Emergency,https://carecharlotte.com,carecharlotte.com,Veterinary Medicine & Animal Hospitals,"Charlotte, NC, USA",Weave Target Vertical - Veterinary Medicine & Animal Hospitals,2026-09-06 21:43:25
Mallard Creek Animal Hospital,http://mallardcreekvet.com,mallardcreekvet.com,Veterinary Medicine & Animal Hospitals,"Charlotte, NC, USA",Weave Target Vertical - Veterinary Medicine & Animal Hospitals,2026-09-06 21:43:25
Queen City Animal Hospital,http://www.queencityanimalhospital.com,queencityanimalhospital.com,Veterinary Medicine & Animal Hospitals,"Charlotte, NC, USA",Weave Target Vertical - Veterinary Medicine & Animal Hospitals,2026-09-06 21:43:25
Commonwealth Animal Hospital,https://commonwealthah.com,commonwealthah.com,Veterinary Medicine & Animal Hospitals,"Charlotte, NC, USA",Weave Target Vertical - Veterinary Medicine & Animal Hospitals,2026-09-06 21:43:25
Riverbend Veterinary PetCare Hospital,https://riverbendpet.com,riverbendpet.com,Veterinary Medicine & Animal Hospitals,"Charlotte, NC, USA",Weave Target Vertical - Veterinary Medicine & Animal Hospitals,2026-09-06 21:43:25
Uptown Veterinary Hospital,https://uptownvethospital.org,uptownvethospital.org,Veterinary Medicine & Animal Hospitals,"Charlotte, NC, USA",Weave Target Vertical - Veterinary Medicine & Animal Hospitals,2026-09-06 21:43:25
Hight Veterinary Hospital,http://hightvet.com,hightvet.com,Veterinary Medicine & Animal Hospitals,"Charlotte, NC, USA",Weave Target Vertical - Veterinary Medicine & Animal Hospitals,2026-09-06 21:43:25
Partners Animal Hospital NoDa,http://www.partnersvetnoda.com,partnersvetnoda.com,Veterinary Medicine & Animal Hospitals,"Charlotte, NC, USA",Weave Target Vertical - Veterinary Medicine & Animal Hospitals,2026-09-06 21:43:25
Dilworth Animal Hospital,http://www.dilworthanimalhospital.com,dilworthanimalhospital.com,Veterinary Medicine & Animal Hospitals,"Charlotte, NC, USA",Weave Target Vertical - Veterinary Medicine & Animal Hospitals,2026-09-06 21:43:25
Long Animal Hospital and Emergency Center | Charlotte NC,https://www.longanimal.com,longanimal.com,Veterinary Medicine & Animal Hospitals,"Charlotte, NC, USA",Weave Target Vertical - Veterinary Medicine & Animal Hospitals,2026-09-06 21:43:25
Charlotte Veterinary Hospital,https://charlottevethospital.com,charlottevethospital.com,Veterinary Medicine & Animal Hospitals,"Charlotte, NC, USA",Weave Target Vertical - Veterinary Medicine & Animal Hospitals,2026-09-06 21:43:25
Animal Medical Hospital & Urgent Care,https://www.animalmedical.net,animalmedical.net,Veterinary Medicine & Animal Hospitals,"Charlotte, NC, USA",Weave Target Vertical - Veterinary Medicine & Animal Hospitals,2026-09-06 21:43:25
Hickory Grove Animal Hospital,http://www.hickorygroveanimalhospital.com,hickorygroveanimalhospital.com,Veterinary Medicine & Animal Hospitals,"Charlotte, NC, USA",Weave Target Vertical - Veterinary Medicine & Animal Hospitals,2026-09-06 21:43:25
Archdale Animal Hospital,http://www.archdaleanimalhospital.com,archdaleanimalhospital.com,Veterinary Medicine & Animal Hospitals,"Charlotte, NC, USA",Weave Target Vertical - Veterinary Medicine & Animal Hospitals,2026-09-06 21:43:25
Monroe Road Animal Hospital,https://www.mrahonline.com,mrahonline.com,Veterinary Medicine & Animal Hospitals,"Charlotte, NC, USA",Weave Target Vertical - Veterinary Medicine & Animal Hospitals,2026-09-06 21:43:25
Steele Creek Animal Hospital,https://www.keepingpetshealthy.com,keepingpetshealthy.com,Veterinary Medicine & Animal Hospitals,"Charlotte, NC, USA",Weave Target Vertical - Veterinary Medicine & Animal Hospitals,2026-09-06 21:43:25
Best Care Animal Hospital,https://bestcare-ah.com,bestcare-ah.com,Veterinary Medicine & Animal Hospitals,"Charlotte, NC, USA",Weave Target Vertical - Veterinary Medicine & Animal Hospitals,2026-09-06 21:43:25
Whole Pet Veterinary Hospital - Mountain Island,https://www.wholepetvets.com/charlotte,wholepetvets.com,Veterinary Medicine & Animal Hospitals,"Charlotte, NC, USA",Weave Target Vertical - Veterinary Medicine & Animal Hospitals,2026-09-06 21:43:25
Wake Veterinary Medical Center,https://www.wakevetandurgentcare.com,wakevetandurgentcare.com,Veterinary Medicine & Animal Hospitals,"Raleigh, NC, USA",Weave Target Vertical - Veterinary Medicine & Animal Hospitals,2026-09-06 21:43:35
Truss Vet - Veterinary Urgent Care,https://www.trussvet.com/cary-fenton,trussvet.com,Veterinary Medicine & Animal Hospitals,"Raleigh, NC, USA",Weave Target Vertical - Veterinary Medicine & Animal Hospitals,2026-09-06 21:43:35
Oak Heart Veterinary Hospital & Emergency at South Saunders,https://oakheartvet.com/south-saunders,oakheartvet.com,Veterinary Medicine & Animal Hospitals,"Raleigh, NC, USA",Weave Target Vertical - Veterinary Medicine & Animal Hospitals,2026-09-06 21:43:35
Walnut Street Animal Hospital,https://walnutstreetah.com,walnutstreetah.com,Veterinary Medicine & Animal Hospitals,"Raleigh, NC, USA",Weave Target Vertical - Veterinary Medicine & Animal Hospitals,2026-09-06 21:43:35
Animal Emergency Hospital & Urgent Care,https://ervets4pets.com,ervets4pets.com,Veterinary Medicine & Animal Hospitals,"Raleigh, NC, USA",Weave Target Vertical - Veterinary Medicine & Animal Hospitals,2026-09-06 21:43:35
Noah's Ark Veterinary Hospital,https://noahsarkcary.com,noahsarkcary.com,Veterinary Medicine & Animal Hospitals,"Raleigh, NC, USA",Weave Target Vertical - Veterinary Medicine & Animal Hospitals,2026-09-06 21:43:35
Quail Corners Animal Hospital,https://www.quailcornersanimalhospital.com,quailcornersanimalhospital.com,Veterinary Medicine & Animal Hospitals,"Raleigh, NC, USA",Weave Target Vertical - Veterinary Medicine & Animal Hospitals,2026-09-06 21:43:35
Hidden Valley Animal Hospital,https://www.hiddenvalleyanimalhospital.com,hiddenvalleyanimalhospital.com,Veterinary Medicine & Animal Hospitals,"Raleigh, NC, USA",Weave Target Vertical - Veterinary Medicine & Animal Hospitals,2026-09-06 21:43:35
Swift Creek Animal Hospital,https://www.swiftcreekanimal.com,swiftcreekanimal.com,Veterinary Medicine & Animal Hospitals,"Raleigh, NC, USA",Weave Target Vertical - Veterinary Medicine & Animal Hospitals,2026-09-06 21:43:35
Care First Animal Hospital at Glenwood,https://www.carefirstanimalhospital.com/vet-locations/raleigh-glenwood,carefirstanimalhospital.com,Veterinary Medicine & Animal Hospitals,"Raleigh, NC, USA",Weave Target Vertical - Veterinary Medicine & Animal Hospitals,2026-09-06 21:43:35
Capital Blvd Animal Hospital & Pet Inn Raleigh & Wake Forest,https://capitalah.com,capitalah.com,Veterinary Medicine & Animal Hospitals,"Raleigh, NC, USA",Weave Target Vertical - Veterinary Medicine & Animal Hospitals,2026-09-06 21:43:35
AMC of Garner Veterinary Hospital,http://amcofgarner.com,amcofgarner.com,Veterinary Medicine & Animal Hospitals,"Raleigh, NC, USA",Weave Target Vertical - Veterinary Medicine & Animal Hospitals,2026-09-06 21:43:35
Magnolia Animal Hospital,https://www.magnoliaanimalhospital.net,magnoliaanimalhospital.net,Veterinary Medicine & Animal Hospitals,"Raleigh, NC, USA",Weave Target Vertical - Veterinary Medicine & Animal Hospitals,2026-09-06 21:43:35
Knightdale Animal Hospital,https://www.knightdaleanimalhospital.com,knightdaleanimalhospital.com,Veterinary Medicine & Animal Hospitals,"Raleigh, NC, USA",Weave Target Vertical - Veterinary Medicine & Animal Hospitals,2026-09-06 21:43:36
Creedmoor Road Animal Hospital,https://creedmoorroadanimalhospital.com,creedmoorroadanimalhospital.com,Veterinary Medicine & Animal Hospitals,"Raleigh, NC, USA",Weave Target Vertical - Veterinary Medicine & Animal Hospitals,2026-09-06 21:43:36
Cary Veterinary Hospital,https://www.caryvethospital.com,caryvethospital.com,Veterinary Medicine & Animal Hospitals,"Raleigh, NC, USA",Weave Target Vertical - Veterinary Medicine & Animal Hospitals,2026-09-06 21:43:36
Crossroads Veterinary Hospital,http://www.mycrossroadsvet.net,mycrossroadsvet.net,Veterinary Medicine & Animal Hospitals,"Raleigh, NC, USA",Weave Target Vertical - Veterinary Medicine & Animal Hospitals,2026-09-06 21:43:36
Northwoods Animal Hospital,http://www.northwoodsah.com,northwoodsah.com,Veterinary Medicine & Animal Hospitals,"Raleigh, NC, USA",Weave Target Vertical - Veterinary Medicine & Animal Hospitals,2026-09-06 21:43:36
Falls Village Veterinary Hospital,https://raleighncvet.com,raleighncvet.com,Veterinary Medicine & Animal Hospitals,"Raleigh, NC, USA",Weave Target Vertical - Veterinary Medicine & Animal Hospitals,2026-09-06 21:43:36
NCSU Veterinary Hospital,https://hospital.cvm.ncsu.edu,hospital.cvm.ncsu.edu,Veterinary Medicine & Animal Hospitals,"Raleigh, NC, USA",Weave Target Vertical - Veterinary Medicine & Animal Hospitals,2026-09-06 21:43:36
Nashville Veterinary Specialists + Animal Emergency,https://www.nashvillevetspecialists.com,nashvillevetspecialists.com,Veterinary Medicine & Animal Hospitals,"Nashville, TN, USA",Weave Target Vertical - Veterinary Medicine & Animal Hospitals,2026-09-06 21:43:46
Belmont Animal Hospital,https://www.belmontanimalhospital.com,belmontanimalhospital.com,Veterinary Medicine & Animal Hospitals,"Nashville, TN, USA",Weave Target Vertical - Veterinary Medicine & Animal Hospitals,2026-09-06 21:43:46
5 Points Animal Hospital,https://5pointsanimalhospital.net,5pointsanimalhospital.net,Veterinary Medicine & Animal Hospitals,"Nashville, TN, USA",Weave Target Vertical - Veterinary Medicine & Animal Hospitals,2026-09-06 21:43:46
Belle Forest Animal Hospital,https://belleforestanimalhospital.com,belleforestanimalhospital.com,Veterinary Medicine & Animal Hospitals,"Nashville, TN, USA",Weave Target Vertical - Veterinary Medicine & Animal Hospitals,2026-09-06 21:43:46
Richland Animal Clinic,https://richlandanimalclinic.com,richlandanimalclinic.com,Veterinary Medicine & Animal Hospitals,"Nashville, TN, USA",Weave Target Vertical - Veterinary Medicine & Animal Hospitals,2026-09-06 21:43:46
Priest Lake Veterinary Hospital - Nashville Veterinarian,http://www.priestlakevet.com,priestlakevet.com,Veterinary Medicine & Animal Hospitals,"Nashville, TN, USA",Weave Target Vertical - Veterinary Medicine & Animal Hospitals,2026-09-06 21:43:46
Hillsboro Animal Hospital & Pet Resort,https://www.hillsboroanimalhospital.net,hillsboroanimalhospital.net,Veterinary Medicine & Animal Hospitals,"Nashville, TN, USA",Weave Target Vertical - Veterinary Medicine & Animal Hospitals,2026-09-06 21:43:46
Harpeth Hills Animal Hospital,https://harpethhillsvet.com,harpethhillsvet.com,Veterinary Medicine & Animal Hospitals,"Nashville, TN, USA",Weave Target Vertical - Veterinary Medicine & Animal Hospitals,2026-09-06 21:43:46
Bellevue Animal Hospital,http://www.bahnashville.com,bahnashville.com,Veterinary Medicine & Animal Hospitals,"Nashville, TN, USA",Weave Target Vertical - Veterinary Medicine & Animal Hospitals,2026-09-06 21:43:46
Belle Meade Animal Hospital,http://www.bellemeadeanimalhospital.com,bellemeadeanimalhospital.com,Veterinary Medicine & Animal Hospitals,"Nashville, TN, USA",Weave Target Vertical - Veterinary Medicine & Animal Hospitals,2026-09-06 21:43:46
Parker's Paws Animal Hospital,http://parkerspaws.net,parkerspaws.net,Veterinary Medicine & Animal Hospitals,"Nashville, TN, USA",Weave Target Vertical - Veterinary Medicine & Animal Hospitals,2026-09-06 21:43:46
Elm Hill Veterinary Clinic,https://elmhillvet.com,elmhillvet.com,Veterinary Medicine & Animal Hospitals,"Nashville, TN, USA",Weave Target Vertical - Veterinary Medicine & Animal Hospitals,2026-09-06 21:43:46
Berry Hill Animal Hospital,http://www.berryhillah.com,berryhillah.com,Veterinary Medicine & Animal Hospitals,"Nashville, TN, USA",Weave Target Vertical - Veterinary Medicine & Animal Hospitals,2026-09-06 21:43:46
Paws & Claws Animal Hospital,https://www.pawsandclawsnashville.com,pawsandclawsnashville.com,Veterinary Medicine & Animal Hospitals,"Nashville, TN, USA",Weave Target Vertical - Veterinary Medicine & Animal Hospitals,2026-09-06 21:43:46
Animal House Veterinary Clinic,https://nashvilleanimalhouse.com,nashvilleanimalhouse.com,Veterinary Medicine & Animal Hospitals,"Nashville, TN, USA",Weave Target Vertical - Veterinary Medicine & Animal Hospitals,2026-09-06 21:43:46
Mobley Veterinary Clinic,https://mobleyveterinaryclinic.com,mobleyveterinaryclinic.com,Veterinary Medicine & Animal Hospitals,"Nashville, TN, USA",Weave Target Vertical - Veterinary Medicine & Animal Hospitals,2026-09-06 21:43:46
Grassmere Animal Hospital PC,http://grassmereanimalhospital.com/index.html,grassmereanimalhospital.com,Veterinary Medicine & Animal Hospitals,"Nashville, TN, USA",Weave Target Vertical - Veterinary Medicine & Animal Hospitals,2026-09-06 21:43:46
Lakeside Animal Hospital,http://www.lakesidepetdoc.com,lakesidepetdoc.com,Veterinary Medicine & Animal Hospitals,"Nashville, TN, USA",Weave Target Vertical - Veterinary Medicine & Animal Hospitals,2026-09-06 21:43:46
City Pets Animal Care,https://citypetsanimalcare.com,citypetsanimalcare.com,Veterinary Medicine & Animal Hospitals,"Nashville, TN, USA",Weave Target Vertical - Veterinary Medicine & Animal Hospitals,2026-09-06 21:43:46
Hermitage Animal Clinic,https://hermitageanimalclinic.com,hermitageanimalclinic.com,Veterinary Medicine & Animal Hospitals,"Nashville, TN, USA",Weave Target Vertical - Veterinary Medicine & Animal Hospitals,2026-09-06 21:43:46
IndyVet Emergency & Specialty Hospital,http://www.indyvet.com,indyvet.com,Veterinary Medicine & Animal Hospitals,"Indianapolis, IN, USA",Weave Target Vertical - Veterinary Medicine & Animal Hospitals,2026-09-06 21:43:57
Noah's Animal Hospital & 24 HR Emergency Center,https://noahshospitals.com/central,noahshospitals.com,Veterinary Medicine & Animal Hospitals,"Indianapolis, IN, USA",Weave Target Vertical - Veterinary Medicine & Animal Hospitals,2026-09-06 21:43:57
Lafayette Road Veterinary Hospital,https://lafayetteroadveterinaryhospital.com,lafayetteroadveterinaryhospital.com,Veterinary Medicine & Animal Hospitals,"Indianapolis, IN, USA",Weave Target Vertical - Veterinary Medicine & Animal Hospitals,2026-09-06 21:43:57
Indianapolis Animal Urgent Care,http://www.iauc.vet,iauc.vet,Veterinary Medicine & Animal Hospitals,"Indianapolis, IN, USA",Weave Target Vertical - Veterinary Medicine & Animal Hospitals,2026-09-06 21:43:57
City Way Animal Clinics - Mass Ave,https://citywayanimalclinics.com/our-locations,citywayanimalclinics.com,Veterinary Medicine & Animal Hospitals,"Indianapolis, IN, USA",Weave Target Vertical - Veterinary Medicine & Animal Hospitals,2026-09-06 21:43:57
Broad Ripple Animal Clinic,http://bracpet.com,bracpet.com,Veterinary Medicine & Animal Hospitals,"Indianapolis, IN, USA",Weave Target Vertical - Veterinary Medicine & Animal Hospitals,2026-09-06 21:43:57
Airport Animal Emergi-Center,https://aaecindy.com,aaecindy.com,Veterinary Medicine & Animal Hospitals,"Indianapolis, IN, USA",Weave Target Vertical - Veterinary Medicine & Animal Hospitals,2026-09-06 21:43:57
West Michigan Street Veterinary Clinic,http://michiganstreetvet.com/hours,michiganstreetvet.com,Veterinary Medicine & Animal Hospitals,"Indianapolis, IN, USA",Weave Target Vertical - Veterinary Medicine & Animal Hospitals,2026-09-06 21:43:57
30th Street Animal Hospital,https://eastindyvet.com,eastindyvet.com,Veterinary Medicine & Animal Hospitals,"Indianapolis, IN, USA",Weave Target Vertical - Veterinary Medicine & Animal Hospitals,2026-09-06 21:43:57
Veterinary Specialty & Emergency Care West - Open 24 Hours,https://www.vsecindy.com/west,vsecindy.com,Veterinary Medicine & Animal Hospitals,"Indianapolis, IN, USA",Weave Target Vertical - Veterinary Medicine & Animal Hospitals,2026-09-06 21:43:57
Shelby Street Animal Clinic,https://www.shelbystreetanimalclinic.com,shelbystreetanimalclinic.com,Veterinary Medicine & Animal Hospitals,"Indianapolis, IN, USA",Weave Target Vertical - Veterinary Medicine & Animal Hospitals,2026-09-06 21:43:57
Rockville Road Animal Hospital,https://rockvilleroadanimal.com,rockvilleroadanimal.com,Veterinary Medicine & Animal Hospitals,"Indianapolis, IN, USA",Weave Target Vertical - Veterinary Medicine & Animal Hospitals,2026-09-06 21:43:57
The Downtown Veterinarian,https://downtownpetvet.com,downtownpetvet.com,Veterinary Medicine & Animal Hospitals,"Indianapolis, IN, USA",Weave Target Vertical - Veterinary Medicine & Animal Hospitals,2026-09-06 21:43:57
Brookville Road Animal Hospital,http://brookvilleroadvet.com,brookvilleroadvet.com,Veterinary Medicine & Animal Hospitals,"Indianapolis, IN, USA",Weave Target Vertical - Veterinary Medicine & Animal Hospitals,2026-09-06 21:43:57
Animal Medical Center,http://www.amcindy.com,amcindy.com,Veterinary Medicine & Animal Hospitals,"Indianapolis, IN, USA",Weave Target Vertical - Veterinary Medicine & Animal Hospitals,2026-09-06 21:43:57
Glasgo Memorial Veterinary Hospital,https://gvhindy.com,gvhindy.com,Veterinary Medicine & Animal Hospitals,"Indianapolis, IN, USA",Weave Target Vertical - Veterinary Medicine & Animal Hospitals,2026-09-06 21:43:57
West 56th St Vet Hospital,https://www.west56thstvet.com,west56thstvet.com,Veterinary Medicine & Animal Hospitals,"Indianapolis, IN, USA",Weave Target Vertical - Veterinary Medicine & Animal Hospitals,2026-09-06 21:43:57
PetVet365 Pet Hospital Indianapolis / Eagle Creek,https://www.petvet365.com/locations/eagle-creek,petvet365.com,Veterinary Medicine & Animal Hospitals,"Indianapolis, IN, USA",Weave Target Vertical - Veterinary Medicine & Animal Hospitals,2026-09-06 21:43:57
Eagle Creek Animal Clinic,https://eaglecreekvet.com,eaglecreekvet.com,Veterinary Medicine & Animal Hospitals,"Indianapolis, IN, USA",Weave Target Vertical - Veterinary Medicine & Animal Hospitals,2026-09-06 21:43:57
South Side Animal Hospital,http://southsideanimalhosp.com,southsideanimalhosp.com,Veterinary Medicine & Animal Hospitals,"Indianapolis, IN, USA",Weave Target Vertical - Veterinary Medicine & Animal Hospitals,2026-09-06 21:43:57
The Ohio State University Veterinary Medical Center,https://vmc.vet.osu.edu,vmc.vet.osu.edu,Veterinary Medicine & Animal Hospitals,"Columbus, OH, USA",Weave Target Vertical - Veterinary Medicine & Animal Hospitals,2026-09-06 21:44:10
Upper Arlington Veterinary Hospital,https://www.uavethospital.com,uavethospital.com,Veterinary Medicine & Animal Hospitals,"Columbus, OH, USA",Weave Target Vertical - Veterinary Medicine & Animal Hospitals,2026-09-06 21:44:10
Animal Medical Center of Gahanna,https://www.amcgahanna.com,amcgahanna.com,Veterinary Medicine & Animal Hospitals,"Columbus, OH, USA",Weave Target Vertical - Veterinary Medicine & Animal Hospitals,2026-09-06 21:44:10
Norton Road Veterinary Hospital,https://nortonroadvethospital.com,nortonroadvethospital.com,Veterinary Medicine & Animal Hospitals,"Columbus, OH, USA",Weave Target Vertical - Veterinary Medicine & Animal Hospitals,2026-09-06 21:44:10
German Village Veterinary Hospital,https://germanvillageveterinaryhospital.com,germanvillageveterinaryhospital.com,Veterinary Medicine & Animal Hospitals,"Columbus, OH, USA",Weave Target Vertical - Veterinary Medicine & Animal Hospitals,2026-09-06 21:44:10
Clintonville Animal Hospital,http://clintonvilleah.com,clintonvilleah.com,Veterinary Medicine & Animal Hospitals,"Columbus, OH, USA",Weave Target Vertical - Veterinary Medicine & Animal Hospitals,2026-09-06 21:44:10
East Columbus Veterinary Hospital,https://eastcolumbusvet.com,eastcolumbusvet.com,Veterinary Medicine & Animal Hospitals,"Columbus, OH, USA",Weave Target Vertical - Veterinary Medicine & Animal Hospitals,2026-09-06 21:44:10
THE Grove City Veterinary Hospital,https://grovecityvet.com,grovecityvet.com,Veterinary Medicine & Animal Hospitals,"Columbus, OH, USA",Weave Target Vertical - Veterinary Medicine & Animal Hospitals,2026-09-06 21:44:10
Easton Animal Hospital,http://www.eastonanimalhospital.com,eastonanimalhospital.com,Veterinary Medicine & Animal Hospitals,"Columbus, OH, USA",Weave Target Vertical - Veterinary Medicine & Animal Hospitals,2026-09-06 21:44:10
Knapp Veterinary Hospital Inc,http://www.knappvet.com,knappvet.com,Veterinary Medicine & Animal Hospitals,"Columbus, OH, USA",Weave Target Vertical - Veterinary Medicine & Animal Hospitals,2026-09-06 21:44:10
Gahanna Animal Hospital,http://gahannaanimalhospital.org,gahannaanimalhospital.org,Veterinary Medicine & Animal Hospitals,"Columbus, OH, USA",Weave Target Vertical - Veterinary Medicine & Animal Hospitals,2026-09-06 21:44:10
"Oakland Park Animal Hospital, LLC",https://www.oaklandparkanimalhospitalllc.com,oaklandparkanimalhospitalllc.com,Veterinary Medicine & Animal Hospitals,"Columbus, OH, USA",Weave Target Vertical - Veterinary Medicine & Animal Hospitals,2026-09-06 21:44:10
Glencoe Animal Hospital,https://www.glencoeanimals.com,glencoeanimals.com,Veterinary Medicine & Animal Hospitals,"Columbus, OH, USA",Weave Target Vertical - Veterinary Medicine & Animal Hospitals,2026-09-06 21:44:10
Whitehall Animal Hospital Inc,http://whitehallah.com,whitehallah.com,Veterinary Medicine & Animal Hospitals,"Columbus, OH, USA",Weave Target Vertical - Veterinary Medicine & Animal Hospitals,2026-09-06 21:44:10
Obetz Animal Hospital,http://www.obetzah.com,obetzah.com,Veterinary Medicine & Animal Hospitals,"Columbus, OH, USA",Weave Target Vertical - Veterinary Medicine & Animal Hospitals,2026-09-06 21:44:10
Animal Care Center at Cherry Way,http://acccw.com,acccw.com,Veterinary Medicine & Animal Hospitals,"Columbus, OH, USA",Weave Target Vertical - Veterinary Medicine & Animal Hospitals,2026-09-06 21:44:10
Georgesville Road Animal Hospital,https://grahvet.com,grahvet.com,Veterinary Medicine & Animal Hospitals,"Columbus, OH, USA",Weave Target Vertical - Veterinary Medicine & Animal Hospitals,2026-09-06 21:44:10
CityPets614 Animal Hospital,https://www.citypets614.com,citypets614.com,Veterinary Medicine & Animal Hospitals,"Columbus, OH, USA",Weave Target Vertical - Veterinary Medicine & Animal Hospitals,2026-09-06 21:44:10
Fifth & Kenny Animal Hospital,http://fifthandkenny.com,fifthandkenny.com,Veterinary Medicine & Animal Hospitals,"Columbus, OH, USA",Weave Target Vertical - Veterinary Medicine & Animal Hospitals,2026-09-06 21:44:10
Great Southern Animal Hospital,https://www.greatsouthernanimal.com,greatsouthernanimal.com,Veterinary Medicine & Animal Hospitals,"Columbus, OH, USA",Weave Target Vertical - Veterinary Medicine & Animal Hospitals,2026-09-06 21:44:10
West Park Animal Hospital,https://wpahcle.com/about-us/contact-us,wpahcle.com,Veterinary Medicine & Animal Hospitals,"Cleveland, OH, USA",Weave Target Vertical - Veterinary Medicine & Animal Hospitals,2026-09-06 21:44:22
Cleveland Veterinary Clinic,http://clevelandveterinaryclinic.com,clevelandveterinaryclinic.com,Veterinary Medicine & Animal Hospitals,"Cleveland, OH, USA",Weave Target Vertical - Veterinary Medicine & Animal Hospitals,2026-09-06 21:44:22
Animal Hospital-Fairview Park,http://animalhospitalfairview.com,animalhospitalfairview.com,Veterinary Medicine & Animal Hospitals,"Cleveland, OH, USA",Weave Target Vertical - Veterinary Medicine & Animal Hospitals,2026-09-06 21:44:22
Gateway Animal Clinic,http://gatewayanimalohio.com,gatewayanimalohio.com,Veterinary Medicine & Animal Hospitals,"Cleveland, OH, USA",Weave Target Vertical - Veterinary Medicine & Animal Hospitals,2026-09-06 21:44:22
Shaker Heights Animal Hospital,http://www.shakerheightsanimalhospital.com,shakerheightsanimalhospital.com,Veterinary Medicine & Animal Hospitals,"Cleveland, OH, USA",Weave Target Vertical - Veterinary Medicine & Animal Hospitals,2026-09-06 21:44:22
Suburban Veterinary Clinic,http://subvetclinic.net,subvetclinic.net,Veterinary Medicine & Animal Hospitals,"Cleveland, OH, USA",Weave Target Vertical - Veterinary Medicine & Animal Hospitals,2026-09-06 21:44:22
Tremont Animal Clinic,http://www.tremontanimalclinic.com,tremontanimalclinic.com,Veterinary Medicine & Animal Hospitals,"Cleveland, OH, USA",Weave Target Vertical - Veterinary Medicine & Animal Hospitals,2026-09-06 21:44:22
Oak Tree Veterinary Hospital,http://www.oaktreevet.net,oaktreevet.net,Veterinary Medicine & Animal Hospitals,"Cleveland, OH, USA",Weave Target Vertical - Veterinary Medicine & Animal Hospitals,2026-09-06 21:44:22
Warrensville Animal Hospital,https://warrensvilleanimalcenter.com,warrensvilleanimalcenter.com,Veterinary Medicine & Animal Hospitals,"Cleveland, OH, USA",Weave Target Vertical - Veterinary Medicine & Animal Hospitals,2026-09-06 21:44:22
Emerald Animal Hospital,http://www.emeraldanimalhospital.com,emeraldanimalhospital.com,Veterinary Medicine & Animal Hospitals,"Cleveland, OH, USA",Weave Target Vertical - Veterinary Medicine & Animal Hospitals,2026-09-06 21:44:22
Buckeye Animal Hospital,http://buckeyeanimalhospital.com,buckeyeanimalhospital.com,Veterinary Medicine & Animal Hospitals,"Cleveland, OH, USA",Weave Target Vertical - Veterinary Medicine & Animal Hospitals,2026-09-06 21:44:22
Shaker Square Animal Hospital,http://www.shakersquareanimalhospital.com,shakersquareanimalhospital.com,Veterinary Medicine & Animal Hospitals,"Cleveland, OH, USA",Weave Target Vertical - Veterinary Medicine & Animal Hospitals,2026-09-06 21:44:22
Roberts & Wendt Animal Hospital,http://robertandwendt.com,robertandwendt.com,Veterinary Medicine & Animal Hospitals,"Cleveland, OH, USA",Weave Target Vertical - Veterinary Medicine & Animal Hospitals,2026-09-06 21:44:22
Beachland Animal Hospital,https://beachlandanimal.top,beachlandanimal.top,Veterinary Medicine & Animal Hospitals,"Cleveland, OH, USA",Weave Target Vertical - Veterinary Medicine & Animal Hospitals,2026-09-06 21:44:22
Rocky River Animal Hospital,http://www.rockyriveranimalhospital.com,rockyriveranimalhospital.com,Veterinary Medicine & Animal Hospitals,"Cleveland, OH, USA",Weave Target Vertical - Veterinary Medicine & Animal Hospitals,2026-09-06 21:44:22
Lakeland Animal Clinic and Urgent Care,https://lakeland-animal-clinic.com,lakeland-animal-clinic.com,Veterinary Medicine & Animal Hospitals,"Cleveland, OH, USA",Weave Target Vertical - Veterinary Medicine & Animal Hospitals,2026-09-06 21:44:22
Belvoir Pet Hospital,https://belvoirpethospital.com,belvoirpethospital.com,Veterinary Medicine & Animal Hospitals,"Cleveland, OH, USA",Weave Target Vertical - Veterinary Medicine & Animal Hospitals,2026-09-06 21:44:22
Rainbow Veterinary Clinic,http://rainbowvet.com,rainbowvet.com,Veterinary Medicine & Animal Hospitals,"Cleveland, OH, USA",Weave Target Vertical - Veterinary Medicine & Animal Hospitals,2026-09-06 21:44:23
Green Road Animal Hospital,http://www.greenroadanimalhospital.com,greenroadanimalhospital.com,Veterinary Medicine & Animal Hospitals,"Cleveland, OH, USA",Weave Target Vertical - Veterinary Medicine & Animal Hospitals,2026-09-06 21:44:23
Cloverleaf Animal Hospital,http://cloverleafanimalhospital.com,cloverleafanimalhospital.com,Veterinary Medicine & Animal Hospitals,"Cleveland, OH, USA",Weave Target Vertical - Veterinary Medicine & Animal Hospitals,2026-09-06 21:44:23
Rainier Veterinary Hospital,http://www.rainiervet.com,rainiervet.com,Veterinary Medicine & Animal Hospitals,"Seattle, WA, USA",Weave Target Vertical - Veterinary Medicine & Animal Hospitals,2026-09-06 21:44:36
Madison Street Animal Hospital,https://madisonstreetanimalhospital.com,madisonstreetanimalhospital.com,Veterinary Medicine & Animal Hospitals,"Seattle, WA, USA",Weave Target Vertical - Veterinary Medicine & Animal Hospitals,2026-09-06 21:44:36
Mercer Street Veterinary Hospital,https://mercerstreetvet.com,mercerstreetvet.com,Veterinary Medicine & Animal Hospitals,"Seattle, WA, USA",Weave Target Vertical - Veterinary Medicine & Animal Hospitals,2026-09-06 21:44:36
Fremont Animal Hospital,https://fremontvets.com,fremontvets.com,Veterinary Medicine & Animal Hospitals,"Seattle, WA, USA",Weave Target Vertical - Veterinary Medicine & Animal Hospitals,2026-09-06 21:44:36
West Seattle Animal Hospital,http://westseattleanimal.com,westseattleanimal.com,Veterinary Medicine & Animal Hospitals,"Seattle, WA, USA",Weave Target Vertical - Veterinary Medicine & Animal Hospitals,2026-09-06 21:44:36
Elliott Bay Animal Hospital,http://www.elliottbayah.com,elliottbayah.com,Veterinary Medicine & Animal Hospitals,"Seattle, WA, USA",Weave Target Vertical - Veterinary Medicine & Animal Hospitals,2026-09-06 21:44:36
Emerald City Emergency Clinic,https://www.emeraldcity24hrvet.com,emeraldcity24hrvet.com,Veterinary Medicine & Animal Hospitals,"Seattle, WA, USA",Weave Target Vertical - Veterinary Medicine & Animal Hospitals,2026-09-06 21:44:36
Animal Hospital of Newport Hills,https://www.newporthillsvet.com,newporthillsvet.com,Veterinary Medicine & Animal Hospitals,"Seattle, WA, USA",Weave Target Vertical - Veterinary Medicine & Animal Hospitals,2026-09-06 21:44:36
Bellevue Veterinary Emergency & Specialty,https://www.bellevueveterspecialty.com,bellevueveterspecialty.com,Veterinary Medicine & Animal Hospitals,"Seattle, WA, USA",Weave Target Vertical - Veterinary Medicine & Animal Hospitals,2026-09-06 21:44:36
Aurora Veterinary Hospital,https://auroraveterinaryhospital.com,auroraveterinaryhospital.com,Veterinary Medicine & Animal Hospitals,"Seattle, WA, USA",Weave Target Vertical - Veterinary Medicine & Animal Hospitals,2026-09-06 21:44:36
Ballard Animal Hospital,https://www.ballardanimalhospital.com,ballardanimalhospital.com,Veterinary Medicine & Animal Hospitals,"Seattle, WA, USA",Weave Target Vertical - Veterinary Medicine & Animal Hospitals,2026-09-06 21:44:36
Urban Animal,https://urbananimalnw.com/locations/capitol-hill,urbananimalnw.com,Veterinary Medicine & Animal Hospitals,"Seattle, WA, USA",Weave Target Vertical - Veterinary Medicine & Animal Hospitals,2026-09-06 21:44:36
Madison Park Veterinary Hospital,https://madisonparkvet.com,madisonparkvet.com,Veterinary Medicine & Animal Hospitals,"Seattle, WA, USA",Weave Target Vertical - Veterinary Medicine & Animal Hospitals,2026-09-06 21:44:36
Jet City Animal Clinic,http://jetcityanimalclinic.com,jetcityanimalclinic.com,Veterinary Medicine & Animal Hospitals,"Seattle, WA, USA",Weave Target Vertical - Veterinary Medicine & Animal Hospitals,2026-09-06 21:44:36
Animal Hospital of Factoria,https://factoriavet.com,factoriavet.com,Veterinary Medicine & Animal Hospitals,"Seattle, WA, USA",Weave Target Vertical - Veterinary Medicine & Animal Hospitals,2026-09-06 21:44:36
Green Lake Animal Hospital,http://www.greenlakevet.com,greenlakevet.com,Veterinary Medicine & Animal Hospitals,"Seattle, WA, USA",Weave Target Vertical - Veterinary Medicine & Animal Hospitals,2026-09-06 21:44:36
Columbia City Veterinary Hospital,http://columbiacity.vet,columbiacity.vet,Veterinary Medicine & Animal Hospitals,"Seattle, WA, USA",Weave Target Vertical - Veterinary Medicine & Animal Hospitals,2026-09-06 21:44:36
Maple Leaf Veterinary Care Center,http://mapleleafvet.com,mapleleafvet.com,Veterinary Medicine & Animal Hospitals,"Seattle, WA, USA",Weave Target Vertical - Veterinary Medicine & Animal Hospitals,2026-09-06 21:44:36
Roosevelt Animal Hospital,https://rooseveltah.com,rooseveltah.com,Veterinary Medicine & Animal Hospitals,"Seattle, WA, USA",Weave Target Vertical - Veterinary Medicine & Animal Hospitals,2026-09-06 21:44:36
Atlantic Veterinary Hospital,https://atlanticvetseattle.com,atlanticvetseattle.com,Veterinary Medicine & Animal Hospitals,"Seattle, WA, USA",Weave Target Vertical - Veterinary Medicine & Animal Hospitals,2026-09-06 21:44:36
Northfield Veterinary Hospital,https://northfieldvethospital.com,northfieldvethospital.com,Veterinary Medicine & Animal Hospitals,"Denver, CO, USA",Weave Target Vertical - Veterinary Medicine & Animal Hospitals,2026-09-06 21:44:51
VRCC Veterinary Specialty and Emergency Hospital,https://vrcc.com,vrcc.com,Veterinary Medicine & Animal Hospitals,"Denver, CO, USA",Weave Target Vertical - Veterinary Medicine & Animal Hospitals,2026-09-06 21:44:52
Evolution Veterinary Specialty and Emergency Hospital,https://evolutionvet.com,evolutionvet.com,Veterinary Medicine & Animal Hospitals,"Denver, CO, USA",Weave Target Vertical - Veterinary Medicine & Animal Hospitals,2026-09-06 21:44:53
Downtown Animal Care Center,https://downtownanimalcarecenter.com,downtownanimalcarecenter.com,Veterinary Medicine & Animal Hospitals,"Denver, CO, USA",Weave Target Vertical - Veterinary Medicine & Animal Hospitals,2026-09-06 21:44:57
Exotic Pet Vets (Denver),https://theexoticpetvets.com,theexoticpetvets.com,Veterinary Medicine & Animal Hospitals,"Denver, CO, USA",Weave Target Vertical - Veterinary Medicine & Animal Hospitals,2026-09-06 21:44:58
Wheat Ridge Animal Hospital,https://wrah.com/wheat-ridge-co/emergency-vet,wrah.com,Veterinary Medicine & Animal Hospitals,"Denver, CO, USA",Weave Target Vertical - Veterinary Medicine & Animal Hospitals,2026-09-06 21:44:59
Lakewood Veterinary Hospital,https://lakewoodvet.com,lakewoodvet.com,Veterinary Medicine & Animal Hospitals,"Denver, CO, USA",Weave Target Vertical - Veterinary Medicine & Animal Hospitals,2026-09-06 21:45:00
West Denver Veterinary Hospital & Wellness,https://westdenverveterinary.com,westdenverveterinary.com,Veterinary Medicine & Animal Hospitals,"Denver, CO, USA",Weave Target Vertical - Veterinary Medicine & Animal Hospitals,2026-09-06 21:45:01
Mesa Veterinary Hospital,http://www.yourmesavet.com,yourmesavet.com,Veterinary Medicine & Animal Hospitals,"Denver, CO, USA",Weave Target Vertical - Veterinary Medicine & Animal Hospitals,2026-09-06 21:45:02
Care Animal Hospital,https://www.careanimal.com,careanimal.com,Veterinary Medicine & Animal Hospitals,"Denver, CO, USA",Weave Target Vertical - Veterinary Medicine & Animal Hospitals,2026-09-06 21:45:03
"Humane Colorado, formerly the Dumb Friends League - Veterinary Hospital at CSU Spur",https://humanecolorado.org/locations/veterinary-hospital-at-csu-spur,humanecolorado.org,Veterinary Medicine & Animal Hospitals,"Denver, CO, USA",Weave Target Vertical - Veterinary Medicine & Animal Hospitals,2026-09-06 21:45:05
Fox Hollow Animal Hospital,http://www.foxhollowvet.com,foxhollowvet.com,Veterinary Medicine & Animal Hospitals,"Denver, CO, USA",Weave Target Vertical - Veterinary Medicine & Animal Hospitals,2026-09-06 21:45:05
Animal Urgent Care,https://www.aucvet.com/locations/arvada,aucvet.com,Veterinary Medicine & Animal Hospitals,"Denver, CO, USA",Weave Target Vertical - Veterinary Medicine & Animal Hospitals,2026-09-06 21:45:06
Foothills Animal Hospital,https://foothillsanimalsco.com,foothillsanimalsco.com,Veterinary Medicine & Animal Hospitals,"Denver, CO, USA",Weave Target Vertical - Veterinary Medicine & Animal Hospitals,2026-09-06 21:45:10
Valley Veterinary Hospital Denver,https://valleyvetdenver.wixsite.com/mysite,valleyvetdenver.wixsite.com,Veterinary Medicine & Animal Hospitals,"Denver, CO, USA",Weave Target Vertical - Veterinary Medicine & Animal Hospitals,2026-09-06 21:45:11
Belcaro Animal Hospital,http://www.belcarovets.com,belcarovets.com,Veterinary Medicine & Animal Hospitals,"Denver, CO, USA",Weave Target Vertical - Veterinary Medicine & Animal Hospitals,2026-09-06 21:45:12
Evans East Animal Hospital,http://evanseastvet.com,evanseastvet.com,Veterinary Medicine & Animal Hospitals,"Denver, CO, USA",Weave Target Vertical - Veterinary Medicine & Animal Hospitals,2026-09-06 21:45:13
Montclair Animal Clinic,http://montclairanimalclinic.com,montclairanimalclinic.com,Veterinary Medicine & Animal Hospitals,"Denver, CO, USA",Weave Target Vertical - Veterinary Medicine & Animal Hospitals,2026-09-06 21:45:16
Wellshire Animal Hospital,https://wellshirevet.com,wellshirevet.com,Veterinary Medicine & Animal Hospitals,"Denver, CO, USA",Weave Target Vertical - Veterinary Medicine & Animal Hospitals,2026-09-06 21:45:16
Highlands Animal Clinic,http://highlandsanimalclinic.com,highlandsanimalclinic.com,Veterinary Medicine & Animal Hospitals,"Denver, CO, USA",Weave Target Vertical - Veterinary Medicine & Animal Hospitals,2026-09-06 21:45:25
Murray Animal Hospital and Exotics,http://mahutah.com,mahutah.com,Veterinary Medicine & Animal Hospitals,"Salt Lake City, UT, USA",Weave Target Vertical - Veterinary Medicine & Animal Hospitals,2026-09-06 21:45:37
University Veterinary Hospital & Diagnostic Center,https://www.universityvetslc.com,universityvetslc.com,Veterinary Medicine & Animal Hospitals,"Salt Lake City, UT, USA",Weave Target Vertical - Veterinary Medicine & Animal Hospitals,2026-09-06 21:45:37
Holladay Veterinary Hospital,https://www.holladayveterinaryhospital.com,holladayveterinaryhospital.com,Veterinary Medicine & Animal Hospitals,"Salt Lake City, UT, USA",Weave Target Vertical - Veterinary Medicine & Animal Hospitals,2026-09-06 21:45:37
Sugar House Veterinary Hospital,http://www.sugarhousevet.com,sugarhousevet.com,Veterinary Medicine & Animal Hospitals,"Salt Lake City, UT, USA",Weave Target Vertical - Veterinary Medicine & Animal Hospitals,2026-09-06 21:45:37
Lake City Veterinary Clinic,https://lakecityveterinaryclinic.com,lakecityveterinaryclinic.com,Veterinary Medicine & Animal Hospitals,"Salt Lake City, UT, USA",Weave Target Vertical - Veterinary Medicine & Animal Hospitals,2026-09-06 21:45:37
Highland Park Pet Hospital,https://highlandparkpethospital.com,highlandparkpethospital.com,Veterinary Medicine & Animal Hospitals,"Salt Lake City, UT, USA",Weave Target Vertical - Veterinary Medicine & Animal Hospitals,2026-09-06 21:45:37
Wilson Veterinary Hospital,https://www.wilsonveterinaryhospital.com,wilsonveterinaryhospital.com,Veterinary Medicine & Animal Hospitals,"Salt Lake City, UT, USA",Weave Target Vertical - Veterinary Medicine & Animal Hospitals,2026-09-06 21:45:37
Redwood Veterinary Hospital,https://www.utahredwoodvet.com,utahredwoodvet.com,Veterinary Medicine & Animal Hospitals,"Salt Lake City, UT, USA",Weave Target Vertical - Veterinary Medicine & Animal Hospitals,2026-09-06 21:45:37
Brickyard Animal Hospital,https://brickyardanimal.com,brickyardanimal.com,Veterinary Medicine & Animal Hospitals,"Salt Lake City, UT, USA",Weave Target Vertical - Veterinary Medicine & Animal Hospitals,2026-09-06 21:45:37
Hunter Animal Hospital,https://www.hunteranimalhospitalut.com,hunteranimalhospitalut.com,Veterinary Medicine & Animal Hospitals,"Salt Lake City, UT, USA",Weave Target Vertical - Veterinary Medicine & Animal Hospitals,2026-09-06 21:45:37
East Valley Veterinary Clinic,https://www.eastvalleyveterinaryclinic.com,eastvalleyveterinaryclinic.com,Veterinary Medicine & Animal Hospitals,"Salt Lake City, UT, USA",Weave Target Vertical - Veterinary Medicine & Animal Hospitals,2026-09-06 21:45:37
Millcreek Veterinary Clinic and Urgent Care,https://www.millcreekpetandurgentcare.com,millcreekpetandurgentcare.com,Veterinary Medicine & Animal Hospitals,"Salt Lake City, UT, USA",Weave Target Vertical - Veterinary Medicine & Animal Hospitals,2026-09-06 21:45:37
Wasatch Springs Animal Hospital,http://www.saltlakeveterinarian.com,saltlakeveterinarian.com,Veterinary Medicine & Animal Hospitals,"Salt Lake City, UT, USA",Weave Target Vertical - Veterinary Medicine & Animal Hospitals,2026-09-06 21:45:37
Wasatch Community Clinic,https://wccvet.com,wccvet.com,Veterinary Medicine & Animal Hospitals,"Salt Lake City, UT, USA",Weave Target Vertical - Veterinary Medicine & Animal Hospitals,2026-09-06 21:45:37
Millcreek Veterinary Clinic,http://millcreekveterinaryclinic.com,millcreekveterinaryclinic.com,Veterinary Medicine & Animal Hospitals,"Salt Lake City, UT, USA",Weave Target Vertical - Veterinary Medicine & Animal Hospitals,2026-09-06 21:45:37
Orchard Animal Clinic,http://orchardanimaloutreach.org/orchard-animal-clinic.html,orchardanimaloutreach.org,Veterinary Medicine & Animal Hospitals,"Salt Lake City, UT, USA",Weave Target Vertical - Veterinary Medicine & Animal Hospitals,2026-09-06 21:45:37
Olympus Cove Veterinary Clinic,http://www.olympuscovevet.com,olympuscovevet.com,Veterinary Medicine & Animal Hospitals,"Salt Lake City, UT, USA",Weave Target Vertical - Veterinary Medicine & Animal Hospitals,2026-09-06 21:45:37
Avenues Pet Clinic,http://avenuespetclinicslc.com,avenuespetclinicslc.com,Veterinary Medicine & Animal Hospitals,"Salt Lake City, UT, USA",Weave Target Vertical - Veterinary Medicine & Animal Hospitals,2026-09-06 21:45:37
Livewell Animal Hospital of Canyon Rim,http://livewellanimalcanyonrim.com,livewellanimalcanyonrim.com,Veterinary Medicine & Animal Hospitals,"Salt Lake City, UT, USA",Weave Target Vertical - Veterinary Medicine & Animal Hospitals,2026-09-06 21:45:37
Pet Stop Veterinary Clinic,http://petstopvet.com,petstopvet.com,Veterinary Medicine & Animal Hospitals,"Salt Lake City, UT, USA",Weave Target Vertical - Veterinary Medicine & Animal Hospitals,2026-09-06 21:45:37
Tropicana Animal Hospital,http://www.tropicanaanimalhospital.com,tropicanaanimalhospital.com,Veterinary Medicine & Animal Hospitals,"Las Vegas, NV, USA",Weave Target Vertical - Veterinary Medicine & Animal Hospitals,2026-09-06 21:45:49
Green Valley Animal Hospital,http://greenvalleyveterinarians.com,greenvalleyveterinarians.com,Veterinary Medicine & Animal Hospitals,"Las Vegas, NV, USA",Weave Target Vertical - Veterinary Medicine & Animal Hospitals,2026-09-06 21:45:49
Camino al Norte Animal Hospital,http://www.caminoalnortevet.com,caminoalnortevet.com,Veterinary Medicine & Animal Hospitals,"Las Vegas, NV, USA",Weave Target Vertical - Veterinary Medicine & Animal Hospitals,2026-09-06 21:45:49
Las Vegas Veterinary Specialty Center,https://lvvetspecialtyer.com/las-vegas-nv/tropicana-durango-specialty,lvvetspecialtyer.com,Veterinary Medicine & Animal Hospitals,"Las Vegas, NV, USA",Weave Target Vertical - Veterinary Medicine & Animal Hospitals,2026-09-06 21:45:49
Rainbow Animal Hospital,https://www.rainbowanimalhospital.com,rainbowanimalhospital.com,Veterinary Medicine & Animal Hospitals,"Las Vegas, NV, USA",Weave Target Vertical - Veterinary Medicine & Animal Hospitals,2026-09-06 21:45:49
Lone Mountain Animal Hospital,https://www.lonemountainanimalhospital.com,lonemountainanimalhospital.com,Veterinary Medicine & Animal Hospitals,"Las Vegas, NV, USA",Weave Target Vertical - Veterinary Medicine & Animal Hospitals,2026-09-06 21:45:49
West Flamingo Animal Hospital,http://www.westflamingo.com,westflamingo.com,Veterinary Medicine & Animal Hospitals,"Las Vegas, NV, USA",Weave Target Vertical - Veterinary Medicine & Animal Hospitals,2026-09-06 21:45:49
South Shores Animal Hospital,http://southshoresah.com,southshoresah.com,Veterinary Medicine & Animal Hospitals,"Las Vegas, NV, USA",Weave Target Vertical - Veterinary Medicine & Animal Hospitals,2026-09-06 21:45:49
Ann Road Animal Hospital,http://www.annroadah.com,annroadah.com,Veterinary Medicine & Animal Hospitals,"Las Vegas, NV, USA",Weave Target Vertical - Veterinary Medicine & Animal Hospitals,2026-09-06 21:45:49
Animal Kindness Veterinary Hospital,https://www.animalkindnessvet.net,animalkindnessvet.net,Veterinary Medicine & Animal Hospitals,"Las Vegas, NV, USA",Weave Target Vertical - Veterinary Medicine & Animal Hospitals,2026-09-06 21:45:49
Hearts Alive Village Animal Clinic,http://www.heartsalivevillage.org,heartsalivevillage.org,Veterinary Medicine & Animal Hospitals,"Las Vegas, NV, USA",Weave Target Vertical - Veterinary Medicine & Animal Hospitals,2026-09-06 21:45:49
Doc Mo's Kindred Spirits Animal Hospital,http://kindredspiritsanimalhospital.com,kindredspiritsanimalhospital.com,Veterinary Medicine & Animal Hospitals,"Las Vegas, NV, USA",Weave Target Vertical - Veterinary Medicine & Animal Hospitals,2026-09-06 21:45:49
Craig Road Animal Hospital,http://www.craigrd.com,craigrd.com,Veterinary Medicine & Animal Hospitals,"Las Vegas, NV, USA",Weave Target Vertical - Veterinary Medicine & Animal Hospitals,2026-09-06 21:45:49
West Russell Animal Hospital,https://westrussellah.com,westrussellah.com,Veterinary Medicine & Animal Hospitals,"Las Vegas, NV, USA",Weave Target Vertical - Veterinary Medicine & Animal Hospitals,2026-09-06 21:45:49
Durango Animal Hospital,https://durangoanimalhospital.com,durangoanimalhospital.com,Veterinary Medicine & Animal Hospitals,"Las Vegas, NV, USA",Weave Target Vertical - Veterinary Medicine & Animal Hospitals,2026-09-06 21:45:49
Sahara Pines Animal Hospital,https://www.saharapinesah.com,saharapinesah.com,Veterinary Medicine & Animal Hospitals,"Las Vegas, NV, USA",Weave Target Vertical - Veterinary Medicine & Animal Hospitals,2026-09-06 21:45:49
Boca Park Animal Hospital,https://www.bocaparkanimalhospital.com,bocaparkanimalhospital.com,Veterinary Medicine & Animal Hospitals,"Las Vegas, NV, USA",Weave Target Vertical - Veterinary Medicine & Animal Hospitals,2026-09-06 21:45:49
Animal Emergency Center of Las Vegas and Henderson (AEC),https://lvaec.net,lvaec.net,Veterinary Medicine & Animal Hospitals,"Las Vegas, NV, USA",Weave Target Vertical - Veterinary Medicine & Animal Hospitals,2026-09-06 21:45:49
Creature Comforts Animal Hospital,http://nwlasvegasvets.com,nwlasvegasvets.com,Veterinary Medicine & Animal Hospitals,"Las Vegas, NV, USA",Weave Target Vertical - Veterinary Medicine & Animal Hospitals,2026-09-06 21:45:49
Dewey Veterinary Medical Center,http://www.dvmcvet.vetsuite.com,dvmcvet.vetsuite.com,Veterinary Medicine & Animal Hospitals,"Las Vegas, NV, USA",Weave Target Vertical - Veterinary Medicine & Animal Hospitals,2026-09-06 21:45:49
Heart and Soul Animal Urgent Care,https://pdxheartandsoul.com,pdxheartandsoul.com,Veterinary Medicine & Animal Hospitals,"Portland, OR, USA",Weave Target Vertical - Veterinary Medicine & Animal Hospitals,2026-09-06 21:46:02
DoveLewis 24/7 Veterinary Emergency Hospital,http://dovelewis.org,dovelewis.org,Veterinary Medicine & Animal Hospitals,"Portland, OR, USA",Weave Target Vertical - Veterinary Medicine & Animal Hospitals,2026-09-06 21:46:02
Sadie Veterinary Urgent Care,https://www.sadievetpdx.com,sadievetpdx.com,Veterinary Medicine & Animal Hospitals,"Portland, OR, USA",Weave Target Vertical - Veterinary Medicine & Animal Hospitals,2026-09-06 21:46:02
Nimbus Pet Hospital,http://nimbuspet.com,nimbuspet.com,Veterinary Medicine & Animal Hospitals,"Portland, OR, USA",Weave Target Vertical - Veterinary Medicine & Animal Hospitals,2026-09-06 21:46:02
Hannah Pet Hospital and 24/7 Emergency Vet Clinic,https://hannahpethospital.com,hannahpethospital.com,Veterinary Medicine & Animal Hospitals,"Portland, OR, USA",Weave Target Vertical - Veterinary Medicine & Animal Hospitals,2026-09-06 21:46:02
Oregon Humane Community Veterinary Hospital,https://www.oregonhumane.org/care,oregonhumane.org,Veterinary Medicine & Animal Hospitals,"Portland, OR, USA",Weave Target Vertical - Veterinary Medicine & Animal Hospitals,2026-09-06 21:46:02
Rose City Veterinary Hospital,https://rosecityvet.com,rosecityvet.com,Veterinary Medicine & Animal Hospitals,"Portland, OR, USA",Weave Target Vertical - Veterinary Medicine & Animal Hospitals,2026-09-06 21:46:02
Tanasbourne Veterinary Emergency,http://www.tanasbourneveter.com,tanasbourneveter.com,Veterinary Medicine & Animal Hospitals,"Portland, OR, USA",Weave Target Vertical - Veterinary Medicine & Animal Hospitals,2026-09-06 21:46:02
Brooklyn Yard Veterinary Hospital,https://www.brooklynyardvet.com,brooklynyardvet.com,Veterinary Medicine & Animal Hospitals,"Portland, OR, USA",Weave Target Vertical - Veterinary Medicine & Animal Hospitals,2026-09-06 21:46:02
Cedar Mill Veterinary Hospital,https://cedarmillvet.com,cedarmillvet.com,Veterinary Medicine & Animal Hospitals,"Portland, OR, USA",Weave Target Vertical - Veterinary Medicine & Animal Hospitals,2026-09-06 21:46:02
Cascade Veterinary Referral Center,https://cascadevrc.com,cascadevrc.com,Veterinary Medicine & Animal Hospitals,"Portland, OR, USA",Weave Target Vertical - Veterinary Medicine & Animal Hospitals,2026-09-06 21:46:02
Gateway Veterinary Hospital,https://www.gatewayveterinary.com,gatewayveterinary.com,Veterinary Medicine & Animal Hospitals,"Portland, OR, USA",Weave Target Vertical - Veterinary Medicine & Animal Hospitals,2026-09-06 21:46:02
Roseway Veterinary Hospital,https://rosewayvet.com,rosewayvet.com,Veterinary Medicine & Animal Hospitals,"Portland, OR, USA",Weave Target Vertical - Veterinary Medicine & Animal Hospitals,2026-09-06 21:46:02
Pacific Veterinary Hospital,http://www.pacificveterinaryhospital.com,pacificveterinaryhospital.com,Veterinary Medicine & Animal Hospitals,"Portland, OR, USA",Weave Target Vertical - Veterinary Medicine & Animal Hospitals,2026-09-06 21:46:02
Bethany Family Pet Clinic,https://bethanyfamilypetclinic.com,bethanyfamilypetclinic.com,Veterinary Medicine & Animal Hospitals,"Portland, OR, USA",Weave Target Vertical - Veterinary Medicine & Animal Hospitals,2026-09-06 21:46:02
Oswego Veterinary Hospital,https://oswegovet.com,oswegovet.com,Veterinary Medicine & Animal Hospitals,"Portland, OR, USA",Weave Target Vertical - Veterinary Medicine & Animal Hospitals,2026-09-06 21:46:02
Portland Animal Clinic,http://www.portlandanimalclinic.com,portlandanimalclinic.com,Veterinary Medicine & Animal Hospitals,"Portland, OR, USA",Weave Target Vertical - Veterinary Medicine & Animal Hospitals,2026-09-06 21:46:02
North Beaverton Pet Hospital,https://northbeavertonpet.com,northbeavertonpet.com,Veterinary Medicine & Animal Hospitals,"Portland, OR, USA",Weave Target Vertical - Veterinary Medicine & Animal Hospitals,2026-09-06 21:46:02
Town and Country Animal Hospital,https://www.townncountryvet.com,townncountryvet.com,Veterinary Medicine & Animal Hospitals,"Portland, OR, USA",Weave Target Vertical - Veterinary Medicine & Animal Hospitals,2026-09-06 21:46:02
Grateful Heart Veterinary Hospital,https://gratefulheartvethospital.com/about-us,gratefulheartvethospital.com,Veterinary Medicine & Animal Hospitals,"Portland, OR, USA",Weave Target Vertical - Veterinary Medicine & Animal Hospitals,2026-09-06 21:46:02
Angell Animal Medical Center,https://www.mspca.org,mspca.org,Veterinary Medicine & Animal Hospitals,"Boston, MA, USA",Weave Target Vertical - Veterinary Medicine & Animal Hospitals,2026-09-06 21:46:13
Boston Animal Hospital,http://www.bostonanimalhosp.com,bostonanimalhosp.com,Veterinary Medicine & Animal Hospitals,"Boston, MA, USA",Weave Target Vertical - Veterinary Medicine & Animal Hospitals,2026-09-06 21:46:13
Jamaica Plain Animal Clinic,https://www.jpanimalclinic.com,jpanimalclinic.com,Veterinary Medicine & Animal Hospitals,"Boston, MA, USA",Weave Target Vertical - Veterinary Medicine & Animal Hospitals,2026-09-06 21:46:13
East Boston Animal Hospital,https://eastbostonvet.com,eastbostonvet.com,Veterinary Medicine & Animal Hospitals,"Boston, MA, USA",Weave Target Vertical - Veterinary Medicine & Animal Hospitals,2026-09-06 21:46:13
Huron Veterinary Hospital,http://huronvethospital.com,huronvethospital.com,Veterinary Medicine & Animal Hospitals,"Boston, MA, USA",Weave Target Vertical - Veterinary Medicine & Animal Hospitals,2026-09-06 21:46:13
Boston Veterinary Clinic,https://www.bostonveterinary.com/locations/charlestown,bostonveterinary.com,Veterinary Medicine & Animal Hospitals,"Boston, MA, USA",Weave Target Vertical - Veterinary Medicine & Animal Hospitals,2026-09-06 21:46:13
Back Bay Veterinary Clinic,https://www.backbayvet.com,backbayvet.com,Veterinary Medicine & Animal Hospitals,"Boston, MA, USA",Weave Target Vertical - Veterinary Medicine & Animal Hospitals,2026-09-06 21:46:13
Watertown Animal Hospital,http://www.watertownanimalhospitalma.com,watertownanimalhospitalma.com,Veterinary Medicine & Animal Hospitals,"Boston, MA, USA",Weave Target Vertical - Veterinary Medicine & Animal Hospitals,2026-09-06 21:46:13
Neponset Pet Center & Animal Hospital,http://callananveterinarygroup.com/neponset-animal-hospital,callananveterinarygroup.com,Veterinary Medicine & Animal Hospitals,"Boston, MA, USA",Weave Target Vertical - Veterinary Medicine & Animal Hospitals,2026-09-06 21:46:13
Charlestown Veterinary Hospital,https://charlestown-vets.com,charlestown-vets.com,Veterinary Medicine & Animal Hospitals,"Boston, MA, USA",Weave Target Vertical - Veterinary Medicine & Animal Hospitals,2026-09-06 21:46:13
The Pet's Vet North End,http://www.petsvetboston.com,petsvetboston.com,Veterinary Medicine & Animal Hospitals,"Boston, MA, USA",Weave Target Vertical - Veterinary Medicine & Animal Hospitals,2026-09-06 21:46:13
Parkway Veterinary Hospital,http://parkwayvethospital.com,parkwayvethospital.com,Veterinary Medicine & Animal Hospitals,"Boston, MA, USA",Weave Target Vertical - Veterinary Medicine & Animal Hospitals,2026-09-06 21:46:13
Hancock Animal Hospital,https://hancockanimal.com,hancockanimal.com,Veterinary Medicine & Animal Hospitals,"Boston, MA, USA",Weave Target Vertical - Veterinary Medicine & Animal Hospitals,2026-09-06 21:46:13
"Merwin Memorial Free Clinic For Animals, Inc",http://merwinclinic.org,merwinclinic.org,Veterinary Medicine & Animal Hospitals,"Boston, MA, USA",Weave Target Vertical - Veterinary Medicine & Animal Hospitals,2026-09-06 21:46:13
Somerville Veterinary Center,http://unionsquarevet.com,unionsquarevet.com,Veterinary Medicine & Animal Hospitals,"Boston, MA, USA",Weave Target Vertical - Veterinary Medicine & Animal Hospitals,2026-09-06 21:46:13
Charles Street Animal Clinic,http://southbayveterinary.com,southbayveterinary.com,Veterinary Medicine & Animal Hospitals,"Boston, MA, USA",Weave Target Vertical - Veterinary Medicine & Animal Hospitals,2026-09-06 21:46:13
Kindness Animal Hospital,http://www.kindnessanimalvet.com,kindnessanimalvet.com,Veterinary Medicine & Animal Hospitals,"Boston, MA, USA",Weave Target Vertical - Veterinary Medicine & Animal Hospitals,2026-09-06 21:46:13
Small Door Veterinary - Brookline,https://www.smalldoorvet.com/locations/boston/brookline,smalldoorvet.com,Veterinary Medicine & Animal Hospitals,"Boston, MA, USA",Weave Target Vertical - Veterinary Medicine & Animal Hospitals,2026-09-06 21:46:13
Fresh Pond Animal Hospital,http://freshpondanimalhospital.com,freshpondanimalhospital.com,Veterinary Medicine & Animal Hospitals,"Boston, MA, USA",Weave Target Vertical - Veterinary Medicine & Animal Hospitals,2026-09-06 21:46:13
Emmerson Animal Hospital,http://www.emmersonanimalhospital.com,emmersonanimalhospital.com,Veterinary Medicine & Animal Hospitals,"Boston, MA, USA",Weave Target Vertical - Veterinary Medicine & Animal Hospitals,2026-09-06 21:46:13
Dix Animal Hospital,https://dixah.com,dixah.com,Veterinary Medicine & Animal Hospitals,"Detroit, MI, USA",Weave Target Vertical - Veterinary Medicine & Animal Hospitals,2026-09-06 21:46:24
Animal Hospital of Windsor,http://www.animalhospitalofwindsor.ca,animalhospitalofwindsor.ca,Veterinary Medicine & Animal Hospitals,"Detroit, MI, USA",Weave Target Vertical - Veterinary Medicine & Animal Hospitals,2026-09-06 21:46:24
Affiliated Veterinary Emergency Service,https://affiliatedvet.com,affiliatedvet.com,Veterinary Medicine & Animal Hospitals,"Detroit, MI, USA",Weave Target Vertical - Veterinary Medicine & Animal Hospitals,2026-09-06 21:46:24
Walker Road Animal Hospital,https://www.walkerroadanimalhospital.com,walkerroadanimalhospital.com,Veterinary Medicine & Animal Hospitals,"Detroit, MI, USA",Weave Target Vertical - Veterinary Medicine & Animal Hospitals,2026-09-06 21:46:24
Lauzon Veterinary Hospital,https://www.lauzonvet.ca,lauzonvet.ca,Veterinary Medicine & Animal Hospitals,"Detroit, MI, USA",Weave Target Vertical - Veterinary Medicine & Animal Hospitals,2026-09-06 21:46:24
Downtown Veterinary Hospital,http://www.downtownvet.net,downtownvet.net,Veterinary Medicine & Animal Hospitals,"Detroit, MI, USA",Weave Target Vertical - Veterinary Medicine & Animal Hospitals,2026-09-06 21:46:24
Forest Glade Animal Hospital,http://forestgladeanimalhospital.com,forestgladeanimalhospital.com,Veterinary Medicine & Animal Hospitals,"Detroit, MI, USA",Weave Target Vertical - Veterinary Medicine & Animal Hospitals,2026-09-06 21:46:24
Platz Animal Hospital,http://www.platzanimalhospital.com,platzanimalhospital.com,Veterinary Medicine & Animal Hospitals,"Detroit, MI, USA",Weave Target Vertical - Veterinary Medicine & Animal Hospitals,2026-09-06 21:46:24
Huron Church Animal Hospital,https://www.huronchurchvet.ca,huronchurchvet.ca,Veterinary Medicine & Animal Hospitals,"Detroit, MI, USA",Weave Target Vertical - Veterinary Medicine & Animal Hospitals,2026-09-06 21:46:24
Northwest Animal Hospital,https://rymaps.xyz/business/northwest-animal-clinic-fl31e8,rymaps.xyz,Veterinary Medicine & Animal Hospitals,"Detroit, MI, USA",Weave Target Vertical - Veterinary Medicine & Animal Hospitals,2026-09-06 21:46:24
Patterson Dog and Cat Hospital,http://www.pattersondogandcat.com,pattersondogandcat.com,Veterinary Medicine & Animal Hospitals,"Detroit, MI, USA",Weave Target Vertical - Veterinary Medicine & Animal Hospitals,2026-09-06 21:46:25
Michigan Humane Veterinary Center,https://www.michiganhumane.org/detroit-veterinary-clinic,michiganhumane.org,Veterinary Medicine & Animal Hospitals,"Detroit, MI, USA",Weave Target Vertical - Veterinary Medicine & Animal Hospitals,2026-09-06 21:46:25
Branton Animal Hospital,https://brantonanimalhospital.evetsites.net,brantonanimalhospital.evetsites.net,Veterinary Medicine & Animal Hospitals,"Detroit, MI, USA",Weave Target Vertical - Veterinary Medicine & Animal Hospitals,2026-09-06 21:46:25
Hurley Dog and Cat Hospital,http://www.hurleydogandcathospital.com,hurleydogandcathospital.com,Veterinary Medicine & Animal Hospitals,"Detroit, MI, USA",Weave Target Vertical - Veterinary Medicine & Animal Hospitals,2026-09-06 21:46:25
South Windsor Animal Hospital,https://www.southwindsoranimalhospital.ca/en-ca,southwindsoranimalhospital.ca,Veterinary Medicine & Animal Hospitals,"Detroit, MI, USA",Weave Target Vertical - Veterinary Medicine & Animal Hospitals,2026-09-06 21:46:25
Clearwater Animal Hospital,https://windsorvets.com,windsorvets.com,Veterinary Medicine & Animal Hospitals,"Detroit, MI, USA",Weave Target Vertical - Veterinary Medicine & Animal Hospitals,2026-09-06 21:46:26
Tecumseh Animal Hospital,http://tecumsehanimalhospital.com,tecumsehanimalhospital.com,Veterinary Medicine & Animal Hospitals,"Detroit, MI, USA",Weave Target Vertical - Veterinary Medicine & Animal Hospitals,2026-09-06 21:46:26
Brack Animal Hospital,https://www.brackanimalhospital.ca,brackanimalhospital.ca,Veterinary Medicine & Animal Hospitals,"Detroit, MI, USA",Weave Target Vertical - Veterinary Medicine & Animal Hospitals,2026-09-06 21:46:26
Jefferson Veterinary Center,http://www.jeffersonvet.com,jeffersonvet.com,Veterinary Medicine & Animal Hospitals,"Detroit, MI, USA",Weave Target Vertical - Veterinary Medicine & Animal Hospitals,2026-09-06 21:46:26
LaSalle Animal Hospital,https://lasallevets.com,lasallevets.com,Veterinary Medicine & Animal Hospitals,"Detroit, MI, USA",Weave Target Vertical - Veterinary Medicine & Animal Hospitals,2026-09-06 21:46:26
Small Animal Hospital,https://www.vmc.umn.edu,vmc.umn.edu,Veterinary Medicine & Animal Hospitals,"Minneapolis, MN, USA",Weave Target Vertical - Veterinary Medicine & Animal Hospitals,2026-09-06 21:46:36
Como Park Animal Hospital 24 Hour Care,http://comoparkanimalhospital.com,comoparkanimalhospital.com,Veterinary Medicine & Animal Hospitals,"Minneapolis, MN, USA",Weave Target Vertical - Veterinary Medicine & Animal Hospitals,2026-09-06 21:46:36
Allied Veterinary Emergency & Referral,https://www.alliedervet.com/locations/minneapolis,alliedervet.com,Veterinary Medicine & Animal Hospitals,"Minneapolis, MN, USA",Weave Target Vertical - Veterinary Medicine & Animal Hospitals,2026-09-06 21:46:37
Animal Emergency & Referral Center of Minnesota (AERC),https://aercmn.com,aercmn.com,Veterinary Medicine & Animal Hospitals,"Minneapolis, MN, USA",Weave Target Vertical - Veterinary Medicine & Animal Hospitals,2026-09-06 21:46:37
Vet Partners Minneapolis,https://myvetpartners.com/minneapolis-home,myvetpartners.com,Veterinary Medicine & Animal Hospitals,"Minneapolis, MN, USA",Weave Target Vertical - Veterinary Medicine & Animal Hospitals,2026-09-06 21:46:37
Lyndale Animal Hospital,http://www.lyndaleanimalhospital.com,lyndaleanimalhospital.com,Veterinary Medicine & Animal Hospitals,"Minneapolis, MN, USA",Weave Target Vertical - Veterinary Medicine & Animal Hospitals,2026-09-06 21:46:37
Golden Valley Animal Hospital,http://www.goldenvalleyanimalhospital.com,goldenvalleyanimalhospital.com,Veterinary Medicine & Animal Hospitals,"Minneapolis, MN, USA",Weave Target Vertical - Veterinary Medicine & Animal Hospitals,2026-09-06 21:46:37
Camden Pet Hospital,http://camdenpet.com,camdenpet.com,Veterinary Medicine & Animal Hospitals,"Minneapolis, MN, USA",Weave Target Vertical - Veterinary Medicine & Animal Hospitals,2026-09-06 21:46:37
Plymouth Heights Pet Hospital,https://www.phph.net,phph.net,Veterinary Medicine & Animal Hospitals,"Minneapolis, MN, USA",Weave Target Vertical - Veterinary Medicine & Animal Hospitals,2026-09-06 21:46:37
St. Paul Pet Hospital,https://stpaulpet.com,stpaulpet.com,Veterinary Medicine & Animal Hospitals,"Minneapolis, MN, USA",Weave Target Vertical - Veterinary Medicine & Animal Hospitals,2026-09-06 21:46:37
Pet Central Animal Hospital,http://www.petcentralanimalhospital.com,petcentralanimalhospital.com,Veterinary Medicine & Animal Hospitals,"Minneapolis, MN, USA",Weave Target Vertical - Veterinary Medicine & Animal Hospitals,2026-09-06 21:46:37
Blue Cross Animal Hospital,https://bluecrossanimal.com,bluecrossanimal.com,Veterinary Medicine & Animal Hospitals,"Minneapolis, MN, USA",Weave Target Vertical - Veterinary Medicine & Animal Hospitals,2026-09-06 21:46:37
MetroPet Animal Hospital,https://metropetmn.com,metropetmn.com,Veterinary Medicine & Animal Hospitals,"Minneapolis, MN, USA",Weave Target Vertical - Veterinary Medicine & Animal Hospitals,2026-09-06 21:46:37
Minnehaha Animal Hospital,http://www.minnehahaanimalhospital.com,minnehahaanimalhospital.com,Veterinary Medicine & Animal Hospitals,"Minneapolis, MN, USA",Weave Target Vertical - Veterinary Medicine & Animal Hospitals,2026-09-06 21:46:37
Lake Harriet Veterinary,http://www.lakeharrietvet.com,lakeharrietvet.com,Veterinary Medicine & Animal Hospitals,"Minneapolis, MN, USA",Weave Target Vertical - Veterinary Medicine & Animal Hospitals,2026-09-06 21:46:37
Arden Shoreview Animal Hospital,https://ardenshoreviewanimalhospital.com,ardenshoreviewanimalhospital.com,Veterinary Medicine & Animal Hospitals,"Minneapolis, MN, USA",Weave Target Vertical - Veterinary Medicine & Animal Hospitals,2026-09-06 21:46:37
New Hope Animal Hospital,https://newhopeanimalhospital.com,newhopeanimalhospital.com,Veterinary Medicine & Animal Hospitals,"Minneapolis, MN, USA",Weave Target Vertical - Veterinary Medicine & Animal Hospitals,2026-09-06 21:46:37
Midway Animal Hospital,http://www.midwayanimalhospital.com,midwayanimalhospital.com,Veterinary Medicine & Animal Hospitals,"Minneapolis, MN, USA",Weave Target Vertical - Veterinary Medicine & Animal Hospitals,2026-09-06 21:46:37
Bass Lake Pet Hospital,https://basslakepethospital.com,basslakepethospital.com,Veterinary Medicine & Animal Hospitals,"Minneapolis, MN, USA",Weave Target Vertical - Veterinary Medicine & Animal Hospitals,2026-09-06 21:46:37
Rice Pet Clinic & Hospital,https://ricepetclinic.com,ricepetclinic.com,Veterinary Medicine & Animal Hospitals,"Minneapolis, MN, USA",Weave Target Vertical - Veterinary Medicine & Animal Hospitals,2026-09-06 21:46:37
Mission Veterinary Emergency & Specialty,https://www.missionveterinaryspecialists.com,missionveterinaryspecialists.com,Veterinary Medicine & Animal Hospitals,"Kansas City, MO, USA",Weave Target Vertical - Veterinary Medicine & Animal Hospitals,2026-09-06 21:46:49
Union Hill Animal Hospital,http://uhanimalhospital.com,uhanimalhospital.com,Veterinary Medicine & Animal Hospitals,"Kansas City, MO, USA",Weave Target Vertical - Veterinary Medicine & Animal Hospitals,2026-09-06 21:46:49
Coronado Animal Hospital,https://coronadoanimalhospital.com,coronadoanimalhospital.com,Veterinary Medicine & Animal Hospitals,"Kansas City, MO, USA",Weave Target Vertical - Veterinary Medicine & Animal Hospitals,2026-09-06 21:46:49
CareVet of Bethel,https://www.carevet.com/bethel,carevet.com,Veterinary Medicine & Animal Hospitals,"Kansas City, MO, USA",Weave Target Vertical - Veterinary Medicine & Animal Hospitals,2026-09-06 21:46:49
Three Trails Animal Hospital,http://www.threetrailsah.com,threetrailsah.com,Veterinary Medicine & Animal Hospitals,"Kansas City, MO, USA",Weave Target Vertical - Veterinary Medicine & Animal Hospitals,2026-09-06 21:46:49
Independence Animal Hospital,http://independenceanimalhospital.vet,independenceanimalhospital.vet,Veterinary Medicine & Animal Hospitals,"Kansas City, MO, USA",Weave Target Vertical - Veterinary Medicine & Animal Hospitals,2026-09-06 21:46:49
Westwood Animal Hospital,http://www.westwoodanimalhospital.com,westwoodanimalhospital.com,Veterinary Medicine & Animal Hospitals,"Kansas City, MO, USA",Weave Target Vertical - Veterinary Medicine & Animal Hospitals,2026-09-06 21:46:49
Family Pet Hospital Of Shawnee,http://www.familypethospitalofshawnee.com,familypethospitalofshawnee.com,Veterinary Medicine & Animal Hospitals,"Kansas City, MO, USA",Weave Target Vertical - Veterinary Medicine & Animal Hospitals,2026-09-06 21:46:49
Mill Creek Animal Hospital,http://millcreekah.com,millcreekah.com,Veterinary Medicine & Animal Hospitals,"Kansas City, MO, USA",Weave Target Vertical - Veterinary Medicine & Animal Hospitals,2026-09-06 21:46:49
Rockhill Pet Clinic,http://www.rockhillpetclinic.com,rockhillpetclinic.com,Veterinary Medicine & Animal Hospitals,"Kansas City, MO, USA",Weave Target Vertical - Veterinary Medicine & Animal Hospitals,2026-09-06 21:46:51
Eagle Animal Hospital and Pet Resort,https://www.eagleanimalhospital.com/locations/riverside,eagleanimalhospital.com,Veterinary Medicine & Animal Hospitals,"Kansas City, MO, USA",Weave Target Vertical - Veterinary Medicine & Animal Hospitals,2026-09-06 21:46:51
Kansas City Veterinary Care,https://www.kcvetcare.com,kcvetcare.com,Veterinary Medicine & Animal Hospitals,"Kansas City, MO, USA",Weave Target Vertical - Veterinary Medicine & Animal Hospitals,2026-09-06 21:46:51
Crysler Animal Hospital,http://www.crysleranimalhospital.com,crysleranimalhospital.com,Veterinary Medicine & Animal Hospitals,"Kansas City, MO, USA",Weave Target Vertical - Veterinary Medicine & Animal Hospitals,2026-09-06 21:46:51
Claycomo Animal Hospital,http://www.claycomoanimalhospital.com,claycomoanimalhospital.com,Veterinary Medicine & Animal Hospitals,"Kansas City, MO, USA",Weave Target Vertical - Veterinary Medicine & Animal Hospitals,2026-09-06 21:46:51
Turner Animal Hospital,http://www.turneranimalhospital.com,turneranimalhospital.com,Veterinary Medicine & Animal Hospitals,"Kansas City, MO, USA",Weave Target Vertical - Veterinary Medicine & Animal Hospitals,2026-09-06 21:46:51
Mission Animal Clinic,https://missionanimalclinic.com,missionanimalclinic.com,Veterinary Medicine & Animal Hospitals,"Kansas City, MO, USA",Weave Target Vertical - Veterinary Medicine & Animal Hospitals,2026-09-06 21:46:51
Vet Plaza Animal Clinic,https://plazaanimalclinic.com,plazaanimalclinic.com,Veterinary Medicine & Animal Hospitals,"Kansas City, MO, USA",Weave Target Vertical - Veterinary Medicine & Animal Hospitals,2026-09-06 21:46:51
Antioch Dog and Cat Hospital,https://antiochdog-cathospital.com,antiochdog-cathospital.com,Veterinary Medicine & Animal Hospitals,"Kansas City, MO, USA",Weave Target Vertical - Veterinary Medicine & Animal Hospitals,2026-09-06 21:46:51
Noah's Ark Animal Clinic,https://noahsarkanimalclinic.com,noahsarkanimalclinic.com,Veterinary Medicine & Animal Hospitals,"Kansas City, MO, USA",Weave Target Vertical - Veterinary Medicine & Animal Hospitals,2026-09-06 21:46:52
NKC Animal Clinic & Daycare,http://www.nkcanimalclinic.com,nkcanimalclinic.com,Veterinary Medicine & Animal Hospitals,"Kansas City, MO, USA",Weave Target Vertical - Veterinary Medicine & Animal Hospitals,2026-09-06 21:46:52
Hillside Animal Hospital,http://hillsideanimalhospital.net,hillsideanimalhospital.net,Veterinary Medicine & Animal Hospitals,"St. Louis, MO, USA",Weave Target Vertical - Veterinary Medicine & Animal Hospitals,2026-09-06 21:47:04
CWE Vet Hospital & Urgent Care,http://www.cwevet.com,cwevet.com,Veterinary Medicine & Animal Hospitals,"St. Louis, MO, USA",Weave Target Vertical - Veterinary Medicine & Animal Hospitals,2026-09-06 21:47:04
Jefferson Animal Hospital,http://www.jeffersonanimalhospital-stl.com,jeffersonanimalhospital-stl.com,Veterinary Medicine & Animal Hospitals,"St. Louis, MO, USA",Weave Target Vertical - Veterinary Medicine & Animal Hospitals,2026-09-06 21:47:04
Watson Road Veterinary Clinic,https://watsonrdvet.com,watsonrdvet.com,Veterinary Medicine & Animal Hospitals,"St. Louis, MO, USA",Weave Target Vertical - Veterinary Medicine & Animal Hospitals,2026-09-06 21:47:04
Kingsbury Animal Hospital,http://www.kah.com,kah.com,Veterinary Medicine & Animal Hospitals,"St. Louis, MO, USA",Weave Target Vertical - Veterinary Medicine & Animal Hospitals,2026-09-06 21:47:04
Hampton Animal Hospital,https://www.hamptonanimalhospital.com,hamptonanimalhospital.com,Veterinary Medicine & Animal Hospitals,"St. Louis, MO, USA",Weave Target Vertical - Veterinary Medicine & Animal Hospitals,2026-09-06 21:47:04
MetroVet St. Louis,https://metrovetstl.com,metrovetstl.com,Veterinary Medicine & Animal Hospitals,"St. Louis, MO, USA",Weave Target Vertical - Veterinary Medicine & Animal Hospitals,2026-09-06 21:47:04
St Louis Veterinary Center,https://stlvetcenter.com,stlvetcenter.com,Veterinary Medicine & Animal Hospitals,"St. Louis, MO, USA",Weave Target Vertical - Veterinary Medicine & Animal Hospitals,2026-09-06 21:47:04
"Horseshoe Lake Animal Hospital, A Thrive Pet Healthcare Partner",http://www.horseshoepets.com,horseshoepets.com,Veterinary Medicine & Animal Hospitals,"St. Louis, MO, USA",Weave Target Vertical - Veterinary Medicine & Animal Hospitals,2026-09-06 21:47:04
Normandy Animal Hospital And Urgent Care,https://normandyvet.com,normandyvet.com,Veterinary Medicine & Animal Hospitals,"St. Louis, MO, USA",Weave Target Vertical - Veterinary Medicine & Animal Hospitals,2026-09-06 21:47:04
Yorkshire Animal Hospital,http://yorkshireanimalhospital.com,yorkshireanimalhospital.com,Veterinary Medicine & Animal Hospitals,"St. Louis, MO, USA",Weave Target Vertical - Veterinary Medicine & Animal Hospitals,2026-09-06 21:47:04
St Louis Hills Veterinary Clinic,http://www.stlhillsvet.com,stlhillsvet.com,Veterinary Medicine & Animal Hospitals,"St. Louis, MO, USA",Weave Target Vertical - Veterinary Medicine & Animal Hospitals,2026-09-06 21:47:04
Rock Road Animal Hospital,http://www.rockroadvets.com,rockroadvets.com,Veterinary Medicine & Animal Hospitals,"St. Louis, MO, USA",Weave Target Vertical - Veterinary Medicine & Animal Hospitals,2026-09-06 21:47:04
Animal Medical Center of Mid-America - St. Louis City,https://www.amcma.org,amcma.org,Veterinary Medicine & Animal Hospitals,"St. Louis, MO, USA",Weave Target Vertical - Veterinary Medicine & Animal Hospitals,2026-09-06 21:47:04
Brentwood Animal Hospital,http://brentwoodanimalhospital.com,brentwoodanimalhospital.com,Veterinary Medicine & Animal Hospitals,"St. Louis, MO, USA",Weave Target Vertical - Veterinary Medicine & Animal Hospitals,2026-09-06 21:47:04
CareVet Webster Groves Animal Wellness Center,https://www.webstervets.com,webstervets.com,Veterinary Medicine & Animal Hospitals,"St. Louis, MO, USA",Weave Target Vertical - Veterinary Medicine & Animal Hospitals,2026-09-06 21:47:04
Big Bend Veterinary Clinic,https://www.bigbendvet.com,bigbendvet.com,Veterinary Medicine & Animal Hospitals,"St. Louis, MO, USA",Weave Target Vertical - Veterinary Medicine & Animal Hospitals,2026-09-06 21:47:04
Hoof & Paw Animal Clinic,http://hoofandpawanimalclinic.com,hoofandpawanimalclinic.com,Veterinary Medicine & Animal Hospitals,"St. Louis, MO, USA",Weave Target Vertical - Veterinary Medicine & Animal Hospitals,2026-09-06 21:47:04
Chippewa Animal Hospital,http://chippewaanimalhospital.com,chippewaanimalhospital.com,Veterinary Medicine & Animal Hospitals,"St. Louis, MO, USA",Weave Target Vertical - Veterinary Medicine & Animal Hospitals,2026-09-06 21:47:04
Grantview Animal Hospital,https://grantviewah.com,grantviewah.com,Veterinary Medicine & Animal Hospitals,"St. Louis, MO, USA",Weave Target Vertical - Veterinary Medicine & Animal Hospitals,2026-09-06 21:47:04
Eastern Animal Hospital,https://www.easternanimalhospital.com,easternanimalhospital.com,Veterinary Medicine & Animal Hospitals,"Baltimore, MD, USA",Weave Target Vertical - Veterinary Medicine & Animal Hospitals,2026-09-06 21:47:17
Everhart Veterinary Medicine,http://www.everhartvet.com,everhartvet.com,Veterinary Medicine & Animal Hospitals,"Baltimore, MD, USA",Weave Target Vertical - Veterinary Medicine & Animal Hospitals,2026-09-06 21:47:17
Falls Road Animal Hospital,https://fallsroad.com,fallsroad.com,Veterinary Medicine & Animal Hospitals,"Baltimore, MD, USA",Weave Target Vertical - Veterinary Medicine & Animal Hospitals,2026-09-06 21:47:17
Parkville Animal Hospital,http://www.parkvilleah.com,parkvilleah.com,Veterinary Medicine & Animal Hospitals,"Baltimore, MD, USA",Weave Target Vertical - Veterinary Medicine & Animal Hospitals,2026-09-06 21:47:17
Charm City Veterinary Hospital,https://charmcityvet.com,charmcityvet.com,Veterinary Medicine & Animal Hospitals,"Baltimore, MD, USA",Weave Target Vertical - Veterinary Medicine & Animal Hospitals,2026-09-06 21:47:17
Harbor View Veterinary Hospital,https://harborviewvet.com,harborviewvet.com,Veterinary Medicine & Animal Hospitals,"Baltimore, MD, USA",Weave Target Vertical - Veterinary Medicine & Animal Hospitals,2026-09-06 21:47:17
Westview Animal Hospital,http://westviewanimalhospital.com,westviewanimalhospital.com,Veterinary Medicine & Animal Hospitals,"Baltimore, MD, USA",Weave Target Vertical - Veterinary Medicine & Animal Hospitals,2026-09-06 21:47:17
Stevenson Village Veterinary Hospital,http://stevensonvillagevet.com,stevensonvillagevet.com,Veterinary Medicine & Animal Hospitals,"Baltimore, MD, USA",Weave Target Vertical - Veterinary Medicine & Animal Hospitals,2026-09-06 21:47:17
Doc·Side Veterinary Medical Center,https://docsidevet.com,docsidevet.com,Veterinary Medicine & Animal Hospitals,"Baltimore, MD, USA",Weave Target Vertical - Veterinary Medicine & Animal Hospitals,2026-09-06 21:47:17
Swan Harbor Animal Hospital,http://www.swanharborvet.com,swanharborvet.com,Veterinary Medicine & Animal Hospitals,"Baltimore, MD, USA",Weave Target Vertical - Veterinary Medicine & Animal Hospitals,2026-09-06 21:47:17
Pickles Light Street Animal Hospital,http://www.lightstreetanimalhospital.vetstreet.com,lightstreetanimalhospital.vetstreet.com,Veterinary Medicine & Animal Hospitals,"Baltimore, MD, USA",Weave Target Vertical - Veterinary Medicine & Animal Hospitals,2026-09-06 21:47:17
Essex Middle River Veterinary Center,http://emrvc.com,emrvc.com,Veterinary Medicine & Animal Hospitals,"Baltimore, MD, USA",Weave Target Vertical - Veterinary Medicine & Animal Hospitals,2026-09-06 21:47:17
Fullerton Animal Hospital,https://fullertonanimal.com,fullertonanimal.com,Veterinary Medicine & Animal Hospitals,"Baltimore, MD, USA",Weave Target Vertical - Veterinary Medicine & Animal Hospitals,2026-09-06 21:47:17
Dundalk Animal Hospital,https://dundalk-animal-hospital.site,dundalk-animal-hospital.site,Veterinary Medicine & Animal Hospitals,"Baltimore, MD, USA",Weave Target Vertical - Veterinary Medicine & Animal Hospitals,2026-09-06 21:47:17
Anne Arundel Veterinary Hospital,http://www.annearundelvet.com,annearundelvet.com,Veterinary Medicine & Animal Hospitals,"Baltimore, MD, USA",Weave Target Vertical - Veterinary Medicine & Animal Hospitals,2026-09-06 21:47:17
Paradise Animal Hospital,https://www.paradiseanimalhospital.com,paradiseanimalhospital.com,Veterinary Medicine & Animal Hospitals,"Baltimore, MD, USA",Weave Target Vertical - Veterinary Medicine & Animal Hospitals,2026-09-06 21:47:17
Frederick Road Veterinary Hospital,https://www.frederickroadvet.com,frederickroadvet.com,Veterinary Medicine & Animal Hospitals,"Baltimore, MD, USA",Weave Target Vertical - Veterinary Medicine & Animal Hospitals,2026-09-06 21:47:17
Belvedere Veterinary Center,https://belvedereveterinarycenter.com,belvedereveterinarycenter.com,Veterinary Medicine & Animal Hospitals,"Baltimore, MD, USA",Weave Target Vertical - Veterinary Medicine & Animal Hospitals,2026-09-06 21:47:17
Erdman Animal Hospital,http://erdmanvet.com,erdmanvet.com,Veterinary Medicine & Animal Hospitals,"Baltimore, MD, USA",Weave Target Vertical - Veterinary Medicine & Animal Hospitals,2026-09-06 21:47:17
Pikesville Animal Hospital,http://www.pikesvillevet.com,pikesvillevet.com,Veterinary Medicine & Animal Hospitals,"Baltimore, MD, USA",Weave Target Vertical - Veterinary Medicine & Animal Hospitals,2026-09-06 21:47:17
Mayfair Animal Hospital & ER,https://mayfairanimalemergency.com,mayfairanimalemergency.com,Veterinary Medicine & Animal Hospitals,"Milwaukee, WI, USA",Weave Target Vertical - Veterinary Medicine & Animal Hospitals,2026-09-06 21:47:29
Advanced Animal Hospital - WI,https://advancedanimalhospital.com,advancedanimalhospital.com,Veterinary Medicine & Animal Hospitals,"Milwaukee, WI, USA",Weave Target Vertical - Veterinary Medicine & Animal Hospitals,2026-09-06 21:47:29
Frontier Veterinary Urgent Care,https://frontierveturgentcare.com,frontierveturgentcare.com,Veterinary Medicine & Animal Hospitals,"Milwaukee, WI, USA",Weave Target Vertical - Veterinary Medicine & Animal Hospitals,2026-09-06 21:47:29
Milwaukee Vet Clinic,http://www.milwaukeevetclinic.com,milwaukeevetclinic.com,Veterinary Medicine & Animal Hospitals,"Milwaukee, WI, USA",Weave Target Vertical - Veterinary Medicine & Animal Hospitals,2026-09-06 21:47:29
Crawford Animal Hospital,https://crawfordvet.com,crawfordvet.com,Veterinary Medicine & Animal Hospitals,"Milwaukee, WI, USA",Weave Target Vertical - Veterinary Medicine & Animal Hospitals,2026-09-06 21:47:29
Shorewood Animal Hospital,http://www.shorewoodanimalhospital.com,shorewoodanimalhospital.com,Veterinary Medicine & Animal Hospitals,"Milwaukee, WI, USA",Weave Target Vertical - Veterinary Medicine & Animal Hospitals,2026-09-06 21:47:29
West Allis Animal Hospital,http://westallisanimalhospital.com,westallisanimalhospital.com,Veterinary Medicine & Animal Hospitals,"Milwaukee, WI, USA",Weave Target Vertical - Veterinary Medicine & Animal Hospitals,2026-09-06 21:47:29
"Harwood Veterinary Hospital, LLC",http://www.harwoodveterinaryhospital.com,harwoodveterinaryhospital.com,Veterinary Medicine & Animal Hospitals,"Milwaukee, WI, USA",Weave Target Vertical - Veterinary Medicine & Animal Hospitals,2026-09-06 21:47:29
EverVet Animal Hospital,http://evervet.com,evervet.com,Veterinary Medicine & Animal Hospitals,"Milwaukee, WI, USA",Weave Target Vertical - Veterinary Medicine & Animal Hospitals,2026-09-06 21:47:29
Animal Care Hospital (Clinic),http://animalcaremilwaukee.com,animalcaremilwaukee.com,Veterinary Medicine & Animal Hospitals,"Milwaukee, WI, USA",Weave Target Vertical - Veterinary Medicine & Animal Hospitals,2026-09-06 21:47:29
Burleigh Road Animal Hospital,https://burleighroadanimalhospital.com,burleighroadanimalhospital.com,Veterinary Medicine & Animal Hospitals,"Milwaukee, WI, USA",Weave Target Vertical - Veterinary Medicine & Animal Hospitals,2026-09-06 21:47:29
Silver Spring Animal Wellness Center,http://silverspringanimalwellness.com,silverspringanimalwellness.com,Veterinary Medicine & Animal Hospitals,"Milwaukee, WI, USA",Weave Target Vertical - Veterinary Medicine & Animal Hospitals,2026-09-06 21:47:29
Wauwatosa Veterinary Clinic,http://wauwatosavet.com,wauwatosavet.com,Veterinary Medicine & Animal Hospitals,"Milwaukee, WI, USA",Weave Target Vertical - Veterinary Medicine & Animal Hospitals,2026-09-06 21:47:29
Layton Animal Hospital,https://laytonanimalhospital.com,laytonanimalhospital.com,Veterinary Medicine & Animal Hospitals,"Milwaukee, WI, USA",Weave Target Vertical - Veterinary Medicine & Animal Hospitals,2026-09-06 21:47:29
Airport Animal Hospital,http://www.myairportanimalhospital.com,myairportanimalhospital.com,Veterinary Medicine & Animal Hospitals,"Milwaukee, WI, USA",Weave Target Vertical - Veterinary Medicine & Animal Hospitals,2026-09-06 21:47:29
Downtown Veterinary Clinic,https://milwaukeedowntownvet.com,milwaukeedowntownvet.com,Veterinary Medicine & Animal Hospitals,"Milwaukee, WI, USA",Weave Target Vertical - Veterinary Medicine & Animal Hospitals,2026-09-06 21:47:29
West Burleigh Vet Clinic,http://westburleighvetclinic.com,westburleighvetclinic.com,Veterinary Medicine & Animal Hospitals,"Milwaukee, WI, USA",Weave Target Vertical - Veterinary Medicine & Animal Hospitals,2026-09-06 21:47:29
Milwaukee Walk In Vet Clinic,http://milwaukeewalkinvetclinic.com,milwaukeewalkinvetclinic.com,Veterinary Medicine & Animal Hospitals,"Milwaukee, WI, USA",Weave Target Vertical - Veterinary Medicine & Animal Hospitals,2026-09-06 21:47:29
Milwaukee Animal Hospital,http://www.milwaukeeanimalhospital.us,milwaukeeanimalhospital.us,Veterinary Medicine & Animal Hospitals,"Milwaukee, WI, USA",Weave Target Vertical - Veterinary Medicine & Animal Hospitals,2026-09-06 21:47:29
Bayshore Veterinary Clinic,http://bayshorevets.com,bayshorevets.com,Veterinary Medicine & Animal Hospitals,"Milwaukee, WI, USA",Weave Target Vertical - Veterinary Medicine & Animal Hospitals,2026-09-06 21:47:29
Petroglyph Animal Hospital,https://pahvets.com,pahvets.com,Veterinary Medicine & Animal Hospitals,"Albuquerque, NM, USA",Weave Target Vertical - Veterinary Medicine & Animal Hospitals,2026-09-06 21:47:42
Route 66 Veterinary Emergency & Critical Care Center,http://www.rt66vet.com,rt66vet.com,Veterinary Medicine & Animal Hospitals,"Albuquerque, NM, USA",Weave Target Vertical - Veterinary Medicine & Animal Hospitals,2026-09-06 21:47:42
Roadrunner Veterinary Emergency & Specialty Hospital,https://www.roadrunnerveter.com,roadrunnerveter.com,Veterinary Medicine & Animal Hospitals,"Albuquerque, NM, USA",Weave Target Vertical - Veterinary Medicine & Animal Hospitals,2026-09-06 21:47:42
Taylor Ranch Veterinary Hospital,https://www.taylorranchveterinaryhospital.com,taylorranchveterinaryhospital.com,Veterinary Medicine & Animal Hospitals,"Albuquerque, NM, USA",Weave Target Vertical - Veterinary Medicine & Animal Hospitals,2026-09-06 21:47:42
Rio Bravo Veterinary Hospital,http://www.riobravovet.com,riobravovet.com,Veterinary Medicine & Animal Hospitals,"Albuquerque, NM, USA",Weave Target Vertical - Veterinary Medicine & Animal Hospitals,2026-09-06 21:47:42
Blue Cross Animal Clinic,http://www.bluecrossvetnm.com,bluecrossvetnm.com,Veterinary Medicine & Animal Hospitals,"Albuquerque, NM, USA",Weave Target Vertical - Veterinary Medicine & Animal Hospitals,2026-09-06 21:47:42
Northview Animal Hospital,http://www.northviewvets.com,northviewvets.com,Veterinary Medicine & Animal Hospitals,"Albuquerque, NM, USA",Weave Target Vertical - Veterinary Medicine & Animal Hospitals,2026-09-06 21:47:42
Aztec Animal Clinic,https://aztecanimalclinic.com,aztecanimalclinic.com,Veterinary Medicine & Animal Hospitals,"Albuquerque, NM, USA",Weave Target Vertical - Veterinary Medicine & Animal Hospitals,2026-09-06 21:47:42
Juan Tabo Animal Clinic,http://www.juantaboanimalclinicabq.com,juantaboanimalclinicabq.com,Veterinary Medicine & Animal Hospitals,"Albuquerque, NM, USA",Weave Target Vertical - Veterinary Medicine & Animal Hospitals,2026-09-06 21:47:42
Kokopelli Animal Clinic,http://www.kokopellivet.com,kokopellivet.com,Veterinary Medicine & Animal Hospitals,"Albuquerque, NM, USA",Weave Target Vertical - Veterinary Medicine & Animal Hospitals,2026-09-06 21:47:42
Rio Grande Animal Hospital,http://www.myriograndevet.com,myriograndevet.com,Veterinary Medicine & Animal Hospitals,"Albuquerque, NM, USA",Weave Target Vertical - Veterinary Medicine & Animal Hospitals,2026-09-06 21:47:42
Valle Verde Animal Hospital,https://valleverdeah.com,valleverdeah.com,Veterinary Medicine & Animal Hospitals,"Albuquerque, NM, USA",Weave Target Vertical - Veterinary Medicine & Animal Hospitals,2026-09-06 21:47:42
TLC Pet Hospital,https://tlcpethospital.net,tlcpethospital.net,Veterinary Medicine & Animal Hospitals,"Albuquerque, NM, USA",Weave Target Vertical - Veterinary Medicine & Animal Hospitals,2026-09-06 21:47:42
Malaherd Veterinary Hospital,https://malaherdvethospital.com,malaherdvethospital.com,Veterinary Medicine & Animal Hospitals,"Albuquerque, NM, USA",Weave Target Vertical - Veterinary Medicine & Animal Hospitals,2026-09-06 21:47:42
Desert Hills Animal Clinic,https://www.deserthillsvet.com,deserthillsvet.com,Veterinary Medicine & Animal Hospitals,"Albuquerque, NM, USA",Weave Target Vertical - Veterinary Medicine & Animal Hospitals,2026-09-06 21:47:42
La Cueva Animal Hospital,http://lacuevavet.com,lacuevavet.com,Veterinary Medicine & Animal Hospitals,"Albuquerque, NM, USA",Weave Target Vertical - Veterinary Medicine & Animal Hospitals,2026-09-06 21:47:42
Eubank Animal Clinic,https://www.eubankanimalclinic.com,eubankanimalclinic.com,Veterinary Medicine & Animal Hospitals,"Albuquerque, NM, USA",Weave Target Vertical - Veterinary Medicine & Animal Hospitals,2026-09-06 21:47:42
Manzano Animal Clinic,https://www.manzanoanimalclinic.com,manzanoanimalclinic.com,Veterinary Medicine & Animal Hospitals,"Albuquerque, NM, USA",Weave Target Vertical - Veterinary Medicine & Animal Hospitals,2026-09-06 21:47:42
Sandia Animal Clinic,http://sandiaanimalclinic.com,sandiaanimalclinic.com,Veterinary Medicine & Animal Hospitals,"Albuquerque, NM, USA",Weave Target Vertical - Veterinary Medicine & Animal Hospitals,2026-09-06 21:47:42
Del Norte Animal Clinic,https://delnorteanimalclinic.com,delnorteanimalclinic.com,Veterinary Medicine & Animal Hospitals,"Albuquerque, NM, USA",Weave Target Vertical - Veterinary Medicine & Animal Hospitals,2026-09-06 21:47:42
Southern Arizona Veterinary Specialty and Emergency Center,http://www.southernazvets.com,southernazvets.com,Veterinary Medicine & Animal Hospitals,"Tucson, AZ, USA",Weave Target Vertical - Veterinary Medicine & Animal Hospitals,2026-09-06 21:47:52
Veterinary Specialty Center Tucson,https://vscot.com,vscot.com,Veterinary Medicine & Animal Hospitals,"Tucson, AZ, USA",Weave Target Vertical - Veterinary Medicine & Animal Hospitals,2026-09-06 21:47:52
Speedway Veterinary Hospital,http://speedwayvet.com,speedwayvet.com,Veterinary Medicine & Animal Hospitals,"Tucson, AZ, USA",Weave Target Vertical - Veterinary Medicine & Animal Hospitals,2026-09-06 21:47:52
Central Animal Hospital,http://centralah.com,centralah.com,Veterinary Medicine & Animal Hospitals,"Tucson, AZ, USA",Weave Target Vertical - Veterinary Medicine & Animal Hospitals,2026-09-06 21:47:52
Cortaro Farms Pet Hospital,https://cortarofarmspethospital.com,cortarofarmspethospital.com,Veterinary Medicine & Animal Hospitals,"Tucson, AZ, USA",Weave Target Vertical - Veterinary Medicine & Animal Hospitals,2026-09-06 21:47:52
Catalina Pet Hospital,https://www.catalinapethospital.net,catalinapethospital.net,Veterinary Medicine & Animal Hospitals,"Tucson, AZ, USA",Weave Target Vertical - Veterinary Medicine & Animal Hospitals,2026-09-06 21:47:52
St. Marys Animal Clinic,https://www.stmarysanimalclinic.com,stmarysanimalclinic.com,Veterinary Medicine & Animal Hospitals,"Tucson, AZ, USA",Weave Target Vertical - Veterinary Medicine & Animal Hospitals,2026-09-06 21:47:52
Broadway Animal Hospital,http://www.broadwayah.net,broadwayah.net,Veterinary Medicine & Animal Hospitals,"Tucson, AZ, USA",Weave Target Vertical - Veterinary Medicine & Animal Hospitals,2026-09-06 21:47:52
University Pet Clinic,https://universitypetclinic.com,universitypetclinic.com,Veterinary Medicine & Animal Hospitals,"Tucson, AZ, USA",Weave Target Vertical - Veterinary Medicine & Animal Hospitals,2026-09-06 21:47:52
Acacia Animal Hospital,https://www.acacia-vets.com,acacia-vets.com,Veterinary Medicine & Animal Hospitals,"Tucson, AZ, USA",Weave Target Vertical - Veterinary Medicine & Animal Hospitals,2026-09-06 21:47:52
Continental Ranch Pet Clinic,https://continentalranchpetclinic.com,continentalranchpetclinic.com,Veterinary Medicine & Animal Hospitals,"Tucson, AZ, USA",Weave Target Vertical - Veterinary Medicine & Animal Hospitals,2026-09-06 21:47:52
Adobe Veterinary Center,https://adobevetcenter.com,adobevetcenter.com,Veterinary Medicine & Animal Hospitals,"Tucson, AZ, USA",Weave Target Vertical - Veterinary Medicine & Animal Hospitals,2026-09-06 21:47:52
Sonoran Veterinary Center,https://sonoranvet.com,sonoranvet.com,Veterinary Medicine & Animal Hospitals,"Tucson, AZ, USA",Weave Target Vertical - Veterinary Medicine & Animal Hospitals,2026-09-06 21:47:52
Golf Links Animal Clinic,http://www.golflinksanimal.org,golflinksanimal.org,Veterinary Medicine & Animal Hospitals,"Tucson, AZ, USA",Weave Target Vertical - Veterinary Medicine & Animal Hospitals,2026-09-06 21:47:52
Orange Grove Animal Hospital,https://www.orangegroveah.com,orangegroveah.com,Veterinary Medicine & Animal Hospitals,"Tucson, AZ, USA",Weave Target Vertical - Veterinary Medicine & Animal Hospitals,2026-09-06 21:47:52
Benarda Veterinary Hospital,http://benardavet.com,benardavet.com,Veterinary Medicine & Animal Hospitals,"Tucson, AZ, USA",Weave Target Vertical - Veterinary Medicine & Animal Hospitals,2026-09-06 21:47:52
PAWS Veterinary Center,https://pawstucson.com,pawstucson.com,Veterinary Medicine & Animal Hospitals,"Tucson, AZ, USA",Weave Target Vertical - Veterinary Medicine & Animal Hospitals,2026-09-06 21:47:52
Ina Road Animal Hospital,https://inaroadanimalhospital.com,inaroadanimalhospital.com,Veterinary Medicine & Animal Hospitals,"Tucson, AZ, USA",Weave Target Vertical - Veterinary Medicine & Animal Hospitals,2026-09-06 21:47:52
Pantano Animal Clinic,https://www.pantanoac.com,pantanoac.com,Veterinary Medicine & Animal Hospitals,"Tucson, AZ, USA",Weave Target Vertical - Veterinary Medicine & Animal Hospitals,2026-09-06 21:47:52
Buena Pet Clinic PC,http://buenapetclinic.com,buenapetclinic.com,Veterinary Medicine & Animal Hospitals,"Tucson, AZ, USA",Weave Target Vertical - Veterinary Medicine & Animal Hospitals,2026-09-06 21:47:53
Neel Veterinary Hospital,https://neel.vet,neel.vet,Veterinary Medicine & Animal Hospitals,"Oklahoma City, OK, USA",Weave Target Vertical - Veterinary Medicine & Animal Hospitals,2026-09-06 21:48:03
OKC Vet Campus,http://www.okcvetcampus.com,okcvetcampus.com,Veterinary Medicine & Animal Hospitals,"Oklahoma City, OK, USA",Weave Target Vertical - Veterinary Medicine & Animal Hospitals,2026-09-06 21:48:03
City Paws Urgent Care,http://www.okcitypaws.com,okcitypaws.com,Veterinary Medicine & Animal Hospitals,"Oklahoma City, OK, USA",Weave Target Vertical - Veterinary Medicine & Animal Hospitals,2026-09-06 21:48:03
Harvest Hills Veterinary Hospital,https://harvesthillsvet.com,harvesthillsvet.com,Veterinary Medicine & Animal Hospitals,"Oklahoma City, OK, USA",Weave Target Vertical - Veterinary Medicine & Animal Hospitals,2026-09-06 21:48:03
Grant Square Animal Hospital,https://grantsquareanimalhospital.com,grantsquareanimalhospital.com,Veterinary Medicine & Animal Hospitals,"Oklahoma City, OK, USA",Weave Target Vertical - Veterinary Medicine & Animal Hospitals,2026-09-06 21:48:03
Animal Emergency & Surgical Center,https://www.okcanimalemergency.com,okcanimalemergency.com,Veterinary Medicine & Animal Hospitals,"Oklahoma City, OK, USA",Weave Target Vertical - Veterinary Medicine & Animal Hospitals,2026-09-06 21:48:03
City Animal Hospital,http://cityanimalhospitalokc.com,cityanimalhospitalokc.com,Veterinary Medicine & Animal Hospitals,"Oklahoma City, OK, USA",Weave Target Vertical - Veterinary Medicine & Animal Hospitals,2026-09-06 21:48:03
Midwest Veterinary Hospital,https://midwestveterinaryhospital.com,midwestveterinaryhospital.com,Veterinary Medicine & Animal Hospitals,"Oklahoma City, OK, USA",Weave Target Vertical - Veterinary Medicine & Animal Hospitals,2026-09-06 21:48:03
Britton Road Veterinary Clinic,http://brittonroadveterinaryclinic.com,brittonroadveterinaryclinic.com,Veterinary Medicine & Animal Hospitals,"Oklahoma City, OK, USA",Weave Target Vertical - Veterinary Medicine & Animal Hospitals,2026-09-06 21:48:03
Cherokee Hills Veterinary Hospital,http://cherokeehillsvet.com,cherokeehillsvet.com,Veterinary Medicine & Animal Hospitals,"Oklahoma City, OK, USA",Weave Target Vertical - Veterinary Medicine & Animal Hospitals,2026-09-06 21:48:03
Pet Friends Veterinary Hospital,http://www.petfriendsvetokc.com,petfriendsvetokc.com,Veterinary Medicine & Animal Hospitals,"Oklahoma City, OK, USA",Weave Target Vertical - Veterinary Medicine & Animal Hospitals,2026-09-06 21:48:03
Lakeview Pet Hospital,https://lakeviewpethospital.com,lakeviewpethospital.com,Veterinary Medicine & Animal Hospitals,"Oklahoma City, OK, USA",Weave Target Vertical - Veterinary Medicine & Animal Hospitals,2026-09-06 21:48:03
Warr Acres Animal Clinic,https://warracresvet.com,warracresvet.com,Veterinary Medicine & Animal Hospitals,"Oklahoma City, OK, USA",Weave Target Vertical - Veterinary Medicine & Animal Hospitals,2026-09-06 21:48:03
Classen View Veterinary Clinic,https://classenviewvet.com,classenviewvet.com,Veterinary Medicine & Animal Hospitals,"Oklahoma City, OK, USA",Weave Target Vertical - Veterinary Medicine & Animal Hospitals,2026-09-06 21:48:03
Healing Hands Veterinary Wellness Center,https://www.healinghandsvetcenter.com,healinghandsvetcenter.com,Veterinary Medicine & Animal Hospitals,"Oklahoma City, OK, USA",Weave Target Vertical - Veterinary Medicine & Animal Hospitals,2026-09-06 21:48:03
Bella SPCA Non-Profit Veterinary Hospital,http://www.bellaspca.org,bellaspca.org,Veterinary Medicine & Animal Hospitals,"Oklahoma City, OK, USA",Weave Target Vertical - Veterinary Medicine & Animal Hospitals,2026-09-06 21:48:03
Cornerstone Veterinary Hospital,http://www.cornerstonevethospital.com,cornerstonevethospital.com,Veterinary Medicine & Animal Hospitals,"Oklahoma City, OK, USA",Weave Target Vertical - Veterinary Medicine & Animal Hospitals,2026-09-06 21:48:03
Wedgewood Pet Clinic,https://www.wedgewoodpetclinic.com,wedgewoodpetclinic.com,Veterinary Medicine & Animal Hospitals,"Oklahoma City, OK, USA",Weave Target Vertical - Veterinary Medicine & Animal Hospitals,2026-09-06 21:48:03
Green Briar Animal Hospital,https://greenbriaranimalclinic.com,greenbriaranimalclinic.com,Veterinary Medicine & Animal Hospitals,"Oklahoma City, OK, USA",Weave Target Vertical - Veterinary Medicine & Animal Hospitals,2026-09-06 21:48:03
Crestwood Animal Hospital,http://www.crestwoodanimalhospital.com,crestwoodanimalhospital.com,Veterinary Medicine & Animal Hospitals,"Oklahoma City, OK, USA",Weave Target Vertical - Veterinary Medicine & Animal Hospitals,2026-09-06 21:48:03
STATVet Animal Urgent Care at Cherry Street,https://statvet.com,statvet.com,Veterinary Medicine & Animal Hospitals,"Tulsa, OK, USA",Weave Target Vertical - Veterinary Medicine & Animal Hospitals,2026-09-06 21:48:15
Marina Animal Clinic Inc,http://www.marinaanimalclinic.com,marinaanimalclinic.com,Veterinary Medicine & Animal Hospitals,"Tulsa, OK, USA",Weave Target Vertical - Veterinary Medicine & Animal Hospitals,2026-09-06 21:48:15
Tulsa Animal Urgent Care,https://tulsaurgentvet.com,tulsaurgentvet.com,Veterinary Medicine & Animal Hospitals,"Tulsa, OK, USA",Weave Target Vertical - Veterinary Medicine & Animal Hospitals,2026-09-06 21:48:15
Tulsa Town Veterinary Hospital,https://tulsatownvet.com,tulsatownvet.com,Veterinary Medicine & Animal Hospitals,"Tulsa, OK, USA",Weave Target Vertical - Veterinary Medicine & Animal Hospitals,2026-09-06 21:48:15
Oklahoma Veterinary Specialists,http://okvets.com,okvets.com,Veterinary Medicine & Animal Hospitals,"Tulsa, OK, USA",Weave Target Vertical - Veterinary Medicine & Animal Hospitals,2026-09-06 21:48:15
Valley Glen Veterinary Hospital,http://valleyglen-vet.com,valleyglen-vet.com,Veterinary Medicine & Animal Hospitals,"Tulsa, OK, USA",Weave Target Vertical - Veterinary Medicine & Animal Hospitals,2026-09-06 21:48:15
Animal Emergency Center of Tulsa,https://aectulsa.com,aectulsa.com,Veterinary Medicine & Animal Hospitals,"Tulsa, OK, USA",Weave Target Vertical - Veterinary Medicine & Animal Hospitals,2026-09-06 21:48:15
Harvard Avenue Veterinary Hospital,http://www.harvardveterinary.com,harvardveterinary.com,Veterinary Medicine & Animal Hospitals,"Tulsa, OK, USA",Weave Target Vertical - Veterinary Medicine & Animal Hospitals,2026-09-06 21:48:15
Southern Hills Veterinary Hospital,https://www.southernhillsvet.com,southernhillsvet.com,Veterinary Medicine & Animal Hospitals,"Tulsa, OK, USA",Weave Target Vertical - Veterinary Medicine & Animal Hospitals,2026-09-06 21:48:15
Carbondale Veterinary Hospital,http://carbondalevet.com,carbondalevet.com,Veterinary Medicine & Animal Hospitals,"Tulsa, OK, USA",Weave Target Vertical - Veterinary Medicine & Animal Hospitals,2026-09-06 21:48:15
Heritage Veterinary Hospital,https://heritagevet.org,heritagevet.org,Veterinary Medicine & Animal Hospitals,"Tulsa, OK, USA",Weave Target Vertical - Veterinary Medicine & Animal Hospitals,2026-09-06 21:48:15
Tulsa General Veterinary Hospital,http://www.tulsageneralveterinaryhospital.com,tulsageneralveterinaryhospital.com,Veterinary Medicine & Animal Hospitals,"Tulsa, OK, USA",Weave Target Vertical - Veterinary Medicine & Animal Hospitals,2026-09-06 21:48:15
Ranch Acres Veterinary Hospital,http://www.ranchacresvet.net/Contact-Us.html,ranchacresvet.net,Veterinary Medicine & Animal Hospitals,"Tulsa, OK, USA",Weave Target Vertical - Veterinary Medicine & Animal Hospitals,2026-09-06 21:48:15
Animal Medical and Surgical Hospital,https://amshpetvet.com,amshpetvet.com,Veterinary Medicine & Animal Hospitals,"Tulsa, OK, USA",Weave Target Vertical - Veterinary Medicine & Animal Hospitals,2026-09-06 21:48:15
Alta Vista Animal Hospital & Pet Lodge,http://www.avahtulsa.com,avahtulsa.com,Veterinary Medicine & Animal Hospitals,"Tulsa, OK, USA",Weave Target Vertical - Veterinary Medicine & Animal Hospitals,2026-09-06 21:48:15
Best Friends Veterinary Hospital,http://www.bestfriendstulsa.com,bestfriendstulsa.com,Veterinary Medicine & Animal Hospitals,"Tulsa, OK, USA",Weave Target Vertical - Veterinary Medicine & Animal Hospitals,2026-09-06 21:48:15
McKinney Animal Hospital,https://mckinneyanimal.net,mckinneyanimal.net,Veterinary Medicine & Animal Hospitals,"Tulsa, OK, USA",Weave Target Vertical - Veterinary Medicine & Animal Hospitals,2026-09-06 21:48:15
Edgewood Veterinary Hospital,http://www.tulsavet.net,tulsavet.net,Veterinary Medicine & Animal Hospitals,"Tulsa, OK, USA",Weave Target Vertical - Veterinary Medicine & Animal Hospitals,2026-09-06 21:48:15
Pawsitive Veterinary Care,https://pawsitiveveterinarycare.us,pawsitiveveterinarycare.us,Veterinary Medicine & Animal Hospitals,"Tulsa, OK, USA",Weave Target Vertical - Veterinary Medicine & Animal Hospitals,2026-09-06 21:48:15
Elm Creek Animal Hospital,https://elmcreekanimalhospital.net,elmcreekanimalhospital.net,Veterinary Medicine & Animal Hospitals,"Tulsa, OK, USA",Weave Target Vertical - Veterinary Medicine & Animal Hospitals,2026-09-06 21:48:15
East Riverside Veterinary Hospital,https://eastriversidevet.com,eastriversidevet.com,Veterinary Medicine & Animal Hospitals,"New Orleans, LA, USA",Weave Target Vertical - Veterinary Medicine & Animal Hospitals,2026-09-06 21:48:25
Pet Care Center,https://petcarecenterinc.com,petcarecenterinc.com,Veterinary Medicine & Animal Hospitals,"New Orleans, LA, USA",Weave Target Vertical - Veterinary Medicine & Animal Hospitals,2026-09-06 21:48:25
Magazine Street Animal Clinic,http://www.magazinestreetanimalclinic.com,magazinestreetanimalclinic.com,Veterinary Medicine & Animal Hospitals,"New Orleans, LA, USA",Weave Target Vertical - Veterinary Medicine & Animal Hospitals,2026-09-06 21:48:26
MidCity Veterinary Hospital,http://midcityvet.com,midcityvet.com,Veterinary Medicine & Animal Hospitals,"New Orleans, LA, USA",Weave Target Vertical - Veterinary Medicine & Animal Hospitals,2026-09-06 21:48:26
Avenue Animal Wellness + Emergency,https://avenuevet.com,avenuevet.com,Veterinary Medicine & Animal Hospitals,"New Orleans, LA, USA",Weave Target Vertical - Veterinary Medicine & Animal Hospitals,2026-09-06 21:48:26
Lakeview Veterinary Hospital,https://lakeviewvet.com,lakeviewvet.com,Veterinary Medicine & Animal Hospitals,"New Orleans, LA, USA",Weave Target Vertical - Veterinary Medicine & Animal Hospitals,2026-09-06 21:48:26
River Road Veterinary Hospital,https://www.riverroadvets.com,riverroadvets.com,Veterinary Medicine & Animal Hospitals,"New Orleans, LA, USA",Weave Target Vertical - Veterinary Medicine & Animal Hospitals,2026-09-06 21:48:26
Metairie Small Animal Hospital,https://www.msah.com/locations/main-hospital,msah.com,Veterinary Medicine & Animal Hospitals,"New Orleans, LA, USA",Weave Target Vertical - Veterinary Medicine & Animal Hospitals,2026-09-06 21:48:26
Canal Street Veterinary Hospital,http://www.canalstreetvet.com,canalstreetvet.com,Veterinary Medicine & Animal Hospitals,"New Orleans, LA, USA",Weave Target Vertical - Veterinary Medicine & Animal Hospitals,2026-09-06 21:48:26
Westside Veterinary Hospital,http://www.westsidevetgretna.com,westsidevetgretna.com,Veterinary Medicine & Animal Hospitals,"New Orleans, LA, USA",Weave Target Vertical - Veterinary Medicine & Animal Hospitals,2026-09-06 21:48:26
Prytania Veterinary Hospital,https://prytaniavet.com,prytaniavet.com,Veterinary Medicine & Animal Hospitals,"New Orleans, LA, USA",Weave Target Vertical - Veterinary Medicine & Animal Hospitals,2026-09-06 21:48:26
Crescent City Veterinary Hospital,http://crescentcityvet.com,crescentcityvet.com,Veterinary Medicine & Animal Hospitals,"New Orleans, LA, USA",Weave Target Vertical - Veterinary Medicine & Animal Hospitals,2026-09-06 21:48:26
Harahan Veterinary Hospital,https://www.harahanvet.com,harahanvet.com,Veterinary Medicine & Animal Hospitals,"New Orleans, LA, USA",Weave Target Vertical - Veterinary Medicine & Animal Hospitals,2026-09-06 21:48:26
Carrollton Veterinary Hospital,https://www.carrolltonveterinaryhospital.com,carrolltonveterinaryhospital.com,Veterinary Medicine & Animal Hospitals,"New Orleans, LA, USA",Weave Target Vertical - Veterinary Medicine & Animal Hospitals,2026-09-06 21:48:26
Animal Hospital of Old Metairie,https://animalhospitalofoldmetairie.com,animalhospitalofoldmetairie.com,Veterinary Medicine & Animal Hospitals,"New Orleans, LA, USA",Weave Target Vertical - Veterinary Medicine & Animal Hospitals,2026-09-06 21:48:27
Pet Care Center Esplanade,https://petcarecenternola.com,petcarecenternola.com,Veterinary Medicine & Animal Hospitals,"New Orleans, LA, USA",Weave Target Vertical - Veterinary Medicine & Animal Hospitals,2026-09-06 21:48:27
Clearview Veterinary Hospital,https://www.metairievets.com,metairievets.com,Veterinary Medicine & Animal Hospitals,"New Orleans, LA, USA",Weave Target Vertical - Veterinary Medicine & Animal Hospitals,2026-09-06 21:48:27
Low Cost Animal Medical Center,http://www.lowcostanimal.org,lowcostanimal.org,Veterinary Medicine & Animal Hospitals,"New Orleans, LA, USA",Weave Target Vertical - Veterinary Medicine & Animal Hospitals,2026-09-06 21:48:27
Southshore Animal Hospital,https://www.southshoreanimal.com,southshoreanimal.com,Veterinary Medicine & Animal Hospitals,"New Orleans, LA, USA",Weave Target Vertical - Veterinary Medicine & Animal Hospitals,2026-09-06 21:48:27
St Bernard Veterinary Hospital,https://stbernardvet.com,stbernardvet.com,Veterinary Medicine & Animal Hospitals,"New Orleans, LA, USA",Weave Target Vertical - Veterinary Medicine & Animal Hospitals,2026-09-06 21:48:27
Shively Animal Clinic & Hospital,http://www.shivelyanimalclinic.com,shivelyanimalclinic.com,Veterinary Medicine & Animal Hospitals,"Louisville, KY, USA",Weave Target Vertical - Veterinary Medicine & Animal Hospitals,2026-09-06 21:48:40
The Downtown Animal Hospital,http://thedowntownanimalhospital.com,thedowntownanimalhospital.com,Veterinary Medicine & Animal Hospitals,"Louisville, KY, USA",Weave Target Vertical - Veterinary Medicine & Animal Hospitals,2026-09-06 21:48:40
Lyndon Animal Clinic,https://lyndonanimalclinic.com,lyndonanimalclinic.com,Veterinary Medicine & Animal Hospitals,"Louisville, KY, USA",Weave Target Vertical - Veterinary Medicine & Animal Hospitals,2026-09-06 21:48:40
Barbour Lane Animal Hospital,https://barbourlaneanimalhospital.com,barbourlaneanimalhospital.com,Veterinary Medicine & Animal Hospitals,"Louisville, KY, USA",Weave Target Vertical - Veterinary Medicine & Animal Hospitals,2026-09-06 21:48:40
The Animal Hospital of the Highlands,https://thehighlandsvet.com,thehighlandsvet.com,Veterinary Medicine & Animal Hospitals,"Louisville, KY, USA",Weave Target Vertical - Veterinary Medicine & Animal Hospitals,2026-09-06 21:48:40
Hurstbourne Animal Hospital,https://louisvillepetvet.com,louisvillepetvet.com,Veterinary Medicine & Animal Hospitals,"Louisville, KY, USA",Weave Target Vertical - Veterinary Medicine & Animal Hospitals,2026-09-06 21:48:40
Audubon Animal Medical Center,http://audubonanimalhospital.com,audubonanimalhospital.com,Veterinary Medicine & Animal Hospitals,"Louisville, KY, USA",Weave Target Vertical - Veterinary Medicine & Animal Hospitals,2026-09-06 21:48:40
Iroquois Animal Clinic,https://iroquoisanimalclinic.com,iroquoisanimalclinic.com,Veterinary Medicine & Animal Hospitals,"Louisville, KY, USA",Weave Target Vertical - Veterinary Medicine & Animal Hospitals,2026-09-06 21:48:40
Plantation Animal Clinic,http://plantationanimalclinic.com,plantationanimalclinic.com,Veterinary Medicine & Animal Hospitals,"Louisville, KY, USA",Weave Target Vertical - Veterinary Medicine & Animal Hospitals,2026-09-06 21:48:40
East Louisville Animal Hospital,https://eastlouisvilleanimalhospital.com,eastlouisvilleanimalhospital.com,Veterinary Medicine & Animal Hospitals,"Louisville, KY, USA",Weave Target Vertical - Veterinary Medicine & Animal Hospitals,2026-09-06 21:48:40
Johnson Animal Clinic,https://www.johnsonanimalclinic.com,johnsonanimalclinic.com,Veterinary Medicine & Animal Hospitals,"Louisville, KY, USA",Weave Target Vertical - Veterinary Medicine & Animal Hospitals,2026-09-06 21:48:40
Doerr Animal Clinic,https://doerranimalclinic.com,doerranimalclinic.com,Veterinary Medicine & Animal Hospitals,"Louisville, KY, USA",Weave Target Vertical - Veterinary Medicine & Animal Hospitals,2026-09-06 21:48:40
Chenoweth Animal Hospital,http://chenowethanimalhospital.com,chenowethanimalhospital.com,Veterinary Medicine & Animal Hospitals,"Louisville, KY, USA",Weave Target Vertical - Veterinary Medicine & Animal Hospitals,2026-09-06 21:48:40
Crescent Hill Animal Hospital,http://www.crescenthillanimalhospital.com,crescenthillanimalhospital.com,Veterinary Medicine & Animal Hospitals,"Louisville, KY, USA",Weave Target Vertical - Veterinary Medicine & Animal Hospitals,2026-09-06 21:48:40
Preston Animal Hospital,http://www.prestonanimal.com,prestonanimal.com,Veterinary Medicine & Animal Hospitals,"Louisville, KY, USA",Weave Target Vertical - Veterinary Medicine & Animal Hospitals,2026-09-06 21:48:40
Hillside Animal Clinic,https://hillsideanimalclinic.com,hillsideanimalclinic.com,Veterinary Medicine & Animal Hospitals,"Louisville, KY, USA",Weave Target Vertical - Veterinary Medicine & Animal Hospitals,2026-09-06 21:48:40
Gailor Animal Hospital,http://gailoranimalhospital.com,gailoranimalhospital.com,Veterinary Medicine & Animal Hospitals,"Louisville, KY, USA",Weave Target Vertical - Veterinary Medicine & Animal Hospitals,2026-09-06 21:48:40
Eastside Animal Hospital,https://www.eastsideanimal.com,eastsideanimal.com,Veterinary Medicine & Animal Hospitals,"Louisville, KY, USA",Weave Target Vertical - Veterinary Medicine & Animal Hospitals,2026-09-06 21:48:40
Elk Creek Animal Hospital of Hikes Point,http://hikespointanimalhospital.com,hikespointanimalhospital.com,Veterinary Medicine & Animal Hospitals,"Louisville, KY, USA",Weave Target Vertical - Veterinary Medicine & Animal Hospitals,2026-09-06 21:48:40
St. Matthews Animal Clinic,http://stmatthewsanimalclinic.com,stmatthewsanimalclinic.com,Veterinary Medicine & Animal Hospitals,"Louisville, KY, USA",Weave Target Vertical - Veterinary Medicine & Animal Hospitals,2026-09-06 21:48:40
Memphis Animal Clinic,https://memphisanimalclinic.com,memphisanimalclinic.com,Veterinary Medicine & Animal Hospitals,"Memphis, TN, USA",Weave Target Vertical - Veterinary Medicine & Animal Hospitals,2026-09-06 21:48:52
Animal Emergency Center,https://aecmemphis.com,aecmemphis.com,Veterinary Medicine & Animal Hospitals,"Memphis, TN, USA",Weave Target Vertical - Veterinary Medicine & Animal Hospitals,2026-09-06 21:48:52
Walnut Grove Animal Clinic,https://www.mymemphisvet.com,mymemphisvet.com,Veterinary Medicine & Animal Hospitals,"Memphis, TN, USA",Weave Target Vertical - Veterinary Medicine & Animal Hospitals,2026-09-06 21:48:52
Raleigh Bartlett Animal Hospital,https://raleighbartlettanimalhospital.com,raleighbartlettanimalhospital.com,Veterinary Medicine & Animal Hospitals,"Memphis, TN, USA",Weave Target Vertical - Veterinary Medicine & Animal Hospitals,2026-09-06 21:48:52
Northgate Animal Hospital,http://northgatevet.net,northgatevet.net,Veterinary Medicine & Animal Hospitals,"Memphis, TN, USA",Weave Target Vertical - Veterinary Medicine & Animal Hospitals,2026-09-06 21:48:52
Cloverleaf Animal Clinic,http://cloverleafac.com,cloverleafac.com,Veterinary Medicine & Animal Hospitals,"Memphis, TN, USA",Weave Target Vertical - Veterinary Medicine & Animal Hospitals,2026-09-06 21:48:52
Eastgate Animal Clinic,http://www.eastgatevets.com,eastgatevets.com,Veterinary Medicine & Animal Hospitals,"Memphis, TN, USA",Weave Target Vertical - Veterinary Medicine & Animal Hospitals,2026-09-06 21:48:52
Animal Care Center,https://myweb24.site/explore/animal-care-center,myweb24.site,Veterinary Medicine & Animal Hospitals,"Memphis, TN, USA",Weave Target Vertical - Veterinary Medicine & Animal Hospitals,2026-09-06 21:48:52
Utopia Animal Hospital,http://utopiaanimalhospital.com,utopiaanimalhospital.com,Veterinary Medicine & Animal Hospitals,"Memphis, TN, USA",Weave Target Vertical - Veterinary Medicine & Animal Hospitals,2026-09-06 21:48:52
Grace Animal Hospital,http://www.graceanimal.com,graceanimal.com,Veterinary Medicine & Animal Hospitals,"Memphis, TN, USA",Weave Target Vertical - Veterinary Medicine & Animal Hospitals,2026-09-06 21:48:52
Berclair Animal Hospital PC,https://berclairanimal.com,berclairanimal.com,Veterinary Medicine & Animal Hospitals,"Memphis, TN, USA",Weave Target Vertical - Veterinary Medicine & Animal Hospitals,2026-09-06 21:48:52
McGehee Clinic For Animals,https://mcgeheeclinic.com,mcgeheeclinic.com,Veterinary Medicine & Animal Hospitals,"Memphis, TN, USA",Weave Target Vertical - Veterinary Medicine & Animal Hospitals,2026-09-06 21:48:52
East Memphis Pet Hospital & Resort,http://www.eastmemphispethospital.org,eastmemphispethospital.org,Veterinary Medicine & Animal Hospitals,"Memphis, TN, USA",Weave Target Vertical - Veterinary Medicine & Animal Hospitals,2026-09-06 21:48:52
Getwell Animal Hospital,https://www.getwellanimalmemphis.com,getwellanimalmemphis.com,Veterinary Medicine & Animal Hospitals,"Memphis, TN, USA",Weave Target Vertical - Veterinary Medicine & Animal Hospitals,2026-09-06 21:48:52
Southern Crossing Animal Hospital,https://southerncrossingah.com,southerncrossingah.com,Veterinary Medicine & Animal Hospitals,"Memphis, TN, USA",Weave Target Vertical - Veterinary Medicine & Animal Hospitals,2026-09-06 21:48:52
PetVax Complete Care Centers - Midtown,https://petvaxah.com,petvaxah.com,Veterinary Medicine & Animal Hospitals,"Memphis, TN, USA",Weave Target Vertical - Veterinary Medicine & Animal Hospitals,2026-09-06 21:48:54
Dr. Gerald Blackburn,http://www.gentlecareanimalhospital.com,gentlecareanimalhospital.com,Veterinary Medicine & Animal Hospitals,"Memphis, TN, USA",Weave Target Vertical - Veterinary Medicine & Animal Hospitals,2026-09-06 21:48:54
Family Veterinary Practice,http://www.familyveterinarypractice.com,familyveterinarypractice.com,Veterinary Medicine & Animal Hospitals,"Memphis, TN, USA",Weave Target Vertical - Veterinary Medicine & Animal Hospitals,2026-09-06 21:48:54
Spay Memphis,http://spaymemphis.org,spaymemphis.org,Veterinary Medicine & Animal Hospitals,"Memphis, TN, USA",Weave Target Vertical - Veterinary Medicine & Animal Hospitals,2026-09-06 21:48:54
Cary Street Veterinary Hospital,http://www.carystreetvet.com,carystreetvet.com,Veterinary Medicine & Animal Hospitals,"Richmond, VA, USA",Weave Target Vertical - Veterinary Medicine & Animal Hospitals,2026-09-06 21:49:18
Susan M. Markel Veterinary Hospital at the Richmond SPCA,https://www.richmondspca.org/hospital,richmondspca.org,Veterinary Medicine & Animal Hospitals,"Richmond, VA, USA",Weave Target Vertical - Veterinary Medicine & Animal Hospitals,2026-09-06 21:49:18
Farmers Veterinary Hospital,https://farmersveterinary.com,farmersveterinary.com,Veterinary Medicine & Animal Hospitals,"Richmond, VA, USA",Weave Target Vertical - Veterinary Medicine & Animal Hospitals,2026-09-06 21:49:18
Tuckahoe Veterinary Hospital,http://www.tuckahoevet.com,tuckahoevet.com,Veterinary Medicine & Animal Hospitals,"Richmond, VA, USA",Weave Target Vertical - Veterinary Medicine & Animal Hospitals,2026-09-06 21:49:18
Quioccasin Veterinary Hospital,https://quioccasinveterinaryhospital.com,quioccasinveterinaryhospital.com,Veterinary Medicine & Animal Hospitals,"Richmond, VA, USA",Weave Target Vertical - Veterinary Medicine & Animal Hospitals,2026-09-06 21:49:18
Broad Street Veterinary Hospital,https://broadstreetvet.com,broadstreetvet.com,Veterinary Medicine & Animal Hospitals,"Richmond, VA, USA",Weave Target Vertical - Veterinary Medicine & Animal Hospitals,2026-09-06 21:49:18
Fairfield Veterinary Hospital,https://thefairfieldvet.com,thefairfieldvet.com,Veterinary Medicine & Animal Hospitals,"Richmond, VA, USA",Weave Target Vertical - Veterinary Medicine & Animal Hospitals,2026-09-06 21:49:18
Colonial Veterinary Hospital,http://www.colonialvethospital.com,colonialvethospital.com,Veterinary Medicine & Animal Hospitals,"Richmond, VA, USA",Weave Target Vertical - Veterinary Medicine & Animal Hospitals,2026-09-06 21:49:18
Three Chopt Animal Clinic,https://threechoptanimal.com,threechoptanimal.com,Veterinary Medicine & Animal Hospitals,"Richmond, VA, USA",Weave Target Vertical - Veterinary Medicine & Animal Hospitals,2026-09-06 21:49:18
Church Hill Animal Hospital,http://churchhillanimalhospital.com,churchhillanimalhospital.com,Veterinary Medicine & Animal Hospitals,"Richmond, VA, USA",Weave Target Vertical - Veterinary Medicine & Animal Hospitals,2026-09-06 21:49:18
Betty Baugh's Animal Clinic,https://bettybaughsanimalclinic.com,bettybaughsanimalclinic.com,Veterinary Medicine & Animal Hospitals,"Richmond, VA, USA",Weave Target Vertical - Veterinary Medicine & Animal Hospitals,2026-09-06 21:49:18
Mechanicsville Animal Hospital,https://www.mechanicsvilleanimalhospital.com,mechanicsvilleanimalhospital.com,Veterinary Medicine & Animal Hospitals,"Richmond, VA, USA",Weave Target Vertical - Veterinary Medicine & Animal Hospitals,2026-09-06 21:49:18
Scott's Addition Animal Hospital,http://scottsadditionanimalhospital.com,scottsadditionanimalhospital.com,Veterinary Medicine & Animal Hospitals,"Richmond, VA, USA",Weave Target Vertical - Veterinary Medicine & Animal Hospitals,2026-09-06 21:49:18
Bon Air Animal Hospital,https://bonairanimalhospital.com,bonairanimalhospital.com,Veterinary Medicine & Animal Hospitals,"Richmond, VA, USA",Weave Target Vertical - Veterinary Medicine & Animal Hospitals,2026-09-06 21:49:18
Stratford Hills Veterinary Center,http://stratfordhillsveterinary.com,stratfordhillsveterinary.com,Veterinary Medicine & Animal Hospitals,"Richmond, VA, USA",Weave Target Vertical - Veterinary Medicine & Animal Hospitals,2026-09-06 21:49:18
Hilliard Veterinary Hospital,http://hilliardveterinaryhospital.com,hilliardveterinaryhospital.com,Veterinary Medicine & Animal Hospitals,"Richmond, VA, USA",Weave Target Vertical - Veterinary Medicine & Animal Hospitals,2026-09-06 21:49:18
Stonehenge Veterinary Hospital,http://www.stonehengeveterinaryhospital.com,stonehengeveterinaryhospital.com,Veterinary Medicine & Animal Hospitals,"Richmond, VA, USA",Weave Target Vertical - Veterinary Medicine & Animal Hospitals,2026-09-06 21:49:18
Prevent A Litter Veterinary Hospital,http://www.preventalitter.org,preventalitter.org,Veterinary Medicine & Animal Hospitals,"Richmond, VA, USA",Weave Target Vertical - Veterinary Medicine & Animal Hospitals,2026-09-06 21:49:18
Boulevard Animal Hospital Inc,https://boulevardahva.com,boulevardahva.com,Veterinary Medicine & Animal Hospitals,"Richmond, VA, USA",Weave Target Vertical - Veterinary Medicine & Animal Hospitals,2026-09-06 21:49:18
New Market Veterinary Clinic,https://www.newmarketvetclinic.com,newmarketvetclinic.com,Veterinary Medicine & Animal Hospitals,"Richmond, VA, USA",Weave Target Vertical - Veterinary Medicine & Animal Hospitals,2026-09-06 21:49:18
Bay Beach Veterinary Emergency Hospital,https://baybeachemergencyvet.com,baybeachemergencyvet.com,Veterinary Medicine & Animal Hospitals,"Virginia Beach, VA, USA",Weave Target Vertical - Veterinary Medicine & Animal Hospitals,2026-09-06 21:49:28
Bay Beach Veterinary Hospital,http://www.baybeachvets.com,baybeachvets.com,Veterinary Medicine & Animal Hospitals,"Virginia Beach, VA, USA",Weave Target Vertical - Veterinary Medicine & Animal Hospitals,2026-09-06 21:49:29
Virginia Beach Veterinary Hospital,https://vbvh.net,vbvh.net,Veterinary Medicine & Animal Hospitals,"Virginia Beach, VA, USA",Weave Target Vertical - Veterinary Medicine & Animal Hospitals,2026-09-06 21:49:29
General Booth Veterinary Hospital,http://generalboothveterinaryhospital.com,generalboothveterinaryhospital.com,Veterinary Medicine & Animal Hospitals,"Virginia Beach, VA, USA",Weave Target Vertical - Veterinary Medicine & Animal Hospitals,2026-09-06 21:49:29
Independence Veterinary Hospital,https://independencevethospital.com,independencevethospital.com,Veterinary Medicine & Animal Hospitals,"Virginia Beach, VA, USA",Weave Target Vertical - Veterinary Medicine & Animal Hospitals,2026-09-06 21:49:29
Kempsville Veterinary Hospital,http://kempsvillevet.com,kempsvillevet.com,Veterinary Medicine & Animal Hospitals,"Virginia Beach, VA, USA",Weave Target Vertical - Veterinary Medicine & Animal Hospitals,2026-09-06 21:49:29
Beach Pet Hospital,https://www.beachpet.com,beachpet.com,Veterinary Medicine & Animal Hospitals,"Virginia Beach, VA, USA",Weave Target Vertical - Veterinary Medicine & Animal Hospitals,2026-09-06 21:49:29
Acredale Animal Hospital,https://acredaleanimalhospital.com,acredaleanimalhospital.com,Veterinary Medicine & Animal Hospitals,"Virginia Beach, VA, USA",Weave Target Vertical - Veterinary Medicine & Animal Hospitals,2026-09-06 21:49:29
Salem Veterinary Hospital,https://salemvetvb.com,salemvetvb.com,Veterinary Medicine & Animal Hospitals,"Virginia Beach, VA, USA",Weave Target Vertical - Veterinary Medicine & Animal Hospitals,2026-09-06 21:49:29
Courthouse Veterinary Hospital,http://www.courthouseveterinaryclinic.com,courthouseveterinaryclinic.com,Veterinary Medicine & Animal Hospitals,"Virginia Beach, VA, USA",Weave Target Vertical - Veterinary Medicine & Animal Hospitals,2026-09-06 21:49:29
Coastal Vet,http://www.coastalvetvb.com,coastalvetvb.com,Veterinary Medicine & Animal Hospitals,"Virginia Beach, VA, USA",Weave Target Vertical - Veterinary Medicine & Animal Hospitals,2026-09-06 21:49:29
Great Neck Veterinary Clinic,http://www.greatneckvet.com,greatneckvet.com,Veterinary Medicine & Animal Hospitals,"Virginia Beach, VA, USA",Weave Target Vertical - Veterinary Medicine & Animal Hospitals,2026-09-06 21:49:29
Strawbridge Animal Care,https://www.strawbridgeanimalcare.com,strawbridgeanimalcare.com,Veterinary Medicine & Animal Hospitals,"Virginia Beach, VA, USA",Weave Target Vertical - Veterinary Medicine & Animal Hospitals,2026-09-06 21:49:29
Ally Urgent Veterinary Care,https://allyurgentvet.com/virginia-beach,allyurgentvet.com,Veterinary Medicine & Animal Hospitals,"Virginia Beach, VA, USA",Weave Target Vertical - Veterinary Medicine & Animal Hospitals,2026-09-06 21:49:29
Owl Creek Veterinary Hospital,https://www.owlcreekveterinaryhospital.com,owlcreekveterinaryhospital.com,Veterinary Medicine & Animal Hospitals,"Virginia Beach, VA, USA",Weave Target Vertical - Veterinary Medicine & Animal Hospitals,2026-09-06 21:49:29
Timberlake Veterinary Hospital,https://timberlakevet.com,timberlakevet.com,Veterinary Medicine & Animal Hospitals,"Virginia Beach, VA, USA",Weave Target Vertical - Veterinary Medicine & Animal Hospitals,2026-09-06 21:49:29
Veterinary Hospital of Virginia Beach,http://www.vabeachvet.com,vabeachvet.com,Veterinary Medicine & Animal Hospitals,"Virginia Beach, VA, USA",Weave Target Vertical - Veterinary Medicine & Animal Hospitals,2026-09-06 21:49:29
Abbey Animal Hospital,http://www.abbeyanimal.com,abbeyanimal.com,Veterinary Medicine & Animal Hospitals,"Virginia Beach, VA, USA",Weave Target Vertical - Veterinary Medicine & Animal Hospitals,2026-09-06 21:49:29
Birdneck Animal Hospital,https://www.birdneckanimalhospital.com,birdneckanimalhospital.com,Veterinary Medicine & Animal Hospitals,"Virginia Beach, VA, USA",Weave Target Vertical - Veterinary Medicine & Animal Hospitals,2026-09-06 21:49:29
Affordable Veterinary Services of VA,https://www.affordableveterinaryservices.com,affordableveterinaryservices.com,Veterinary Medicine & Animal Hospitals,"Virginia Beach, VA, USA",Weave Target Vertical - Veterinary Medicine & Animal Hospitals,2026-09-06 21:49:29
24th Street Animal Clinic,http://www.24thstreetanimalclinic.com,24thstreetanimalclinic.com,Veterinary Medicine & Animal Hospitals,"Omaha, NE, USA",Weave Target Vertical - Veterinary Medicine & Animal Hospitals,2026-09-06 21:49:40
Urgent Pet Care Of Papillion,https://urgentpetcareomaha.com,urgentpetcareomaha.com,Veterinary Medicine & Animal Hospitals,"Omaha, NE, USA",Weave Target Vertical - Veterinary Medicine & Animal Hospitals,2026-09-06 21:49:40
Florence Animal Hospital,http://florenceanimalhospital.net,florenceanimalhospital.net,Veterinary Medicine & Animal Hospitals,"Omaha, NE, USA",Weave Target Vertical - Veterinary Medicine & Animal Hospitals,2026-09-06 21:49:40
Western Hills Pet Hospital,http://westernhillspethospital.com,westernhillspethospital.com,Veterinary Medicine & Animal Hospitals,"Omaha, NE, USA",Weave Target Vertical - Veterinary Medicine & Animal Hospitals,2026-09-06 21:49:40
Best Care Pet Hospital,http://www.bestcarepethospitalomaha.com,bestcarepethospitalomaha.com,Veterinary Medicine & Animal Hospitals,"Omaha, NE, USA",Weave Target Vertical - Veterinary Medicine & Animal Hospitals,2026-09-06 21:49:40
Omaha Animal Hospital,http://omahaah.com,omahaah.com,Veterinary Medicine & Animal Hospitals,"Omaha, NE, USA",Weave Target Vertical - Veterinary Medicine & Animal Hospitals,2026-09-06 21:49:40
Papillion Animal Hospital,https://www.papillionanimalhospital.com,papillionanimalhospital.com,Veterinary Medicine & Animal Hospitals,"Omaha, NE, USA",Weave Target Vertical - Veterinary Medicine & Animal Hospitals,2026-09-06 21:49:40
Benson Animal Clinic,http://www.bensonanimalclinic.com,bensonanimalclinic.com,Veterinary Medicine & Animal Hospitals,"Omaha, NE, USA",Weave Target Vertical - Veterinary Medicine & Animal Hospitals,2026-09-06 21:49:40
Ralston Vet,http://www.ralstonvet.com,ralstonvet.com,Veterinary Medicine & Animal Hospitals,"Omaha, NE, USA",Weave Target Vertical - Veterinary Medicine & Animal Hospitals,2026-09-06 21:49:40
Heartland Pet Hospital,http://www.heartlandpethospital.vet,heartlandpethospital.vet,Veterinary Medicine & Animal Hospitals,"Omaha, NE, USA",Weave Target Vertical - Veterinary Medicine & Animal Hospitals,2026-09-06 21:49:40
Omaha Animal Medical Group,https://vetomaha.com,vetomaha.com,Veterinary Medicine & Animal Hospitals,"Omaha, NE, USA",Weave Target Vertical - Veterinary Medicine & Animal Hospitals,2026-09-06 21:49:40
Bellevue Animal Hospital PC,http://www.bellevueanimalhospital.com,bellevueanimalhospital.com,Veterinary Medicine & Animal Hospitals,"Omaha, NE, USA",Weave Target Vertical - Veterinary Medicine & Animal Hospitals,2026-09-06 21:49:40
Westgate Animal Clinic,http://www.westgateomaha.com,westgateomaha.com,Veterinary Medicine & Animal Hospitals,"Omaha, NE, USA",Weave Target Vertical - Veterinary Medicine & Animal Hospitals,2026-09-06 21:49:40
Val Verde Animal Hospital,http://valverdeanimalhospital.vetstreet.com,valverdeanimalhospital.vetstreet.com,Veterinary Medicine & Animal Hospitals,"Omaha, NE, USA",Weave Target Vertical - Veterinary Medicine & Animal Hospitals,2026-09-06 21:49:40
American Animal Hospital,http://www.americananimal.net,americananimal.net,Veterinary Medicine & Animal Hospitals,"Omaha, NE, USA",Weave Target Vertical - Veterinary Medicine & Animal Hospitals,2026-09-06 21:49:40
Rockbrook Animal Clinic,https://rockbrookanimalclinic.com,rockbrookanimalclinic.com,Veterinary Medicine & Animal Hospitals,"Omaha, NE, USA",Weave Target Vertical - Veterinary Medicine & Animal Hospitals,2026-09-06 21:49:40
South Omaha Animal Hospital,http://southomahaanimalhospital.com,southomahaanimalhospital.com,Veterinary Medicine & Animal Hospitals,"Omaha, NE, USA",Weave Target Vertical - Veterinary Medicine & Animal Hospitals,2026-09-06 21:49:40
Valley View Veterinary Clinic,http://www.valleyviewveterinaryclinic.com,valleyviewveterinaryclinic.com,Veterinary Medicine & Animal Hospitals,"Omaha, NE, USA",Weave Target Vertical - Veterinary Medicine & Animal Hospitals,2026-09-06 21:49:40
Loveland Animal Hospital,https://www.lovelandanimalhospital.com,lovelandanimalhospital.com,Veterinary Medicine & Animal Hospitals,"Omaha, NE, USA",Weave Target Vertical - Veterinary Medicine & Animal Hospitals,2026-09-06 21:49:40
Good Samaritan Pet Doctor,https://goodsampetdoc.com,goodsampetdoc.com,Veterinary Medicine & Animal Hospitals,"Omaha, NE, USA",Weave Target Vertical - Veterinary Medicine & Animal Hospitals,2026-09-06 21:49:40
Cedar Veterinary Hospital,https://cedarvethospital.com,cedarvethospital.com,Veterinary Medicine & Animal Hospitals,"Fresno, CA, USA",Weave Target Vertical - Veterinary Medicine & Animal Hospitals,2026-09-06 21:49:51
Fresno Veterinary Specialty and Emergency Center,https://www.fvsec.com,fvsec.com,Veterinary Medicine & Animal Hospitals,"Fresno, CA, USA",Weave Target Vertical - Veterinary Medicine & Animal Hospitals,2026-09-06 21:49:51
Olive Veterinary Hospital,https://www.alternatives5.com/olive-veterinary-hospital,alternatives5.com,Veterinary Medicine & Animal Hospitals,"Fresno, CA, USA",Weave Target Vertical - Veterinary Medicine & Animal Hospitals,2026-09-06 21:49:51
24/7 PetVets,https://247petvets.com,247petvets.com,Veterinary Medicine & Animal Hospitals,"Fresno, CA, USA",Weave Target Vertical - Veterinary Medicine & Animal Hospitals,2026-09-06 21:49:51
Maroa Track Pet Hospital,http://www.maroatrackpethospital.net,maroatrackpethospital.net,Veterinary Medicine & Animal Hospitals,"Fresno, CA, USA",Weave Target Vertical - Veterinary Medicine & Animal Hospitals,2026-09-06 21:49:51
Abby Pet Hospital,https://abbypethospital.com,abbypethospital.com,Veterinary Medicine & Animal Hospitals,"Fresno, CA, USA",Weave Target Vertical - Veterinary Medicine & Animal Hospitals,2026-09-06 21:49:51
Animal Medical Clinic,http://www.animalmedfresno.com,animalmedfresno.com,Veterinary Medicine & Animal Hospitals,"Fresno, CA, USA",Weave Target Vertical - Veterinary Medicine & Animal Hospitals,2026-09-06 21:49:51
Animal Hospital & Dental Clinic,http://www.theanimalhosp.com,theanimalhosp.com,Veterinary Medicine & Animal Hospitals,"Fresno, CA, USA",Weave Target Vertical - Veterinary Medicine & Animal Hospitals,2026-09-06 21:49:51
Sunnyside Pet Hospital,https://sunnysidepetca.com,sunnysidepetca.com,Veterinary Medicine & Animal Hospitals,"Fresno, CA, USA",Weave Target Vertical - Veterinary Medicine & Animal Hospitals,2026-09-06 21:49:51
Alta Animal Hospital,https://altaanimalhospitalclovisca.com,altaanimalhospitalclovisca.com,Veterinary Medicine & Animal Hospitals,"Fresno, CA, USA",Weave Target Vertical - Veterinary Medicine & Animal Hospitals,2026-09-06 21:49:52
Elm Veterinary Hospital,https://elmveterinary.top,elmveterinary.top,Veterinary Medicine & Animal Hospitals,"Fresno, CA, USA",Weave Target Vertical - Veterinary Medicine & Animal Hospitals,2026-09-06 21:49:52
Sierra View Animal Hospital,http://www.sierraviewanimalhospital.com,sierraviewanimalhospital.com,Veterinary Medicine & Animal Hospitals,"Fresno, CA, USA",Weave Target Vertical - Veterinary Medicine & Animal Hospitals,2026-09-06 21:49:52
Shield Stone Pet Hospital,http://www.shieldstonepethospital.com,shieldstonepethospital.com,Veterinary Medicine & Animal Hospitals,"Fresno, CA, USA",Weave Target Vertical - Veterinary Medicine & Animal Hospitals,2026-09-06 21:49:52
Pamoist Pet Hospital,https://www.pamoistpets.com,pamoistpets.com,Veterinary Medicine & Animal Hospitals,"Fresno, CA, USA",Weave Target Vertical - Veterinary Medicine & Animal Hospitals,2026-09-06 21:49:52
Bullard Marks Veterinary Medical Center,https://bullardmarksveterinarymedicalcenter.com,bullardmarksveterinarymedicalcenter.com,Veterinary Medicine & Animal Hospitals,"Fresno, CA, USA",Weave Target Vertical - Veterinary Medicine & Animal Hospitals,2026-09-06 21:49:52
HOPE Animal Foundation,http://www.hopeaf.com,hopeaf.com,Veterinary Medicine & Animal Hospitals,"Fresno, CA, USA",Weave Target Vertical - Veterinary Medicine & Animal Hospitals,2026-09-06 21:49:52
All Creatures Vet Clinic,http://www.allcreaturesfresno.com,allcreaturesfresno.com,Veterinary Medicine & Animal Hospitals,"Fresno, CA, USA",Weave Target Vertical - Veterinary Medicine & Animal Hospitals,2026-09-06 21:49:52
Clovis Pet Hospital,https://www.clovispethospital.com,clovispethospital.com,Veterinary Medicine & Animal Hospitals,"Fresno, CA, USA",Weave Target Vertical - Veterinary Medicine & Animal Hospitals,2026-09-06 21:49:52
Armstrong Pet Hospital,http://www.armstrongpethospital.com,armstrongpethospital.com,Veterinary Medicine & Animal Hospitals,"Fresno, CA, USA",Weave Target Vertical - Veterinary Medicine & Animal Hospitals,2026-09-06 21:49:53
Waterhouse Animal Hospital of Clovis,https://www.waterhouseanimalhospital.com,waterhouseanimalhospital.com,Veterinary Medicine & Animal Hospitals,"Fresno, CA, USA",Weave Target Vertical - Veterinary Medicine & Animal Hospitals,2026-09-06 21:49:53
Primary Care Animal Hospital,http://www.primaryvetcare.com,primaryvetcare.com,Veterinary Medicine & Animal Hospitals,"Long Beach, CA, USA",Weave Target Vertical - Veterinary Medicine & Animal Hospitals,2026-09-06 21:50:03
Signal Hill Pet Hospital,http://www.signalhillpethospital.com,signalhillpethospital.com,Veterinary Medicine & Animal Hospitals,"Long Beach, CA, USA",Weave Target Vertical - Veterinary Medicine & Animal Hospitals,2026-09-06 21:50:03
Pine Animal Hospital,https://pineanimalhospital.com,pineanimalhospital.com,Veterinary Medicine & Animal Hospitals,"Long Beach, CA, USA",Weave Target Vertical - Veterinary Medicine & Animal Hospitals,2026-09-06 21:50:03
Animal Hospital of Huntington Beach,https://www.ahhb.net,ahhb.net,Veterinary Medicine & Animal Hospitals,"Long Beach, CA, USA",Weave Target Vertical - Veterinary Medicine & Animal Hospitals,2026-09-06 21:50:03
Belmont Shore Veterinary Hospital,https://www.belmontshorevet.com,belmontshorevet.com,Veterinary Medicine & Animal Hospitals,"Long Beach, CA, USA",Weave Target Vertical - Veterinary Medicine & Animal Hospitals,2026-09-06 21:50:03
Bixby Animal Clinic,https://bixbyanimal.com,bixbyanimal.com,Veterinary Medicine & Animal Hospitals,"Long Beach, CA, USA",Weave Target Vertical - Veterinary Medicine & Animal Hospitals,2026-09-06 21:50:03
Lomita Pet Hospital,http://www.lomitapethospital.com,lomitapethospital.com,Veterinary Medicine & Animal Hospitals,"Long Beach, CA, USA",Weave Target Vertical - Veterinary Medicine & Animal Hospitals,2026-09-06 21:50:03
Top Choice Animal Hospital,https://topchoiceanimalhospital.com,topchoiceanimalhospital.com,Veterinary Medicine & Animal Hospitals,"Long Beach, CA, USA",Weave Target Vertical - Veterinary Medicine & Animal Hospitals,2026-09-06 21:50:03
California Veterinary Hospital,https://www.californiavethospital.com,californiavethospital.com,Veterinary Medicine & Animal Hospitals,"Long Beach, CA, USA",Weave Target Vertical - Veterinary Medicine & Animal Hospitals,2026-09-06 21:50:03
Parkview Pet Hospital - Long Beach,https://www.parkviewpetvet.com,parkviewpetvet.com,Veterinary Medicine & Animal Hospitals,"Long Beach, CA, USA",Weave Target Vertical - Veterinary Medicine & Animal Hospitals,2026-09-06 21:50:03
Blue Cross Veterinary Hospital,http://www.bluecrossvethospital.com,bluecrossvethospital.com,Veterinary Medicine & Animal Hospitals,"Long Beach, CA, USA",Weave Target Vertical - Veterinary Medicine & Animal Hospitals,2026-09-06 21:50:03
"Lbc Vets Primary, Urgent and Emergency Care",https://lbcvets.com,lbcvets.com,Veterinary Medicine & Animal Hospitals,"Long Beach, CA, USA",Weave Target Vertical - Veterinary Medicine & Animal Hospitals,2026-09-06 21:50:03
Lincoln Animal Hospital,http://lincolnanimals.com,lincolnanimals.com,Veterinary Medicine & Animal Hospitals,"Long Beach, CA, USA",Weave Target Vertical - Veterinary Medicine & Animal Hospitals,2026-09-06 21:50:03
Long Beach Animal Hospital,http://www.lbah.com,lbah.com,Veterinary Medicine & Animal Hospitals,"Long Beach, CA, USA",Weave Target Vertical - Veterinary Medicine & Animal Hospitals,2026-09-06 21:50:03
The PARC,https://theparcvet.com,theparcvet.com,Veterinary Medicine & Animal Hospitals,"Fort Worth, TX, USA",Weave Target Vertical - Veterinary Medicine & Animal Hospitals,2026-09-06 21:50:19
City View Animal Hospital,http://cityviewanimalhospital.com,cityviewanimalhospital.com,Veterinary Medicine & Animal Hospitals,"Fort Worth, TX, USA",Weave Target Vertical - Veterinary Medicine & Animal Hospitals,2026-09-06 21:50:19
Fort Worth Animal Emergency Hospital,http://fwanimalemergency.com,fwanimalemergency.com,Veterinary Medicine & Animal Hospitals,"Fort Worth, TX, USA",Weave Target Vertical - Veterinary Medicine & Animal Hospitals,2026-09-06 21:50:19
A-Animal Clinic & Boarding Kennel,https://a-animalclinic.com,a-animalclinic.com,Veterinary Medicine & Animal Hospitals,"Fort Worth, TX, USA",Weave Target Vertical - Veterinary Medicine & Animal Hospitals,2026-09-06 21:50:19
Animal Hospital Southwest,http://animalhospitalsouthwest.com,animalhospitalsouthwest.com,Veterinary Medicine & Animal Hospitals,"Fort Worth, TX, USA",Weave Target Vertical - Veterinary Medicine & Animal Hospitals,2026-09-06 21:50:19
I-20 Animal Medical Center Vet ER & Wellness,https://www.i20animal.com,i20animal.com,Veterinary Medicine & Animal Hospitals,"Fort Worth, TX, USA",Weave Target Vertical - Veterinary Medicine & Animal Hospitals,2026-09-06 21:50:19
The Cat's Meow Veterinary Hospital,http://www.catsmeowvets.com,catsmeowvets.com,Veterinary Medicine & Animal Hospitals,"Fort Worth, TX, USA",Weave Target Vertical - Veterinary Medicine & Animal Hospitals,2026-09-06 21:50:20
Ridglea West Animal Hospital,http://rwah.vet,rwah.vet,Veterinary Medicine & Animal Hospitals,"Fort Worth, TX, USA",Weave Target Vertical - Veterinary Medicine & Animal Hospitals,2026-09-06 21:50:20
Hurst Animal Clinic,https://hurstanimalclinic.com,hurstanimalclinic.com,Veterinary Medicine & Animal Hospitals,"Fort Worth, TX, USA",Weave Target Vertical - Veterinary Medicine & Animal Hospitals,2026-09-06 21:50:20
Arlington Heights Animal Hospital,https://cowtownvet.com,cowtownvet.com,Veterinary Medicine & Animal Hospitals,"Fort Worth, TX, USA",Weave Target Vertical - Veterinary Medicine & Animal Hospitals,2026-09-06 21:50:20
Harris Parkway Animal Hospital,https://harrisparkwayanimalhosp.com,harrisparkwayanimalhosp.com,Veterinary Medicine & Animal Hospitals,"Fort Worth, TX, USA",Weave Target Vertical - Veterinary Medicine & Animal Hospitals,2026-09-06 21:50:20
Brown Trail Animal Hospital,https://www.browntrailah.com,browntrailah.com,Veterinary Medicine & Animal Hospitals,"Fort Worth, TX, USA",Weave Target Vertical - Veterinary Medicine & Animal Hospitals,2026-09-06 21:50:20
South Hills Animal Hospital,https://komaps.top/business/south-hills-animal-hospital-ec2v5p,komaps.top,Veterinary Medicine & Animal Hospitals,"Fort Worth, TX, USA",Weave Target Vertical - Veterinary Medicine & Animal Hospitals,2026-09-06 21:50:20
ABC Animal Clinic and Hospital,http://www.abcvetclinic.com,abcvetclinic.com,Veterinary Medicine & Animal Hospitals,"Fort Worth, TX, USA",Weave Target Vertical - Veterinary Medicine & Animal Hospitals,2026-09-06 21:50:20
Bridge Street Animal Clinic,http://www.bridgestreetanimalclinicfw.com,bridgestreetanimalclinicfw.com,Veterinary Medicine & Animal Hospitals,"Fort Worth, TX, USA",Weave Target Vertical - Veterinary Medicine & Animal Hospitals,2026-09-06 21:50:20
Family Pet Clinic of North Richland Hills,https://www.fpcnorthrichlandvet.com,fpcnorthrichlandvet.com,Veterinary Medicine & Animal Hospitals,"Fort Worth, TX, USA",Weave Target Vertical - Veterinary Medicine & Animal Hospitals,2026-09-06 21:50:20
Lake Worth Animal Clinic,http://www.lakeworthanimalclinic.net,lakeworthanimalclinic.net,Veterinary Medicine & Animal Hospitals,"Fort Worth, TX, USA",Weave Target Vertical - Veterinary Medicine & Animal Hospitals,2026-09-06 21:50:21
St. Francis Veterinary Clinic,http://www.saintfrancisvetclinic.com,saintfrancisvetclinic.com,Veterinary Medicine & Animal Hospitals,"Fort Worth, TX, USA",Weave Target Vertical - Veterinary Medicine & Animal Hospitals,2026-09-06 21:50:21
Penny Paws Animal Hospital - Richland Hills,https://www.pennypaws.com,pennypaws.com,Veterinary Medicine & Animal Hospitals,"Fort Worth, TX, USA",Weave Target Vertical - Veterinary Medicine & Animal Hospitals,2026-09-06 21:50:30
Ridglea Animal Hospital,http://www.ridgleaveterinary.com,ridgleaveterinary.com,Veterinary Medicine & Animal Hospitals,"Fort Worth, TX, USA",Weave Target Vertical - Veterinary Medicine & Animal Hospitals,2026-09-06 21:50:31
El Paso Animal Emergency Center,https://www.epanimalemergency.com,epanimalemergency.com,Veterinary Medicine & Animal Hospitals,"El Paso, TX, USA",Weave Target Vertical - Veterinary Medicine & Animal Hospitals,2026-09-06 21:50:42
East El Paso Animal Hospital,https://eastelpasoanimalhospital.com,eastelpasoanimalhospital.com,Veterinary Medicine & Animal Hospitals,"El Paso, TX, USA",Weave Target Vertical - Veterinary Medicine & Animal Hospitals,2026-09-06 21:50:42
Eastwood Animal Clinic Inc,http://www.eastwoodanimalclinic.com,eastwoodanimalclinic.com,Veterinary Medicine & Animal Hospitals,"El Paso, TX, USA",Weave Target Vertical - Veterinary Medicine & Animal Hospitals,2026-09-06 21:50:42
Vista Hills Animal Hospital,https://www.vistahillsanimalhospital.com,vistahillsanimalhospital.com,Veterinary Medicine & Animal Hospitals,"El Paso, TX, USA",Weave Target Vertical - Veterinary Medicine & Animal Hospitals,2026-09-06 21:50:42
El Paso Veterinary Hospital,https://myweb18.site/explore/el-paso-veterinary-hospital,myweb18.site,Veterinary Medicine & Animal Hospitals,"El Paso, TX, USA",Weave Target Vertical - Veterinary Medicine & Animal Hospitals,2026-09-06 21:50:42
Montana Animal Clinic,https://stellarvet.com,stellarvet.com,Veterinary Medicine & Animal Hospitals,"El Paso, TX, USA",Weave Target Vertical - Veterinary Medicine & Animal Hospitals,2026-09-06 21:50:42
Crossroads Animal Hospital,http://www.xroadsvets.com,xroadsvets.com,Veterinary Medicine & Animal Hospitals,"El Paso, TX, USA",Weave Target Vertical - Veterinary Medicine & Animal Hospitals,2026-09-06 21:50:42
TLC Animal Hospital,https://www.tlcvetelpaso.com,tlcvetelpaso.com,Veterinary Medicine & Animal Hospitals,"El Paso, TX, USA",Weave Target Vertical - Veterinary Medicine & Animal Hospitals,2026-09-06 21:50:42
El Paso Animal Urgent Care West,https://www.elpasoanimalurgentcare.com,elpasoanimalurgentcare.com,Veterinary Medicine & Animal Hospitals,"El Paso, TX, USA",Weave Target Vertical - Veterinary Medicine & Animal Hospitals,2026-09-06 21:50:42
Allstar Animal Hospital,https://www.allstaranimalhospitalep.com,allstaranimalhospitalep.com,Veterinary Medicine & Animal Hospitals,"El Paso, TX, USA",Weave Target Vertical - Veterinary Medicine & Animal Hospitals,2026-09-06 21:50:42
Zarges Animal Clinic,http://www.zargesanimalclinic.com,zargesanimalclinic.com,Veterinary Medicine & Animal Hospitals,"El Paso, TX, USA",Weave Target Vertical - Veterinary Medicine & Animal Hospitals,2026-09-06 21:50:42
Foothills Animal Clinic,https://www.foothillsanimalclinicelpaso.com,foothillsanimalclinicelpaso.com,Veterinary Medicine & Animal Hospitals,"El Paso, TX, USA",Weave Target Vertical - Veterinary Medicine & Animal Hospitals,2026-09-06 21:50:42
McRae Animal Hospital,http://mcraeanimalhospital.com,mcraeanimalhospital.com,Veterinary Medicine & Animal Hospitals,"El Paso, TX, USA",Weave Target Vertical - Veterinary Medicine & Animal Hospitals,2026-09-06 21:50:42
Coronado Animal Clinic,http://www.coronadovets.com,coronadovets.com,Veterinary Medicine & Animal Hospitals,"El Paso, TX, USA",Weave Target Vertical - Veterinary Medicine & Animal Hospitals,2026-09-06 21:50:42
Edgar Park Veterinary Clinic,https://edgarparkveterinaryclinic.com,edgarparkveterinaryclinic.com,Veterinary Medicine & Animal Hospitals,"El Paso, TX, USA",Weave Target Vertical - Veterinary Medicine & Animal Hospitals,2026-09-06 21:50:42
Southwest Animal Care Complex,https://swanimalcare.com,swanimalcare.com,Veterinary Medicine & Animal Hospitals,"El Paso, TX, USA",Weave Target Vertical - Veterinary Medicine & Animal Hospitals,2026-09-06 21:50:42
Country Club Animal Clinic,http://www.countryclubanimalclinic.net,countryclubanimalclinic.net,Veterinary Medicine & Animal Hospitals,"El Paso, TX, USA",Weave Target Vertical - Veterinary Medicine & Animal Hospitals,2026-09-06 21:50:42
Kern Place Veterinary Hospital,http://kernplaceveterinaryhospital.com,kernplaceveterinaryhospital.com,Veterinary Medicine & Animal Hospitals,"El Paso, TX, USA",Weave Target Vertical - Veterinary Medicine & Animal Hospitals,2026-09-06 21:50:42
Holy Family Pet Care,http://holyfamilypetcare.com,holyfamilypetcare.com,Veterinary Medicine & Animal Hospitals,"El Paso, TX, USA",Weave Target Vertical - Veterinary Medicine & Animal Hospitals,2026-09-06 21:50:42
Desert East Animal Hospital,https://www.deserteastanimalhospital.com,deserteastanimalhospital.com,Veterinary Medicine & Animal Hospitals,"El Paso, TX, USA",Weave Target Vertical - Veterinary Medicine & Animal Hospitals,2026-09-06 21:50:42
Veterinary Specialty Center,https://veterinaryspecialty.com,veterinaryspecialty.com,Veterinary Medicine & Animal Hospitals,"Colorado Springs, CO, USA",Weave Target Vertical - Veterinary Medicine & Animal Hospitals,2026-09-06 21:50:54
"Animal ER Care, LLC",https://www.animalercare.com/locations/animal-er-care-vsc,animalercare.com,Veterinary Medicine & Animal Hospitals,"Colorado Springs, CO, USA",Weave Target Vertical - Veterinary Medicine & Animal Hospitals,2026-09-06 21:50:54
High Plains Veterinary Hospital,http://highplainsvet.com,highplainsvet.com,Veterinary Medicine & Animal Hospitals,"Colorado Springs, CO, USA",Weave Target Vertical - Veterinary Medicine & Animal Hospitals,2026-09-06 21:50:54
East Springs Animal Hospital,https://www.eastspringsanimalhospital.com,eastspringsanimalhospital.com,Veterinary Medicine & Animal Hospitals,"Colorado Springs, CO, USA",Weave Target Vertical - Veterinary Medicine & Animal Hospitals,2026-09-06 21:50:54
Animal Hospital of Colorado Springs,https://animalhospitalcs.com,animalhospitalcs.com,Veterinary Medicine & Animal Hospitals,"Colorado Springs, CO, USA",Weave Target Vertical - Veterinary Medicine & Animal Hospitals,2026-09-06 21:50:54
Westside Animal Hospital,https://www.westsideanimalhospital.com,westsideanimalhospital.com,Veterinary Medicine & Animal Hospitals,"Colorado Springs, CO, USA",Weave Target Vertical - Veterinary Medicine & Animal Hospitals,2026-09-06 21:50:54
Fountain Valley Animal Hospital,http://fvah-co.com,fvah-co.com,Veterinary Medicine & Animal Hospitals,"Colorado Springs, CO, USA",Weave Target Vertical - Veterinary Medicine & Animal Hospitals,2026-09-06 21:50:54
Cook Veterinary Hospital,http://www.cookveterinary.com,cookveterinary.com,Veterinary Medicine & Animal Hospitals,"Colorado Springs, CO, USA",Weave Target Vertical - Veterinary Medicine & Animal Hospitals,2026-09-06 21:50:54
Faithful Friends Animal Hospital,https://faithfulfriendsanimalhospital.com,faithfulfriendsanimalhospital.com,Veterinary Medicine & Animal Hospitals,"Colorado Springs, CO, USA",Weave Target Vertical - Veterinary Medicine & Animal Hospitals,2026-09-06 21:50:54
High Country Veterinary Hospital,http://www.highcountryvetcos.squarespace.com,highcountryvetcos.squarespace.com,Veterinary Medicine & Animal Hospitals,"Colorado Springs, CO, USA",Weave Target Vertical - Veterinary Medicine & Animal Hospitals,2026-09-06 21:50:54
Southern Rockies Animal Emergency + Specialty,https://southernrockiesanimaler.com,southernrockiesanimaler.com,Veterinary Medicine & Animal Hospitals,"Colorado Springs, CO, USA",Weave Target Vertical - Veterinary Medicine & Animal Hospitals,2026-09-06 21:50:54
Yorkshire Veterinary Hospital,https://yorkshirevetclinic.com,yorkshirevetclinic.com,Veterinary Medicine & Animal Hospitals,"Colorado Springs, CO, USA",Weave Target Vertical - Veterinary Medicine & Animal Hospitals,2026-09-06 21:50:54
Aspen View Veterinary Hospital,http://www.aspenviewvet.com,aspenviewvet.com,Veterinary Medicine & Animal Hospitals,"Colorado Springs, CO, USA",Weave Target Vertical - Veterinary Medicine & Animal Hospitals,2026-09-06 21:50:54
Cheyenne Mountain Animal Hospital,https://cheyennepets.com,cheyennepets.com,Veterinary Medicine & Animal Hospitals,"Colorado Springs, CO, USA",Weave Target Vertical - Veterinary Medicine & Animal Hospitals,2026-09-06 21:50:54
Fillmore Veterinary Hospital,http://fillmorevet.com,fillmorevet.com,Veterinary Medicine & Animal Hospitals,"Colorado Springs, CO, USA",Weave Target Vertical - Veterinary Medicine & Animal Hospitals,2026-09-06 21:50:54
Ridgewood Animal Hospital,http://www.ridgewoodanimalhospital.com,ridgewoodanimalhospital.com,Veterinary Medicine & Animal Hospitals,"Colorado Springs, CO, USA",Weave Target Vertical - Veterinary Medicine & Animal Hospitals,2026-09-06 21:50:54
Bijou Animal Hospital PC,http://www.bijouanimalhospital.com,bijouanimalhospital.com,Veterinary Medicine & Animal Hospitals,"Colorado Springs, CO, USA",Weave Target Vertical - Veterinary Medicine & Animal Hospitals,2026-09-06 21:50:54
Claremont Ranch Animal Hospital,http://claremontranchvet.com,claremontranchvet.com,Veterinary Medicine & Animal Hospitals,"Colorado Springs, CO, USA",Weave Target Vertical - Veterinary Medicine & Animal Hospitals,2026-09-06 21:50:54
Bear Creek Veterinary Care,https://www.bearcreekvet.com,bearcreekvet.com,Veterinary Medicine & Animal Hospitals,"Colorado Springs, CO, USA",Weave Target Vertical - Veterinary Medicine & Animal Hospitals,2026-09-06 21:50:54
Brown Veterinary Hospital,http://www.brownvet.com,brownvet.com,Veterinary Medicine & Animal Hospitals,"Colorado Springs, CO, USA",Weave Target Vertical - Veterinary Medicine & Animal Hospitals,2026-09-06 21:50:54
