Practice Domain,Cleaned_Domain,Is_Healthcare,Healthcare_Category,Confidence,Reason,Page_Title,Site_Status,Detected_Specialties
https://otpotential.com,otpotential.com,NO,Non-Healthcare / General,Low,"Insufficient healthcare relevance (hc_score: 0, non_hc_score: 0)",Just a moment...,Live (403),
https://priceschool.usc.edu,priceschool.usc.edu,NO,Non-Healthcare (Real Estate),High,Identified as Real Estate industry (score: 8 vs hc: 2),Price School of Public Policy | USC Price,Live (200),
https://omnimd.com,omnimd.com,YES,Primary Care & Family Medicine,High,Verified healthcare practice (Primary Care & Family Medicine). Content & keywords score: 94,"EHR, Billing & AI Solutions to Grow Your Practice - OmniMD",Live (200),"Primary Care & Family Medicine, General / Other Medical Specialty, Mental Health & Psychiatry"
https://heno-dev.com,heno-dev.com,NO,Non-Healthcare / General,Low,"Insufficient healthcare relevance (hc_score: 0, non_hc_score: 0)",,Live (200),
https://www.proactivechart.com,proactivechart.com,YES,Chiropractic & Physical Therapy,High,Verified healthcare practice (Chiropractic & Physical Therapy). Content & keywords score: 30,Proactive Chart,Live (200),Chiropractic & Physical Therapy
https://comprehendhealth.ai,comprehendhealth.ai,YES,Chiropractic & Physical Therapy,High,Verified healthcare practice (Chiropractic & Physical Therapy). Content & keywords score: 34,AI Scribe for Physical Therapists | HIPAA Compliant | Comprehend,Live (200),Chiropractic & Physical Therapy
https://webcatalog.io,webcatalog.io,NO,Non-Healthcare / General,Medium,"Insufficient healthcare relevance (hc_score: 0, non_hc_score: 1)","WebCatalog for Mac, Windows",Live (200),
https://parse.gl,parse.gl,NO,Non-Healthcare / General,Low,"Insufficient healthcare relevance (hc_score: 0, non_hc_score: 0)",Win more AI recommendations | Parse,Live (200),
https://intuitionlabs.ai,intuitionlabs.ai,YES,General Healthcare,High,Verified healthcare practice (General Healthcare). Content & keywords score: 8,AI Acceleration for Life Sciences | IntuitionLabs,Live (200),
https://www.emrindustry.com,emrindustry.com,YES,General Healthcare,High,Verified healthcare practice (General Healthcare). Content & keywords score: 33,"EMR Industry | EHR News, Updates & Vendor Directory",Live (200),
https://www.softwareworld.co,softwareworld.co,NO,Non-Healthcare / General,Low,"Insufficient healthcare relevance (hc_score: 0, non_hc_score: 0)",Just a moment...,Live (403),
https://www.carepatron.com,carepatron.com,YES,Mental Health & Psychiatry,High,Verified healthcare practice (Mental Health & Psychiatry). Content & keywords score: 30,Carepatron - Healthcare Practice Management Software,Live (200),Mental Health & Psychiatry
https://www.selecthub.com,selecthub.com,NO,Non-Healthcare / General,Low,"Insufficient healthcare relevance (hc_score: 0, non_hc_score: 0)",Just a moment...,Live (403),
https://www.goodcall.com,goodcall.com,YES,General Healthcare,Medium,"Healthcare indicators found (General Healthcare, score: 2)","Goodcall | Voice AI, AI Phone Agent & Virtual Receptionist",Live (200),
https://back2normalpt.com,back2normalpt.com,YES,Chiropractic & Physical Therapy,High,Verified healthcare practice (Chiropractic & Physical Therapy). Content & keywords score: 81,Physical Therapy Clinic St. Petersburg & Tampa Bay Area - Back 2 Normal PT,Live (200),"Chiropractic & Physical Therapy, Orthopedics & Sports Medicine, Pain Management & Spine"
https://jobs.gusto.com,jobs.gusto.com,NO,Non-Healthcare / General,Low,"Insufficient healthcare relevance (hc_score: 0, non_hc_score: 0)",Just a moment...,Live (403),
https://jane.app,jane.app,YES,Mental Health & Psychiatry,High,Verified healthcare practice (Mental Health & Psychiatry). Content & keywords score: 19,Practice Management Software for Health & Wellness Clinics | Jane,Live (200),Mental Health & Psychiatry
https://www.ptisfoundation.org,ptisfoundation.org,YES,Chiropractic & Physical Therapy,High,Verified healthcare practice (Chiropractic & Physical Therapy). Content & keywords score: 13,Home | Physical Therapy International Service Foundation,Live (200),Chiropractic & Physical Therapy
https://ist-fl.com,ist-fl.com,NO,Non-Healthcare / General,Low,"Insufficient healthcare relevance (hc_score: 0, non_hc_score: 0)",Resources for Technology Development | Innovative Space Technologies,Live (200),
https://themedicalpractice.com,themedicalpractice.com,YES,General Healthcare,Medium,"Healthcare indicators found (General Healthcare, score: 3)",Just a moment...,Live (403),
https://smyte.com,smyte.com,NO,Non-Healthcare (Financial / Accounting),High,Identified as Financial / Accounting industry (score: 13 vs hc: 9),Home New - Smyte,Live (200),
https://nerdisa.com,nerdisa.com,NO,Non-Healthcare / General,Medium,"Insufficient healthcare relevance (hc_score: 0, non_hc_score: 3)",Discover the Best Business Software | Nerdisa,Live (200),
https://guidewellinnovation.com,guidewellinnovation.com,YES,General Healthcare,High,Verified healthcare practice (General Healthcare). Content & keywords score: 8,GuideWell Innovation Center | Reimagining the Future of Health,Live (200),
https://peakdemand.ca,peakdemand.ca,YES,Dental & Orthodontics,High,Verified healthcare practice (Dental & Orthodontics). Content & keywords score: 33,Voice AI Agency Automation Services & SEO Toronto Canada,Live (200),"Dental & Orthodontics, Veterinary / Animal Care, Primary Care & Family Medicine"
https://threebirdswellness.org,threebirdswellness.org,YES,Chiropractic & Physical Therapy,High,Verified healthcare practice (Chiropractic & Physical Therapy). Content & keywords score: 27,Three Bird Wellness,Live (200),"Chiropractic & Physical Therapy, Mental Health & Psychiatry, Primary Care & Family Medicine"
https://korerehab.fitness,korerehab.fitness,YES,Chiropractic & Physical Therapy,High,Verified healthcare practice (Chiropractic & Physical Therapy). Content & keywords score: 47,Kore Rehab: Outpatient Physical Therapy and Athletic Recovery,Live (200),Chiropractic & Physical Therapy
https://vev.co,vev.co,YES,General Healthcare,Medium,Verified healthcare practice (General Healthcare). Content & keywords score: 4,Power your salon with Vev software,Live (200),
https://ptpilotbilling.com,ptpilotbilling.com,NO,Unreachable / Unknown,Low,Site unreachable (SSL/Connection Error: HTTPSConnectionPool(host='ptpilotbilling) and domain name lacks clear healthcare indicators,,SSL/Connection Error: HTTPSConnectionPool(host='ptpilotbilling,
https://heno.vids.io,heno.vids.io,YES,Chiropractic & Physical Therapy,High,Verified healthcare practice (Chiropractic & Physical Therapy). Content & keywords score: 20,Physical Therapy Software Demo Videos,Live (200),Chiropractic & Physical Therapy
https://subscribed.fyi,subscribed.fyi,NO,Non-Healthcare / General,Low,"Insufficient healthcare relevance (hc_score: 0, non_hc_score: 0)",Just a moment...,Live (403),
https://www.saashub.com,saashub.com,NO,Non-Healthcare (Financial / Accounting),High,Identified as Financial / Accounting industry (score: 6 vs hc: 1),"SaaSHub - Software Alternatives, Accelerators & Startups",Live (200),
https://www.f6s.com,f6s.com,NO,Non-Healthcare / General,Low,"Insufficient healthcare relevance (hc_score: 0, non_hc_score: 0)",Checking your browser,Live (200),
https://wifitalents.com,wifitalents.com,NO,Non-Healthcare (Real Estate),High,Identified as Real Estate industry (score: 9 vs hc: 8),"Original data, independently audited | WifiTalents",Live (200),
https://support.patientportals-login.com,support.patientportals-login.com,NO,Non-Healthcare / General,Medium,"Insufficient healthcare relevance (hc_score: 1, non_hc_score: 0)",Rekomendasi Website AJO89 Situs Slot Yang Kalah Saja Tetep Wede,Live (200),
https://www.provocollege.edu,provocollege.edu,YES,Chiropractic & Physical Therapy,High,Verified healthcare practice (Chiropractic & Physical Therapy). Content & keywords score: 18,Utah Nursing School & Healthcare College | Provo College,Live (200),"Chiropractic & Physical Therapy, Mental Health & Psychiatry"
https://civilphysicaltherapy.com,civilphysicaltherapy.com,YES,Chiropractic & Physical Therapy,High,Verified healthcare practice (Chiropractic & Physical Therapy). Content & keywords score: 48,"Civil Physical Therapy | Rehab, Recovery, Physical Therapy & Athletic Training",Live (200),"Chiropractic & Physical Therapy, Podiatry"
https://www.medigy.com,medigy.com,YES,Hospital & Health System,High,Verified healthcare practice (Hospital & Health System). Content & keywords score: 54,Discover the New Digital Healthcare Innovation Technologies in Medical Industry | Medigy,Live (200),"Hospital & Health System, Cardiology & Heart Care, Gastroenterology"
https://www.manninghammedicalcentre.com.au,manninghammedicalcentre.com.au,YES,Dental & Orthodontics,High,Verified healthcare practice (Dental & Orthodontics). Content & keywords score: 30,Home - Manningham Medical Centre,Live (200),"Dental & Orthodontics, General / Other Medical Specialty, Hospital & Health System"
https://growjo.com,growjo.com,NO,Non-Healthcare / General,Low,"Insufficient healthcare relevance (hc_score: 0, non_hc_score: 0)",Just a moment...,Live (403),
https://tools.afs-akademie.org,tools.afs-akademie.org,NO,Non-Healthcare / General,Low,"Insufficient healthcare relevance (hc_score: 0, non_hc_score: 0)",AFS Tools: Entdecke die besten Business-Software-Lösungen,Live (200),
https://pages.ghagency.com,pages.ghagency.com,NO,Non-Healthcare / General,Medium,"Insufficient healthcare relevance (hc_score: 0, non_hc_score: 3)",Inbound Marketing Blog,Live (200),
https://www.webpt.com,webpt.com,YES,Chiropractic & Physical Therapy,High,Verified healthcare practice (Chiropractic & Physical Therapy). Content & keywords score: 38,The Leading Physical Therapy Software & Rehab Therapy EMR | WebPT,Live (200),"Chiropractic & Physical Therapy, Mental Health & Psychiatry, Hospital & Health System"
https://www.ebool.com,ebool.com,NO,Non-Healthcare / General,Medium,"Insufficient healthcare relevance (hc_score: 0, non_hc_score: 2)",Best B2B Business Software Reviews and Alternatives - eBool,Live (200),
https://www.sitelike.org,sitelike.org,NO,Non-Healthcare / General,Medium,"Insufficient healthcare relevance (hc_score: 0, non_hc_score: 1)",Similar Sites & Alternative Website Finder | Sites Like,Live (200),
https://gitnux.org,gitnux.org,NO,Non-Healthcare (Retail & Shopping),High,Identified as Retail & Shopping industry (score: 10 vs hc: 0),Gitnux — Facts & Grounding Page,Live (200),
https://memberpoint.io,memberpoint.io,NO,Non-Healthcare / General,Low,"Insufficient healthcare relevance (hc_score: 0, non_hc_score: 0)",Just a moment...,Live (403),
https://www.g2.com,g2.com,NO,Non-Healthcare / General,Low,"Insufficient healthcare relevance (hc_score: 0, non_hc_score: 0)",g2.com,Live (403),
https://www.dexknows.com,dexknows.com,NO,Non-Healthcare / General,Low,"Insufficient healthcare relevance (hc_score: 0, non_hc_score: 0)",Attention Required! | Cloudflare,Live (403),
https://www.alder.in,alder.in,NO,Non-Healthcare / General,Low,"Insufficient healthcare relevance (hc_score: 0, non_hc_score: 0)",Bot Verification,Live (403),
https://beststartup.us,beststartup.us,NO,Non-Healthcare (Real Estate),High,Identified as Real Estate industry (score: 6 vs hc: 0),Startup Business Articles & Insights Across the US,Live (200),
https://www.trustradius.com,trustradius.com,NO,Non-Healthcare / General,Low,"Insufficient healthcare relevance (hc_score: 0, non_hc_score: 0)",Just a moment...,Live (403),
https://www.vu-ha.com,vu-ha.com,NO,Non-Healthcare / General,Low,"Insufficient healthcare relevance (hc_score: 0, non_hc_score: 0)",Vu Ha,Live (200),
https://azzly.com,azzly.com,YES,Mental Health & Psychiatry,High,Verified healthcare practice (Mental Health & Psychiatry). Content & keywords score: 99,"Behavioral Health EHR, EMR & Addiction Treatment Software",Live (200),"Mental Health & Psychiatry, Hospital & Health System, Chiropractic & Physical Therapy"
https://builtin.com,builtin.com,NO,Non-Healthcare / General,Medium,"Insufficient healthcare relevance (hc_score: 0, non_hc_score: 2)",Built In: Job Search & Company Research,Live (200),
https://www.crunchbase.com,crunchbase.com,NO,Non-Healthcare / General,Low,"Insufficient healthcare relevance (hc_score: 0, non_hc_score: 0)",Crunchbase | Private Company Data & Predictive Intelligence,Live (200),
https://dayofdifference.org.au,dayofdifference.org.au,YES,Hospital & Health System,Medium,Verified healthcare practice (Hospital & Health System). Content & keywords score: 4,Home | Day of Difference Foundation,Live (200),"Hospital & Health System, General / Other Medical Specialty"
https://www.accuratereviews.com,accuratereviews.com,NO,Unreachable / Unknown,Low,Site unreachable (Connection Timeout) and domain name lacks clear healthcare indicators,,Connection Timeout,
https://www.keragon.com,keragon.com,YES,Dental & Orthodontics,High,Verified healthcare practice (Dental & Orthodontics). Content & keywords score: 43,#1 Healthcare Automation Platform - Keragon,Live (200),"Dental & Orthodontics, Mental Health & Psychiatry, Plastic & Cosmetic Surgery"
https://www.osplabs.com,osplabs.com,YES,Hospital & Health System,High,Verified healthcare practice (Hospital & Health System). Content & keywords score: 36,Healthcare Software Development Company USA | OSP,Live (200),"Hospital & Health System, Mental Health & Psychiatry, General / Other Medical Specialty"
https://paperspanda.com,paperspanda.com,NO,Non-Healthcare / General,Low,"Insufficient healthcare relevance (hc_score: 0, non_hc_score: 0)",Redirecting...,Live (200),
https://patient-faqs.com,patient-faqs.com,NO,Unreachable / Unknown,Low,Site unreachable (DNS / Connection Refused) and domain name lacks clear healthcare indicators,,DNS / Connection Refused,
https://www.in-time.rs,in-time.rs,YES,General Healthcare,Medium,Verified healthcare practice (General Healthcare). Content & keywords score: 4,In Time Express d.o.o.,Live (200),
https://metabenefit.com,metabenefit.com,NO,Unreachable / Unknown,Low,Site unreachable (Connection Timeout) and domain name lacks clear healthcare indicators,,Connection Timeout,
https://www.techcreative.me,techcreative.me,NO,Non-Healthcare / General,Medium,"Insufficient healthcare relevance (hc_score: 0, non_hc_score: 3)",KANGJITU Situs Gacor 2026 Link Resmi Daftar Slot Online Terpercaya #1,Live (200),
https://bdteletalk.com,bdteletalk.com,NO,Non-Healthcare / General,Low,"Insufficient healthcare relevance (hc_score: 0, non_hc_score: 0)",BD Teletalk - Portal Informasi Lowongan Kerja Terbaru,Live (200),
https://heno-prod2.com,heno-prod2.com,NO,Non-Healthcare / General,Low,"Insufficient healthcare relevance (hc_score: 0, non_hc_score: 0)",,Live (200),
https://www.nichesitemastery.com,nichesitemastery.com,NO,Non-Healthcare / General,Low,"Insufficient healthcare relevance (hc_score: 0, non_hc_score: 0)",Redirecting...,Live (200),
https://advanced-ranking-seoexpress-specialists.store,advanced-ranking-seoexpress-specialists.store,NO,Non-Healthcare / General,Medium,"Insufficient healthcare relevance (hc_score: 0, non_hc_score: 3)",SEO Express â Wholesale Backlinks. Priced Per Link.,Live (200),
https://backlink-pro-anchor-text-and-click-through-hub.store,backlink-pro-anchor-text-and-click-through-hub.store,NO,Non-Healthcare / General,Low,"Insufficient healthcare relevance (hc_score: 0, non_hc_score: 0)",SEO Express â Wholesale Backlinks. Priced Per Link.,Live (200),
https://luxury-outrank-hq-crew.store,luxury-outrank-hq-crew.store,NO,Non-Healthcare / General,Low,"Insufficient healthcare relevance (hc_score: 0, non_hc_score: 0)",SEO Express â Wholesale Backlinks. Priced Per Link.,Live (200),
https://seoexpress-organic-partners.store,seoexpress-organic-partners.store,NO,Non-Healthcare / General,Medium,"Insufficient healthcare relevance (hc_score: 0, non_hc_score: 3)",SEO Express â Wholesale Backlinks. Priced Per Link.,Live (200),
https://traffic-surge-ranking-signal-and-crawl-budget-partners.store,traffic-surge-ranking-signal-and-crawl-budget-partners.store,YES,General Healthcare,Medium,"Healthcare indicators found (General Healthcare, score: 3)",SEO Express â Wholesale Backlinks. Priced Per Link.,Live (200),
https://www.sprypt.com,sprypt.com,YES,Chiropractic & Physical Therapy,High,Verified healthcare practice (Chiropractic & Physical Therapy). Content & keywords score: 31,"SPRY : Physical Therapy Software - #1 Rated Software for PT, OT and SLP",Live (200),"Chiropractic & Physical Therapy, Orthopedics & Sports Medicine, Mental Health & Psychiatry"
https://seoexpress.online,seoexpress.online,NO,Non-Healthcare / General,Medium,"Insufficient healthcare relevance (hc_score: 0, non_hc_score: 3)",SEO Express â Wholesale Backlinks. Priced Per Link.,Live (200),
https://modern-authority-seoexpress.store,modern-authority-seoexpress.store,NO,Non-Healthcare / General,Medium,"Insufficient healthcare relevance (hc_score: 0, non_hc_score: 3)",SEO Express â Wholesale Backlinks. Priced Per Link.,Live (200),
https://bestsitesbacklinks.com,bestsitesbacklinks.com,NO,Non-Healthcare / General,Low,"Insufficient healthcare relevance (hc_score: 0, non_hc_score: 0)",Just a moment...,Live (403),
https://official-saas-seo-outrank-hq-collective.store,official-saas-seo-outrank-hq-collective.store,NO,Non-Healthcare (Technology / Marketing),High,Identified as Technology / Marketing industry (score: 7 vs hc: 0),SEO Express â Wholesale Backlinks. Priced Per Link.,Live (200),
https://bold-contextual-rank-forge-consultants.store,bold-contextual-rank-forge-consultants.store,NO,Non-Healthcare / General,Low,"Insufficient healthcare relevance (hc_score: 0, non_hc_score: 0)",SEO Express â Wholesale Backlinks. Priced Per Link.,Live (200),
https://seoboostresults.shop,seoboostresults.shop,NO,Non-Healthcare / General,Medium,"Insufficient healthcare relevance (hc_score: 0, non_hc_score: 3)","Increase DR, DA, TF & Buy High Quality Backlinks 2026 | TopRankFlow â #1 SEO Authority Service",Live (200),
https://seoexpress-white-hat-group.store,seoexpress-white-hat-group.store,NO,Non-Healthcare / General,Medium,"Insufficient healthcare relevance (hc_score: 0, non_hc_score: 3)",SEO Express â Wholesale Backlinks. Priced Per Link.,Live (200),
https://seoexpress-website-experts.store,seoexpress-website-experts.store,NO,Non-Healthcare / General,Medium,"Insufficient healthcare relevance (hc_score: 0, non_hc_score: 3)",SEO Express â Wholesale Backlinks. Priced Per Link.,Live (200),
https://digital-pr-keyword-rank-and-crawl-budget-experts.store,digital-pr-keyword-rank-and-crawl-budget-experts.store,NO,Non-Healthcare / General,Low,"Insufficient healthcare relevance (hc_score: 0, non_hc_score: 0)",SEO Express â Wholesale Backlinks. Priced Per Link.,Live (200),
https://toplinksdirectory.com,toplinksdirectory.com,NO,Non-Healthcare (Roofing & Siding),High,Identified as Roofing & Siding industry (score: 29 vs hc: 6),"Top Links DIrectory | Explore the world’s knowledge, cultures, and ideas",Live (200),
https://bestseobacklinkforsite.com,bestseobacklinkforsite.com,NO,Non-Healthcare / General,Medium,"Insufficient healthcare relevance (hc_score: 0, non_hc_score: 3)",Just a moment...,Live (403),
https://betterbodyconnection.com,betterbodyconnection.com,YES,General Healthcare,High,Verified healthcare practice (General Healthcare). Content & keywords score: 16,"Wellness Center Des Plaines, IL | TRT & Weight Loss Experts",Live (200),
https://webrankingsolutionbacklinks.com,webrankingsolutionbacklinks.com,NO,Non-Healthcare / General,Low,"Insufficient healthcare relevance (hc_score: 0, non_hc_score: 0)",Just a moment...,Live (403),
https://australianwebdirectory.shop,australianwebdirectory.shop,NO,Non-Healthcare / General,Low,"Insufficient healthcare relevance (hc_score: 0, non_hc_score: 0)","Premium Domains Page 1,927",Live (200),
https://www.datanyze.com,datanyze.com,NO,Non-Healthcare (Real Estate),Medium,Identified as Real Estate industry (score: 4 vs hc: 3),Datanyze: Find Business Contact Info for B2B Sales Prospects,Live (200),
http://papasearch.net,papasearch.net,NO,Non-Healthcare (Real Estate),High,Identified as Real Estate industry (score: 38 vs hc: 10),,Live (200),
https://globalhealthaging.org,globalhealthaging.org,YES,General Healthcare,Medium,Verified healthcare practice (General Healthcare). Content & keywords score: 5,Global Health Aging – Bringing the latest news on longevity and healthy aging from around the world.,Live (200),
https://mediapostdirectory.com,mediapostdirectory.com,YES,Dental & Orthodontics,High,Verified healthcare practice (Dental & Orthodontics). Content & keywords score: 13,Media Post Directory |,Live (200),Dental & Orthodontics
https://topsiterankdirectory.com,topsiterankdirectory.com,NO,Unreachable / Unknown,Low,Site unreachable (DNS / Connection Refused) and domain name lacks clear healthcare indicators,,DNS / Connection Refused,
https://exclusive-traffic-experts-seoexpress.store,exclusive-traffic-experts-seoexpress.store,NO,Non-Healthcare / General,Medium,"Insufficient healthcare relevance (hc_score: 0, non_hc_score: 3)",SEO Express â Wholesale Backlinks. Priced Per Link.,Live (200),
https://guest-posting-and-link-equity-strategic-syndicate.store,guest-posting-and-link-equity-strategic-syndicate.store,NO,Non-Healthcare / General,Low,"Insufficient healthcare relevance (hc_score: 0, non_hc_score: 0)",SEO Express â Wholesale Backlinks. Priced Per Link.,Live (200),
https://seoexpress-best-seo-firm.store,seoexpress-best-seo-firm.store,NO,Non-Healthcare / General,Medium,"Insufficient healthcare relevance (hc_score: 0, non_hc_score: 3)",SEO Express â Wholesale Backlinks. Priced Per Link.,Live (200),
https://buyfairbacklinks.com,buyfairbacklinks.com,NO,Non-Healthcare / General,Low,"Insufficient healthcare relevance (hc_score: 0, non_hc_score: 0)",Just a moment...,Live (403),
https://welinkbacklinks.com,welinkbacklinks.com,NO,Non-Healthcare / General,Low,"Insufficient healthcare relevance (hc_score: 0, non_hc_score: 0)",Just a moment...,Live (403),
https://www.crossover-p.com,crossover-p.com,NO,Non-Healthcare / General,Low,"Insufficient healthcare relevance (hc_score: 0, non_hc_score: 0)",crossover-p.com,Live (200),
https://you-found-the-hidden-link.xyz,you-found-the-hidden-link.xyz,NO,Non-Healthcare / General,Low,"Insufficient healthcare relevance (hc_score: 0, non_hc_score: 0)",voicenote.in,Live (200),
https://coordination-eau.fr,coordination-eau.fr,NO,Non-Healthcare / General,Medium,"Insufficient healthcare relevance (hc_score: 0, non_hc_score: 1)",,Live (200),
https://link-baron-grand-cluster-works.store,link-baron-grand-cluster-works.store,NO,Non-Healthcare / General,Low,"Insufficient healthcare relevance (hc_score: 0, non_hc_score: 0)",SEO Express â Wholesale Backlinks. Priced Per Link.,Live (200),
https://proven-consortium-for-ranking-signal-and-keyword-rank.store,proven-consortium-for-ranking-signal-and-keyword-rank.store,NO,Non-Healthcare / General,Low,"Insufficient healthcare relevance (hc_score: 0, non_hc_score: 0)",SEO Express â Wholesale Backlinks. Priced Per Link.,Live (200),
https://fresh-catalog.com,fresh-catalog.com,NO,Non-Healthcare (Retail & Shopping),High,Identified as Retail & Shopping industry (score: 6 vs hc: 5),fresh-catalog.com: Makes it easy to find Catalogs online.,Live (200),
https://buytopqualitybacklinks.com,buytopqualitybacklinks.com,NO,Non-Healthcare / General,Low,"Insufficient healthcare relevance (hc_score: 0, non_hc_score: 0)",Just a moment...,Live (403),
https://proven-network-for-ranking-signal-and-keyword-rank.store,proven-network-for-ranking-signal-and-keyword-rank.store,NO,Non-Healthcare / General,Low,"Insufficient healthcare relevance (hc_score: 0, non_hc_score: 0)",SEO Express â Wholesale Backlinks. Priced Per Link.,Live (200),
https://link-baron-link-juice-optimal-marketplace.store,link-baron-link-juice-optimal-marketplace.store,NO,Non-Healthcare / General,Low,"Insufficient healthcare relevance (hc_score: 0, non_hc_score: 0)",SEO Express â Wholesale Backlinks. Priced Per Link.,Live (200),
https://fagros.shop,fagros.shop,NO,Unreachable / Unknown,Low,Site unreachable (DNS / Connection Refused) and domain name lacks clear healthcare indicators,,DNS / Connection Refused,
https://seoexpress-best-outreach-experts.store,seoexpress-best-outreach-experts.store,NO,Non-Healthcare / General,Medium,"Insufficient healthcare relevance (hc_score: 0, non_hc_score: 3)",SEO Express â Wholesale Backlinks. Priced Per Link.,Live (200),
https://treetrav.com,treetrav.com,NO,Unreachable / Unknown,Low,Site unreachable (Connection Timeout) and domain name lacks clear healthcare indicators,,Connection Timeout,
https://dotiqo.com,dotiqo.com,NO,Non-Healthcare / General,Medium,"Insufficient healthcare relevance (hc_score: 0, non_hc_score: 1)",DOTIQO – DOTIQO,Live (200),
https://seobazaar.shop,seobazaar.shop,NO,Non-Healthcare / General,Medium,"Insufficient healthcare relevance (hc_score: 2, non_hc_score: 3)",SEO Boost Agency â SEO Authority & Backlink Services,Live (200),
https://nexusnext.agency,nexusnext.agency,NO,Non-Healthcare (Technology / Marketing),Medium,Identified as Technology / Marketing industry (score: 4 vs hc: 2),BuySEOLink â Premium SEO Authority Packages,Live (200),
https://dynamic-cooperative-link-baron-saas-seo.store,dynamic-cooperative-link-baron-saas-seo.store,NO,Non-Healthcare (Technology / Marketing),High,Identified as Technology / Marketing industry (score: 7 vs hc: 0),SEO Express â Wholesale Backlinks. Priced Per Link.,Live (200),
https://smart-seoexpress-webpage-experts.store,smart-seoexpress-webpage-experts.store,NO,Non-Healthcare / General,Medium,"Insufficient healthcare relevance (hc_score: 0, non_hc_score: 3)",SEO Express â Wholesale Backlinks. Priced Per Link.,Live (200),
https://outrank-hq-legendary-white-hat.store,outrank-hq-legendary-white-hat.store,NO,Non-Healthcare / General,Low,"Insufficient healthcare relevance (hc_score: 0, non_hc_score: 0)",SEO Express â Wholesale Backlinks. Priced Per Link.,Live (200),
https://elite-seoexpress-link-building-team.store,elite-seoexpress-link-building-team.store,NO,Non-Healthcare / General,Medium,"Insufficient healthcare relevance (hc_score: 0, non_hc_score: 3)",SEO Express â Wholesale Backlinks. Priced Per Link.,Live (200),
https://seorankinghigh.shop,seorankinghigh.shop,NO,Non-Healthcare / General,Medium,"Insufficient healthcare relevance (hc_score: 0, non_hc_score: 3)",SEO Express â Wholesale Backlinks. Priced Per Link.,Live (200),
https://webrankprovider.shop,webrankprovider.shop,NO,Non-Healthcare / General,Medium,"Insufficient healthcare relevance (hc_score: 0, non_hc_score: 3)","Premium SEO Backlinks Services - Boost DR, DA & TF",Live (200),
https://webs.thecloudherald.com,webs.thecloudherald.com,NO,Non-Healthcare / General,Low,"Insufficient healthcare relevance (hc_score: 0, non_hc_score: 0)",🌩 THE CLOUD HERALD,Live (200),
https://siterankservice.shop,siterankservice.shop,NO,Non-Healthcare (Technology / Marketing),High,Identified as Technology / Marketing industry (score: 47 vs hc: 8),"SkyLinkSEO â SEO Services & Software House | DR, DA, TF, PBN, Guest Posts, SaaS & Web Development",Live (200),
https://linkseonetwork.shop,linkseonetwork.shop,NO,Non-Healthcare (Technology / Marketing),High,Identified as Technology / Marketing industry (score: 50 vs hc: 8),"SkyLinkSEO â SEO Services & Software House | DR, DA, TF, PBN, Guest Posts, SaaS & Web Development",Live (200),
https://domain-rating-authority-link-and-serp-boost-services.store,domain-rating-authority-link-and-serp-boost-services.store,NO,Non-Healthcare / General,Low,"Insufficient healthcare relevance (hc_score: 0, non_hc_score: 0)",SEO Express â Wholesale Backlinks. Priced Per Link.,Live (200),
https://superbqualitybacklinks.com,superbqualitybacklinks.com,NO,Non-Healthcare / General,Low,"Insufficient healthcare relevance (hc_score: 0, non_hc_score: 0)",Just a moment...,Live (403),
https://linkanews.com,linkanews.com,NO,Non-Healthcare / General,Medium,"Insufficient healthcare relevance (hc_score: 0, non_hc_score: 1)",Link A News,Live (200),
https://keyword-rank-and-domain-rating-leading-hub.store,keyword-rank-and-domain-rating-leading-hub.store,NO,Non-Healthcare / General,Low,"Insufficient healthcare relevance (hc_score: 0, non_hc_score: 0)",SEO Express â Wholesale Backlinks. Priced Per Link.,Live (200),
https://www.sdujoinmedical.com,sdujoinmedical.com,YES,General Healthcare,Medium,"Healthcare indicators found (General Healthcare, score: 3)",精品福利国产-欧美午夜a级精美理论片-伊人插-久久久久久久性,Live (200),
https://professional-seoexpress-marketing-studio.store,professional-seoexpress-marketing-studio.store,NO,Non-Healthcare (Non-Healthcare),High,Identified as Non-Healthcare industry (score: 6 vs hc: 0),SEO Express â Wholesale Backlinks. Priced Per Link.,Live (200),
https://seoexpress-content-experts.store,seoexpress-content-experts.store,NO,Non-Healthcare / General,Medium,"Insufficient healthcare relevance (hc_score: 0, non_hc_score: 3)",SEO Express â Wholesale Backlinks. Priced Per Link.,Live (200),
https://durmusoglunakliyat.com.tr,durmusoglunakliyat.com.tr,NO,Unreachable / Unknown,Low,Site unreachable (Connection Timeout) and domain name lacks clear healthcare indicators,,Connection Timeout,
https://edge-local.com,edge-local.com,NO,Non-Healthcare (Roofing & Siding),High,Identified as Roofing & Siding industry (score: 12 vs hc: 0),Find local contractors by trade and zip,Live (200),
https://smart-indexer-seoexpress.store,smart-indexer-seoexpress.store,NO,Non-Healthcare / General,Medium,"Insufficient healthcare relevance (hc_score: 0, non_hc_score: 3)",SEO Express â Wholesale Backlinks. Priced Per Link.,Live (200),
https://www.mehromahbooks.ir,mehromahbooks.ir,NO,Unreachable / Unknown,Low,Site unreachable (DNS / Connection Refused) and domain name lacks clear healthcare indicators,,DNS / Connection Refused,
https://siterankexpress.shop,siterankexpress.shop,NO,Non-Healthcare / General,Medium,"Insufficient healthcare relevance (hc_score: 0, non_hc_score: 3)","Premium SEO Backlinks Services - Boost DR, DA & TF",Live (200),
https://high-da-and-crawl-budget-strategic-exchange.store,high-da-and-crawl-budget-strategic-exchange.store,NO,Non-Healthcare / General,Low,"Insufficient healthcare relevance (hc_score: 0, non_hc_score: 0)",SEO Express â Wholesale Backlinks. Priced Per Link.,Live (200),
https://nd.iulataminstitutouniversitario.edu.mx,nd.iulataminstitutouniversitario.edu.mx,NO,Non-Healthcare (Food & Beverage),High,Identified as Food & Beverage industry (score: 9 vs hc: 0),nd.iulataminstitutouniversitario.edu.mx,Live (200),
https://prime-white-hat-seoexpress-network.store,prime-white-hat-seoexpress-network.store,NO,Non-Healthcare / General,Medium,"Insufficient healthcare relevance (hc_score: 0, non_hc_score: 3)",SEO Express â Wholesale Backlinks. Priced Per Link.,Live (200),
https://seoexpress-pbn-company.store,seoexpress-pbn-company.store,NO,Non-Healthcare / General,Medium,"Insufficient healthcare relevance (hc_score: 0, non_hc_score: 3)",SEO Express â Wholesale Backlinks. Priced Per Link.,Live (200),
https://advanced-link-building-group-seoexpress.store,advanced-link-building-group-seoexpress.store,NO,Non-Healthcare / General,Medium,"Insufficient healthcare relevance (hc_score: 0, non_hc_score: 3)",SEO Express â Wholesale Backlinks. Priced Per Link.,Live (200),
https://link-baron-syndicate-equity.store,link-baron-syndicate-equity.store,NO,Non-Healthcare / General,Low,"Insufficient healthcare relevance (hc_score: 0, non_hc_score: 0)",SEO Express â Wholesale Backlinks. Priced Per Link.,Live (200),
https://mostrankdirectory.com,mostrankdirectory.com,NO,Non-Healthcare (Technology / Marketing),High,Identified as Technology / Marketing industry (score: 10 vs hc: 10),Most Rank Directory |,Live (200),
https://commonlab23.bitbucket.io,commonlab23.bitbucket.io,NO,Non-Healthcare / General,Low,"Insufficient healthcare relevance (hc_score: 0, non_hc_score: 0)",Fine Beautiful Tips About How To Increase Audio Volume  - Commonlab23,Live (200),
https://worldseodirectory.com,worldseodirectory.com,NO,Non-Healthcare Domain,Medium,"Site unreachable (DNS / Connection Refused), domain keyword indicates non-healthcare: seo",,DNS / Connection Refused,
https://authority-services-for-link-juice-and-contextual-link.store,authority-services-for-link-juice-and-contextual-link.store,NO,Non-Healthcare / General,Low,"Insufficient healthcare relevance (hc_score: 0, non_hc_score: 0)",SEO Express â Wholesale Backlinks. Priced Per Link.,Live (200),
https://purple-elephant.us,purple-elephant.us,NO,Non-Healthcare / General,Low,"Insufficient healthcare relevance (hc_score: 0, non_hc_score: 0)",voicenote.in,Live (200),
https://linkcollective.shop,linkcollective.shop,NO,Non-Healthcare (Technology / Marketing),High,Identified as Technology / Marketing industry (score: 47 vs hc: 8),"SkyLinkSEO â SEO Services & Software House | DR, DA, TF, PBN, Guest Posts, SaaS & Web Development",Live (200),
https://shipcycle.hyakuna.net,shipcycle.hyakuna.net,NO,Unreachable / Unknown,Low,Site unreachable (DNS / Connection Refused) and domain name lacks clear healthcare indicators,,DNS / Connection Refused,
https://master-seoexpress-search-agency.store,master-seoexpress-search-agency.store,NO,Non-Healthcare (Non-Healthcare),High,Identified as Non-Healthcare industry (score: 6 vs hc: 0),SEO Express â Wholesale Backlinks. Priced Per Link.,Live (200),
https://advanced-search-seoexpress-pros.store,advanced-search-seoexpress-pros.store,NO,Non-Healthcare / General,Medium,"Insufficient healthcare relevance (hc_score: 0, non_hc_score: 3)",SEO Express â Wholesale Backlinks. Priced Per Link.,Live (200),
https://theguestposts.shop,theguestposts.shop,NO,Non-Healthcare / General,Low,"Insufficient healthcare relevance (hc_score: 0, non_hc_score: 0)",SEO Express â Wholesale Backlinks. Priced Per Link.,Live (200),
https://einzerce.eu,einzerce.eu,NO,Non-Healthcare / General,Low,"Insufficient healthcare relevance (hc_score: 0, non_hc_score: 0)",voicenote.in,Live (200),
https://leading-hub-for-page-rank-and-contextual-link.store,leading-hub-for-page-rank-and-contextual-link.store,NO,Non-Healthcare / General,Low,"Insufficient healthcare relevance (hc_score: 0, non_hc_score: 0)",SEO Express â Wholesale Backlinks. Priced Per Link.,Live (200),
https://qa-animals.info,qa-animals.info,NO,Non-Healthcare / General,Low,"Insufficient healthcare relevance (hc_score: 0, non_hc_score: 0)",voicenote.in,Live (200),
https://www.h511.cl,h511.cl,NO,Unreachable / Unknown,Low,Site unreachable (Connection Timeout) and domain name lacks clear healthcare indicators,,Connection Timeout,
https://crawl-budget-and-page-rank-expert-partners.store,crawl-budget-and-page-rank-expert-partners.store,NO,Non-Healthcare / General,Low,"Insufficient healthcare relevance (hc_score: 0, non_hc_score: 0)",SEO Express â Wholesale Backlinks. Priced Per Link.,Live (200),
http://www.prashikshan.in,prashikshan.in,NO,Non-Healthcare / General,Low,"Insufficient healthcare relevance (hc_score: 0, non_hc_score: 0)",,Live (503),
https://hipnoseportoalegre.com,hipnoseportoalegre.com,NO,Unreachable / Unknown,Low,Site unreachable (DNS / Connection Refused) and domain name lacks clear healthcare indicators,,DNS / Connection Refused,
https://link-baron-innovative-press-release-house.store,link-baron-innovative-press-release-house.store,NO,Non-Healthcare / General,Low,"Insufficient healthcare relevance (hc_score: 0, non_hc_score: 0)",SEO Express â Wholesale Backlinks. Priced Per Link.,Live (200),
https://paramount-collective-outrank-hq-dr-90.store,paramount-collective-outrank-hq-dr-90.store,NO,Non-Healthcare / General,Low,"Insufficient healthcare relevance (hc_score: 0, non_hc_score: 0)",SEO Express â Wholesale Backlinks. Priced Per Link.,Live (200),
https://seoexpress-backlink-hub.store,seoexpress-backlink-hub.store,NO,Non-Healthcare / General,Medium,"Insufficient healthcare relevance (hc_score: 0, non_hc_score: 3)",SEO Express â Wholesale Backlinks. Priced Per Link.,Live (200),
https://traffic-surge-digital-pr-and-outreach-pro-agency.store,traffic-surge-digital-pr-and-outreach-pro-agency.store,NO,Non-Healthcare / General,Medium,"Insufficient healthcare relevance (hc_score: 3, non_hc_score: 3)",SEO Express â Wholesale Backlinks. Priced Per Link.,Live (200),
https://siterankacademy.shop,siterankacademy.shop,NO,Non-Healthcare (Technology / Marketing),High,Identified as Technology / Marketing industry (score: 47 vs hc: 8),"SkyLinkSEO â SEO Services & Software House | DR, DA, TF, PBN, Guest Posts, SaaS & Web Development",Live (200),
https://trafficboosterlinkseo.com,trafficboosterlinkseo.com,NO,Non-Healthcare / General,Medium,"Insufficient healthcare relevance (hc_score: 0, non_hc_score: 3)",Just a moment...,Live (403),
https://oppalerts.com,oppalerts.com,NO,Non-Healthcare (Travel & Hospitality),Medium,Identified as Travel & Hospitality industry (score: 4 vs hc: 0),AI Search Visibility: Clarity and Direction - OppAlerts,Live (200),
https://trusted-organic-seoexpress-house.store,trusted-organic-seoexpress-house.store,NO,Non-Healthcare / General,Medium,"Insufficient healthcare relevance (hc_score: 0, non_hc_score: 3)",SEO Express â Wholesale Backlinks. Priced Per Link.,Live (200),
https://official-domain-seoexpress.store,official-domain-seoexpress.store,NO,Non-Healthcare / General,Medium,"Insufficient healthcare relevance (hc_score: 0, non_hc_score: 3)",SEO Express â Wholesale Backlinks. Priced Per Link.,Live (200),
https://shop-inframe.shop,shop-inframe.shop,NO,Non-Healthcare / General,Low,"Insufficient healthcare relevance (hc_score: 0, non_hc_score: 0)",SEO Express â Wholesale Backlinks. Priced Per Link.,Live (200),
https://thebacklink.shop,thebacklink.shop,NO,Non-Healthcare / General,Low,"Insufficient healthcare relevance (hc_score: 0, non_hc_score: 0)",SEO Express â Wholesale Backlinks. Priced Per Link.,Live (200),
https://expert-systems-for-traffic-surge-and-digital-pr.store,expert-systems-for-traffic-surge-and-digital-pr.store,YES,General Healthcare,Medium,"Healthcare indicators found (General Healthcare, score: 3)",SEO Express â Wholesale Backlinks. Priced Per Link.,Live (200),
https://theseomasterhigh.shop,theseomasterhigh.shop,NO,Non-Healthcare / General,Medium,"Insufficient healthcare relevance (hc_score: 0, non_hc_score: 3)",SEO Express â Wholesale Backlinks. Priced Per Link.,Live (200),
https://link-building-and-ranking-signal-master-partners.store,link-building-and-ranking-signal-master-partners.store,NO,Non-Healthcare / General,Low,"Insufficient healthcare relevance (hc_score: 0, non_hc_score: 0)",SEO Express â Wholesale Backlinks. Priced Per Link.,Live (200),
https://nexioe.com,nexioe.com,NO,Non-Healthcare / General,Medium,"Insufficient healthcare relevance (hc_score: 0, non_hc_score: 1)",NEXIOE – NEXIOE,Live (200),
https://strategic-bureau-for-white-hat-and-outreach-pro.store,strategic-bureau-for-white-hat-and-outreach-pro.store,NO,Non-Healthcare / General,Low,"Insufficient healthcare relevance (hc_score: 0, non_hc_score: 0)",SEO Express â Wholesale Backlinks. Priced Per Link.,Live (200),
https://proseolinksdirectory.com,proseolinksdirectory.com,NO,Non-Healthcare (Food & Beverage),Medium,Identified as Food & Beverage industry (score: 4 vs hc: 0),PRO SEO LINKS DIRECTORY,Live (200),
https://meetheno.com,meetheno.com,NO,Unreachable / Unknown,Low,Site unreachable (DNS / Connection Refused) and domain name lacks clear healthcare indicators,,DNS / Connection Refused,
https://mervi.shop,mervi.shop,NO,Non-Healthcare / General,Low,"Insufficient healthcare relevance (hc_score: 0, non_hc_score: 0)",ððBoost your Google rankings with Premium PBN & Link Buildingðð,Live (200),
https://www.bioflorida.com,bioflorida.com,YES,Hospital & Health System,High,Verified healthcare practice (Hospital & Health System). Content & keywords score: 12,BioFlorida – Innovation for Life,Live (200),"Hospital & Health System, Pediatrics, Oncology & Cancer Care"
https://rankseocollective.shop,rankseocollective.shop,NO,Non-Healthcare (Technology / Marketing),High,Identified as Technology / Marketing industry (score: 50 vs hc: 8),"SkyLinkSEO â SEO Services & Software House | DR, DA, TF, PBN, Guest Posts, SaaS & Web Development",Live (200),
https://link-baron-pro-press-release.store,link-baron-pro-press-release.store,NO,Non-Healthcare / General,Low,"Insufficient healthcare relevance (hc_score: 0, non_hc_score: 0)",SEO Express â Wholesale Backlinks. Priced Per Link.,Live (200),
https://linkpitcherdirectory.com,linkpitcherdirectory.com,NO,Non-Healthcare (Technology / Marketing),High,Identified as Technology / Marketing industry (score: 11 vs hc: 10),Link Pitcher Directory |,Live (200),
https://en.download.it,en.download.it,NO,Non-Healthcare / General,Low,"Insufficient healthcare relevance (hc_score: 0, non_hc_score: 0)",Attention Required! | Cloudflare,Live (403),
https://shopcrystalsandgemstones.com,shopcrystalsandgemstones.com,NO,Non-Healthcare (Retail & Shopping),High,Identified as Retail & Shopping industry (score: 8 vs hc: 6),Home - Shop Crystals And Gemstones,Live (200),
http://105games.com,105games.com,NO,Non-Healthcare / General,Low,"Insufficient healthcare relevance (hc_score: 0, non_hc_score: 0)",Lumamind,Live (200),
https://rankstock.shop,rankstock.shop,YES,General Healthcare,Medium,"Healthcare indicators found (General Healthcare, score: 2)",SEO Boost Agency â SEO Authority & Backlink Services,Live (200),
https://www.musweb.org,musweb.org,YES,Dental & Orthodontics,High,Verified healthcare practice (Dental & Orthodontics). Content & keywords score: 14,MusWeb.Org | Browse Websites,Live (200),Dental & Orthodontics
https://www.oracle.com,oracle.com,NO,Non-Healthcare / General,Low,"Insufficient healthcare relevance (hc_score: 0, non_hc_score: 0)",fw_error_www,Live (403),
https://content-marketing-index-rate-and-authority-link-solutions.store,content-marketing-index-rate-and-authority-link-solutions.store,NO,Non-Healthcare / General,Medium,"Insufficient healthcare relevance (hc_score: 0, non_hc_score: 3)",SEO Express â Wholesale Backlinks. Priced Per Link.,Live (200),
https://ranktrove.shop,ranktrove.shop,YES,General Healthcare,Medium,"Healthcare indicators found (General Healthcare, score: 2)",SEO Boost Agency â SEO Authority & Backlink Services,Live (200),
https://www.itqlick.com,itqlick.com,NO,Non-Healthcare / General,Low,"Insufficient healthcare relevance (hc_score: 0, non_hc_score: 0)",Just a moment...,Live (403),
http://www.thirty.co.in,thirty.co.in,NO,Unreachable / Unknown,Low,Site unreachable (Connection Timeout) and domain name lacks clear healthcare indicators,,Connection Timeout,
https://smart-marketing-seoexpress.store,smart-marketing-seoexpress.store,NO,Non-Healthcare (Non-Healthcare),High,Identified as Non-Healthcare industry (score: 6 vs hc: 0),SEO Express â Wholesale Backlinks. Priced Per Link.,Live (200),
https://rent-a-shop.shop,rent-a-shop.shop,NO,Non-Healthcare / General,Low,"Insufficient healthcare relevance (hc_score: 0, non_hc_score: 0)",SEO Express â Wholesale Backlinks. Priced Per Link.,Live (200),
https://golden-link-building-rank-forge.store,golden-link-building-rank-forge.store,NO,Non-Healthcare / General,Low,"Insufficient healthcare relevance (hc_score: 0, non_hc_score: 0)",SEO Express â Wholesale Backlinks. Priced Per Link.,Live (200),
https://solr-dev.skyhook.com,solr-dev.skyhook.com,NO,Unreachable / Unknown,Low,Site unreachable (DNS / Connection Refused) and domain name lacks clear healthcare indicators,,DNS / Connection Refused,
https://henomaint-dev.com,henomaint-dev.com,NO,Non-Healthcare / General,Low,"Insufficient healthcare relevance (hc_score: 0, non_hc_score: 0)",Heno - Incident Alert,Live (200),
https://backlink-pro-and-backlink-pro-powerful-agency.store,backlink-pro-and-backlink-pro-powerful-agency.store,NO,Non-Healthcare / General,Medium,"Insufficient healthcare relevance (hc_score: 0, non_hc_score: 3)",SEO Express â Wholesale Backlinks. Priced Per Link.,Live (200),
https://rankprime.shop,rankprime.shop,NO,Non-Healthcare / General,Medium,"Insufficient healthcare relevance (hc_score: 2, non_hc_score: 1)",BuySEOLink â Premium SEO Authority Packages,Live (200),
https://aiqlabs.ai,aiqlabs.ai,NO,Non-Healthcare (Food & Beverage),High,Identified as Food & Beverage industry (score: 8 vs hc: 2),"AIQ Labs | AI Employees & Custom AI Systems — Start Monthly, Own It Outright",Live (200),
https://searchrankgroup.shop,searchrankgroup.shop,NO,Non-Healthcare (Technology / Marketing),High,Identified as Technology / Marketing industry (score: 47 vs hc: 8),"SkyLinkSEO â SEO Services & Software House | DR, DA, TF, PBN, Guest Posts, SaaS & Web Development",Live (200),
https://nationalmentalhealthsupport.com,nationalmentalhealthsupport.com,YES,Mental Health & Psychiatry,High,Verified healthcare practice (Mental Health & Psychiatry). Content & keywords score: 78,"Mental Health Support, Anxiety Help & Counseling Near You",Live (200),Mental Health & Psychiatry
https://linkflowdirectory.com,linkflowdirectory.com,NO,Non-Healthcare / General,Low,"Insufficient healthcare relevance (hc_score: 0, non_hc_score: 0)",Parking Page,Live (200),
http://www.preparation.co.in,preparation.co.in,NO,Non-Healthcare / General,Low,"Insufficient healthcare relevance (hc_score: 0, non_hc_score: 0)",Where to buy 🚀 aged domains and backlinks 🔥 from www.preparation.co.in,Live (200),
https://www.sahammurah.com,sahammurah.com,NO,Non-Healthcare / General,Low,"Insufficient healthcare relevance (hc_score: 0, non_hc_score: 0)",ððBoost your Google rankings with Premium PBN & Link Buildingðð,Live (200),
https://prospeo.io,prospeo.io,NO,Non-Healthcare / General,Low,"Insufficient healthcare relevance (hc_score: 0, non_hc_score: 0)",Prospeo - Find Verified Emails & Phone Numbers for Outreach,Live (200),
https://pageseoexpress.shop,pageseoexpress.shop,NO,Non-Healthcare (Technology / Marketing),High,Identified as Technology / Marketing industry (score: 6 vs hc: 0),"Premium SEO Backlinks Services - Boost DR, DA & TF",Live (200),
http://www.backlinkon.com,backlinkon.com,NO,Non-Healthcare / General,Low,"Insufficient healthcare relevance (hc_score: 0, non_hc_score: 0)",Where to buy 🚀 aged domains and backlinks 🔥 from www.backlinkon.com,Live (200),
https://newsblogsports.site,newsblogsports.site,NO,Unreachable / Unknown,Low,Site unreachable (DNS / Connection Refused) and domain name lacks clear healthcare indicators,,DNS / Connection Refused,
https://www.plrdownloadshub.com,plrdownloadshub.com,NO,Non-Healthcare / General,Low,"Insufficient healthcare relevance (hc_score: 0, non_hc_score: 0)",ððBoost your Google rankings with Premium PBN & Link Buildingðð,Live (200),
https://trusted-dofollow-team-seoexpress.store,trusted-dofollow-team-seoexpress.store,NO,Non-Healthcare / General,Medium,"Insufficient healthcare relevance (hc_score: 0, non_hc_score: 3)",SEO Express â Wholesale Backlinks. Priced Per Link.,Live (200),
https://advanced-seo-firm-seoexpress.store,advanced-seo-firm-seoexpress.store,NO,Non-Healthcare / General,Medium,"Insufficient healthcare relevance (hc_score: 0, non_hc_score: 3)",SEO Express â Wholesale Backlinks. Priced Per Link.,Live (200),
https://first-class-seoexpress-keyword-exchange.store,first-class-seoexpress-keyword-exchange.store,NO,Non-Healthcare / General,Medium,"Insufficient healthcare relevance (hc_score: 0, non_hc_score: 3)",SEO Express â Wholesale Backlinks. Priced Per Link.,Live (200),
https://kmoshops.shop,kmoshops.shop,NO,Non-Healthcare / General,Low,"Insufficient healthcare relevance (hc_score: 0, non_hc_score: 0)",SEO Express â Wholesale Backlinks. Priced Per Link.,Live (200),
https://99ranks.com,99ranks.com,NO,Non-Healthcare / General,Medium,"Insufficient healthcare relevance (hc_score: 0, non_hc_score: 1)",99 RANKS,Live (200),
https://worldzonedirectory.com,worldzonedirectory.com,NO,Non-Healthcare (Technology / Marketing),High,Identified as Technology / Marketing industry (score: 11 vs hc: 10),World Zone Directory |,Live (200),
https://professional-seoexpress-high-da-partners.store,professional-seoexpress-high-da-partners.store,NO,Non-Healthcare / General,Medium,"Insufficient healthcare relevance (hc_score: 0, non_hc_score: 3)",SEO Express â Wholesale Backlinks. Priced Per Link.,Live (200),
https://www.gettalky.ai,gettalky.ai,YES,Dental & Orthodontics,High,Verified healthcare practice (Dental & Orthodontics). Content & keywords score: 14,Get Talky - Capture every missed call in a shared inbox,Live (200),"Dental & Orthodontics, Pediatrics, Veterinary / Animal Care"
https://subrupt.com,subrupt.com,NO,Non-Healthcare (Financial / Accounting),High,Identified as Financial / Accounting industry (score: 8 vs hc: 0),Subrupt — Find Cheaper Alternatives to Your Subscriptions,Live (200),
https://do-follow-traffic-surge-and-link-velocity-syndicate.store,do-follow-traffic-surge-and-link-velocity-syndicate.store,YES,General Healthcare,Medium,"Healthcare indicators found (General Healthcare, score: 3)",SEO Express â Wholesale Backlinks. Priced Per Link.,Live (200),
https://modern-guest-post-consultants-seoexpress.store,modern-guest-post-consultants-seoexpress.store,NO,Non-Healthcare / General,Medium,"Insufficient healthcare relevance (hc_score: 0, non_hc_score: 3)",SEO Express â Wholesale Backlinks. Priced Per Link.,Live (200),
https://newest-expired-domains-here.click,newest-expired-domains-here.click,NO,Non-Healthcare / General,Low,"Insufficient healthcare relevance (hc_score: 0, non_hc_score: 0)",voicenote.in,Live (200),
https://seoexpress-anchor-text-experts.store,seoexpress-anchor-text-experts.store,NO,Non-Healthcare / General,Medium,"Insufficient healthcare relevance (hc_score: 0, non_hc_score: 3)",SEO Express â Wholesale Backlinks. Priced Per Link.,Live (200),
https://dealstream.com,dealstream.com,NO,Non-Healthcare / General,Low,"Insufficient healthcare relevance (hc_score: 0, non_hc_score: 0)",dealstream.com,Live (403),
https://grokipedia.com,grokipedia.com,NO,Non-Healthcare / General,Low,"Insufficient healthcare relevance (hc_score: 0, non_hc_score: 0)",Grokipedia,Live (200),
http://www.backlinksbank.com,backlinksbank.com,NO,Non-Healthcare / General,Low,"Insufficient healthcare relevance (hc_score: 0, non_hc_score: 0)",Where to buy 🚀 aged domains and backlinks 🔥 from www.backlinksbank.com,Live (200),
https://certified-seoexpress-organic-services.store,certified-seoexpress-organic-services.store,NO,Non-Healthcare / General,Medium,"Insufficient healthcare relevance (hc_score: 0, non_hc_score: 3)",SEO Express â Wholesale Backlinks. Priced Per Link.,Live (200),
https://grand-link-baron-league.store,grand-link-baron-league.store,NO,Non-Healthcare / General,Low,"Insufficient healthcare relevance (hc_score: 0, non_hc_score: 0)",SEO Express â Wholesale Backlinks. Priced Per Link.,Live (200),
https://siterankbuilders.shop,siterankbuilders.shop,NO,Non-Healthcare (Technology / Marketing),High,Identified as Technology / Marketing industry (score: 47 vs hc: 8),"SkyLinkSEO â SEO Services & Software House | DR, DA, TF, PBN, Guest Posts, SaaS & Web Development",Live (200),
https://seoexpress-leading-dofollow-pros.store,seoexpress-leading-dofollow-pros.store,NO,Non-Healthcare / General,Medium,"Insufficient healthcare relevance (hc_score: 0, non_hc_score: 3)",SEO Express â Wholesale Backlinks. Priced Per Link.,Live (200),
https://yexhub.com,yexhub.com,NO,Non-Healthcare / General,Medium,"Insufficient healthcare relevance (hc_score: 0, non_hc_score: 1)",YEXHUB – YEXHUB,Live (200),
https://authority-web-link-resource-hub.kawaiishop.shop,authority-web-link-resource-hub.kawaiishop.shop,NO,Non-Healthcare / General,Low,"Insufficient healthcare relevance (hc_score: 0, non_hc_score: 0)",SEO Express â Wholesale Backlinks. Priced Per Link.,Live (200),
https://premium-solutions-for-serp-boost-and-content-marketing.store,premium-solutions-for-serp-boost-and-content-marketing.store,NO,Non-Healthcare / General,Medium,"Insufficient healthcare relevance (hc_score: 0, non_hc_score: 3)",SEO Express â Wholesale Backlinks. Priced Per Link.,Live (200),
https://a2zseoarticles.com,a2zseoarticles.com,NO,Non-Healthcare (Food & Beverage),Medium,Identified as Food & Beverage industry (score: 4 vs hc: 0),A2Z SEO ARTICLES,Live (200),
https://domainrankpartners.shop,domainrankpartners.shop,YES,General Healthcare,Medium,"Healthcare indicators found (General Healthcare, score: 2)",SEO Boost Agency â SEO Authority & Backlink Services,Live (200),
https://rankrisebacklinks.shop,rankrisebacklinks.shop,NO,Non-Healthcare / General,Medium,"Insufficient healthcare relevance (hc_score: 2, non_hc_score: 1)",BuySEOLink â Premium SEO Authority Packages,Live (200),
https://easyheno.com,easyheno.com,NO,Unreachable / Unknown,Low,Site unreachable (DNS / Connection Refused) and domain name lacks clear healthcare indicators,,DNS / Connection Refused,
https://expert-domain-seoexpress-specialists.store,expert-domain-seoexpress-specialists.store,NO,Non-Healthcare / General,Medium,"Insufficient healthcare relevance (hc_score: 0, non_hc_score: 3)",SEO Express â Wholesale Backlinks. Priced Per Link.,Live (200),
https://worldwebsitesdirectory.com,worldwebsitesdirectory.com,NO,Non-Healthcare (Technology / Marketing),High,Identified as Technology / Marketing industry (score: 11 vs hc: 10),World Website Directory |,Live (200),
https://outrank-hq-prime-blogger.store,outrank-hq-prime-blogger.store,NO,Non-Healthcare / General,Low,"Insufficient healthcare relevance (hc_score: 0, non_hc_score: 0)",SEO Express â Wholesale Backlinks. Priced Per Link.,Live (200),
https://playpodcasts.com,playpodcasts.com,NO,Non-Healthcare / General,Medium,"Insufficient healthcare relevance (hc_score: 1, non_hc_score: 0)",Play Podcasts — Discover & Listen,Live (200),
https://topdomaindirectory.com,topdomaindirectory.com,NO,Non-Healthcare (Technology / Marketing),High,Identified as Technology / Marketing industry (score: 11 vs hc: 10),Top Domain Directory |,Live (200),
https://backlinkengine.shop,backlinkengine.shop,YES,General Healthcare,Medium,"Healthcare indicators found (General Healthcare, score: 2)",SEO Boost Agency â SEO Authority & Backlink Services,Live (200),
https://marketingdirectoy.com,marketingdirectoy.com,NO,Non-Healthcare (Technology / Marketing),High,Identified as Technology / Marketing industry (score: 13 vs hc: 10),Marketing Directory |,Live (200),
https://outrank-hq-engine-dofollow.store,outrank-hq-engine-dofollow.store,NO,Non-Healthcare / General,Low,"Insufficient healthcare relevance (hc_score: 0, non_hc_score: 0)",SEO Express â Wholesale Backlinks. Priced Per Link.,Live (200),
https://rankcart.shop,rankcart.shop,NO,Non-Healthcare (Retail & Shopping),Medium,Identified as Retail & Shopping industry (score: 5 vs hc: 4),"Rankva SEO Packages â DR, DA, TF, PBN & Guest Posts",Live (200),
https://optimal-website-outrank-hq.store,optimal-website-outrank-hq.store,NO,Non-Healthcare / General,Low,"Insufficient healthcare relevance (hc_score: 0, non_hc_score: 0)",SEO Express â Wholesale Backlinks. Priced Per Link.,Live (200),
https://cgpa2percentag.com,cgpa2percentag.com,NO,Non-Healthcare / General,Low,"Insufficient healthcare relevance (hc_score: 0, non_hc_score: 0)",ððBoost your Google rankings with Premium PBN & Link Buildingðð,Live (200),
https://link-baron-center-backlink.store,link-baron-center-backlink.store,NO,Non-Healthcare / General,Low,"Insufficient healthcare relevance (hc_score: 0, non_hc_score: 0)",SEO Express â Wholesale Backlinks. Priced Per Link.,Live (200),
https://ileskneiss.org,ileskneiss.org,NO,Non-Healthcare / General,Medium,"Insufficient healthcare relevance (hc_score: 0, non_hc_score: 1)",,Live (200),
https://this-is-not-what-you-think-it-is-at-all.us,this-is-not-what-you-think-it-is-at-all.us,NO,Non-Healthcare / General,Low,"Insufficient healthcare relevance (hc_score: 0, non_hc_score: 0)",voicenote.in,Live (200),
https://s.sudonull.com,s.sudonull.com,NO,Non-Healthcare / General,Low,"Insufficient healthcare relevance (hc_score: 0, non_hc_score: 0)",Sviwe Â· Search All Projects,Live (200),
https://seoboostagency.shop,seoboostagency.shop,NO,Non-Healthcare (Technology / Marketing),High,Identified as Technology / Marketing industry (score: 53 vs hc: 8),"SkyLinkSEO â SEO Services & Software House | DR, DA, TF, PBN, Guest Posts, SaaS & Web Development",Live (200),
https://domainsc.com,domainsc.com,NO,Non-Healthcare / General,Low,"Insufficient healthcare relevance (hc_score: 0, non_hc_score: 0)",websitescrawl.com | Register,Live (200),
https://master-off-page-seoexpress-directory.store,master-off-page-seoexpress-directory.store,NO,Non-Healthcare / General,Medium,"Insufficient healthcare relevance (hc_score: 0, non_hc_score: 3)",SEO Express â Wholesale Backlinks. Priced Per Link.,Live (200),
https://seoboostsystems.shop,seoboostsystems.shop,NO,Non-Healthcare (Technology / Marketing),High,Identified as Technology / Marketing industry (score: 50 vs hc: 8),"SkyLinkSEO â SEO Services & Software House | DR, DA, TF, PBN, Guest Posts, SaaS & Web Development",Live (200),
https://bestwebstats.com,bestwebstats.com,NO,Non-Healthcare / General,Low,"Insufficient healthcare relevance (hc_score: 0, non_hc_score: 0)",websitescrawl.com | Register,Live (200),
https://rankgrowthsolutions.shop,rankgrowthsolutions.shop,NO,Non-Healthcare / General,Medium,"Insufficient healthcare relevance (hc_score: 0, non_hc_score: 3)","Premium SEO Backlinks Services - Boost DR, DA & TF",Live (200),
https://www.itsyourgold.com,itsyourgold.com,NO,Non-Healthcare / General,Low,"Insufficient healthcare relevance (hc_score: 0, non_hc_score: 0)",Top Domains – Page 223363 – newwebsiteslist.com,Live (200),
https://googleseocraft.shop,googleseocraft.shop,NO,Non-Healthcare / General,Medium,"Insufficient healthcare relevance (hc_score: 2, non_hc_score: 3)",SEO Boost Agency â SEO Authority & Backlink Services,Live (200),
https://best-seo-domains.com,best-seo-domains.com,NO,Non-Healthcare / General,Medium,"Insufficient healthcare relevance (hc_score: 0, non_hc_score: 3)","Any SEO resource - we have it. 🔥 No resellers, no middlemen, lowest price.",Live (200),
https://rankdepot.shop,rankdepot.shop,NO,Non-Healthcare / General,Medium,"Insufficient healthcare relevance (hc_score: 2, non_hc_score: 1)",BuySEOLink â Premium SEO Authority Packages,Live (200),
https://explore.openli.com,explore.openli.com,NO,Non-Healthcare / General,Low,"Insufficient healthcare relevance (hc_score: 0, non_hc_score: 0)",Attention Required! | Cloudflare,Live (403),
https://luxury-niche-edit-seoexpress-services.store,luxury-niche-edit-seoexpress-services.store,NO,Non-Healthcare / General,Medium,"Insufficient healthcare relevance (hc_score: 0, non_hc_score: 3)",SEO Express â Wholesale Backlinks. Priced Per Link.,Live (200),
https://codeseodirectory.com,codeseodirectory.com,NO,Non-Healthcare (Food & Beverage),High,Identified as Food & Beverage industry (score: 7 vs hc: 0),RANK138 - Situs Judi Slot Online 777 Terbaik Slot Gacor Resmi Gampang Menang,Live (200),
https://buyrankbacklinks.com,buyrankbacklinks.com,NO,Non-Healthcare / General,Low,"Insufficient healthcare relevance (hc_score: 0, non_hc_score: 0)",Just a moment...,Live (403),
https://topratedbacklinks.com,topratedbacklinks.com,NO,Non-Healthcare / General,Low,"Insufficient healthcare relevance (hc_score: 0, non_hc_score: 0)",Just a moment...,Live (403),
https://mspcost.com,mspcost.com,NO,Non-Healthcare / General,Low,"Insufficient healthcare relevance (hc_score: 0, non_hc_score: 0)",Just a moment...,Live (403),
https://webranksystems.shop,webranksystems.shop,NO,Non-Healthcare / General,Medium,"Insufficient healthcare relevance (hc_score: 0, non_hc_score: 3)","Premium SEO Backlinks Services - Boost DR, DA & TF",Live (200),
https://link-building-contextual-link-and-anchor-text-network.store,link-building-contextual-link-and-anchor-text-network.store,NO,Non-Healthcare / General,Low,"Insufficient healthcare relevance (hc_score: 0, non_hc_score: 0)",SEO Express â Wholesale Backlinks. Priced Per Link.,Live (200),
https://backlink-pro-click-through-and-link-building-depot.store,backlink-pro-click-through-and-link-building-depot.store,NO,Non-Healthcare / General,Low,"Insufficient healthcare relevance (hc_score: 0, non_hc_score: 0)",SEO Express â Wholesale Backlinks. Priced Per Link.,Live (200),
https://backlinkpartners.shop,backlinkpartners.shop,NO,Non-Healthcare / General,Low,"Insufficient healthcare relevance (hc_score: 0, non_hc_score: 0)","Increase DR, DA, TF & Buy High Quality Backlinks 2026 | TopRankFlow â #1 SEO Authority Service",Live (200),
https://trusted-organic-traffic-and-link-building-central.store,trusted-organic-traffic-and-link-building-central.store,NO,Non-Healthcare / General,Low,"Insufficient healthcare relevance (hc_score: 0, non_hc_score: 0)",SEO Express â Wholesale Backlinks. Priced Per Link.,Live (200),
https://rankgrowthinsights.shop,rankgrowthinsights.shop,NO,Non-Healthcare / General,Medium,"Insufficient healthcare relevance (hc_score: 0, non_hc_score: 3)","Premium SEO Backlinks Services - Boost DR, DA & TF",Live (200),
https://pageseopartners.shop,pageseopartners.shop,NO,Non-Healthcare (Technology / Marketing),High,Identified as Technology / Marketing industry (score: 6 vs hc: 0),"Premium SEO Backlinks Services - Boost DR, DA & TF",Live (200),
https://seoelitedirectory.com,seoelitedirectory.com,NO,Non-Healthcare / General,Medium,"Insufficient healthcare relevance (hc_score: 0, non_hc_score: 3)",Parking Page,Live (200),
https://osu.academialumbreras.edu.pe,osu.academialumbreras.edu.pe,NO,Non-Healthcare (Food & Beverage),Medium,Identified as Food & Beverage industry (score: 5 vs hc: 3),osu.academialumbreras.edu.pe,Live (200),
https://toprankalliance.shop,toprankalliance.shop,NO,Non-Healthcare / General,Medium,"Insufficient healthcare relevance (hc_score: 0, non_hc_score: 3)","Premium SEO Backlinks Services - Boost DR, DA & TF",Live (200),
https://saaswebdirectory.com,saaswebdirectory.com,NO,Non-Healthcare / General,Low,"Insufficient healthcare relevance (hc_score: 0, non_hc_score: 0)",Parking Page,Live (200),
http://www.backlinkstree.com,backlinkstree.com,NO,Non-Healthcare / General,Low,"Insufficient healthcare relevance (hc_score: 0, non_hc_score: 0)",Where to buy 🚀 aged domains and backlinks 🔥 from www.backlinkstree.com,Live (200),
https://www.orlandodirections.com,orlandodirections.com,NO,Non-Healthcare (Real Estate),High,Identified as Real Estate industry (score: 55 vs hc: 1),Orlando Directions | Local Business Directory & Homes in Florida,Live (200),
https://canadapsilocybin.com,canadapsilocybin.com,NO,Non-Healthcare / General,Low,"Insufficient healthcare relevance (hc_score: 0, non_hc_score: 0)",ððBoost your Google rankings with Premium PBN & Link Buildingðð,Live (200),
https://seotrove.shop,seotrove.shop,NO,Non-Healthcare (Technology / Marketing),High,Identified as Technology / Marketing industry (score: 50 vs hc: 8),"SkyLinkSEO â SEO Services & Software House | DR, DA, TF, PBN, Guest Posts, SaaS & Web Development",Live (200),
https://linkseocollective.shop,linkseocollective.shop,NO,Non-Healthcare (Technology / Marketing),Medium,Identified as Technology / Marketing industry (score: 4 vs hc: 2),BuySEOLink â Premium SEO Authority Packages,Live (200),
https://fiverr-cost-effective-seo.site,fiverr-cost-effective-seo.site,NO,Non-Healthcare (Technology / Marketing),High,Identified as Technology / Marketing industry (score: 6 vs hc: 0),iT Xoft â Premium Backlinks That Actually Rank,Live (200),
https://official-on-page-link-baron-division.store,official-on-page-link-baron-division.store,NO,Non-Healthcare / General,Low,"Insufficient healthcare relevance (hc_score: 0, non_hc_score: 0)",SEO Express â Wholesale Backlinks. Priced Per Link.,Live (200),
https://outrank-hq-anchor-text-center.store,outrank-hq-anchor-text-center.store,NO,Non-Healthcare / General,Low,"Insufficient healthcare relevance (hc_score: 0, non_hc_score: 0)",SEO Express â Wholesale Backlinks. Priced Per Link.,Live (200),
https://domainrankexperts.shop,domainrankexperts.shop,NO,Non-Healthcare / General,Medium,"Insufficient healthcare relevance (hc_score: 0, non_hc_score: 3)","Premium SEO Backlinks Services - Boost DR, DA & TF",Live (200),
https://apex-outrank-hq-organic-platform.store,apex-outrank-hq-organic-platform.store,NO,Non-Healthcare / General,Low,"Insufficient healthcare relevance (hc_score: 0, non_hc_score: 0)",SEO Express â Wholesale Backlinks. Priced Per Link.,Live (200),
https://seobits.shop,seobits.shop,NO,Non-Healthcare / General,Medium,"Insufficient healthcare relevance (hc_score: 2, non_hc_score: 3)",SEO Boost Agency â SEO Authority & Backlink Services,Live (200),
https://topmarketingdirectory.com,topmarketingdirectory.com,NO,Non-Healthcare (Technology / Marketing),High,Identified as Technology / Marketing industry (score: 41 vs hc: 0),Homepage1 - My Blog,Live (200),
https://seowarez.shop,seowarez.shop,NO,Non-Healthcare (Technology / Marketing),High,Identified as Technology / Marketing industry (score: 50 vs hc: 8),"SkyLinkSEO â SEO Services & Software House | DR, DA, TF, PBN, Guest Posts, SaaS & Web Development",Live (200),
https://seogeko.shop,seogeko.shop,NO,Non-Healthcare / General,Medium,"Insufficient healthcare relevance (hc_score: 0, non_hc_score: 3)",SeoGeko - Premium PBN & Authority Backlinks to Dominate Google SERPs,Live (200),
https://mediedirectory.com,mediedirectory.com,YES,Dental & Orthodontics,High,Verified healthcare practice (Dental & Orthodontics). Content & keywords score: 16,Media Directory |,Live (200),"Dental & Orthodontics, Chiropractic & Physical Therapy"
https://vayuc.com,vayuc.com,NO,Non-Healthcare / General,Medium,"Insufficient healthcare relevance (hc_score: 0, non_hc_score: 3)",VAYUC,Live (200),
https://sureprofitscoach.com,sureprofitscoach.com,NO,Non-Healthcare (Technology / Marketing),High,Identified as Technology / Marketing industry (score: 11 vs hc: 10),Sure Profits Coach |,Live (200),
https://sport-life.club,sport-life.club,NO,Non-Healthcare / General,Low,"Insufficient healthcare relevance (hc_score: 0, non_hc_score: 0)",BlogApp | Professional Storytelling,Live (200),
https://pageseomasters.shop,pageseomasters.shop,NO,Non-Healthcare (Technology / Marketing),High,Identified as Technology / Marketing industry (score: 6 vs hc: 0),"Premium SEO Backlinks Services - Boost DR, DA & TF",Live (200),
https://tier-one-and-domain-rating-trusted-exchange.store,tier-one-and-domain-rating-trusted-exchange.store,NO,Non-Healthcare / General,Low,"Insufficient healthcare relevance (hc_score: 0, non_hc_score: 0)",SEO Express â Wholesale Backlinks. Priced Per Link.,Live (200),
https://luxury-seoexpress-tier-1-house.store,luxury-seoexpress-tier-1-house.store,NO,Non-Healthcare / General,Medium,"Insufficient healthcare relevance (hc_score: 0, non_hc_score: 3)",SEO Express â Wholesale Backlinks. Priced Per Link.,Live (200),
https://official-anchor-text-seoexpress-system.store,official-anchor-text-seoexpress-system.store,NO,Non-Healthcare / General,Medium,"Insufficient healthcare relevance (hc_score: 0, non_hc_score: 3)",SEO Express â Wholesale Backlinks. Priced Per Link.,Live (200),
https://seolinkexpress.shop,seolinkexpress.shop,NO,Non-Healthcare (Technology / Marketing),High,Identified as Technology / Marketing industry (score: 6 vs hc: 0),"Premium SEO Backlinks Services - Boost DR, DA & TF",Live (200),
https://global-digital-seoexpress-portal.store,global-digital-seoexpress-portal.store,NO,Non-Healthcare / General,Medium,"Insufficient healthcare relevance (hc_score: 0, non_hc_score: 3)",SEO Express â Wholesale Backlinks. Priced Per Link.,Live (200),
https://themasterdirectory.com,themasterdirectory.com,NO,Non-Healthcare (Technology / Marketing),High,Identified as Technology / Marketing industry (score: 17 vs hc: 13),The Master Directory |,Live (200),
https://fastlifesite.com,fastlifesite.com,NO,Non-Healthcare / General,Low,"Insufficient healthcare relevance (hc_score: 0, non_hc_score: 0)",ððBoost your Google rankings with Premium PBN & Link Buildingðð,Live (200),
https://epic-webpage-rank-forge-academy.store,epic-webpage-rank-forge-academy.store,NO,Non-Healthcare / General,Low,"Insufficient healthcare relevance (hc_score: 0, non_hc_score: 0)",SEO Express â Wholesale Backlinks. Priced Per Link.,Live (200),
https://atozbacklinks.com,atozbacklinks.com,NO,Non-Healthcare / General,Low,"Insufficient healthcare relevance (hc_score: 0, non_hc_score: 0)",Just a moment...,Live (403),
https://www.cgaa.org,cgaa.org,YES,General Healthcare,Medium,"Healthcare indicators found (General Healthcare, score: 2)",CGAA - A Leading Source of Answers on Your Questions,Live (200),
https://ranking-signal-and-authority-link-authority-alliance.store,ranking-signal-and-authority-link-authority-alliance.store,NO,Non-Healthcare / General,Low,"Insufficient healthcare relevance (hc_score: 0, non_hc_score: 0)",SEO Express â Wholesale Backlinks. Priced Per Link.,Live (200),
https://dltech.forum,dltech.forum,NO,Non-Healthcare / General,Medium,"Insufficient healthcare relevance (hc_score: 0, non_hc_score: 1)",dltech.forum – dltech.forum,Live (200),
https://dr-90-rank-forge-department.store,dr-90-rank-forge-department.store,NO,Non-Healthcare / General,Low,"Insufficient healthcare relevance (hc_score: 0, non_hc_score: 0)",SEO Express â Wholesale Backlinks. Priced Per Link.,Live (200),
https://vewnet.com,vewnet.com,NO,Non-Healthcare / General,Medium,"Insufficient healthcare relevance (hc_score: 0, non_hc_score: 1)",VEWNET – VEWNET,Live (200),
https://bestbusniessdirectory.com,bestbusniessdirectory.com,NO,Non-Healthcare (Technology / Marketing),High,Identified as Technology / Marketing industry (score: 11 vs hc: 10),Best Busniess Directory |,Live (200),
https://thehighseo.shop,thehighseo.shop,NO,Non-Healthcare / General,Medium,"Insufficient healthcare relevance (hc_score: 0, non_hc_score: 3)",SEO Express â Wholesale Backlinks. Priced Per Link.,Live (200),
https://webscountry.com,webscountry.com,NO,Non-Healthcare (Technology / Marketing),High,Identified as Technology / Marketing industry (score: 16 vs hc: 4),Webs Country | Webs Country Directory,Live (200),
https://rankgoods.shop,rankgoods.shop,NO,Non-Healthcare / General,Medium,"Insufficient healthcare relevance (hc_score: 2, non_hc_score: 1)",BuySEOLink â Premium SEO Authority Packages,Live (200),
https://increasewebtrafficwithlinks.com,increasewebtrafficwithlinks.com,NO,Non-Healthcare / General,Low,"Insufficient healthcare relevance (hc_score: 0, non_hc_score: 0)",Just a moment...,Live (403),
https://way2check.cv,way2check.cv,NO,Non-Healthcare / General,Low,"Insufficient healthcare relevance (hc_score: 0, non_hc_score: 0)",Where to buy 🚀 aged domains and backlinks 🔥 from all-aged-domains,Live (200),
https://globalseodirectory.com,globalseodirectory.com,NO,Non-Healthcare (Food & Beverage),Medium,Identified as Food & Beverage industry (score: 4 vs hc: 0),GLOBAL SEO  DIRECTORY,Live (200),
https://linkgrowthsource.shop,linkgrowthsource.shop,NO,Non-Healthcare / General,Medium,"Insufficient healthcare relevance (hc_score: 0, non_hc_score: 3)","Premium SEO Backlinks Services - Boost DR, DA & TF",Live (200),
https://seoexpress-off-page-solutions.store,seoexpress-off-page-solutions.store,NO,Non-Healthcare / General,Medium,"Insufficient healthcare relevance (hc_score: 0, non_hc_score: 3)",SEO Express â Wholesale Backlinks. Priced Per Link.,Live (200),
https://what-happens-next.xyz,what-happens-next.xyz,NO,Non-Healthcare / General,Low,"Insufficient healthcare relevance (hc_score: 0, non_hc_score: 0)",voicenote.in,Live (200),
https://robuta.com,robuta.com,NO,Non-Healthcare / General,Low,"Insufficient healthcare relevance (hc_score: 0, non_hc_score: 0)",Robuta - Private Search Engine,Live (200),
https://highseoranking.shop,highseoranking.shop,NO,Non-Healthcare / General,Medium,"Insufficient healthcare relevance (hc_score: 0, non_hc_score: 3)",SEO Express â Wholesale Backlinks. Priced Per Link.,Live (200),
https://toptierdirectory.com,toptierdirectory.com,NO,Non-Healthcare (Technology / Marketing),High,Identified as Technology / Marketing industry (score: 16 vs hc: 13),Top tier directory |,Live (200),
https://linkpointdirectory.com,linkpointdirectory.com,NO,Non-Healthcare (Technology / Marketing),High,Identified as Technology / Marketing industry (score: 11 vs hc: 10),Link Point Directory |,Live (200),
https://best-seoexpress-off-page-network.store,best-seoexpress-off-page-network.store,NO,Non-Healthcare / General,Medium,"Insufficient healthcare relevance (hc_score: 0, non_hc_score: 3)",SEO Express â Wholesale Backlinks. Priced Per Link.,Live (200),
https://www.archivemarketresearch.com,archivemarketresearch.com,YES,General Healthcare,Medium,Verified healthcare practice (General Healthcare). Content & keywords score: 4,Comprehensive Market Research & Forecast Analysis | Archive Market Research,Live (200),
https://webrankinsights.shop,webrankinsights.shop,NO,Non-Healthcare (Technology / Marketing),High,Identified as Technology / Marketing industry (score: 47 vs hc: 8),"SkyLinkSEO â SEO Services & Software House | DR, DA, TF, PBN, Guest Posts, SaaS & Web Development",Live (200),
https://seotechdirectory.com,seotechdirectory.com,NO,Non-Healthcare (Technology / Marketing),High,Identified as Technology / Marketing industry (score: 22 vs hc: 14),SEO TECH DIRECTORY |,Live (200),
https://www.caplight.com,caplight.com,NO,Non-Healthcare / General,Low,"Insufficient healthcare relevance (hc_score: 0, non_hc_score: 0)",Caplight: the Standard for Private Markets,Live (200),
https://searchrankbuilders.shop,searchrankbuilders.shop,NO,Non-Healthcare / General,Medium,"Insufficient healthcare relevance (hc_score: 2, non_hc_score: 1)",BuySEOLink â Premium SEO Authority Packages,Live (200),
https://rankgear.shop,rankgear.shop,NO,Non-Healthcare / General,Medium,"Insufficient healthcare relevance (hc_score: 2, non_hc_score: 1)",BuySEOLink â Premium SEO Authority Packages,Live (200),
https://www.indians.cc,indians.cc,NO,Non-Healthcare / General,Low,"Insufficient healthcare relevance (hc_score: 0, non_hc_score: 0)",Where to buy 🚀 aged domains and backlinks 🔥 from indians.cc,Live (200),
https://fiverr-affordable-seo-services.site,fiverr-affordable-seo-services.site,NO,Non-Healthcare (Technology / Marketing),High,Identified as Technology / Marketing industry (score: 6 vs hc: 0),iT Xoft â Premium Backlinks That Actually Rank,Live (200),
https://aiarticledirectory.com,aiarticledirectory.com,NO,Non-Healthcare / General,Low,"Insufficient healthcare relevance (hc_score: 0, non_hc_score: 0)",Parking Page,Live (200),
http://www.tyre.pro,tyre.pro,NO,Non-Healthcare / General,Low,"Insufficient healthcare relevance (hc_score: 0, non_hc_score: 0)",Where to buy 🚀 aged domains and backlinks 🔥 from www.tyre.pro,Live (200),
https://www.marathiladies.com,marathiladies.com,NO,Unreachable / Unknown,Low,Site unreachable (DNS / Connection Refused) and domain name lacks clear healthcare indicators,,DNS / Connection Refused,
https://boluda.com,boluda.com,NO,Non-Healthcare (Retail & Shopping),Medium,Identified as Retail & Shopping industry (score: 4 vs hc: 0),Cursos de marketing online | Joan Boluda,Live (200),
https://www.rfp.wiki,rfp.wiki,YES,General Healthcare,Medium,"Healthcare indicators found (General Healthcare, score: 2)",RFP.wiki · All-in-One RFP & Vendor Lifecycle Platform,Live (200),
https://guestpostsdirectory.com,guestpostsdirectory.com,NO,Non-Healthcare (Technology / Marketing),High,Identified as Technology / Marketing industry (score: 10 vs hc: 10),Guest Post Directory |,Live (200),
https://anchor-text-link-juice-and-high-da-depot.store,anchor-text-link-juice-and-high-da-depot.store,NO,Non-Healthcare / General,Low,"Insufficient healthcare relevance (hc_score: 0, non_hc_score: 0)",SEO Express â Wholesale Backlinks. Priced Per Link.,Live (200),
https://alenews.pl,alenews.pl,NO,Non-Healthcare / General,Low,"Insufficient healthcare relevance (hc_score: 0, non_hc_score: 0)",voicenote.in,Live (200),
https://heno-uat.com,heno-uat.com,NO,Non-Healthcare / General,Low,"Insufficient healthcare relevance (hc_score: 0, non_hc_score: 0)",,Live (200),
https://organicranknetwork.shop,organicranknetwork.shop,NO,Non-Healthcare / General,Medium,"Insufficient healthcare relevance (hc_score: 0, non_hc_score: 3)","Premium SEO Backlinks Services - Boost DR, DA & TF",Live (200),
https://www.allinone.co.in,allinone.co.in,NO,Non-Healthcare / General,Low,"Insufficient healthcare relevance (hc_score: 0, non_hc_score: 0)",Allinone.co.in,Live (200),
https://expert-agency-for-keyword-rank-and-backlink-pro.store,expert-agency-for-keyword-rank-and-backlink-pro.store,NO,Non-Healthcare / General,Medium,"Insufficient healthcare relevance (hc_score: 0, non_hc_score: 3)",SEO Express â Wholesale Backlinks. Priced Per Link.,Live (200),
https://outrank-hq-spam-score-dynamic-firm.store,outrank-hq-spam-score-dynamic-firm.store,NO,Non-Healthcare / General,Low,"Insufficient healthcare relevance (hc_score: 0, non_hc_score: 0)",SEO Express â Wholesale Backlinks. Priced Per Link.,Live (200),
https://corner-writers.blog,corner-writers.blog,NO,Non-Healthcare / General,Medium,"Insufficient healthcare relevance (hc_score: 1, non_hc_score: 0)",Home - kids parenting,Live (200),
https://tn.lcamorrosquillo.gov.co,tn.lcamorrosquillo.gov.co,NO,Non-Healthcare (Food & Beverage),High,Identified as Food & Beverage industry (score: 8 vs hc: 2),tn.lcamorrosquillo.gov.co,Live (200),
https://contextual-link-and-crawl-budget-prime-bureau.store,contextual-link-and-crawl-budget-prime-bureau.store,NO,Non-Healthcare / General,Low,"Insufficient healthcare relevance (hc_score: 0, non_hc_score: 0)",SEO Express â Wholesale Backlinks. Priced Per Link.,Live (200),
https://linkwares.shop,linkwares.shop,YES,General Healthcare,Medium,Verified healthcare practice (General Healthcare). Content & keywords score: 4,"Rankva SEO Packages â DR, DA, TF, PBN & Guest Posts",Live (200),
https://expert-organic-seoexpress.store,expert-organic-seoexpress.store,NO,Non-Healthcare / General,Medium,"Insufficient healthcare relevance (hc_score: 0, non_hc_score: 3)",SEO Express â Wholesale Backlinks. Priced Per Link.,Live (200),
https://rankseojunction.shop,rankseojunction.shop,NO,Non-Healthcare / General,Medium,"Insufficient healthcare relevance (hc_score: 2, non_hc_score: 3)",SEO Boost Agency â SEO Authority & Backlink Services,Live (200),
https://dont-tell-anyone.click,dont-tell-anyone.click,NO,Non-Healthcare / General,Low,"Insufficient healthcare relevance (hc_score: 0, non_hc_score: 0)",voicenote.in,Live (200),
https://pick4d.live,pick4d.live,NO,Non-Healthcare / General,Medium,"Insufficient healthcare relevance (hc_score: 0, non_hc_score: 1)",pick4d.live – pick4d.live,Live (200),
https://siterankprovider.shop,siterankprovider.shop,NO,Non-Healthcare / General,Medium,"Insufficient healthcare relevance (hc_score: 0, non_hc_score: 3)","Premium SEO Backlinks Services - Boost DR, DA & TF",Live (200),
https://kgzxkf.com,kgzxkf.com,NO,Non-Healthcare / General,Low,"Insufficient healthcare relevance (hc_score: 0, non_hc_score: 0)",BlogApp | Professional Storytelling,Live (200),
https://webgoz.com,webgoz.com,NO,Non-Healthcare / General,Medium,"Insufficient healthcare relevance (hc_score: 0, non_hc_score: 1)",WEBGOZ – WEBGOZ,Live (200),
https://pageseonetwork.shop,pageseonetwork.shop,NO,Non-Healthcare (Technology / Marketing),High,Identified as Technology / Marketing industry (score: 50 vs hc: 8),"SkyLinkSEO â SEO Services & Software House | DR, DA, TF, PBN, Guest Posts, SaaS & Web Development",Live (200),
https://guestpostlinks.shop,guestpostlinks.shop,NO,Non-Healthcare / General,Low,"Insufficient healthcare relevance (hc_score: 0, non_hc_score: 0)",BacklinksNexa | Premium Link Building Agency MEA â Dark Corporate,Live (200),
https://proven-serp-boost-and-outreach-pro-services.store,proven-serp-boost-and-outreach-pro-services.store,NO,Non-Healthcare / General,Low,"Insufficient healthcare relevance (hc_score: 0, non_hc_score: 0)",SEO Express â Wholesale Backlinks. Priced Per Link.,Live (200),
https://kardiologos-tsiantis.gr,kardiologos-tsiantis.gr,NO,Non-Healthcare / General,Medium,"Insufficient healthcare relevance (hc_score: 1, non_hc_score: 0)","Τσιαντής Νικ. Ιωάννης, MD, MSc | Καρδιολογικό Ιατρείο",Live (200),
https://bramo.shop,bramo.shop,NO,Non-Healthcare / General,Low,"Insufficient healthcare relevance (hc_score: 0, non_hc_score: 0)",ððBoost your Google rankings with Premium PBN & Link Buildingðð,Live (200),
https://socialrankdirectory.com,socialrankdirectory.com,NO,Non-Healthcare / General,Low,"Insufficient healthcare relevance (hc_score: 0, non_hc_score: 0)",Parking Page,Live (200),
https://fastoq.com,fastoq.com,NO,Non-Healthcare / General,Medium,"Insufficient healthcare relevance (hc_score: 0, non_hc_score: 1)",FASTOQ – FASTOQ,Live (200),
https://www.read.org.in,read.org.in,NO,Non-Healthcare / General,Low,"Insufficient healthcare relevance (hc_score: 0, non_hc_score: 0)",taxcents.com | few of top websites | page no. 15,Live (200),
https://www.sporstcenter.com,sporstcenter.com,NO,Non-Healthcare / General,Low,"Insufficient healthcare relevance (hc_score: 0, non_hc_score: 0)",websitescrawl.com | Register,Live (200),
https://worldsitedirectory.com,worldsitedirectory.com,NO,Non-Healthcare (Technology / Marketing),High,Identified as Technology / Marketing industry (score: 10 vs hc: 10),World Site Directory |,Live (200),
https://itxoft-seo-for-modern-business.site,itxoft-seo-for-modern-business.site,NO,Non-Healthcare (Technology / Marketing),High,Identified as Technology / Marketing industry (score: 6 vs hc: 0),iT Xoft â Premium Backlinks That Actually Rank,Live (200),
https://bold-outrank-hq-serp-workshop.store,bold-outrank-hq-serp-workshop.store,NO,Non-Healthcare / General,Low,"Insufficient healthcare relevance (hc_score: 0, non_hc_score: 0)",SEO Express â Wholesale Backlinks. Priced Per Link.,Live (200),
https://elite-high-da-center-seoexpress.store,elite-high-da-center-seoexpress.store,NO,Non-Healthcare / General,Medium,"Insufficient healthcare relevance (hc_score: 0, non_hc_score: 3)",SEO Express â Wholesale Backlinks. Priced Per Link.,Live (200),
https://athens-escorts.info,athens-escorts.info,NO,Non-Healthcare / General,Low,"Insufficient healthcare relevance (hc_score: 0, non_hc_score: 0)",voicenote.in,Live (200),
https://rankwares.shop,rankwares.shop,YES,General Healthcare,Medium,"Healthcare indicators found (General Healthcare, score: 2)",SEO Boost Agency â SEO Authority & Backlink Services,Live (200),
https://seowares.shop,seowares.shop,NO,Non-Healthcare (Technology / Marketing),High,Identified as Technology / Marketing industry (score: 50 vs hc: 8),"SkyLinkSEO â SEO Services & Software House | DR, DA, TF, PBN, Guest Posts, SaaS & Web Development",Live (200),
https://capucinesetromarin.ch,capucinesetromarin.ch,NO,Non-Healthcare / General,Low,"Insufficient healthcare relevance (hc_score: 0, non_hc_score: 0)",HOME - Logement Capucines & Romarin,Live (200),
https://rankseotoolkit.shop,rankseotoolkit.shop,NO,Non-Healthcare (Technology / Marketing),High,Identified as Technology / Marketing industry (score: 6 vs hc: 0),"Premium SEO Backlinks Services - Boost DR, DA & TF",Live (200),
https://mediumdirectory.com,mediumdirectory.com,YES,General Healthcare,Medium,"Healthcare indicators found (General Healthcare, score: 3)",Parking Page,Live (200),
https://outrank-hq-modern-wiki-branch.store,outrank-hq-modern-wiki-branch.store,NO,Non-Healthcare / General,Low,"Insufficient healthcare relevance (hc_score: 0, non_hc_score: 0)",SEO Express â Wholesale Backlinks. Priced Per Link.,Live (200),
https://topworlddirectory.com,topworlddirectory.com,NO,Unreachable / Unknown,Low,Site unreachable (Connection Timeout) and domain name lacks clear healthcare indicators,,Connection Timeout,
https://socialnewsdirectory.com,socialnewsdirectory.com,NO,Non-Healthcare (Technology / Marketing),High,Identified as Technology / Marketing industry (score: 11 vs hc: 10),Social News Directory |,Live (200),
https://aibacklinkdirectory.com,aibacklinkdirectory.com,NO,Non-Healthcare / General,Low,"Insufficient healthcare relevance (hc_score: 0, non_hc_score: 0)",Parking Page,Live (200),
https://whatif-youknew.com,whatif-youknew.com,NO,Non-Healthcare / General,Low,"Insufficient healthcare relevance (hc_score: 0, non_hc_score: 0)",voicenote.in,Live (200),
https://therankingseohigh.shop,therankingseohigh.shop,NO,Non-Healthcare / General,Medium,"Insufficient healthcare relevance (hc_score: 0, non_hc_score: 3)",SEO Express â Wholesale Backlinks. Priced Per Link.,Live (200),
https://seobundle.shop,seobundle.shop,NO,Non-Healthcare / General,Medium,"Insufficient healthcare relevance (hc_score: 2, non_hc_score: 3)",SEO Boost Agency â SEO Authority & Backlink Services,Live (200),
https://usaseodirectory.com,usaseodirectory.com,NO,Non-Healthcare Domain,Medium,"Site unreachable (DNS / Connection Refused), domain keyword indicates non-healthcare: seo",,DNS / Connection Refused,
https://primesolodirectory.com,primesolodirectory.com,NO,Non-Healthcare (Technology / Marketing),High,Identified as Technology / Marketing industry (score: 18 vs hc: 13),Prime Solo directory |,Live (200),
https://authorityprodirectory.com,authorityprodirectory.com,NO,Unreachable / Unknown,Low,Site unreachable (DNS / Connection Refused) and domain name lacks clear healthcare indicators,,DNS / Connection Refused,
https://toprankresults.shop,toprankresults.shop,NO,Non-Healthcare / General,Medium,"Insufficient healthcare relevance (hc_score: 2, non_hc_score: 1)",BuySEOLink â Premium SEO Authority Packages,Live (200),
https://thebestbacklinksavailable.click,thebestbacklinksavailable.click,NO,Non-Healthcare / General,Low,"Insufficient healthcare relevance (hc_score: 0, non_hc_score: 0)",voicenote.in,Live (200),
https://verified-seoexpress-search-directory.store,verified-seoexpress-search-directory.store,NO,Non-Healthcare / General,Medium,"Insufficient healthcare relevance (hc_score: 0, non_hc_score: 3)",SEO Express â Wholesale Backlinks. Priced Per Link.,Live (200),
https://pageseoresults.shop,pageseoresults.shop,NO,Non-Healthcare (Technology / Marketing),High,Identified as Technology / Marketing industry (score: 50 vs hc: 8),"SkyLinkSEO â SEO Services & Software House | DR, DA, TF, PBN, Guest Posts, SaaS & Web Development",Live (200),
https://linkbuildingdirectory.com,linkbuildingdirectory.com,NO,Non-Healthcare / General,Low,"Insufficient healthcare relevance (hc_score: 0, non_hc_score: 0)",Parking Page,Live (200),
https://exclusive-keyword-team-seoexpress.store,exclusive-keyword-team-seoexpress.store,NO,Non-Healthcare / General,Medium,"Insufficient healthcare relevance (hc_score: 0, non_hc_score: 3)",SEO Express â Wholesale Backlinks. Priced Per Link.,Live (200),
https://besttopdirectory.com,besttopdirectory.com,NO,Non-Healthcare (Technology / Marketing),High,Identified as Technology / Marketing industry (score: 11 vs hc: 10),Best Top Directory |,Live (200),
https://rankshiftseo.shop,rankshiftseo.shop,NO,Non-Healthcare / General,Medium,"Insufficient healthcare relevance (hc_score: 2, non_hc_score: 3)",SEO Boost Agency â SEO Authority & Backlink Services,Live (200),
https://dynamic-niche-edit-and-contextual-link-systems.store,dynamic-niche-edit-and-contextual-link-systems.store,NO,Non-Healthcare / General,Low,"Insufficient healthcare relevance (hc_score: 0, non_hc_score: 0)",SEO Express â Wholesale Backlinks. Priced Per Link.,Live (200),
https://socialzonedirectory.com,socialzonedirectory.com,NO,Non-Healthcare (Technology / Marketing),High,Identified as Technology / Marketing industry (score: 11 vs hc: 10),Social Zone Directory |,Live (200),
https://rankbox.shop,rankbox.shop,YES,General Healthcare,Medium,Verified healthcare practice (General Healthcare). Content & keywords score: 4,"Rankva SEO Packages â DR, DA, TF, PBN & Guest Posts",Live (200),
https://www.owler.com,owler.com,NO,Non-Healthcare (Food & Beverage),High,Identified as Food & Beverage industry (score: 7 vs hc: 1),Owler,Live (200),
https://linkseoinsights.shop,linkseoinsights.shop,NO,Non-Healthcare / General,Medium,"Insufficient healthcare relevance (hc_score: 0, non_hc_score: 3)","Increase DR, DA, TF & Buy High Quality Backlinks 2026 | TopRankFlow â #1 SEO Authority Service",Live (200),
https://authentic-seoexpress-keyword-firm.store,authentic-seoexpress-keyword-firm.store,NO,Non-Healthcare / General,Medium,"Insufficient healthcare relevance (hc_score: 0, non_hc_score: 3)",SEO Express â Wholesale Backlinks. Priced Per Link.,Live (200),
https://businesslistingportal.com,businesslistingportal.com,NO,Unreachable / Unknown,Low,Site unreachable (DNS / Connection Refused) and domain name lacks clear healthcare indicators,,DNS / Connection Refused,
https://hzdlpq.com,hzdlpq.com,NO,Non-Healthcare / General,Low,"Insufficient healthcare relevance (hc_score: 0, non_hc_score: 0)",BlogApp | Professional Storytelling,Live (200),
https://skylinkseo.site,skylinkseo.site,NO,Non-Healthcare (Food & Beverage),Medium,Identified as Food & Beverage industry (score: 4 vs hc: 1),skylinkseo.site – skylinkseo.site,Live (200),
https://domainrankacademy.shop,domainrankacademy.shop,NO,Non-Healthcare / General,Medium,"Insufficient healthcare relevance (hc_score: 0, non_hc_score: 3)","Premium SEO Backlinks Services - Boost DR, DA & TF",Live (200),
https://practiceall.com,practiceall.com,YES,Dental & Orthodontics,High,Verified healthcare practice (Dental & Orthodontics). Content & keywords score: 48,Healthcare IT Services for Medical Practices | PracticeAll,Live (200),"Dental & Orthodontics, Dermatology & Skin Care, Urology"
https://worldclasspbnlinks.biz,worldclasspbnlinks.biz,NO,Non-Healthcare / General,Low,"Insufficient healthcare relevance (hc_score: 0, non_hc_score: 0)",voicenote.in,Live (200),
https://toprankservice.shop,toprankservice.shop,NO,Non-Healthcare (Technology / Marketing),High,Identified as Technology / Marketing industry (score: 47 vs hc: 8),"SkyLinkSEO â SEO Services & Software House | DR, DA, TF, PBN, Guest Posts, SaaS & Web Development",Live (200),
https://advanced-saas-seo-directory-outrank-hq.store,advanced-saas-seo-directory-outrank-hq.store,NO,Non-Healthcare (Technology / Marketing),High,Identified as Technology / Marketing industry (score: 7 vs hc: 0),SEO Express â Wholesale Backlinks. Priced Per Link.,Live (200),
https://sitescooponline.com,sitescooponline.com,NO,Non-Healthcare / General,Low,"Insufficient healthcare relevance (hc_score: 0, non_hc_score: 0)",BlogApp | Professional Storytelling,Live (200),
https://global-keyword-seoexpress.store,global-keyword-seoexpress.store,NO,Non-Healthcare / General,Medium,"Insufficient healthcare relevance (hc_score: 0, non_hc_score: 3)",SEO Express â Wholesale Backlinks. Priced Per Link.,Live (200),
https://toprankpartners.shop,toprankpartners.shop,NO,Non-Healthcare / General,Medium,"Insufficient healthcare relevance (hc_score: 0, non_hc_score: 3)","Premium SEO Backlinks Services - Boost DR, DA & TF",Live (200),
https://supreme-anchor-text-provider-seoexpress.store,supreme-anchor-text-provider-seoexpress.store,NO,Non-Healthcare / General,Medium,"Insufficient healthcare relevance (hc_score: 0, non_hc_score: 3)",SEO Express â Wholesale Backlinks. Priced Per Link.,Live (200),
https://prime-high-da-seoexpress.store,prime-high-da-seoexpress.store,NO,Non-Healthcare / General,Medium,"Insufficient healthcare relevance (hc_score: 0, non_hc_score: 3)",SEO Express â Wholesale Backlinks. Priced Per Link.,Live (200),
https://www.demandexperts.com,demandexperts.com,YES,Dental & Orthodontics,High,Verified healthcare practice (Dental & Orthodontics). Content & keywords score: 42,DemandExperts - Leading digital marketing agency for healthcare providers,Live (200),"Dental & Orthodontics, Primary Care & Family Medicine, Dermatology & Skin Care"
https://organicrankservice.shop,organicrankservice.shop,NO,Non-Healthcare / General,Medium,"Insufficient healthcare relevance (hc_score: 0, non_hc_score: 3)","Premium SEO Backlinks Services - Boost DR, DA & TF",Live (200),
https://professionalhub.pro,professionalhub.pro,NO,Non-Healthcare / General,Low,"Insufficient healthcare relevance (hc_score: 0, non_hc_score: 0)",Professional Hub — work for yourself with a company behind you,Live (200),
https://master-white-hat-and-do-follow-solutions.store,master-white-hat-and-do-follow-solutions.store,NO,Non-Healthcare / General,Low,"Insufficient healthcare relevance (hc_score: 0, non_hc_score: 0)",SEO Express â Wholesale Backlinks. Priced Per Link.,Live (200),
https://www.cdj-bouffort.com,cdj-bouffort.com,NO,Non-Healthcare / General,Medium,"Insufficient healthcare relevance (hc_score: 1, non_hc_score: 1)",SCP Bérengère BOUFFORT - Huissier de justice,Live (200),
https://seoboostalliance.shop,seoboostalliance.shop,NO,Non-Healthcare (Technology / Marketing),High,Identified as Technology / Marketing industry (score: 6 vs hc: 0),"Premium SEO Backlinks Services - Boost DR, DA & TF",Live (200),
https://sergechel.info,sergechel.info,NO,Non-Healthcare / General,Low,"Insufficient healthcare relevance (hc_score: 0, non_hc_score: 0)",Where to buy 🚀 aged domains and backlinks 🔥 from sergechel,Live (200),
https://primebacklinks.shop,primebacklinks.shop,NO,Non-Healthcare / General,Low,"Insufficient healthcare relevance (hc_score: 0, non_hc_score: 0)",BacklinksNexa | Premium Link Building Agency MEA â Dark Corporate,Live (200),
https://seohubdirectory.com,seohubdirectory.com,NO,Non-Healthcare (Food & Beverage),Medium,Identified as Food & Beverage industry (score: 4 vs hc: 0),SEO HUB DIRECTORY,Live (200),
https://www.iheart.com,iheart.com,NO,Non-Healthcare / General,Low,"Insufficient healthcare relevance (hc_score: 0, non_hc_score: 0)","Listen to Your Favorite Music, Podcasts, and Radio Stations for Free!",Live (200),
https://seoexpress-verified-website-system.store,seoexpress-verified-website-system.store,NO,Non-Healthcare / General,Medium,"Insufficient healthcare relevance (hc_score: 0, non_hc_score: 3)",SEO Express â Wholesale Backlinks. Priced Per Link.,Live (200),
https://empathea.com,empathea.com,NO,Non-Healthcare / General,Low,"Insufficient healthcare relevance (hc_score: 0, non_hc_score: 0)",,Live (200),
https://seoprodirectory.com,seoprodirectory.com,NO,Non-Healthcare Domain,Medium,"Site unreachable (DNS / Connection Refused), domain keyword indicates non-healthcare: seo",,DNS / Connection Refused,
https://obiztools.com,obiztools.com,NO,Non-Healthcare (Financial / Accounting),Medium,Identified as Financial / Accounting industry (score: 5 vs hc: 0),oBizTools.com – Best Tools to Succeed Online,Live (200),
https://snapiy.com,snapiy.com,NO,Non-Healthcare (Home Services / HVAC / Plumbing),High,Identified as Home Services / HVAC / Plumbing industry (score: 9 vs hc: 0),SNAPIY – SNAPIY,Live (200),
https://hostseolinks.com,hostseolinks.com,NO,Non-Healthcare (Food & Beverage),Medium,Identified as Food & Beverage industry (score: 4 vs hc: 0),HOST SEO LINKS,Live (200),
https://linkodirectory.com,linkodirectory.com,NO,Non-Healthcare / General,Medium,"Insufficient healthcare relevance (hc_score: 0, non_hc_score: 1)",Link O DIRECTORY,Live (200),
https://proseoarticles.com,proseoarticles.com,NO,Non-Healthcare (Food & Beverage),Medium,Identified as Food & Beverage industry (score: 4 vs hc: 0),PRO SEO ARTICLES,Live (200),
https://flagship-digital-pr-and-editorial-link-central.store,flagship-digital-pr-and-editorial-link-central.store,NO,Non-Healthcare / General,Low,"Insufficient healthcare relevance (hc_score: 0, non_hc_score: 0)",SEO Express â Wholesale Backlinks. Priced Per Link.,Live (200),
https://rankseomasters.shop,rankseomasters.shop,NO,Non-Healthcare (Technology / Marketing),High,Identified as Technology / Marketing industry (score: 50 vs hc: 8),"SkyLinkSEO â SEO Services & Software House | DR, DA, TF, PBN, Guest Posts, SaaS & Web Development",Live (200),
https://quality-web-resource-directory.seoexpress-master-digital-portal.store,quality-web-resource-directory.seoexpress-master-digital-portal.store,NO,Non-Healthcare / General,Medium,"Insufficient healthcare relevance (hc_score: 0, non_hc_score: 3)",SEO Express â Wholesale Backlinks. Priced Per Link.,Live (200),
https://seologixdirectory.com,seologixdirectory.com,NO,Non-Healthcare / General,Medium,"Insufficient healthcare relevance (hc_score: 0, non_hc_score: 3)",Parking Page,Live (200),
https://wizhealth.com,wizhealth.com,YES,Chiropractic & Physical Therapy,High,Verified healthcare practice (Chiropractic & Physical Therapy). Content & keywords score: 53,"Wiz | Eligibility, Authorization & Patient Estimates for Therapy Clinics",Live (200),"Chiropractic & Physical Therapy, Orthopedics & Sports Medicine"
https://premium-seoexpress-digital-solutions.store,premium-seoexpress-digital-solutions.store,NO,Non-Healthcare / General,Medium,"Insufficient healthcare relevance (hc_score: 0, non_hc_score: 3)",SEO Express â Wholesale Backlinks. Priced Per Link.,Live (200),
https://rankoutlet.shop,rankoutlet.shop,NO,Non-Healthcare / General,Medium,"Insufficient healthcare relevance (hc_score: 2, non_hc_score: 1)",BuySEOLink â Premium SEO Authority Packages,Live (200),
https://seoexpress-verified-high-da-consultants.store,seoexpress-verified-high-da-consultants.store,NO,Non-Healthcare / General,Medium,"Insufficient healthcare relevance (hc_score: 0, non_hc_score: 3)",SEO Express â Wholesale Backlinks. Priced Per Link.,Live (200),
https://theguestpost.shop,theguestpost.shop,NO,Non-Healthcare / General,Low,"Insufficient healthcare relevance (hc_score: 0, non_hc_score: 0)",SEO Express â Wholesale Backlinks. Priced Per Link.,Live (200),
https://activeshop.shop,activeshop.shop,NO,Non-Healthcare / General,Medium,"Insufficient healthcare relevance (hc_score: 0, non_hc_score: 2)",Activeshop — Web Directory,Live (200),
https://quickseolinks.com,quickseolinks.com,NO,Non-Healthcare / General,Medium,"Insufficient healthcare relevance (hc_score: 0, non_hc_score: 3)",Just a moment...,Live (403),
https://rankgrowthmarket.shop,rankgrowthmarket.shop,NO,Non-Healthcare / General,Medium,"Insufficient healthcare relevance (hc_score: 2, non_hc_score: 1)",BuySEOLink â Premium SEO Authority Packages,Live (200),
https://www.glassdoor.at,glassdoor.at,NO,Non-Healthcare / General,Low,"Insufficient healthcare relevance (hc_score: 0, non_hc_score: 0)",Security | Glassdoor,Live (403),
https://pageseoservice.shop,pageseoservice.shop,NO,Non-Healthcare (Technology / Marketing),High,Identified as Technology / Marketing industry (score: 6 vs hc: 0),"Premium SEO Backlinks Services - Boost DR, DA & TF",Live (200),
https://master-seoexpress-content-consultants.store,master-seoexpress-content-consultants.store,NO,Non-Healthcare / General,Medium,"Insufficient healthcare relevance (hc_score: 0, non_hc_score: 3)",SEO Express â Wholesale Backlinks. Priced Per Link.,Live (200),
https://highauthoritydirectory.com,highauthoritydirectory.com,NO,Unreachable / Unknown,Low,Site unreachable (DNS / Connection Refused) and domain name lacks clear healthcare indicators,,DNS / Connection Refused,
https://myheno.com,myheno.com,NO,Unreachable / Unknown,Low,Site unreachable (DNS / Connection Refused) and domain name lacks clear healthcare indicators,,DNS / Connection Refused,
https://www.loginka.com,loginka.com,NO,Non-Healthcare / General,Low,"Insufficient healthcare relevance (hc_score: 0, non_hc_score: 0)",Checking your browser...,Live (200),
https://keyword-rank-backlink-pro-and-keyword-rank-depot.store,keyword-rank-backlink-pro-and-keyword-rank-depot.store,NO,Non-Healthcare / General,Low,"Insufficient healthcare relevance (hc_score: 0, non_hc_score: 0)",SEO Express â Wholesale Backlinks. Priced Per Link.,Live (200),
https://seogear.shop,seogear.shop,NO,Non-Healthcare / General,Medium,"Insufficient healthcare relevance (hc_score: 2, non_hc_score: 3)",SEO Boost Agency â SEO Authority & Backlink Services,Live (200),
https://marketingexperts.click,marketingexperts.click,NO,Non-Healthcare (Food & Beverage),Medium,Identified as Food & Beverage industry (score: 4 vs hc: 0),marketingexperts.click – marketingexperts.click,Live (200),
http://scheduleacall.biz,scheduleacall.biz,YES,General Healthcare,Medium,Verified healthcare practice (General Healthcare). Content & keywords score: 6,168æéä¸åéç´æ­å¥å£|èµè½¦168ä¸åéå¼å¥ç»æä½å½©å®ç½-ä½å½©168ç½åå²æ°æ®åå®æ¹å®æ¶è§é¢ | AI Phone Agent and Virtual Receptionist for Service CX,Live (200),
https://high-outrank-hq-dofollow-platform.store,high-outrank-hq-dofollow-platform.store,NO,Non-Healthcare / General,Low,"Insufficient healthcare relevance (hc_score: 0, non_hc_score: 0)",SEO Express â Wholesale Backlinks. Priced Per Link.,Live (200),
https://websiteworlddirectory.com,websiteworlddirectory.com,NO,Non-Healthcare (Technology / Marketing),High,Identified as Technology / Marketing industry (score: 12 vs hc: 12),Website World Directory |,Live (200),
https://salesroilatam.com,salesroilatam.com,NO,Non-Healthcare / General,Low,"Insufficient healthcare relevance (hc_score: 0, non_hc_score: 0)",看 球 比分 - (中国)迪庆看 球 比分集团集团有限公司欢迎您,Live (200),
https://99backlinksbuy.com,99backlinksbuy.com,NO,Non-Healthcare / General,Low,"Insufficient healthcare relevance (hc_score: 0, non_hc_score: 0)",Just a moment...,Live (403),
https://backlinkmasters.shop,backlinkmasters.shop,NO,Non-Healthcare / General,Medium,"Insufficient healthcare relevance (hc_score: 2, non_hc_score: 1)",BuySEOLink â Premium SEO Authority Packages,Live (200),
https://pageseosystems.shop,pageseosystems.shop,NO,Non-Healthcare (Technology / Marketing),High,Identified as Technology / Marketing industry (score: 50 vs hc: 8),"SkyLinkSEO â SEO Services & Software House | DR, DA, TF, PBN, Guest Posts, SaaS & Web Development",Live (200),
https://seoedge.shop,seoedge.shop,NO,Non-Healthcare / General,Medium,"Insufficient healthcare relevance (hc_score: 2, non_hc_score: 3)",SEO Boost Agency â SEO Authority & Backlink Services,Live (200),
https://seooutlet.shop,seooutlet.shop,NO,Non-Healthcare (Technology / Marketing),High,Identified as Technology / Marketing industry (score: 50 vs hc: 8),"SkyLinkSEO â SEO Services & Software House | DR, DA, TF, PBN, Guest Posts, SaaS & Web Development",Live (200),
https://theseorankinghigh.shop,theseorankinghigh.shop,NO,Non-Healthcare / General,Medium,"Insufficient healthcare relevance (hc_score: 0, non_hc_score: 3)",SEO Express â Wholesale Backlinks. Priced Per Link.,Live (200),
https://backlinkboostdirectory.com,backlinkboostdirectory.com,NO,Unreachable / Unknown,Low,Site unreachable (DNS / Connection Refused) and domain name lacks clear healthcare indicators,,DNS / Connection Refused,
https://webrankresults.shop,webrankresults.shop,NO,Non-Healthcare / General,Medium,"Insufficient healthcare relevance (hc_score: 0, non_hc_score: 3)","Premium SEO Backlinks Services - Boost DR, DA & TF",Live (200),
https://vix.lt,vix.lt,NO,Non-Healthcare / General,Low,"Insufficient healthcare relevance (hc_score: 0, non_hc_score: 0)",voicenote.in,Live (200),
https://elite-domain-seoexpress-consultants.store,elite-domain-seoexpress-consultants.store,NO,Non-Healthcare / General,Medium,"Insufficient healthcare relevance (hc_score: 0, non_hc_score: 3)",SEO Express â Wholesale Backlinks. Priced Per Link.,Live (200),
https://zipdo.co,zipdo.co,YES,Mental Health & Psychiatry,High,Verified healthcare practice (Mental Health & Psychiatry). Content & keywords score: 16,ZipDo — Facts & Grounding Page,Live (200),"Mental Health & Psychiatry, Women's Health & OB/GYN"
https://content-marketing-search-rank-and-search-rank-syndicate.store,content-marketing-search-rank-and-search-rank-syndicate.store,NO,Non-Healthcare / General,Medium,"Insufficient healthcare relevance (hc_score: 0, non_hc_score: 3)",SEO Express â Wholesale Backlinks. Priced Per Link.,Live (200),
http://fbsp.ftu.edu.vn,fbsp.ftu.edu.vn,NO,Non-Healthcare (Food & Beverage),Medium,Identified as Food & Beverage industry (score: 4 vs hc: 0),Trang Chủ - Cổng thông tin hỗ trợ doanh nghiệp - Đại học Ngoại thương,Live (200),
https://bripto.shop,bripto.shop,NO,Non-Healthcare / General,Low,"Insufficient healthcare relevance (hc_score: 0, non_hc_score: 0)",ððBoost your Google rankings with Premium PBN & Link Buildingðð,Live (200),
https://rankongoogle.agency,rankongoogle.agency,NO,Non-Healthcare / General,Medium,"Insufficient healthcare relevance (hc_score: 2, non_hc_score: 3)",SEO Boost Agency â SEO Authority & Backlink Services,Live (200),
https://rankseoalliance.shop,rankseoalliance.shop,NO,Non-Healthcare / General,Medium,"Insufficient healthcare relevance (hc_score: 0, non_hc_score: 3)","Increase DR, DA, TF & Buy High Quality Backlinks 2026 | TopRankFlow â #1 SEO Authority Service",Live (200),
https://exclusive-webpage-center-seoexpress.store,exclusive-webpage-center-seoexpress.store,NO,Non-Healthcare / General,Medium,"Insufficient healthcare relevance (hc_score: 0, non_hc_score: 3)",SEO Express â Wholesale Backlinks. Priced Per Link.,Live (200),
https://friendlybacklinksbuy.com,friendlybacklinksbuy.com,NO,Non-Healthcare / General,Low,"Insufficient healthcare relevance (hc_score: 0, non_hc_score: 0)",Just a moment...,Live (403),
https://rankbasket.shop,rankbasket.shop,YES,General Healthcare,Medium,Verified healthcare practice (General Healthcare). Content & keywords score: 4,"Rankva SEO Packages â DR, DA, TF, PBN & Guest Posts",Live (200),
https://proven-backlink-pro-and-outreach-pro-partners.store,proven-backlink-pro-and-outreach-pro-partners.store,NO,Non-Healthcare / General,Low,"Insufficient healthcare relevance (hc_score: 0, non_hc_score: 0)",SEO Express â Wholesale Backlinks. Priced Per Link.,Live (200),
https://semrushdirectory.com,semrushdirectory.com,YES,Dental & Orthodontics,High,Verified healthcare practice (Dental & Orthodontics). Content & keywords score: 21,Semrush Directory |,Live (200),Dental & Orthodontics
https://leading-partners-for-domain-rating-and-do-follow.store,leading-partners-for-domain-rating-and-do-follow.store,NO,Non-Healthcare / General,Low,"Insufficient healthcare relevance (hc_score: 0, non_hc_score: 0)",SEO Express â Wholesale Backlinks. Priced Per Link.,Live (200),
https://seopicks.shop,seopicks.shop,NO,Non-Healthcare (Technology / Marketing),High,Identified as Technology / Marketing industry (score: 50 vs hc: 8),"SkyLinkSEO â SEO Services & Software House | DR, DA, TF, PBN, Guest Posts, SaaS & Web Development",Live (200),
https://bestnz-poker-casinoslot.com,bestnz-poker-casinoslot.com,NO,Non-Healthcare / General,Low,"Insufficient healthcare relevance (hc_score: 0, non_hc_score: 0)",ððBoost your Google rankings with Premium PBN & Link Buildingðð,Live (200),
https://rankzonedirectory.com,rankzonedirectory.com,NO,Non-Healthcare (Technology / Marketing),High,Identified as Technology / Marketing industry (score: 10 vs hc: 10),Rank Zone Directory |,Live (200),
https://naiad.pages.dev,naiad.pages.dev,NO,Non-Healthcare / General,Low,"Insufficient healthcare relevance (hc_score: 0, non_hc_score: 0)",Top Global Websites Directory,Live (200),
https://postonseo.com,postonseo.com,NO,Non-Healthcare (Food & Beverage),Medium,Identified as Food & Beverage industry (score: 4 vs hc: 0),POST ON SEO,Live (200),
https://webbacklinkskbuy.com,webbacklinkskbuy.com,NO,Non-Healthcare / General,Low,"Insufficient healthcare relevance (hc_score: 0, non_hc_score: 0)",Just a moment...,Live (403),
https://master-digital-studio-seoexpress.store,master-digital-studio-seoexpress.store,NO,Non-Healthcare / General,Medium,"Insufficient healthcare relevance (hc_score: 0, non_hc_score: 3)",SEO Express â Wholesale Backlinks. Priced Per Link.,Live (200),
https://webusdirectory.com,webusdirectory.com,NO,Non-Healthcare / General,Low,"Insufficient healthcare relevance (hc_score: 0, non_hc_score: 0)",Parking Page,Live (200),
https://expert-search-seoexpress-team.store,expert-search-seoexpress-team.store,NO,Non-Healthcare / General,Medium,"Insufficient healthcare relevance (hc_score: 0, non_hc_score: 3)",SEO Express â Wholesale Backlinks. Priced Per Link.,Live (200),
https://rankingwebdirectory.com,rankingwebdirectory.com,YES,Dental & Orthodontics,High,Verified healthcare practice (Dental & Orthodontics). Content & keywords score: 12,Ranking Directory |,Live (200),"Dental & Orthodontics, Chiropractic & Physical Therapy"
http://kingranks.com,kingranks.com,NO,Non-Healthcare (Home Improvement),High,Identified as Home Improvement industry (score: 23 vs hc: 10),King Ranks | KIng Rannks Article directory,Live (200),
https://seo-high-ranking.shop,seo-high-ranking.shop,NO,Non-Healthcare / General,Medium,"Insufficient healthcare relevance (hc_score: 0, non_hc_score: 3)",SEO Express â Wholesale Backlinks. Priced Per Link.,Live (200),
https://highseo.shop,highseo.shop,NO,Non-Healthcare / General,Medium,"Insufficient healthcare relevance (hc_score: 0, non_hc_score: 3)",SEO Express â Wholesale Backlinks. Priced Per Link.,Live (200),
https://trusted-off-page-pros-seoexpress.store,trusted-off-page-pros-seoexpress.store,NO,Non-Healthcare / General,Medium,"Insufficient healthcare relevance (hc_score: 0, non_hc_score: 3)",SEO Express â Wholesale Backlinks. Priced Per Link.,Live (200),
https://linksnexa.shop,linksnexa.shop,NO,Non-Healthcare / General,Low,"Insufficient healthcare relevance (hc_score: 0, non_hc_score: 0)",BacklinksNexa | Premium Link Building Agency MEA â Dark Corporate,Live (200),
http://backlinktime.com,backlinktime.com,NO,Non-Healthcare / General,Medium,"Insufficient healthcare relevance (hc_score: 0, non_hc_score: 1)",BACKLINK TIME – BACKLINK TIME,Live (200),
https://wayranks.com,wayranks.com,NO,Non-Healthcare (Home Improvement),High,Identified as Home Improvement industry (score: 24 vs hc: 10),Way Ranks | Way Ranks Article Directory,Live (200),
https://www.coruzants.com,coruzants.com,NO,Non-Healthcare / General,Low,"Insufficient healthcare relevance (hc_score: 0, non_hc_score: 0)",ððBoost your Google rankings with Premium PBN & Link Buildingðð,Live (200),
https://localsoftwareservice.com,localsoftwareservice.com,NO,Non-Healthcare / General,Low,"Insufficient healthcare relevance (hc_score: 0, non_hc_score: 0)",Find Software Services - localsoftwareservice.com,Live (200),
https://seoexpress-modern-backlink-platform.store,seoexpress-modern-backlink-platform.store,NO,Non-Healthcare / General,Medium,"Insufficient healthcare relevance (hc_score: 0, non_hc_score: 3)",SEO Express â Wholesale Backlinks. Priced Per Link.,Live (200),
https://software.tokenpedia.com,software.tokenpedia.com,NO,Non-Healthcare / General,Low,"Insufficient healthcare relevance (hc_score: 0, non_hc_score: 0)",Just a moment...,Live (403),
https://gaugius.com,gaugius.com,NO,Non-Healthcare (Financial / Accounting),High,Identified as Financial / Accounting industry (score: 6 vs hc: 0),Gaugius — Facts & Grounding Page,Live (200),
https://ailternative.com,ailternative.com,NO,Non-Healthcare (Technology / Marketing),High,Identified as Technology / Marketing industry (score: 9 vs hc: 5),"ailternative.com — Find the Best Product Alternatives, Powered by AI",Live (200),
https://supreme-solutions-for-link-building-and-search-rank.store,supreme-solutions-for-link-building-and-search-rank.store,NO,Non-Healthcare / General,Low,"Insufficient healthcare relevance (hc_score: 0, non_hc_score: 0)",SEO Express â Wholesale Backlinks. Priced Per Link.,Live (200),
https://keski.condesan-ecoandes.org,keski.condesan-ecoandes.org,NO,Non-Healthcare / General,Low,"Insufficient healthcare relevance (hc_score: 0, non_hc_score: 0)",Redirecting...,Live (200),
https://seoprime.shop,seoprime.shop,NO,Non-Healthcare (Technology / Marketing),High,Identified as Technology / Marketing industry (score: 50 vs hc: 8),"SkyLinkSEO â SEO Services & Software House | DR, DA, TF, PBN, Guest Posts, SaaS & Web Development",Live (200),
https://rankyour.website,rankyour.website,NO,Non-Healthcare / General,Medium,"Insufficient healthcare relevance (hc_score: 0, non_hc_score: 3)","Premium SEO Backlinks Services - Boost DR, DA & TF",Live (200),
https://seogrowthprovider.shop,seogrowthprovider.shop,NO,Non-Healthcare / General,Medium,"Insufficient healthcare relevance (hc_score: 2, non_hc_score: 3)",SEO Boost Agency â SEO Authority & Backlink Services,Live (200),
https://healthcare.toolsinfo.com,healthcare.toolsinfo.com,YES,General Healthcare,High,Verified healthcare practice (General Healthcare). Content & keywords score: 8,Just a moment...,Live (403),
https://rankfinds.shop,rankfinds.shop,NO,Non-Healthcare / General,Medium,"Insufficient healthcare relevance (hc_score: 2, non_hc_score: 1)",BuySEOLink â Premium SEO Authority Packages,Live (200),
https://seogrowthresults.shop,seogrowthresults.shop,NO,Non-Healthcare (Technology / Marketing),High,Identified as Technology / Marketing industry (score: 50 vs hc: 8),"SkyLinkSEO â SEO Services & Software House | DR, DA, TF, PBN, Guest Posts, SaaS & Web Development",Live (200),
https://hiwebsite.net,hiwebsite.net,NO,Non-Healthcare / General,Medium,"Insufficient healthcare relevance (hc_score: 0, non_hc_score: 3)",HiWebsite - Company Directory,Live (200),
https://katmoviehd.wf,katmoviehd.wf,NO,Non-Healthcare / General,Low,"Insufficient healthcare relevance (hc_score: 0, non_hc_score: 0)",voicenote.in,Live (200),
https://linkgrowthauthority.shop,linkgrowthauthority.shop,NO,Non-Healthcare / General,Medium,"Insufficient healthcare relevance (hc_score: 2, non_hc_score: 1)",BuySEOLink â Premium SEO Authority Packages,Live (200),
https://rankbundle.shop,rankbundle.shop,YES,General Healthcare,Medium,Verified healthcare practice (General Healthcare). Content & keywords score: 4,"Rankva SEO Packages â DR, DA, TF, PBN & Guest Posts",Live (200),
https://lawyerinjeddah.com,lawyerinjeddah.com,NO,Non-Healthcare (Non-Healthcare),High,Identified as Non-Healthcare industry (score: 6 vs hc: 0),ððBoost your Google rankings with Premium PBN & Link Buildingðð,Live (200),
https://www.xploredomains.com,xploredomains.com,NO,Non-Healthcare / General,Low,"Insufficient healthcare relevance (hc_score: 0, non_hc_score: 0)",Default page,Live (200),
https://googleseocompany.shop,googleseocompany.shop,NO,Non-Healthcare / General,Medium,"Insufficient healthcare relevance (hc_score: 2, non_hc_score: 3)",SEO Boost Agency â SEO Authority & Backlink Services,Live (200),
https://seogrowthpipeline.shop,seogrowthpipeline.shop,NO,Non-Healthcare (Technology / Marketing),Medium,Identified as Technology / Marketing industry (score: 4 vs hc: 2),BuySEOLink â Premium SEO Authority Packages,Live (200),
https://backlinksdirectoryhub.com,backlinksdirectoryhub.com,NO,Non-Healthcare / General,Low,"Insufficient healthcare relevance (hc_score: 0, non_hc_score: 0)",Parking Page,Live (200),
https://rankcollective.shop,rankcollective.shop,NO,Non-Healthcare / General,Medium,"Insufficient healthcare relevance (hc_score: 0, non_hc_score: 3)","Premium SEO Backlinks Services - Boost DR, DA & TF",Live (200),
https://apibit.com,apibit.com,NO,Non-Healthcare / General,Low,"Insufficient healthcare relevance (hc_score: 0, non_hc_score: 0)",403 Forbidden,Live (403),
https://podtail.se,podtail.se,NO,Non-Healthcare / General,Low,"Insufficient healthcare relevance (hc_score: 0, non_hc_score: 0)",Podtail – Lyssna på poddar online,Live (200),
https://pageseotoolkit.shop,pageseotoolkit.shop,NO,Non-Healthcare (Technology / Marketing),Medium,Identified as Technology / Marketing industry (score: 4 vs hc: 2),BuySEOLink â Premium SEO Authority Packages,Live (200),
https://backlinkorbit.shop,backlinkorbit.shop,NO,Non-Healthcare / General,Low,"Insufficient healthcare relevance (hc_score: 0, non_hc_score: 0)",BacklinksNexa | Premium Link Building Agency MEA â Dark Corporate,Live (200),
https://blog-forest.help,blog-forest.help,NO,Non-Healthcare / General,Medium,"Insufficient healthcare relevance (hc_score: 1, non_hc_score: 0)",Home - kids parenting,Live (200),
https://globalproseo.com,globalproseo.com,NO,Non-Healthcare (Food & Beverage),Medium,Identified as Food & Beverage industry (score: 4 vs hc: 0),GLOBAL PRO SEO,Live (200),
https://sovereignmedia.co.za,sovereignmedia.co.za,YES,General Healthcare,Medium,"Healthcare indicators found (General Healthcare, score: 3)",voicenote.in,Live (200),
https://www.rockstarglobal.com,rockstarglobal.com,YES,General Healthcare,High,Verified healthcare practice (General Healthcare). Content & keywords score: 12,Rockstar Global (formerly Virtual Rockstar) |  Best Virtual Assistants for Therapy Practices,Live (200),
https://toprankauthority.shop,toprankauthority.shop,NO,Non-Healthcare / General,Medium,"Insufficient healthcare relevance (hc_score: 0, non_hc_score: 3)","Premium SEO Backlinks Services - Boost DR, DA & TF",Live (200),
https://llm.dataforseo.com,llm.dataforseo.com,NO,Non-Healthcare (Retail & Shopping),High,Identified as Retail & Shopping industry (score: 9 vs hc: 4),Free AI Visibility Trend Tracker See how your brand ranks in AI models | LLM,Live (200),
https://allbaclinks.com,allbaclinks.com,NO,Non-Healthcare / General,Low,"Insufficient healthcare relevance (hc_score: 0, non_hc_score: 0)",Just a moment...,Live (403),
https://marketinghubdirectory.com,marketinghubdirectory.com,NO,Non-Healthcare (Technology / Marketing),High,Identified as Technology / Marketing industry (score: 13 vs hc: 10),Most Ranking Directory |,Live (200),
https://toprankprovider.shop,toprankprovider.shop,NO,Non-Healthcare / General,Medium,"Insufficient healthcare relevance (hc_score: 0, non_hc_score: 3)","Premium SEO Backlinks Services - Boost DR, DA & TF",Live (200),
https://podcasts.apple.com,podcasts.apple.com,NO,Non-Healthcare (Retail & Shopping),Medium,Identified as Retail & Shopping industry (score: 4 vs hc: 0),Apple Podcasts - Web Player,Live (200),
https://www.linksnatcher.com,linksnatcher.com,NO,Non-Healthcare / General,Low,"Insufficient healthcare relevance (hc_score: 0, non_hc_score: 0)",linksnatcher.com | Login,Live (200),
https://seoagency.sale,seoagency.sale,NO,Non-Healthcare (Technology / Marketing),High,Identified as Technology / Marketing industry (score: 7 vs hc: 2),BuySEOLink â Premium SEO Authority Packages,Live (200),
https://www.virtualrockstar.com,virtualrockstar.com,YES,General Healthcare,High,Verified healthcare practice (General Healthcare). Content & keywords score: 12,Rockstar Global (formerly Virtual Rockstar) |  Best Virtual Assistants for Therapy Practices,Live (200),
https://seodepot.shop,seodepot.shop,NO,Non-Healthcare / General,Medium,"Insufficient healthcare relevance (hc_score: 2, non_hc_score: 3)",SEO Boost Agency â SEO Authority & Backlink Services,Live (200),
https://topbacklinksdirectory.com,topbacklinksdirectory.com,NO,Non-Healthcare / General,Low,"Insufficient healthcare relevance (hc_score: 0, non_hc_score: 0)",Parking Page,Live (200),
https://ultimate-depot-for-search-rank-and-content-marketing.store,ultimate-depot-for-search-rank-and-content-marketing.store,NO,Non-Healthcare / General,Medium,"Insufficient healthcare relevance (hc_score: 0, non_hc_score: 3)",SEO Express â Wholesale Backlinks. Priced Per Link.,Live (200),
https://seodirectoryzone.com,seodirectoryzone.com,NO,Non-Healthcare / General,Medium,"Insufficient healthcare relevance (hc_score: 0, non_hc_score: 3)",Parking Page,Live (200),
https://link-equity-guest-posting-and-click-through-studio.store,link-equity-guest-posting-and-click-through-studio.store,NO,Non-Healthcare / General,Low,"Insufficient healthcare relevance (hc_score: 0, non_hc_score: 0)",SEO Express â Wholesale Backlinks. Priced Per Link.,Live (200),
https://supreme-dofollow-seoexpress-hub.store,supreme-dofollow-seoexpress-hub.store,NO,Non-Healthcare / General,Medium,"Insufficient healthcare relevance (hc_score: 0, non_hc_score: 3)",SEO Express â Wholesale Backlinks. Priced Per Link.,Live (200),
https://seoexpress.shop,seoexpress.shop,NO,Non-Healthcare / General,Medium,"Insufficient healthcare relevance (hc_score: 0, non_hc_score: 3)",SEO Express â Wholesale Backlinks. Priced Per Link.,Live (200),
https://marketinghubdirectoy.com,marketinghubdirectoy.com,NO,Non-Healthcare (Technology / Marketing),High,Identified as Technology / Marketing industry (score: 14 vs hc: 10),Marketing Hub Directory |,Live (200),
https://bmwyng.com,bmwyng.com,NO,Non-Healthcare / General,Low,"Insufficient healthcare relevance (hc_score: 0, non_hc_score: 0)",BlogApp | Professional Storytelling,Live (200),
https://powerful-link-building-hub-seoexpress.store,powerful-link-building-hub-seoexpress.store,NO,Non-Healthcare / General,Medium,"Insufficient healthcare relevance (hc_score: 0, non_hc_score: 3)",SEO Express â Wholesale Backlinks. Priced Per Link.,Live (200),
https://siteranksolutions.shop,siteranksolutions.shop,YES,General Healthcare,Medium,"Healthcare indicators found (General Healthcare, score: 2)",SEO Boost Agency â SEO Authority & Backlink Services,Live (200),
http://www.gamerkun.com,gamerkun.com,NO,Non-Healthcare / General,Low,"Insufficient healthcare relevance (hc_score: 0, non_hc_score: 0)",Where to buy 🚀 aged domains and backlinks 🔥 from www.gamerkun.com,Live (200),
https://primecompanydirectory.com,primecompanydirectory.com,NO,Unreachable / Unknown,Low,Site unreachable (DNS / Connection Refused) and domain name lacks clear healthcare indicators,,DNS / Connection Refused,
https://linkrankseo.shop,linkrankseo.shop,NO,Non-Healthcare / General,Medium,"Insufficient healthcare relevance (hc_score: 0, non_hc_score: 3)","Increase DR, DA, TF & Buy High Quality Backlinks 2026 | TopRankFlow â #1 SEO Authority Service",Live (200),
https://seogrowthengine.shop,seogrowthengine.shop,NO,Non-Healthcare (Technology / Marketing),Medium,Identified as Technology / Marketing industry (score: 4 vs hc: 2),BuySEOLink â Premium SEO Authority Packages,Live (200),
https://worldtopwebsite.com,worldtopwebsite.com,YES,Dental & Orthodontics,High,Verified healthcare practice (Dental & Orthodontics). Content & keywords score: 12,World Top Directory |,Live (200),"Dental & Orthodontics, Chiropractic & Physical Therapy"
https://linkbundle.shop,linkbundle.shop,NO,Non-Healthcare / General,Low,"Insufficient healthcare relevance (hc_score: 0, non_hc_score: 0)","Increase DR, DA, TF & Buy High Quality Backlinks 2026 | TopRankFlow â #1 SEO Authority Service",Live (200),
https://linkdirectoryzone.com,linkdirectoryzone.com,NO,Non-Healthcare (Technology / Marketing),High,Identified as Technology / Marketing industry (score: 16 vs hc: 13),Link Directory Zone |,Live (200),
https://www.topbillion.net,topbillion.net,NO,Non-Healthcare / General,Low,"Insufficient healthcare relevance (hc_score: 0, non_hc_score: 0)",Top Billion,Live (200),
https://allistingdirectory.com,allistingdirectory.com,NO,Non-Healthcare (Technology / Marketing),High,Identified as Technology / Marketing industry (score: 16 vs hc: 13),All Listing Drectory | Your Complete Business Directory,Live (200),
https://seoexpress.store,seoexpress.store,NO,Non-Healthcare / General,Medium,"Insufficient healthcare relevance (hc_score: 0, non_hc_score: 3)",SEO Express â Wholesale Backlinks. Priced Per Link.,Live (200),
https://worldtopbacklinks.com,worldtopbacklinks.com,NO,Non-Healthcare / General,Low,"Insufficient healthcare relevance (hc_score: 0, non_hc_score: 0)",Just a moment...,Live (403),
https://quotesblom.com,quotesblom.com,NO,Non-Healthcare / General,Low,"Insufficient healthcare relevance (hc_score: 0, non_hc_score: 0)",ððBoost your Google rankings with Premium PBN & Link Buildingðð,Live (200),
https://searchstackdirectory.com,searchstackdirectory.com,NO,Unreachable / Unknown,Low,Site unreachable (HTTP 404) and domain name lacks clear healthcare indicators,,HTTP 404,
https://www.cbinsights.com,cbinsights.com,NO,Non-Healthcare / General,Low,"Insufficient healthcare relevance (hc_score: 0, non_hc_score: 0)",,Live (200),
https://seofinds.shop,seofinds.shop,NO,Non-Healthcare / General,Medium,"Insufficient healthcare relevance (hc_score: 2, non_hc_score: 3)",SEO Boost Agency â SEO Authority & Backlink Services,Live (200),
https://seolexo.com,seolexo.com,NO,Non-Healthcare Domain,Medium,"Site unreachable (DNS / Connection Refused), domain keyword indicates non-healthcare: seo",,DNS / Connection Refused,
https://www.addurl.in,addurl.in,NO,Non-Healthcare / General,Low,"Insufficient healthcare relevance (hc_score: 0, non_hc_score: 0)",Addurl.in,Live (200),
https://exclusive-link-baron-search-syndicate.store,exclusive-link-baron-search-syndicate.store,NO,Non-Healthcare / General,Low,"Insufficient healthcare relevance (hc_score: 0, non_hc_score: 0)",SEO Express â Wholesale Backlinks. Priced Per Link.,Live (200),
https://alpha-local-seo-group-rank-forge.store,alpha-local-seo-group-rank-forge.store,NO,Non-Healthcare / General,Medium,"Insufficient healthcare relevance (hc_score: 0, non_hc_score: 3)",SEO Express â Wholesale Backlinks. Priced Per Link.,Live (200),
https://seoexpress-dr-90-group.store,seoexpress-dr-90-group.store,NO,Non-Healthcare / General,Medium,"Insufficient healthcare relevance (hc_score: 0, non_hc_score: 3)",SEO Express â Wholesale Backlinks. Priced Per Link.,Live (200),
https://rankfastdirectory.com,rankfastdirectory.com,YES,Dental & Orthodontics,High,Verified healthcare practice (Dental & Orthodontics). Content & keywords score: 12,Rank Fast Directory |,Live (200),"Dental & Orthodontics, Chiropractic & Physical Therapy"
https://linkstockly.shop,linkstockly.shop,NO,Non-Healthcare / General,Medium,"Insufficient healthcare relevance (hc_score: 0, non_hc_score: 3)","Premium SEO Backlinks Services - Boost DR, DA & TF",Live (200),
https://buyseolinks.site,buyseolinks.site,NO,Non-Healthcare / General,Medium,"Insufficient healthcare relevance (hc_score: 0, non_hc_score: 3)",Just a moment...,Live (403),
https://header-link-portal-link-baron.store,header-link-portal-link-baron.store,NO,Non-Healthcare / General,Low,"Insufficient healthcare relevance (hc_score: 0, non_hc_score: 0)",SEO Express â Wholesale Backlinks. Priced Per Link.,Live (200),
https://fashionclothingnews.com,fashionclothingnews.com,NO,Non-Healthcare / General,Low,"Insufficient healthcare relevance (hc_score: 0, non_hc_score: 0)",ððBoost your Google rankings with Premium PBN & Link Buildingðð,Live (200),
https://starcourts.com,starcourts.com,NO,Non-Healthcare / General,Low,"Insufficient healthcare relevance (hc_score: 0, non_hc_score: 0)",Just a moment...,Live (403),
https://seoexpress.space,seoexpress.space,NO,Non-Healthcare / General,Medium,"Insufficient healthcare relevance (hc_score: 0, non_hc_score: 3)",SEO Express â Wholesale Backlinks. Priced Per Link.,Live (200),
https://articlement.com,articlement.com,NO,Non-Healthcare (Home Improvement),High,Identified as Home Improvement industry (score: 17 vs hc: 8),Article Ment | Article Ment Directory,Live (200),
https://www.podscan.fm,podscan.fm,NO,Non-Healthcare / General,Low,"Insufficient healthcare relevance (hc_score: 0, non_hc_score: 0)",Just a moment...,Live (403),
https://seolinkfactory.shop,seolinkfactory.shop,NO,Non-Healthcare (Technology / Marketing),High,Identified as Technology / Marketing industry (score: 6 vs hc: 0),"Premium SEO Backlinks Services - Boost DR, DA & TF",Live (200),
https://theseohighranking.shop,theseohighranking.shop,NO,Non-Healthcare / General,Medium,"Insufficient healthcare relevance (hc_score: 0, non_hc_score: 3)",SEO Express â Wholesale Backlinks. Priced Per Link.,Live (200),
https://rankwagon.shop,rankwagon.shop,YES,General Healthcare,Medium,"Healthcare indicators found (General Healthcare, score: 2)",SEO Boost Agency â SEO Authority & Backlink Services,Live (200),
https://www.techwriter.co,techwriter.co,NO,Non-Healthcare / General,Low,"Insufficient healthcare relevance (hc_score: 0, non_hc_score: 0)",Best Australian Online Pokies 2026 — Verified AU Casino Rankings,Live (200),
https://www.tecdud.com,tecdud.com,NO,Non-Healthcare / General,Medium,"Insufficient healthcare relevance (hc_score: 2, non_hc_score: 2)",Login and Sign-in Links Repository - TECDUD,Live (200),
https://healthitcost.com,healthitcost.com,YES,General Healthcare,Medium,"Healthcare indicators found (General Healthcare, score: 3)",Just a moment...,Live (403),
https://forum-provider-link-baron.store,forum-provider-link-baron.store,NO,Non-Healthcare / General,Low,"Insufficient healthcare relevance (hc_score: 0, non_hc_score: 0)",SEO Express â Wholesale Backlinks. Priced Per Link.,Live (200),
https://rank-now.website,rank-now.website,NO,Non-Healthcare (Technology / Marketing),High,Identified as Technology / Marketing industry (score: 6 vs hc: 6),"rank-your.site | Premium SEO Backlinks â DR, DA & TF Growth",Live (200),
https://www.loginsu.com,loginsu.com,NO,Non-Healthcare / General,Low,"Insufficient healthcare relevance (hc_score: 0, non_hc_score: 0)",Checking your browser...,Live (200),
https://ultimate-seoexpress-niche-edit-experts.store,ultimate-seoexpress-niche-edit-experts.store,NO,Non-Healthcare / General,Medium,"Insufficient healthcare relevance (hc_score: 0, non_hc_score: 3)",SEO Express â Wholesale Backlinks. Priced Per Link.,Live (200),
https://planoptica.com,planoptica.com,NO,Non-Healthcare / General,Low,"Insufficient healthcare relevance (hc_score: 0, non_hc_score: 0)",PlanOptica - Plan research for advisors,Live (200),
https://usdirectorylist.com,usdirectorylist.com,NO,Non-Healthcare (Technology / Marketing),High,Identified as Technology / Marketing industry (score: 17 vs hc: 13),Us Directory List |,Live (200),
https://official-center-outrank-hq-search.store,official-center-outrank-hq-search.store,NO,Non-Healthcare / General,Low,"Insufficient healthcare relevance (hc_score: 0, non_hc_score: 0)",SEO Express â Wholesale Backlinks. Priced Per Link.,Live (200),
https://seolinkcentral.shop,seolinkcentral.shop,NO,Non-Healthcare (Technology / Marketing),High,Identified as Technology / Marketing industry (score: 50 vs hc: 8),"SkyLinkSEO â SEO Services & Software House | DR, DA, TF, PBN, Guest Posts, SaaS & Web Development",Live (200),
https://seogrowthalliance.shop,seogrowthalliance.shop,NO,Non-Healthcare (Technology / Marketing),Medium,Identified as Technology / Marketing industry (score: 4 vs hc: 2),BuySEOLink â Premium SEO Authority Packages,Live (200),
https://webdirectoryzone.com,webdirectoryzone.com,NO,Non-Healthcare (Technology / Marketing),High,Identified as Technology / Marketing industry (score: 17 vs hc: 13),Web directory zone |,Live (200),
https://pudhe.com,pudhe.com,NO,Non-Healthcare / General,Low,"Insufficient healthcare relevance (hc_score: 0, non_hc_score: 0)",websitescrawl.com | Register,Live (200),
https://high-seoexpress-organic-team.store,high-seoexpress-organic-team.store,NO,Non-Healthcare / General,Medium,"Insufficient healthcare relevance (hc_score: 0, non_hc_score: 3)",SEO Express â Wholesale Backlinks. Priced Per Link.,Live (200),
https://velokrivbass.com,velokrivbass.com,NO,Non-Healthcare / General,Medium,"Insufficient healthcare relevance (hc_score: 0, non_hc_score: 1)",velokrivbass -,Live (200),
https://webdirectoryofworld.site,webdirectoryofworld.site,NO,Non-Healthcare / General,Low,"Insufficient healthcare relevance (hc_score: 0, non_hc_score: 0)",Just a moment...,Live (403),
https://directorycloudhub.com,directorycloudhub.com,NO,Non-Healthcare (Technology / Marketing),High,Identified as Technology / Marketing industry (score: 18 vs hc: 13),Directory Cloud hub |,Live (200),
https://organicrankdirect.shop,organicrankdirect.shop,NO,Non-Healthcare (Technology / Marketing),High,Identified as Technology / Marketing industry (score: 47 vs hc: 8),"SkyLinkSEO â SEO Services & Software House | DR, DA, TF, PBN, Guest Posts, SaaS & Web Development",Live (200),
https://rankinghighseo.shop,rankinghighseo.shop,NO,Non-Healthcare / General,Medium,"Insufficient healthcare relevance (hc_score: 0, non_hc_score: 3)",SEO Express â Wholesale Backlinks. Priced Per Link.,Live (200),
https://therankboostseo.shop,therankboostseo.shop,NO,Non-Healthcare / General,Medium,"Insufficient healthcare relevance (hc_score: 0, non_hc_score: 3)",SEO Express â Wholesale Backlinks. Priced Per Link.,Live (200),
https://elite-authority-marketplace-seoexpress.store,elite-authority-marketplace-seoexpress.store,NO,Non-Healthcare / General,Medium,"Insufficient healthcare relevance (hc_score: 0, non_hc_score: 3)",SEO Express â Wholesale Backlinks. Priced Per Link.,Live (200),
https://bizdirectoryrank.com,bizdirectoryrank.com,NO,Non-Healthcare (Technology / Marketing),High,Identified as Technology / Marketing industry (score: 18 vs hc: 13),Biz Directory rank |,Live (200),
https://blogerreviewers.com,blogerreviewers.com,NO,Non-Healthcare / General,Low,"Insufficient healthcare relevance (hc_score: 0, non_hc_score: 0)",ððBoost your Google rankings with Premium PBN & Link Buildingðð,Live (200),
https://www.archive-hu.com,archive-hu.com,NO,Non-Healthcare / General,Low,"Insufficient healthcare relevance (hc_score: 0, non_hc_score: 0)",ððBoost your Google rankings with Premium PBN & Link Buildingðð,Live (200),
http://factmags.com,factmags.com,NO,Non-Healthcare / General,Low,"Insufficient healthcare relevance (hc_score: 0, non_hc_score: 0)",Just a moment...,Live (403),
http://wecelebrities.com,wecelebrities.com,NO,Non-Healthcare / General,Low,"Insufficient healthcare relevance (hc_score: 0, non_hc_score: 0)",ððBoost your Google rankings with Premium PBN & Link Buildingðð,Live (200),
https://webguestpostsdirectory.com,webguestpostsdirectory.com,NO,Non-Healthcare (Technology / Marketing),High,Identified as Technology / Marketing industry (score: 11 vs hc: 10),Guest Post Directory |,Live (200),
https://www.acquire.co.in,acquire.co.in,NO,Non-Healthcare / General,Low,"Insufficient healthcare relevance (hc_score: 0, non_hc_score: 0)",Acquire.co.in,Live (200),
https://elite-editorial-outrank-hq.store,elite-editorial-outrank-hq.store,NO,Non-Healthcare / General,Low,"Insufficient healthcare relevance (hc_score: 0, non_hc_score: 0)",SEO Express â Wholesale Backlinks. Priced Per Link.,Live (200),
https://domains-test.tntcode.com,domains-test.tntcode.com,NO,Non-Healthcare / General,Low,"Insufficient healthcare relevance (hc_score: 0, non_hc_score: 0)",Just a moment...,Live (403),
https://rankgrowthboost.shop,rankgrowthboost.shop,NO,Non-Healthcare / General,Medium,"Insufficient healthcare relevance (hc_score: 2, non_hc_score: 1)",BuySEOLink â Premium SEO Authority Packages,Live (200),
http://news.nashbryansk.ru,news.nashbryansk.ru,NO,Non-Healthcare / General,Low,"Insufficient healthcare relevance (hc_score: 0, non_hc_score: 0)",Наш Брянск·Ru | Новости Брянска,Live (200),
https://theorg.com,theorg.com,NO,Non-Healthcare / General,Medium,"Insufficient healthcare relevance (hc_score: 0, non_hc_score: 1)",The Org,Live (200),
https://www.xpay.sh,xpay.sh,NO,Non-Healthcare (Technology / Marketing),High,Identified as Technology / Marketing industry (score: 6 vs hc: 0),Make your store the one AI buys from. — xpay✦,Live (200),
https://databoostdirectory.com,databoostdirectory.com,NO,Non-Healthcare (Food & Beverage),Medium,Identified as Food & Beverage industry (score: 4 vs hc: 0),RANK138 - Situs Judi Slot Online 777 Terbaik Slot Gacor Resmi Gampang Menang,Live (200),
https://clicktorankdirectoy.com,clicktorankdirectoy.com,NO,Non-Healthcare (Technology / Marketing),High,Identified as Technology / Marketing industry (score: 10 vs hc: 10),Click To Rank Directory |,Live (200),
https://seodirectorypro.com,seodirectorypro.com,NO,Non-Healthcare (Technology / Marketing),High,Identified as Technology / Marketing industry (score: 19 vs hc: 13),Seo Directory Pro | Boost Your Business with Smart SEO Listings,Live (200),
https://seoflox.io,seoflox.io,NO,Non-Healthcare / General,Medium,"Insufficient healthcare relevance (hc_score: 0, non_hc_score: 3)",Share on WhatsApp,Live (200),
https://fiverr-seo-for-business-growth.site,fiverr-seo-for-business-growth.site,NO,Non-Healthcare (Technology / Marketing),High,Identified as Technology / Marketing industry (score: 6 vs hc: 0),iT Xoft â Premium Backlinks That Actually Rank,Live (200),
https://googleseopoint.shop,googleseopoint.shop,NO,Non-Healthcare / General,Medium,"Insufficient healthcare relevance (hc_score: 2, non_hc_score: 3)",SEO Boost Agency â SEO Authority & Backlink Services,Live (200),
https://linkloot.shop,linkloot.shop,NO,Non-Healthcare / General,Medium,"Insufficient healthcare relevance (hc_score: 0, non_hc_score: 3)","Premium SEO Backlinks Services - Boost DR, DA & TF",Live (200),
https://seoboostacademy.shop,seoboostacademy.shop,NO,Non-Healthcare (Technology / Marketing),Medium,Identified as Technology / Marketing industry (score: 4 vs hc: 2),BuySEOLink â Premium SEO Authority Packages,Live (200),
https://buybacklinks.agency,buybacklinks.agency,NO,Non-Healthcare (Technology / Marketing),Medium,Identified as Technology / Marketing industry (score: 4 vs hc: 2),BuySEOLink â Premium SEO Authority Packages,Live (200),
https://linkpicks.shop,linkpicks.shop,NO,Non-Healthcare / General,Medium,"Insufficient healthcare relevance (hc_score: 0, non_hc_score: 3)","Premium SEO Backlinks Services - Boost DR, DA & TF",Live (200),
https://www.example3.com,example3.com,NO,Non-Healthcare (Home Services / HVAC / Plumbing),High,Identified as Home Services / HVAC / Plumbing industry (score: 10 vs hc: 4),"example3.com | domain statistics, example titles, keywords, links",Live (200),
https://domainrankagency.shop,domainrankagency.shop,NO,Non-Healthcare (Technology / Marketing),High,Identified as Technology / Marketing industry (score: 6 vs hc: 0),"Premium SEO Backlinks Services - Boost DR, DA & TF",Live (200),
https://rankgrowthservice.shop,rankgrowthservice.shop,NO,Non-Healthcare / General,Medium,"Insufficient healthcare relevance (hc_score: 0, non_hc_score: 3)","Premium SEO Backlinks Services - Boost DR, DA & TF",Live (200),
https://seobooastdirectory.com,seobooastdirectory.com,NO,Non-Healthcare (Technology / Marketing),High,Identified as Technology / Marketing industry (score: 22 vs hc: 13),SEO booast directory |,Live (200),
https://organicrankexpress.shop,organicrankexpress.shop,NO,Non-Healthcare / General,Medium,"Insufficient healthcare relevance (hc_score: 0, non_hc_score: 3)","Premium SEO Backlinks Services - Boost DR, DA & TF",Live (200),
https://uptimecard.com,uptimecard.com,NO,Non-Healthcare (Technology / Marketing),High,Identified as Technology / Marketing industry (score: 8 vs hc: 0),UptimeCard: Website Monitoring and Services Reviews,Live (200),
https://link-baron-wiki-leading-system.store,link-baron-wiki-leading-system.store,NO,Non-Healthcare / General,Low,"Insufficient healthcare relevance (hc_score: 0, non_hc_score: 0)",SEO Express â Wholesale Backlinks. Priced Per Link.,Live (200),
https://betulcrime.com,betulcrime.com,NO,Non-Healthcare / General,Low,"Insufficient healthcare relevance (hc_score: 0, non_hc_score: 0)",ððBoost your Google rankings with Premium PBN & Link Buildingðð,Live (200),
https://www.blueinblue.com,blueinblue.com,NO,Non-Healthcare / General,Low,"Insufficient healthcare relevance (hc_score: 0, non_hc_score: 0)",websitescrawl.com | Register,Live (200),
https://seohighranking.shop,seohighranking.shop,NO,Non-Healthcare / General,Medium,"Insufficient healthcare relevance (hc_score: 0, non_hc_score: 3)",SEO Express â Wholesale Backlinks. Priced Per Link.,Live (200),
https://rankdeals.shop,rankdeals.shop,NO,Non-Healthcare / General,Medium,"Insufficient healthcare relevance (hc_score: 2, non_hc_score: 1)",BuySEOLink â Premium SEO Authority Packages,Live (200),
https://lixil-reformshop.shop,lixil-reformshop.shop,NO,Non-Healthcare / General,Low,"Insufficient healthcare relevance (hc_score: 0, non_hc_score: 0)",SEO Express â Wholesale Backlinks. Priced Per Link.,Live (200),
https://developmentmi.com,developmentmi.com,NO,Non-Healthcare / General,Low,"Insufficient healthcare relevance (hc_score: 0, non_hc_score: 0)",Just a moment...,Live (403),
https://cluster-rank-forge-academy.store,cluster-rank-forge-academy.store,NO,Non-Healthcare / General,Low,"Insufficient healthcare relevance (hc_score: 0, non_hc_score: 0)",SEO Express â Wholesale Backlinks. Priced Per Link.,Live (200),
https://trusted-dofollow-link-catalog.seoexpress-keyword-network.store,trusted-dofollow-link-catalog.seoexpress-keyword-network.store,NO,Non-Healthcare / General,Medium,"Insufficient healthcare relevance (hc_score: 0, non_hc_score: 3)",SEO Express â Wholesale Backlinks. Priced Per Link.,Live (200),
https://exclusive-backlink-seoexpress-firm.store,exclusive-backlink-seoexpress-firm.store,NO,Non-Healthcare / General,Medium,"Insufficient healthcare relevance (hc_score: 0, non_hc_score: 3)",SEO Express â Wholesale Backlinks. Priced Per Link.,Live (200),
https://seochest.shop,seochest.shop,NO,Non-Healthcare / General,Medium,"Insufficient healthcare relevance (hc_score: 2, non_hc_score: 3)",SEO Boost Agency â SEO Authority & Backlink Services,Live (200),
https://superbhubdirectory.com,superbhubdirectory.com,NO,Non-Healthcare (Technology / Marketing),High,Identified as Technology / Marketing industry (score: 11 vs hc: 10),Super Hub Directory |,Live (200),
https://ahrefs-links.com,ahrefs-links.com,NO,Non-Healthcare / General,Low,"Insufficient healthcare relevance (hc_score: 0, non_hc_score: 0)",,Live (200),
https://verifieddirectory.com,verifieddirectory.com,NO,Non-Healthcare / General,Low,"Insufficient healthcare relevance (hc_score: 0, non_hc_score: 0)",Parking Page,Live (200),
https://luigi.nckl.gov.kh,luigi.nckl.gov.kh,NO,Non-Healthcare (Food & Beverage),High,Identified as Food & Beverage industry (score: 6 vs hc: 0),luigi.nckl.gov.kh,Live (200),
https://grow-your.site,grow-your.site,NO,Non-Healthcare / General,Medium,"Insufficient healthcare relevance (hc_score: 0, non_hc_score: 3)",Link Building Services for Clearer Growth | grow-your.site,Live (200),
https://seoexpress-pbn-experts.store,seoexpress-pbn-experts.store,NO,Non-Healthcare / General,Medium,"Insufficient healthcare relevance (hc_score: 0, non_hc_score: 3)",SEO Express â Wholesale Backlinks. Priced Per Link.,Live (200),
https://organicranksystems.shop,organicranksystems.shop,NO,Non-Healthcare (Technology / Marketing),High,Identified as Technology / Marketing industry (score: 47 vs hc: 8),"SkyLinkSEO â SEO Services & Software House | DR, DA, TF, PBN, Guest Posts, SaaS & Web Development",Live (200),
https://master-seoexpress-guest-post-partners.store,master-seoexpress-guest-post-partners.store,NO,Non-Healthcare / General,Medium,"Insufficient healthcare relevance (hc_score: 0, non_hc_score: 3)",SEO Express â Wholesale Backlinks. Priced Per Link.,Live (200),
https://linkbox.agency,linkbox.agency,NO,Non-Healthcare / General,Medium,"Insufficient healthcare relevance (hc_score: 0, non_hc_score: 3)",,Live (200),
https://businessnewses.com,businessnewses.com,NO,Non-Healthcare / General,Medium,"Insufficient healthcare relevance (hc_score: 0, non_hc_score: 1)",Business Newses,Live (200),
https://dsnylu.com,dsnylu.com,NO,Non-Healthcare / General,Low,"Insufficient healthcare relevance (hc_score: 0, non_hc_score: 0)",BlogApp | Professional Storytelling,Live (200),
http://thedocmag.com,thedocmag.com,YES,General Healthcare,Medium,"Healthcare indicators found (General Healthcare, score: 3)",ððBoost your Google rankings with Premium PBN & Link Buildingðð,Live (200),
https://seogo.shop,seogo.shop,NO,Non-Healthcare (Technology / Marketing),High,Identified as Technology / Marketing industry (score: 50 vs hc: 8),"SkyLinkSEO â SEO Services & Software House | DR, DA, TF, PBN, Guest Posts, SaaS & Web Development",Live (200),
https://thebacklinks.shop,thebacklinks.shop,NO,Non-Healthcare / General,Low,"Insufficient healthcare relevance (hc_score: 0, non_hc_score: 0)",SEO Express â Wholesale Backlinks. Priced Per Link.,Live (200),
https://www.domain.com.lc,domain.com.lc,NO,Non-Healthcare / General,Low,"Insufficient healthcare relevance (hc_score: 0, non_hc_score: 0)",websitescrawl.com | Register,Live (200),
https://mysky-shop.shop,mysky-shop.shop,NO,Non-Healthcare / General,Low,"Insufficient healthcare relevance (hc_score: 0, non_hc_score: 0)",SEO Express â Wholesale Backlinks. Priced Per Link.,Live (200),
https://premium-contextual-link-and-guest-posting-marketplace.store,premium-contextual-link-and-guest-posting-marketplace.store,NO,Non-Healthcare / General,Low,"Insufficient healthcare relevance (hc_score: 0, non_hc_score: 0)",SEO Express â Wholesale Backlinks. Priced Per Link.,Live (200),
https://synara.tech,synara.tech,NO,Non-Healthcare / General,Medium,"Insufficient healthcare relevance (hc_score: 0, non_hc_score: 1)",synara.tech · budget-friendly .tech listing | ED.com,Live (200),
https://loginssearch.com,loginssearch.com,NO,Non-Healthcare / General,Low,"Insufficient healthcare relevance (hc_score: 0, non_hc_score: 0)",,Live (200),
https://editorial-link-outreach-pro-and-high-da-systems.store,editorial-link-outreach-pro-and-high-da-systems.store,NO,Non-Healthcare / General,Low,"Insufficient healthcare relevance (hc_score: 0, non_hc_score: 0)",SEO Express â Wholesale Backlinks. Priced Per Link.,Live (200),
https://master-guest-posting-and-link-velocity-studio.store,master-guest-posting-and-link-velocity-studio.store,NO,Non-Healthcare / General,Low,"Insufficient healthcare relevance (hc_score: 0, non_hc_score: 0)",SEO Express â Wholesale Backlinks. Priced Per Link.,Live (200),
https://podstatus.com,podstatus.com,NO,Non-Healthcare / General,Low,"Insufficient healthcare relevance (hc_score: 0, non_hc_score: 0)","Podcast Rankings, Reviews, SEO & Competitor Tracking | Podstatus",Live (200),
https://thetoprankingseo.shop,thetoprankingseo.shop,NO,Non-Healthcare / General,Medium,"Insufficient healthcare relevance (hc_score: 0, non_hc_score: 3)",SEO Express â Wholesale Backlinks. Priced Per Link.,Live (200),
https://blogsphere.top,blogsphere.top,NO,Non-Healthcare / General,Low,"Insufficient healthcare relevance (hc_score: 0, non_hc_score: 0)",Home,Live (200),
https://backlinkvault.shop,backlinkvault.shop,NO,Non-Healthcare / General,Low,"Insufficient healthcare relevance (hc_score: 0, non_hc_score: 0)","Increase DR, DA, TF & Buy High Quality Backlinks 2026 | TopRankFlow â #1 SEO Authority Service",Live (200),
https://authentic-tier-1-partners-seoexpress.store,authentic-tier-1-partners-seoexpress.store,NO,Non-Healthcare / General,Medium,"Insufficient healthcare relevance (hc_score: 0, non_hc_score: 3)",SEO Express â Wholesale Backlinks. Priced Per Link.,Live (200),
https://master-bureau-for-index-rate-and-backlink-pro.store,master-bureau-for-index-rate-and-backlink-pro.store,NO,Non-Healthcare / General,Low,"Insufficient healthcare relevance (hc_score: 0, non_hc_score: 0)",SEO Express â Wholesale Backlinks. Priced Per Link.,Live (200),
https://digitalchatni.com,digitalchatni.com,NO,Non-Healthcare / General,Low,"Insufficient healthcare relevance (hc_score: 0, non_hc_score: 0)",ððBoost your Google rankings with Premium PBN & Link Buildingðð,Live (200),
https://smartdirectoryhub.com,smartdirectoryhub.com,NO,Unreachable / Unknown,Low,Site unreachable (DNS / Connection Refused) and domain name lacks clear healthcare indicators,,DNS / Connection Refused,
https://ahrefsdirectory.com,ahrefsdirectory.com,NO,Non-Healthcare (Technology / Marketing),High,Identified as Technology / Marketing industry (score: 18 vs hc: 13),Ahrefs Directory |,Live (200),
https://tunca.org,tunca.org,NO,Non-Healthcare / General,Low,"Insufficient healthcare relevance (hc_score: 0, non_hc_score: 0)",Where to buy 🚀 aged domains and backlinks 🔥,Live (200),
https://seoprobox.click,seoprobox.click,NO,Non-Healthcare Domain,Medium,"Site unreachable (Connection Timeout), domain keyword indicates non-healthcare: seo",,Connection Timeout,
https://seostash.shop,seostash.shop,NO,Non-Healthcare (Technology / Marketing),High,Identified as Technology / Marketing industry (score: 50 vs hc: 8),"SkyLinkSEO â SEO Services & Software House | DR, DA, TF, PBN, Guest Posts, SaaS & Web Development",Live (200),
https://flagship-hub-for-link-velocity-and-page-rank.store,flagship-hub-for-link-velocity-and-page-rank.store,NO,Non-Healthcare / General,Low,"Insufficient healthcare relevance (hc_score: 0, non_hc_score: 0)",SEO Express â Wholesale Backlinks. Priced Per Link.,Live (200),
https://podimo.com,podimo.com,NO,Non-Healthcare / General,Low,"Insufficient healthcare relevance (hc_score: 0, non_hc_score: 0)",Podimo: Listen to Podcasts and Thousands of Audiobooks,Live (200),
https://seoexpress-authority-portal.store,seoexpress-authority-portal.store,NO,Non-Healthcare / General,Medium,"Insufficient healthcare relevance (hc_score: 0, non_hc_score: 3)",SEO Express â Wholesale Backlinks. Priced Per Link.,Live (200),
https://advanced-services-for-crawl-budget-and-niche-edit.store,advanced-services-for-crawl-budget-and-niche-edit.store,NO,Non-Healthcare / General,Low,"Insufficient healthcare relevance (hc_score: 0, non_hc_score: 0)",SEO Express â Wholesale Backlinks. Priced Per Link.,Live (200),
https://kompromat100.info,kompromat100.info,NO,Non-Healthcare / General,Low,"Insufficient healthcare relevance (hc_score: 0, non_hc_score: 0)",voicenote.in,Live (200),
https://link-baron-da-pa-luxury-directory.store,link-baron-da-pa-luxury-directory.store,NO,Non-Healthcare / General,Low,"Insufficient healthcare relevance (hc_score: 0, non_hc_score: 0)",SEO Express â Wholesale Backlinks. Priced Per Link.,Live (200),
https://brilliant-edu-link-firm-outrank-hq.store,brilliant-edu-link-firm-outrank-hq.store,NO,Non-Healthcare / General,Low,"Insufficient healthcare relevance (hc_score: 0, non_hc_score: 0)",SEO Express â Wholesale Backlinks. Priced Per Link.,Live (200),
https://billschiefs.ogricc.gov.co,billschiefs.ogricc.gov.co,NO,Non-Healthcare (Real Estate),High,Identified as Real Estate industry (score: 32 vs hc: 2),billschiefs.ogricc.gov.co,Live (200),
https://starsarticle.com,starsarticle.com,NO,Non-Healthcare (Roofing & Siding),High,Identified as Roofing & Siding industry (score: 29 vs hc: 5),"Stars Article | Explore the world’s knowledge, cultures, and ideas",Live (200),
https://agmermer.pro,agmermer.pro,NO,Non-Healthcare / General,Low,"Insufficient healthcare relevance (hc_score: 0, non_hc_score: 0)",voicenote.in,Live (200),
https://wonvision.com,wonvision.com,NO,Non-Healthcare / General,Low,"Insufficient healthcare relevance (hc_score: 0, non_hc_score: 0)",Where to buy 🚀 aged domains and backlinks 🔥,Live (200),
https://businessrankdirectory.com,businessrankdirectory.com,NO,Non-Healthcare (Technology / Marketing),High,Identified as Technology / Marketing industry (score: 18 vs hc: 13),Business rank Directory |,Live (200),
https://ctr-agency-rank-forge.store,ctr-agency-rank-forge.store,NO,Non-Healthcare / General,Medium,"Insufficient healthcare relevance (hc_score: 0, non_hc_score: 3)",SEO Express â Wholesale Backlinks. Priced Per Link.,Live (200),
https://guestpostwebdirectory.com,guestpostwebdirectory.com,NO,Non-Healthcare (Technology / Marketing),High,Identified as Technology / Marketing industry (score: 11 vs hc: 10),Guest Post Directory |,Live (200),
https://premium-tier-1-company-seoexpress.store,premium-tier-1-company-seoexpress.store,NO,Non-Healthcare / General,Medium,"Insufficient healthcare relevance (hc_score: 0, non_hc_score: 3)",SEO Express â Wholesale Backlinks. Priced Per Link.,Live (200),
https://toprankmasters.shop,toprankmasters.shop,NO,Non-Healthcare / General,Medium,"Insufficient healthcare relevance (hc_score: 0, non_hc_score: 3)","Premium SEO Backlinks Services - Boost DR, DA & TF",Live (200),
https://linkgrowthinsights.shop,linkgrowthinsights.shop,YES,General Healthcare,Medium,"Healthcare indicators found (General Healthcare, score: 2)",SEO Boost Agency â SEO Authority & Backlink Services,Live (200),
https://topsaasdirectory.com,topsaasdirectory.com,NO,Non-Healthcare / General,Low,"Insufficient healthcare relevance (hc_score: 0, non_hc_score: 0)",Parking Page,Live (200),
https://workflos-ai.oss-us-west-1.aliyuncs.com,workflos-ai.oss-us-west-1.aliyuncs.com,NO,Non-Healthcare (Technology / Marketing),High,Identified as Technology / Marketing industry (score: 36 vs hc: 0),AI-Powered SaaS Finder & Manager - Workflos.ai,Live (200),
https://searchrankcentral.shop,searchrankcentral.shop,NO,Non-Healthcare / General,Low,"Insufficient healthcare relevance (hc_score: 0, non_hc_score: 0)","Increase DR, DA, TF & Buy High Quality Backlinks 2026 | TopRankFlow â #1 SEO Authority Service",Live (200),
https://rankchest.shop,rankchest.shop,NO,Non-Healthcare / General,Medium,"Insufficient healthcare relevance (hc_score: 2, non_hc_score: 1)",BuySEOLink â Premium SEO Authority Packages,Live (200),
https://itxoft-seo-for-higher-rankings.site,itxoft-seo-for-higher-rankings.site,NO,Non-Healthcare (Technology / Marketing),High,Identified as Technology / Marketing industry (score: 6 vs hc: 0),iT Xoft â Premium Backlinks That Actually Rank,Live (200),
https://ranklinkpro.shop,ranklinkpro.shop,YES,General Healthcare,Medium,Verified healthcare practice (General Healthcare). Content & keywords score: 4,"Rankva SEO Packages â DR, DA, TF, PBN & Guest Posts",Live (200),
https://powerlinkdirectory.com,powerlinkdirectory.com,NO,Unreachable / Unknown,Low,Site unreachable (DNS / Connection Refused) and domain name lacks clear healthcare indicators,,DNS / Connection Refused,
https://advanced-keyword-group-seoexpress.store,advanced-keyword-group-seoexpress.store,NO,Non-Healthcare / General,Medium,"Insufficient healthcare relevance (hc_score: 0, non_hc_score: 3)",SEO Express â Wholesale Backlinks. Priced Per Link.,Live (200),
https://bestrankbacklinks.com,bestrankbacklinks.com,NO,Non-Healthcare / General,Low,"Insufficient healthcare relevance (hc_score: 0, non_hc_score: 0)",Just a moment...,Live (403),
https://flagship-niche-edit-and-link-building-services.store,flagship-niche-edit-and-link-building-services.store,NO,Non-Healthcare / General,Low,"Insufficient healthcare relevance (hc_score: 0, non_hc_score: 0)",SEO Express â Wholesale Backlinks. Priced Per Link.,Live (200),
https://www.globalecommerce.org,globalecommerce.org,NO,Non-Healthcare / General,Low,"Insufficient healthcare relevance (hc_score: 0, non_hc_score: 0)",Where to buy 🚀 aged domains and backlinks 🔥 from www.globalecommerce.org,Live (200),
https://rankdirectorysite.com,rankdirectorysite.com,NO,Non-Healthcare (Roofing & Siding),High,Identified as Roofing & Siding industry (score: 29 vs hc: 5),"Rank Directory Site | Explore the world’s knowledge, cultures, and ideas",Live (200),
https://linkseoauthority.shop,linkseoauthority.shop,NO,Non-Healthcare (Technology / Marketing),Medium,Identified as Technology / Marketing industry (score: 4 vs hc: 2),BuySEOLink â Premium SEO Authority Packages,Live (200),
https://aibusinesssites.com,aibusinesssites.com,NO,Non-Healthcare (Home Services / HVAC / Plumbing),High,Identified as Home Services / HVAC / Plumbing industry (score: 11 vs hc: 0),"AI Business Sites — Custom Websites & AI Back Office, Done For You",Live (200),
https://rank-optimizer.website,rank-optimizer.website,NO,Non-Healthcare (Technology / Marketing),High,Identified as Technology / Marketing industry (score: 6 vs hc: 6),"rank-your.site | Premium SEO Backlinks â DR, DA & TF Growth",Live (200),
https://outrank-hq-dr-90-paramount-system.store,outrank-hq-dr-90-paramount-system.store,NO,Non-Healthcare / General,Low,"Insufficient healthcare relevance (hc_score: 0, non_hc_score: 0)",SEO Express â Wholesale Backlinks. Priced Per Link.,Live (200),
https://prolistingdirectory.com,prolistingdirectory.com,NO,Non-Healthcare / General,Low,"Insufficient healthcare relevance (hc_score: 0, non_hc_score: 0)",Parking Page,Live (200),
https://seoexpress.website,seoexpress.website,NO,Non-Healthcare / General,Medium,"Insufficient healthcare relevance (hc_score: 0, non_hc_score: 3)",SEO Express â Wholesale Backlinks. Priced Per Link.,Live (200),
https://backlinkshop.site,backlinkshop.site,YES,General Healthcare,Medium,Verified healthcare practice (General Healthcare). Content & keywords score: 6,BoostSEOLinks.com â Premium DR Â· DA Â· TF Â· PBN Authority Services,Live (200),
https://saasdirectorywebsites.com,saasdirectorywebsites.com,NO,Non-Healthcare / General,Low,"Insufficient healthcare relevance (hc_score: 0, non_hc_score: 0)",Attention Required! | Cloudflare,Live (403),
https://trafficspike.shop,trafficspike.shop,YES,General Healthcare,Medium,Verified healthcare practice (General Healthcare). Content & keywords score: 6,BoostSEOLinks.com â Premium DR Â· DA Â· TF Â· PBN Authority Services,Live (200),
https://raven-frost.online,raven-frost.online,NO,Non-Healthcare / General,Medium,"Insufficient healthcare relevance (hc_score: 1, non_hc_score: 0)",Home - kids parenting,Live (200),
https://podtail.nl,podtail.nl,NO,Non-Healthcare (Food & Beverage),Medium,Identified as Food & Beverage industry (score: 5 vs hc: 3),Podtail,Live (200),
https://bye.fyi,bye.fyi,NO,Non-Healthcare / General,Low,"Insufficient healthcare relevance (hc_score: 0, non_hc_score: 0)",bye.fyi | Keyword Rankingss,Live (200),
https://itxoft-results-focused-seo.site,itxoft-results-focused-seo.site,NO,Non-Healthcare (Technology / Marketing),High,Identified as Technology / Marketing industry (score: 6 vs hc: 0),iT Xoft â Premium Backlinks That Actually Rank,Live (200),
https://searchrankpipeline.shop,searchrankpipeline.shop,NO,Non-Healthcare / General,Low,"Insufficient healthcare relevance (hc_score: 0, non_hc_score: 0)","Increase DR, DA, TF & Buy High Quality Backlinks 2026 | TopRankFlow â #1 SEO Authority Service",Live (200),
https://legalitcost.com,legalitcost.com,NO,Non-Healthcare / General,Medium,"Insufficient healthcare relevance (hc_score: 0, non_hc_score: 3)",Just a moment...,Live (403),
https://backlinkmart.shop,backlinkmart.shop,NO,Non-Healthcare / General,Low,"Insufficient healthcare relevance (hc_score: 0, non_hc_score: 0)","Increase DR, DA, TF & Buy High Quality Backlinks 2026 | TopRankFlow â #1 SEO Authority Service",Live (200),
https://linkcrate.shop,linkcrate.shop,NO,Non-Healthcare / General,Low,"Insufficient healthcare relevance (hc_score: 0, non_hc_score: 0)","Increase DR, DA, TF & Buy High Quality Backlinks 2026 | TopRankFlow â #1 SEO Authority Service",Live (200),
https://primeseodirectory.com,primeseodirectory.com,NO,Non-Healthcare / General,Medium,"Insufficient healthcare relevance (hc_score: 0, non_hc_score: 3)",Parking Page,Live (200),
https://booastrankingwithbacklinks.com,booastrankingwithbacklinks.com,NO,Non-Healthcare / General,Low,"Insufficient healthcare relevance (hc_score: 0, non_hc_score: 0)",Just a moment...,Live (403),
https://www.booksreadr.org,booksreadr.org,NO,Non-Healthcare / General,Low,"Insufficient healthcare relevance (hc_score: 0, non_hc_score: 0)",403 Forbidden,Live (403),
https://shopbetreiber-blog.shop,shopbetreiber-blog.shop,NO,Non-Healthcare / General,Low,"Insufficient healthcare relevance (hc_score: 0, non_hc_score: 0)",SEO Express â Wholesale Backlinks. Priced Per Link.,Live (200),
https://specialtybillinghub.com,specialtybillinghub.com,YES,Dental & Orthodontics,High,Verified healthcare practice (Dental & Orthodontics). Content & keywords score: 77,Medical Billing Companies by Specialty — Free Directory | SpecialtyBillingHub,Live (200),"Dental & Orthodontics, Mental Health & Psychiatry, Senior Care & Home Health"
https://toprankcompany.shop,toprankcompany.shop,YES,General Healthcare,Medium,"Healthcare indicators found (General Healthcare, score: 2)",SEO Boost Agency â SEO Authority & Backlink Services,Live (200),
https://stackwho.com,stackwho.com,NO,Non-Healthcare / General,Medium,"Insufficient healthcare relevance (hc_score: 1, non_hc_score: 2)","StackWho — Company Tech Stack Database | 600,000+ Companies",Live (200),
https://rankingseohigh.shop,rankingseohigh.shop,NO,Non-Healthcare / General,Medium,"Insufficient healthcare relevance (hc_score: 0, non_hc_score: 3)",SEO Express â Wholesale Backlinks. Priced Per Link.,Live (200),
https://ekenkoshop.shop,ekenkoshop.shop,NO,Non-Healthcare / General,Low,"Insufficient healthcare relevance (hc_score: 0, non_hc_score: 0)",SEO Express â Wholesale Backlinks. Priced Per Link.,Live (200),
https://seokart.shop,seokart.shop,NO,Non-Healthcare (Technology / Marketing),High,Identified as Technology / Marketing industry (score: 50 vs hc: 8),"SkyLinkSEO â SEO Services & Software House | DR, DA, TF, PBN, Guest Posts, SaaS & Web Development",Live (200),
https://alljobs.info,alljobs.info,NO,Unreachable / Unknown,Low,Site unreachable (HTTP 503) and domain name lacks clear healthcare indicators,,HTTP 503,
https://www.siteprice.org,siteprice.org,NO,Non-Healthcare / General,Low,"Insufficient healthcare relevance (hc_score: 0, non_hc_score: 0)",Website Worth & Domain Value Calculator | Traffic Checker,Live (200),
https://high-crew-link-baron-intent.store,high-crew-link-baron-intent.store,NO,Non-Healthcare / General,Low,"Insufficient healthcare relevance (hc_score: 0, non_hc_score: 0)",SEO Express â Wholesale Backlinks. Priced Per Link.,Live (200),
https://seosolodirectory.com,seosolodirectory.com,NO,Non-Healthcare (Technology / Marketing),High,Identified as Technology / Marketing industry (score: 22 vs hc: 13),Seo solo directory |,Live (200),
https://master-link-juice-and-editorial-link-agency.store,master-link-juice-and-editorial-link-agency.store,NO,Non-Healthcare / General,Medium,"Insufficient healthcare relevance (hc_score: 0, non_hc_score: 3)",SEO Express â Wholesale Backlinks. Priced Per Link.,Live (200),
https://123webshop.shop,123webshop.shop,NO,Non-Healthcare / General,Low,"Insufficient healthcare relevance (hc_score: 0, non_hc_score: 0)",SEO Express â Wholesale Backlinks. Priced Per Link.,Live (200),
https://rank-fast.agency,rank-fast.agency,NO,Non-Healthcare (Automotive),Medium,Identified as Automotive industry (score: 4 vs hc: 1),TARUNGTOTO |> Wawasan Seputar Mekanisme Permainan serta Konsep Pembagian Hasil,Live (200),
https://webpostdirectory.com,webpostdirectory.com,YES,Dental & Orthodontics,High,Verified healthcare practice (Dental & Orthodontics). Content & keywords score: 12,Website Post Directory |,Live (200),"Dental & Orthodontics, Chiropractic & Physical Therapy"
https://allwebsitesdirectory.com,allwebsitesdirectory.com,NO,Non-Healthcare / General,Low,"Insufficient healthcare relevance (hc_score: 0, non_hc_score: 0)",websitescrawl.com | Register,Live (200),
https://curated-web-directory-listings.verified-digital-firm-seoexpress.store,curated-web-directory-listings.verified-digital-firm-seoexpress.store,NO,Non-Healthcare / General,Medium,"Insufficient healthcare relevance (hc_score: 0, non_hc_score: 3)",SEO Express â Wholesale Backlinks. Priced Per Link.,Live (200),
https://seorankflow.shop,seorankflow.shop,NO,Non-Healthcare (Technology / Marketing),High,Identified as Technology / Marketing industry (score: 50 vs hc: 8),"SkyLinkSEO â SEO Services & Software House | DR, DA, TF, PBN, Guest Posts, SaaS & Web Development",Live (200),
https://domainanalysis.org,domainanalysis.org,NO,Non-Healthcare / General,Low,"Insufficient healthcare relevance (hc_score: 0, non_hc_score: 0)",websitescrawl.com | Register,Live (200),
https://seoexpress-ranking-hub.store,seoexpress-ranking-hub.store,NO,Non-Healthcare / General,Medium,"Insufficient healthcare relevance (hc_score: 0, non_hc_score: 3)",SEO Express â Wholesale Backlinks. Priced Per Link.,Live (200),
https://www.saaschoice.co,saaschoice.co,NO,Non-Healthcare (Technology / Marketing),High,Identified as Technology / Marketing industry (score: 31 vs hc: 4),"Compare 20,940+ Software Tools for Your Team",Live (200),
https://ultimate-ranking-signal-and-link-velocity-bureau.store,ultimate-ranking-signal-and-link-velocity-bureau.store,NO,Non-Healthcare / General,Low,"Insufficient healthcare relevance (hc_score: 0, non_hc_score: 0)",SEO Express â Wholesale Backlinks. Priced Per Link.,Live (200),
https://fix.itxoft.com,fix.itxoft.com,NO,Non-Healthcare / General,Low,"Insufficient healthcare relevance (hc_score: 0, non_hc_score: 0)",IT XOFT - Premium SEO Backlink Services | Boost Your Rankings,Live (200),
https://www.findit.co.in,findit.co.in,NO,Non-Healthcare / General,Low,"Insufficient healthcare relevance (hc_score: 0, non_hc_score: 0)",Findit.co.in,Live (200),
https://seocartly.shop,seocartly.shop,NO,Non-Healthcare (Non-Healthcare),High,Identified as Non-Healthcare industry (score: 6 vs hc: 2),SEO Boost Agency â SEO Authority & Backlink Services,Live (200),
https://linkboostdirectory.com,linkboostdirectory.com,NO,Unreachable / Unknown,Low,Site unreachable (DNS / Connection Refused) and domain name lacks clear healthcare indicators,,DNS / Connection Refused,
https://businesswebsitesdirectory.com,businesswebsitesdirectory.com,NO,Non-Healthcare (Technology / Marketing),High,Identified as Technology / Marketing industry (score: 10 vs hc: 10),Business Directory |,Live (200),
https://www.trustfinance.com,trustfinance.com,NO,Non-Healthcare (Financial / Accounting),Medium,Identified as Financial / Accounting industry (score: 5 vs hc: 0),TrustFinance : Your Financial Trustmark,Live (200),
https://doseofdeborah.buzzsprout.com,doseofdeborah.buzzsprout.com,YES,Mental Health & Psychiatry,High,Verified healthcare practice (Mental Health & Psychiatry). Content & keywords score: 40,Dose of Deborah: Rehab for the Heart,Live (200),"Mental Health & Psychiatry, Chiropractic & Physical Therapy"
https://compareyourtech.com,compareyourtech.com,NO,Non-Healthcare (Technology / Marketing),High,Identified as Technology / Marketing industry (score: 30 vs hc: 0),CompareYourTech - Discover the best Software and Services for your Business,Live (200),
https://get.alternative.to,get.alternative.to,NO,Non-Healthcare / General,Low,"Insufficient healthcare relevance (hc_score: 0, non_hc_score: 0)",Alternative.to,Live (200),
https://staging3.chbmdbilling.com,staging3.chbmdbilling.com,YES,Primary Care & Family Medicine,High,Verified healthcare practice (Primary Care & Family Medicine). Content & keywords score: 95,Medical Billing Company | California Billing Experts,Live (200),"Primary Care & Family Medicine, Pediatrics, Cardiology & Heart Care"
https://global-guest-post-seoexpress-group.store,global-guest-post-seoexpress-group.store,NO,Non-Healthcare / General,Medium,"Insufficient healthcare relevance (hc_score: 0, non_hc_score: 3)",SEO Express â Wholesale Backlinks. Priced Per Link.,Live (200),
https://seowebsitesdirectory.com,seowebsitesdirectory.com,NO,Non-Healthcare (Technology / Marketing),High,Identified as Technology / Marketing industry (score: 14 vs hc: 12),Seo Websites Directory.com |,Live (200),
https://blankx.com,blankx.com,NO,Non-Healthcare / General,Low,"Insufficient healthcare relevance (hc_score: 0, non_hc_score: 0)",Just a moment...,Live (403),
https://rankmall.shop,rankmall.shop,NO,Non-Healthcare / General,Medium,"Insufficient healthcare relevance (hc_score: 2, non_hc_score: 1)",BuySEOLink â Premium SEO Authority Packages,Live (200),
https://seoexpress-niche-edit-group.store,seoexpress-niche-edit-group.store,NO,Non-Healthcare / General,Medium,"Insufficient healthcare relevance (hc_score: 0, non_hc_score: 3)",SEO Express â Wholesale Backlinks. Priced Per Link.,Live (200),
https://weeblydirectory.com,weeblydirectory.com,NO,Non-Healthcare / General,Low,"Insufficient healthcare relevance (hc_score: 0, non_hc_score: 0)",Parking Page,Live (200),
https://serpcollective.shop,serpcollective.shop,NO,Non-Healthcare (Technology / Marketing),High,Identified as Technology / Marketing industry (score: 47 vs hc: 8),"SkyLinkSEO â SEO Services & Software House | DR, DA, TF, PBN, Guest Posts, SaaS & Web Development",Live (200),
https://obmain.com,obmain.com,NO,Non-Healthcare / General,Low,"Insufficient healthcare relevance (hc_score: 0, non_hc_score: 0)",BlogApp | Professional Storytelling,Live (200),
https://rank-top.click,rank-top.click,NO,Non-Healthcare / General,Medium,"Insufficient healthcare relevance (hc_score: 2, non_hc_score: 1)",BuySEOLink â Premium SEO Authority Packages,Live (200),
https://p.eurekster.com,p.eurekster.com,NO,Non-Healthcare / General,Low,"Insufficient healthcare relevance (hc_score: 0, non_hc_score: 0)",Eurekster,Live (200),
https://ranking-signal-link-velocity-and-do-follow-partners.store,ranking-signal-link-velocity-and-do-follow-partners.store,NO,Non-Healthcare / General,Low,"Insufficient healthcare relevance (hc_score: 0, non_hc_score: 0)",SEO Express â Wholesale Backlinks. Priced Per Link.,Live (200),
https://fiverr-quality-seo-at-affordable-rates.site,fiverr-quality-seo-at-affordable-rates.site,NO,Non-Healthcare (Technology / Marketing),High,Identified as Technology / Marketing industry (score: 6 vs hc: 0),iT Xoft â Premium Backlinks That Actually Rank,Live (200),
https://seoexpress-digital-system.store,seoexpress-digital-system.store,NO,Non-Healthcare / General,Medium,"Insufficient healthcare relevance (hc_score: 0, non_hc_score: 3)",SEO Express â Wholesale Backlinks. Priced Per Link.,Live (200),
https://dr70-links.co.uk,dr70-links.co.uk,YES,General Healthcare,Medium,"Healthcare indicators found (General Healthcare, score: 3)",voicenote.in,Live (200),
http://www.cheapsmmprovider.info,cheapsmmprovider.info,NO,Non-Healthcare / General,Low,"Insufficient healthcare relevance (hc_score: 0, non_hc_score: 0)",cheapsmmprovider.info,Live (200),
https://white-hat-and-link-building-prime-marketplace.store,white-hat-and-link-building-prime-marketplace.store,NO,Non-Healthcare / General,Low,"Insufficient healthcare relevance (hc_score: 0, non_hc_score: 0)",SEO Express â Wholesale Backlinks. Priced Per Link.,Live (200),
https://www.indexaward.com,indexaward.com,NO,Unreachable / Unknown,Low,Site unreachable (HTTP 503) and domain name lacks clear healthcare indicators,,HTTP 503,
https://backlinkshop.shop,backlinkshop.shop,NO,Non-Healthcare / General,Low,"Insufficient healthcare relevance (hc_score: 0, non_hc_score: 0)","Increase DR, DA, TF & Buy High Quality Backlinks 2026 | TopRankFlow â #1 SEO Authority Service",Live (200),
https://googleseoauthority.shop,googleseoauthority.shop,NO,Non-Healthcare / General,Medium,"Insufficient healthcare relevance (hc_score: 2, non_hc_score: 3)",SEO Boost Agency â SEO Authority & Backlink Services,Live (200),
https://rankgrowthagency.shop,rankgrowthagency.shop,NO,Non-Healthcare / General,Medium,"Insufficient healthcare relevance (hc_score: 0, non_hc_score: 3)","Increase DR, DA, TF & Buy High Quality Backlinks 2026 | TopRankFlow â #1 SEO Authority Service",Live (200),
https://domainrankteam.shop,domainrankteam.shop,NO,Non-Healthcare / General,Medium,"Insufficient healthcare relevance (hc_score: 0, non_hc_score: 3)","Premium SEO Backlinks Services - Boost DR, DA & TF",Live (200),
https://buyseobacklinks.shop,buyseobacklinks.shop,NO,Non-Healthcare (Technology / Marketing),High,Identified as Technology / Marketing industry (score: 50 vs hc: 8),"SkyLinkSEO â SEO Services & Software House | DR, DA, TF, PBN, Guest Posts, SaaS & Web Development",Live (200),
https://ziptet.com,ziptet.com,NO,Non-Healthcare / General,Medium,"Insufficient healthcare relevance (hc_score: 0, non_hc_score: 1)",ZIPTET – ZIPTET,Live (200),
https://pagesearch.net,pagesearch.net,NO,Non-Healthcare / General,Low,"Insufficient healthcare relevance (hc_score: 0, non_hc_score: 0)",Where to buy 🚀 aged domains and backlinks 🔥,Live (200),
https://wallpapers.pro,wallpapers.pro,NO,Non-Healthcare / General,Low,"Insufficient healthcare relevance (hc_score: 0, non_hc_score: 0)",Where to buy 🚀 aged domains and backlinks 🔥,Live (200),
https://linkseopro.shop,linkseopro.shop,NO,Non-Healthcare / General,Medium,"Insufficient healthcare relevance (hc_score: 0, non_hc_score: 3)","Increase DR, DA, TF & Buy High Quality Backlinks 2026 | TopRankFlow â #1 SEO Authority Service",Live (200),
https://worldmarketingdirectoy.com,worldmarketingdirectoy.com,NO,Non-Healthcare (Technology / Marketing),High,Identified as Technology / Marketing industry (score: 14 vs hc: 11),Most Ranking Directory |,Live (200),
https://domaindexer.com,domaindexer.com,NO,Non-Healthcare / General,Low,"Insufficient healthcare relevance (hc_score: 0, non_hc_score: 0)",Free Domain Directory - Domaindexer.com,Live (200),
https://eliterankdirectory.com,eliterankdirectory.com,NO,Unreachable / Unknown,Low,Site unreachable (DNS / Connection Refused) and domain name lacks clear healthcare indicators,,DNS / Connection Refused,
https://solevant.com,solevant.com,NO,Non-Healthcare (Real Estate),High,Identified as Real Estate industry (score: 7 vs hc: 0),Solevant - Find the Software You Need,Live (200),
http://libyanatravel.com,libyanatravel.com,NO,Non-Healthcare / General,Low,"Insufficient healthcare relevance (hc_score: 0, non_hc_score: 0)",ððBoost your Google rankings with Premium PBN & Link Buildingðð,Live (200),
https://official-seoexpress-white-hat-team.store,official-seoexpress-white-hat-team.store,NO,Non-Healthcare / General,Medium,"Insufficient healthcare relevance (hc_score: 0, non_hc_score: 3)",SEO Express â Wholesale Backlinks. Priced Per Link.,Live (200),
https://certified-rank-forge-anchor-text-lab.store,certified-rank-forge-anchor-text-lab.store,NO,Non-Healthcare / General,Low,"Insufficient healthcare relevance (hc_score: 0, non_hc_score: 0)",SEO Express â Wholesale Backlinks. Priced Per Link.,Live (200),
https://rankeddirectory.com,rankeddirectory.com,NO,Non-Healthcare / General,Low,"Insufficient healthcare relevance (hc_score: 0, non_hc_score: 0)",PEJUANGJITU | Pusat Informasi Togel Online & Login Akses Cepat,Live (200),
https://seolinkcompany.shop,seolinkcompany.shop,NO,Non-Healthcare (Technology / Marketing),High,Identified as Technology / Marketing industry (score: 50 vs hc: 8),"SkyLinkSEO â SEO Services & Software House | DR, DA, TF, PBN, Guest Posts, SaaS & Web Development",Live (200),
https://websiterace.com,websiterace.com,NO,Non-Healthcare / General,Low,"Insufficient healthcare relevance (hc_score: 0, non_hc_score: 0)",Where to buy 🚀 aged domains and backlinks 🔥,Live (200),
https://clicktohigh.com,clicktohigh.com,NO,Non-Healthcare / General,Medium,"Insufficient healthcare relevance (hc_score: 0, non_hc_score: 1)",CLICK TO HIGH,Live (200),
https://exlinko.net,exlinko.net,NO,Non-Healthcare / General,Low,"Insufficient healthcare relevance (hc_score: 0, non_hc_score: 0)",Share on WhatsApp,Live (200),
https://byteyo.com,byteyo.com,NO,Non-Healthcare / General,Medium,"Insufficient healthcare relevance (hc_score: 0, non_hc_score: 1)",BYTEYO – BYTEYO,Live (200),
https://medassistantjobs.com,medassistantjobs.com,YES,Mental Health & Psychiatry,High,Verified healthcare practice (Mental Health & Psychiatry). Content & keywords score: 60,Medical Assistant Jobs - medassistantjobs.com,Live (200),"Mental Health & Psychiatry, Hospital & Health System, Eye Care & Ophthalmology"
https://domainrankprovider.shop,domainrankprovider.shop,NO,Non-Healthcare (Technology / Marketing),High,Identified as Technology / Marketing industry (score: 47 vs hc: 8),"SkyLinkSEO â SEO Services & Software House | DR, DA, TF, PBN, Guest Posts, SaaS & Web Development",Live (200),
https://potode.adams-partners.com,potode.adams-partners.com,NO,Non-Healthcare / General,Low,"Insufficient healthcare relevance (hc_score: 0, non_hc_score: 0)",Breathtaking Tips About How To Lose Fat Off Thighs  - Potode,Live (200),
https://linkwagon.shop,linkwagon.shop,NO,Non-Healthcare / General,Medium,"Insufficient healthcare relevance (hc_score: 0, non_hc_score: 3)","Premium SEO Backlinks Services - Boost DR, DA & TF",Live (200),
https://www.egyptiandirectory.com,egyptiandirectory.com,NO,Non-Healthcare / General,Low,"Insufficient healthcare relevance (hc_score: 0, non_hc_score: 0)",egyptiandirectory.com,Live (200),
https://xylo-mist.online,xylo-mist.online,NO,Non-Healthcare / General,Medium,"Insufficient healthcare relevance (hc_score: 1, non_hc_score: 0)",Home - kids parenting,Live (200),
https://ejobscircular.com,ejobscircular.com,NO,Non-Healthcare / General,Medium,"Insufficient healthcare relevance (hc_score: 0, non_hc_score: 1)",New Jobs circular 2026 : Latest Jobs Notification,Live (200),
https://www.loginrv.com,loginrv.com,NO,Unreachable / Unknown,Low,Site unreachable (DNS / Connection Refused) and domain name lacks clear healthcare indicators,,DNS / Connection Refused,
https://searchrankinsights.shop,searchrankinsights.shop,NO,Non-Healthcare / General,Medium,"Insufficient healthcare relevance (hc_score: 0, non_hc_score: 3)","Premium SEO Backlinks Services - Boost DR, DA & TF",Live (200),
https://worldmetrics.org,worldmetrics.org,NO,Non-Healthcare (Financial / Accounting),High,Identified as Financial / Accounting industry (score: 18 vs hc: 17),Worldmetrics — Facts & Grounding Page,Live (200),
https://websiteslinkdirectory.com,websiteslinkdirectory.com,NO,Non-Healthcare (Technology / Marketing),High,Identified as Technology / Marketing industry (score: 10 vs hc: 10),Website Link Directory -,Live (200),
https://seogrowthstudio.shop,seogrowthstudio.shop,NO,Non-Healthcare / General,Medium,"Insufficient healthcare relevance (hc_score: 2, non_hc_score: 3)",SEO Boost Agency â SEO Authority & Backlink Services,Live (200),
https://kkinsider.com,kkinsider.com,NO,Non-Healthcare / General,Low,"Insufficient healthcare relevance (hc_score: 0, non_hc_score: 0)",ððBoost your Google rankings with Premium PBN & Link Buildingðð,Live (200),
https://softwareadviser.ai,softwareadviser.ai,NO,Non-Healthcare (Financial / Accounting),High,Identified as Financial / Accounting industry (score: 6 vs hc: 1),Software Adviser,Live (200),
https://googleseoexperts.shop,googleseoexperts.shop,NO,Non-Healthcare / General,Medium,"Insufficient healthcare relevance (hc_score: 2, non_hc_score: 3)",SEO Boost Agency â SEO Authority & Backlink Services,Live (200),
https://seoexpress-professional-white-hat-team.store,seoexpress-professional-white-hat-team.store,NO,Non-Healthcare / General,Medium,"Insufficient healthcare relevance (hc_score: 0, non_hc_score: 3)",SEO Express â Wholesale Backlinks. Priced Per Link.,Live (200),
https://dghub.ru,dghub.ru,NO,Non-Healthcare / General,Low,"Insufficient healthcare relevance (hc_score: 0, non_hc_score: 0)",voicenote.in,Live (200),
https://therankinghighseo.shop,therankinghighseo.shop,NO,Non-Healthcare / General,Medium,"Insufficient healthcare relevance (hc_score: 0, non_hc_score: 3)",SEO Express â Wholesale Backlinks. Priced Per Link.,Live (200),
https://tecupdate.com,tecupdate.com,NO,Non-Healthcare / General,Medium,"Insufficient healthcare relevance (hc_score: 1, non_hc_score: 1)",Login Links Directory - Tecupdate,Live (200),
https://rankseoprovider.shop,rankseoprovider.shop,NO,Non-Healthcare (Technology / Marketing),Medium,Identified as Technology / Marketing industry (score: 4 vs hc: 2),BuySEOLink â Premium SEO Authority Packages,Live (200),
https://seolinkkart.shop,seolinkkart.shop,NO,Non-Healthcare (Technology / Marketing),High,Identified as Technology / Marketing industry (score: 50 vs hc: 8),"SkyLinkSEO â SEO Services & Software House | DR, DA, TF, PBN, Guest Posts, SaaS & Web Development",Live (200),
https://toplinkranker.shop,toplinkranker.shop,NO,Non-Healthcare / General,Medium,"Insufficient healthcare relevance (hc_score: 0, non_hc_score: 3)","Premium SEO Backlinks Services - Boost DR, DA & TF",Live (200),
https://link-baron-optimal-organic-collective.store,link-baron-optimal-organic-collective.store,NO,Non-Healthcare / General,Low,"Insufficient healthcare relevance (hc_score: 0, non_hc_score: 0)",SEO Express â Wholesale Backlinks. Priced Per Link.,Live (200),
https://seoexpress-outreach-team.store,seoexpress-outreach-team.store,NO,Non-Healthcare / General,Medium,"Insufficient healthcare relevance (hc_score: 0, non_hc_score: 3)",SEO Express â Wholesale Backlinks. Priced Per Link.,Live (200),
https://best-keyword-seoexpress-portal.store,best-keyword-seoexpress-portal.store,NO,Non-Healthcare / General,Medium,"Insufficient healthcare relevance (hc_score: 0, non_hc_score: 3)",SEO Express â Wholesale Backlinks. Priced Per Link.,Live (200),
https://proven-services-for-serp-boost-and-link-velocity.store,proven-services-for-serp-boost-and-link-velocity.store,NO,Non-Healthcare / General,Low,"Insufficient healthcare relevance (hc_score: 0, non_hc_score: 0)",SEO Express â Wholesale Backlinks. Priced Per Link.,Live (200),
https://global-authority-seoexpress-group.store,global-authority-seoexpress-group.store,NO,Non-Healthcare / General,Medium,"Insufficient healthcare relevance (hc_score: 0, non_hc_score: 3)",SEO Express â Wholesale Backlinks. Priced Per Link.,Live (200),
https://topviraldirectory.com,topviraldirectory.com,YES,Dental & Orthodontics,High,Verified healthcare practice (Dental & Orthodontics). Content & keywords score: 12,Top Viral Directory |,Live (200),"Dental & Orthodontics, Chiropractic & Physical Therapy"
https://linktrove.shop,linktrove.shop,NO,Non-Healthcare / General,Medium,"Insufficient healthcare relevance (hc_score: 0, non_hc_score: 3)","Premium SEO Backlinks Services - Boost DR, DA & TF",Live (200),
https://nexabacklinks.shop,nexabacklinks.shop,NO,Non-Healthcare / General,Low,"Insufficient healthcare relevance (hc_score: 0, non_hc_score: 0)",BacklinksNexa | Premium Link Building Agency MEA â Dark Corporate,Live (200),
https://rank-your.site,rank-your.site,NO,Non-Healthcare (Technology / Marketing),High,Identified as Technology / Marketing industry (score: 6 vs hc: 6),"rank-your.site | Premium SEO Backlinks â DR, DA & TF Growth",Live (200),
https://reviewbolt.com,reviewbolt.com,NO,Non-Healthcare / General,Medium,"Insufficient healthcare relevance (hc_score: 3, non_hc_score: 1)","ReviewBolt - Revenue, Traffic & Growth Data for Any Company",Live (200),
https://seo-high-authority-backlinks.epic-syndicate-link-baron-keyword.store,seo-high-authority-backlinks.epic-syndicate-link-baron-keyword.store,NO,Non-Healthcare / General,Medium,"Insufficient healthcare relevance (hc_score: 0, non_hc_score: 3)",SEO Express â Wholesale Backlinks. Priced Per Link.,Live (200),
https://metamagic.top,metamagic.top,NO,Non-Healthcare / General,Low,"Insufficient healthcare relevance (hc_score: 0, non_hc_score: 0)",Home,Live (200),
https://daolink.mom,daolink.mom,NO,Non-Healthcare / General,Medium,"Insufficient healthcare relevance (hc_score: 0, non_hc_score: 2)",daolink.mom – daolink.mom,Live (200),
https://link-building-and-digital-pr-trusted-partners.store,link-building-and-digital-pr-trusted-partners.store,NO,Non-Healthcare / General,Low,"Insufficient healthcare relevance (hc_score: 0, non_hc_score: 0)",SEO Express â Wholesale Backlinks. Priced Per Link.,Live (200),
https://www.dupurgeniefr.com,dupurgeniefr.com,NO,Non-Healthcare / General,Low,"Insufficient healthcare relevance (hc_score: 0, non_hc_score: 0)",ððBoost your Google rankings with Premium PBN & Link Buildingðð,Live (200),
https://chartagain.nspaz.edu.pe,chartagain.nspaz.edu.pe,NO,Non-Healthcare (Food & Beverage),High,Identified as Food & Beverage industry (score: 8 vs hc: 0),chartagain.nspaz.edu.pe,Live (200),
https://backlinker.shop,backlinker.shop,NO,Unreachable / Unknown,Low,Site unreachable (DNS / Connection Refused) and domain name lacks clear healthcare indicators,,DNS / Connection Refused,
https://seolinkpro.shop,seolinkpro.shop,NO,Non-Healthcare / General,Medium,"Insufficient healthcare relevance (hc_score: 0, non_hc_score: 3)","Increase DR, DA, TF & Buy High Quality Backlinks 2026 | TopRankFlow â #1 SEO Authority Service",Live (200),
https://instant-webpage-seoexpress-consultants.store,instant-webpage-seoexpress-consultants.store,NO,Non-Healthcare / General,Medium,"Insufficient healthcare relevance (hc_score: 0, non_hc_score: 3)",SEO Express â Wholesale Backlinks. Priced Per Link.,Live (200),
https://www.homesforsaleoldgreenwichct.com,homesforsaleoldgreenwichct.com,NO,Non-Healthcare / General,Low,"Insufficient healthcare relevance (hc_score: 0, non_hc_score: 0)",ððBoost your Google rankings with Premium PBN & Link Buildingðð,Live (200),
https://pbnseolinks.shop,pbnseolinks.shop,NO,Non-Healthcare (Technology / Marketing),High,Identified as Technology / Marketing industry (score: 50 vs hc: 8),"SkyLinkSEO â SEO Services & Software House | DR, DA, TF, PBN, Guest Posts, SaaS & Web Development",Live (200),
https://clicktobuydirectory.com,clicktobuydirectory.com,YES,Dental & Orthodontics,High,Verified healthcare practice (Dental & Orthodontics). Content & keywords score: 12,Click To Buy Directory |,Live (200),"Dental & Orthodontics, Chiropractic & Physical Therapy"
https://rankpicks.shop,rankpicks.shop,NO,Non-Healthcare / General,Medium,"Insufficient healthcare relevance (hc_score: 2, non_hc_score: 1)",BuySEOLink â Premium SEO Authority Packages,Live (200),
https://directorycell.com,directorycell.com,NO,Non-Healthcare (Roofing & Siding),High,Identified as Roofing & Siding industry (score: 29 vs hc: 5),"Directory Cell | Explore the world’s knowledge, cultures, and ideas",Live (200),
https://loginslink.com,loginslink.com,NO,Non-Healthcare / General,Low,"Insufficient healthcare relevance (hc_score: 0, non_hc_score: 0)",Login Links Repository and Troubleshooting Guide | LoginsLink,Live (200),
https://tempest-ash.online,tempest-ash.online,NO,Non-Healthcare / General,Medium,"Insufficient healthcare relevance (hc_score: 1, non_hc_score: 3)",Home - kids parenting,Live (200),
https://backlinkbuilders.shop,backlinkbuilders.shop,NO,Non-Healthcare (Technology / Marketing),High,Identified as Technology / Marketing industry (score: 47 vs hc: 8),"SkyLinkSEO â SEO Services & Software House | DR, DA, TF, PBN, Guest Posts, SaaS & Web Development",Live (200),
https://saasmarketplace.co,saasmarketplace.co,NO,Non-Healthcare (Technology / Marketing),High,Identified as Technology / Marketing industry (score: 17 vs hc: 0),Find & Compare Software Solutions - SaaSMarketplace,Live (200),
https://tryheno.com,tryheno.com,NO,Unreachable / Unknown,Low,Site unreachable (DNS / Connection Refused) and domain name lacks clear healthcare indicators,,DNS / Connection Refused,
https://heno78146.ac-page.com,heno78146.ac-page.com,NO,Unreachable / Unknown,Low,Site unreachable (HTTP 404) and domain name lacks clear healthcare indicators,,HTTP 404,
https://ranklinkx.shop,ranklinkx.shop,YES,General Healthcare,Medium,"Healthcare indicators found (General Healthcare, score: 2)",SEO Boost Agency â SEO Authority & Backlink Services,Live (200),
https://mostrankingdirectory.com,mostrankingdirectory.com,YES,Dental & Orthodontics,High,Verified healthcare practice (Dental & Orthodontics). Content & keywords score: 12,Most Ranking Directory |,Live (200),"Dental & Orthodontics, Chiropractic & Physical Therapy"
https://byteshort.xyz,byteshort.xyz,NO,Non-Healthcare / General,Low,"Insufficient healthcare relevance (hc_score: 0, non_hc_score: 0)",byteshort.xyz | Keyword Rankingss,Live (200),
https://plumeriamarketing.com,plumeriamarketing.com,NO,Non-Healthcare / General,Medium,"Insufficient healthcare relevance (hc_score: 0, non_hc_score: 3)",ððBoost your Google rankings with Premium PBN & Link Buildingðð,Live (200),
https://traviscountyhome.com,traviscountyhome.com,YES,Chiropractic & Physical Therapy,High,Verified healthcare practice (Chiropractic & Physical Therapy). Content & keywords score: 31,My WordPress,Live (200),"Chiropractic & Physical Therapy, Mental Health & Psychiatry"
https://linkstock.shop,linkstock.shop,NO,Non-Healthcare / General,Medium,"Insufficient healthcare relevance (hc_score: 0, non_hc_score: 3)","Premium SEO Backlinks Services - Boost DR, DA & TF",Live (200),
https://rankcrate.shop,rankcrate.shop,NO,Non-Healthcare / General,Medium,"Insufficient healthcare relevance (hc_score: 2, non_hc_score: 1)",BuySEOLink â Premium SEO Authority Packages,Live (200),
https://worldbusinesspromote.com,worldbusinesspromote.com,NO,Non-Healthcare / General,Medium,"Insufficient healthcare relevance (hc_score: 0, non_hc_score: 1)",worldbusinesspromote.com – worldbusinesspromote.com,Live (200),
https://ainora.lt,ainora.lt,NO,Non-Healthcare (Food & Beverage),High,Identified as Food & Beverage industry (score: 23 vs hc: 19),"AINORA - Call a Live AI Voice Agent Right Now (Dental, Vet, Restaurant, Debt)",Live (200),
https://pageseocollective.shop,pageseocollective.shop,NO,Non-Healthcare (Technology / Marketing),Medium,Identified as Technology / Marketing industry (score: 4 vs hc: 2),BuySEOLink â Premium SEO Authority Packages,Live (200),
https://creativeposts.top,creativeposts.top,NO,Non-Healthcare / General,Low,"Insufficient healthcare relevance (hc_score: 0, non_hc_score: 0)",Home,Live (200),
https://freehire.dev,freehire.dev,NO,Non-Healthcare (Technology / Marketing),High,Identified as Technology / Marketing industry (score: 11 vs hc: 0),freehire â the open-source search engine for tech jobs,Live (200),
https://seoflx.net,seoflx.net,NO,Non-Healthcare / General,Medium,"Insufficient healthcare relevance (hc_score: 0, non_hc_score: 3)",Share on WhatsApp,Live (200),
https://simplywebshop.shop,simplywebshop.shop,NO,Non-Healthcare / General,Low,"Insufficient healthcare relevance (hc_score: 0, non_hc_score: 0)",SEO Express â Wholesale Backlinks. Priced Per Link.,Live (200),
https://voroxi.ai,voroxi.ai,NO,Non-Healthcare (Real Estate),Medium,Identified as Real Estate industry (score: 5 vs hc: 3),Get found in Google and AI search · Voroxi.ai,Live (200),
https://seomart.shop,seomart.shop,NO,Non-Healthcare (Technology / Marketing),High,Identified as Technology / Marketing industry (score: 50 vs hc: 8),"SkyLinkSEO â SEO Services & Software House | DR, DA, TF, PBN, Guest Posts, SaaS & Web Development",Live (200),
https://linkseoservice.shop,linkseoservice.shop,NO,Non-Healthcare (Technology / Marketing),High,Identified as Technology / Marketing industry (score: 6 vs hc: 0),"Premium SEO Backlinks Services - Boost DR, DA & TF",Live (200),
https://www.clodura.ai,clodura.ai,NO,Non-Healthcare / General,Medium,"Insufficient healthcare relevance (hc_score: 0, non_hc_score: 1)",One GenAI GTM Platform: From Database to Deal Closure | Clodura.AI,Live (200),
https://linkstash.shop,linkstash.shop,NO,Non-Healthcare / General,Medium,"Insufficient healthcare relevance (hc_score: 0, non_hc_score: 3)","Premium SEO Backlinks Services - Boost DR, DA & TF",Live (200),
https://trusted-seoexpress-backlink-experts.store,trusted-seoexpress-backlink-experts.store,NO,Non-Healthcare / General,Medium,"Insufficient healthcare relevance (hc_score: 0, non_hc_score: 3)",SEO Express â Wholesale Backlinks. Priced Per Link.,Live (200),
https://www.primenewsartical.com,primenewsartical.com,NO,Non-Healthcare / General,Low,"Insufficient healthcare relevance (hc_score: 0, non_hc_score: 0)",ððBoost your Google rankings with Premium PBN & Link Buildingðð,Live (200),
https://click-through-link-equity-and-authority-link-services.store,click-through-link-equity-and-authority-link-services.store,NO,Non-Healthcare / General,Low,"Insufficient healthcare relevance (hc_score: 0, non_hc_score: 0)",SEO Express â Wholesale Backlinks. Priced Per Link.,Live (200),
https://www.accuratereviews.us,accuratereviews.us,NO,Unreachable / Unknown,Low,Site unreachable (Connection Timeout) and domain name lacks clear healthcare indicators,,Connection Timeout,
https://siteranktoolkit.shop,siteranktoolkit.shop,NO,Non-Healthcare / General,Medium,"Insufficient healthcare relevance (hc_score: 0, non_hc_score: 3)","Premium SEO Backlinks Services - Boost DR, DA & TF",Live (200),
https://global-seo-group-seoexpress.store,global-seo-group-seoexpress.store,NO,Non-Healthcare / General,Medium,"Insufficient healthcare relevance (hc_score: 0, non_hc_score: 3)",SEO Express â Wholesale Backlinks. Priced Per Link.,Live (200),
https://solace-moon.online,solace-moon.online,NO,Non-Healthcare / General,Medium,"Insufficient healthcare relevance (hc_score: 1, non_hc_score: 0)",Home - kids parenting,Live (200),
https://anchor.fm,anchor.fm,NO,Non-Healthcare / General,Low,"Insufficient healthcare relevance (hc_score: 0, non_hc_score: 0)",Tools to manage and grow your podcast - Spotify for Creators,Live (200),
https://traffichubdirectory.com,traffichubdirectory.com,NO,Unreachable / Unknown,Low,Site unreachable (DNS / Connection Refused) and domain name lacks clear healthcare indicators,,DNS / Connection Refused,
https://premium-seoexpress-outreach-provider.store,premium-seoexpress-outreach-provider.store,NO,Non-Healthcare / General,Medium,"Insufficient healthcare relevance (hc_score: 0, non_hc_score: 3)",SEO Express â Wholesale Backlinks. Priced Per Link.,Live (200),
https://supremedirectory.com,supremedirectory.com,YES,General Healthcare,Medium,"Healthcare indicators found (General Healthcare, score: 3)",Parking Page,Live (200),
https://searchrankexperts.shop,searchrankexperts.shop,YES,General Healthcare,Medium,"Healthcare indicators found (General Healthcare, score: 2)",SEO Boost Agency â SEO Authority & Backlink Services,Live (200),
https://www.cubbie.com,cubbie.com,NO,Non-Healthcare / General,Low,"Insufficient healthcare relevance (hc_score: 0, non_hc_score: 0)",Just a moment...,Live (403),
https://leading-click-through-and-serp-boost-consortium.store,leading-click-through-and-serp-boost-consortium.store,NO,Non-Healthcare / General,Low,"Insufficient healthcare relevance (hc_score: 0, non_hc_score: 0)",SEO Express â Wholesale Backlinks. Priced Per Link.,Live (200),
https://www.gunungbelanda.com,gunungbelanda.com,NO,Non-Healthcare / General,Low,"Insufficient healthcare relevance (hc_score: 0, non_hc_score: 0)",Gunung Belanda,Live (200),
https://softwarereview.com,softwarereview.com,YES,Senior Care & Home Health,High,Verified healthcare practice (Senior Care & Home Health). Content & keywords score: 7,"Software Review 2026: Features, Alternatives, Pros & Cons | SoftwareReview.com",Live (200),"Senior Care & Home Health, Dental & Orthodontics"
https://analyticshaven.top,analyticshaven.top,NO,Non-Healthcare / General,Low,"Insufficient healthcare relevance (hc_score: 0, non_hc_score: 0)",Home,Live (200),
https://screenshots.wiki,screenshots.wiki,NO,Non-Healthcare / General,Low,"Insufficient healthcare relevance (hc_score: 0, non_hc_score: 0)",screenshots.wiki | Keyword Rankingss,Live (200),
https://linkforgepro.shop,linkforgepro.shop,NO,Non-Healthcare / General,Low,"Insufficient healthcare relevance (hc_score: 0, non_hc_score: 0)","Increase DR, DA, TF & Buy High Quality Backlinks 2026 | TopRankFlow â #1 SEO Authority Service",Live (200),
https://postsdirectory.com,postsdirectory.com,YES,Dental & Orthodontics,High,Verified healthcare practice (Dental & Orthodontics). Content & keywords score: 12,Post Directory |,Live (200),"Dental & Orthodontics, Chiropractic & Physical Therapy"
https://domainrankresults.shop,domainrankresults.shop,NO,Non-Healthcare (Technology / Marketing),High,Identified as Technology / Marketing industry (score: 47 vs hc: 8),"SkyLinkSEO â SEO Services & Software House | DR, DA, TF, PBN, Guest Posts, SaaS & Web Development",Live (200),
https://quero.party,quero.party,NO,Non-Healthcare / General,Low,"Insufficient healthcare relevance (hc_score: 0, non_hc_score: 0)",quero.party | Keyword Rankingss,Live (200),
https://www.vendorpick.ai,vendorpick.ai,NO,Unreachable / Unknown,Low,Site unreachable (HTTP 429) and domain name lacks clear healthcare indicators,,HTTP 429,
http://www.1000.co.in,1000.co.in,NO,Non-Healthcare / General,Low,"Insufficient healthcare relevance (hc_score: 0, non_hc_score: 0)",Where to buy 🚀 aged domains and backlinks 🔥 from www.1000.co.in,Live (200),
https://rarebacklinks.com,rarebacklinks.com,NO,Non-Healthcare / General,Low,"Insufficient healthcare relevance (hc_score: 0, non_hc_score: 0)",Just a moment...,Live (403),
https://jobsapp.info,jobsapp.info,NO,Non-Healthcare / General,Low,"Insufficient healthcare relevance (hc_score: 0, non_hc_score: 0)",Where to buy 🚀 aged domains and backlinks 🔥 from JobsApp,Live (200),
https://podtail.com,podtail.com,NO,Non-Healthcare / General,Low,"Insufficient healthcare relevance (hc_score: 0, non_hc_score: 0)",Just a moment...,Live (403),
https://dailymusings.top,dailymusings.top,NO,Non-Healthcare / General,Low,"Insufficient healthcare relevance (hc_score: 0, non_hc_score: 0)",Home,Live (200),
https://linkrank.shop,linkrank.shop,NO,Non-Healthcare / General,Medium,"Insufficient healthcare relevance (hc_score: 0, non_hc_score: 3)","Premium SEO Backlinks Services - Boost DR, DA & TF",Live (200),
https://decoupage-paper.com,decoupage-paper.com,NO,Unreachable / Unknown,Low,Site unreachable (DNS / Connection Refused) and domain name lacks clear healthcare indicators,,DNS / Connection Refused,
https://modern-organic-group-seoexpress.store,modern-organic-group-seoexpress.store,NO,Non-Healthcare / General,Medium,"Insufficient healthcare relevance (hc_score: 0, non_hc_score: 3)",SEO Express â Wholesale Backlinks. Priced Per Link.,Live (200),
https://rankpilot.shop,rankpilot.shop,NO,Unreachable / Unknown,Low,Site unreachable (DNS / Connection Refused) and domain name lacks clear healthcare indicators,,DNS / Connection Refused,
https://webbranddirectory.com,webbranddirectory.com,NO,Non-Healthcare (Technology / Marketing),High,Identified as Technology / Marketing industry (score: 11 vs hc: 10),Website Brand Directory |,Live (200),
https://mediazonedirectory.com,mediazonedirectory.com,YES,Dental & Orthodontics,High,Verified healthcare practice (Dental & Orthodontics). Content & keywords score: 15,Media Zone Directory |,Live (200),"Dental & Orthodontics, Chiropractic & Physical Therapy"
https://linkrankboost.shop,linkrankboost.shop,NO,Non-Healthcare (Technology / Marketing),High,Identified as Technology / Marketing industry (score: 47 vs hc: 8),"SkyLinkSEO â SEO Services & Software House | DR, DA, TF, PBN, Guest Posts, SaaS & Web Development",Live (200),
https://prolinkbox.com,prolinkbox.com,NO,Unreachable / Unknown,Low,Site unreachable (DNS / Connection Refused) and domain name lacks clear healthcare indicators,,DNS / Connection Refused,
https://digital-pr-and-domain-rating-premium-experts.store,digital-pr-and-domain-rating-premium-experts.store,NO,Non-Healthcare / General,Low,"Insufficient healthcare relevance (hc_score: 0, non_hc_score: 0)",SEO Express â Wholesale Backlinks. Priced Per Link.,Live (200),
https://smartwaydirectory.com,smartwaydirectory.com,YES,Dental & Orthodontics,High,Verified healthcare practice (Dental & Orthodontics). Content & keywords score: 13,Smart Way Directory |,Live (200),"Dental & Orthodontics, Chiropractic & Physical Therapy"
https://www.klazify.com,klazify.com,NO,Non-Healthcare / General,Low,"Insufficient healthcare relevance (hc_score: 0, non_hc_score: 0)",Just a moment...,Live (403),
https://seobacklinks.agency,seobacklinks.agency,NO,Non-Healthcare Domain,Medium,"Site unreachable (DNS / Connection Refused), domain keyword indicates non-healthcare: agency, seo",,DNS / Connection Refused,
https://all-aged-domains.com,all-aged-domains.com,NO,Non-Healthcare / General,Low,"Insufficient healthcare relevance (hc_score: 0, non_hc_score: 0)",Where to buy 🚀 aged domains and backlinks 🔥 from all-aged-domains,Live (200),
https://sites.jake.eu,sites.jake.eu,NO,Non-Healthcare / General,Low,"Insufficient healthcare relevance (hc_score: 0, non_hc_score: 0)",URL Shortener,Live (200),
https://thehighrankseo.shop,thehighrankseo.shop,NO,Non-Healthcare / General,Medium,"Insufficient healthcare relevance (hc_score: 0, non_hc_score: 3)",SEO Express â Wholesale Backlinks. Priced Per Link.,Live (200),
https://www.ycm.info,ycm.info,NO,Non-Healthcare / General,Low,"Insufficient healthcare relevance (hc_score: 0, non_hc_score: 0)",Where to buy 🚀 aged domains and backlinks 🔥,Live (200),
https://unfairgaps.com,unfairgaps.com,NO,Non-Healthcare / General,Medium,"Insufficient healthcare relevance (hc_score: 1, non_hc_score: 0)",UnfairGaps — Know Your Customers' Pain Before They Do,Live (200),
https://seoexpress-marketing-exchange.store,seoexpress-marketing-exchange.store,NO,Non-Healthcare (Non-Healthcare),High,Identified as Non-Healthcare industry (score: 6 vs hc: 0),SEO Express â Wholesale Backlinks. Priced Per Link.,Live (200),
https://findalternatives.net,findalternatives.net,NO,Non-Healthcare / General,Medium,"Insufficient healthcare relevance (hc_score: 0, non_hc_score: 1)",Find Alternatives - Best Alternatives to Any Product,Live (200),
https://linkgrowthcompany.shop,linkgrowthcompany.shop,NO,Non-Healthcare / General,Medium,"Insufficient healthcare relevance (hc_score: 0, non_hc_score: 3)","Premium SEO Backlinks Services - Boost DR, DA & TF",Live (200),
https://browseallexpireddomains.us,browseallexpireddomains.us,NO,Non-Healthcare / General,Low,"Insufficient healthcare relevance (hc_score: 0, non_hc_score: 0)",voicenote.in,Live (200),
https://directory.coldlytics.com,directory.coldlytics.com,NO,Non-Healthcare / General,Medium,"Insufficient healthcare relevance (hc_score: 0, non_hc_score: 1)",Discover businesses using the technologies you care about | Coldlytics,Live (200),
https://premiumseolinks.shop,premiumseolinks.shop,NO,Non-Healthcare / General,Medium,"Insufficient healthcare relevance (hc_score: 2, non_hc_score: 3)",SEO Boost Agency â SEO Authority & Backlink Services,Live (200),
https://seobox.shop,seobox.shop,NO,Non-Healthcare / General,Medium,"Insufficient healthcare relevance (hc_score: 2, non_hc_score: 3)",SEO Boost Agency â SEO Authority & Backlink Services,Live (200),
https://marketplace.aviahealth.com,marketplace.aviahealth.com,YES,Healthcare (Inferred from Domain),Medium,"Site unreachable (HTTP 429), but domain contains strong healthcare keyword(s): health",,HTTP 429,
https://linkseoalliance.shop,linkseoalliance.shop,NO,Non-Healthcare (Technology / Marketing),Medium,Identified as Technology / Marketing industry (score: 4 vs hc: 2),BuySEOLink â Premium SEO Authority Packages,Live (200),
https://rankstash.shop,rankstash.shop,NO,Non-Healthcare / General,Medium,"Insufficient healthcare relevance (hc_score: 2, non_hc_score: 1)",BuySEOLink â Premium SEO Authority Packages,Live (200),
https://linkfinds.shop,linkfinds.shop,NO,Non-Healthcare / General,Low,"Insufficient healthcare relevance (hc_score: 0, non_hc_score: 0)","Increase DR, DA, TF & Buy High Quality Backlinks 2026 | TopRankFlow â #1 SEO Authority Service",Live (200),
https://seocrate.shop,seocrate.shop,NO,Non-Healthcare / General,Medium,"Insufficient healthcare relevance (hc_score: 2, non_hc_score: 3)",SEO Boost Agency â SEO Authority & Backlink Services,Live (200),
https://seotrafficdirectory.com,seotrafficdirectory.com,NO,Non-Healthcare Domain,Medium,"Site unreachable (DNS / Connection Refused), domain keyword indicates non-healthcare: seo",,DNS / Connection Refused,
https://zoftwarehub.com,zoftwarehub.com,NO,Non-Healthcare / General,Medium,"Insufficient healthcare relevance (hc_score: 0, non_hc_score: 2)","Business Software Reviews, Comparisons & Integrators | Zoftware",Live (200),
https://www.getwebsiteworth.com,getwebsiteworth.com,NO,Non-Healthcare / General,Low,"Insufficient healthcare relevance (hc_score: 0, non_hc_score: 0)",Where to buy 🚀 aged domains and backlinks 🔥,Live (200),
https://dapago.net,dapago.net,NO,Unreachable / Unknown,Low,Site unreachable (Connection Timeout) and domain name lacks clear healthcare indicators,,Connection Timeout,
https://linkchest.shop,linkchest.shop,NO,Non-Healthcare / General,Low,"Insufficient healthcare relevance (hc_score: 0, non_hc_score: 0)","Increase DR, DA, TF & Buy High Quality Backlinks 2026 | TopRankFlow â #1 SEO Authority Service",Live (200),
https://atomizelink.icu,atomizelink.icu,NO,Non-Healthcare / General,Low,"Insufficient healthcare relevance (hc_score: 0, non_hc_score: 0)",atomizelink.icu | Keyword Rankingss,Live (200),
https://seoboostexchange.shop,seoboostexchange.shop,NO,Non-Healthcare (Technology / Marketing),Medium,Identified as Technology / Marketing industry (score: 4 vs hc: 2),BuySEOLink â Premium SEO Authority Packages,Live (200),
https://rankboostly.shop,rankboostly.shop,YES,General Healthcare,Medium,"Healthcare indicators found (General Healthcare, score: 2)",SEO Boost Agency â SEO Authority & Backlink Services,Live (200),
https://itxoft-trusted-seo-solutions.site,itxoft-trusted-seo-solutions.site,NO,Non-Healthcare (Technology / Marketing),High,Identified as Technology / Marketing industry (score: 6 vs hc: 0),iT Xoft â Premium Backlinks That Actually Rank,Live (200),
https://linkrankpro.shop,linkrankpro.shop,NO,Non-Healthcare (Technology / Marketing),High,Identified as Technology / Marketing industry (score: 47 vs hc: 8),"SkyLinkSEO â SEO Services & Software House | DR, DA, TF, PBN, Guest Posts, SaaS & Web Development",Live (200),
https://dk.yp.com,dk.yp.com,NO,Non-Healthcare / General,Low,"Insufficient healthcare relevance (hc_score: 0, non_hc_score: 0)",Attention Required! | Cloudflare,Live (403),
https://optimizeflow.top,optimizeflow.top,NO,Non-Healthcare / General,Low,"Insufficient healthcare relevance (hc_score: 0, non_hc_score: 0)",Home,Live (200),
https://ageddomainsforeverytaste.club,ageddomainsforeverytaste.club,NO,Non-Healthcare / General,Low,"Insufficient healthcare relevance (hc_score: 0, non_hc_score: 0)",voicenote.in,Live (200),
https://modern-link-baron-marketing-portal.store,modern-link-baron-marketing-portal.store,NO,Non-Healthcare / General,Medium,"Insufficient healthcare relevance (hc_score: 0, non_hc_score: 3)",SEO Express â Wholesale Backlinks. Priced Per Link.,Live (200),
https://link-baron-agile-on-page-directory.store,link-baron-agile-on-page-directory.store,NO,Non-Healthcare / General,Low,"Insufficient healthcare relevance (hc_score: 0, non_hc_score: 0)",SEO Express â Wholesale Backlinks. Priced Per Link.,Live (200),
https://rankxlinks.shop,rankxlinks.shop,NO,Non-Healthcare (Technology / Marketing),High,Identified as Technology / Marketing industry (score: 47 vs hc: 8),"SkyLinkSEO â SEO Services & Software House | DR, DA, TF, PBN, Guest Posts, SaaS & Web Development",Live (200),
https://linkgrowthstudio.shop,linkgrowthstudio.shop,NO,Non-Healthcare / General,Medium,"Insufficient healthcare relevance (hc_score: 2, non_hc_score: 1)",BuySEOLink â Premium SEO Authority Packages,Live (200),
https://authoritybacklinks.shop,authoritybacklinks.shop,YES,General Healthcare,Medium,"Healthcare indicators found (General Healthcare, score: 2)",SEO Boost Agency â SEO Authority & Backlink Services,Live (200),
https://saasdirectoryzone.com,saasdirectoryzone.com,NO,Non-Healthcare / General,Low,"Insufficient healthcare relevance (hc_score: 0, non_hc_score: 0)",Parking Page,Live (200),
https://ranklinkerpro.shop,ranklinkerpro.shop,NO,Non-Healthcare (Technology / Marketing),High,Identified as Technology / Marketing industry (score: 47 vs hc: 8),"SkyLinkSEO â SEO Services & Software House | DR, DA, TF, PBN, Guest Posts, SaaS & Web Development",Live (200),
https://toprankacademy.shop,toprankacademy.shop,YES,General Healthcare,Medium,"Healthcare indicators found (General Healthcare, score: 2)",SEO Boost Agency â SEO Authority & Backlink Services,Live (200),
https://goooogla.com,goooogla.com,NO,Non-Healthcare / General,Low,"Insufficient healthcare relevance (hc_score: 0, non_hc_score: 0)",Just a moment...,Live (403),
https://rankseohub.shop,rankseohub.shop,NO,Non-Healthcare (Technology / Marketing),Medium,Identified as Technology / Marketing industry (score: 4 vs hc: 2),BuySEOLink â Premium SEO Authority Packages,Live (200),
https://enterprisedirectoryhub.com,enterprisedirectoryhub.com,NO,Unreachable / Unknown,Low,Site unreachable (DNS / Connection Refused) and domain name lacks clear healthcare indicators,,DNS / Connection Refused,
https://rankgrowthgroup.shop,rankgrowthgroup.shop,NO,Non-Healthcare (Technology / Marketing),High,Identified as Technology / Marketing industry (score: 47 vs hc: 8),"SkyLinkSEO â SEO Services & Software House | DR, DA, TF, PBN, Guest Posts, SaaS & Web Development",Live (200),
https://linkbarn.shop,linkbarn.shop,NO,Non-Healthcare / General,Low,"Insufficient healthcare relevance (hc_score: 0, non_hc_score: 0)","Increase DR, DA, TF & Buy High Quality Backlinks 2026 | TopRankFlow â #1 SEO Authority Service",Live (200),
https://tumblrdirectory.com,tumblrdirectory.com,NO,Non-Healthcare / General,Low,"Insufficient healthcare relevance (hc_score: 0, non_hc_score: 0)",Parking Page,Live (200),
https://www.floridatrend.com,floridatrend.com,NO,Non-Healthcare / General,Medium,"Insufficient healthcare relevance (hc_score: 2, non_hc_score: 2)",Florida Trend - Florida's Business Authority,Live (200),
https://seoloot.shop,seoloot.shop,NO,Non-Healthcare (Technology / Marketing),High,Identified as Technology / Marketing industry (score: 50 vs hc: 8),"SkyLinkSEO â SEO Services & Software House | DR, DA, TF, PBN, Guest Posts, SaaS & Web Development",Live (200),
https://seoexpress.site,seoexpress.site,NO,Non-Healthcare / General,Medium,"Insufficient healthcare relevance (hc_score: 0, non_hc_score: 3)",SEO Express â Wholesale Backlinks. Priced Per Link.,Live (200),
https://webzonedirectory.com,webzonedirectory.com,YES,Dental & Orthodontics,High,Verified healthcare practice (Dental & Orthodontics). Content & keywords score: 12,Website Zone Directory |,Live (200),"Dental & Orthodontics, Chiropractic & Physical Therapy"
https://linkory.shop,linkory.shop,NO,Non-Healthcare / General,Medium,"Insufficient healthcare relevance (hc_score: 0, non_hc_score: 3)","Premium SEO Backlinks Services - Boost DR, DA & TF",Live (200),
https://www.ready.pro,ready.pro,NO,Non-Healthcare / General,Low,"Insufficient healthcare relevance (hc_score: 0, non_hc_score: 0)",Home,Live (200),
