Practice Name,Cleaned Name,Domain,Website URL,Status,Confidence,Source
Passaro Eyecare Inc,Passaro Eyecare,US,passaroeyecare.com,https://passaroeyecare.com,Found,High,Direct Practice Verification
TMC - Miami,TMC - Miami,US,tmcmiami.net,https://tmcmiami.net,Found,High,Direct Practice Verification
Palm Beach Diabetes Endocrine Specialist Flagler,Palm Beach Diabetes Endocrine Specialist Flagler,US,,,Not Found,None,N/A
Miramar - Yaneth Trujillo MD PA,Miramar - Yaneth Trujillo PA,US,,,Not Found,None,N/A
Weston - Yaneth Trujillo MD PA,Weston - Yaneth Trujillo PA,US,,,Not Found,None,N/A
TMC - Coral Springs,TMC - Coral Springs,US,,,Not Found,None,N/A
ENT Spec of WI - Neenah,ENT Spec of WI - Neenah,US,,,Not Found,None,N/A
ENT Spec of WI - Westhill,ENT Spec of WI - Westhill,US,,,Not Found,None,N/A
Little York Medical Center,Little York Medical Center,US,,,Not Found,None,N/A
Yankee Medical Center,Yankee Medical Center,US,,,Not Found,None,N/A
Fairborn Office,Fairborn Office,US,,,Not Found,None,N/A
Sidney Office,Sidney Office,US,,,Not Found,None,N/A
CMG FP - Carson,CMG FP - Carson,US,,,Not Found,None,N/A
Cobb Internal Medicine Associates,Cobb Internal Medicine Associates,US,cobbinternalmedicine.com,https://cobbinternalmedicine.com,Found,High,Direct Practice Verification
San Pedro Clinic,San Pedro Clinic,US,sanpedro.com,https://sanpedro.com,Found,High,Direct Practice Verification
Atl Colorectal Surgery,Atl Colorectal Surgery,US,,,Not Found,None,N/A
Dr Susan Fox Flagler Office,Susan Fox Flagler Office,US,,,Not Found,None,N/A
Dr Susan Fox Hialeah Office,Susan Fox Hialeah Office,US,,,Not Found,None,N/A
"Susan Fox D.O., P.A.",Susan Fox D O P A,US,,,Not Found,None,N/A
Women and Children First,Women and Children First,US,womenandchildrenfirst.org,https://womenandchildrenfirst.org,Found,High,Direct Practice Verification
San Tan Family Medicine PC,San Tan Family Medicine,US,,,Not Found,None,N/A
Cambridge Pediatrics LLC,Cambridge Pediatrics,US,,,Not Found,None,N/A
Rosemary M Aquiler Angeles MD PC,Rosemary M Aquiler Angeles,US,,,Not Found,None,N/A
Otolaryngology Associates PC,Otolaryngology Associates,US,otolaryngology.com,https://otolaryngology.com,Found,High,Direct Practice Verification
"Otolaryngology Associates, PC",Otolaryngology Associates,US,otolaryngology.com,https://otolaryngology.com,Found,High,Direct Practice Verification
Womens Health Associates of Derry,Womens Health Associates of Derry,US,,,Not Found,None,N/A
Sanitas Country Walk,Sanitas Country Walk,US,,,Not Found,None,N/A
ParCare Community Health Network,ParCare Community Health Network,US,parcarecommunityhealthnetwork.com,https://parcarecommunityhealthnetwork.com,Found,High,Direct Practice Verification
Orlando Family Medical JY,Orlando Family Medical JY,US,,,Not Found,None,N/A
Frisco Urgent Care and Clinics,Frisco Urgent Care and Clinics,US,,,Not Found,None,N/A
Willowbrook Medical Group,Willowbrook Medical Group,US,,,Not Found,None,N/A
Beauregard Medical Center,Beauregard Medical Center,US,,,Not Found,None,N/A
Cenla Family Medicine Associates LLC,Cenla Family Medicine Associates,US,,,Not Found,None,N/A
Steeplechase Peds North Cypress,Steeplechase Peds North Cypress,US,,,Not Found,None,N/A
Steeplechase Peds Cy Springs,Steeplechase Peds Cy Springs,US,,,Not Found,None,N/A
Steeplechase Peds Skinner Location,Steeplechase Peds Skinner Location,US,,,Not Found,None,N/A
Helotes Clinic,Helotes Clinic,US,,,Not Found,None,N/A
First Step Medical PC,First Step Medical,US,,,Not Found,None,N/A
FL Pediatric Grp - 250 S Wickham,FL Pediatric Grp - 250 S Wickham,US,,,Not Found,None,N/A
Nacogdoches Womens Center,Nacogdoches Womens Center,US,,,Not Found,None,N/A
Contemporary Women's Care - Winter Park,Contemporary Womens Care - Winter Park,US,,,Not Found,None,N/A
The Surgical Clinic PLLC STW,The Surgical Clinic STW,US,,,Not Found,None,N/A
Children's Medical Group Century Center Office,Childrens Medical Group Century Center Office,US,,,Not Found,None,N/A
Brick Office - Seaview Orthopaedic,Brick Office - Seaview Orthopaedic,US,,,Not Found,None,N/A
Freehold Office - Seaview Orthopaedic,Freehold Office - Seaview Orthopaedic,US,,,Not Found,None,N/A
Ocean Office - Seaview Orthopaedic,Ocean Office - Seaview Orthopaedic,US,,,Not Found,None,N/A
Monroe Office - Seaview Orthopaedics,Monroe Office - Seaview Orthopaedics,US,,,Not Found,None,N/A
FL048 Central Boca,Central Boca,US,,,Not Found,None,N/A
"Seaside Pediatrics of Key West, PLLC",Seaside Pediatrics of Key West,US,,,Not Found,None,N/A
FL003 Kendall Baptist Med Arts,Kendall Baptist Med Arts,US,,,Not Found,None,N/A
Davidsonville,Davidsonville,US,davidsonville.net,https://davidsonville.net,Found,High,Direct Practice Verification
Steeplechase Pediatric Center (Cypress),Steeplechase Pediatric Center,US,steeplechasepedi.com,https://steeplechasepedi.com,Found,High,Clearbit Autocomplete
Estelle Archer MD,Estelle Archer,US,estelle archer.md amarillo tx,https://estelle archer.md amarillo tx,Found,High,Valentin Google (US)
FL003 Kendall Baptist Med Arts 304,Kendall Baptist Med Arts 304,US,,,Not Found,None,N/A
Primary Health Meridian Family Practice,Primary Health Meridian Family Practice,US,,,Not Found,None,N/A
Alamo City Surgeons - Judson,Alamo City Surgeons - Judson,US,,,Not Found,None,N/A
Advanced OB-GYN PC - MHP,Advanced OB-GYN - MHP,US,,,Not Found,None,N/A
Southwest Military Clinic,Southwest Military Clinic,US,,,Not Found,None,N/A
Abbydek Fam Med Brooklyn,Abbydek Fam Med Brooklyn,US,,,Not Found,None,N/A
Abbydek Fam Med Rich-Hill,Abbydek Fam Med Rich-Hill,US,,,Not Found,None,N/A
Abbydek Family Med Flushing New,Abbydek Family Med Flushing New,US,,,Not Found,None,N/A
Orlando Family Medical Inc,Orlando Family Medical,US,orlandofamilymedical.com,https://orlandofamilymedical.com,Found,High,Direct Practice Verification
Texas Regional Urology PLLC Kingwood,Texas Regional Urology Kingwood,US,,,Not Found,None,N/A
Texas Regional Urology PLLC Woodlands,Texas Regional Urology Woodlands,US,,,Not Found,None,N/A
Primary Medical Care Center of Laderhill,Primary Medical Care Center of Laderhill,US,,,Not Found,None,N/A
The Austin Diagnostic Clinic Association PLLC,The Austin Diagnostic Clinic Association,US,,,Not Found,None,N/A
Seaview Orthopaedic - Holmdel,Seaview Orthopaedic - Holmdel,US,,,Not Found,None,N/A
Christopher O Gulley,Christopher O Gulley,US,,,Not Found,None,N/A
Perrin Beitel Clinic,Perrin Beitel Clinic,US,,,Not Found,None,N/A
Coral Springs - Yaneth Trujillo,Coral Springs - Yaneth Trujillo,US,,,Not Found,None,N/A
Val Verde Clinic,Val Verde Clinic,US,,,Not Found,None,N/A
Sunnyside Pediatrics,Sunnyside Pediatrics,US,,,Not Found,None,N/A
ParCare 16th Ave,ParCare 16th Ave,US,,,Not Found,None,N/A
Basem Hamid MD PA,Basem Hamid PA,US,,,Not Found,None,N/A
Innova - Pearland,Innova - Pearland,US,,,Not Found,None,N/A
203 Urgent Care - Southington,Urgent Care - Southington,US,,,Not Found,None,N/A
203 Urgent Care - Orange,Urgent Care - Orange,US,urgentcareorange.com,https://urgentcareorange.com,Found,High,Direct Practice Verification
"203 Urgent Care - Chase Avenue, Waterbury",Urgent Care - Chase Avenue Waterbury,US,,,Not Found,None,N/A
"203 Urgent Care - Frost Road, Waterbury",Urgent Care - Frost Road Waterbury,US,,,Not Found,None,N/A
203 Urgent Care - Hamden,Urgent Care - Hamden,US,,,Not Found,None,N/A
Center for Rheumatic Diseases,Center for Rheumatic Diseases,US,centerforrheumaticdiseases.com,https://centerforrheumaticdiseases.com,Found,High,Clearbit Autocomplete
203 Urgent Care - North Haven,Urgent Care - North Haven,US,,,Not Found,None,N/A
203 Urgent Care - Stratford,Urgent Care - Stratford,US,,,Not Found,None,N/A
203 Urgent Care - Norwalk,Urgent Care - Norwalk,US,,,Not Found,None,N/A
203 Urgent Care - West Haven,Urgent Care - West Haven,US,,,Not Found,None,N/A
Essen Health Care 1181,Essen Health Care 1181,US,essenhealthcare.com,https://essenhealthcare.com,Found,High,Clearbit Autocomplete
Essen Health Care 305,Essen Health Care 305,US,essenhealthcare.com,https://essenhealthcare.com,Found,High,Clearbit Autocomplete
203 Urgent Care - East Haven,Urgent Care - East Haven,US,,,Not Found,None,N/A
Fibroid and Pelvic Wellness Center of Georgia,Fibroid and Pelvic Wellness Center of Georgia,US,fibroidandpelvicwellness.com,https://fibroidandpelvicwellness.com,Found,High,Clearbit Autocomplete
Leesburg Sterling Family Practice - Purcellville,Leesburg Sterling Family Practice - Purcellville,US,,,Not Found,None,N/A
Garden City Family Physicians PLLC,Garden City Family Physicians,US,,,Not Found,None,N/A
West Wichita Family Physicians PA,West Wichita Family Physicians PA,US,,,Not Found,None,N/A
Complete Health and Wellness LLC,Complete Health and Wellness,US,completehealthandwellnesstx.com,https://completehealthandwellnesstx.com,Found,High,Clearbit Autocomplete
CVFM - North Hickory,CVFM - North Hickory,US,,,Not Found,None,N/A
Talkiatry Hudson Sq,Talkiatry Hudson Sq,US,,,Not Found,None,N/A
KoweHealth LLC,KoweHealth,US,,,Not Found,None,N/A
Gastroenterology Clear Lake,Gastroenterology Clear Lake,US,,,Not Found,None,N/A
CAN Community Health - STI/HIV/Hepatitis C Testing,CAN Community Health - STI HIV Hepatitis C Testing,US,,,Not Found,None,N/A
Jessie Furlow Medical Center,Jessie Furlow Medical Center,US,,,Not Found,None,N/A
Central Ark Foot and Ankle Specialist,Central Ark Foot and Ankle Specialist,US,,,Not Found,None,N/A
Lone Star Family Care,Lone Star Family Care,US,,,Not Found,None,N/A
Insight Surgical Hospital Flint Neurosurgery,Insight Surgical Hospital Flint Neurosurgery,US,,,Not Found,None,N/A
Insight Surgical Hospital Warren Neurosurgery,Insight Surgical Hospital Warren Neurosurgery,US,,,Not Found,None,N/A
Insight Surgical Hospital Dearborn Neurosurgery,Insight Surgical Hospital Dearborn Neurosurgery,US,,,Not Found,None,N/A
American Telestroke Neurology Inc,American Telestroke Neurology,US,,,Not Found,None,N/A
Houghton Family Health Center,Houghton Family Health Center,US,,,Not Found,None,N/A
Lawrenceville Foot and Ankle Specialists,Lawrenceville Foot and Ankle Specialists,US,lawrencevillefootandankle.com,https://lawrencevillefootandankle.com,Found,High,Direct Practice Verification
"Latina Medical Office, P.C.",Latina Medical Office P C,US,,,Not Found,None,N/A
"Latina Medical Office, P.C. - Stanley",Latina Medical Office P C - Stanley,US,,,Not Found,None,N/A
Cornerstone Family Healthcare - Benton Avenue Office,Cornerstone Family Healthcare - Benton Avenue Office,US,,,Not Found,None,N/A
AstranaCare Stonecreek,AstranaCare Stonecreek,US,,,Not Found,None,N/A
EDA Endocrinology Diabetes Associates,EDA Endocrinology Diabetes Associates,US,,,Not Found,None,N/A
Claremedica of Palmetto Bay,Claremedica of Palmetto Bay,US,,,Not Found,None,N/A
Claremedica of Plantation Pine Island,Claremedica of Plantation Pine Island,US,,,Not Found,None,N/A
Claremedica Corporate,Claremedica Corporate,US,,,Not Found,None,N/A
Claremedica of Deerfield Beach,Claremedica of Deerfield Beach,US,,,Not Found,None,N/A
Claremedica of Jackson South,Claremedica of Jackson South,US,,,Not Found,None,N/A
Claremedica of Anona,Claremedica of Anona,US,,,Not Found,None,N/A
Claremedica of Plaza Miami,Claremedica of Plaza Miami,US,,,Not Found,None,N/A
Carrboro Family Medicine Center,Carrboro Family Medicine Center,US,,,Not Found,None,N/A
Upland Office - Cucamonga Valley Medical Group,Upland Office - Cucamonga Valley Medical Group,US,,,Not Found,None,N/A
Las Palmas Del Sol Obstetrics,Las Palmas Del Sol Obstetrics,US,,,Not Found,None,N/A
Weight and Wellness Clinic,Weight and Wellness Clinic,US,weightandwellnessclinic.com,https://weightandwellnessclinic.com,Found,High,Direct Practice Verification
"Panama City Institute of Endocrinology, Diabetes, Health and Hormones Inc.",Panama City Institute of Endocrinology Diabetes Health and Hormones,US,,,Not Found,None,N/A
Nacogdoches Family Clinic LLC,Nacogdoches Family Clinic,US,,,Not Found,None,N/A
Nacogdoches Family Clinic LLC Telehealth,Nacogdoches Family Clinic Telehealth,US,,,Not Found,None,N/A
Manassas Internal Medicine PC,Manassas Internal Medicine,US,,,Not Found,None,N/A
MedFL Med. Centers Aventura,MedFL Med Centers Aventura,US,,,Not Found,None,N/A
College Park Family Care Center Physicians Group,College Park Family Care Center Physicians Group,US,,,Not Found,None,N/A
26Health Inc,26Health,US,26health.com,https://26health.com,Found,High,Direct Practice Verification
Yewande Mikoku NP in Psychiatry PC,Yewande Mikoku in Psychiatry,US,,,Not Found,None,N/A
Fort Walton Beach ENT,Fort Walton Beach ENT,US,,,Not Found,None,N/A
Neuroscience Consultants 32 - FirstChoice Neurology,Neuroscience Consultants 32 - FirstChoice Neurology,US,,,Not Found,None,N/A
"Sugarloaf Medical, PC",Sugarloaf Medical,US,sugarloafmedical.com,https://sugarloafmedical.com,Found,High,Direct Practice Verification
Family Medicine Institute,Family Medicine Institute,US,familymedicineinstitute.com,https://familymedicineinstitute.com,Found,High,Direct Practice Verification
Neuroscience Consultants 32A - FirstChoice Neurology,Neuroscience Consultants 32A - FirstChoice Neurology,US,,,Not Found,None,N/A
North Texas Medical Clinic,North Texas Medical Clinic,US,northtexasmedical.com,https://northtexasmedical.com,Found,High,Direct Practice Verification
Family Practice Malik,Family Practice Malik,US,,,Not Found,None,N/A
Wildwood - TriCounty Health LLC,Wildwood - TriCounty Health,US,,,Not Found,None,N/A
Family Care Specialists Ocala 1,Family Care Specialists Ocala 1,US,,,Not Found,None,N/A
Summerfield - TriCounty Health LLC,Summerfield - TriCounty Health,US,,,Not Found,None,N/A
Hillcroft Medical Clinic II,Hillcroft Medical Clinic II,US,,,Not Found,None,N/A
Vitalief Medical Center Inc,Vitalief Medical Center,US,vitaliefmedicalcenter.com,https://vitaliefmedicalcenter.com,Found,High,Direct Practice Verification
North Willow Grove TVPC,North Willow Grove TVPC,US,,,Not Found,None,N/A
North Texas Medical Clinic Prosper,North Texas Medical Clinic Prosper,US,,,Not Found,None,N/A
AZ Wound & Hyperbaric Medicine - Mesa,AZ Wound & Hyperbaric Medicine - Mesa,US,,,Not Found,None,N/A
AZ Wound & Hyperbaric Medicine - Gilbert,AZ Wound & Hyperbaric Medicine - Gilbert,US,,,Not Found,None,N/A
10x Wellness & Family Mobile Clinic,10x Wellness & Family Mobile Clinic,US,10xwellnessfamilymobileclinic.org,https://10xwellnessfamilymobileclinic.org,Found,High,Direct Practice Verification
AZ Wound & Hyperbaric Medicine - Phoenix,AZ Wound & Hyperbaric Medicine - Phoenix,US,,,Not Found,None,N/A
Trust Health MD,Trust Health,US,trusthealth.com,https://trusthealth.com,Found,High,Direct Practice Verification
Advanced Women's OBGYN - Loxahatchee,Advanced Womens OBGYN - Loxahatchee,US,,,Not Found,None,N/A
TCA - Kingwood,TCA - Kingwood,US,,,Not Found,None,N/A
TCA - Peakwood,TCA - Peakwood,US,,,Not Found,None,N/A
The Aicher Clinic,The Aicher Clinic,US,,,Not Found,None,N/A
JMCPG - Primary Care Indiantown Road,JMCPG - Primary Care Indiantown Road,US,,,Not Found,None,N/A
ACA - Atlanta Cardiology Associates LLC,ACA - Atlanta Cardiology Associates,US,,,Not Found,None,N/A
Pinnacle Marietta,Pinnacle Marietta,US,,,Not Found,None,N/A
Pembroke Pines,Pembroke Pines,US,pembrokepines.com,https://pembrokepines.com,Found,High,Direct Practice Verification
High Mountain Orthopedics LLC,High Mountain Orthopedics,US,highmountainortho.com,https://highmountainortho.com,Found,High,Clearbit Autocomplete
Manhattan Dermatology PLLC,Manhattan Dermatology,US,manhattandermatology.com,https://manhattandermatology.com,Found,High,Direct Practice Verification
James River Dermatology - Midlothian,James River Dermatology - Midlothian,US,,,Not Found,None,N/A
James River Dermatology - Hanover,James River Dermatology - Hanover,US,,,Not Found,None,N/A
Johnson,Johnson,US,johnsonoutdoors.com,https://johnsonoutdoors.com,Found,High,Clearbit Autocomplete
AL001 Brookwood,Brookwood,US,brookwood.com,https://brookwood.com,Found,High,Direct Practice Verification
LewisGale Physicians - Valley View,LewisGale Physicians - Valley View,US,,,Not Found,None,N/A
Sanitas Ft. Lauderdale,Sanitas Ft Lauderdale,US,,,Not Found,None,N/A
ChanOtolaryngology Associates PC,ChanOtolaryngology Associates,US,,,Not Found,None,N/A
JMCPG - Primary Care Jupiter Lakes Blvd,JMCPG - Primary Care Jupiter Lakes Blvd,US,,,Not Found,None,N/A
ResOtolaryngology Associates PC,ResOtolaryngology Associates,US,,,Not Found,None,N/A
Clarksdale Clinic,Clarksdale Clinic,US,clarksdale.com,https://clarksdale.com,Found,High,Direct Practice Verification
"Ear, Nose and Throat Specialty Care - Maple Grove",Ear Nose and Throat Specialty Care - Maple Grove,US,,,Not Found,None,N/A
AL001 Prattville,Prattville,US,prattville.net,https://prattville.net,Found,High,Direct Practice Verification
PHA Adult Medicine,PHA Adult Medicine,US,phaadultmedicine.com,https://phaadultmedicine.com,Found,High,Direct Practice Verification
"Ear, Nose and Throat Specialty Care - Coon Rapids",Ear Nose and Throat Specialty Care - Coon Rapids,US,,,Not Found,None,N/A
Hunt Club Medical,Hunt Club Medical,US,huntclubmedical.com,https://huntclubmedical.com,Found,High,Valentin Google (US)
Austin Foundations Family Medicine Well Care,Austin Foundations Family Medicine Well Care,US,,,Not Found,None,N/A
"Ear, Nose and Throat Specialty Care - Saint Louis Park",Ear Nose and Throat Specialty Care - Saint Louis Park,US,,,Not Found,None,N/A
William C Biggs MD,William C Biggs,US,,,Not Found,None,N/A
Indian River Primary Care,Indian River Primary Care,US,,,Not Found,None,N/A
Sanitas Lakeland,Sanitas Lakeland,US,,,Not Found,None,N/A
Huey And Weprin OBGYN - Englewood,Huey And Weprin OBGYN - Englewood,US,,,Not Found,None,N/A
Huey And Weprin OBGYN - Kettering,Huey And Weprin OBGYN - Kettering,US,,,Not Found,None,N/A
Wellness First Urgent Care,Wellness First Urgent Care,US,wellnessfirsturgentcare.com,https://wellnessfirsturgentcare.com,Found,High,Direct Practice Verification
Flint Foot And Ankle Institute,Flint Foot And Ankle Institute,US,,,Not Found,None,N/A
AMG Rockville Endocrinology,AMG Rockville Endocrinology,US,,,Not Found,None,N/A
Calvary Urgent Care PA,Calvary Urgent Care PA,US,,,Not Found,None,N/A
MANA Foot and Ankle Clinic,MANA Foot and Ankle Clinic,US,,,Not Found,None,N/A
GGO Orange City Office,GGO Orange City Office,US,,,Not Found,None,N/A
GGO Lake Mary Office,GGO Lake Mary Office,US,,,Not Found,None,N/A
Pennsylvania Union Medical Center King Of Prussia,Pennsylvania Union Medical Center King Of Prussia,US,,,Not Found,None,N/A
Woman and Child Health Center of Longview,Woman and Child Health Center of Longview,US,,,Not Found,None,N/A
AMG Rockville Primary Care,AMG Rockville Primary Care,US,,,Not Found,None,N/A
Pinnacle ENT Blue Bell,Pinnacle ENT Blue Bell,US,,,Not Found,None,N/A
Covenant Primary Care Dickson,Covenant Primary Care Dickson,US,,,Not Found,None,N/A
Covenant Primary Care Murfreesboro,Covenant Primary Care Murfreesboro,US,,,Not Found,None,N/A
Palos Medical Center PLLC,Palos Medical Center,US,palosmedicalcenter.com,https://palosmedicalcenter.com,Found,High,Direct Practice Verification
Pediatric Associates - Town Center,Pediatric Associates - Town Center,US,pediatric partners town. center,https://pediatric partners town. center,Found,High,Valentin Google (US)
Walk In GYN Care NYC,Walk In GYN Care NYC,US,,,Not Found,None,N/A
LaSante Health Center,LaSante Health Center,US,lasantehealth.com,https://lasantehealth.com,Found,High,Clearbit Autocomplete
Houston Gastro Institute,Houston Gastro Institute,US,houstongastroinstitute.com,https://houstongastroinstitute.com,Found,High,Direct Practice Verification
Walk In GYN Care Northern,Walk In GYN Care Northern,US,,,Not Found,None,N/A
Walk In GYN Care Brooklyn,Walk In GYN Care Brooklyn,US,,,Not Found,None,N/A
Walk In GYN Care Astoria,Walk In GYN Care Astoria,US,,,Not Found,None,N/A
Allwell Family Practice LLC,Allwell Family Practice,US,,,Not Found,None,N/A
The Enlyv Clinics LLC - Edison,The Enlyv Clinics - Edison,US,,,Not Found,None,N/A
The Enlyv Clinics LLC - Bridgewater,The Enlyv Clinics - Bridgewater,US,,,Not Found,None,N/A
The Enlyv Clinics LLC - Flemington,The Enlyv Clinics - Flemington,US,,,Not Found,None,N/A
All Enlyv Clinics - Flemington,All Enlyv Clinics - Flemington,US,,,Not Found,None,N/A
All Enlyv Clinics - Bridgewater,All Enlyv Clinics - Bridgewater,US,,,Not Found,None,N/A
Vitaly Fishbein MD LLC,Vitaly Fishbein,US,,,Not Found,None,N/A
Park Slope Cardiology PC,Park Slope Cardiology,US,parkslopecardiology.com,https://parkslopecardiology.com,Found,High,Direct Practice Verification
Maya Health Services LLC,Maya Health Services,US,,,Not Found,None,N/A
Womens Clinic of Mid Cities,Womens Clinic of Mid Cities,US,,,Not Found,None,N/A
Dominion Plastic Surgery,Dominion Plastic Surgery,US,dominionplasticsurgery.com,https://dominionplasticsurgery.com,Found,High,Direct Practice Verification
Internal Medicine Associates of Houston,Internal Medicine Associates of Houston,US,,,Not Found,None,N/A
"Hinton's Integrative Medicine (HIM), LLC",Hintons Integrative Medicine,US,,,Not Found,None,N/A
Diabetes Endocrine Health Consult,Diabetes Endocrine Health Consult,US,,,Not Found,None,N/A
Ankle & Foot Surgery Elk Grove VP,Ankle & Foot Surgery Elk Grove VP,US,,,Not Found,None,N/A
TPCC Main - Texas Primary Care Clinic,TPCC Main - Texas Primary Care Clinic,US,,,Not Found,None,N/A
GGN Naples Office,GGN Naples Office,US,,,Not Found,None,N/A
Athens Dermatology at Dermatology Specialists of Georgia,Athens Dermatology at Dermatology Specialists of Georgia,US,,,Not Found,None,N/A
Vinay J Shah MD,Vinay J Shah,US,,,Not Found,None,N/A
Institute of Pelvic Medicine Reconstructive Surgery FPM-A,Institute of Pelvic Medicine Reconstructive Surgery FPM-A,US,,,Not Found,None,N/A
Tri City Surgical Associates,Tri City Surgical Associates,US,tricitysurgical.com,https://tricitysurgical.com,Found,High,Direct Practice Verification
OB/GYN of East Brunswick - East Brunswick,OB GYN of East Brunswick - East Brunswick,US,,,Not Found,None,N/A
OB/GYN of East Brunswick - Piscataway,OB GYN of East Brunswick - Piscataway,US,,,Not Found,None,N/A
OB/GYN of East Brunswick - Edison,OB GYN of East Brunswick - Edison,US,,,Not Found,None,N/A
Brighton Beach - Vanguard,Brighton Beach - Vanguard,US,,,Not Found,None,N/A
Huntington Park - Her Smart Choice,Huntington Park - Her Smart Choice,US,,,Not Found,None,N/A
Long Beach - Her Smart Choice,Long Beach - Her Smart Choice,US,,,Not Found,None,N/A
Van Nuys - Her Smart Choice,Van Nuys - Her Smart Choice,US,,,Not Found,None,N/A
AxessPointe / VCS Adult CMHC,AxessPointe VCS Adult CMHC,US,,,Not Found,None,N/A
E. Los Angeles - Her Smart Choice,E Los Angeles - Her Smart Choice,US,,,Not Found,None,N/A
AxessPointe / Kent,AxessPointe Kent,US,,,Not Found,None,N/A
Gastro Florida - Palm Harbor,Gastro Florida - Palm Harbor,US,,,Not Found,None,N/A
AxessPointe / W Market HQ,AxessPointe W Market HQ,US,,,Not Found,None,N/A
Gastro Florida - Race Track,Gastro Florida - Race Track,US,,,Not Found,None,N/A
Gastro Florida - Trinity,Gastro Florida - Trinity,US,,,Not Found,None,N/A
Gastro Florida - Safety Harbor,Gastro Florida - Safety Harbor,US,,,Not Found,None,N/A
Medinet Family Care Clinic,Medinet Family Care Clinic,US,medinetclinic.com,https://medinetclinic.com,Found,High,Clearbit Autocomplete
Dulles Health LLC,Dulles Health,US,dulleshealth.com,https://dulleshealth.com,Found,High,Direct Practice Verification
Video Visits,Video Visits,US,videovisits.com,https://videovisits.com,Found,High,Direct Practice Verification
Windermere Medical Clinic,Windermere Medical Clinic,US,windermeremedical.com,https://windermeremedical.com,Found,High,Direct Practice Verification
AstranaCare Blue Diamond,AstranaCare Blue Diamond,US,,,Not Found,None,N/A
"Lutz Get Healthy, LLC",Lutz Get Healthy,US,lutzgethealthy.com,https://lutzgethealthy.com,Found,High,Direct Practice Verification
Infectious Diseases Clear Lake,Infectious Diseases Clear Lake,US,,,Not Found,None,N/A
Diagnostic Partners of North TX PA,Diagnostic Partners of North TX PA,US,,,Not Found,None,N/A
Alpharetta Primary Care,Alpharetta Primary Care,US,,,Not Found,None,N/A
The ENT & Allergy Centers of Texas - Carrollton,The ENT & Allergy Centers of Texas - Carrollton,US,,,Not Found,None,N/A
Murphy Medical Clinic,Murphy Medical Clinic,US,,,Not Found,None,N/A
Complete Local Specialty Care Coconut Creek,Complete Local Specialty Care Coconut Creek,US,,,Not Found,None,N/A
Inspire Health Frisco Waterstone,Inspire Health Frisco Waterstone,US,,,Not Found,None,N/A
Wesley Chapel - Tampa Cardiovascular,Wesley Chapel - Tampa Cardiovascular,US,,,Not Found,None,N/A
Armenia - Tampa Cardiovascular,Armenia - Tampa Cardiovascular,US,,,Not Found,None,N/A
"Vasco M. Marques MD, PA",Vasco M Marques PA,US,,,Not Found,None,N/A
Neuroscience Consultants 02 - FirstChoice Neurology,Neuroscience Consultants 02 - FirstChoice Neurology,US,,,Not Found,None,N/A
MD Kids Pediatrics - Schertz,Kids Pediatrics - Schertz,US,,,Not Found,None,N/A
Texas Behavioral Health of Pearland,Texas Behavioral Health of Pearland,US,,,Not Found,None,N/A
ENT and Allergy Specialists of VA,ENT and Allergy Specialists of VA,US,,,Not Found,None,N/A
Optima Health - Riverside,Optima Health - Riverside,US,,,Not Found,None,N/A
Optima Health - Crestline,Optima Health - Crestline,US,,,Not Found,None,N/A
Integral Primary Care Practice PLLC,Integral Primary Care Practice,US,,,Not Found,None,N/A
FL011 Lejeune,Lejeune,US,le-jeune-conducteur.com,https://le-jeune-conducteur.com,Found,High,Clearbit Autocomplete
Ocala Family Care Specialists,Ocala Family Care Specialists,US,,,Not Found,None,N/A
Hyde Park - The Dermatology Group,Hyde Park - The Dermatology Group,US,,,Not Found,None,N/A
Western Hills - The Dermatology Group,Western Hills - The Dermatology Group,US,,,Not Found,None,N/A
WRH Office,WRH Office,US,,,Not Found,None,N/A
Premier Orthopaedic And Hand Center SC,Premier Orthopaedic And Hand Center,US,,,Not Found,None,N/A
Community Health Center of Central Wyoming,Community Health Center of Central Wyoming,US,,,Not Found,None,N/A
Pediatric Associates - Boca Raton,Pediatric Associates - Boca Raton,US,,,Not Found,None,N/A
Dupage Internal Medicine LLC,Dupage Internal Medicine,US,,,Not Found,None,N/A
LewisGale Physicians - Internal Med of Roanoke,LewisGale Physicians - Internal Med of Roanoke,US,,,Not Found,None,N/A
Pediatrics of Central Florida PA - OBT,Pediatrics of Central Florida PA - OBT,US,,,Not Found,None,N/A
Pediatrics of Central Florida PA - POIN,Pediatrics of Central Florida PA - POIN,US,,,Not Found,None,N/A
Pediatrics of Central Florida PA - KISS - Sick Side,Pediatrics of Central Florida PA - KISS - Sick Side,US,,,Not Found,None,N/A
Pediatrics of Central Florida PA - STC,Pediatrics of Central Florida PA - STC,US,,,Not Found,None,N/A
Pediatrics of Central Florida PA - KWC - Well Side,Pediatrics of Central Florida PA - KWC - Well Side,US,,,Not Found,None,N/A
Brevard Digestive Health,Brevard Digestive Health,US,brevarddigestivehealth.com,https://brevarddigestivehealth.com,Found,High,Direct Practice Verification
Green Primary Care,Green Primary Care,US,greenprimarycare.com,https://greenprimarycare.com,Found,High,Direct Practice Verification
Pediatrics of Central Florida PA - LN,Pediatrics of Central Florida PA - LN,US,,,Not Found,None,N/A
Pediatrics of Central Florida PA - DP,Pediatrics of Central Florida PA - DP,US,,,Not Found,None,N/A
"Institute of Metabolism, Endocrine and Diabetes - Wayne",Institute of Metabolism Endocrine and Diabetes - Wayne,US,,,Not Found,None,N/A
"Ramsey, NJ",Ramsey NJ,US,ramseynj.com,https://ramseynj.com,Found,High,Clearbit Autocomplete
Chantilly Family Medicine LLC,Chantilly Family Medicine,US,chantillyfamilymedicine.com,https://chantillyfamilymedicine.com,Found,High,Direct Practice Verification
"Allen Internal Medicine, PLLC",Allen Internal Medicine,US,,,Not Found,None,N/A
Leesburg Sterling Family Practice - LNSD,Leesburg Sterling Family Practice - LNSD,US,,,Not Found,None,N/A
Hampton Roads Center for Dermatology,Hampton Roads Center for Dermatology,US,,,Not Found,None,N/A
Hampton Roads Center for Dermatology - Virginia Beach,Hampton Roads Center for Dermatology - Virginia Beach,US,,,Not Found,None,N/A
Chantilly Family Medicine at Stone,Chantilly Family Medicine at Stone,US,,,Not Found,None,N/A
Elon Health,Elon Health,US,elonhealth.com,https://elonhealth.com,Found,High,Direct Practice Verification
Las Cruces Urgent Care,Las Cruces Urgent Care,US,lascrucesurgentcare.com,https://lascrucesurgentcare.com,Found,High,Direct Practice Verification
Oakton Park Medical Center,Oakton Park Medical Center,US,,,Not Found,None,N/A
Vaccine Clinic - S. Portland (Gorham Road) - Flu & COVID Vaccines,Vaccine Clinic - S Portland - Flu & COVID Vaccines,US,,,Not Found,None,N/A
Austin Pulmonary Consultants South,Austin Pulmonary Consultants South,US,,,Not Found,None,N/A
Uyen Jackie Nguyen MD Inc,Uyen Jackie Nguyen,US,,,Not Found,None,N/A
Lansdale TVPC,Lansdale TVPC,US,,,Not Found,None,N/A
BMRHC Huntsville Urgent Care,BMRHC Huntsville Urgent Care,US,,,Not Found,None,N/A
TeleHealth,TeleHealth,US,telehealth.com,https://telehealth.com,Found,High,Direct Practice Verification
Austell / Cobb Nephrology Hypertension,Austell Cobb Nephrology Hypertension,US,,,Not Found,None,N/A
Internal Medicine Associates,Internal Medicine Associates,US,internalmedicineassociates.com,https://internalmedicineassociates.com,Found,High,Direct Practice Verification
"Dallas / Cobb Nephrology Hypertension Associates, PC",Dallas Cobb Nephrology Hypertension Associates,US,,,Not Found,None,N/A
Gastro Florida - Clearwater Myrtle,Gastro Florida - Clearwater Myrtle,US,,,Not Found,None,N/A
Gastro Florida - Curlew & Tampa Rd.,Gastro Florida - Curlew & Tampa Rd,US,,,Not Found,None,N/A
"Good Health Psychiatric Services, PC",Good Health Psychiatric Services,US,good health psychiatric services p.c,https://good health psychiatric services p.c,Found,High,Valentin Google (US)
GI Specialists - Paulding Office,GI Specialists - Paulding Office,US,,,Not Found,None,N/A
GI Specialists - Vinings/Windy Hill Office,GI Specialists - Vinings Windy Hill Office,US,,,Not Found,None,N/A
Hepzibah Family Medicine Clinic,Hepzibah Family Medicine Clinic,US,,,Not Found,None,N/A
Primary Health Crossroads Family Practice,Primary Health Crossroads Family Practice,US,,,Not Found,None,N/A
Texas Behavioral Health of Sugar Land,Texas Behavioral Health of Sugar Land,US,,,Not Found,None,N/A
DeSoto Family Medical Center,DeSoto Family Medical Center,US,,,Not Found,None,N/A
"Pinnacle Heart And Vascular, Inc.",Pinnacle Heart And Vascular,US,,,Not Found,None,N/A
PRIMALE Health - Wellness & Performance,PRIMALE Health - Wellness & Performance,US,,,Not Found,None,N/A
PMA Orlando,PMA Orlando,US,,,Not Found,None,N/A
PMA Kissimmee,PMA Kissimmee,US,,,Not Found,None,N/A
"Premier Heart Center, PLLC - Alliance Area",Premier Heart Center - Alliance Area,US,,,Not Found,None,N/A
"Premier Heart Center, PLLC - Decatur",Premier Heart Center - Decatur,US,,,Not Found,None,N/A
"Premier Heart Center, PLLC - Grapevine",Premier Heart Center - Grapevine,US,,,Not Found,None,N/A
West Valley Medical Group,West Valley Medical Group,US,westvalleymedgroup.com,https://westvalleymedgroup.com,Found,High,Clearbit Autocomplete
"Premier Heart Center, PLLC - Mansfield",Premier Heart Center - Mansfield,US,,,Not Found,None,N/A
Internal Medicine of Blacksburg,Internal Medicine of Blacksburg,US,,,Not Found,None,N/A
Primary Health Nampa Family Practice,Primary Health Nampa Family Practice,US,,,Not Found,None,N/A
"Chosen Pediatrics Care Par Excellence, PLLC",Chosen Pediatrics Care Par Excellence,US,,,Not Found,None,N/A
Hixson Psychology and Mental Health,Hixson Psychology and Mental Health,US,,,Not Found,None,N/A
El Paso Orthopedic Specialists,El Paso Orthopedic Specialists,US,elpasoorthopedicspecialists.com,https://elpasoorthopedicspecialists.com,Found,High,Direct Practice Verification
Florida Digestive Disease Specialists,Florida Digestive Disease Specialists,US,floridadigestivedisease.com,https://floridadigestivedisease.com,Found,High,Direct Practice Verification
Skyline Neurology Clinic,Skyline Neurology Clinic,US,,,Not Found,None,N/A
Malone-Davis Neurology PLLC,Malone-Davis Neurology,US,,,Not Found,None,N/A
Georgia Center for Women - Midtown,Georgia Center for Women - Midtown,US,,,Not Found,None,N/A
OrthoIllinois - Elgin,OrthoIllinois - Elgin,US,orthoillinois.elgin address,https://orthoillinois.elgin address,Found,High,Valentin Google (US)
Georgia Center for Women - Morrow,Georgia Center for Women - Morrow,US,,,Not Found,None,N/A
Florida Digestive Disease Specialists - Parrish,Florida Digestive Disease Specialists - Parrish,US,,,Not Found,None,N/A
Decatur Office,Decatur Office,US,,,Not Found,None,N/A
Lithonia Office,Lithonia Office,US,,,Not Found,None,N/A
OrthoIllinois - Algonquin,OrthoIllinois - Algonquin,US,,,Not Found,None,N/A
miCare Billings Public Schools Heights,miCare Billings Public Schools Heights,US,,,Not Found,None,N/A
miCare Billings Public Schools Lincoln Center,miCare Billings Public Schools Lincoln Center,US,,,Not Found,None,N/A
miCare EBMS,miCare EBMS,US,,,Not Found,None,N/A
miCare Laurel Public Schools,miCare Laurel Public Schools,US,,,Not Found,None,N/A
Arizona Center for Hand Surgery NW,Arizona Center for Hand Surgery NW,US,,,Not Found,None,N/A
Alliance Pain Management,Alliance Pain Management,US,alliancepainmanagement.com,https://alliancepainmanagement.com,Found,High,Direct Practice Verification
"Arizona Center for Hand Surgery, PC",Arizona Center for Hand Surgery,US,,,Not Found,None,N/A
Barrier Islands Psychiatry,Barrier Islands Psychiatry,US,barrierislandspsychiatry.com,https://barrierislandspsychiatry.com,Found,High,Direct Practice Verification
Arizona Center for Hand to Shoulder Surgery - Bell Road,Arizona Center for Hand to Shoulder Surgery - Bell Road,US,,,Not Found,None,N/A
Arizona Center for Hand to Shoulder Surgery - Top Floor SDL,Arizona Center for Hand to Shoulder Surgery - Top Floor SDL,US,,,Not Found,None,N/A
Arizona Center for Hand Surgery - Mesa Dobson,Arizona Center for Hand Surgery - Mesa Dobson,US,,,Not Found,None,N/A
AssociatesMD Pine Island,AssociatesMD Pine Island,US,,,Not Found,None,N/A
KPCHC - Junction City Medical,KPCHC - Junction City Medical,US,,,Not Found,None,N/A
KPCHC - Chapman Medical,KPCHC - Chapman Medical,US,,,Not Found,None,N/A
GoodLife Medical Center,GoodLife Medical Center,US,goodlifemed.com,https://goodlifemed.com,Found,Medium,Clearbit Autocomplete
AMG White Oak Primary Care,AMG White Oak Primary Care,US,,,Not Found,None,N/A
Chicago ENT - Halsted,Chicago ENT - Halsted,US,,,Not Found,None,N/A
008 Potranco,Potranco,US,potrancosmiles.com,https://potrancosmiles.com,Found,High,Clearbit Autocomplete
Chicago ENT - St Marys,Chicago ENT - St Marys,US,,,Not Found,None,N/A
Tina He MD PC,Tina He,US,tinahealthcare.com,https://tinahealthcare.com,Found,High,Clearbit Autocomplete
Chicago ENT - St Josephs,Chicago ENT - St Josephs,US,,,Not Found,None,N/A
Chicago ENT - Resurrection,Chicago ENT - Resurrection,US,,,Not Found,None,N/A
St. Lucie Medical Specialists - Ft. Pierce,St Lucie Medical Specialists - Ft Pierce,US,,,Not Found,None,N/A
Whitman-Walker Health,Whitman-Walker Health,US,,,Not Found,None,N/A
Allergy & Asthma Clinic of NWA,Allergy & Asthma Clinic of NWA,US,,,Not Found,None,N/A
Sano Lee's Summit,Sano Lees Summit,US,,,Not Found,None,N/A
Sano Overland Park,Sano Overland Park,US,,,Not Found,None,N/A
Ventura Orthopedics - Thousand Oaks,Ventura Orthopedics - Thousand Oaks,US,,,Not Found,None,N/A
Ventura Orthopedics - Simi Valley,Ventura Orthopedics - Simi Valley,US,,,Not Found,None,N/A
TPMG Coastal Endocrinology,TPMG Coastal Endocrinology,US,,,Not Found,None,N/A
Coastal Endocrinology - NN,Coastal Endocrinology - NN,US,,,Not Found,None,N/A
Coastal Endocrinology - Suffolk,Coastal Endocrinology - Suffolk,US,,,Not Found,None,N/A
WHS Family Medicine Waynesburg,WHS Family Medicine Waynesburg,US,,,Not Found,None,N/A
HCA HealthONE Denver International Spine Center,HCA HealthONE Denver International Spine Center,US,,,Not Found,None,N/A
Wurzbach Clinic,Wurzbach Clinic,US,,,Not Found,None,N/A
"Valley ENT, PC - Osborn",Valley ENT - Osborn,US,,,Not Found,None,N/A
Pasadena Primary Care - South Pasadena,Pasadena Primary Care - South Pasadena,US,,,Not Found,None,N/A
Davis Family Medical & Express Care,Davis Family Medical & Express Care,US,,,Not Found,None,N/A
TriStar Medical Group Children's Specialists,TriStar Medical Group Childrens Specialists,US,,,Not Found,None,N/A
Advanced Metabolic Care And Research,Advanced Metabolic Care And Research,US,,,Not Found,None,N/A
Internists Associates,Internists Associates,US,,,Not Found,None,N/A
OBGYN Associates,OBGYN Associates,US,obgynassociates.org,https://obgynassociates.org,Found,High,Clearbit Autocomplete
Wound X Mobile LLC,Wound X Mobile,US,,,Not Found,None,N/A
Huntsville - Dermatology Specialists of Alabama,Huntsville - Dermatology Specialists of Alabama,US,,,Not Found,None,N/A
Guntersville - Dermatology Specialists of Alabama,Guntersville - Dermatology Specialists of Alabama,US,,,Not Found,None,N/A
Oak Hill Family Care - Spring Hill,Oak Hill Family Care - Spring Hill,US,,,Not Found,None,N/A
Hope Clinic Alief,Hope Clinic Alief,US,,,Not Found,None,N/A
"Primary Healthcare, PLLC - Murray",Primary Healthcare - Murray,US,,,Not Found,None,N/A
East Bay Dermatology - Fremont,East Bay Dermatology - Fremont,US,,,Not Found,None,N/A
East Bay Dermatology - Milpitas,East Bay Dermatology - Milpitas,US,,,Not Found,None,N/A
Wellspire Humble,Wellspire Humble,US,,,Not Found,None,N/A
Largo Surgical Specialists,Largo Surgical Specialists,US,,,Not Found,None,N/A
Whasn Essential Las Vegas,Whasn Essential Las Vegas,US,,,Not Found,None,N/A
"Thomas O'Connor MD, PA",Thomas OConnor PA,US,,,Not Found,None,N/A
McCrimmon Primary Care - Morrisville,McCrimmon Primary Care - Morrisville,US,,,Not Found,None,N/A
Hand to Shoulder Center of Wisconsin,Hand to Shoulder Center of Wisconsin,US,hand to shoulder center of wisconsin thomas j. france m.d. photos,https://hand to shoulder center of wisconsin thomas j. france m.d. photos,Found,High,Valentin Google (US)
McCrimmon Primary Care - West Cary,McCrimmon Primary Care - West Cary,US,,,Not Found,None,N/A
Texas Bone and Joint - Keller,Texas Bone and Joint - Keller,US,,,Not Found,None,N/A
Talkiatry Illinois,Talkiatry Illinois,US,,,Not Found,None,N/A
GBAY Hand to Shoulder Center of Wisconsin,GBAY Hand to Shoulder Center of Wisconsin,US,,,Not Found,None,N/A
Loudoun Internal Med Assoc - LNSD,Loudoun Internal Med Assoc - LNSD,US,,,Not Found,None,N/A
Loudoun Internal Med Assoc - Stone Springs,Loudoun Internal Med Assoc - Stone Springs,US,,,Not Found,None,N/A
Corpus Christi Heart Clinic,Corpus Christi Heart Clinic,US,corpuschristiheartclinic.com,https://corpuschristiheartclinic.com,Found,High,Direct Practice Verification
Donnasana OBGYN,Donnasana OBGYN,US,donnasanaobgyn.com,https://donnasanaobgyn.com,Found,High,Direct Practice Verification
Whasn Central,Whasn Central,US,whasncentral.com,https://whasncentral.com,Found,High,Direct Practice Verification
WellMed at Land O Lakes,WellMed at Land O Lakes,US,,,Not Found,None,N/A
Associates of ENT Surgery - Flower Mound,Associates of ENT Surgery - Flower Mound,US,,,Not Found,None,N/A
Associates of ENT Surgery - Lewisville,Associates of ENT Surgery - Lewisville,US,,,Not Found,None,N/A
Citrus Orthopedic Associates,Citrus Orthopedic Associates,US,,,Not Found,None,N/A
Whasn Northwest,Whasn Northwest,US,,,Not Found,None,N/A
TMP - Florida Advanced Spine and Orthopedics,TMP - Florida Advanced Spine and Orthopedics,US,,,Not Found,None,N/A
Odessa - Florida Advanced Spine and Orthopedics,Odessa - Florida Advanced Spine and Orthopedics,US,,,Not Found,None,N/A
Florida Advanced Spine & Ortho - Tarpon Springs,Florida Advanced Spine & Ortho - Tarpon Springs,US,,,Not Found,None,N/A
Austin Pulmonary Consultants - Cedar Park,Austin Pulmonary Consultants - Cedar Park,US,,,Not Found,None,N/A
Austin Pulmonary Consultants - South,Austin Pulmonary Consultants - South,US,,,Not Found,None,N/A
Austin Pulmonary Consultants - North,Austin Pulmonary Consultants - North,US,,,Not Found,None,N/A
Ambler Primary Care - Lower Gwynedd,Ambler Primary Care - Lower Gwynedd,US,,,Not Found,None,N/A
Talkiatry Main Street,Talkiatry Main Street,US,,,Not Found,None,N/A
Sleep Physicians of South Jersey - Mt Laurel,Sleep Physicians of South Jersey - Mt Laurel,US,,,Not Found,None,N/A
Bella Dermatology,Bella Dermatology,US,belladermatology.com,https://belladermatology.com,Found,High,Direct Practice Verification
Zion Urgent Care,Zion Urgent Care,US,zionurgentcare.com,https://zionurgentcare.com,Found,High,Direct Practice Verification
Sudhir Rao Allergist - Toledo Clinic Main Campus,Sudhir Rao Allergist - Toledo Clinic Main Campus,US,,,Not Found,None,N/A
Clear Lake Medical Group,Clear Lake Medical Group,US,clear lake medical group dr. brown,https://clear lake medical group dr. brown,Found,High,Valentin Google (US)
Sudhir Rao Allergist - Central Avenue Sylvania,Sudhir Rao Allergist - Central Avenue Sylvania,US,,,Not Found,None,N/A
75 Washington A28,Washington A28,US,,,Not Found,None,N/A
Primary Care Plus - N Broad,Primary Care Plus - N Broad,US,,,Not Found,None,N/A
Associates in Womens Health,Associates in Womens Health,US,,,Not Found,None,N/A
Open Door Saugerties,Open Door Saugerties,US,,,Not Found,None,N/A
Texoma ENT dba HNSA,Texoma ENT dba HNSA,US,,,Not Found,None,N/A
Clayton Office,Clayton Office,US,claytonoffice.com,https://claytonoffice.com,Found,High,Direct Practice Verification
Americas Family Doctors - Spring Hill,Americas Family Doctors - Spring Hill,US,,,Not Found,None,N/A
"Tequila's Whole Health, LLC",Tequilas Whole Health,US,tequilaswholehealth.com,https://tequilaswholehealth.com,Found,High,Direct Practice Verification
Pediatric Associates - West Kendall,Pediatric Associates - West Kendall,US,,,Not Found,None,N/A
MD Progressive Care PLLC,Progressive Care,US,progressivecare.com,https://progressivecare.com,Found,High,Direct Practice Verification
WHS Washington Pediatrics,WHS Washington Pediatrics,US,,,Not Found,None,N/A
Gainesville Office,Gainesville Office,US,,,Not Found,None,N/A
Obstetrics and Gynecology of Indiana - Westfield,Obstetrics and Gynecology of Indiana - Westfield,US,,,Not Found,None,N/A
Obstetrics and Gynecology of Indiana - Carmel,Obstetrics and Gynecology of Indiana - Carmel,US,,,Not Found,None,N/A
Obstetrics and Gynecology of Indiana - Noblesville,Obstetrics and Gynecology of Indiana - Noblesville,US,,,Not Found,None,N/A
Complete Local Specialty Care - Hallandale,Complete Local Specialty Care - Hallandale,US,,,Not Found,None,N/A
Tatyana Ponti MD,Tatyana Ponti,US,,,Not Found,None,N/A
Orlando Family Medical D,Orlando Family Medical D,US,,,Not Found,None,N/A
Ashburn Sterling Internal Med and Peds,Ashburn Sterling Internal Med and Peds,US,,,Not Found,None,N/A
Renaissance Women's Group,Renaissance Womens Group,US,,,Not Found,None,N/A
Bryn Mawr Women's Health - Newtown Square,Bryn Mawr Womens Health - Newtown Square,US,,,Not Found,None,N/A
Female Urology of Nashville,Female Urology of Nashville,US,femaleurologyofnashville.org,https://femaleurologyofnashville.org,Found,High,Direct Practice Verification
Bryn Mawr Women's Health - King of Prussia,Bryn Mawr Womens Health - King of Prussia,US,,,Not Found,None,N/A
Bryn Mawr Women's Health - Rosemont,Bryn Mawr Womens Health - Rosemont,US,,,Not Found,None,N/A
Prime Care Family Practice,Prime Care Family Practice,US,primecarefamilypractice.com,https://primecarefamilypractice.com,Found,High,Direct Practice Verification
Women's Healthcare Specialists - King of Prussia,Womens Healthcare Specialists - King of Prussia,US,,,Not Found,None,N/A
Women's Healthcare Specialists - Bryn Mawr,Womens Healthcare Specialists - Bryn Mawr,US,,,Not Found,None,N/A
Female Urology of Nashville - Franklin,Female Urology of Nashville - Franklin,US,,,Not Found,None,N/A
Essen Health Care 1539,Essen Health Care 1539,US,essenhealthcare.com,https://essenhealthcare.com,Found,High,Clearbit Autocomplete
CVFM - Parkway,CVFM - Parkway,US,,,Not Found,None,N/A
Essen Health Care 2445,Essen Health Care 2445,US,essenhealthcare.com,https://essenhealthcare.com,Found,High,Clearbit Autocomplete
Internal Medicine Specialists,Internal Medicine Specialists,US,internalmedicinespecialists.com,https://internalmedicinespecialists.com,Found,High,Direct Practice Verification
Medcare Plus,Medcare Plus,US,medcareplusny.com,https://medcareplusny.com,Found,High,Clearbit Autocomplete
Whasn Summerlin,Whasn Summerlin,US,,,Not Found,None,N/A
Dr Rogers Redland,Rogers Redland,US,,,Not Found,None,N/A
"Belleville, NJ",Belleville NJ,US,bellevillenj.com,https://bellevillenj.com,Found,High,Direct Practice Verification
AccelHealth Brownwood,AccelHealth Brownwood,US,,,Not Found,None,N/A
Whasn Southwest,Whasn Southwest,US,whasnsouthwest.com,https://whasnsouthwest.com,Found,High,Direct Practice Verification
Primary Care Clear Lake 405,Primary Care Clear Lake 405,US,,,Not Found,None,N/A
WellMed at Redbird Square,WellMed at Redbird Square,US,,,Not Found,None,N/A
"Kearny, NJ",Kearny NJ,US,kearnynj.org,https://kearnynj.org,Found,High,Direct Practice Verification
Woodbury Pediatrics - Elmer,Woodbury Pediatrics - Elmer,US,,,Not Found,None,N/A
Woodbury Pediatrics - Wenonah,Woodbury Pediatrics - Wenonah,US,,,Not Found,None,N/A
IHC Bendix Community Health Center,IHC Bendix Community Health Center,US,,,Not Found,None,N/A
IHC Michigan Street,IHC Michigan Street,US,,,Not Found,None,N/A
Rea Clinic - DuQuoin Facility,Rea Clinic - DuQuoin Facility,US,,,Not Found,None,N/A
Willow Women's Health,Willow Womens Health,US,willowwomenshealth.com,https://willowwomenshealth.com,Found,High,Clearbit Autocomplete
Community Wellness Clinic,Community Wellness Clinic,US,communitywellnessclinic.com,https://communitywellnessclinic.com,Found,High,Direct Practice Verification
CHN Crown Heights,CHN Crown Heights,US,,,Not Found,None,N/A
Highlands Medical Specialists - Orthopedics,Highlands Medical Specialists - Orthopedics,US,,,Not Found,None,N/A
Princeton Cardiometabolic Health - Pennington,Princeton Cardiometabolic Health - Pennington,US,,,Not Found,None,N/A
CHCJC Annex,CHCJC Annex,US,,,Not Found,None,N/A
Tri Area Health Clinic at Ferrum,Tri Area Health Clinic at Ferrum,US,,,Not Found,None,N/A
Snellville Office,Snellville Office,US,,,Not Found,None,N/A
Metro Medical Associates - Cumming,Metro Medical Associates - Cumming,US,,,Not Found,None,N/A
Metro Medical Associates LLC - Alpharetta,Metro Medical Associates - Alpharetta,US,,,Not Found,None,N/A
SKG Heart Center - Sugar Land,SKG Heart Center - Sugar Land,US,,,Not Found,None,N/A
"Southampton, NJ",Southampton NJ,US,southamptonnj.com,https://southamptonnj.com,Found,High,Direct Practice Verification
"Williamstown, NJ",Williamstown NJ,US,williamstownnj.com,https://williamstownnj.com,Found,High,Direct Practice Verification
SKG Heart Center - Houston,SKG Heart Center - Houston,US,,,Not Found,None,N/A
GI Specialists - Kennestone Office,GI Specialists - Kennestone Office,US,,,Not Found,None,N/A
Svetlana Pyatigorskaya NP in Family Health PC,Svetlana Pyatigorskaya in Family Health,US,,,Not Found,None,N/A
Canton Primary Care,Canton Primary Care,US,,,Not Found,None,N/A
Rea Clinic,Rea Clinic,US,reaclinic.ru,https://reaclinic.ru,Found,High,Clearbit Autocomplete
HCA HealthONE Metropolitan OBGYN,HCA HealthONE Metropolitan OBGYN,US,,,Not Found,None,N/A
HCA HealthONE Metropolitan OBGYN - West Highlands,HCA HealthONE Metropolitan OBGYN - West Highlands,US,,,Not Found,None,N/A
Integrative Primary Care and Mental Health Clinic,Integrative Primary Care and Mental Health Clinic,US,,,Not Found,None,N/A
Insight Surgical Hospital - Warren Pain,Insight Surgical Hospital - Warren Pain,US,,,Not Found,None,N/A
Insight Surgical Hospital - Dearborn Pain,Insight Surgical Hospital - Dearborn Pain,US,,,Not Found,None,N/A
Insight Surgical Hospital - Flint Pain Management,Insight Surgical Hospital - Flint Pain Management,US,,,Not Found,None,N/A
Jersey Heights Pediatrics - Jersey City,Jersey Heights Pediatrics - Jersey City,US,,,Not Found,None,N/A
Center for Colorectal Disease of Arizona - Reems Rd,Center for Colorectal Disease of Arizona - Reems Rd,US,,,Not Found,None,N/A
Community Care Diagnostic Clinic,Community Care Diagnostic Clinic,US,communitycarediagnosticclinic.com,https://communitycarediagnosticclinic.com,Found,High,Direct Practice Verification
Ashburn Pediatrics,Ashburn Pediatrics,US,ashburnpediatrics.com,https://ashburnpediatrics.com,Found,High,Direct Practice Verification
"Prime Medic, P.A. (CL)",Prime Medic P A,US,,,Not Found,None,N/A
XPEDITED CARE LLC,XPEDITED CARE,US,xpeditedcare.com,https://xpeditedcare.com,Found,High,Direct Practice Verification
"Prime Medic, P.A. (KW)",Prime Medic P A,US,,,Not Found,None,N/A
Oquirrhview Clinic Medical,Oquirrhview Clinic Medical,US,,,Not Found,None,N/A
V J DiLella DO LLC,V J DiLella,US,,,Not Found,None,N/A
Athens Office,Athens Office,US,athensoffice.com,https://athensoffice.com,Found,High,Direct Practice Verification
Commerce Office,Commerce Office,US,commerceoffice.com,https://commerceoffice.com,Found,High,Direct Practice Verification
Remedy Pain and Spine Clinic PLLC - Tele,Remedy Pain and Spine Clinic - Tele,US,,,Not Found,None,N/A
Remedy Pain and Spine Clinic PLLC,Remedy Pain and Spine Clinic,US,,,Not Found,None,N/A
Family HealthCare Network - Tulare Peds,Family HealthCare Network - Tulare Peds,US,,,Not Found,None,N/A
Medical Specialists Associated,Medical Specialists Associated,US,,,Not Found,None,N/A
Lawrenceville Office,Lawrenceville Office,US,,,Not Found,None,N/A
Watkinsville Office,Watkinsville Office,US,,,Not Found,None,N/A
Ace Pain Management Rehab & Physical Therapy PLLC,Ace Pain Management Rehab & Physical Therapy,US,,,Not Found,None,N/A
Raphamed Primary Care,Raphamed Primary Care,US,raphamedprimarycare.com,https://raphamedprimarycare.com,Found,High,Direct Practice Verification
1 Ace Pain Management Rehab & Physical Therapy PLLC,1 Ace Pain Management Rehab & Physical Therapy,US,,,Not Found,None,N/A
Edison Pediatrics & Adult Medicine - Edison,Edison Pediatrics & Adult Medicine - Edison,US,,,Not Found,None,N/A
KMC Northside Family Care PC,KMC Northside Family Care,US,,,Not Found,None,N/A
Aurora Denver Cardio Associates - Aurora - Viswanathan,Aurora Denver Cardio Associates - Aurora - Viswanathan,US,,,Not Found,None,N/A
Tampa Institute of Endocrinology Diabetes Health & Hormones,Tampa Institute of Endocrinology Diabetes Health & Hormones,US,,,Not Found,None,N/A
"Newton, NJ",Newton NJ,US,newtonnj.com,https://newtonnj.com,Found,High,Direct Practice Verification
Talkiatry Texas,Talkiatry Texas,US,,,Not Found,None,N/A
Advanced Surgical Associates - Gilbert,Advanced Surgical Associates - Gilbert,US,,,Not Found,None,N/A
FL033 Lake Nona,Lake Nona,US,lakenonaperformanceclub.com,https://lakenonaperformanceclub.com,Found,High,Clearbit Autocomplete
Southern Endocrinology Associates PA,Southern Endocrinology Associates PA,US,,,Not Found,None,N/A
Southern Endocrinology - Plano,Southern Endocrinology - Plano,US,,,Not Found,None,N/A
North Dallas Primary Care Doctors,North Dallas Primary Care Doctors,US,northdallasprimarycaredoctors.com,https://northdallasprimarycaredoctors.com,Found,High,Direct Practice Verification
Singh Arthritis & Rheumatology Clinic PLLC,Singh Arthritis & Rheumatology Clinic,US,,,Not Found,None,N/A
New England Urogynecology,New England Urogynecology,US,,,Not Found,None,N/A
Talkiatry Florida,Talkiatry Florida,US,,,Not Found,None,N/A
FL033 Oakwater Downtown,Oakwater Downtown,US,,,Not Found,None,N/A
Lone Star Family Practice PA,Lone Star Family Practice PA,US,,,Not Found,None,N/A
Womens Specialists of Bayshore,Womens Specialists of Bayshore,US,,,Not Found,None,N/A
Ages 0-18 - MVMG Pediatrics,Ages 0-18 - MVMG Pediatrics,US,,,Not Found,None,N/A
The Healthcare Gallery,The Healthcare Gallery,US,,,Not Found,None,N/A
Dr. Nemr Office - Staten Island,Nemr Office - Staten Island,US,,,Not Found,None,N/A
South Tulsa,South Tulsa,US,southtulsa.com,https://southtulsa.com,Found,High,Direct Practice Verification
Aggieland Urgent Care,Aggieland Urgent Care,US,,,Not Found,None,N/A
Tanglewood Palm Primary Care,Tanglewood Palm Primary Care,US,,,Not Found,None,N/A
Penguin Pediatrics PLLC - Stone Ridge,Penguin Pediatrics - Stone Ridge,US,,,Not Found,None,N/A
Gainesville Primary Care,Gainesville Primary Care,US,,,Not Found,None,N/A
Windermere Medical at Habersham,Windermere Medical at Habersham,US,,,Not Found,None,N/A
Gulf Coast Medical Center - Hudson,Gulf Coast Medical Center - Hudson,US,,,Not Found,None,N/A
Albion Community Health Center,Albion Community Health Center,US,,,Not Found,None,N/A
043 Encino Park,Encino Park,US,encinoparkvet.com,https://encinoparkvet.com,Found,High,Clearbit Autocomplete
Fairfield Community Health Center,Fairfield Community Health Center,US,,,Not Found,None,N/A
Miami-Dade Surgical Specialists - Mercy,Miami-Dade Surgical Specialists - Mercy,US,,,Not Found,None,N/A
1011 Clifton Ave,Clifton Ave,US,,,Not Found,None,N/A
Atlanta Allergy and Asthma - Athens,Atlanta Allergy and Asthma - Athens,US,,,Not Found,None,N/A
North Jersey Gastro,North Jersey Gastro,US,,,Not Found,None,N/A
Savannah Office,Savannah Office,US,,,Not Found,None,N/A
Richmond Hill Office,Richmond Hill Office,US,,,Not Found,None,N/A
Greenwich ENT - Suite 103,Greenwich ENT - Suite 103,US,,,Not Found,None,N/A
Greenwich ENT - Stamford,Greenwich ENT - Stamford,US,,,Not Found,None,N/A
Greenwich ENT - Suite 205,Greenwich ENT - Suite 205,US,,,Not Found,None,N/A
290 Madison Ave,Madison Ave,US,madisonave.com,https://madisonave.com,Found,High,Direct Practice Verification
TexomaCare Specialty Orthopedic and Spine,TexomaCare Specialty Orthopedic and Spine,US,,,Not Found,None,N/A
Florida Center for Gastroenterology,Florida Center for Gastroenterology,US,,,Not Found,None,N/A
MultiSpecialty Health Group,MultiSpecialty Health Group,US,multispecialtyhealthgroup.com,https://multispecialtyhealthgroup.com,Found,High,Direct Practice Verification
The Frist Clinic - Centennial,The Frist Clinic - Centennial,US,,,Not Found,None,N/A
Core Primary Care Partners LLC - Oklahoma City,Core Primary Care Partners - Oklahoma City,US,,,Not Found,None,N/A
Sisselman Medical Group - Massapequa,Sisselman Medical Group - Massapequa,US,,,Not Found,None,N/A
Sisselman Medical Group - Commack,Sisselman Medical Group - Commack,US,,,Not Found,None,N/A
Ormond Family Medical Center,Ormond Family Medical Center,US,ormondfamilymedicalcenter.com,https://ormondfamilymedicalcenter.com,Found,High,Direct Practice Verification
HCA HealthONE Colorado Neurosurgery Associates,HCA HealthONE Colorado Neurosurgery Associates,US,,,Not Found,None,N/A
SkinPros - Providence,SkinPros - Providence,US,,,Not Found,None,N/A
SkinPros - Newport,SkinPros - Newport,US,,,Not Found,None,N/A
Crestview Hills - The Dermatology Group,Crestview Hills - The Dermatology Group,US,,,Not Found,None,N/A
Primary Care Plus - Napoleon,Primary Care Plus - Napoleon,US,,,Not Found,None,N/A
Talkiatry North Carolina,Talkiatry North Carolina,US,,,Not Found,None,N/A
AstranaCare St. Rose,AstranaCare St Rose,US,,,Not Found,None,N/A
DMSI Bloomington,DMSI Bloomington,US,,,Not Found,None,N/A
DMSI Canton,DMSI Canton,US,,,Not Found,None,N/A
Healthful Healthcare PLLC,Healthful Healthcare,US,healthfulhealthcare.com,https://healthfulhealthcare.com,Found,High,Direct Practice Verification
FL001 Galloway,Galloway,US,galloway.com,https://galloway.com,Found,High,Direct Practice Verification
DMSI Peoria,DMSI Peoria,US,,,Not Found,None,N/A
White Rock ENT,White Rock ENT,US,whiterockentertainment.com,https://whiterockentertainment.com,Found,High,Clearbit Autocomplete
Happy Health and Wellness of Dallas,Happy Health and Wellness of Dallas,US,,,Not Found,None,N/A
Pediatric Associates - Sunrise,Pediatric Associates - Sunrise,US,,,Not Found,None,N/A
RBJ Health Center,RBJ Health Center,US,,,Not Found,None,N/A
Pediatric Gastroenterology Associates of Houston,Pediatric Gastroenterology Associates of Houston,US,,,Not Found,None,N/A
MountainStar Medical Group - Brigham City,MountainStar Medical Group - Brigham City,US,,,Not Found,None,N/A
MLM Telemedicine,MLM Telemedicine,US,,,Not Found,None,N/A
"McKinney Community Health Center, Inc",McKinney Community Health Center,US,,,Not Found,None,N/A
MCHC - Alma Medical,MCHC - Alma Medical,US,,,Not Found,None,N/A
South Jersey Gastroenterology - Marlton,South Jersey Gastroenterology - Marlton,US,,,Not Found,None,N/A
South Jersey Gastroenterology - Haddonfield,South Jersey Gastroenterology - Haddonfield,US,,,Not Found,None,N/A
South Jersey Gastroenterology - Hainesport,South Jersey Gastroenterology - Hainesport,US,,,Not Found,None,N/A
TEXOMACARE OBGYN,TEXOMACARE OBGYN,US,,,Not Found,None,N/A
The Austin Diagnostic Clinic - North,The Austin Diagnostic Clinic - North,US,,,Not Found,None,N/A
Texas Multi-Specialty Group - Huffmeister,Texas Multi-Specialty Group - Huffmeister,US,,,Not Found,None,N/A
Texas Multi-Specialty Group - Dotson,Texas Multi-Specialty Group - Dotson,US,,,Not Found,None,N/A
Texas Multi-Specialty Group - Methodist Cypress,Texas Multi-Specialty Group - Methodist Cypress,US,,,Not Found,None,N/A
Texoma Heart Group - Denison,Texoma Heart Group - Denison,US,,,Not Found,None,N/A
Texoma Heart Group - Durant,Texoma Heart Group - Durant,US,,,Not Found,None,N/A
TEXOMACARE Madill Clinic,TEXOMACARE Madill Clinic,US,,,Not Found,None,N/A
The Maxwell Group,The Maxwell Group,US,themaxwellgroup.com,https://themaxwellgroup.com,Found,High,Direct Practice Verification
TEXOMACARE Bonham Clinic,TEXOMACARE Bonham Clinic,US,,,Not Found,None,N/A
Srinivas C Kota MD SC,Srinivas C Kota,US,,,Not Found,None,N/A
Gastro Associates - Fort Myers Office,Gastro Associates - Fort Myers Office,US,,,Not Found,None,N/A
Garden State Physicians - Princeton,Garden State Physicians - Princeton,US,,,Not Found,None,N/A
Med Spa of Trinity,Med Spa of Trinity,US,medspaoftrinity.com,https://medspaoftrinity.com,Found,High,Direct Practice Verification
Garden State Physicians - Edison,Garden State Physicians - Edison,US,,,Not Found,None,N/A
Braselton Office,Braselton Office,US,,,Not Found,None,N/A
Gonnalagadda Frisco,Gonnalagadda Frisco,US,,,Not Found,None,N/A
Southern Endocrinology - Rowlett,Southern Endocrinology - Rowlett,US,,,Not Found,None,N/A
Southern Endocrinology - Greenville,Southern Endocrinology - Greenville,US,,,Not Found,None,N/A
Prosper - Little Stars Pediatrics,Prosper - Little Stars Pediatrics,US,,,Not Found,None,N/A
"Sophia Rahman, MD",Sophia Rahman,US,sophiarahman.com,https://sophiarahman.com,Found,High,Direct Practice Verification
"Dr. Sonya Lee, MD",Sonya Lee,US,sonyalee.com,https://sonyalee.com,Found,High,Direct Practice Verification
Norwell Office of South Shore,Norwell Office of South Shore,US,,,Not Found,None,N/A
Plymouth Office of South Shore,Plymouth Office of South Shore,US,,,Not Found,None,N/A
Talkiatry Arizona,Talkiatry Arizona,US,,,Not Found,None,N/A
Endocrinology Clinic at CLS - Webster Office,Endocrinology Clinic at CLS - Webster Office,US,,,Not Found,None,N/A
FL011 Bayshore,Bayshore,US,bayshore.net,https://bayshore.net,Found,High,Direct Practice Verification
FL032 Lake Worth,Lake Worth,US,lakeworth.com,https://lakeworth.com,Found,High,Direct Practice Verification
Paramount Telehealth Clinic,Paramount Telehealth Clinic,US,,,Not Found,None,N/A
Katy Women's Pelvic Health,Katy Womens Pelvic Health,US,,,Not Found,None,N/A
GGO DeLand Office,GGO DeLand Office,US,,,Not Found,None,N/A
ENT Southlake,ENT Southlake,US,entsouthlake.com,https://entsouthlake.com,Found,High,Direct Practice Verification
GGO Daytona Office,GGO Daytona Office,US,,,Not Found,None,N/A
Resolve ENT,Resolve ENT,US,resolveent.com,https://resolveent.com,Found,High,Direct Practice Verification
FL032 East Boynton,East Boynton,US,,,Not Found,None,N/A
LunaJoy Psychiatry,LunaJoy Psychiatry,US,lunajoypsychiatry.com,https://lunajoypsychiatry.com,Found,High,Direct Practice Verification
Texas Bone and Joint - Arlington,Texas Bone and Joint - Arlington,US,,,Not Found,None,N/A
"Simon Wu MD, Ltd.",Simon Wu,US,simonwu.com,https://simonwu.com,Found,High,Direct Practice Verification
Pediatric Associates - Aventura,Pediatric Associates - Aventura,US,,,Not Found,None,N/A
Woodbridge Internal Medicine PC,Woodbridge Internal Medicine,US,woodbridgeinternalmedicine.com,https://woodbridgeinternalmedicine.com,Found,High,Direct Practice Verification
"Valley ENT, PC - Mesa",Valley ENT - Mesa,US,,,Not Found,None,N/A
Caring Doctors Medical Center,Caring Doctors Medical Center,US,,,Not Found,None,N/A
GH29 West Palm Beach,West Palm Beach,US,westpalmbeach.com,https://westpalmbeach.com,Found,High,Direct Practice Verification
GDP Snellville,GDP Snellville,US,,,Not Found,None,N/A
GDP Brookhaven,GDP Brookhaven,US,,,Not Found,None,N/A
Hillcroft Medical Clinic,Hillcroft Medical Clinic,US,,,Not Found,None,N/A
HealthPoint Hempstead,HealthPoint Hempstead,US,,,Not Found,None,N/A
GH29 Palm Beach Gardens,Palm Beach Gardens,US,palmbeachgardenslimo.com,https://palmbeachgardenslimo.com,Found,High,Clearbit Autocomplete
"Siddhartha Rath, MD PA (North Hills)",Siddhartha Rath PA,US,,,Not Found,None,N/A
Medical City Children's Ortho & Spine Specialists - Dallas,Medical City Childrens Ortho & Spine Specialists - Dallas,US,,,Not Found,None,N/A
Neurocenter AZ,Neurocenter AZ,US,,,Not Found,None,N/A
Paris Care Clinic,Paris Care Clinic,US,pariscare.com,https://pariscare.com,Found,High,Direct Practice Verification
Family Practice Associates of Southern Hills,Family Practice Associates of Southern Hills,US,,,Not Found,None,N/A
"Chesapeake Foot and Ankle Institute, PLLC",Chesapeake Foot and Ankle Institute,US,,,Not Found,None,N/A
Tyler Care Clinic - Troup Hwy,Tyler Care Clinic - Troup Hwy,US,,,Not Found,None,N/A
Tyler Care Clinic - Midtown,Tyler Care Clinic - Midtown,US,,,Not Found,None,N/A
Texarkana Care Clinic - Main St,Texarkana Care Clinic - Main St,US,,,Not Found,None,N/A
Denver West,Denver West,US,denverwest.org,https://denverwest.org,Found,High,Direct Practice Verification
Bay Area Advanced OBGYN,Bay Area Advanced OBGYN,US,,,Not Found,None,N/A
Central,Central,US,central.com,https://central.com,Found,High,Direct Practice Verification
Geneva Primary Care & Med Spa,Geneva Primary Care & Med Spa,US,,,Not Found,None,N/A
Arvada,Arvada,US,arvada.com,https://arvada.com,Found,High,Direct Practice Verification
North,North,US,north.net,https://north.net,Found,High,Direct Practice Verification
Boulder,Boulder,US,bouldercolorado.gov,https://bouldercolorado.gov,Found,High,Clearbit Autocomplete
Axis Healthcare - Bixby,Axis Healthcare - Bixby,US,,,Not Found,None,N/A
Shield Medical Group PLLC,Shield Medical Group,US,shieldmedicalgroup.com,https://shieldmedicalgroup.com,Found,High,Direct Practice Verification
West Atlanta Primary Care,West Atlanta Primary Care,US,,,Not Found,None,N/A
Gastro Specialists of DeKalb,Gastro Specialists of DeKalb,US,,,Not Found,None,N/A
Shield Medical Group - Lake Wales,Shield Medical Group - Lake Wales,US,,,Not Found,None,N/A
Voyage Healthcare - Maple Grove,Voyage Healthcare - Maple Grove,US,,,Not Found,None,N/A
Voyage Healthcare - Plymouth,Voyage Healthcare - Plymouth,US,,,Not Found,None,N/A
Voyage Healthcare - Crystal,Voyage Healthcare - Crystal,US,,,Not Found,None,N/A
Academy Primary Care,Academy Primary Care,US,academyprimarycare.com,https://academyprimarycare.com,Found,High,Direct Practice Verification
Streetsboro Primary Care,Streetsboro Primary Care,US,,,Not Found,None,N/A
"Valley ENT, PC - 101 and Shea",Valley ENT - 101 and Shea,US,,,Not Found,None,N/A
Metro Atlanta Urology and Pelvic Health Center,Metro Atlanta Urology and Pelvic Health Center,US,,,Not Found,None,N/A
Shelly Xiaoping Shi MD,Shelly Xiaoping Shi,US,,,Not Found,None,N/A
Midlothian Powhatan,Midlothian Powhatan,US,,,Not Found,None,N/A
Endocrinology Clear Lake,Endocrinology Clear Lake,US,,,Not Found,None,N/A
CG Sun Life Pediatric Dentistry,CG Sun Life Pediatric Dentistry,US,,,Not Found,None,N/A
AstranaCare Sun City,AstranaCare Sun City,US,,,Not Found,None,N/A
Bald Ridge Family Practice LLC,Bald Ridge Family Practice,US,baldridgefamilypractice.com,https://baldridgefamilypractice.com,Found,High,Direct Practice Verification
Atlanta Institute of Endocrinology Diabetes Health and Hormones Inc,Atlanta Institute of Endocrinology Diabetes Health and Hormones,US,,,Not Found,None,N/A
BWell Clinic - Plano,BWell Clinic - Plano,US,,,Not Found,None,N/A
Apollo Family Health Inc,Apollo Family Health,US,,,Not Found,None,N/A
Talkiatry Pennsylvania,Talkiatry Pennsylvania,US,,,Not Found,None,N/A
Care Choice Family Clinic PLLC,Care Choice Family Clinic,US,,,Not Found,None,N/A
Bald Ridge Family Practice - Lawrenceville,Bald Ridge Family Practice - Lawrenceville,US,,,Not Found,None,N/A
Bethany Clinic PC,Bethany Clinic,US,bethanyclinic.com,https://bethanyclinic.com,Found,High,Direct Practice Verification
Trokhan Orthopaedics LLC,Trokhan Orthopaedics,US,,,Not Found,None,N/A
Wellspire Humble at Northeast Hospital,Wellspire Humble at Northeast Hospital,US,,,Not Found,None,N/A
AMG Fort Washington Orthopedic Surgery,AMG Fort Washington Orthopedic Surgery,US,,,Not Found,None,N/A
HUNTINGTON PLAZA PEDIATRICS,HUNTINGTON PLAZA PEDIATRICS,US,huntingtonplazapediatrics.com,https://huntingtonplazapediatrics.com,Found,High,Direct Practice Verification
NPS Healthcare: Orlando,NPS Healthcare Orlando,US,,,Not Found,None,N/A
Cal Retina MD Ophthalmic Consultants,Cal Retina Ophthalmic Consultants,US,,,Not Found,None,N/A
NY Tele-Med,NY Tele-Med,US,,,Not Found,None,N/A
Davie 2,Davie 2,US,,,Not Found,None,N/A
Primary Medical Physicians - Davie,Primary Medical Physicians - Davie,US,,,Not Found,None,N/A
CCI Open Access Services,CCI Open Access Services,US,,,Not Found,None,N/A
Takoma Park Health Center,Takoma Park Health Center,US,,,Not Found,None,N/A
Dallas North Office of Rheumatology Associates,Dallas North Office of Rheumatology Associates,US,,,Not Found,None,N/A
Irving Office of Rheumatology Assoc,Irving Office of Rheumatology Assoc,US,,,Not Found,None,N/A
Kyle Campus,Kyle Campus,US,,,Not Found,None,N/A
Lefferts Medical Assoc Glen,Lefferts Medical Assoc Glen,US,,,Not Found,None,N/A
ENT VANGUARD AB,ENT VANGUARD AB,US,,,Not Found,None,N/A
"Serenity Healthcare, LLC.",Serenity Healthcare,US,serenityhealthcare.com,https://serenityhealthcare.com,Found,High,Direct Practice Verification
NORTH SHORE PRIMARY CARE,NORTH SHORE PRIMARY CARE,US,northshoreprimarycare.com,https://northshoreprimarycare.com,Found,High,Direct Practice Verification
Family Medical Center,Family Medical Center,US,familymedicalcenter.net,https://familymedicalcenter.net,Found,High,Direct Practice Verification
Moore Family Clinics Pllc,Moore Family Clinics,US,,,Not Found,None,N/A
"Virtually There Telemedicine, Llc",Virtually There Telemedicine,US,,,Not Found,None,N/A
The ENT & Allergy Centers of Texas - McKinney Office,The ENT & Allergy Centers of Texas - McKinney Office,US,,,Not Found,None,N/A
The ENT and Allergy Centers of Texas - Frisco,The ENT and Allergy Centers of Texas - Frisco,US,,,Not Found,None,N/A
ALI ENDOCRINOLOGY PC- WARREN,ALI ENDOCRINOLOGY - WARREN,US,,,Not Found,None,N/A
Optum-New Port Richey,Optum-New Port Richey,US,,,Not Found,None,N/A
Capital Primary Care- Southwood,Capital Primary Care- Southwood,US,,,Not Found,None,N/A
Buckhead Atlanta Allergy And Asthma,Buckhead Atlanta Allergy And Asthma,US,,,Not Found,None,N/A
Atlanta Allergy and Asthma--Johns Creek,Atlanta Allergy and Asthma--Johns Creek,US,,,Not Found,None,N/A
Talkiatry Maryland,Talkiatry Maryland,US,,,Not Found,None,N/A
"EMUSC LLC, ESC",EMUSC ESC,US,,,Not Found,None,N/A
SOUTHERN ENDOCRINOLOGY ASSOC PA,SOUTHERN ENDOCRINOLOGY ASSOC PA,US,,,Not Found,None,N/A
Full Bloom Integrative Health,Full Bloom Integrative Health,US,,,Not Found,None,N/A
"1 Shail Maheshwari MD, PLLC",1 Shail Maheshwari,US,,,Not Found,None,N/A
"H Shail Maheshwari, MD",H Shail Maheshwari,US,,,Not Found,None,N/A
San Fernando CA - Tri-State Community Healthcare Center,San Fernando CA - Tri-State Community Healthcare Center,US,,,Not Found,None,N/A
"Adelanto 2, CA Tri-State Community Healthcare Center",Adelanto 2 CA Tri-State Community Healthcare Center,US,,,Not Found,None,N/A
Vision Neurology Center,Vision Neurology Center,US,,,Not Found,None,N/A
LMG Internal Medicine,LMG Internal Medicine,US,,,Not Found,None,N/A
Tribeca,Tribeca,US,tribeca.com,https://tribeca.com,Found,High,Direct Practice Verification
- MCALLEN - South Texas Clinic for Pain,- MCALLEN - South Texas Clinic for Pain,US,,,Not Found,None,N/A
HARLINGEN - South Texas Clinic for Pain Management,HARLINGEN - South Texas Clinic for Pain Management,US,,,Not Found,None,N/A
BROWNSVILLE - South Texas Clinic for Pain,BROWNSVILLE - South Texas Clinic for Pain,US,,,Not Found,None,N/A
Ages 0 - 18 - MVMG Pediatrics,Ages 0 - 18 - MVMG Pediatrics,US,,,Not Found,None,N/A
Ages 0 - 18 - MVMG Pulsar,Ages 0 - 18 - MVMG Pulsar,US,,,Not Found,None,N/A
Neuroscience Consultants 01 FirstChoice Neurology,Neuroscience Consultants 01 FirstChoice Neurology,US,,,Not Found,None,N/A
I Squared Medical Group,I Squared Medical Group,US,isquaredmedicalgroup.com,https://isquaredmedicalgroup.com,Found,High,Direct Practice Verification
"Greater Houston Digestive Disease Consultants, PLLC",Greater Houston Digestive Disease Consultants,US,,,Not Found,None,N/A
GREATER HOUSTON DIGESTIVE DISEASE CONSULTANTSSHENANDOAH LOCATION,GREATER HOUSTON DIGESTIVE DISEASE CONSULTANTSSHENANDOAH LOCATION,US,,,Not Found,None,N/A
Hope(Asian American Health Coalition),Hope,US,hope.com,https://hope.com,Found,High,Direct Practice Verification
Montgomery Greater Houston Digestive Disease Consultants,Montgomery Greater Houston Digestive Disease Consultants,US,,,Not Found,None,N/A
West Primary Care- Nine Mile,West Primary Care- Nine Mile,US,,,Not Found,None,N/A
Lovenheim Pediatrics West Orange,Lovenheim Pediatrics West Orange,US,,,Not Found,None,N/A
Uptown Urgent Care,Uptown Urgent Care,US,,,Not Found,None,N/A
PMA SBB,PMA SBB,US,,,Not Found,None,N/A
PMA LSL,PMA LSL,US,,,Not Found,None,N/A
Austin Spine & Rehabilitation - Buda,Austin Spine & Rehabilitation - Buda,US,,,Not Found,None,N/A
Seaview Orthopaedics - Freehold,Seaview Orthopaedics - Freehold,US,,,Not Found,None,N/A
Seaview Orthopaedic - Brick,Seaview Orthopaedic - Brick,US,,,Not Found,None,N/A
Seaview Orthopaedic - Ocean,Seaview Orthopaedic - Ocean,US,,,Not Found,None,N/A
OrthoIllinois McHenry,OrthoIllinois McHenry,US,ortho illinois mchenry. hours,https://ortho illinois mchenry. hours,Found,High,Valentin Google (US)
Seaview Orthopaedics - Monroe,Seaview Orthopaedics - Monroe,US,,,Not Found,None,N/A
Kent Office,Kent Office,US,kentofficespace.co.uk,https://kentofficespace.co.uk,Found,High,Clearbit Autocomplete
Seaview Orthopaedic- Barnegat,Seaview Orthopaedic- Barnegat,US,,,Not Found,None,N/A
Maryland Internal Medicine Inc (NEW),Maryland Internal Medicine,US,,,Not Found,None,N/A
Imaging Center Newport News,Imaging Center Newport News,US,,,Not Found,None,N/A
Kendall Orthopedics,Kendall Orthopedics,US,,,Not Found,None,N/A
Lakewood Primary Care,Lakewood Primary Care,US,lakewoodprimarycare.com,https://lakewoodprimarycare.com,Found,High,Direct Practice Verification
CVFM-Medical Arts,CVFM-Medical Arts,US,,,Not Found,None,N/A
GARDEN CITY SPECIALISTS,GARDEN CITY SPECIALISTS,US,,,Not Found,None,N/A
Clark Clinic Inc H,Clark Clinic H,US,,,Not Found,None,N/A
Clark Clinic Sorrento,Clark Clinic Sorrento,US,,,Not Found,None,N/A
Clark Clinic Mascotte,Clark Clinic Mascotte,US,,,Not Found,None,N/A
Premier Family Care Pc Broken Arrow,Premier Family Care Broken Arrow,US,,,Not Found,None,N/A
OrthoIllinois - Roxbury,OrthoIllinois - Roxbury,US,,,Not Found,None,N/A
"Fayetteville Diagnostic Clinic, A MANA Clinic",Fayetteville Diagnostic Clinic A MANA Clinic,US,,,Not Found,None,N/A
Obstetrics and Gynecology of Indiana - Stones Crossing,Obstetrics and Gynecology of Indiana - Stones Crossing,US,,,Not Found,None,N/A
Obstetrics and Gynecology of Indiana - South,Obstetrics and Gynecology of Indiana - South,US,,,Not Found,None,N/A
Premier Rheumatology And Wellness,Premier Rheumatology And Wellness,US,,,Not Found,None,N/A
Neuro Spine & Headache Pain,Neuro Spine & Headache Pain,US,,,Not Found,None,N/A
Neuro Spine And Headache Pain Management Center,Neuro Spine And Headache Pain Management Center,US,,,Not Found,None,N/A
Surgery Centers of Imperial Valley,Surgery Centers of Imperial Valley,US,,,Not Found,None,N/A
Covenant Primary Care Fairview,Covenant Primary Care Fairview,US,,,Not Found,None,N/A
Sunshine Pediatric Lutz,Sunshine Pediatric Lutz,US,,,Not Found,None,N/A
Sunshine Pediatrics of Tampa,Sunshine Pediatrics of Tampa,US,,,Not Found,None,N/A
Sunshine Pediatrics of Wesley Chapel,Sunshine Pediatrics of Wesley Chapel,US,,,Not Found,None,N/A
MA South Windsor,MA South Windsor,US,canton ma to south windsor. ct,https://canton ma to south windsor. ct,Found,High,Valentin Google (US)
Sanitas Coral Way,Sanitas Coral Way,US,,,Not Found,None,N/A
Sanitas Coral Springs,Sanitas Coral Springs,US,,,Not Found,None,N/A
Sanitas Fort Lauderdale,Sanitas Fort Lauderdale,US,,,Not Found,None,N/A
Sanitas Pompano,Sanitas Pompano,US,,,Not Found,None,N/A
Frontline Medical Group,Frontline Medical Group,US,frontlinemedicalgroup.org,https://frontlinemedicalgroup.org,Found,High,Direct Practice Verification
MetaboliK,MetaboliK,US,metabolik.com,https://metabolik.com,Found,High,Direct Practice Verification
Pinnacle ENT Havertown,Pinnacle ENT Havertown,US,,,Not Found,None,N/A
Gastro Florida - Clearwater Belcher,Gastro Florida - Clearwater Belcher,US,,,Not Found,None,N/A
MA West Hartford,MA West Hartford,US,,,Not Found,None,N/A
Georgetown Center For Adult Medicine,Georgetown Center For Adult Medicine,US,georgetowncenteradultmedicine.com,https://georgetowncenteradultmedicine.com,Found,High,Clearbit Autocomplete
"Colon, Stomach and Liver Center",Colon Stomach and Liver Center,US,,,Not Found,None,N/A
TRUE HEALTH OB/GYN - Brooklyn,TRUE HEALTH OB GYN - Brooklyn,US,,,Not Found,None,N/A
TRUE HEALTH OB/GYN - Great Neck,TRUE HEALTH OB GYN - Great Neck,US,,,Not Found,None,N/A
TRUE HEALTH OB/GYN - Fresh Meadows,TRUE HEALTH OB GYN - Fresh Meadows,US,,,Not Found,None,N/A
Trident Orthopedic Specialists,Trident Orthopedic Specialists,US,tridentorthopedicspecialists.com,https://tridentorthopedicspecialists.com,Found,High,Direct Practice Verification
TRUE HEALTH OB/GYN - Williston Park,TRUE HEALTH OB GYN - Williston Park,US,,,Not Found,None,N/A
CG Sun Life Family Health Center,CG Sun Life Family Health Center,US,,,Not Found,None,N/A
HCA HealthONE Consultants in OB/GYN,HCA HealthONE Consultants in OB GYN,US,,,Not Found,None,N/A
Kids Plus Pediatrics - Squirrel Hill,Kids Plus Pediatrics - Squirrel Hill,US,,,Not Found,None,N/A
Primary Care Plus Metairie,Primary Care Plus Metairie,US,,,Not Found,None,N/A
HCA HealthONE Premier OB/GYN,HCA HealthONE Premier OB GYN,US,,,Not Found,None,N/A
LA Derm Baton Rouge,LA Derm Baton Rouge,US,,,Not Found,None,N/A
LA Derm Brusly,LA Derm Brusly,US,,,Not Found,None,N/A
HCA HealthONE Esprit OB/GYN Center - Lone Tree,HCA HealthONE Esprit OB GYN Center - Lone Tree,US,,,Not Found,None,N/A
HCA HealthONE Esprit OB/GYN Center - Castle Rock,HCA HealthONE Esprit OB GYN Center - Castle Rock,US,,,Not Found,None,N/A
WellMed at Providence Village,WellMed at Providence Village,US,,,Not Found,None,N/A
"KATY OFFICE VISITS: New Patients press 'NO', Established Patients press 'Yes'",KATY OFFICE VISITS New Patients press NO Established Patients press Yes,US,,,Not Found,None,N/A
Maiden Lane Medical Soho Gynecology,Maiden Lane Medical Soho Gynecology,US,,,Not Found,None,N/A
Coastal Kids - Upland,Coastal Kids - Upland,US,,,Not Found,None,N/A
Osceola GYN Oncology,Osceola GYN Oncology,US,,,Not Found,None,N/A
Healthone Medical Center Inc,Healthone Medical Center,US,healthonemedicalcenter.com,https://healthonemedicalcenter.com,Found,High,Direct Practice Verification
Southern Illinois Associates Llc,Southern Illinois Associates,US,southernillinois.com,https://southernillinois.com,Found,High,Direct Practice Verification
Sano Raymore,Sano Raymore,US,,,Not Found,None,N/A
Grayson Family Care,Grayson Family Care,US,graysonfamilycare.com,https://graysonfamilycare.com,Found,High,Direct Practice Verification
Sano Ortho Urgent Care Overland Park,Sano Ortho Urgent Care Overland Park,US,,,Not Found,None,N/A
Sano Lees Summit,Sano Lees Summit,US,,,Not Found,None,N/A
Maiden Lane Medical Bay Ridge,Maiden Lane Medical Bay Ridge,US,,,Not Found,None,N/A
Maiden Lane Medical Park Slope,Maiden Lane Medical Park Slope,US,,,Not Found,None,N/A
Diagnostic And Clinical Care Svcs,Diagnostic And Clinical Care Svcs,US,,,Not Found,None,N/A
Chino Hills Office Suite 150,Chino Hills Office Suite 150,US,,,Not Found,None,N/A
Portsmouth Pulmonary Associates,Portsmouth Pulmonary Associates,US,,,Not Found,None,N/A
StoneSprings OB/GYN,StoneSprings OB GYN,US,stonespringsobgyn.com,https://stonespringsobgyn.com,Found,High,Direct Practice Verification
Rancho Cucamonga Office Suite 200,Rancho Cucamonga Office Suite 200,US,,,Not Found,None,N/A
Lefferts Medical Assoc Frmw,Lefferts Medical Assoc Frmw,US,,,Not Found,None,N/A
SCN Dermatology - Newark,SCN Dermatology - Newark,US,,,Not Found,None,N/A
SCN Dermatology - Englewood,SCN Dermatology - Englewood,US,,,Not Found,None,N/A
GGN Bonita Springs Office,GGN Bonita Springs Office,US,,,Not Found,None,N/A
Podiatry Astoria,Podiatry Astoria,US,,,Not Found,None,N/A
Podiatry Pearland Cullen Pkwy,Podiatry Pearland Cullen Pkwy,US,,,Not Found,None,N/A
Centennial Heart LLC,Centennial Heart,US,centennialheart.com,https://centennialheart.com,Found,High,Direct Practice Verification
13 Centers for Advanced ENT Care - Telehealth,Centers for Advanced ENT Care - Telehealth,US,,,Not Found,None,N/A
Family Medicine Clinic,Family Medicine Clinic,US,familymedicine.org,https://familymedicine.org,Found,High,Direct Practice Verification
Centers for Advanced ENT Care at Hunt Valley,Centers for Advanced ENT Care at Hunt Valley,US,,,Not Found,None,N/A
Centers for Advanced ENT Care at GBMC East Pavilion,Centers for Advanced ENT Care at GBMC East Pavilion,US,,,Not Found,None,N/A
Pediatric Associates - Palm Beach Gardens,Pediatric Associates - Palm Beach Gardens,US,,,Not Found,None,N/A
"Valley ENT, PC Thompson Peak",Valley ENT Thompson Peak,US,,,Not Found,None,N/A
Khair Family Practice,Khair Family Practice,US,,,Not Found,None,N/A
Oak Hill Women's Health- Mariner & Quality Dr.,Oak Hill Womens Health- Mariner & Quality Dr,US,,,Not Found,None,N/A
Citrus Surgical Specialists,Citrus Surgical Specialists,US,,,Not Found,None,N/A
RiverStone Health Clinic,RiverStone Health Clinic,US,riverstonehealth.com,https://riverstonehealth.com,Found,High,Direct Practice Verification
Panorama Medical Clifton 207,Panorama Medical Clifton 207,US,,,Not Found,None,N/A
OrthoIllinois Riverside,OrthoIllinois Riverside,US,,,Not Found,None,N/A
Galloway OBGYN,Galloway OBGYN,US,,,Not Found,None,N/A
"Pain Treatment MD, Bryant AR",Pain Treatment Bryant AR,US,,,Not Found,None,N/A
NMS Pediatrics South Richmond Hill,NMS Pediatrics South Richmond Hill,US,,,Not Found,None,N/A
Advocate Primary Care - Coppell,Advocate Primary Care - Coppell,US,,,Not Found,None,N/A
Advocate Primary Care PLLC - Anna,Advocate Primary Care - Anna,US,,,Not Found,None,N/A
Whasn Essential Henderson,Whasn Essential Henderson,US,,,Not Found,None,N/A
Open Door Sleepy Hollow,Open Door Sleepy Hollow,US,,,Not Found,None,N/A
Edinburgh Family Medicine,Edinburgh Family Medicine,US,,,Not Found,None,N/A
JMCPG - Primary Care PGA,JMCPG - Primary Care PGA,US,,,Not Found,None,N/A
Carma Health Pllc,Carma Health,US,carmahealth.com,https://carmahealth.com,Found,High,Direct Practice Verification
The Enlyv Clinics LLC Edison,The Enlyv Clinics Edison,US,,,Not Found,None,N/A
The Enlyv Clinics LLC Bridgewater,The Enlyv Clinics Bridgewater,US,,,Not Found,None,N/A
The Kidney Health And Preventive Medicine Institute,The Kidney Health And Preventive Medicine Institute,US,,,Not Found,None,N/A
Texas Primary Care Center,Texas Primary Care Center,US,texasprimarycarecenter.com,https://texasprimarycarecenter.com,Found,High,Clearbit Autocomplete
Wound Care Pearland,Wound Care Pearland,US,,,Not Found,None,N/A
Care Cardiology and Vein Center- Tampa,Care Cardiology and Vein Center- Tampa,US,,,Not Found,None,N/A
Kidzcare Pediatrics PLLC,Kidzcare Pediatrics,US,kidzcarepediatrics.net,https://kidzcarepediatrics.net,Found,High,Direct Practice Verification
Care cardiology and vein center - Palm Harbor,Care cardiology and vein center - Palm Harbor,US,,,Not Found,None,N/A
Roswell Office,Roswell Office,US,roswellofficesuites.com,https://roswellofficesuites.com,Found,High,Clearbit Autocomplete
Family Health North Texas,Family Health North Texas,US,familyhealthnorthtexas.com,https://familyhealthnorthtexas.com,Found,High,Direct Practice Verification
The ENT and Allergy Centers of Texas - Allen Office,The ENT and Allergy Centers of Texas - Allen Office,US,,,Not Found,None,N/A
Cumming Office,Cumming Office,US,,,Not Found,None,N/A
Alpharetta Office,Alpharetta Office,US,,,Not Found,None,N/A
Panorama Medical North Bergen,Panorama Medical North Bergen,US,,,Not Found,None,N/A
"Saba Shabnam MD Family Medicine, Wellness, Aesthetics and Hair Restoration",Saba Shabnam Family Medicine Wellness Aesthetics and Hair Restoration,US,,,Not Found,None,N/A
ENT Specialty Center Marlton,ENT Specialty Center Marlton,US,,,Not Found,None,N/A
OrthoIllinois - Riverside,OrthoIllinois - Riverside,US,,,Not Found,None,N/A
Primary Health SOUTH MERIDIAN Family Practice,Primary Health SOUTH MERIDIAN Family Practice,US,,,Not Found,None,N/A
Seguin,Seguin,US,seguin.org,https://seguin.org,Found,High,Direct Practice Verification
The Family Doctor,The Family Doctor,US,thefamilydoctor.com,https://thefamilydoctor.com,Found,High,Direct Practice Verification
Pooler Office,Pooler Office,US,,,Not Found,None,N/A
TEXOMACARE FAMILY MEDICINE ANNA,TEXOMACARE FAMILY MEDICINE ANNA,US,,,Not Found,None,N/A
Inspire Health Pllc,Inspire Health,US,inspirehealth.org,https://inspirehealth.org,Found,High,Direct Practice Verification
"Valley Ent, Pc Good Sam",Valley Ent Good Sam,US,,,Not Found,None,N/A
Riceland Pain Clinic,Riceland Pain Clinic,US,,,Not Found,None,N/A
The Austin Diagnostic Clinic - Leander,The Austin Diagnostic Clinic - Leander,US,,,Not Found,None,N/A
Advanced Surgical Assoc Mesa,Advanced Surgical Assoc Mesa,US,,,Not Found,None,N/A
Primary Health WEST BOISE Family Practice,Primary Health WEST BOISE Family Practice,US,,,Not Found,None,N/A
Davie,Davie,US,davie.com,https://davie.com,Found,High,Direct Practice Verification
The Woman's Group Riverview,The Womans Group Riverview,US,,,Not Found,None,N/A
Digestive Care Johns Creek,Digestive Care Johns Creek,US,,,Not Found,None,N/A
Digestive Care Cumming,Digestive Care Cumming,US,,,Not Found,None,N/A
Digestive Care Alpharetta,Digestive Care Alpharetta,US,,,Not Found,None,N/A
The Y Factor - Memorial,The Y Factor - Memorial,US,,,Not Found,None,N/A
Dr. Russell Weg - Forest Hills,Russell Weg - Forest Hills,US,,,Not Found,None,N/A
Dr. Russell Weg - Park Avenue,Russell Weg - Park Avenue,US,,,Not Found,None,N/A
Rapid City Healthcare Primary Care,Rapid City Healthcare Primary Care,US,,,Not Found,None,N/A
BKS - Florida Advanced Spine and Orthopedics,BKS - Florida Advanced Spine and Orthopedics,US,,,Not Found,None,N/A
Florida Advanced Spine and Orthopedics - Wesley Chapel,Florida Advanced Spine and Orthopedics - Wesley Chapel,US,,,Not Found,None,N/A
Shirish V Bhatt Md Pc,Shirish V Bhatt,US,,,Not Found,None,N/A
Elite Sports Medicine and Orthopedics,Elite Sports Medicine and Orthopedics,US,,,Not Found,None,N/A
Elite - Franklin,Elite - Franklin,US,,,Not Found,None,N/A
Elite - Brentwood,Elite - Brentwood,US,,,Not Found,None,N/A
Elite - Centennial,Elite - Centennial,US,,,Not Found,None,N/A
Elite - Green Hills,Elite - Green Hills,US,,,Not Found,None,N/A
Mountain View Headache & Spine Institute,Mountain View Headache & Spine Institute,US,,,Not Found,None,N/A
Mountain View Headache & Spine Inst.,Mountain View Headache & Spine Inst,US,,,Not Found,None,N/A
Mountain View Headache and Spine Inst,Mountain View Headache and Spine Inst,US,,,Not Found,None,N/A
Happy Pediatrics,Happy Pediatrics,US,happypediatrics.com,https://happypediatrics.com,Found,High,Direct Practice Verification
Magnolia Family Medicine - TW,Magnolia Family Medicine - TW,US,,,Not Found,None,N/A
Inspire Health Prosper,Inspire Health Prosper,US,,,Not Found,None,N/A
Compassionate Medical Care Pllc,Compassionate Medical Care,US,compassionatemedicalcare.com,https://compassionatemedicalcare.com,Found,High,Direct Practice Verification
Seminole Neurosurgery,Seminole Neurosurgery,US,,,Not Found,None,N/A
LewisGale Physicians- Internal Med- Apperson,LewisGale Physicians- Internal Med- Apperson,US,,,Not Found,None,N/A
"ADVANCE MEDICAL OF NAPLES, LLC",ADVANCE MEDICAL OF NAPLES,US,,,Not Found,None,N/A
Provida Family Medicine,Provida Family Medicine,US,providafamilymedicine.com,https://providafamilymedicine.com,Found,High,Direct Practice Verification
Pediatric Associates - Altamonte,Pediatric Associates - Altamonte,US,,,Not Found,None,N/A
Rossana Moura MD PA,Rossana Moura PA,US,,,Not Found,None,N/A
Magness and Stafford OBGYN Associates Cherry Hill,Magness and Stafford OBGYN Associates Cherry Hill,US,,,Not Found,None,N/A
Magness and Stafford OBGYN Associates Sicklerville,Magness and Stafford OBGYN Associates Sicklerville,US,,,Not Found,None,N/A
Riverside Office Suite 200,Riverside Office Suite 200,US,riversideoffice-suites.com,https://riversideoffice-suites.com,Found,High,Clearbit Autocomplete
Pediatric Associates - Homestead,Pediatric Associates - Homestead,US,,,Not Found,None,N/A
CHELMSFORD PRIMARY CARE LLC,CHELMSFORD PRIMARY CARE,US,,,Not Found,None,N/A
Vitals Family Medicine - Allen,Vitals Family Medicine - Allen,US,,,Not Found,None,N/A
Vitals Family Medicine - Frisco,Vitals Family Medicine - Frisco,US,,,Not Found,None,N/A
FL047 North Broward,North Broward,US,northbroward.com,https://northbroward.com,Found,High,Direct Practice Verification
Redlands Office Suite 120,Redlands Office Suite 120,US,,,Not Found,None,N/A
San Bernardino Office Suite 200,San Bernardino Office Suite 200,US,,,Not Found,None,N/A
Victorville Office Suite 106,Victorville Office Suite 106,US,,,Not Found,None,N/A
Murrieta Office Suite 250A,Murrieta Office Suite 250A,US,,,Not Found,None,N/A
Maiden Lane Medical Central Park Urology,Maiden Lane Medical Central Park Urology,US,,,Not Found,None,N/A
MedFL Med. Centers Lauderhill,MedFL Med Centers Lauderhill,US,,,Not Found,None,N/A
Ronald C Fagan Md Pc,Ronald C Fagan,US,,,Not Found,None,N/A
Atlanta Allergy and Asthma- Gainesville,Atlanta Allergy and Asthma- Gainesville,US,,,Not Found,None,N/A
Roland Nyein Md Pc-bayard St,Roland Nyein -bayard St,US,,,Not Found,None,N/A
Roland Nyein MD Pc,Roland Nyein,US,,,Not Found,None,N/A
Roland Nyein MD PC (Ctr),Roland Nyein,US,,,Not Found,None,N/A
Roland Nyein Md Pc (F),Roland Nyein,US,,,Not Found,None,N/A
Roland Nyein MD PC (LI),Roland Nyein,US,,,Not Found,None,N/A
Healing Pulse Medical,Healing Pulse Medical,US,healingpulsemedical.com,https://healingpulsemedical.com,Found,High,Direct Practice Verification
MedFL Med. Centers West Palm 45 St,MedFL Med Centers West Palm 45 St,US,,,Not Found,None,N/A
MedFL Med. Centers Jupiter,MedFL Med Centers Jupiter,US,,,Not Found,None,N/A
WomensHealthCare at Richmond Hill,WomensHealthCare at Richmond Hill,US,,,Not Found,None,N/A
Family Medicine Shady Grove Llc,Family Medicine Shady Grove,US,,,Not Found,None,N/A
Urology Clear Lake,Urology Clear Lake,US,,,Not Found,None,N/A
Wave Wellness,Wave Wellness,US,wavewellness.net,https://wavewellness.net,Found,High,Direct Practice Verification
Highlands Clinic,Highlands Clinic,US,highlands.org,https://highlands.org,Found,High,Direct Practice Verification
Argenal Pediatrics,Argenal Pediatrics,US,argenalpediatrics.com,https://argenalpediatrics.com,Found,High,Direct Practice Verification
Gastro Florida - Pinellas Park,Gastro Florida - Pinellas Park,US,,,Not Found,None,N/A
Gastro Florida - Downtown St. Pete,Gastro Florida - Downtown St Pete,US,,,Not Found,None,N/A
Trusted Care Clinic Teleh,Trusted Care Clinic Teleh,US,,,Not Found,None,N/A
Trusted Care Clinic,Trusted Care Clinic,US,,,Not Found,None,N/A
Argenal Pediatrics Mission,Argenal Pediatrics Mission,US,,,Not Found,None,N/A
Dr. Ekmark Family Medicine,Ekmark Family Medicine,US,,,Not Found,None,N/A
First Care Medical Clinic-Rock Hill,First Care Medical Clinic-Rock Hill,US,,,Not Found,None,N/A
Zunimed Family & Wellness Clinic PLLC,Zunimed Family & Wellness Clinic,US,,,Not Found,None,N/A
Zunimed Family & Wellness - Telehealth,Zunimed Family & Wellness - Telehealth,US,,,Not Found,None,N/A
Pediatric Associates - Weston,Pediatric Associates - Weston,US,,,Not Found,None,N/A
Provision Health Services Llc,Provision Health Services,US,provisionhealthservices.com,https://provisionhealthservices.com,Found,High,Direct Practice Verification
JCMG Dermatology,JCMG Dermatology,US,,,Not Found,None,N/A
Pediatric Health Freehold Stillwell,Pediatric Health Freehold Stillwell,US,,,Not Found,None,N/A
Compassionate Health Care Group Llc,Compassionate Health Care Group,US,compassionatehealthcares.com,https://compassionatehealthcares.com,Found,High,Clearbit Autocomplete
Pediatric Health Englishtown,Pediatric Health Englishtown,US,,,Not Found,None,N/A
Pediatric Health Howell 4200,Pediatric Health Howell 4200,US,,,Not Found,None,N/A
Pediatric Health Wall,Pediatric Health Wall,US,,,Not Found,None,N/A
LewisGale Physicians- Floyd Primary Care,LewisGale Physicians- Floyd Primary Care,US,,,Not Found,None,N/A
Compassionate Med Spa,Compassionate Med Spa,US,,,Not Found,None,N/A
Women's Care - Virginia Avenue,Womens Care - Virginia Avenue,US,,,Not Found,None,N/A
Women's Care - West Fletcher Avenue,Womens Care - West Fletcher Avenue,US,,,Not Found,None,N/A
Womens Care - South MacDill,Womens Care - South MacDill,US,,,Not Found,None,N/A
Pratt Medical Group- 446711ORT,Pratt Medical Group- 446711ORT,US,,,Not Found,None,N/A
Grand Canyon Family Medicine,Grand Canyon Family Medicine,US,,,Not Found,None,N/A
Stow Office,Stow Office,US,,,Not Found,None,N/A
Seasons Rd Primary Care,Seasons Rd Primary Care,US,,,Not Found,None,N/A
Primary Care Plus ONeal Ln,Primary Care Plus ONeal Ln,US,,,Not Found,None,N/A
Primary Care Plus Gonzales,Primary Care Plus Gonzales,US,,,Not Found,None,N/A
Austin Rehabilitation Specialists - 4111,Austin Rehabilitation Specialists - 4111,US,austinrehabspecialists.com,https://austinrehabspecialists.com,Found,High,Clearbit Autocomplete
First Medcare Inc.,First Medcare,US,firstmedcare.com,https://firstmedcare.com,Found,High,Direct Practice Verification
DR ROBERT J SANTELLA,ROBERT J SANTELLA,US,,,Not Found,None,N/A
Nevada Womens Care,Nevada Womens Care,US,nevadawomenscare.com,https://nevadawomenscare.com,Found,High,Clearbit Autocomplete
Hobson Meadows Family Medicine,Hobson Meadows Family Medicine,US,,,Not Found,None,N/A
Family Care Specialists Belleview 1,Family Care Specialists Belleview 1,US,,,Not Found,None,N/A
ENT Spec of WI - Oshkosh,ENT Spec of WI - Oshkosh,US,,,Not Found,None,N/A
Summit Primary Care,Summit Primary Care,US,summitprimary.com,https://summitprimary.com,Found,High,Clearbit Autocomplete
Galaxy Health Family Practice,Galaxy Health Family Practice,US,galaxyhealthfp.com,https://galaxyhealthfp.com,Found,High,Clearbit Autocomplete
Highlands Medical Specialists - Internal Medicine,Highlands Medical Specialists - Internal Medicine,US,,,Not Found,None,N/A
Georgia Kidney Clinic,Georgia Kidney Clinic,US,georgiakidney.com,https://georgiakidney.com,Found,High,Direct Practice Verification
Riverside Primary Care Clinic,Riverside Primary Care Clinic,US,riversideprimarycareclinic.com,https://riversideprimarycareclinic.com,Found,High,Direct Practice Verification
Ariel Pediatrics,Ariel Pediatrics,US,arielpediatrics.com,https://arielpediatrics.com,Found,High,Direct Practice Verification
Peak Heart & Vascular Surprise,Peak Heart & Vascular Surprise,US,,,Not Found,None,N/A
Peak Heart & Vascular Flagstaff,Peak Heart & Vascular Flagstaff,US,,,Not Found,None,N/A
Pediatric Clear Lake,Pediatric Clear Lake,US,,,Not Found,None,N/A
Rusk Women's Center,Rusk Womens Center,US,,,Not Found,None,N/A
88 Park Street,Park Street,US,parkstreet.com,https://parkstreet.com,Found,High,Direct Practice Verification
Methodist Physicians OBGYN Specialists at Stone Oak,Methodist Physicians OBGYN Specialists at Stone Oak,US,,,Not Found,None,N/A
Atlanta Gyn Center,Atlanta Gyn Center,US,,,Not Found,None,N/A
AstranaCare Wigwam,AstranaCare Wigwam,US,,,Not Found,None,N/A
246 Hamburg Turnpike Suite 203,Hamburg Turnpike Suite 203,US,,,Not Found,None,N/A
Gardentots Pediatrics LLC,Gardentots Pediatrics,US,,,Not Found,None,N/A
Synergy Orthopedic Specialists - Convoy,Synergy Orthopedic Specialists - Convoy,US,,,Not Found,None,N/A
Inspirada Primary Care LLC,Inspirada Primary Care,US,,,Not Found,None,N/A
Ankle and Foot Institute of Missouri,Ankle and Foot Institute of Missouri,US,,,Not Found,None,N/A
Regency Endocrinology Diabetes & Metabolism,Regency Endocrinology Diabetes & Metabolism,US,,,Not Found,None,N/A
The ENT and Allergy Centers of Texas- Celina,The ENT and Allergy Centers of Texas- Celina,US,,,Not Found,None,N/A
The ENT & Allergy Centers of Texas- McKinney Office,The ENT & Allergy Centers of Texas- McKinney Office,US,,,Not Found,None,N/A
Central Texas Brain and Spine,Central Texas Brain and Spine,US,,,Not Found,None,N/A
Stockbridge Office,Stockbridge Office,US,,,Not Found,None,N/A
Richard H Leggett DO,Richard H Leggett,US,,,Not Found,None,N/A
FL005 Killian,Killian,US,killian.org,https://killian.org,Found,High,Direct Practice Verification
Pacific Womens Center LLC,Pacific Womens Center,US,pacificwomenscenter.com,https://pacificwomenscenter.com,Found,High,Direct Practice Verification
Allergy Asthma & Sinus Relief Center,Allergy Asthma & Sinus Relief Center,US,,,Not Found,None,N/A
Obstetrics and Gynecology of Indiana - North,Obstetrics and Gynecology of Indiana - North,US,,,Not Found,None,N/A
Richard C Galperin DPM PA,Richard C Galperin PA,US,,,Not Found,None,N/A
Abbeville Family Health Center,Abbeville Family Health Center,US,,,Not Found,None,N/A
Cardiology Clinic of San Antonio - Boerne,Cardiology Clinic of San Antonio - Boerne,US,,,Not Found,None,N/A
Healthy Beg Wt Loss And Esthetics,Healthy Beg Wt Loss And Esthetics,US,,,Not Found,None,N/A
Chaudhry Clinic,Chaudhry Clinic,US,chaudhryclinic.net,https://chaudhryclinic.net,Found,High,Direct Practice Verification
AGP Family Health Clinic Corp,AGP Family Health Clinic,US,,,Not Found,None,N/A
LMG Family Medicine 100B,LMG Family Medicine 100B,US,,,Not Found,None,N/A
Rois Medical Group,Rois Medical Group,US,,,Not Found,None,N/A
Primary Care Center Of Georgia Inc,Primary Care Center Of Georgia,US,,,Not Found,None,N/A
DOCS PRIMARY CARE - Southington,DOCS PRIMARY CARE - Southington,US,,,Not Found,None,N/A
DOCS PRIMARY CARE - WATERBURY,DOCS PRIMARY CARE - WATERBURY,US,,,Not Found,None,N/A
Infinite Medical Express,Infinite Medical Express,US,infinitemedicalexpress.com,https://infinitemedicalexpress.com,Found,High,Direct Practice Verification
CT Medical Group Inc - Southington,CT Medical Group - Southington,US,,,Not Found,None,N/A
Shell Rock Clinic,Shell Rock Clinic,US,shellrock.com,https://shellrock.com,Found,High,Direct Practice Verification
Menlo Osteopathy,Menlo Osteopathy,US,menloosteopathy.com,https://menloosteopathy.com,Found,High,Direct Practice Verification
Tarzana,Tarzana,US,tarzana.org,https://tarzana.org,Found,High,Direct Practice Verification
Culver City,Culver City,US,culvercity.org,https://culvercity.org,Found,High,Clearbit Autocomplete
Family Medicine Specialists - Katy,Family Medicine Specialists - Katy,US,,,Not Found,None,N/A
"Magnolia Endocrinology, LLC",Magnolia Endocrinology,US,magnoliaendocrinology.com,https://magnoliaendocrinology.com,Found,High,Direct Practice Verification
GastroMD Tampa Office,GastroMD Tampa Office,US,,,Not Found,None,N/A
UPTOWN ALLERGY & ASTHMA LLC,UPTOWN ALLERGY & ASTHMA,US,uptownallergyasthma.com,https://uptownallergyasthma.com,Found,High,Direct Practice Verification
Pulmonary Clear Lake,Pulmonary Clear Lake,US,,,Not Found,None,N/A
REGINA K LEE MD PA,REGINA K LEE PA,US,,,Not Found,None,N/A
"FAMILY HEALTH OF SOUTH TEXAS, PA",FAMILY HEALTH OF SOUTH TEXAS PA,US,,,Not Found,None,N/A
Burlington Family Care,Burlington Family Care,US,burlington primary care.opening times,https://burlington primary care.opening times,Found,High,Valentin Google (US)
FX-Fairfax Colon & Rectal Surgery,FX-Fairfax Colon & Rectal Surgery,US,,,Not Found,None,N/A
FO-Fairfax Colon & Rectal Surgery,FO-Fairfax Colon & Rectal Surgery,US,,,Not Found,None,N/A
Americas Family Doctors Brentwood,Americas Family Doctors Brentwood,US,,,Not Found,None,N/A
"Sunrise Pediatrics, PLLC",Sunrise Pediatrics,US,sunrisepediatrics.com,https://sunrisepediatrics.com,Found,High,Direct Practice Verification
Encino Park Campus,Encino Park Campus,US,,,Not Found,None,N/A
CareMedica - North Haven (State Street),CareMedica - North Haven,US,,,Not Found,None,N/A
CareMedica - North Haven (Washington Avenue),CareMedica - North Haven,US,,,Not Found,None,N/A
Coastal Carolina Bariatric Center,Coastal Carolina Bariatric Center,US,,,Not Found,None,N/A
Neurology Clear Lake 905,Neurology Clear Lake 905,US,,,Not Found,None,N/A
Neurology Galleria 900,Neurology Galleria 900,US,,,Not Found,None,N/A
Central Park Endocrinology PC,Central Park Endocrinology,US,centralparkendocrinology.com,https://centralparkendocrinology.com,Found,High,Direct Practice Verification
Southeast Texas Child Guidance Center,Southeast Texas Child Guidance Center,US,setxchildguidancecenter.com,https://setxchildguidancecenter.com,Found,High,Clearbit Autocomplete
Carepoint Health Medical Group,Carepoint Health Medical Group,US,carepointhealthmedicalgroup.com,https://carepointhealthmedicalgroup.com,Found,High,Direct Practice Verification
Axion Spine & Neurosurgery - Alpharetta,Axion Spine & Neurosurgery - Alpharetta,US,,,Not Found,None,N/A
Axion Spine & Neurosurgery - Sandy Springs/Atlanta,Axion Spine & Neurosurgery - Sandy Springs Atlanta,US,,,Not Found,None,N/A
Axion Spine & Neurosurgery - College Park,Axion Spine & Neurosurgery - College Park,US,,,Not Found,None,N/A
TXFAS Katy,TXFAS Katy,US,,,Not Found,None,N/A
TXFAS Sugar Land,TXFAS Sugar Land,US,,,Not Found,None,N/A
Ingram Park Clinic,Ingram Park Clinic,US,ingrampark.com,https://ingrampark.com,Found,High,Direct Practice Verification
Venice Gastroenterology,Venice Gastroenterology,US,,,Not Found,None,N/A
Peak Heart & Vascular Avondale,Peak Heart & Vascular Avondale,US,,,Not Found,None,N/A
Peak Heart & Vascular Missouri,Peak Heart & Vascular Missouri,US,,,Not Found,None,N/A
Peak Heart & Vascular Prescott,Peak Heart & Vascular Prescott,US,,,Not Found,None,N/A
Peak Heart & Vascular Arrowhead,Peak Heart & Vascular Arrowhead,US,,,Not Found,None,N/A
Maron & Rodrigues Medical Group Llc,Maron & Rodrigues Medical Group,US,,,Not Found,None,N/A
Chaska Suite 250 iSpine Clinics,Chaska Suite 250 iSpine Clinics,US,,,Not Found,None,N/A
SHK Interventional Spine and Pain Physicians,SHK Interventional Spine and Pain Physicians,US,,,Not Found,None,N/A
Rapha Wellness,Rapha Wellness,US,,,Not Found,None,N/A
EDA 260 Interventional Spine and Pain Physicians,EDA 260 Interventional Spine and Pain Physicians,US,,,Not Found,None,N/A
WAC Interventional Spine and Pain Physicians,WAC Interventional Spine and Pain Physicians,US,,,Not Found,None,N/A
Rani Anbarasu MD. PA,Rani Anbarasu PA,US,,,Not Found,None,N/A
"Rani Anbarasu MD,PA (FRISCO)",Rani Anbarasu PA,US,,,Not Found,None,N/A
Hope Internal Medicine Clinic,Hope Internal Medicine Clinic,US,hopeinternalmedicine.com,https://hopeinternalmedicine.com,Found,High,Direct Practice Verification
Aventura,Aventura,US,aventura.com,https://aventura.com,Found,High,Direct Practice Verification
Advanced Community Medical Care Corporation,Advanced Community Medical Care,US,,,Not Found,None,N/A
CITYVIEW Palm Primary Care,CITYVIEW Palm Primary Care,US,,,Not Found,None,N/A
Allergy and Asthma Specialty Center,Allergy and Asthma Specialty Center,US,,,Not Found,None,N/A
Precision Internal Medicine Medical Park,Precision Internal Medicine Medical Park,US,,,Not Found,None,N/A
Gastro Associates Fort Myers Office,Gastro Associates Fort Myers Office,US,,,Not Found,None,N/A
Artisans Of Medicine Nyc,Artisans Of Medicine Nyc,US,,,Not Found,None,N/A
Gastro Associates Bonita Springs Office,Gastro Associates Bonita Springs Office,US,,,Not Found,None,N/A
"1 Rambabu Chalasani, MD",1 Rambabu Chalasani,US,,,Not Found,None,N/A
"H Rambabu Chalasani, MD",H Rambabu Chalasani,US,,,Not Found,None,N/A
Reston Office,Reston Office,US,restonoffice.com,https://restonoffice.com,Found,High,Direct Practice Verification
Leesburg Office,Leesburg Office,US,leesburgoffice.com,https://leesburgoffice.com,Found,High,Direct Practice Verification
Hodari MD Dermatology Yuba City,Hodari Dermatology Yuba City,US,,,Not Found,None,N/A
"Family First Wellness Center, Pllc",Family First Wellness Center,US,,,Not Found,None,N/A
Hodari MD Dermatology Oroville,Hodari Dermatology Oroville,US,,,Not Found,None,N/A
Evolve Family Medicine,Evolve Family Medicine,US,,,Not Found,None,N/A
Naperville Internist,Naperville Internist,US,,,Not Found,None,N/A
Adv Heart & Vein Ctr-Thornton,Adv Heart & Vein Ctr-Thornton,US,,,Not Found,None,N/A
Prima CARE Eid,Prima CARE Eid,US,,,Not Found,None,N/A
Prima CARE Vascular Taunton,Prima CARE Vascular Taunton,US,,,Not Found,None,N/A
Prima CARE Vascular Johnston,Prima CARE Vascular Johnston,US,,,Not Found,None,N/A
"United Pulmomary & Sleep Medicine, Inc.",United Pulmomary & Sleep Medicine,US,,,Not Found,None,N/A
Articella Primary Care Pllc,Articella Primary Care,US,,,Not Found,None,N/A
Soma Medical Center PA 1,Soma Medical Center PA 1,US,somamedicalcenter.com,https://somamedicalcenter.com,Found,High,Clearbit Autocomplete
Cardiology Care Consultants,Cardiology Care Consultants,US,cardiologycare.com,https://cardiologycare.com,Found,High,Clearbit Autocomplete
JMCPG Cardiologist Group,JMCPG Cardiologist Group,US,,,Not Found,None,N/A
CEN FL CARDIOVASCULAR CONSULTANTS,CEN FL CARDIOVASCULAR CONSULTANTS,US,,,Not Found,None,N/A
"Sleep Medicine Institute Of Texas, Pa",Sleep Medicine Institute Of Texas Pa,US,,,Not Found,None,N/A
Open Door Port Chester,Open Door Port Chester,US,,,Not Found,None,N/A
Soma Medical Center PSL,Soma Medical Center PSL,US,,,Not Found,None,N/A
Soma Medical Center 6 LW,Soma Medical Center 6 LW,US,,,Not Found,None,N/A
BE WELL PRIMARY CARE MEDICINE ALLIANCE,BE WELL PRIMARY CARE MEDICINE ALLIANCE,US,,,Not Found,None,N/A
Vero Beach Office,Vero Beach Office,US,,,Not Found,None,N/A
SkinPros Providence,SkinPros Providence,US,,,Not Found,None,N/A
BE WELL PRIMARY CARE MEDICINE-KELLER,BE WELL PRIMARY CARE MEDICINE-KELLER,US,,,Not Found,None,N/A
"Intown Pediatric & Adolescent Medicine, PC",Intown Pediatric & Adolescent Medicine,US,intown pediatric & adolescent medicine p.c,https://intown pediatric & adolescent medicine p.c,Found,High,Valentin Google (US)
SkinPros Cumberland,SkinPros Cumberland,US,,,Not Found,None,N/A
SkinPros Swansea,SkinPros Swansea,US,,,Not Found,None,N/A
Family Doctors Medical Center - PECOS,Family Doctors Medical Center - PECOS,US,,,Not Found,None,N/A
DermaCenter Medical Spa,DermaCenter Medical Spa,US,dermacenter.com,https://dermacenter.com,Found,Medium,Clearbit Autocomplete
Talkiatry McKinney,Talkiatry McKinney,US,,,Not Found,None,N/A
Magnolia Dermatology Of Frisco Pllc,Magnolia Dermatology Of Frisco,US,,,Not Found,None,N/A
"Brookside Health And Wellness, LLC",Brookside Health And Wellness,US,brooksidehealthandwellness.com,https://brooksidehealthandwellness.com,Found,High,Clearbit Autocomplete
Sodus Community Health,Sodus Community Health,US,,,Not Found,None,N/A
Women's Health Alliance- Dallas,Womens Health Alliance- Dallas,US,,,Not Found,None,N/A
Rittenhouse Internal Medicine,Rittenhouse Internal Medicine,US,,,Not Found,None,N/A
Pandora Family Medicine,Pandora Family Medicine,US,,,Not Found,None,N/A
Pediatric Associates - Arlington,Pediatric Associates - Arlington,US,,,Not Found,None,N/A
Brookside Telehealth/ Telemedicine,Brookside Telehealth Telemedicine,US,,,Not Found,None,N/A
HCA HealthONE Rocky Mountain Pediatric Orthopedics,HCA HealthONE Rocky Mountain Pediatric Orthopedics,US,,,Not Found,None,N/A
Maiden Lane Medical Midtown,Maiden Lane Medical Midtown,US,,,Not Found,None,N/A
Maiden Lane Medical Downtown Gynecology,Maiden Lane Medical Downtown Gynecology,US,,,Not Found,None,N/A
Hastings Internal and Family Medicine,Hastings Internal and Family Medicine,US,,,Not Found,None,N/A
Xfactor Md Medspa Llc,Xfactor Medspa,US,,,Not Found,None,N/A
Professional Healthcare of Pinellas - Central Ave,Professional Healthcare of Pinellas - Central Ave,US,,,Not Found,None,N/A
QuickVisit Urgent Care-Washington,QuickVisit Urgent Care-Washington,US,,,Not Found,None,N/A
.45th Street,45th Street,US,45thstreet.com,https://45thstreet.com,Found,High,Direct Practice Verification
QuickVisit Urgent Care-Osceola,QuickVisit Urgent Care-Osceola,US,,,Not Found,None,N/A
QuickVisit Urgent Care-Newton,QuickVisit Urgent Care-Newton,US,,,Not Found,None,N/A
Cardinal Pediatrics PLLC,Cardinal Pediatrics,US,cardinalpediatrics.com,https://cardinalpediatrics.com,Found,High,Direct Practice Verification
QuickVisit Urgent Care-Mount Pleasant,QuickVisit Urgent Care-Mount Pleasant,US,,,Not Found,None,N/A
QuickVisit Urgent Care-Grinnell,QuickVisit Urgent Care-Grinnell,US,,,Not Found,None,N/A
QuickVisit Urgent Care-Fort Madison,QuickVisit Urgent Care-Fort Madison,US,,,Not Found,None,N/A
Cardinal Pediatrics PLLC Chelmsford,Cardinal Pediatrics Chelmsford,US,,,Not Found,None,N/A
The Wellness Station-Lavon,The Wellness Station-Lavon,US,,,Not Found,None,N/A
"Fastdoc Urgent Care, Allen",Fastdoc Urgent Care Allen,US,,,Not Found,None,N/A
"FastDoc Urgent Care, Frisco",FastDoc Urgent Care Frisco,US,,,Not Found,None,N/A
"FastDoc Urgent Care, Marshfield",FastDoc Urgent Care Marshfield,US,,,Not Found,None,N/A
HealthCARE Express - Sherwood,HealthCARE Express - Sherwood,US,,,Not Found,None,N/A
HealthCARE Express - Richmond Road,HealthCARE Express - Richmond Road,US,,,Not Found,None,N/A
HealthCARE Express - Mt. Pleasant,HealthCARE Express - Mt Pleasant,US,,,Not Found,None,N/A
HealthCARE Express - Moore,HealthCARE Express - Moore,US,,,Not Found,None,N/A
HealthCARE Express - Midwest City,HealthCARE Express - Midwest City,US,,,Not Found,None,N/A
HealthCARE Express - Maumelle,HealthCARE Express - Maumelle,US,,,Not Found,None,N/A
HealthCARE Express - Marshall,HealthCARE Express - Marshall,US,,,Not Found,None,N/A
HealthCARE Express - Longview,HealthCARE Express - Longview,US,,,Not Found,None,N/A
HealthCARE Express - DeQueen,HealthCARE Express - DeQueen,US,,,Not Found,None,N/A
HealthCARE Express - Choctaw,HealthCARE Express - Choctaw,US,,,Not Found,None,N/A
Westover Hills Clinic,Westover Hills Clinic,US,westoverhills.com,https://westoverhills.com,Found,High,Direct Practice Verification
HealthCARE Express - Blanchard,HealthCARE Express - Blanchard,US,,,Not Found,None,N/A
HealthCARE Express - Bryant,HealthCARE Express - Bryant,US,,,Not Found,None,N/A
Premier Health & Wellness,Premier Health & Wellness,US,premierhealthwellness.com,https://premierhealthwellness.com,Found,High,Direct Practice Verification
North Richland Hills Office of Rheumatology Assoc,North Richland Hills Office of Rheumatology Assoc,US,,,Not Found,None,N/A
Talkiatry NoMad,Talkiatry NoMad,US,,,Not Found,None,N/A
NIP DBA MAP Wrightsboro,NIP DBA MAP Wrightsboro,US,,,Not Found,None,N/A
Lewisgale Physicians Virginia Orthopedics,Lewisgale Physicians Virginia Orthopedics,US,,,Not Found,None,N/A
Virtual Premier Health and Wellness,Virtual Premier Health and Wellness,US,,,Not Found,None,N/A
OB GYN PLACE - Main Arcadia,OB GYN PLACE - Main Arcadia,US,,,Not Found,None,N/A
OB GYN Place - Glendale,OB GYN Place - Glendale,US,,,Not Found,None,N/A
433111ENC ADC N CLINIC 3S ENDO,433111ENC ADC N CLINIC 3S ENDO,US,,,Not Found,None,N/A
Lansdale TriValley Primary Care,Lansdale TriValley Primary Care,US,,,Not Found,None,N/A
Integrated Health Center Westport,Integrated Health Center Westport,US,,,Not Found,None,N/A
Integrated Health Center Milford,Integrated Health Center Milford,US,,,Not Found,None,N/A
Novi Michigan Spine And Brain Surgeons,Novi Michigan Spine And Brain Surgeons,US,,,Not Found,None,N/A
Macomb Michigan Spine and Brain Surgeons,Macomb Michigan Spine and Brain Surgeons,US,,,Not Found,None,N/A
Southfield Michigan Spine And Brain Surgeons,Southfield Michigan Spine And Brain Surgeons,US,,,Not Found,None,N/A
OrthoIllinois Algonquin - Injury Express,OrthoIllinois Algonquin - Injury Express,US,,,Not Found,None,N/A
POP NOW,POP NOW,US,popnow.com.br,https://popnow.com.br,Found,High,Clearbit Autocomplete
Central Clinic Llc,Central Clinic,US,centralclinic.org,https://centralclinic.org,Found,High,Direct Practice Verification
HMC - Kodali (Katy),HMC - Kodali,US,,,Not Found,None,N/A
HMC - Kodali (Sugar Land),HMC - Kodali,US,,,Not Found,None,N/A
PRABHA MOHAN MD PA,PRABHA MOHAN PA,US,,,Not Found,None,N/A
Absolute Healthcare Tampa LLC,Absolute Healthcare Tampa,US,,,Not Found,None,N/A
FHCN Downtown,FHCN Downtown,US,,,Not Found,None,N/A
Mass Lung & Allergy- Leom,Mass Lung & Allergy- Leom,US,,,Not Found,None,N/A
Mass Lung & Allergy - Prescott Street,Mass Lung & Allergy - Prescott Street,US,,,Not Found,None,N/A
Mass Lung & Allergy - Westborough,Mass Lung & Allergy - Westborough,US,,,Not Found,None,N/A
Pioneer After Hours Clinic-Fairlawn,Pioneer After Hours Clinic-Fairlawn,US,,,Not Found,None,N/A
Pioneer After Hours Clinic-Cuyahoga Falls,Pioneer After Hours Clinic-Cuyahoga Falls,US,,,Not Found,None,N/A
Restoration Orthopedics,Restoration Orthopedics,US,restorationorthopedics.com,https://restorationorthopedics.com,Found,High,Direct Practice Verification
Accord Medical Group Pllc,Accord Medical Group,US,accordmedicalgroup.com,https://accordmedicalgroup.com,Found,High,Direct Practice Verification
"SCAPS MEDICAL LLC - Pierre Deltor, MD",SCAPS MEDICAL - Pierre Deltor,US,,,Not Found,None,N/A
9 Feldman ENT CC,9 Feldman ENT CC,US,,,Not Found,None,N/A
RiverStone Health Immunization Clinic,RiverStone Health Immunization Clinic,US,,,Not Found,None,N/A
9 Feldman ENT Bethesda,9 Feldman ENT Bethesda,US,,,Not Found,None,N/A
IHC At Marion,IHC At Marion,US,,,Not Found,None,N/A
Accord Medical Group-SHELDON,Accord Medical Group-SHELDON,US,,,Not Found,None,N/A
Level One Neurosurgery LLC,Level One Neurosurgery,US,,,Not Found,None,N/A
Talkiatry Virginia,Talkiatry Virginia,US,,,Not Found,None,N/A
Hillcroft Medical Clinic - Houston,Hillcroft Medical Clinic - Houston,US,,,Not Found,None,N/A
"1 Peter R. Kvapil MD, PA",1 Peter R Kvapil PA,US,,,Not Found,None,N/A
Grants Pass Clinic,Grants Pass Clinic,US,grantspassclinic.com,https://grantspassclinic.com,Found,High,Direct Practice Verification
Trokhan Dermatology LLC,Trokhan Dermatology,US,,,Not Found,None,N/A
StoneCrest Family Physicians,StoneCrest Family Physicians,US,,,Not Found,None,N/A
Pediatric Cardiology Center of Oregon,Pediatric Cardiology Center of Oregon,US,,,Not Found,None,N/A
Vancouver Clinic - Columbia Tech Center,Vancouver Clinic - Columbia Tech Center,US,,,Not Found,None,N/A
St Vincent Office,St Vincent Office,US,,,Not Found,None,N/A
West Cary Family Physicians,West Cary Family Physicians,US,westcaryfamilyphysicians.com,https://westcaryfamilyphysicians.com,Found,High,Direct Practice Verification
Pendleton Outreach,Pendleton Outreach,US,,,Not Found,None,N/A
Northwest Pediatrics and Adolescent Medicine,Northwest Pediatrics and Adolescent Medicine,US,,,Not Found,None,N/A
CVFM-West Mountain View,CVFM-West Mountain View,US,,,Not Found,None,N/A
Plantation,Plantation,US,plantation.com,https://plantation.com,Found,High,Direct Practice Verification
AZLE CENTRAL Palm Primary Care,AZLE CENTRAL Palm Primary Care,US,,,Not Found,None,N/A
The Vancouver Clinic,The Vancouver Clinic,US,,,Not Found,None,N/A
Geneva Community Health,Geneva Community Health,US,,,Not Found,None,N/A
"Medhealth Clinical, Inc. WG",Medhealth Clinical WG,US,,,Not Found,None,N/A
Loon Lake Primary Care,Loon Lake Primary Care,US,loonlakeprimarycare.com,https://loonlakeprimarycare.com,Found,High,Direct Practice Verification
Prime Medical 3,Prime Medical 3,US,prime-medical.com,https://prime-medical.com,Found,High,Clearbit Autocomplete
MedHelp,MedHelp,US,medhelp.net,https://medhelp.net,Found,High,Direct Practice Verification
Metro Medical Associates LLC,Metro Medical Associates,US,metromedicalassociates.com,https://metromedicalassociates.com,Found,High,Direct Practice Verification
Paris Pediatric Clinic,Paris Pediatric Clinic,US,,,Not Found,None,N/A
HEALTH FIRST CARE CLINIC,HEALTH FIRST CARE CLINIC,US,healthfirstcare.com,https://healthfirstcare.com,Found,High,Direct Practice Verification
Sunshine Pediatrics of Lutz,Sunshine Pediatrics of Lutz,US,,,Not Found,None,N/A
Stonebridge Adult Medicine Pa,Stonebridge Adult Medicine Pa,US,,,Not Found,None,N/A
Leavitt Family Medicine,Leavitt Family Medicine,US,leavittfamilymedicine.com,https://leavittfamilymedicine.com,Found,High,Clearbit Autocomplete
Middle Tennessee Vein Clinic,Middle Tennessee Vein Clinic,US,middletennesseevein.com,https://middletennesseevein.com,Found,High,Direct Practice Verification
Florida Spine & Pain Center - Hollywood- NEW PATIENTS MUST CALL OFFICE TO SCHEDULE,Florida Spine & Pain Center - Hollywood- NEW PATIENTS MUST CALL OFFICE TO SCHEDULE,US,,,Not Found,None,N/A
Florida Spine & Pain Center,Florida Spine & Pain Center,US,,,Not Found,None,N/A
Westover Hills Campus,Westover Hills Campus,US,,,Not Found,None,N/A
Central Pediatrics Woodbury,Central Pediatrics Woodbury,US,,,Not Found,None,N/A
Coastal Kids - Huntington Beach,Coastal Kids - Huntington Beach,US,,,Not Found,None,N/A
Be Well Medical Center Pc,Be Well Medical Center,US,,,Not Found,None,N/A
Wellness Clinic- Flint,Wellness Clinic- Flint,US,,,Not Found,None,N/A
"Maryville - Allergy, Asthma & Immunology Center",Maryville - Allergy Asthma & Immunology Center,US,,,Not Found,None,N/A
"Knoxville - Allergy, Asthma & Immunology Center",Knoxville - Allergy Asthma & Immunology Center,US,,,Not Found,None,N/A
The Headache Specialists Pllc,The Headache Specialists,US,,,Not Found,None,N/A
"JC-AAIC Ty Prince, PLLC",JC-AAIC Ty Prince,US,,,Not Found,None,N/A
Leesburg Sterling Family Pract Blnd,Leesburg Sterling Family Pract Blnd,US,,,Not Found,None,N/A
"CK-AAIC Ty Prince, PLLC",CK-AAIC Ty Prince,US,,,Not Found,None,N/A
Graham Medical Group Canton,Graham Medical Group Canton,US,,,Not Found,None,N/A
Mobee Medical Associates Pllc,Mobee Medical Associates,US,,,Not Found,None,N/A
Patrick D Martyka DPM PCH,Patrick D Martyka PCH,US,,,Not Found,None,N/A
011 San Marcos,San Marcos,US,sanmarcos.com,https://sanmarcos.com,Found,High,Direct Practice Verification
River Road Medical Group,River Road Medical Group,US,riverroadmedical.com,https://riverroadmedical.com,Found,High,Clearbit Autocomplete
Patrick D Martyka DPM EFM,Patrick D Martyka EFM,US,,,Not Found,None,N/A
INTEGRITY INTERNAL MEDICINE,INTEGRITY INTERNAL MEDICINE,US,integrityinternalmedicine.com,https://integrityinternalmedicine.com,Found,High,Direct Practice Verification
Family Practice Dyer,Family Practice Dyer,US,,,Not Found,None,N/A
LewisGale Physicians Orthopedics,LewisGale Physicians Orthopedics,US,,,Not Found,None,N/A
Johns Creek Office,Johns Creek Office,US,,,Not Found,None,N/A
Oak Tree Patientcare,Oak Tree Patientcare,US,oaktreepatientcare.com,https://oaktreepatientcare.com,Found,High,Direct Practice Verification
Metro Healthy Communities at New Port Richey,Metro Healthy Communities at New Port Richey,US,,,Not Found,None,N/A
Metro Healthy Communities at Clearwater,Metro Healthy Communities at Clearwater,US,,,Not Found,None,N/A
Leesburg Sterling Family Practice Stone Springs,Leesburg Sterling Family Practice Stone Springs,US,,,Not Found,None,N/A
"Qvita Health And Wellness, LLC",Qvita Health And Wellness,US,qvitahealthandwellness.com,https://qvitahealthandwellness.com,Found,High,Direct Practice Verification
Your Choice Healthcare Pc,Your Choice Healthcare,US,yourchoicehealthcare.com,https://yourchoicehealthcare.com,Found,High,Direct Practice Verification
West Peachtree Office,West Peachtree Office,US,,,Not Found,None,N/A
Ferny Midtown East,Ferny Midtown East,US,,,Not Found,None,N/A
Primary Care Walk In Medical Clinic - Gilbert Office,Primary Care Walk In Medical Clinic - Gilbert Office,US,,,Not Found,None,N/A
Specialty Pediatric Solutions,Specialty Pediatric Solutions,US,,,Not Found,None,N/A
Hudson River OBGYN,Hudson River OBGYN,US,hudsonriverobgyn.com,https://hudsonriverobgyn.com,Found,High,Direct Practice Verification
Baton Rouge OBGYN,Baton Rouge OBGYN,US,batonrougeobgyn.com,https://batonrougeobgyn.com,Found,High,Direct Practice Verification
Fhcc Tylertown,Fhcc Tylertown,US,,,Not Found,None,N/A
MAA Womens Health LLC,MAA Womens Health,US,maawomenshealth.com,https://maawomenshealth.com,Found,High,Direct Practice Verification
Your Choice McRae,Your Choice McRae,US,,,Not Found,None,N/A
Complete Local Specialty Care Narcoossee,Complete Local Specialty Care Narcoossee,US,,,Not Found,None,N/A
Texas Lung and Sleep - Webster,Texas Lung and Sleep - Webster,US,,,Not Found,None,N/A
Stripes Primary Care (Mesa),Stripes Primary Care,US,stripesprimarycare.com,https://stripesprimarycare.com,Found,High,Direct Practice Verification
Stripes Primary Care (101 Mesa),Stripes Primary Care,US,stripesprimarycare.com,https://stripesprimarycare.com,Found,High,Direct Practice Verification
Midtown Office,Midtown Office,US,midtownoffice.com,https://midtownoffice.com,Found,High,Direct Practice Verification
"MACON LUNG CENTER, PC",MACON LUNG CENTER,US,maconlungcenter.com,https://maconlungcenter.com,Found,High,Direct Practice Verification
Texas Lung and Sleep - Sugar Land,Texas Lung and Sleep - Sugar Land,US,,,Not Found,None,N/A
Stripes Primary Care AJ,Stripes Primary Care AJ,US,,,Not Found,None,N/A
Pediatric Associates - Hialeah,Pediatric Associates - Hialeah,US,,,Not Found,None,N/A
"Capital Premier Women's Health, Pa",Capital Premier Womens Health Pa,US,,,Not Found,None,N/A
Endocrinology Institute of South FL Fort Myers,Endocrinology Institute of South FL Fort Myers,US,,,Not Found,None,N/A
Endocrinology Institute of South FL Estero,Endocrinology Institute of South FL Estero,US,,,Not Found,None,N/A
MD Pediatric Center,Pediatric Center,US,pediatriccenter.com,https://pediatriccenter.com,Found,High,Direct Practice Verification
468 Parish Drive,Parish Drive,US,,,Not Found,None,N/A
Precision Health Consulting & Clinic,Precision Health Consulting & Clinic,US,precisionhealthconsulting.com,https://precisionhealthconsulting.com,Found,High,Direct Practice Verification
Aurora Denver Cardiology Associates - Aurora,Aurora Denver Cardiology Associates - Aurora,US,,,Not Found,None,N/A
Greenbriar Fairfax Pediatric Associates,Greenbriar Fairfax Pediatric Associates,US,,,Not Found,None,N/A
McLeod Urgent Care Darlington,McLeod Urgent Care Darlington,US,,,Not Found,None,N/A
Opulence Health and Wellness,Opulence Health and Wellness,US,,,Not Found,None,N/A
Telemedicine,Telemedicine,US,telemedicine.com,https://telemedicine.com,Found,High,Direct Practice Verification
"Omar M Jeroudi, MD PA",Omar M Jeroudi PA,US,,,Not Found,None,N/A
Amazing Medical Services P.C,Amazing Medical Services P C,US,,,Not Found,None,N/A
Preston Family Healthcare,Preston Family Healthcare,US,prestonfamilyhealthcare.com,https://prestonfamilyhealthcare.com,Found,High,Direct Practice Verification
Down There Urology - DOWNTOWN,Down There Urology - DOWNTOWN,US,,,Not Found,None,N/A
Down There Urology - DEER PARK,Down There Urology - DEER PARK,US,,,Not Found,None,N/A
Dynamic Urgent Care Pc,Dynamic Urgent Care,US,,,Not Found,None,N/A
Anew Mental & Behavioral Health Services,Anew Mental & Behavioral Health Services,US,,,Not Found,None,N/A
Texas Behavioral Health of Friendswood,Texas Behavioral Health of Friendswood,US,,,Not Found,None,N/A
Arvhamed Primary Care Llc,Arvhamed Primary Care,US,,,Not Found,None,N/A
Sanitas Wellington,Sanitas Wellington,US,,,Not Found,None,N/A
Sanitas Palm Beach Gardens,Sanitas Palm Beach Gardens,US,,,Not Found,None,N/A
Foundation Family Practice Pllc,Foundation Family Practice,US,,,Not Found,None,N/A
Sanitas Lake Worth,Sanitas Lake Worth,US,,,Not Found,None,N/A
OBGYN Ultrasound,OBGYN Ultrasound,US,obgynultrasound.org,https://obgynultrasound.org,Found,High,Direct Practice Verification
GIFTED PRIMARY CARE LLC,GIFTED PRIMARY CARE,US,giftedprimarycare.com,https://giftedprimarycare.com,Found,High,Direct Practice Verification
I-693 clinic,I-693 clinic,US,i693clinic.com,https://i693clinic.com,Found,High,Direct Practice Verification
AEC Avant Behavioral Consultants Inc,AEC Avant Behavioral Consultants,US,,,Not Found,None,N/A
AIP Avant Behavioral Consultants Inc,AIP Avant Behavioral Consultants,US,,,Not Found,None,N/A
ASA Avant Behavioral Consultants Inc,ASA Avant Behavioral Consultants,US,,,Not Found,None,N/A
Avant Kennestone,Avant Kennestone,US,,,Not Found,None,N/A
Chisholm Trail Pediatrics Georgetown,Chisholm Trail Pediatrics Georgetown,US,,,Not Found,None,N/A
Peninsula Allergy and Asthma Center,Peninsula Allergy and Asthma Center,US,,,Not Found,None,N/A
Katy Internists,Katy Internists,US,katyinternists.com,https://katyinternists.com,Found,High,Direct Practice Verification
NEAD Health Colon and Pilonidal Clinic (The Woodlands),NEAD Health Colon and Pilonidal Clinic,US,,,Not Found,None,N/A
NEAD Health Colon and Pilonidal Clinic (Cypress),NEAD Health Colon and Pilonidal Clinic,US,,,Not Found,None,N/A
Optimal Health Associates LLC,Optimal Health Associates,US,optimalhealthassociates.com,https://optimalhealthassociates.com,Found,High,Direct Practice Verification
Sanitas Plantation,Sanitas Plantation,US,,,Not Found,None,N/A
Darwish Wellness Medical Office Pc,Darwish Wellness Medical Office,US,,,Not Found,None,N/A
GFH Liberal,GFH Liberal,US,,,Not Found,None,N/A
Desert Bloom Family Medicine Surpri,Desert Bloom Family Medicine Surpri,US,,,Not Found,None,N/A
Contentnea Health JH Rose,Contentnea Health JH Rose,US,,,Not Found,None,N/A
Northside Office,Northside Office,US,northsideofficefurniture.com.au,https://northsideofficefurniture.com.au,Found,High,Clearbit Autocomplete
Laurel Childrens Clinic,Laurel Childrens Clinic,US,laurelchildrensclinic.com,https://laurelchildrensclinic.com,Found,High,Direct Practice Verification
HG Wellness Solutions Inc,HG Wellness Solutions,US,,,Not Found,None,N/A
WHI - Warner Robins,WHI - Warner Robins,US,,,Not Found,None,N/A
WHI Arkwright Landing,WHI Arkwright Landing,US,,,Not Found,None,N/A
Shalom GP Medical Group,Shalom GP Medical Group,US,,,Not Found,None,N/A
Sugar Land Pediatric Clinic,Sugar Land Pediatric Clinic,US,sugarlandpediatricclinic.com,https://sugarlandpediatricclinic.com,Found,High,Direct Practice Verification
Atlanta Allergy And Asthma- Douglasville,Atlanta Allergy And Asthma- Douglasville,US,,,Not Found,None,N/A
Pediatric Associates - Boynton East,Pediatric Associates - Boynton East,US,,,Not Found,None,N/A
Locust Grove Family Medicine,Locust Grove Family Medicine,US,locustgrovefamilymedicine.com,https://locustgrovefamilymedicine.com,Found,High,Direct Practice Verification
"Ear, Nose and Throat Specialty Care Coon Rapids",Ear Nose and Throat Specialty Care Coon Rapids,US,,,Not Found,None,N/A
Ear Nose and Throat Specialty Care Saint Louis Park,Ear Nose and Throat Specialty Care Saint Louis Park,US,,,Not Found,None,N/A
Peak Heart & Vascular Cottonwood,Peak Heart & Vascular Cottonwood,US,,,Not Found,None,N/A
West - Primary Care Joliet,West - Primary Care Joliet,US,,,Not Found,None,N/A
East Cobb Office,East Cobb Office,US,,,Not Found,None,N/A
The ENT and Allergy Centers of Texas- McKinney Office,The ENT and Allergy Centers of Texas- McKinney Office,US,,,Not Found,None,N/A
Reliance Family Care,Reliance Family Care,US,,,Not Found,None,N/A
The ENT & Allergy Centers of Texas - Allen Office,The ENT & Allergy Centers of Texas - Allen Office,US,,,Not Found,None,N/A
NIMISHA H SHAH,NIMISHA H SHAH,US,,,Not Found,None,N/A
Primary Care To You Llc,Primary Care To You,US,primarycaretoyou.com,https://primarycaretoyou.com,Found,High,Direct Practice Verification
Obstetrics & Gynecology Associates - Voorhees,Obstetrics & Gynecology Associates - Voorhees,US,,,Not Found,None,N/A
Obstetrics and Gynecology Associates - Sewell,Obstetrics and Gynecology Associates - Sewell,US,,,Not Found,None,N/A
Westside Primary Care,Westside Primary Care,US,westsideprimarycare.com,https://westsideprimarycare.com,Found,High,Direct Practice Verification
Woodstock Office,Woodstock Office,US,woodstockofficespace.com,https://woodstockofficespace.com,Found,High,Clearbit Autocomplete
Institute for Women's Health and Body - Davie,Institute for Womens Health and Body - Davie,US,,,Not Found,None,N/A
Nilam Khurana MD,Nilam Khurana,US,,,Not Found,None,N/A
Elite Cardiovascular Group,Elite Cardiovascular Group,US,,,Not Found,None,N/A
Tye Family Care,Tye Family Care,US,,,Not Found,None,N/A
FHS Medical Center,FHS Medical Center,US,,,Not Found,None,N/A
FHS Margaretta Elementary School,FHS Margaretta Elementary School,US,,,Not Found,None,N/A
Main Street Medical PC,Main Street Medical,US,mainstreetmed.com.au,https://mainstreetmed.com.au,Found,High,Clearbit Autocomplete
FHS Margaretta High School,FHS Margaretta High School,US,,,Not Found,None,N/A
FHS Townsend Community School,FHS Townsend Community School,US,,,Not Found,None,N/A
AMG Fort Washington Primary Care,AMG Fort Washington Primary Care,US,,,Not Found,None,N/A
"AVALON MEDICAL CENTER, LLC",AVALON MEDICAL CENTER,US,avalonmedicalcenter.com,https://avalonmedicalcenter.com,Found,High,Direct Practice Verification
Camp Creek Office,Camp Creek Office,US,,,Not Found,None,N/A
180 Mental Health And Wellness LLC TV,Mental Health And Wellness TV,US,,,Not Found,None,N/A
VIP Rheumatology Mt. Laurel,VIP Rheumatology Mt Laurel,US,,,Not Found,None,N/A
VIP Rheumatology Galloway,VIP Rheumatology Galloway,US,,,Not Found,None,N/A
CFAC-Hamilton,CFAC-Hamilton,US,,,Not Found,None,N/A
CMG FP-Carson (New Patients must call the office ),CMG FP-Carson,US,,,Not Found,None,N/A
CMG FP-Minden (New Patients must call the office ),CMG FP-Minden,US,,,Not Found,None,N/A
Gulf Coast Medical Center South,Gulf Coast Medical Center South,US,,,Not Found,None,N/A
Gulf Coast Medical Center Spring Hill,Gulf Coast Medical Center Spring Hill,US,,,Not Found,None,N/A
Centers for Advanced ENT Care- Olney,Centers for Advanced ENT Care- Olney,US,,,Not Found,None,N/A
Centers For Advanced ENT Care- Leisure World,Centers For Advanced ENT Care- Leisure World,US,,,Not Found,None,N/A
UPMC Orthopaedic Care Foot/Ankle - Cecil,UPMC Orthopaedic Care Foot Ankle - Cecil,US,,,Not Found,None,N/A
UPMC Orthopaedic Care Foot/Ankle - NHC,UPMC Orthopaedic Care Foot Ankle - NHC,US,,,Not Found,None,N/A
UPMC Orthopaedic Care Foot/Ankle - Washington,UPMC Orthopaedic Care Foot Ankle - Washington,US,,,Not Found,None,N/A
Piedmont Office,Piedmont Office,US,piedmontoffice.com,https://piedmontoffice.com,Found,High,Clearbit Autocomplete
Streetsboro Podiatry,Streetsboro Podiatry,US,,,Not Found,None,N/A
White Pond Specialty,White Pond Specialty,US,,,Not Found,None,N/A
Neurosurgical Specialists - Margate,Neurosurgical Specialists - Margate,US,,,Not Found,None,N/A
Nia D Banks MD PhD LLC,Nia D Banks PhD,US,,,Not Found,None,N/A
"The Performance Lab, Llc",The Performance Lab,US,theperformancelab.com,https://theperformancelab.com,Found,High,Direct Practice Verification
Texomacare Specialty Gastroenterology,Texomacare Specialty Gastroenterology,US,,,Not Found,None,N/A
AvitaCare Atlanta,AvitaCare Atlanta,US,avitacareatlanta.com,https://avitacareatlanta.com,Found,High,Direct Practice Verification
Sole Health Llc,Sole Health,US,solehealth.org,https://solehealth.org,Found,High,Direct Practice Verification
Tomball Woman's Healthcare Center,Tomball Womans Healthcare Center,US,,,Not Found,None,N/A
Frederick Foot and Ankle 141,Frederick Foot and Ankle 141,US,,,Not Found,None,N/A
WP - Northwestern,WP - Northwestern,US,,,Not Found,None,N/A
WP - Bucktown,WP - Bucktown,US,,,Not Found,None,N/A
CHN TREMONT,CHN TREMONT,US,,,Not Found,None,N/A
Sole Health LLC/Telehealth,Sole Health Telehealth,US,,,Not Found,None,N/A
Florida Spine & Pain Center - Lauderdale Lakes,Florida Spine & Pain Center - Lauderdale Lakes,US,,,Not Found,None,N/A
Florida Spine & Pain Center- Hollywood,Florida Spine & Pain Center- Hollywood,US,,,Not Found,None,N/A
Primary Care Walk- In Fountain Hills,Primary Care Walk- In Fountain Hills,US,,,Not Found,None,N/A
Hackensack Digestive Disease Associates,Hackensack Digestive Disease Associates,US,,,Not Found,None,N/A
OrthoIllinois Elgin,OrthoIllinois Elgin,US,orthoillinois.elgin address,https://orthoillinois.elgin address,Found,High,Valentin Google (US)
Commonwealth OBGYN Specialists,Commonwealth OBGYN Specialists,US,,,Not Found,None,N/A
Serenity Primary Care,Serenity Primary Care,US,serenityprimarycare.com,https://serenityprimarycare.com,Found,High,Direct Practice Verification
CRCCP Glendale,CRCCP Glendale,US,,,Not Found,None,N/A
Noorani Medical Center,Noorani Medical Center,US,nooranimedicalcenter.com,https://nooranimedicalcenter.com,Found,High,Direct Practice Verification
CRCCP Grayhawk,CRCCP Grayhawk,US,,,Not Found,None,N/A
CRCCP Phoenix Northern D270,CRCCP Phoenix Northern D270,US,,,Not Found,None,N/A
Cardinal Internal Medicine,Cardinal Internal Medicine,US,cardinalinternalmedicine.com,https://cardinalinternalmedicine.com,Found,High,Direct Practice Verification
Douglasville Office,Douglasville Office,US,,,Not Found,None,N/A
Hiram Office,Hiram Office,US,,,Not Found,None,N/A
Chantilly Pediatrics,Chantilly Pediatrics,US,chantillypediatrics.com,https://chantillypediatrics.com,Found,High,Direct Practice Verification
Stafford Location,Stafford Location,US,,,Not Found,None,N/A
Oak Hill Women's Health- Nature Coast Medical Pavilion,Oak Hill Womens Health- Nature Coast Medical Pavilion,US,,,Not Found,None,N/A
Chantilly Pediatrics At Stone Sprin,Chantilly Pediatrics At Stone Sprin,US,,,Not Found,None,N/A
CHEMED Internal Medicine,CHEMED Internal Medicine,US,,,Not Found,None,N/A
Valencia Center For Womens Health,Valencia Center For Womens Health,US,,,Not Found,None,N/A
Midtown,Midtown,US,midtown.com,https://midtown.com,Found,High,Direct Practice Verification
INCARE RIVERVIEW APPOINTMENT,INCARE RIVERVIEW APPOINTMENT,US,,,Not Found,None,N/A
INCARE DOWNTOWN TAMPA APPOINTMENT,INCARE DOWNTOWN TAMPA APPOINTMENT,US,,,Not Found,None,N/A
UCF Health Ste 360,UCF Health Ste 360,US,,,Not Found,None,N/A
First Care Medical Clinic - Nations Ford,First Care Medical Clinic - Nations Ford,US,,,Not Found,None,N/A
CAMG Redlands 345,CAMG Redlands 345,US,,,Not Found,None,N/A
Broward Orthopedics - Margate,Broward Orthopedics - Margate,US,,,Not Found,None,N/A
Pediatric Associates - Heron Bay,Pediatric Associates - Heron Bay,US,,,Not Found,None,N/A
Institute for Women's Health and Body - Loxahatchee,Institute for Womens Health and Body - Loxahatchee,US,,,Not Found,None,N/A
Franconia TriValley Primary Care,Franconia TriValley Primary Care,US,,,Not Found,None,N/A
Thirlby Clinic PLC,Thirlby Clinic PLC,US,,,Not Found,None,N/A
9 Feldman ENT DC,9 Feldman ENT,US,,,Not Found,None,N/A
Feldman ENT Chevy Chase,Feldman ENT Chevy Chase,US,,,Not Found,None,N/A
Aspire Medical Group Llc,Aspire Medical Group,US,aspiremedicalgroup.org,https://aspiremedicalgroup.org,Found,High,Direct Practice Verification
Autumn Medical Group,Autumn Medical Group,US,,,Not Found,None,N/A
NANCY KING MD PLLC,NANCY KING,US,nancykingcustomfit.com,https://nancykingcustomfit.com,Found,High,Clearbit Autocomplete
"Optimum Primary Care Services, LLC",Optimum Primary Care Services,US,optimumprimarycareservices.com,https://optimumprimarycareservices.com,Found,High,Direct Practice Verification
Essen Health Care 2304,Essen Health Care 2304,US,essenhealthcare.com,https://essenhealthcare.com,Found,High,Clearbit Autocomplete
Essen Health Care 2308,Essen Health Care 2308,US,essenhealthcare.com,https://essenhealthcare.com,Found,High,Clearbit Autocomplete
Mercy Healthcare Pllc,Mercy Healthcare,US,mercyhealthcare.net,https://mercyhealthcare.net,Found,High,Direct Practice Verification
Essen Health Care 899,Essen Health Care 899,US,essenhealthcare.com,https://essenhealthcare.com,Found,High,Clearbit Autocomplete
"Nam H Do, Md",Nam H,US,namh.org,https://namh.org,Found,High,Direct Practice Verification
AMMO Florissant Primary Care,AMMO Florissant Primary Care,US,,,Not Found,None,N/A
Staten Island-Vanguard,Staten Island-Vanguard,US,,,Not Found,None,N/A
"Nahla Salem, M.d., Inc",Nahla Salem M d,US,nahlasalemmd.com,https://nahlasalemmd.com,Found,High,Direct Practice Verification
Canton Office,Canton Office,US,,,Not Found,None,N/A
Soma Medical Center PA 4 Wellington,Soma Medical Center PA 4 Wellington,US,,,Not Found,None,N/A
Ksk 2025 Gi Llc,Ksk 2025 Gi,US,,,Not Found,None,N/A
Steeplechase Pediatric Center Huffmeister,Steeplechase Pediatric Center Huffmeister,US,,,Not Found,None,N/A
Nader Y Abdelsayed MD PC,Nader Y Abdelsayed,US,,,Not Found,None,N/A
Arjan Medical New Boston,Arjan Medical New Boston,US,,,Not Found,None,N/A
Arjan Medical Taylor,Arjan Medical Taylor,US,,,Not Found,None,N/A
Arjan Medical Westland,Arjan Medical Westland,US,,,Not Found,None,N/A
Cross County Medical Care,Cross County Medical Care,US,crosscountymedicalcare.net,https://crosscountymedicalcare.net,Found,High,Direct Practice Verification
Healthy Horizons Clinic,Healthy Horizons Clinic,US,healthyhorizons.com,https://healthyhorizons.com,Found,High,Direct Practice Verification
Internists of North Dallas PA,Internists of North Dallas PA,US,,,Not Found,None,N/A
Cross County Medical-Elmont,Cross County Medical-Elmont,US,,,Not Found,None,N/A
Family Care Specialists,Family Care Specialists,US,,,Not Found,None,N/A
Lone Star Medical Associates Pllc,Lone Star Medical Associates,US,,,Not Found,None,N/A
Healthy Horizons Clinic - Northeast Location,Healthy Horizons Clinic - Northeast Location,US,,,Not Found,None,N/A
Healthy Horizons Clinic Colorado,Healthy Horizons Clinic Colorado,US,,,Not Found,None,N/A
HHC Psychiatry,HHC Psychiatry,US,,,Not Found,None,N/A
HHC Montana,HHC Montana,US,,,Not Found,None,N/A
Healthy Horizons Clinic - Alameda,Healthy Horizons Clinic - Alameda,US,,,Not Found,None,N/A
Healthy Horizons Clinic - Quality,Healthy Horizons Clinic - Quality,US,,,Not Found,None,N/A
Healthy Horizons Clinic - Psychiatry Pasadena,Healthy Horizons Clinic - Psychiatry Pasadena,US,,,Not Found,None,N/A
"Murray Fershtman,MD",Murray Fershtman,US,,,Not Found,None,N/A
North Texas Oncologic and Complex Surgery- Plano,North Texas Oncologic and Complex Surgery- Plano,US,,,Not Found,None,N/A
PEOPLES MEDICAL CARE,PEOPLES MEDICAL CARE,US,,,Not Found,None,N/A
Texoma Heart Group Denison,Texoma Heart Group Denison,US,,,Not Found,None,N/A
Texoma Heart Group Durant,Texoma Heart Group Durant,US,,,Not Found,None,N/A
Prince William Foot and Ankle Center,Prince William Foot and Ankle Center,US,,,Not Found,None,N/A
INSIGHT SURGICAL HOSPITAL WARREN ORTHO,INSIGHT SURGICAL HOSPITAL WARREN ORTHO,US,,,Not Found,None,N/A
INSIGHT SURGICAL HOSPITAL DEARBORN ORTHO,INSIGHT SURGICAL HOSPITAL DEARBORN ORTHO,US,,,Not Found,None,N/A
INSIGHT SURGICAL HOSPITAL FLINT ORTHO,INSIGHT SURGICAL HOSPITAL FLINT ORTHO,US,,,Not Found,None,N/A
INSIGHT ORTHOPEDICS AND SPORTS MEDICINE BRIGHTON,INSIGHT ORTHOPEDICS AND SPORTS MEDICINE BRIGHTON,US,,,Not Found,None,N/A
Family Diagnostic Clinic,Family Diagnostic Clinic,US,familydiagnosticclinic.com,https://familydiagnosticclinic.com,Found,High,Direct Practice Verification
INSIGHT ORTHOPEDICS AND SPORTS MEDICINE NOVI,INSIGHT ORTHOPEDICS AND SPORTS MEDICINE NOVI,US,,,Not Found,None,N/A
West Orange Nephrology In Maitland,West Orange Nephrology In Maitland,US,,,Not Found,None,N/A
West Orange Nephrology In Longwood,West Orange Nephrology In Longwood,US,,,Not Found,None,N/A
Family Diagnostic Clinic-METHODIST,Family Diagnostic Clinic-METHODIST,US,,,Not Found,None,N/A
United Gastroenterology Associates PLLC,United Gastroenterology Associates,US,,,Not Found,None,N/A
Newnan Office,Newnan Office,US,,,Not Found,None,N/A
KELLER Palm Primary Care,KELLER Palm Primary Care,US,,,Not Found,None,N/A
WCHC Conowingo Medical,WCHC Conowingo Medical,US,,,Not Found,None,N/A
Fayetteville Office,Fayetteville Office,US,,,Not Found,None,N/A
ELIXIR Wellness and Family Care,ELIXIR Wellness and Family Care,US,,,Not Found,None,N/A
Internal Medicine Jacob,Internal Medicine Jacob,US,,,Not Found,None,N/A
FL021 Delray 202,Delray 202,US,,,Not Found,None,N/A
Montpelier Clinic,Montpelier Clinic,US,montpelier.com,https://montpelier.com,Found,High,Direct Practice Verification
Medical Associates Plus Dermatology,Medical Associates Plus Dermatology,US,,,Not Found,None,N/A
Skin Solutions - Clarksville,Skin Solutions - Clarksville,US,,,Not Found,None,N/A
SARHA Doctors Center,SARHA Doctors Center,US,,,Not Found,None,N/A
Prime Medical 2a,Prime Medical 2a,US,primemedicalalert.com,https://primemedicalalert.com,Found,High,Clearbit Autocomplete
First Care Medical Clinic -MONROE,First Care Medical Clinic -MONROE,US,,,Not Found,None,N/A
Montpelier Schools,Montpelier Schools,US,,,Not Found,None,N/A
UCF Health Ste 160,UCF Health Ste 160,US,,,Not Found,None,N/A
Spacecoast Infectious Disease Care,Spacecoast Infectious Disease Care,US,,,Not Found,None,N/A
Douglas Dermatology,Douglas Dermatology,US,,,Not Found,None,N/A
Bay Area Allergy and Asthma,Bay Area Allergy and Asthma,US,,,Not Found,None,N/A
Bay Area Allergy and Asthma Fourth,Bay Area Allergy and Asthma Fourth,US,,,Not Found,None,N/A
Peach Pediatrics OA,Peach Pediatrics OA,US,,,Not Found,None,N/A
Peach Pediatrics Norcross,Peach Pediatrics Norcross,US,,,Not Found,None,N/A
Sun River Health Park Avenue Yonkers,Sun River Health Park Avenue Yonkers,US,,,Not Found,None,N/A
TEXOMACARE 2ND FLOOR FAMILY PRACTICE,TEXOMACARE 2ND FLOOR FAMILY PRACTICE,US,,,Not Found,None,N/A
Primary Care of Southern Texas,Primary Care of Southern Texas,US,primary care of southern texas dr. gupta,https://primary care of southern texas dr. gupta,Found,High,Valentin Google (US)
"Healthaxis Clinic, PLLC",Healthaxis Clinic,US,healthaxisclinic.com,https://healthaxisclinic.com,Found,High,Direct Practice Verification
Taft 6517,Taft 6517,US,,,Not Found,None,N/A
Davie Manor,Davie Manor,US,,,Not Found,None,N/A
INSIGHT SURGICAL HOSPITAL FLINT ALLERGY,INSIGHT SURGICAL HOSPITAL FLINT ALLERGY,US,,,Not Found,None,N/A
INSIGHT SURGICAL HOSPITAL WARREN ALLERGY,INSIGHT SURGICAL HOSPITAL WARREN ALLERGY,US,,,Not Found,None,N/A
INSIGHT SURGICAL HOSPITAL DEARBORN ALLERGY,INSIGHT SURGICAL HOSPITAL DEARBORN ALLERGY,US,,,Not Found,None,N/A
Primecare 360 Pc Frisco,Primecare 360 Frisco,US,,,Not Found,None,N/A
Primecare 360 PC Allen,Primecare 360 Allen,US,,,Not Found,None,N/A
Prime Family Care Paterson,Prime Family Care Paterson,US,,,Not Found,None,N/A
1.West Florida Pain Mgmt PA,1 West Florida Pain Mgmt PA,US,,,Not Found,None,N/A
2. West Florida Pain Mgmt PA,2 West Florida Pain Mgmt PA,US,,,Not Found,None,N/A
.83rd Street,83rd Street,US,83rdstreet.com,https://83rdstreet.com,Found,High,Direct Practice Verification
HEAL 360 WYLIE,HEAL 360 WYLIE,US,,,Not Found,None,N/A
.17th Street,17th Street,US,17thstreet.com,https://17thstreet.com,Found,High,Direct Practice Verification
GARLAND HEAL360 PC,GARLAND HEAL360,US,,,Not Found,None,N/A
First Choice Medical Center,First Choice Medical Center,US,firstchoicemedicalcenter.com,https://firstchoicemedicalcenter.com,Found,High,Direct Practice Verification
PLANO HEAL360 PC,PLANO HEAL360,US,,,Not Found,None,N/A
Mediverse Professional Group Pllc,Mediverse Professional Group,US,,,Not Found,None,N/A
Pinnacle Medical Group So. McCarran,Pinnacle Medical Group So McCarran,US,,,Not Found,None,N/A
Pulmonary And Sleep Private Care,Pulmonary And Sleep Private Care,US,,,Not Found,None,N/A
"HUM Digestive & Liver Disease Consults, PA",HUM Digestive & Liver Disease Consults PA,US,,,Not Found,None,N/A
"LB Digestive & Liver Disease Consults, PA",LB Digestive & Liver Disease Consults PA,US,,,Not Found,None,N/A
Wellness Bay LLC,Wellness Bay,US,wellnessbay.com,https://wellnessbay.com,Found,High,Direct Practice Verification
Griffin Office,Griffin Office,US,griffinoffice.com,https://griffinoffice.com,Found,High,Direct Practice Verification
"WDS Digestive & Liver Disease Consults, PA",WDS Digestive & Liver Disease Consults PA,US,,,Not Found,None,N/A
Vitalia (within Functional Performance Building),Vitalia,US,vitalia.net,https://vitalia.net,Found,High,Direct Practice Verification
Alluvion Health Mobile Medical,Alluvion Health Mobile Medical,US,,,Not Found,None,N/A
Family Medical Center Waterhouse,Family Medical Center Waterhouse,US,,,Not Found,None,N/A
AMG Germantown Primary Care,AMG Germantown Primary Care,US,,,Not Found,None,N/A
Neuroscience Consultants 31-First Choice Neurology,Neuroscience Consultants 31-First Choice Neurology,US,,,Not Found,None,N/A
Soma Medical Center PA 4 RPB,Soma Medical Center PA 4 RPB,US,,,Not Found,None,N/A
Mt Lebanon Allergy Associates Inc (JMA),Mt Lebanon Allergy Associates,US,mtlebanonallergy.com,https://mtlebanonallergy.com,Found,High,Direct Practice Verification
Texas Bone and Joint- Lewisville,Texas Bone and Joint- Lewisville,US,,,Not Found,None,N/A
SWHR - MEDINA PRIMARY CARE PLLC,SWHR - MEDINA PRIMARY CARE,US,,,Not Found,None,N/A
Mt Lebanon Allergy Associates Inc (Uniontown),Mt Lebanon Allergy Associates,US,mtlebanonallergy.com,https://mtlebanonallergy.com,Found,High,Direct Practice Verification
Mt Lebanon Allergy Associates Inc (USC),Mt Lebanon Allergy Associates,US,mtlebanonallergy.com,https://mtlebanonallergy.com,Found,High,Direct Practice Verification
Plea - Golden State Dermatology Pleasanton,Plea - Golden State Dermatology Pleasanton,US,,,Not Found,None,N/A
11TH - Golden State Dermatology 11th Tracy,11TH - Golden State Dermatology 11th Tracy,US,,,Not Found,None,N/A
South Jersey Internal Medicine Marlton,South Jersey Internal Medicine Marlton,US,,,Not Found,None,N/A
FDHS Elite Gastro - Tampa,FDHS Elite Gastro - Tampa,US,,,Not Found,None,N/A
FDHS Elite Gastro - Lutz,FDHS Elite Gastro - Lutz,US,,,Not Found,None,N/A
AL001 Gardendale,Gardendale,US,gardendalebaptisttabernacle.org,https://gardendalebaptisttabernacle.org,Found,High,Clearbit Autocomplete
Elite Gastro Trinity,Elite Gastro Trinity,US,,,Not Found,None,N/A
AL001 Pell City,Pell City,US,pellcity.org,https://pellcity.org,Found,High,Direct Practice Verification
Gynecology Specialists of Philadelphia,Gynecology Specialists of Philadelphia,US,,,Not Found,None,N/A
17th Street,17th Street,US,17thstreet.com,https://17thstreet.com,Found,High,Direct Practice Verification
AL001 Trussville,Trussville,US,trussville.com,https://trussville.com,Found,High,Direct Practice Verification
Gynecology Specialists South Philadelphia Office,Gynecology Specialists South Philadelphia Office,US,,,Not Found,None,N/A
Diabetes And Metabolism Specialists,Diabetes And Metabolism Specialists,US,diabetesandmetabolism.com,https://diabetesandmetabolism.com,Found,High,Direct Practice Verification
MedFL Med. Centers PSL East,MedFL Med Centers PSL East,US,,,Not Found,None,N/A
Foot & Ankle Specialists Of Indiana,Foot & Ankle Specialists Of Indiana,US,,,Not Found,None,N/A
Foot & Ankle Specialists of Indiana 5162 E Stop 11,Foot & Ankle Specialists of Indiana 5162 E Stop 11,US,,,Not Found,None,N/A
FCPH At Mid-Ohio Food Collective,FCPH At Mid-Ohio Food Collective,US,,,Not Found,None,N/A
WALK IN GYN CARE MIDDLE VILLAGE,WALK IN GYN CARE MIDDLE VILLAGE,US,,,Not Found,None,N/A
My Health Family Practice,My Health Family Practice,US,myhealthfamilypractice.com,https://myhealthfamilypractice.com,Found,High,Direct Practice Verification
Pediatric Neurology Center Pllc,Pediatric Neurology Center,US,pediatricneurologycenter.com,https://pediatricneurologycenter.com,Found,High,Direct Practice Verification
154-West Paterson Family Medical Center PA,154-West Paterson Family Medical Center PA,US,,,Not Found,None,N/A
CVFM-Viewmont,CVFM-Viewmont,US,,,Not Found,None,N/A
Happy Health and Wellness of Amarillo,Happy Health and Wellness of Amarillo,US,,,Not Found,None,N/A
CHICAGO ENT - SKOKIE,CHICAGO ENT - SKOKIE,US,,,Not Found,None,N/A
VPCHC West Terre Haute,VPCHC West Terre Haute,US,,,Not Found,None,N/A
"MD365 SHIRLEY, A Brookhaven Heart Affiliate",SHIRLEY A Brookhaven Heart Affiliate,US,,,Not Found,None,N/A
Sound Choice Mental Health IN OFFICE,Sound Choice Mental Health IN OFFICE,US,,,Not Found,None,N/A
Sound Choice Mental Health TELEHEALTH,Sound Choice Mental Health TELEHEALTH,US,,,Not Found,None,N/A
Quivira Internal Medicine Inc,Quivira Internal Medicine,US,,,Not Found,None,N/A
Lilac HIGLEY,Lilac HIGLEY,US,,,Not Found,None,N/A
"Maxcure Medical Center, LLC (PembrokePines)",Maxcure Medical Center,US,,,Not Found,None,N/A
VEBA Resource Center - Kearny Mesa,VEBA Resource Center - Kearny Mesa,US,,,Not Found,None,N/A
Gynecologic Oncology,Gynecologic Oncology,US,gynecologiconcology.com,https://gynecologiconcology.com,Found,High,Direct Practice Verification
Virtual VEBA Resource Center - Online,Virtual VEBA Resource Center - Online,US,,,Not Found,None,N/A
Burlington County Obstetrics And Gynecology Willingboro,Burlington County Obstetrics And Gynecology Willingboro,US,,,Not Found,None,N/A
Burlington County Obstetrics And Gynecology Delran,Burlington County Obstetrics And Gynecology Delran,US,,,Not Found,None,N/A
Burlington County Obstetrics And Gynecology Mt Laurel,Burlington County Obstetrics And Gynecology Mt Laurel,US,,,Not Found,None,N/A
Burlington County Obstetrics And Gynecology Columbus,Burlington County Obstetrics And Gynecology Columbus,US,,,Not Found,None,N/A
Sleep Medicine Plano,Sleep Medicine Plano,US,,,Not Found,None,N/A
Gastromed LLC 434,Gastromed 434,US,,,Not Found,None,N/A
Holston Family Health Center,Holston Family Health Center,US,,,Not Found,None,N/A
Gastromed LLC 11440 VCM,Gastromed 11440 VCM,US,,,Not Found,None,N/A
.Maiden Lane,Maiden Lane,US,maidenlane.com,https://maidenlane.com,Found,High,Direct Practice Verification
Gulf Coast Medical Center North,Gulf Coast Medical Center North,US,,,Not Found,None,N/A
"Access Physician, PC",Access Physician,US,accessphysician.com,https://accessphysician.com,Found,High,Direct Practice Verification
Synergy Orthopedic Specialists - Mission Valley,Synergy Orthopedic Specialists - Mission Valley,US,,,Not Found,None,N/A
"1 CAdENT- Siegel, Bosworth and Sorensen Division",1 CAdENT- Siegel Bosworth and Sorensen Division,US,,,Not Found,None,N/A
HCA HealthONE Orthopedic Specialists - Parker,HCA HealthONE Orthopedic Specialists - Parker,US,,,Not Found,None,N/A
Med360 Family Clinic,Med360 Family Clinic,US,,,Not Found,None,N/A
OrthoIllinois Perryville,OrthoIllinois Perryville,US,,,Not Found,None,N/A
MNC WELLNESS CENTER,MNC WELLNESS CENTER,US,mncwellnesscenter.com,https://mncwellnesscenter.com,Found,High,Direct Practice Verification
Synergy Orthopedic Specialists - Eastlake,Synergy Orthopedic Specialists - Eastlake,US,,,Not Found,None,N/A
Suncoast GI Associates - Bradenton,Suncoast GI Associates - Bradenton,US,,,Not Found,None,N/A
170 Changebridge,Changebridge,US,changebridge.org,https://changebridge.org,Found,High,Direct Practice Verification
Pennridge TVPC,Pennridge TVPC,US,,,Not Found,None,N/A
52 SKYLINE DRIVE,SKYLINE DRIVE,US,skylinedrive.net,https://skylinedrive.net,Found,High,Direct Practice Verification
484 Lafayette,Lafayette,US,lafayette.org,https://lafayette.org,Found,High,Direct Practice Verification
Boynton Beach Endocrinology PA,Boynton Beach Endocrinology PA,US,,,Not Found,None,N/A
"Ear, Nose and Throat Specialty Care Burnsville",Ear Nose and Throat Specialty Care Burnsville,US,,,Not Found,None,N/A
205 BROWERTOWN RD MMM202,BROWERTOWN RD MMM202,US,,,Not Found,None,N/A
1195 CLIFTON AVE,CLIFTON AVE,US,,,Not Found,None,N/A
The Center for Orthopaedic Innovations - Ste 500,The Center for Orthopaedic Innovations - Ste 500,US,,,Not Found,None,N/A
Mitchell Whittaker And Wu MDs,Mitchell Whittaker And Wu MDs,US,,,Not Found,None,N/A
Windy Hill Office,Windy Hill Office,US,,,Not Found,None,N/A
"LFM Associates, LLC",LFM Associates,US,,,Not Found,None,N/A
Talkiatry Tennessee,Talkiatry Tennessee,US,,,Not Found,None,N/A
Lees Summit Office,Lees Summit Office,US,,,Not Found,None,N/A
Hill Country Clinic,Hill Country Clinic,US,hillcountryclinic.com,https://hillcountryclinic.com,Found,High,Direct Practice Verification
Kansas City Bone and Joint Clinic,Kansas City Bone and Joint Clinic,US,,,Not Found,None,N/A
Parkland Pulmonary and Sleep Medicine,Parkland Pulmonary and Sleep Medicine,US,,,Not Found,None,N/A
AMG Montgomery Village Primary Care,AMG Montgomery Village Primary Care,US,,,Not Found,None,N/A
Arizona Center For Hand to Shoulder Surgery - Ste 200,Arizona Center For Hand to Shoulder Surgery - Ste 200,US,,,Not Found,None,N/A
"Arizona Center For Hand Surgery, Mesa Dobson",Arizona Center For Hand Surgery Mesa Dobson,US,,,Not Found,None,N/A
Riverview Women's Health - Little Silver,Riverview Womens Health - Little Silver,US,,,Not Found,None,N/A
Riverview Women's Health - Hazlet,Riverview Womens Health - Hazlet,US,,,Not Found,None,N/A
Riverview Women's Health - Little Silver 204,Riverview Womens Health - Little Silver 204,US,,,Not Found,None,N/A
OrthoIllinois Algonquin,OrthoIllinois Algonquin,US,,,Not Found,None,N/A
First Coast Neurosurgery - Kingsley,First Coast Neurosurgery - Kingsley,US,,,Not Found,None,N/A
"Valley Ent, Pc Az Hearing",Valley Ent Az Hearing,US,,,Not Found,None,N/A
Holy Cross Clinic,Holy Cross Clinic,US,holycross.com,https://holycross.com,Found,High,Direct Practice Verification
Bespoke Podiatry,Bespoke Podiatry,US,bespokepodiatry.com,https://bespokepodiatry.com,Found,High,Direct Practice Verification
FL Institute for Pelvic Health and Incontinence,FL Institute for Pelvic Health and Incontinence,US,,,Not Found,None,N/A
CFPM Downtown,CFPM Downtown,US,,,Not Found,None,N/A
Westmed Family Healthcare,Westmed Family Healthcare,US,westmedfamilyhealthcare.com,https://westmedfamilyhealthcare.com,Found,High,Clearbit Autocomplete
CFPM Brownsburg,CFPM Brownsburg,US,,,Not Found,None,N/A
STCI - Heart Plaza One,STCI - Heart Plaza One,US,,,Not Found,None,N/A
Atlantic Coast Medical Center,Atlantic Coast Medical Center,US,,,Not Found,None,N/A
Michael F Carter Md Pc,Michael F Carter,US,,,Not Found,None,N/A
Capital City Orthopaedics,Capital City Orthopaedics,US,,,Not Found,None,N/A
OBGYN Clear Lake,OBGYN Clear Lake,US,,,Not Found,None,N/A
Texas Cardiovascular Specialists- Denton,Texas Cardiovascular Specialists- Denton,US,,,Not Found,None,N/A
MiBella Gynecology LLC,MiBella Gynecology,US,,,Not Found,None,N/A
K-W Community Health Connection,K-W Community Health Connection,US,,,Not Found,None,N/A
The Heart Institute- Largo,The Heart Institute- Largo,US,,,Not Found,None,N/A
South Jersey Orthopedic Associates Turnersville,South Jersey Orthopedic Associates Turnersville,US,,,Not Found,None,N/A
South Jersey Orthopedic Associates Voorhees,South Jersey Orthopedic Associates Voorhees,US,,,Not Found,None,N/A
Mergie Desir MD PLLC(P),Mergie Desir,US,,,Not Found,None,N/A
American Endovascular,American Endovascular,US,americanendovascular.com,https://americanendovascular.com,Found,High,Direct Practice Verification
LEWIS GALE PHYS LLC,LEWIS GALE PHYS,US,,,Not Found,None,N/A
Century Farms Family Practice,Century Farms Family Practice,US,,,Not Found,None,N/A
Doctors Pediatric Pc R,Doctors Pediatric R,US,,,Not Found,None,N/A
William F Ryan CHC,William F Ryan CHC,US,,,Not Found,None,N/A
Pediatric Associates - South Lake,Pediatric Associates - South Lake,US,,,Not Found,None,N/A
Channelview Family Medicine,Channelview Family Medicine,US,channelviewfamilymedicine.com,https://channelviewfamilymedicine.com,Found,High,Direct Practice Verification
054 Roosevelt,Roosevelt,US,roosevelt.com,https://roosevelt.com,Found,High,Direct Practice Verification
Pediatric Associates - A Plus,Pediatric Associates - A Plus,US,,,Not Found,None,N/A
Lee's Summit Family Medicine,Lees Summit Family Medicine,US,,,Not Found,None,N/A
Athena OB/GYN - Horsham,Athena OB GYN - Horsham,US,,,Not Found,None,N/A
Athena OB/GYN - Abington,Athena OB GYN - Abington,US,,,Not Found,None,N/A
Happy Health and Wellness- San Antonio,Happy Health and Wellness- San Antonio,US,,,Not Found,None,N/A
Audubon Primary Care Medicine at 181st Street UCC,Audubon Primary Care Medicine at 181st Street UCC,US,,,Not Found,None,N/A
Carrollton DCHC,Carrollton DCHC,US,,,Not Found,None,N/A
Citrus Women's Health,Citrus Womens Health,US,,,Not Found,None,N/A
GAMIT Clinic,GAMIT Clinic,US,gamitclinic.com,https://gamitclinic.com,Found,High,Direct Practice Verification
Largo Gastroenterology,Largo Gastroenterology,US,,,Not Found,None,N/A
Willowbrook Clinics and Medical Center SC,Willowbrook Clinics and Medical Center,US,,,Not Found,None,N/A
TEXOMACARE FAMILY PRACTICE,TEXOMACARE FAMILY PRACTICE,US,,,Not Found,None,N/A
"A TELEVISIT FROM YOUR HOME: Established Patients press 'Yes', (NEW PATIENTS IN OFFICE ONLY)",A TELEVISIT FROM YOUR HOME Established Patients press Yes,US,,,Not Found,None,N/A
"BELLAIRE CLINIC - NEW PATIENTS PLEASE PRESS ""NO"" AND ESTABLISHED PATIENTS PLEASE PRESS ""YES""","BELLAIRE CLINIC - NEW PATIENTS PLEASE PRESS ""NO"" AND ESTABLISHED PATIENTS PLEASE PRESS ""YES""",US,,,Not Found,None,N/A
Skyline Medical Group LLC- Goodlettsville,Skyline Medical Group - Goodlettsville,US,,,Not Found,None,N/A
Loudoun Internal Med Assoc Lnsd,Loudoun Internal Med Assoc Lnsd,US,,,Not Found,None,N/A
Mt Vernon Community Health Center,Mt Vernon Community Health Center,US,,,Not Found,None,N/A
ST. HOPE SUGARLAND,ST HOPE SUGARLAND,US,,,Not Found,None,N/A
Precision Digestive Health,Precision Digestive Health,US,precision digestive health dr. meet parikh,https://precision digestive health dr. meet parikh,Found,High,Valentin Google (US)
Atlanta Allergy And Asthma-Sandy Springs,Atlanta Allergy And Asthma-Sandy Springs,US,atlanta allergy and asthma.sandy springs reviews,https://atlanta allergy and asthma.sandy springs reviews,Found,High,Valentin Google (US)
ST. HOPE DICKINSON,ST HOPE DICKINSON,US,,,Not Found,None,N/A
Talkiatry Colorado,Talkiatry Colorado,US,,,Not Found,None,N/A
Valley View 23 North,Valley View 23 North,US,,,Not Found,None,N/A
West Roxbury Office of Northeast Dermatology,West Roxbury Office of Northeast Dermatology,US,,,Not Found,None,N/A
Az Endocrinology Center Plc,Az Endocrinology Center Plc,US,,,Not Found,None,N/A
Alpharetta Atlanta Allergy And Asthma,Alpharetta Atlanta Allergy And Asthma,US,,,Not Found,None,N/A
Mediversity Health at Turnersville,Mediversity Health at Turnersville,US,,,Not Found,None,N/A
Macrae Medical Associates,Macrae Medical Associates,US,macraemedical.com,https://macraemedical.com,Found,High,Direct Practice Verification
Mediversity Health at Salem (New),Mediversity Health at Salem,US,,,Not Found,None,N/A
Fairmount Pediatrics And Adolescent Medicine Philadelphia,Fairmount Pediatrics And Adolescent Medicine Philadelphia,US,,,Not Found,None,N/A
"A TELEVISIT FROM YOUR HOME: New Patients press 'NO', Established Patients press 'Yes'",A TELEVISIT FROM YOUR HOME New Patients press NO Established Patients press Yes,US,,,Not Found,None,N/A
"KATY OFFICE VISITS - Established patients please press ""Yes"" , Call to schedule summer slots Thursday 6am to 6pm AUG 6 and Friday 9am to 2pm AUG 7, 2026 (New Patients only seen as televisits)","KATY OFFICE VISITS - Established patients please press ""Yes"" Call to schedule summer slots Thursday 6am to 6pm AUG 6 and Friday 9am to 2pm AUG 7 2026",US,,,Not Found,None,N/A
"BELLAIRE CLINIC - Established patients please press ""Yes"" , Call if you cannot find a spot and for AUG 4 and 5, 2026 (New Patients only seen as televisits)","BELLAIRE CLINIC - Established patients please press ""Yes"" Call if you cannot find a spot and for AUG 4 and 5 2026",US,,,Not Found,None,N/A
AccelHealth Stephenville,AccelHealth Stephenville,US,,,Not Found,None,N/A
Hms Mimbres Valley Clinic,Hms Mimbres Valley Clinic,US,,,Not Found,None,N/A
Internal Medicine Primary Care Partners,Internal Medicine Primary Care Partners,US,,,Not Found,None,N/A
Sanitas West Palm Beach,Sanitas West Palm Beach,US,,,Not Found,None,N/A
Family Center VitaleHealth,Family Center VitaleHealth,US,,,Not Found,None,N/A
MAP 1113 Garredd,MAP 1113 Garredd,US,,,Not Found,None,N/A
Ache Institute Pllc,Ache Institute,US,acheinstitute.com,https://acheinstitute.com,Found,High,Direct Practice Verification
Onyx Virtual Physician Visit,Onyx Virtual Physician Visit,US,,,Not Found,None,N/A
Onyx South Shore,Onyx South Shore,US,,,Not Found,None,N/A
Living Tree Medical Group,Living Tree Medical Group,US,livingtreemedicalgroup.com,https://livingtreemedicalgroup.com,Found,High,Direct Practice Verification
FL051 Central Broward,Central Broward,US,centralbrowardvet.com,https://centralbrowardvet.com,Found,High,Clearbit Autocomplete
Metro North Cardiovascular Associates Pa,Metro North Cardiovascular Associates Pa,US,,,Not Found,None,N/A
15-01 Broadway,15-01 Broadway,US,1501broadway.com,https://1501broadway.com,Found,High,Direct Practice Verification
Relieve - Pain and Spine Center,Relieve - Pain and Spine Center,US,,,Not Found,None,N/A
Ashburn Pediatrics Stone Ridge Chantilly,Ashburn Pediatrics Stone Ridge Chantilly,US,,,Not Found,None,N/A
"REGENACHE, ACHE Institute in The Woodlands",REGENACHE ACHE Institute in The Woodlands,US,,,Not Found,None,N/A
Carepath Wellness,Carepath Wellness,US,carepathwellness.com,https://carepathwellness.com,Found,High,Direct Practice Verification
Evolution Primary Care,Evolution Primary Care,US,evolutionprimary.com,https://evolutionprimary.com,Found,High,Clearbit Autocomplete
18th St. Medical Clinic,18th St Medical Clinic,US,,,Not Found,None,N/A
Higginsville Medical Clinic,Higginsville Medical Clinic,US,,,Not Found,None,N/A
The Price Clinic,The Price Clinic,US,theprice.com,https://theprice.com,Found,High,Direct Practice Verification
Surgical Associates of Richmond,Surgical Associates of Richmond,US,,,Not Found,None,N/A
Texas Regional Urology Pllc Tomball,Texas Regional Urology Tomball,US,,,Not Found,None,N/A
Dr. Matthew Hendley Main Campus,Matthew Hendley Main Campus,US,,,Not Found,None,N/A
Austin Orthopedics and Sports Medicine,Austin Orthopedics and Sports Medicine,US,,,Not Found,None,N/A
Austin Pulmonary Consultants North,Austin Pulmonary Consultants North,US,,,Not Found,None,N/A
Austin Pulmonary Consultants Cedar Park,Austin Pulmonary Consultants Cedar Park,US,,,Not Found,None,N/A
Somerset OB/GYN Associates - Bridgewater,Somerset OB GYN Associates - Bridgewater,US,,,Not Found,None,N/A
Somerset OB/GYN Associates - Hillsborough,Somerset OB GYN Associates - Hillsborough,US,,,Not Found,None,N/A
Fulshear Family Medicine,Fulshear Family Medicine,US,fulshearfamilymed.com,https://fulshearfamilymed.com,Found,High,Clearbit Autocomplete
MEHOP Clinic,MEHOP Clinic,US,,,Not Found,None,N/A
HCA HealthONE Aspen Medical Group - Denver,HCA HealthONE Aspen Medical Group - Denver,US,,,Not Found,None,N/A
1031-West Paterson Family Medical Center PA,1031-West Paterson Family Medical Center PA,US,,,Not Found,None,N/A
"Ardent Medical Clinic, Tomball",Ardent Medical Clinic Tomball,US,,,Not Found,None,N/A
"Ardent Medical Clinic, Cypress",Ardent Medical Clinic Cypress,US,,,Not Found,None,N/A
Waxahachie Office,Waxahachie Office,US,,,Not Found,None,N/A
"Hometown Physical Medicine, Pllc",Hometown Physical Medicine,US,,,Not Found,None,N/A
Pediatrics Of Central Florida Pa KISS - SICK Side,Pediatrics Of Central Florida Pa KISS - SICK Side,US,,,Not Found,None,N/A
Pediatrics Of Central Florida Pa POIN,Pediatrics Of Central Florida Pa POIN,US,,,Not Found,None,N/A
Pediatrics Of Central Florida Pa OBT,Pediatrics Of Central Florida Pa OBT,US,,,Not Found,None,N/A
Pediatrics Of Central Florida Pa STC,Pediatrics Of Central Florida Pa STC,US,,,Not Found,None,N/A
Pediatrics Of Central Florida Pa KWC - WELL Side,Pediatrics Of Central Florida Pa KWC - WELL Side,US,,,Not Found,None,N/A
Pediatrics Of Central Florida Pa LN,Pediatrics Of Central Florida Pa LN,US,,,Not Found,None,N/A
Pediatrics Of Cenral Florida Pa DP,Pediatrics Of Cenral Florida Pa DP,US,,,Not Found,None,N/A
City of Bryan/BISD Employee Health Center,City of Bryan BISD Employee Health Center,US,,,Not Found,None,N/A
Health First CHC - Union County,Health First CHC - Union County,US,,,Not Found,None,N/A
Skyline Neuroscience Associates,Skyline Neuroscience Associates,US,skylineneuroscience.com,https://skylineneuroscience.com,Found,High,Direct Practice Verification
Catawba Valley Family Health Center-Lenoir Rhyne,Catawba Valley Family Health Center-Lenoir Rhyne,US,,,Not Found,None,N/A
Cline Pediatrics,Cline Pediatrics,US,clinepediatrics.com,https://clinepediatrics.com,Found,High,Direct Practice Verification
Lake Mary Urology,Lake Mary Urology,US,,,Not Found,None,N/A
First Choice Wellness Center,First Choice Wellness Center,US,,,Not Found,None,N/A
JAS Complete Healthcare Services,JAS Complete Healthcare Services,US,,,Not Found,None,N/A
Complete Local Specialty Care Boca,Complete Local Specialty Care Boca,US,,,Not Found,None,N/A
Marsha E Gorens Md,Marsha E Gorens,US,,,Not Found,None,N/A
TCA - Cleveland,TCA - Cleveland,US,,,Not Found,None,N/A
"Plano Wellness Medical, Pllc",Plano Wellness Medical,US,,,Not Found,None,N/A
Maiden Lane Medical Primary Care Downtown,Maiden Lane Medical Primary Care Downtown,US,,,Not Found,None,N/A
BV Interventional Spine and Pain Physicians,BV Interventional Spine and Pain Physicians,US,,,Not Found,None,N/A
MG 160 Interventional Spine and Pain Physicians,MG 160 Interventional Spine and Pain Physicians,US,,,Not Found,None,N/A
CRC 100 Interventional Spine and Pain Physicians,CRC 100 Interventional Spine and Pain Physicians,US,,,Not Found,None,N/A
DeKalb Gastro Decatur Office,DeKalb Gastro Decatur Office,US,,,Not Found,None,N/A
Haddon Pediatric Group Haddon Heights,Haddon Pediatric Group Haddon Heights,US,,,Not Found,None,N/A
Haddon Pediatric Group Mullica Hill,Haddon Pediatric Group Mullica Hill,US,,,Not Found,None,N/A
Osceola Physician Management,Osceola Physician Management,US,,,Not Found,None,N/A
Riverdale Office,Riverdale Office,US,riverdale.officer involved shooting,https://riverdale.officer involved shooting,Found,High,Valentin Google (US)
Facial Plastic Surgery Center,Facial Plastic Surgery Center,US,,,Not Found,None,N/A
Quivira Internal Medicine,Quivira Internal Medicine,US,,,Not Found,None,N/A
Wake Spine & Pain - Rogers Road,Wake Spine & Pain - Rogers Road,US,,,Not Found,None,N/A
Everything Sleep Idaho - Boise,Everything Sleep Idaho - Boise,US,,,Not Found,None,N/A
"The Center For Metabolic Oncology, Pllc",The Center For Metabolic Oncology,US,,,Not Found,None,N/A
LA Derm Gonzales,LA Derm Gonzales,US,,,Not Found,None,N/A
Coker Pediatrics LLC Griffin,Coker Pediatrics Griffin,US,,,Not Found,None,N/A
SOUTHEAST IDAHO FAMILY PRACTICE,SOUTHEAST IDAHO FAMILY PRACTICE,US,,,Not Found,None,N/A
AssociatesMD Davie,AssociatesMD Davie,US,,,Not Found,None,N/A
"Kissimmee Institute of Endocrinology,Diabetes, Health and Hormones Inc.",Kissimmee Institute of Endocrinology Diabetes Health and Hormones,US,,,Not Found,None,N/A
Marissa T. Santos - Telehealth woodside,Marissa T Santos - Telehealth woodside,US,,,Not Found,None,N/A
Mariela Perez MD PA,Mariela Perez PA,US,marielaperezpa.com,https://marielaperezpa.com,Found,High,Direct Practice Verification
Soma Medical Center PA 4 Military,Soma Medical Center PA 4 Military,US,,,Not Found,None,N/A
LMHS MP Primary & Specialty Care,LMHS MP Primary & Specialty Care,US,,,Not Found,None,N/A
Doral Medical And Multi Specialty Facility,Doral Medical And Multi Specialty Facility,US,,,Not Found,None,N/A
Allergy & Asthma Care,Allergy & Asthma Care,US,allergyasthmacare.org,https://allergyasthmacare.org,Found,High,Direct Practice Verification
Advanced Care & MedSpa,Advanced Care & MedSpa,US,advancedcaremedspa.com,https://advancedcaremedspa.com,Found,High,Direct Practice Verification
Dew Aesthetics And Wellness,Dew Aesthetics And Wellness,US,,,Not Found,None,N/A
Camp Springs,Camp Springs,US,campsprings.com,https://campsprings.com,Found,High,Direct Practice Verification
Central Louisiana Foot And Ankle Specialists,Central Louisiana Foot And Ankle Specialists,US,,,Not Found,None,N/A
Ferny Central Park,Ferny Central Park,US,,,Not Found,None,N/A
Silver Spring,Silver Spring,US,silverspring.org,https://silverspring.org,Found,High,Direct Practice Verification
Womankind - Key West,Womankind - Key West,US,womankindkeywest.com,https://womankindkeywest.com,Found,High,Direct Practice Verification
Open Door Mt Kisco,Open Door Mt Kisco,US,,,Not Found,None,N/A
Pride Family Care & Wellness Clinic,Pride Family Care & Wellness Clinic,US,,,Not Found,None,N/A
Neighborhood Improvement Project,Neighborhood Improvement Project,US,,,Not Found,None,N/A
Medical Associates Plus Golden Camp,Medical Associates Plus Golden Camp,US,,,Not Found,None,N/A
MedFL Med. Centers Miami Lakes,MedFL Med Centers Miami Lakes,US,,,Not Found,None,N/A
Level T - Valley Ranch,Level T - Valley Ranch,US,,,Not Found,None,N/A
Apex Endocrinology Health PLLC,Apex Endocrinology Health,US,apexendocrinologyhealth.com,https://apexendocrinologyhealth.com,Found,High,Direct Practice Verification
Femihealth Llc,Femihealth,US,femihealthandbeauty.co.uk,https://femihealthandbeauty.co.uk,Found,High,Clearbit Autocomplete
DUG MIAMI 62ND (DUG62),DUG MIAMI 62ND,US,,,Not Found,None,N/A
DUG Online TeleHealth,DUG Online TeleHealth,US,,,Not Found,None,N/A
Singleton Health Center,Singleton Health Center,US,singletonhealthcenter.com,https://singletonhealthcenter.com,Found,High,Clearbit Autocomplete
"Paramus, NJ",Paramus NJ,US,paramusnj.com,https://paramusnj.com,Found,High,Direct Practice Verification
"Englewood, NJ",Englewood NJ,US,englewoodnjapartmentsrent.com,https://englewoodnjapartmentsrent.com,Found,High,Clearbit Autocomplete
Fawcett Surgical Specialists- Suite 105,Fawcett Surgical Specialists- Suite 105,US,,,Not Found,None,N/A
Valley Bariatric Mesa,Valley Bariatric Mesa,US,,,Not Found,None,N/A
HCA HealthONE Colorado Complete Health for Women,HCA HealthONE Colorado Complete Health for Women,US,,,Not Found,None,N/A
Steeplechase Peds Fulshear,Steeplechase Peds Fulshear,US,,,Not Found,None,N/A
Pediatric Associates - Hollywood,Pediatric Associates - Hollywood,US,,,Not Found,None,N/A
Marc A Nathanson DPM LEH,Marc A Nathanson LEH,US,,,Not Found,None,N/A
Marc A Nathanson DPM BAY,Marc A Nathanson BAY,US,,,Not Found,None,N/A
"MD365 CENTEREACH, A Brookhaven Heart Affiliate",CENTEREACH A Brookhaven Heart Affiliate,US,,,Not Found,None,N/A
"MD365 BRENTWOOD, A Brookhaven Heart Affiliate",BRENTWOOD A Brookhaven Heart Affiliate,US,,,Not Found,None,N/A
"Primary Care Specialists, Inc",Primary Care Specialists,US,primarycarespecialistspocatello.com,https://primarycarespecialistspocatello.com,Found,High,Clearbit Autocomplete
Gastroenterology Associates of SRQ,Gastroenterology Associates of SRQ,US,,,Not Found,None,N/A
Gastroenterology Associates Of Manatee,Gastroenterology Associates Of Manatee,US,,,Not Found,None,N/A
Hemlock Clinic,Hemlock Clinic,US,hemlock.com,https://hemlock.com,Found,High,Direct Practice Verification
MEDFL SPECIALISTS DRFLD ORTHO,MEDFL SPECIALISTS DRFLD ORTHO,US,,,Not Found,None,N/A
MEDFL SPEC GRNA ORTHO,MEDFL SPEC GRNA ORTHO,US,,,Not Found,None,N/A
Gutierrez Medical Center,Gutierrez Medical Center,US,,,Not Found,None,N/A
Prima CARE Family Practice,Prima CARE Family Practice,US,,,Not Found,None,N/A
Sun Radiology Glendale,Sun Radiology Glendale,US,,,Not Found,None,N/A
Sun Radiology Peoria,Sun Radiology Peoria,US,,,Not Found,None,N/A
2 Medwin Family Medicine & Rehabilitation PC,2 Medwin Family Medicine & Rehabilitation,US,,,Not Found,None,N/A
MedRedefined,MedRedefined,US,medredefined.com,https://medredefined.com,Found,High,Direct Practice Verification
1 Medwin Family Medicine & Rehabilitation PC,1 Medwin Family Medicine & Rehabilitation,US,,,Not Found,None,N/A
"Mani H. Zadeh, MD, Inc.",Mani H Zadeh,US,,,Not Found,None,N/A
Wesley Chapel Internal Medicine & Pediatrics,Wesley Chapel Internal Medicine & Pediatrics,US,,,Not Found,None,N/A
"Interventional Physical Medicine And Rehab Of New York, PLLC",Interventional Physical Medicine And Rehab Of New York,US,,,Not Found,None,N/A
Interventional Physical Medicine and Rehab - Lindenhurst,Interventional Physical Medicine and Rehab - Lindenhurst,US,,,Not Found,None,N/A
Family HealthCare Network Reedley Manning,Family HealthCare Network Reedley Manning,US,,,Not Found,None,N/A
Milton Dermatology Specialists of Florida,Milton Dermatology Specialists of Florida,US,,,Not Found,None,N/A
"Pulmonary And Sleep Consultants, LLC",Pulmonary And Sleep Consultants,US,,,Not Found,None,N/A
Mammography at Valley Forge OBGYN - Phoenixville,Mammography at Valley Forge OBGYN - Phoenixville,US,,,Not Found,None,N/A
Mammography at Bryn Mawr Women's Health - Rosemont,Mammography at Bryn Mawr Womens Health - Rosemont,US,,,Not Found,None,N/A
Mammography at Ocean OBGYN - Eatontown,Mammography at Ocean OBGYN - Eatontown,US,,,Not Found,None,N/A
Mammography at Cherry Hill OBGYN - Mount Laurel,Mammography at Cherry Hill OBGYN - Mount Laurel,US,,,Not Found,None,N/A
Mammography At Riverview - Little Silver,Mammography At Riverview - Little Silver,US,,,Not Found,None,N/A
Mammography at Athena OBGYN - Horsham,Mammography at Athena OBGYN - Horsham,US,,,Not Found,None,N/A
Mammography at Main Line OBGYN - Exton,Mammography at Main Line OBGYN - Exton,US,,,Not Found,None,N/A
Aspire Medical Center,Aspire Medical Center,US,aspiremedicalcenter.com,https://aspiremedicalcenter.com,Found,High,Direct Practice Verification
Mammography at Center for Breast Health - East Brunswick,Mammography at Center for Breast Health - East Brunswick,US,,,Not Found,None,N/A
Mammography at Center for Total Women's Health of Lansdale,Mammography at Center for Total Womens Health of Lansdale,US,,,Not Found,None,N/A
Obstetrics and Gynecology of Indiana Mammogram North,Obstetrics and Gynecology of Indiana Mammogram North,US,,,Not Found,None,N/A
Global Healthcare Consultants,Global Healthcare Consultants,US,globalhealthcareconsultants.com,https://globalhealthcareconsultants.com,Found,High,Direct Practice Verification
Mammography at Rubino OBGYN - West Orange,Mammography at Rubino OBGYN - West Orange,US,,,Not Found,None,N/A
Bella Medical Pllc,Bella Medical,US,bellamedical.com,https://bellamedical.com,Found,High,Direct Practice Verification
Gilbert- Phoenix Pointe Psychiatry,Gilbert- Phoenix Pointe Psychiatry,US,,,Not Found,None,N/A
KBK Endo Wellness,KBK Endo Wellness,US,kbkendowellness.com,https://kbkendowellness.com,Found,High,Direct Practice Verification
Spine and Joint Doc Fort Worth,Spine and Joint Doc Fort Worth,US,,,Not Found,None,N/A
Spine and Joint Doc Frisco,Spine and Joint Doc Frisco,US,,,Not Found,None,N/A
Spine and Joint Doc Dallas,Spine and Joint Doc Dallas,US,,,Not Found,None,N/A
Diabetes And Endocrine Center Of Florida,Diabetes And Endocrine Center Of Florida,US,,,Not Found,None,N/A
Magnet clinic at Strut,Magnet clinic at Strut,US,,,Not Found,None,N/A
Infectious Diseases Sugar Land,Infectious Diseases Sugar Land,US,,,Not Found,None,N/A
Dr Mae Sheikh Ali Endocrine Center,Mae Sheikh Ali Endocrine Center,US,,,Not Found,None,N/A
Southeast Nocturnists LLC,Southeast Nocturnists,US,,,Not Found,None,N/A
PureView Health Center Main Campus,PureView Health Center Main Campus,US,,,Not Found,None,N/A
PureView Health Center Downtown Medical,PureView Health Center Downtown Medical,US,,,Not Found,None,N/A
"Super Kids Urgent Care, PLLC",Super Kids Urgent Care,US,superkidsurgentcare.com,https://superkidsurgentcare.com,Found,High,Direct Practice Verification
Madhavi Hubbly MD LLC,Madhavi Hubbly,US,,,Not Found,None,N/A
ATLANTIC CARDIOVASCULAR CARE PC,ATLANTIC CARDIOVASCULAR CARE,US,,,Not Found,None,N/A
WHITE PLAINS-ATLANTIC CARDIOVASCULAR CARE P.C,WHITE PLAINS-ATLANTIC CARDIOVASCULAR CARE P C,US,,,Not Found,None,N/A
Primary Care Plus Slidell,Primary Care Plus Slidell,US,,,Not Found,None,N/A
ATLANTIC CARDIOVASCULAR CARE P.C.,ATLANTIC CARDIOVASCULAR CARE P C,US,,,Not Found,None,N/A
Colorectal Surgery Clear Lake,Colorectal Surgery Clear Lake,US,,,Not Found,None,N/A
Colorectal Surgery Galleria,Colorectal Surgery Galleria,US,,,Not Found,None,N/A
Texas Bone and Joint- Denton- Oak St,Texas Bone and Joint- Denton- Oak St,US,,,Not Found,None,N/A
Arizona Advanced Surgery Scottsdale,Arizona Advanced Surgery Scottsdale,US,,,Not Found,None,N/A
Talkiatry Ohio,Talkiatry Ohio,US,,,Not Found,None,N/A
"LYNDA E. MBAH, MD, PLLC",LYNDA E MBAH,US,,,Not Found,None,N/A
Osceola Surgical Associates,Osceola Surgical Associates,US,osceolasurgicalassociates.com,https://osceolasurgicalassociates.com,Found,High,Direct Practice Verification
St Cecilia DePaul Community Health Centers,St Cecilia DePaul Community Health Centers,US,,,Not Found,None,N/A
Sanelmed Pllc,Sanelmed,US,,,Not Found,None,N/A
One Stop Family Medical Center FP,One Stop Family Medical Center FP,US,,,Not Found,None,N/A
Peachtree Dunwoody Office,Peachtree Dunwoody Office,US,,,Not Found,None,N/A
Luis O Herrera MD Ped And Ado,Luis O Herrera Ped And Ado,US,,,Not Found,None,N/A
Onemd Secaucus,Onemd Secaucus,US,,,Not Found,None,N/A
GODWIN MEDICAL P.C,GODWIN MEDICAL P C,US,godwinmedicalpc.com,https://godwinmedicalpc.com,Found,High,Direct Practice Verification
OneMD WNY,OneMD WNY,US,,,Not Found,None,N/A
SFICC Miami Lakes Office,SFICC Miami Lakes Office,US,,,Not Found,None,N/A
Godwin Medical Pc,Godwin Medical,US,,,Not Found,None,N/A
Clark Clinic Inc,Clark Clinic,US,clarkclinic.com,https://clarkclinic.com,Found,High,Direct Practice Verification
Godwin Medical Riverdale,Godwin Medical Riverdale,US,,,Not Found,None,N/A
Minnesota Hernia Center/Minnesota Bariatric Center,Minnesota Hernia Center Minnesota Bariatric Center,US,,,Not Found,None,N/A
Blue Water Pain Solutions PA Miramar,Blue Water Pain Solutions PA Miramar,US,,,Not Found,None,N/A
Blue Water Pain Solutions PA Hollywood II,Blue Water Pain Solutions PA Hollywood II,US,,,Not Found,None,N/A
West Deptford Pediatrics Swedesboro,West Deptford Pediatrics Swedesboro,US,,,Not Found,None,N/A
West Deptford Pediatrics West Deptford,West Deptford Pediatrics West Deptford,US,,,Not Found,None,N/A
West Deptford Pediatrics Mullica Hill,West Deptford Pediatrics Mullica Hill,US,,,Not Found,None,N/A
Prostate Institute of New England- PINE,Prostate Institute of New England- PINE,US,,,Not Found,None,N/A
MOORESTOWN Reconstructive Orthopedics PA,MOORESTOWN Reconstructive Orthopedics PA,US,,,Not Found,None,N/A
MEDFORD Reconstructive Orthopedics Pa,MEDFORD Reconstructive Orthopedics Pa,US,,,Not Found,None,N/A
Lkl Md Llc,Lkl,US,lkldnow.com,https://lkldnow.com,Found,High,Clearbit Autocomplete
Neighborhood Health Calhoun Street,Neighborhood Health Calhoun Street,US,,,Not Found,None,N/A
Neighborhood Health Oxford,Neighborhood Health Oxford,US,,,Not Found,None,N/A
Infinite Health Care,Infinite Health Care,US,infinitehealthcare.com,https://infinitehealthcare.com,Found,High,Direct Practice Verification
HER Health,HER Health,US,herhealtheq.org,https://herhealtheq.org,Found,High,Clearbit Autocomplete
Rocky Mount Family Medical Center,Rocky Mount Family Medical Center,US,,,Not Found,None,N/A
Televisit only,Televisit only,US,,,Not Found,None,N/A
Cornerstone Behavioral Health Ov,Cornerstone Behavioral Health Ov,US,,,Not Found,None,N/A
Digestive Care Lawrenceville,Digestive Care Lawrenceville,US,,,Not Found,None,N/A
Eastside Women's Healthcare,Eastside Womens Healthcare,US,,,Not Found,None,N/A
First Care Medical Clinic - Locust,First Care Medical Clinic - Locust,US,,,Not Found,None,N/A
Optimum Point Of Care Physicians Gr,Optimum Point Of Care Physicians Gr,US,,,Not Found,None,N/A
"Ear, Nose and Throat Specialty Care Edina",Ear Nose and Throat Specialty Care Edina,US,ear nose and throat specialty care edina.mn,https://ear nose and throat specialty care edina.mn,Found,High,Valentin Google (US)
AMG SEMORAN,AMG SEMORAN,US,,,Not Found,None,N/A
Village Internal Medicine Group,Village Internal Medicine Group,US,villageinternalmedicinegroup.com,https://villageinternalmedicinegroup.com,Found,High,Direct Practice Verification
AMG VOLUSIA,AMG VOLUSIA,US,,,Not Found,None,N/A
Whasn Meadows,Whasn Meadows,US,,,Not Found,None,N/A
Inceptivia Health & Wellness llc,Inceptivia Health & Wellness,US,,,Not Found,None,N/A
Lisa M Masterson Md,Lisa M Masterson,US,,,Not Found,None,N/A
Loudoun Pediatric Associates Lansdowne,Loudoun Pediatric Associates Lansdowne,US,,,Not Found,None,N/A
NORTH FULTON OBGYN PC,NORTH FULTON OBGYN,US,,,Not Found,None,N/A
Wendell Family Medicine,Wendell Family Medicine,US,wendellfamilymedicine.com,https://wendellfamilymedicine.com,Found,High,Direct Practice Verification
Loudoun Pediatric Associates Stone Springs,Loudoun Pediatric Associates Stone Springs,US,,,Not Found,None,N/A
Complete Womens Care Center,Complete Womens Care Center,US,completewomenscarecenter.com,https://completewomenscarecenter.com,Found,High,Direct Practice Verification
Arbor Pediatrics - Deer Valley,Arbor Pediatrics - Deer Valley,US,,,Not Found,None,N/A
Trusted Medical Services Holistic Pediatrics & Wellness,Trusted Medical Services Holistic Pediatrics & Wellness,US,,,Not Found,None,N/A
Rubino OB/GYN - Warren,Rubino OB GYN - Warren,US,,,Not Found,None,N/A
Southern Primary Care - Warner Robins,Southern Primary Care - Warner Robins,US,,,Not Found,None,N/A
Rubino OB/GYN - Summit,Rubino OB GYN - Summit,US,,,Not Found,None,N/A
"Lindsey R. Bennett, FNP-BC, PA",Lindsey R Bennett FNP-BC PA,US,,,Not Found,None,N/A
Deborah D Wilson MD,Deborah D Wilson,US,deborahdwilson.com,https://deborahdwilson.com,Found,High,Direct Practice Verification
"TV02-Lindsey R. Bennett, FNP-BC, PA",TV02-Lindsey R Bennett FNP-BC PA,US,,,Not Found,None,N/A
Wayne Foot & Ankle West Milford,Wayne Foot & Ankle West Milford,US,,,Not Found,None,N/A
Garden State OB/GYN - Voorhees Township,Garden State OB GYN - Voorhees Township,US,,,Not Found,None,N/A
Garden State OB/GYN - Moorestown,Garden State OB GYN - Moorestown,US,,,Not Found,None,N/A
"Wayne, New Jersey",Wayne New Jersey,US,,,Not Found,None,N/A
Atlanta Allergy And Asthma- Sandy Springs,Atlanta Allergy And Asthma- Sandy Springs,US,atlanta allergy and asthma.sandy springs reviews,https://atlanta allergy and asthma.sandy springs reviews,Found,High,Valentin Google (US)
EMU Health,EMU Health,US,emuhealth.com,https://emuhealth.com,Found,High,Direct Practice Verification
Familycare Connect,Familycare Connect,US,familycareconnection.org,https://familycareconnection.org,Found,High,Clearbit Autocomplete
FL020 Wellington,Wellington,US,wellington.com,https://wellington.com,Found,High,Direct Practice Verification
Atlanta Allergy And Asthma - Lawrenceville,Atlanta Allergy And Asthma - Lawrenceville,US,,,Not Found,None,N/A
LINDA I ESQUIVEL MD PA,LINDA I ESQUIVEL PA,US,,,Not Found,None,N/A
FL024 Hollywood,Hollywood,US,hollywood.com,https://hollywood.com,Found,High,Direct Practice Verification
Health Central Women's Care- Dallas,Health Central Womens Care- Dallas,US,,,Not Found,None,N/A
FL024 Cooper City,Cooper City,US,coopercity.net,https://coopercity.net,Found,High,Direct Practice Verification
HCA HealthONE Denver Endocrinology,HCA HealthONE Denver Endocrinology,US,,,Not Found,None,N/A
James River Dermatology Hanover,James River Dermatology Hanover,US,,,Not Found,None,N/A
LeShonda Wallace PLLC,LeShonda Wallace,US,,,Not Found,None,N/A
Capital Regional Medical Group,Capital Regional Medical Group,US,capitalregionalmedicalgroup.com,https://capitalregionalmedicalgroup.com,Found,High,Direct Practice Verification
LFC Family Home Health Solutions Llc,LFC Family Home Health Solutions,US,,,Not Found,None,N/A
Gastro Florida - Central Tampa,Gastro Florida - Central Tampa,US,,,Not Found,None,N/A
Complete Local Specialty Care Hollywood,Complete Local Specialty Care Hollywood,US,,,Not Found,None,N/A
Lenox Medical Clinic,Lenox Medical Clinic,US,lenoxmedicalclinic.com,https://lenoxmedicalclinic.com,Found,High,Direct Practice Verification
Rambam Care,Rambam Care,US,,,Not Found,None,N/A
"Center for Men's Health, Rhode Island",Center for Mens Health Rhode Island,US,,,Not Found,None,N/A
AIDH Cape Coral,AIDH Cape Coral,US,,,Not Found,None,N/A
AIDH Fort Myers,AIDH Fort Myers,US,,,Not Found,None,N/A
Prevention Of Blindness Society Of Metropolitan Washington,Prevention Of Blindness Society Of Metropolitan Washington,US,,,Not Found,None,N/A
Coastal Kids - Laguna Niguel,Coastal Kids - Laguna Niguel,US,,,Not Found,None,N/A
Hometown Medical Group,Hometown Medical Group,US,hometown medical group dr.turner,https://hometown medical group dr.turner,Found,High,Valentin Google (US)
"Brentwood Pediatrics, PLLC",Brentwood Pediatrics,US,brentwoodpediatrics.com,https://brentwoodpediatrics.com,Found,High,Direct Practice Verification
LCFCare,LCFCare,US,lcfcare.com,https://lcfcare.com,Found,High,Direct Practice Verification
CBENT Town Center,CBENT Town Center,US,,,Not Found,None,N/A
Lorain County Public Health,Lorain County Public Health,US,loraincountypublichealth.com,https://loraincountypublichealth.com,Found,High,Direct Practice Verification
Lees Summit Family Care LLC,Lees Summit Family Care,US,,,Not Found,None,N/A
Hometown Medical Group TH,Hometown Medical Group TH,US,,,Not Found,None,N/A
AX-Fairfax Colon & Rectal Surgery,AX-Fairfax Colon & Rectal Surgery,US,,,Not Found,None,N/A
"Lee S. Mitchel, MD",Lee S Mitchel,US,,,Not Found,None,N/A
Palm Harbor Office,Palm Harbor Office,US,,,Not Found,None,N/A
LMHS Ada Medical Center,LMHS Ada Medical Center,US,,,Not Found,None,N/A
Avant Psychiatry East Cobb,Avant Psychiatry East Cobb,US,,,Not Found,None,N/A
Obstetrics And Gynecology II Ltd,Obstetrics And Gynecology II,US,,,Not Found,None,N/A
Gibson Community Hospital Association,Gibson Community Hospital Association,US,,,Not Found,None,N/A
Specialty Care Elgin,Specialty Care Elgin,US,,,Not Found,None,N/A
East Georgia Healthcare Center Inc - Mount Vernon,East Georgia Healthcare Center - Mount Vernon,US,,,Not Found,None,N/A
SW Podiatry Group,SW Podiatry Group,US,,,Not Found,None,N/A
PY Pediatric Assoc. of Alexandria,PY Pediatric Assoc of Alexandria,US,py pediatric associates. of alexandria,https://py pediatric associates. of alexandria,Found,High,Valentin Google (US)
Divine Mental Healthcare Services LLC,Divine Mental Healthcare Services,US,,,Not Found,None,N/A
Crusader Community Health Loves Park,Crusader Community Health Loves Park,US,,,Not Found,None,N/A
Elite Womens Care,Elite Womens Care,US,elitewomenscare.com,https://elitewomenscare.com,Found,High,Direct Practice Verification
MANA Family Medicine North,MANA Family Medicine North,US,,,Not Found,None,N/A
IHP Pediatric Assoc. of Alexandria,IHP Pediatric Assoc of Alexandria,US,,,Not Found,None,N/A
Align Family Medicine Llc,Align Family Medicine,US,alignfamilymedicine.com,https://alignfamilymedicine.com,Found,High,Direct Practice Verification
Texas Behavioral Health of Pasadena,Texas Behavioral Health of Pasadena,US,,,Not Found,None,N/A
DS Pediatric Assoc. of Alexandria,DS Pediatric Assoc of Alexandria,US,,,Not Found,None,N/A
Ages 18+ - MVMG Rockrimmon,Ages 18+ - MVMG Rockrimmon,US,,,Not Found,None,N/A
Elite Womens Care-Tarpon Springs,Elite Womens Care-Tarpon Springs,US,,,Not Found,None,N/A
Surgical Care of North Texas,Surgical Care of North Texas,US,,,Not Found,None,N/A
Whole Health Pediatrics,Whole Health Pediatrics,US,wholehealthpediatrics.com,https://wholehealthpediatrics.com,Found,High,Direct Practice Verification
"MD365 EAST MORICHES, A Brookhaven Heart Affiliate",EAST MORICHES A Brookhaven Heart Affiliate,US,,,Not Found,None,N/A
Mission Functional Medicine Pllc,Mission Functional Medicine,US,missionfunctionalmedicine.com,https://missionfunctionalmedicine.com,Found,High,Direct Practice Verification
CHEMED Women's Health,CHEMED Womens Health,US,,,Not Found,None,N/A
AssociatesMD Weston C,AssociatesMD Weston C,US,,,Not Found,None,N/A
KMC Gastroenterology,KMC Gastroenterology,US,,,Not Found,None,N/A
Compassionate Care Family Clinic,Compassionate Care Family Clinic,US,compassionatecarefamilyclinic.com,https://compassionatecarefamilyclinic.com,Found,High,Direct Practice Verification
Wellspire Atascocita,Wellspire Atascocita,US,,,Not Found,None,N/A
MANA Family Med North,MANA Family Med North,US,,,Not Found,None,N/A
Aesthetics by Summit,Aesthetics by Summit,US,aestheticsbysummit.com,https://aestheticsbysummit.com,Found,High,Direct Practice Verification
Magnolia Family Medicine - The Woodlands,Magnolia Family Medicine - The Woodlands,US,,,Not Found,None,N/A
SMC Doctors Clinic,SMC Doctors Clinic,US,,,Not Found,None,N/A
MedFL Med. Centers Boynton Beach,MedFL Med Centers Boynton Beach,US,,,Not Found,None,N/A
"Dr. Laura Andreias Gastroenterology, LLC",Laura Andreias Gastroenterology,US,,,Not Found,None,N/A
Litvinova Medical PC,Litvinova Medical,US,litvinovamedical.com,https://litvinovamedical.com,Found,High,Direct Practice Verification
Infinity Medical Clinic Pc,Infinity Medical Clinic,US,infinitymedicalclinic.com,https://infinitymedicalclinic.com,Found,High,Direct Practice Verification
Abundance Health Care LLC,Abundance Health Care,US,,,Not Found,None,N/A
Luxe Rehab,Luxe Rehab,US,luxerehab.net,https://luxerehab.net,Found,High,Direct Practice Verification
"Complete Healthcare Services, PA",Complete Healthcare Services PA,US,,,Not Found,None,N/A
NB Newport Beach Dermatology and Plastic Surgery,NB Newport Beach Dermatology and Plastic Surgery,US,,,Not Found,None,N/A
SJC Newport Beach Dermatology and Plastic Surgery,SJC Newport Beach Dermatology and Plastic Surgery,US,,,Not Found,None,N/A
Norwell Spa,Norwell Spa,US,,,Not Found,None,N/A
Pacific Derm Specialists Seal Beach,Pacific Derm Specialists Seal Beach,US,,,Not Found,None,N/A
V Physician Services Llc,V Physician Services,US,,,Not Found,None,N/A
Jackson Family Health Center,Jackson Family Health Center,US,,,Not Found,None,N/A
Family Life Medical,Family Life Medical,US,familylifemedical.com,https://familylifemedical.com,Found,High,Direct Practice Verification
Thirlby Lab,Thirlby Lab,US,,,Not Found,None,N/A
Pinellas Medical Associates,Pinellas Medical Associates,US,,,Not Found,None,N/A
Central OK Family Medical ECU,Central OK Family Medical ECU,US,,,Not Found,None,N/A
North Fontana Office Cucamonga Valley Medical Group,North Fontana Office Cucamonga Valley Medical Group,US,,,Not Found,None,N/A
Shield Medical Group PLLC.,Shield Medical Group,US,shieldmedicalgroup.com,https://shieldmedicalgroup.com,Found,High,Direct Practice Verification
Eastvale Office Cucamonga Valley Medical Group,Eastvale Office Cucamonga Valley Medical Group,US,,,Not Found,None,N/A
KMC Dermatology - Leawood,KMC Dermatology - Leawood,US,,,Not Found,None,N/A
KMC Dermatology Lawrence,KMC Dermatology Lawrence,US,,,Not Found,None,N/A
Magic City Family Medicine,Magic City Family Medicine,US,magiccityfamilymedicine.com,https://magiccityfamilymedicine.com,Found,High,Direct Practice Verification
Northshore Medical and Aesthetic Center,Northshore Medical and Aesthetic Center,US,,,Not Found,None,N/A
Gulf Coast Vascular,Gulf Coast Vascular,US,gulfcoastvascularsociety.org,https://gulfcoastvascularsociety.org,Found,High,Clearbit Autocomplete
"Valley Ent, Pc Commercio",Valley Ent Commercio,US,,,Not Found,None,N/A
"Glow Midwifery, Llc",Glow Midwifery,US,glowmidwifery.com,https://glowmidwifery.com,Found,High,Clearbit Autocomplete
Shield Medical Group- Lakewales,Shield Medical Group- Lakewales,US,,,Not Found,None,N/A
"Palm Beach Thyroid and Endocrinology Wellness, LLC",Palm Beach Thyroid and Endocrinology Wellness,US,,,Not Found,None,N/A
Semler Dermatology,Semler Dermatology,US,semlerdermatology.com,https://semlerdermatology.com,Found,High,Direct Practice Verification
Yorktown Health Lisle Primary Care Center,Yorktown Health Lisle Primary Care Center,US,,,Not Found,None,N/A
North Seminole Family Practice-Lake Forest,North Seminole Family Practice-Lake Forest,US,,,Not Found,None,N/A
Geer Care,Geer Care,US,geercares.org,https://geercares.org,Found,High,Clearbit Autocomplete
Whasn Centennial,Whasn Centennial,US,whasncentennial.com,https://whasncentennial.com,Found,High,Direct Practice Verification
GDP Loganville,GDP Loganville,US,,,Not Found,None,N/A
Mindpath Solutions Inc,Mindpath Solutions,US,mindpathsolutions.com,https://mindpathsolutions.com,Found,High,Direct Practice Verification
Mohammad Waseem Kagzi MD LTD.,Mohammad Waseem Kagzi,US,,,Not Found,None,N/A
Northeast Hickory FQHC CVFM-NE,Northeast Hickory FQHC CVFM-NE,US,,,Not Found,None,N/A
Lake Arlington Family Medicine,Lake Arlington Family Medicine,US,,,Not Found,None,N/A
"Kenilworth, NJ",Kenilworth NJ,US,,,Not Found,None,N/A
East DCHC,East DCHC,US,,,Not Found,None,N/A
"Clark, NJ",Clark NJ,US,,,Not Found,None,N/A
Arizona Cardiovascular Llc,Arizona Cardiovascular,US,arizonacardiovascular.com,https://arizonacardiovascular.com,Found,High,Direct Practice Verification
AZ Cardiology,AZ Cardiology,US,azcardiology.com,https://azcardiology.com,Found,High,Direct Practice Verification
Kris G McGrath M.D. S.C.,Kris G McGrath M D S C,US,,,Not Found,None,N/A
Shadow Creek Family Physicians PA,Shadow Creek Family Physicians PA,US,,,Not Found,None,N/A
Colon And Rectal Clinic - Suwanee,Colon And Rectal Clinic - Suwanee,US,,,Not Found,None,N/A
Colon And Rectal Clinic - Lawrenceville,Colon And Rectal Clinic - Lawrenceville,US,,,Not Found,None,N/A
REDDY CARDIAC WELLNESS,REDDY CARDIAC WELLNESS,US,,,Not Found,None,N/A
AZ Cardiology-Prescott Valley,AZ Cardiology-Prescott Valley,US,,,Not Found,None,N/A
Lucent Physician Group LLC,Lucent Physician Group,US,lucentphysiciangroup.com,https://lucentphysiciangroup.com,Found,High,Direct Practice Verification
Frederick Central ENT Consultants,Frederick Central ENT Consultants,US,,,Not Found,None,N/A
Hagerstown Central ENT Consultants,Hagerstown Central ENT Consultants,US,,,Not Found,None,N/A
RescueMD,RescueMD,US,rescuemd.com,https://rescuemd.com,Found,High,Direct Practice Verification
Primary Care Plus Westwego,Primary Care Plus Westwego,US,,,Not Found,None,N/A
NORTHWOOD,NORTHWOOD,US,northwood.org,https://northwood.org,Found,High,Direct Practice Verification
CMG OB/GYN-Carson,CMG OB GYN-Carson,US,,,Not Found,None,N/A
CMG OB/GYN-Reno,CMG OB GYN-Reno,US,,,Not Found,None,N/A
Troy- Dermatology Specialists of AL,Troy- Dermatology Specialists of AL,US,,,Not Found,None,N/A
GV-Fairfax Colon & Rectal Surgery,GV-Fairfax Colon & Rectal Surgery,US,,,Not Found,None,N/A
Institute for Women's Health and Body - Wellington,Institute for Womens Health and Body - Wellington,US,,,Not Found,None,N/A
Pediatric Healthcare Cornwall,Pediatric Healthcare Cornwall,US,,,Not Found,None,N/A
Neuroalliance,Neuroalliance,US,neuroalliance.com,https://neuroalliance.com,Found,High,Direct Practice Verification
Institute for Women's Health and Body - Jupiter,Institute for Womens Health and Body - Jupiter,US,,,Not Found,None,N/A
Surgical Specialists of Clear Lake,Surgical Specialists of Clear Lake,US,clearlakesurgeons.com,https://clearlakesurgeons.com,Found,High,Clearbit Autocomplete
CVFM-Conover,CVFM-Conover,US,,,Not Found,None,N/A
13 Centers for Advanced ENT Care at GBMC East Pavilion,Centers for Advanced ENT Care at GBMC East Pavilion,US,,,Not Found,None,N/A
Vascular Clinic,Vascular Clinic,US,vascularclinic.org,https://vascularclinic.org,Found,High,Direct Practice Verification
13 Centers for Advanced ENT Care at Hunt Valley,Centers for Advanced ENT Care at Hunt Valley,US,,,Not Found,None,N/A
One Cross Community,One Cross Community,US,,,Not Found,None,N/A
Texas Behavioral Health of Sugarland,Texas Behavioral Health of Sugarland,US,,,Not Found,None,N/A
Mission Heart And Vascular,Mission Heart And Vascular,US,missionheartandvascular.com,https://missionheartandvascular.com,Found,High,Direct Practice Verification
Spring Office - 1125 Cypress Station Dr Ste G3,Spring Office - 1125 Cypress Station Dr Ste G3,US,,,Not Found,None,N/A
Willowbrook Office - 13656 BRETON RIDGE ST STE F,Willowbrook Office - 13656 BRETON RIDGE ST STE F,US,,,Not Found,None,N/A
Mountain Home Podiatry,Mountain Home Podiatry,US,mountainhomepodiatry.com,https://mountainhomepodiatry.com,Found,High,Direct Practice Verification
Sugarland Care Center,Sugarland Care Center,US,sugarlandcarecenter.com,https://sugarlandcarecenter.com,Found,High,Direct Practice Verification
Vascular Clinic - DeBary,Vascular Clinic - DeBary,US,,,Not Found,None,N/A
Lone Peak Internal Medicine,Lone Peak Internal Medicine,US,,,Not Found,None,N/A
Magnolia Medicine,Magnolia Medicine,US,magnoliamedicine.com,https://magnoliamedicine.com,Found,High,Direct Practice Verification
Charlotte County-Port Charlotte,Charlotte County-Port Charlotte,US,,,Not Found,None,N/A
Charlotte County-Punta Gorda,Charlotte County-Punta Gorda,US,,,Not Found,None,N/A
Primary Healthcare - Murray,Primary Healthcare - Murray,US,,,Not Found,None,N/A
Kwanspine Llc,Kwanspine,US,,,Not Found,None,N/A
Noble Family Healthcare Clinic,Noble Family Healthcare Clinic,US,,,Not Found,None,N/A
Sapulpa,Sapulpa,US,sapulpacrossroads.com,https://sapulpacrossroads.com,Found,High,Clearbit Autocomplete
Broward Cardiology - Plantation - Ste 300,Broward Cardiology - Plantation - Ste 300,US,,,Not Found,None,N/A
SYNERGY SPINE ORTHOPEDICS (8180),SYNERGY SPINE ORTHOPEDICS,US,,,Not Found,None,N/A
SFICC Aventura Office,SFICC Aventura Office,US,,,Not Found,None,N/A
"Cooper Family Med Center, Inc.",Cooper Family Med Center,US,,,Not Found,None,N/A
"Valley Ent, Pc Green Valley",Valley Ent Green Valley,US,,,Not Found,None,N/A
"Valley Ent, Pc Tuc East",Valley Ent Tuc East,US,,,Not Found,None,N/A
"Valley ENT, PC Silverbell",Valley ENT Silverbell,US,,,Not Found,None,N/A
Pediatrics Plus,Pediatrics Plus,US,pediatricsplus.com,https://pediatricsplus.com,Found,High,Direct Practice Verification
Rutherford Medical Center LLC,Rutherford Medical Center,US,,,Not Found,None,N/A
Peach Clinic BV,Peach Clinic BV,US,,,Not Found,None,N/A
Gastro Florida - St. Pete 66th Street,Gastro Florida - St Pete 66th Street,US,,,Not Found,None,N/A
Gastro Florida - Clearwater Ft. Harrison,Gastro Florida - Clearwater Ft Harrison,US,,,Not Found,None,N/A
Gastro Florida - St. Pete Jackson Street,Gastro Florida - St Pete Jackson Street,US,,,Not Found,None,N/A
MANA Family Medicine Thompson,MANA Family Medicine Thompson,US,,,Not Found,None,N/A
Ventura Orthopedics - Ventura,Ventura Orthopedics - Ventura,US,,,Not Found,None,N/A
Hidalgo Medical Services,Hidalgo Medical Services,US,,,Not Found,None,N/A
Kenneth Grier Md Inc,Kenneth Grier,US,kenneth grier m.d. photos,https://kenneth grier m.d. photos,Found,High,Valentin Google (US)
FL033 Turkey Lake,Turkey Lake,US,turkeylake.com,https://turkeylake.com,Found,High,Direct Practice Verification
Hms Animas Valley Clinic,Hms Animas Valley Clinic,US,,,Not Found,None,N/A
Skin Solutions - Murfreesboro,Skin Solutions - Murfreesboro,US,,,Not Found,None,N/A
Skin Solutions - Smyrna,Skin Solutions - Smyrna,US,,,Not Found,None,N/A
The ENT and Allergy Centers of Texas- Plano Office,The ENT and Allergy Centers of Texas- Plano Office,US,,,Not Found,None,N/A
AZLE PARKWAY Palm Primary Care,AZLE PARKWAY Palm Primary Care,US,,,Not Found,None,N/A
Blake Medical Specialists,Blake Medical Specialists,US,,,Not Found,None,N/A
Rivercity Wellness And Iv Hydration,Rivercity Wellness And Iv Hydration,US,,,Not Found,None,N/A
"PW--Padder Health Services, LLC",PW--Padder Health Services,US,,,Not Found,None,N/A
Lexington Women's Health - Baptist Campus,Lexington Womens Health - Baptist Campus,US,,,Not Found,None,N/A
Lexington Women's Health - Brannon Crossing,Lexington Womens Health - Brannon Crossing,US,,,Not Found,None,N/A
Alluvion Health at Health Department,Alluvion Health at Health Department,US,,,Not Found,None,N/A
Loudoun Pediatric Associates Purcellville,Loudoun Pediatric Associates Purcellville,US,,,Not Found,None,N/A
Mainline- Monticello Clinic,Mainline- Monticello Clinic,US,,,Not Found,None,N/A
Allergy Chantilly,Allergy Chantilly,US,,,Not Found,None,N/A
Norwell Office Of South Shore Skin Center,Norwell Office Of South Shore Skin Center,US,,,Not Found,None,N/A
Kansas City Joint Replacement and Sports Medicine,Kansas City Joint Replacement and Sports Medicine,US,,,Not Found,None,N/A
MANA Family Med Thompson,MANA Family Med Thompson,US,,,Not Found,None,N/A
CHN JAMAICA,CHN JAMAICA,US,,,Not Found,None,N/A
Tri Area Community Health - Fries,Tri Area Community Health - Fries,US,,,Not Found,None,N/A
TENTA College Station Clinic,TENTA College Station Clinic,US,,,Not Found,None,N/A
TENTA Huntsville Clinic,TENTA Huntsville Clinic,US,,,Not Found,None,N/A
Broward Vascular Surgery - Margate,Broward Vascular Surgery - Margate,US,,,Not Found,None,N/A
KMC Topeka Dermatology,KMC Topeka Dermatology,US,,,Not Found,None,N/A
Atlanta Allergy And Asthma - Buckhead,Atlanta Allergy And Asthma - Buckhead,US,,,Not Found,None,N/A
Atlanta Allergy And Asthma - Stockbridge,Atlanta Allergy And Asthma - Stockbridge,US,,,Not Found,None,N/A
Southeast Derm Specialists Rome,Southeast Derm Specialists Rome,US,,,Not Found,None,N/A
Southeast Derm Specialists Cartersville,Southeast Derm Specialists Cartersville,US,,,Not Found,None,N/A
OZARK MEDICAL CLINIC CLINTON,OZARK MEDICAL CLINIC CLINTON,US,,,Not Found,None,N/A
OZARK MEDICAL CLINIC FAIRFIELD BAY RURAL HEALTH,OZARK MEDICAL CLINIC FAIRFIELD BAY RURAL HEALTH,US,,,Not Found,None,N/A
The Family Health Center at West End,The Family Health Center at West End,US,,,Not Found,None,N/A
AHHC Main Little Rock - Keep The Beat,AHHC Main Little Rock - Keep The Beat,US,,,Not Found,None,N/A
Mission Primary Care Clinic,Mission Primary Care Clinic,US,missionprimarycare.org,https://missionprimarycare.org,Found,High,Direct Practice Verification
Roland Nyein Md Pc - Centre,Roland Nyein - Centre,US,,,Not Found,None,N/A
Roland Nyein MD Pc (Bk),Roland Nyein,US,,,Not Found,None,N/A
Doctor K Derm,K Derm,US,k-derm.net,https://k-derm.net,Found,High,Clearbit Autocomplete
ROLAND NYEIN MD PC 68,ROLAND NYEIN 68,US,,,Not Found,None,N/A
Breast Care Surgical Specialists,Breast Care Surgical Specialists,US,,,Not Found,None,N/A
Marys Center Adelphi,Marys Center Adelphi,US,,,Not Found,None,N/A
Primary Health Group- Chippenham,Primary Health Group- Chippenham,US,,,Not Found,None,N/A
DOUGLAS H BAILYN,DOUGLAS H BAILYN,US,,,Not Found,None,N/A
Chambers Health - West Chambers Medical,Chambers Health - West Chambers Medical,US,,,Not Found,None,N/A
Lilac Healthcare Llc,Lilac Healthcare,US,lilachealthcare.org,https://lilachealthcare.org,Found,High,Direct Practice Verification
Twinsburg Primary Care,Twinsburg Primary Care,US,,,Not Found,None,N/A
Medical City Childrens Ortho & Spine Spec- Arlington,Medical City Childrens Ortho & Spine Spec- Arlington,US,,,Not Found,None,N/A
PALM BEACH DIABETES - JUPITER,PALM BEACH DIABETES - JUPITER,US,,,Not Found,None,N/A
Pediatrica of Heritage Trace,Pediatrica of Heritage Trace,US,,,Not Found,None,N/A
Zachary Psychiatry,Zachary Psychiatry,US,zacharypsychiatry.com,https://zacharypsychiatry.com,Found,High,Direct Practice Verification
Lilac North Gilbert,Lilac North Gilbert,US,,,Not Found,None,N/A
039 Multi Assistance Center,Multi Assistance Center,US,,,Not Found,None,N/A
Telehealth for Rittenhouse Internal Medicine,Telehealth for Rittenhouse Internal Medicine,US,,,Not Found,None,N/A
Corpus Christi Heart,Corpus Christi Heart,US,corpuschristiheart.com,https://corpuschristiheart.com,Found,High,Direct Practice Verification
Pediatric Associates - Fort Lauderdale South,Pediatric Associates - Fort Lauderdale South,US,,,Not Found,None,N/A
LMHS Wapakoneta Medical Center,LMHS Wapakoneta Medical Center,US,,,Not Found,None,N/A
CVFM-Sherrills Ford,CVFM-Sherrills Ford,US,,,Not Found,None,N/A
Delaware Pediatrics Wilmington,Delaware Pediatrics Wilmington,US,,,Not Found,None,N/A
Delaware Pediatrics Townsend,Delaware Pediatrics Townsend,US,,,Not Found,None,N/A
AMG Urology Colesville,AMG Urology Colesville,US,,,Not Found,None,N/A
Northwest Campus,Northwest Campus,US,,,Not Found,None,N/A
City Care Family Practice PC,City Care Family Practice,US,citycarefamilypractice.com,https://citycarefamilypractice.com,Found,High,Direct Practice Verification
Wimberley Campus,Wimberley Campus,US,,,Not Found,None,N/A
CEN FL PULMONARY CONSULTANTS,CEN FL PULMONARY CONSULTANTS,US,,,Not Found,None,N/A
"Alafia,Llc",Alafia,US,alafialist.com,https://alafialist.com,Found,High,Clearbit Autocomplete
Whitefoord Health Center,Whitefoord Health Center,US,,,Not Found,None,N/A
Gulf Comprehensive Gastroenterology,Gulf Comprehensive Gastroenterology,US,,,Not Found,None,N/A
Midwest Metropolitan Physician Research,Midwest Metropolitan Physician Research,US,,,Not Found,None,N/A
East Atlanta Conyers Office,East Atlanta Conyers Office,US,,,Not Found,None,N/A
Her Health PLLC,Her Health,US,herhealtheq.org,https://herhealtheq.org,Found,High,Clearbit Autocomplete
"Watchung, NJ",Watchung NJ,US,watchungnj.gov,https://watchungnj.gov,Found,High,Clearbit Autocomplete
Hometown Healthcare Family Medicine And Urgent Care,Hometown Healthcare Family Medicine And Urgent Care,US,,,Not Found,None,N/A
Karandeep Singh Md Pc,Karandeep Singh,US,karandeepsingh.com,https://karandeepsingh.com,Found,High,Direct Practice Verification
Family Health At Mt Olive,Family Health At Mt Olive,US,,,Not Found,None,N/A
River Family Health,River Family Health,US,riverfamilyhealth.com,https://riverfamilyhealth.com,Found,High,Direct Practice Verification
"Summit Physician Group, LLP",Summit Physician Group,US,,,Not Found,None,N/A
SMC South Lake,SMC South Lake,US,,,Not Found,None,N/A
Walton County Employee Health Clinic,Walton County Employee Health Clinic,US,,,Not Found,None,N/A
Orange Park Surgical Specialists - Jacksonville,Orange Park Surgical Specialists - Jacksonville,US,,,Not Found,None,N/A
Integrated Family Medical Center,Integrated Family Medical Center,US,,,Not Found,None,N/A
WellMed at Hampton,WellMed at Hampton,US,,,Not Found,None,N/A
DELA WOMEN'S HEALTH,DELA WOMENS HEALTH,US,,,Not Found,None,N/A
Fort Walton Beach Dermatology Specialists of Florida,Fort Walton Beach Dermatology Specialists of Florida,US,,,Not Found,None,N/A
"Valley ENT, PC Tuc Northwest",Valley ENT Tuc Northwest,US,,,Not Found,None,N/A
Hodari MD Dermatology 80 Chico,Hodari Dermatology 80 Chico,US,,,Not Found,None,N/A
Broken Arrow,Broken Arrow,US,brokenarrow.com,https://brokenarrow.com,Found,High,Direct Practice Verification
Haitham Jifi MD PA,Haitham Jifi PA,US,,,Not Found,None,N/A
Womens Life Cycles OBGYN PC,Womens Life Cycles OBGYN,US,,,Not Found,None,N/A
Womens Life Cycle OB/ GYN S.Field,Womens Life Cycle OB GYN S Field,US,,,Not Found,None,N/A
"Novi, Women's Life Cycle's OB/GYN. PC",Novi Womens Life Cycles OB GYN,US,,,Not Found,None,N/A
Marys Center Ontario,Marys Center Ontario,US,,,Not Found,None,N/A
Prestige Sleep And Wellness,Prestige Sleep And Wellness,US,,,Not Found,None,N/A
Pediatric Associates - Blue Lagoon,Pediatric Associates - Blue Lagoon,US,,,Not Found,None,N/A
Solvera Healthcare Galesburg,Solvera Healthcare Galesburg,US,,,Not Found,None,N/A
HCA HealthONE Women's Care of Colorado - Lone Tree,HCA HealthONE Womens Care of Colorado - Lone Tree,US,,,Not Found,None,N/A
HCA HealthONE Women's Care of Colorado - Parker,HCA HealthONE Womens Care of Colorado - Parker,US,,,Not Found,None,N/A
The Center Medical Draper,The Center Medical Draper,US,,,Not Found,None,N/A
MIDTOWN EAST MEDICAL PC,MIDTOWN EAST MEDICAL,US,midtowneastmedical.com,https://midtowneastmedical.com,Found,High,Direct Practice Verification
Lifearts Medical Llc,Lifearts Medical,US,,,Not Found,None,N/A
Gulf Coast Medical Center Trinity,Gulf Coast Medical Center Trinity,US,,,Not Found,None,N/A
Good Samaritan Health & Wellness Center Inc.,Good Samaritan Health & Wellness Center,US,,,Not Found,None,N/A
West Women's Health - Davis Hwy,West Womens Health - Davis Hwy,US,,,Not Found,None,N/A
Cass County Community Health Center,Cass County Community Health Center,US,,,Not Found,None,N/A
Niedland Breast Center,Niedland Breast Center,US,,,Not Found,None,N/A
SSH Clinic,SSH Clinic,US,ssh.clinic,https://ssh.clinic,Found,High,Clearbit Autocomplete
Gramercy Gynecology West,Gramercy Gynecology West,US,,,Not Found,None,N/A
Bella at the Valley,Bella at the Valley,US,bellaatthevalley.com,https://bellaatthevalley.com,Found,High,Direct Practice Verification
Sahara Family & Skin Clinic,Sahara Family & Skin Clinic,US,saharafamilyskinclinic.com,https://saharafamilyskinclinic.com,Found,High,Direct Practice Verification
Walla Walla Mobile Care,Walla Walla Mobile Care,US,wallawallamobilecare.com,https://wallawallamobilecare.com,Found,High,Direct Practice Verification
Pediatric Associates - Doral,Pediatric Associates - Doral,US,,,Not Found,None,N/A
SCRIPPS RANCH MEDICAL,SCRIPPS RANCH MEDICAL,US,scrippsranchmedical.com,https://scrippsranchmedical.com,Found,High,Direct Practice Verification
CHN Harlem HBA,CHN Harlem HBA,US,,,Not Found,None,N/A
FL032 West Boynton,West Boynton,US,westboynton.com,https://westboynton.com,Found,High,Direct Practice Verification
Panama City Institute Of Endocrinology Diabetes,Panama City Institute Of Endocrinology Diabetes,US,,,Not Found,None,N/A
Odessa General Surgery Robotics,Odessa General Surgery Robotics,US,,,Not Found,None,N/A
Sanitas West Kendall,Sanitas West Kendall,US,,,Not Found,None,N/A
Potranco Campus,Potranco Campus,US,,,Not Found,None,N/A
Southland Recovery,Southland Recovery,US,southlandrecovery.com,https://southlandrecovery.com,Found,High,Direct Practice Verification
Riverton Family Health Center,Riverton Family Health Center,US,,,Not Found,None,N/A
CHEMED River - Geriatrics,CHEMED River - Geriatrics,US,,,Not Found,None,N/A
FL032 Delray 204,Delray 204,US,,,Not Found,None,N/A
Spero Womens Oncology Center,Spero Womens Oncology Center,US,spero women's oncology center - gateway boulevard. west,https://spero women's oncology center - gateway boulevard. west,Found,High,Valentin Google (US)
Blue Ridge Vascular,Blue Ridge Vascular,US,blueridgevascular.com,https://blueridgevascular.com,Found,High,Direct Practice Verification
CHEMED Geriatrics,CHEMED Geriatrics,US,,,Not Found,None,N/A
New Windsor-Vanguard,New Windsor-Vanguard,US,,,Not Found,None,N/A
"Edison, NJ",Edison NJ,US,edisonnj.org,https://edisonnj.org,Found,High,Direct Practice Verification
STANKUS FAMILY CARE LLC,STANKUS FAMILY CARE,US,stankusfamilycare.com,https://stankusfamilycare.com,Found,High,Direct Practice Verification
El Paso Perinatology II,El Paso Perinatology II,US,,,Not Found,None,N/A
Orthopaedic Institute For Spinal Disorder,Orthopaedic Institute For Spinal Disorder,US,,,Not Found,None,N/A
999-West Paterson Family Medical Center PA,999-West Paterson Family Medical Center PA,US,,,Not Found,None,N/A
Sanitas John Young Parkway,Sanitas John Young Parkway,US,,,Not Found,None,N/A
"Aseda Medical Center, Llc",Aseda Medical Center,US,asedamedicalcenter.com,https://asedamedicalcenter.com,Found,High,Direct Practice Verification
South Houston Internal Medicine,South Houston Internal Medicine,US,,,Not Found,None,N/A
Houston Pediatric Pulmonary,Houston Pediatric Pulmonary,US,,,Not Found,None,N/A
Joseph M Pusateri DPM SFM,Joseph M Pusateri SFM,US,,,Not Found,None,N/A
Joseph M Pusateri DPM LEH,Joseph M Pusateri LEH,US,,,Not Found,None,N/A
Gastroenterology Associates of Manatee - Sun City Center,Gastroenterology Associates of Manatee - Sun City Center,US,,,Not Found,None,N/A
Superior Medical Center PA,Superior Medical Center PA,US,,,Not Found,None,N/A
Seaview Orthopaedic Barnegat,Seaview Orthopaedic Barnegat,US,,,Not Found,None,N/A
Seaview Orthopaedics Monroe,Seaview Orthopaedics Monroe,US,,,Not Found,None,N/A
Bordentown Location,Bordentown Location,US,,,Not Found,None,N/A
Medford Location,Medford Location,US,,,Not Found,None,N/A
Moorestown Location,Moorestown Location,US,,,Not Found,None,N/A
Madison Dermatology Specialists of Alabama,Madison Dermatology Specialists of Alabama,US,,,Not Found,None,N/A
Vitality Physical Medicine,Vitality Physical Medicine,US,,,Not Found,None,N/A
Texoma Neurology Assoc Sherman,Texoma Neurology Assoc Sherman,US,,,Not Found,None,N/A
Texoma Neurology Associates-Denison,Texoma Neurology Associates-Denison,US,,,Not Found,None,N/A
FL059 Miami Lakes,Miami Lakes,US,miamilakes.com,https://miamilakes.com,Found,High,Direct Practice Verification
Center for Urogynecology and Pelvic Health - King of Prussia,Center for Urogynecology and Pelvic Health - King of Prussia,US,,,Not Found,None,N/A
Hill Country Allergy & Asthma Marble Falls,Hill Country Allergy & Asthma Marble Falls,US,,,Not Found,None,N/A
Hill Country Allergy & Asthma Leander,Hill Country Allergy & Asthma Leander,US,,,Not Found,None,N/A
D&D Health Solutions Inc,D&D Health Solutions,US,ddhealthsolutions.com,https://ddhealthsolutions.com,Found,High,Direct Practice Verification
PCAT 160 ALLIANCE,PCAT 160 ALLIANCE,US,,,Not Found,None,N/A
FL008 Town and Country,Town and Country,US,townandcountry.org,https://townandcountry.org,Found,High,Direct Practice Verification
PCATexas Fort Worth,PCATexas Fort Worth,US,,,Not Found,None,N/A
FQHC-Family Health Clinic-Main,FQHC-Family Health Clinic-Main,US,,,Not Found,None,N/A
Primary Care Plus Algiers,Primary Care Plus Algiers,US,,,Not Found,None,N/A
AMG Colesville Primary Care,AMG Colesville Primary Care,US,,,Not Found,None,N/A
Neuroscience Consultants 02-FirstChoice Neurology,Neuroscience Consultants 02-FirstChoice Neurology,US,,,Not Found,None,N/A
Gastromed LLC 10305,Gastromed 10305,US,,,Not Found,None,N/A
Neuroscience Consultants 02h-FirstChoice Neurology,Neuroscience Consultants 02h-FirstChoice Neurology,US,,,Not Found,None,N/A
St Petersburg Office,St Petersburg Office,US,,,Not Found,None,N/A
Brandon Office,Brandon Office,US,,,Not Found,None,N/A
Forest OBGYN,Forest OBGYN,US,,,Not Found,None,N/A
"Valley ENT, PC 101 Shea",Valley ENT 101 Shea,US,,,Not Found,None,N/A
Pure Medicine,Pure Medicine,US,puremedicine.com,https://puremedicine.com,Found,High,Direct Practice Verification
New Health Md Of Kendall,New Health Of Kendall,US,,,Not Found,None,N/A
York Office of Northeast Dermatology Associates,York Office of Northeast Dermatology Associates,US,,,Not Found,None,N/A
Portland Office of Northeast Dermatology Associates,Portland Office of Northeast Dermatology Associates,US,,,Not Found,None,N/A
Broward Cardiology - Margate,Broward Cardiology - Margate,US,,,Not Found,None,N/A
Granger Medical Holladay - Family Medicine,Granger Medical Holladay - Family Medicine,US,,,Not Found,None,N/A
Lilac Dobson 205,Lilac Dobson 205,US,,,Not Found,None,N/A
HealthPoint Navasota,HealthPoint Navasota,US,,,Not Found,None,N/A
Shoreline Orthopaedics,Shoreline Orthopaedics,US,shorelineortho.com,https://shorelineortho.com,Found,High,Clearbit Autocomplete
Dermatology Specialists of Florida,Dermatology Specialists of Florida,US,,,Not Found,None,N/A
Sun City West,Sun City West,US,suncitywest.net,https://suncitywest.net,Found,High,Direct Practice Verification
Goodyear,Goodyear,US,goodyear.com,https://goodyear.com,Found,High,Direct Practice Verification
Marianna - Dermatology Specialists of Florida,Marianna - Dermatology Specialists of Florida,US,,,Not Found,None,N/A
Watersound Origins Dermatology Specialists of FL,Watersound Origins Dermatology Specialists of FL,US,,,Not Found,None,N/A
United Spine and Joint Center,United Spine and Joint Center,US,,,Not Found,None,N/A
True Medicine Pa,True Medicine Pa,US,truemedicinepa.com,https://truemedicinepa.com,Found,High,Direct Practice Verification
Zeeland Shoreline Orthopaedics,Zeeland Shoreline Orthopaedics,US,,,Not Found,None,N/A
Estrella Surgical Group 9321,Estrella Surgical Group 9321,US,,,Not Found,None,N/A
"Arizona Center For Hand Surgery, PC.",Arizona Center For Hand Surgery,US,,,Not Found,None,N/A
Synergy Orthopedic Specialists - Sorrento Valley,Synergy Orthopedic Specialists - Sorrento Valley,US,,,Not Found,None,N/A
Centennial Heart at Summit,Centennial Heart at Summit,US,,,Not Found,None,N/A
LewisGale Physicians- Breast Care Clinic,LewisGale Physicians- Breast Care Clinic,US,,,Not Found,None,N/A
Austin Diagnostic Clinic - North,Austin Diagnostic Clinic - North,US,,,Not Found,None,N/A
Maxine S. Postal Tri-Community Health Center A28,Maxine S Postal Tri-Community Health Center A28,US,,,Not Found,None,N/A
Pediatric Gi Health Mays Landing,Pediatric Gi Health Mays Landing,US,,,Not Found,None,N/A
Pediatric Gi Health Voorhees,Pediatric Gi Health Voorhees,US,,,Not Found,None,N/A
Texas Institute of Spine & Neurosurgery- McKinney,Texas Institute of Spine & Neurosurgery- McKinney,US,,,Not Found,None,N/A
Sano Parkville,Sano Parkville,US,,,Not Found,None,N/A
Sarasota Center For Digestive Disease,Sarasota Center For Digestive Disease,US,,,Not Found,None,N/A
Margaret Niedland Breast Center-2nd floor,Margaret Niedland Breast Center-2nd floor,US,,,Not Found,None,N/A
Texas Bone and Joint- Denton- Medpark,Texas Bone and Joint- Denton- Medpark,US,,,Not Found,None,N/A
Innovative Urgent Care Clarksburg - DOT exams,Innovative Urgent Care Clarksburg - DOT exams,US,,,Not Found,None,N/A
Ventura Orthopedics - Oxnard,Ventura Orthopedics - Oxnard,US,,,Not Found,None,N/A
Ventura Orthopedics - Camarillo,Ventura Orthopedics - Camarillo,US,,,Not Found,None,N/A
Sewell,Sewell,US,sewell.org,https://sewell.org,Found,High,Direct Practice Verification
Parron Orthopaedic LLC,Parron Orthopaedic,US,,,Not Found,None,N/A
RGPMD LLC Pembroke Falls,RGPMD Pembroke Falls,US,,,Not Found,None,N/A
Primary Health SOUTH NAMPA Family Practice,Primary Health SOUTH NAMPA Family Practice,US,,,Not Found,None,N/A
Granite State Family Health Telehealth,Granite State Family Health Telehealth,US,,,Not Found,None,N/A
Granite State Family Health,Granite State Family Health,US,,,Not Found,None,N/A
Ocala Health Neurosurgical Group- Ste 102,Ocala Health Neurosurgical Group- Ste 102,US,,,Not Found,None,N/A
John C Lawlor DPM LBE,John C Lawlor LBE,US,,,Not Found,None,N/A
John C Lawlor DPM TUS,John C Lawlor TUS,US,,,Not Found,None,N/A
"Healthcare Now, LLC",Healthcare Now,US,healthcarenow.org,https://healthcarenow.org,Found,High,Direct Practice Verification
Ralls Family Medicine,Ralls Family Medicine,US,rallsfamilymedicine.com,https://rallsfamilymedicine.com,Found,High,Direct Practice Verification
"Internal Medicine Md, Llc",Internal Medicine,US,internalmedicine.com,https://internalmedicine.com,Found,High,Direct Practice Verification
Oncology Clear Lake 905,Oncology Clear Lake 905,US,,,Not Found,None,N/A
The Hand and Wrist Institute Southlake,The Hand and Wrist Institute Southlake,US,,,Not Found,None,N/A
The Hand and Wrist Institute - Dallas,The Hand and Wrist Institute - Dallas,US,,,Not Found,None,N/A
Twin Peaks Dermatology,Twin Peaks Dermatology,US,twinpeaksdermatology.com,https://twinpeaksdermatology.com,Found,High,Direct Practice Verification
Family Medicine Of South Bend PC,Family Medicine Of South Bend,US,,,Not Found,None,N/A
LewisGale Physicians- Westlake Multispecialty,LewisGale Physicians- Westlake Multispecialty,US,,,Not Found,None,N/A
Synergy Orthopedic Specialists - Encinitas,Synergy Orthopedic Specialists - Encinitas,US,,,Not Found,None,N/A
Coastal Cardiothoracic and Vascular Surg-Borthwick,Coastal Cardiothoracic and Vascular Surg-Borthwick,US,,,Not Found,None,N/A
FDHS South Tampa GI,FDHS South Tampa GI,US,,,Not Found,None,N/A
WEST VALLEY SACRED CIRCLE HEALTHCARE,WEST VALLEY SACRED CIRCLE HEALTHCARE,US,,,Not Found,None,N/A
Great Falls Orthopedic Hand Surgery,Great Falls Orthopedic Hand Surgery,US,,,Not Found,None,N/A
Fort Lauderdale Office,Fort Lauderdale Office,US,,,Not Found,None,N/A
Obstetrics and Gynecology of Indiana - Zionsville,Obstetrics and Gynecology of Indiana - Zionsville,US,,,Not Found,None,N/A
Gainesville Internal Medicine Physicians,Gainesville Internal Medicine Physicians,US,,,Not Found,None,N/A
Rheumatology Center Inc,Rheumatology Center,US,rheumatologycenter.org,https://rheumatologycenter.org,Found,High,Direct Practice Verification
Austin ENT & Allergy,Austin ENT & Allergy,US,,,Not Found,None,N/A
Milwaukee Tool Employee Clinic Olive Branch,Milwaukee Tool Employee Clinic Olive Branch,US,,,Not Found,None,N/A
Texas Bone and Joint - Argyle,Texas Bone and Joint - Argyle,US,,,Not Found,None,N/A
South Orange County Cardiology,South Orange County Cardiology,US,,,Not Found,None,N/A
Texas Bone and Joint - Fort Worth,Texas Bone and Joint - Fort Worth,US,,,Not Found,None,N/A
Orthopaedic Institute For Spinal Disease,Orthopaedic Institute For Spinal Disease,US,,,Not Found,None,N/A
Faith Medical Center P.C.,Faith Medical Center P C,US,,,Not Found,None,N/A
Arcadia,Arcadia,US,arcadia.com,https://arcadia.com,Found,High,Direct Practice Verification
Faith Medical Center PC. Mooresville,Faith Medical Center Mooresville,US,,,Not Found,None,N/A
East Campus,East Campus,US,eastcampus.com,https://eastcampus.com,Found,High,Direct Practice Verification
AssociatesMD Weston B,AssociatesMD Weston B,US,,,Not Found,None,N/A
CommunityMD of Atlanta,CommunityMD of Atlanta,US,,,Not Found,None,N/A
Downey,Downey,US,downeyca.org,https://downeyca.org,Found,High,Clearbit Autocomplete
Amarillo Medical Specialists,Amarillo Medical Specialists,US,amarillomed.com,https://amarillomed.com,Found,Medium,Clearbit Autocomplete
CommunityMD of Newnan,CommunityMD of Newnan,US,,,Not Found,None,N/A
Murrieta Primary Care Clinic,Murrieta Primary Care Clinic,US,murrietaprimarycare.com,https://murrietaprimarycare.com,Found,High,Direct Practice Verification
CommunityMD of South Atlanta,CommunityMD of South Atlanta,US,,,Not Found,None,N/A
"Associates of Internal Medicine, PA",Associates of Internal Medicine PA,US,,,Not Found,None,N/A
AMGA Ortho Sports & Wound Care,AMGA Ortho Sports & Wound Care,US,,,Not Found,None,N/A
Family Medicine Specialists,Family Medicine Specialists,US,familymedicinespecialists.com,https://familymedicinespecialists.com,Found,High,Direct Practice Verification
Edropa Family Clinic,Edropa Family Clinic,US,,,Not Found,None,N/A
Sanitas Poinciana,Sanitas Poinciana,US,,,Not Found,None,N/A
Dr Jinsong Zhang Md Richardson,Jinsong Zhang Richardson,US,,,Not Found,None,N/A
Dr Jinsong Zhang MD Dallas,Jinsong Zhang Dallas,US,,,Not Found,None,N/A
Pinnacle Provider Group,Pinnacle Provider Group,US,,,Not Found,None,N/A
Lgbt Life Center - Hampton,Lgbt Life Center - Hampton,US,,,Not Found,None,N/A
Lgbt Life Center - Rhr,Lgbt Life Center - Rhr,US,,,Not Found,None,N/A
Whole Family Care Pllc,Whole Family Care,US,wholefamilycare.org,https://wholefamilycare.org,Found,High,Direct Practice Verification
Sisselman Medical Group Massapequa,Sisselman Medical Group Massapequa,US,,,Not Found,None,N/A
SMG Commack,SMG Commack,US,,,Not Found,None,N/A
Personal MD Family Healthcare,Personal Family Healthcare,US,,,Not Found,None,N/A
Jhonsua Alberto Jimenez Arias Medical PLLC,Jhonsua Alberto Jimenez Arias Medical,US,,,Not Found,None,N/A
ADC North Austin Medical Center 3 North; Endocrinology,ADC North Austin Medical Center 3 North Endocrinology,US,,,Not Found,None,N/A
Family Health Specialists of Lees Summit,Family Health Specialists of Lees Summit,US,,,Not Found,None,N/A
9 Feldman ENT Germantown,9 Feldman ENT Germantown,US,,,Not Found,None,N/A
HCA HealthONE Sky Ridge Primary Care - Lone Tree,HCA HealthONE Sky Ridge Primary Care - Lone Tree,US,,,Not Found,None,N/A
"Restore Dermatology Clinic, LLC",Restore Dermatology Clinic,US,restoredermatologyclinic.com,https://restoredermatologyclinic.com,Found,High,Direct Practice Verification
Magnolia Family Medicine Walk-In,Magnolia Family Medicine Walk-In,US,,,Not Found,None,N/A
Rarediseasedoc,Rarediseasedoc,US,rarediseasedoc.com,https://rarediseasedoc.com,Found,High,Direct Practice Verification
Pediatric Associates - Ives Estates,Pediatric Associates - Ives Estates,US,,,Not Found,None,N/A
Tots & Teens Pediatrics,Tots & Teens Pediatrics,US,,,Not Found,None,N/A
Forest Lake Bone and Joint,Forest Lake Bone and Joint,US,forestlakeboneandjoint.com,https://forestlakeboneandjoint.com,Found,High,Direct Practice Verification
I535 Family Healthcare,I535 Family Healthcare,US,,,Not Found,None,N/A
PedIM Inverness,PedIM Inverness,US,,,Not Found,None,N/A
Revelation Spine Center,Revelation Spine Center,US,revelationspinecenter.com,https://revelationspinecenter.com,Found,High,Direct Practice Verification
"Staten Island, NY",Staten Island NY,US,statenislandny.com,https://statenislandny.com,Found,High,Direct Practice Verification
Stripes Primary Care - PGC,Stripes Primary Care - PGC,US,,,Not Found,None,N/A
Grand Strand Heart and Vascular Care - Doug White,Grand Strand Heart and Vascular Care - Doug White,US,,,Not Found,None,N/A
9 Feldman ENT Chevy Chase,9 Feldman ENT Chevy Chase,US,,,Not Found,None,N/A
Primary Health Group - Johnston Willis,Primary Health Group - Johnston Willis,US,,,Not Found,None,N/A
Voorhees Location,Voorhees Location,US,,,Not Found,None,N/A
Owasso,Owasso,US,owasso.com,https://owasso.com,Found,High,Direct Practice Verification
"Avenel, NJ",Avenel NJ,US,,,Not Found,None,N/A
Stone Creek Family Medicine,Stone Creek Family Medicine,US,,,Not Found,None,N/A
"Valley ENT, PC Arrowhead",Valley ENT Arrowhead,US,,,Not Found,None,N/A
"Valley ENT, PC Estrella",Valley ENT Estrella,US,,,Not Found,None,N/A
CMG Peds-Carson,CMG Peds-Carson,US,,,Not Found,None,N/A
GO MED MOBILE PLLC,GO MED MOBILE,US,gomedmobile.com,https://gomedmobile.com,Found,High,Direct Practice Verification
CMG Peds-Minden,CMG Peds-Minden,US,,,Not Found,None,N/A
EB UniMed Center LLC--East Brunswick,EB UniMed Center --East Brunswick,US,,,Not Found,None,N/A
"Botany Wellness, Pllc",Botany Wellness,US,botanywellness.com,https://botanywellness.com,Found,High,Direct Practice Verification
Samsung Electronics,Samsung Electronics,US,samsung.com,https://samsung.com,Found,Medium,Clearbit Autocomplete
Warren- UniMed Center LLC,Warren- UniMed Center,US,,,Not Found,None,N/A
Low Country Cancer Care Associates- Savannah Office,Low Country Cancer Care Associates- Savannah Office,US,,,Not Found,None,N/A
BLUE ASH THE DERMATOLOGY GROUP,BLUE ASH THE DERMATOLOGY GROUP,US,,,Not Found,None,N/A
LIBERTY TWP THE DERMATOLOGY GROUP,LIBERTY TWP THE DERMATOLOGY GROUP,US,,,Not Found,None,N/A
GDP Braselton 300,GDP Braselton 300,US,,,Not Found,None,N/A
Pillars Community Health- La Grange Park,Pillars Community Health- La Grange Park,US,,,Not Found,None,N/A
Renew Health and Wellness Located in the Sonography Studio,Renew Health and Wellness Located in the Sonography Studio,US,,,Not Found,None,N/A
"ODINMA HEALTH, LLC",ODINMA HEALTH,US,odinmahealth.com,https://odinmahealth.com,Found,High,Direct Practice Verification
"Wallis Wellness, Pllc",Wallis Wellness,US,walliswellness.com,https://walliswellness.com,Found,High,Direct Practice Verification
Televisits - Renew Health and Wellness,Televisits - Renew Health and Wellness,US,,,Not Found,None,N/A
Family Care of E Jackson County,Family Care of E Jackson County,US,,,Not Found,None,N/A
"Alpha Functional Wellness Dpc, Llc",Alpha Functional Wellness Dpc,US,,,Not Found,None,N/A
Kimball High Plains Health Llc,Kimball High Plains Health,US,kimballhighplainshealth.com,https://kimballhighplainshealth.com,Found,High,Direct Practice Verification
"TH WALLIS WELLNESS , PLLC",TH WALLIS WELLNESS,US,,,Not Found,None,N/A
CVFM-Long View,CVFM-Long View,US,,,Not Found,None,N/A
Dickson OB/GYN Center,Dickson OB GYN Center,US,dicksonobgyn.com,https://dicksonobgyn.com,Found,High,Clearbit Autocomplete
HCA HealthONE Mile High OB/GYN and Midwifery,HCA HealthONE Mile High OB GYN and Midwifery,US,,,Not Found,None,N/A
Contemporary Women's Care - Kearny,Contemporary Womens Care - Kearny,US,,,Not Found,None,N/A
Contemporary Women's Care - West Orange,Contemporary Womens Care - West Orange,US,,,Not Found,None,N/A
"Warner Robins Southland Urogynecology, LLC",Warner Robins Southland Urogynecology,US,,,Not Found,None,N/A
Metro ENT & Facial Plastic Surgery division of CAdENT,Metro ENT & Facial Plastic Surgery division of CAdENT,US,,,Not Found,None,N/A
KPCHC- Manhattan Medical,KPCHC- Manhattan Medical,US,,,Not Found,None,N/A
Riceland Endocrinology,Riceland Endocrinology,US,,,Not Found,None,N/A
Bergen County Gynecology,Bergen County Gynecology,US,bergencountygynecology.com,https://bergencountygynecology.com,Found,High,Direct Practice Verification
"Broad Medical Group, Inc",Broad Medical Group,US,broad medical.group patient portal,https://broad medical.group patient portal,Found,High,Valentin Google (US)
Heart And Soul Health Llc,Heart And Soul Health,US,heartandsoulhealth.com,https://heartandsoulhealth.com,Found,High,Direct Practice Verification
Cypress Care Center,Cypress Care Center,US,cypresscarecenter.com,https://cypresscarecenter.com,Found,High,Direct Practice Verification
WA001 Seattle Northgate,Seattle Northgate,US,,,Not Found,None,N/A
WA001 Seattle Fremont,Seattle Fremont,US,,,Not Found,None,N/A
Lakeside Allergy ENT,Lakeside Allergy ENT,US,lakesideallergyent.com,https://lakesideallergyent.com,Found,High,Direct Practice Verification
ALXFP-OAK ORCHARD HEALTH ALEXANDER,ALXFP-OAK ORCHARD HEALTH ALEXANDER,US,,,Not Found,None,N/A
Marblehead Office of Northeast Dermatology Associates,Marblehead Office of Northeast Dermatology Associates,US,,,Not Found,None,N/A
Alpharetta Office - North Atlanta Medical and Digestive Care,Alpharetta Office - North Atlanta Medical and Digestive Care,US,,,Not Found,None,N/A
North Monroe Medical Center,North Monroe Medical Center,US,,,Not Found,None,N/A
Duluth Office - North Atlanta Medical and Digestive Care,Duluth Office - North Atlanta Medical and Digestive Care,US,,,Not Found,None,N/A
Jessie Furlow Medical Center.,Jessie Furlow Medical Center,US,,,Not Found,None,N/A
Dothan - Dermatology Specialits of Alabama,Dothan - Dermatology Specialits of Alabama,US,,,Not Found,None,N/A
Enterprise Dermatology Specialists of Alabama,Enterprise Dermatology Specialists of Alabama,US,,,Not Found,None,N/A
Andalusia Dermatology Specialists of AL,Andalusia Dermatology Specialists of AL,US,,,Not Found,None,N/A
Dr. Poole Foot And Ankle Specialist New,Poole Foot And Ankle Specialist New,US,,,Not Found,None,N/A
Hamby and Hamby,Hamby and Hamby,US,hambyandhamby.com,https://hambyandhamby.com,Found,High,Direct Practice Verification
Dr. Poole Foot and Ankle Specialist Spring Hill,Poole Foot and Ankle Specialist Spring Hill,US,,,Not Found,None,N/A
OBGYN Newport News,OBGYN Newport News,US,,,Not Found,None,N/A
GI Specialists Woodstock Office,GI Specialists Woodstock Office,US,,,Not Found,None,N/A
Brenham Family Practice And Obstetrics PA,Brenham Family Practice And Obstetrics PA,US,brenhamfamilypractice.com,https://brenhamfamilypractice.com,Found,High,Clearbit Autocomplete
Jeffrey L Horstmyer MD PA,Jeffrey L Horstmyer PA,US,,,Not Found,None,N/A
Hogan Spine And Rehabilitation Center,Hogan Spine And Rehabilitation Center,US,,,Not Found,None,N/A
Island Foot And Ankle,Island Foot And Ankle,US,islandfootandankle.net,https://islandfootandankle.net,Found,High,Direct Practice Verification
"WALNUT CREEK - Mohs Surgery Center, Lennon Lane",WALNUT CREEK - Mohs Surgery Center Lennon Lane,US,,,Not Found,None,N/A
1380 PROGRESS WAY,PROGRESS WAY,US,progressway.org,https://progressway.org,Found,High,Direct Practice Verification
Primary And Alternative Medi Ctr Pa,Primary And Alternative Medi Ctr Pa,US,,,Not Found,None,N/A
JSR Health PLLC,JSR Health,US,jsrhealth.com,https://jsrhealth.com,Found,High,Direct Practice Verification
Baylor Scott and White 290 Clinic,Baylor Scott and White 290 Clinic,US,,,Not Found,None,N/A
Skin Solutions - Pulaski,Skin Solutions - Pulaski,US,,,Not Found,None,N/A
Skin Solutions - Columbia,Skin Solutions - Columbia,US,,,Not Found,None,N/A
FL001 West Kendall,West Kendall,US,westkendalltoyota.com,https://westkendalltoyota.com,Found,High,Clearbit Autocomplete
RHEUMATOLOGY EXPRESS LLC,RHEUMATOLOGY EXPRESS,US,,,Not Found,None,N/A
Southern Primary Care - Macon,Southern Primary Care - Macon,US,,,Not Found,None,N/A
Orthopedic & Sports Medicine Clear Lake,Orthopedic & Sports Medicine Clear Lake,US,,,Not Found,None,N/A
Podiatry Clear Lake,Podiatry Clear Lake,US,,,Not Found,None,N/A
TEXOMACARE FAMILY MEDICINE DURANT,TEXOMACARE FAMILY MEDICINE DURANT,US,,,Not Found,None,N/A
Javier Canasi MD,Javier Canasi,US,,,Not Found,None,N/A
DFW CENTER FOR SPINAL DISORDERS,DFW CENTER FOR SPINAL DISORDERS,US,,,Not Found,None,N/A
Redlands Hand Center Suite 240,Redlands Hand Center Suite 240,US,,,Not Found,None,N/A
Paris Allergy Centers (Brighton),Paris Allergy Centers,US,,,Not Found,None,N/A
Paris Allergy Centers (Livonia),Paris Allergy Centers,US,,,Not Found,None,N/A
Medical Associates Of Tamarac Pa,Medical Associates Of Tamarac Pa,US,,,Not Found,None,N/A
Montgomery Surgical Associates- Surgery Ste 1,Montgomery Surgical Associates- Surgery Ste 1,US,,,Not Found,None,N/A
SINGH MEDICAL,SINGH MEDICAL,US,singhmedicalspas.com,https://singhmedicalspas.com,Found,High,Clearbit Autocomplete
Florham Park OB/GYN,Florham Park OB GYN,US,florhamparkobgyn.com,https://florhamparkobgyn.com,Found,High,Direct Practice Verification
AnaSen Health PC,AnaSen Health,US,anasenhealth.com,https://anasenhealth.com,Found,High,Direct Practice Verification
AstranaCare South Rancho,AstranaCare South Rancho,US,,,Not Found,None,N/A
Sun Arizona Medical Group P.C.,Sun Arizona Medical Group P C,US,,,Not Found,None,N/A
1215 Dunn Ave - Total Foot Care & Wellness Clinic,Dunn Ave - Total Foot Care & Wellness Clinic,US,,,Not Found,None,N/A
Caldwell OB/GYN,Caldwell OB GYN,US,,,Not Found,None,N/A
Visionary Dry Eye Institute,Visionary Dry Eye Institute,US,,,Not Found,None,N/A
"Athens Dermatology Specialists of Georgia, LLC",Athens Dermatology Specialists of Georgia,US,,,Not Found,None,N/A
Horizons Womens Healthcare,Horizons Womens Healthcare,US,horizonswomens.com,https://horizonswomens.com,Found,High,Direct Practice Verification
HCA Florida Surgical Specialists,HCA Florida Surgical Specialists,US,,,Not Found,None,N/A
Talkiatry Massachusetts,Talkiatry Massachusetts,US,,,Not Found,None,N/A
Jared Putnam MD,Jared Putnam,US,,,Not Found,None,N/A
Alabama Specialty Clinic,Alabama Specialty Clinic,US,alabamaspecialtyclinic.com,https://alabamaspecialtyclinic.com,Found,High,Direct Practice Verification
Horizons Weight Loss Dayton,Horizons Weight Loss Dayton,US,,,Not Found,None,N/A
Horizons Hormones Dayton,Horizons Hormones Dayton,US,,,Not Found,None,N/A
Wiseman Family Practice - Austin (Westlake),Wiseman Family Practice - Austin,US,,,Not Found,None,N/A
Internal Medicine Associates of Texas,Internal Medicine Associates of Texas,US,,,Not Found,None,N/A
Internal Medicine and Pediatrics As,Internal Medicine and Pediatrics As,US,,,Not Found,None,N/A
ST HOPE BELLAIRE,ST HOPE BELLAIRE,US,,,Not Found,None,N/A
ST HOPE CONROE,ST HOPE CONROE,US,,,Not Found,None,N/A
ST HOPE GREENSPOINT,ST HOPE GREENSPOINT,US,,,Not Found,None,N/A
ST HOPE MWP BELLAIRE,ST HOPE MWP BELLAIRE,US,,,Not Found,None,N/A
"Total Joint Solutions, PLLC",Total Joint Solutions,US,totaljointsolutions.com,https://totaljointsolutions.com,Found,High,Direct Practice Verification
Stellar Primary Care PLLC,Stellar Primary Care,US,stellarprimarycare.com,https://stellarprimarycare.com,Found,High,Direct Practice Verification
Woodlands Ent,Woodlands Ent,US,woodlandsent.com,https://woodlandsent.com,Found,High,Direct Practice Verification
Rainbow Pediatrics Eht,Rainbow Pediatrics Eht,US,,,Not Found,None,N/A
SOUTHERN ENT SPECIALISTS 684,SOUTHERN ENT SPECIALISTS 684,US,southernentspecialists.com,https://southernentspecialists.com,Found,High,Clearbit Autocomplete
Rainbow Pediatrics Galloway,Rainbow Pediatrics Galloway,US,,,Not Found,None,N/A
Latta,Latta,US,latta.org,https://latta.org,Found,High,Direct Practice Verification
Rainbow Pediatrics Clermont,Rainbow Pediatrics Clermont,US,,,Not Found,None,N/A
Rainbow Pediatrics Rio Grande,Rainbow Pediatrics Rio Grande,US,,,Not Found,None,N/A
James A Maher Md,James A Maher,US,,,Not Found,None,N/A
Retina Macula Care,Retina Macula Care,US,,,Not Found,None,N/A
CHICAGO PAIN MEDICINE CENTER,CHICAGO PAIN MEDICINE CENTER,US,,,Not Found,None,N/A
"Vitality Medical Clinic, Pllc",Vitality Medical Clinic,US,vitalitymedicalclinic.com,https://vitalitymedicalclinic.com,Found,High,Direct Practice Verification
Advantage Primary Care,Advantage Primary Care,US,,,Not Found,None,N/A
Pediatric Associates - Coconut Creek,Pediatric Associates - Coconut Creek,US,,,Not Found,None,N/A
St. Bernard - Chicago Pain Medicine Center,St Bernard - Chicago Pain Medicine Center,US,,,Not Found,None,N/A
AZ ENDOCRINE INSTITUTE PC,AZ ENDOCRINE INSTITUTE,US,azendocrineinstitute.com,https://azendocrineinstitute.com,Found,High,Direct Practice Verification
"Valley Ent, Pc Chandler",Valley Ent Chandler,US,,,Not Found,None,N/A
LewisGale Physicians- Bonsack,LewisGale Physicians- Bonsack,US,,,Not Found,None,N/A
Primary Care Galleria 900,Primary Care Galleria 900,US,,,Not Found,None,N/A
McCrimmon Primary Care-West Cary,McCrimmon Primary Care-West Cary,US,,,Not Found,None,N/A
Primary Care Clear Lake 402,Primary Care Clear Lake 402,US,,,Not Found,None,N/A
CHEMED Pediatrics,CHEMED Pediatrics,US,,,Not Found,None,N/A
Kennestone Office,Kennestone Office,US,,,Not Found,None,N/A
Eyecue Solutions Sterling Heights,Eyecue Solutions Sterling Heights,US,,,Not Found,None,N/A
Care4U Clinic,Care4U Clinic,US,care4uclinic.org,https://care4uclinic.org,Found,High,Direct Practice Verification
CHEMED River - Internal Medicine,CHEMED River - Internal Medicine,US,,,Not Found,None,N/A
AM Physicians PA,AM Physicians PA,US,,,Not Found,None,N/A
Life Medical P.A. - Primary,Life Medical P A - Primary,US,,,Not Found,None,N/A
Englewood Women's Health - Englewood,Englewood Womens Health - Englewood,US,,,Not Found,None,N/A
MGNJ - Brancato Medical,MGNJ - Brancato Medical,US,,,Not Found,None,N/A
West Slope Family Practice CW,West Slope Family Practice CW,US,,,Not Found,None,N/A
Ocean OB/GYN - Eatontown,Ocean OB GYN - Eatontown,US,,,Not Found,None,N/A
South Jersey Gastroenterology Marlton,South Jersey Gastroenterology Marlton,US,,,Not Found,None,N/A
South Jersey Gastroenterology Hainesport,South Jersey Gastroenterology Hainesport,US,,,Not Found,None,N/A
South Jersey Gastroenterology Haddonfield,South Jersey Gastroenterology Haddonfield,US,,,Not Found,None,N/A
Agape Medical Service Telehealth,Agape Medical Service Telehealth,US,,,Not Found,None,N/A
Lakewood Christian Manor,Lakewood Christian Manor,US,,,Not Found,None,N/A
Georgetown Medical Clinic,Georgetown Medical Clinic,US,georgetownmedical.com,https://georgetownmedical.com,Found,High,Direct Practice Verification
Marietta Family Medicine,Marietta Family Medicine,US,mariettafamilymedicine.com,https://mariettafamilymedicine.com,Found,High,Direct Practice Verification
Life Clinic MN,Life Clinic MN,US,lifeclinicmn.com,https://lifeclinicmn.com,Found,High,Direct Practice Verification
Healthy Living Urgent Care and Wellness Center,Healthy Living Urgent Care and Wellness Center,US,,,Not Found,None,N/A
TEXAS SPECIALTY CLINIC- Lancaster,TEXAS SPECIALTY CLINIC- Lancaster,US,,,Not Found,None,N/A
GBG Nutrition Florida,GBG Nutrition Florida,US,,,Not Found,None,N/A
TeleHealth GBG Nutrition,TeleHealth GBG Nutrition,US,,,Not Found,None,N/A
Marietta Family Medicine at Johnson Ferry,Marietta Family Medicine at Johnson Ferry,US,,,Not Found,None,N/A
Irina V Kolomey D O,Irina V Kolomey D O,US,,,Not Found,None,N/A
2 Irina V Kolomey D O,2 Irina V Kolomey D O,US,,,Not Found,None,N/A
Irene Silva Md Sc,Irene Silva,US,irenesilva.com,https://irenesilva.com,Found,High,Direct Practice Verification
Medical Associates Of Ga,Medical Associates Of Ga,US,,,Not Found,None,N/A
Lifetime Family HealthCare Ltd,Lifetime Family HealthCare,US,lifetimefamilyhealthcare.com,https://lifetimefamilyhealthcare.com,Found,High,Direct Practice Verification
Raymondville Isd,Raymondville Isd,US,raymondvilleisd.org,https://raymondvilleisd.org,Found,High,Direct Practice Verification
Tucker-Medical Associates of Georgia,Tucker-Medical Associates of Georgia,US,,,Not Found,None,N/A
MEDICAL ASSOCIATES OF GEORGIA - TELEHEALTH,MEDICAL ASSOCIATES OF GEORGIA - TELEHEALTH,US,,,Not Found,None,N/A
TUCKER-MEDICAL ASSOCIATES OF GEORGIA-TELEHEALTH,TUCKER-MEDICAL ASSOCIATES OF GEORGIA-TELEHEALTH,US,,,Not Found,None,N/A
The Woman's Group Land O Lakes,The Womans Group Land O Lakes,US,,,Not Found,None,N/A
FemCare OB/GYN,FemCare OB GYN,US,femcareobgyn.com,https://femcareobgyn.com,Found,High,Direct Practice Verification
Buckner Family Medicine,Buckner Family Medicine,US,,,Not Found,None,N/A
"Milford Delaware Sleep Disorder Centers, LLC",Milford Delaware Sleep Disorder Centers,US,,,Not Found,None,N/A
Vascular Associates Of Sarasota,Vascular Associates Of Sarasota,US,,,Not Found,None,N/A
Lefferts Medical Associates Pc,Lefferts Medical Associates,US,leffertsmedical.com,https://leffertsmedical.com,Found,High,Direct Practice Verification
Grace Medical Pc,Grace Medical,US,gracemedical.com,https://gracemedical.com,Found,High,Direct Practice Verification
Northwest Internal Med Specialists,Northwest Internal Med Specialists,US,northwestinternalmed.com,https://northwestinternalmed.com,Found,High,Direct Practice Verification
Princeton Allergy and Asthma Plainsboro,Princeton Allergy and Asthma Plainsboro,US,,,Not Found,None,N/A
"Brunswick Internal Medicine,KP",Brunswick Internal Medicine KP,US,,,Not Found,None,N/A
"Brunswick Internal Medicine Group,MET",Brunswick Internal Medicine Group MET,US,,,Not Found,None,N/A
Lefferts Medical Assoc NHP,Lefferts Medical Assoc NHP,US,,,Not Found,None,N/A
Connected Cardiovascular Care Dallas,Connected Cardiovascular Care Dallas,US,,,Not Found,None,N/A
Connected Cardiovascular Care Associates Heath,Connected Cardiovascular Care Associates Heath,US,,,Not Found,None,N/A
SNHD Immunization Clinic - Bonanza,SNHD Immunization Clinic - Bonanza,US,,,Not Found,None,N/A
BRHD - Logan,BRHD - Logan,US,,,Not Found,None,N/A
Hodari MD Dermatology 95 Chico,Hodari Dermatology 95 Chico,US,,,Not Found,None,N/A
Shiloh Family Medical Center Pllc,Shiloh Family Medical Center,US,shilohfamilymedicalcenter.com,https://shilohfamilymedicalcenter.com,Found,High,Direct Practice Verification
"Ear, Nose and Throat Specialty Care Maple Grove",Ear Nose and Throat Specialty Care Maple Grove,US,,,Not Found,None,N/A
Gastro Florida - Zephyrhills,Gastro Florida - Zephyrhills,US,,,Not Found,None,N/A
Nxtstep Pediatrics,Nxtstep Pediatrics,US,,,Not Found,None,N/A
Gastro Florida - Wesley Chapel,Gastro Florida - Wesley Chapel,US,,,Not Found,None,N/A
Dekalb Vein Center,Dekalb Vein Center,US,dekalbveincenter.com,https://dekalbveincenter.com,Found,High,Direct Practice Verification
San Diego Medical Group,San Diego Medical Group,US,,,Not Found,None,N/A
Parity Urgent Care Plus LLC,Parity Urgent Care Plus,US,,,Not Found,None,N/A
Neurology And Movement Center Of Texas Pllc,Neurology And Movement Center Of Texas,US,,,Not Found,None,N/A
Sanitas Lakes On The Green,Sanitas Lakes On The Green,US,,,Not Found,None,N/A
DoctorHere Primary Care Clinic - Manhattan,DoctorHere Primary Care Clinic - Manhattan,US,,,Not Found,None,N/A
"MIDTOWN NEUROLOGY, PC",MIDTOWN NEUROLOGY,US,midtownneurology.com,https://midtownneurology.com,Found,High,Direct Practice Verification
ST. HOPE GREENSPOINT,ST HOPE GREENSPOINT,US,,,Not Found,None,N/A
ST. HOPE CONROE,ST HOPE CONROE,US,,,Not Found,None,N/A
Medical Office Of Katy,Medical Office Of Katy,US,medicalofficeofkaty.com,https://medicalofficeofkaty.com,Found,High,Direct Practice Verification
North Shore Foot and Ankle (Glen),North Shore Foot and Ankle,US,northshorefootandankle.com,https://northshorefootandankle.com,Found,High,Direct Practice Verification
North Shore Foot and Ankle (Gray),North Shore Foot and Ankle,US,northshorefootandankle.com,https://northshorefootandankle.com,Found,High,Direct Practice Verification
ST. HOPE NORTHWEST,ST HOPE NORTHWEST,US,,,Not Found,None,N/A
ST. HOPE BELLAIRE,ST HOPE BELLAIRE,US,,,Not Found,None,N/A
MedFL Med. Centers Cutler Bay,MedFL Med Centers Cutler Bay,US,,,Not Found,None,N/A
Green Spring Internal Medicine,Green Spring Internal Medicine,US,greenspringmed.com,https://greenspringmed.com,Found,High,Clearbit Autocomplete
JMCPG - Primary Care Donald Ross Road,JMCPG - Primary Care Donald Ross Road,US,,,Not Found,None,N/A
Gastro Florida - Clearwater Jeffords,Gastro Florida - Clearwater Jeffords,US,,,Not Found,None,N/A
Gastro Florida - Dunedin,Gastro Florida - Dunedin,US,,,Not Found,None,N/A
Downtown Pediatrics,Downtown Pediatrics,US,downtown-pediatrics.com,https://downtown-pediatrics.com,Found,High,Clearbit Autocomplete
Family Care USA PLLC,Family Care USA,US,familycareusa.com,https://familycareusa.com,Found,High,Direct Practice Verification
Jasmine Internal Medicine Clinic Pllc,Jasmine Internal Medicine Clinic,US,jasmineinternalmedicine.com,https://jasmineinternalmedicine.com,Found,High,Direct Practice Verification
Brushy Creek Family Physicians - Wyoming Springs,Brushy Creek Family Physicians - Wyoming Springs,US,,,Not Found,None,N/A
Hometown Medical Center,Hometown Medical Center,US,,,Not Found,None,N/A
Talkiatry South Carolina,Talkiatry South Carolina,US,,,Not Found,None,N/A
Forsyth Office,Forsyth Office,US,,,Not Found,None,N/A
Mountain Park - Tempe,Mountain Park - Tempe,US,,,Not Found,None,N/A
Hamilton Medical Center,Hamilton Medical Center,US,hamiltonmedicalcenter.com,https://hamiltonmedicalcenter.com,Found,High,Direct Practice Verification
Rheumatology Center Of Northern Virginia,Rheumatology Center Of Northern Virginia,US,,,Not Found,None,N/A
Cohen Family Medicine Pennsauken,Cohen Family Medicine Pennsauken,US,,,Not Found,None,N/A
Family Hlth Med Grp of Overland Park,Family Hlth Med Grp of Overland Park,US,,,Not Found,None,N/A
"JC - May River Dermatology, LLC",JC - May River Dermatology,US,,,Not Found,None,N/A
Coastal New Hampshire Neurosurgeons,Coastal New Hampshire Neurosurgeons,US,,,Not Found,None,N/A
Valley Healthcare Talbotton Dent,Valley Healthcare Talbotton Dent,US,,,Not Found,None,N/A
Valley Healthcare Columbus Dental,Valley Healthcare Columbus Dental,US,,,Not Found,None,N/A
Valley Healthcare Dental Mobile Unit,Valley Healthcare Dental Mobile Unit,US,,,Not Found,None,N/A
Valley Healthcare Fortson Dent,Valley Healthcare Fortson Dent,US,,,Not Found,None,N/A
American Medical Clinic,American Medical Clinic,US,,,Not Found,None,N/A
Women's Specialists of Clear Lake,Womens Specialists of Clear Lake,US,,,Not Found,None,N/A
Health Watch Medical Clinic,Health Watch Medical Clinic,US,healthwatchclinic.ca,https://healthwatchclinic.ca,Found,High,Clearbit Autocomplete
DR HELENE KOCH DO,HELENE KOCH,US,helenekoch.com,https://helenekoch.com,Found,High,Direct Practice Verification
Idaho Shoulder To Hand Specialists,Idaho Shoulder To Hand Specialists,US,idahoshouldertohand.com,https://idahoshouldertohand.com,Found,High,Direct Practice Verification
Apex Heart Care Denton,Apex Heart Care Denton,US,,,Not Found,None,N/A
Apex Heart Care Alliance,Apex Heart Care Alliance,US,,,Not Found,None,N/A
Star Family - College Park,Star Family - College Park,US,,,Not Found,None,N/A
NEUROSURGICAL SPECIALISTS OF EL PASO PLLC - Main Office,NEUROSURGICAL SPECIALISTS OF EL PASO - Main Office,US,,,Not Found,None,N/A
WellessenceMD,WellessenceMD,US,wellessencemd.com,https://wellessencemd.com,Found,High,Direct Practice Verification
Martin Luther King Jr Health Center A28,Martin Luther King Jr Health Center A28,US,,,Not Found,None,N/A
United Primary Care Madisonville,United Primary Care Madisonville,US,,,Not Found,None,N/A
"Advanced Gynecology And Wellness, Pa",Advanced Gynecology And Wellness Pa,US,,,Not Found,None,N/A
United Primary Care Athens,United Primary Care Athens,US,,,Not Found,None,N/A
United Primary Care Etowah,United Primary Care Etowah,US,,,Not Found,None,N/A
Palm Beach Colorectal Surgery,Palm Beach Colorectal Surgery,US,,,Not Found,None,N/A
Hector Lucas Rodriguez Gonzalez Pa,Hector Lucas Rodriguez Gonzalez Pa,US,,,Not Found,None,N/A
Prosperity Family Medical Group C,Prosperity Family Medical Group C,US,,,Not Found,None,N/A
FL045 South Broward Plantation,South Broward Plantation,US,,,Not Found,None,N/A
Lonestar Famicare Arkansas,Lonestar Famicare Arkansas,US,,,Not Found,None,N/A
Lonestar Famicare Park Row,Lonestar Famicare Park Row,US,,,Not Found,None,N/A
Heart And Vascular Associates LLC,Heart And Vascular Associates,US,heartandvascular.com,https://heartandvascular.com,Found,High,Direct Practice Verification
Happy Health and Wellness - Sugarland,Happy Health and Wellness - Sugarland,US,,,Not Found,None,N/A
Sidney-Shelby County Health Department,Sidney-Shelby County Health Department,US,shelbycountyhealthdept.org,https://shelbycountyhealthdept.org,Found,High,Clearbit Autocomplete
Clinton County Health Department,Clinton County Health Department,US,clintoncohealth.org,https://clintoncohealth.org,Found,High,Clearbit Autocomplete
Heart Care Consultants Llc,Heart Care Consultants,US,heartcareconsultants.com,https://heartcareconsultants.com,Found,High,Clearbit Autocomplete
Family Healthcare - Riverside Dr,Family Healthcare - Riverside Dr,US,,,Not Found,None,N/A
KMC KCK Dermatology,KMC KCK Dermatology,US,,,Not Found,None,N/A
Dr Heather Knows Inc,Heather Knows,US,,,Not Found,None,N/A
Peach Clinic OA,Peach Clinic OA,US,,,Not Found,None,N/A
Hamilton Heart & Vascular,Hamilton Heart & Vascular,US,,,Not Found,None,N/A
Hcc Darby Cardiology,Hcc Darby Cardiology,US,,,Not Found,None,N/A
Hcc Brantz Cardiology,Hcc Brantz Cardiology,US,,,Not Found,None,N/A
The Primary Care Group,The Primary Care Group,US,theprimarycaregroup.com,https://theprimarycaregroup.com,Found,High,Direct Practice Verification
Hvcc Monroe,Hvcc Monroe,US,,,Not Found,None,N/A
North Texas Oncologic and Complex Surgery Associates- Arlington,North Texas Oncologic and Complex Surgery Associates- Arlington,US,,,Not Found,None,N/A
Arbor Pediatrics - Shea,Arbor Pediatrics - Shea,US,,,Not Found,None,N/A
Cardiology Clear Lake - Blossom Street,Cardiology Clear Lake - Blossom Street,US,,,Not Found,None,N/A
Cardiology Astoria,Cardiology Astoria,US,,,Not Found,None,N/A
Maiden Lane Medical Upper East Side,Maiden Lane Medical Upper East Side,US,,,Not Found,None,N/A
NPS Henderson,NPS Henderson,US,,,Not Found,None,N/A
Virginia Center For Medicine,Virginia Center For Medicine,US,,,Not Found,None,N/A
CHEMED Dermatology,CHEMED Dermatology,US,,,Not Found,None,N/A
CHEMED River - Dermatology,CHEMED River - Dermatology,US,,,Not Found,None,N/A
Austin Brain and Spine,Austin Brain and Spine,US,austinbrainandspine.com,https://austinbrainandspine.com,Found,High,Direct Practice Verification
CHEMED Specialty Center at Jackson,CHEMED Specialty Center at Jackson,US,,,Not Found,None,N/A
MANGAT & KAUR INC,MANGAT & KAUR,US,,,Not Found,None,N/A
Clarksburg Medical Center,Clarksburg Medical Center,US,,,Not Found,None,N/A
Old Mcdonald Health Care Services Pa,Old Mcdonald Health Care Services Pa,US,,,Not Found,None,N/A
Old Mcdonald Health Care Services Pa - Mckinney,Old Mcdonald Health Care Services Pa - Mckinney,US,,,Not Found,None,N/A
DIGESTIVE AND LIVER CENTER OF FL,DIGESTIVE AND LIVER CENTER OF FL,US,,,Not Found,None,N/A
DIGESTIVE AND LIVER CENTER OF FL Downtown,DIGESTIVE AND LIVER CENTER OF FL Downtown,US,,,Not Found,None,N/A
DIGESTIVE AND LIVER CENTER OF FL Winter Garden,DIGESTIVE AND LIVER CENTER OF FL Winter Garden,US,,,Not Found,None,N/A
774 HP Med DBA Tru Med,HP Med DBA Tru Med,US,,,Not Found,None,N/A
496 HP MED DBA Tru Med,HP MED DBA Tru Med,US,,,Not Found,None,N/A
Digestive Care Specialists LLC,Digestive Care Specialists,US,digestivecarespecialists.com,https://digestivecarespecialists.com,Found,High,Direct Practice Verification
CVFM-Bethlehem,CVFM-Bethlehem,US,,,Not Found,None,N/A
AMG Rockville Cardiac Associates,AMG Rockville Cardiac Associates,US,,,Not Found,None,N/A
Bookmark Medical - White House 200,Bookmark Medical - White House 200,US,,,Not Found,None,N/A
Parkmed NYC,Parkmed NYC,US,parkmed.com,https://parkmed.com,Found,High,Clearbit Autocomplete
BAR Health,BAR Health,US,barhealth.com,https://barhealth.com,Found,High,Direct Practice Verification
Warren County Employee Clinic,Warren County Employee Clinic,US,,,Not Found,None,N/A
Londonderry Office of Northeast Dermatology Associates,Londonderry Office of Northeast Dermatology Associates,US,,,Not Found,None,N/A
Reliance Medical Center Inc,Reliance Medical Center,US,reliancemedicalcenters.com,https://reliancemedicalcenters.com,Found,High,Clearbit Autocomplete
Gustavo H Day Md Pa,Gustavo H Day Pa,US,gustavo h. day md para fotos,https://gustavo h. day md para fotos,Found,High,Valentin Google (US)
Masri Clinic for Laser and Cos Surg,Masri Clinic for Laser and Cos Surg,US,,,Not Found,None,N/A
HAITHAM JIFI MD PA 2,HAITHAM JIFI PA 2,US,,,Not Found,None,N/A
East Cary Family Physicians,East Cary Family Physicians,US,eastcaryfamilyphysicians.com,https://eastcaryfamilyphysicians.com,Found,High,Direct Practice Verification
Kane-Wanger Rheumatology,Kane-Wanger Rheumatology,US,,,Not Found,None,N/A
American Family Medicine Tolleson,American Family Medicine Tolleson,US,,,Not Found,None,N/A
Soma Medical Center PA 8,Soma Medical Center PA 8,US,somamedicalcenter.com,https://somamedicalcenter.com,Found,High,Clearbit Autocomplete
Neurosurgical Specialists - Plantation,Neurosurgical Specialists - Plantation,US,,,Not Found,None,N/A
FCMC.- Carrollton,FCMC - Carrollton,US,,,Not Found,None,N/A
FCMC.North Lewisville,FCMC North Lewisville,US,,,Not Found,None,N/A
Surfield Plastic Surgery,Surfield Plastic Surgery,US,surfieldplasticsurgery.com,https://surfieldplasticsurgery.com,Found,High,Direct Practice Verification
FCMC.-Webb Chapel,FCMC -Webb Chapel,US,,,Not Found,None,N/A
Advanced Practice And Wellness,Advanced Practice And Wellness,US,advancedpracticeandwellness.com,https://advancedpracticeandwellness.com,Found,High,Direct Practice Verification
ENTIRA COMO ROSEVILLE,ENTIRA COMO ROSEVILLE,US,,,Not Found,None,N/A
Texas Bone and Joint,Texas Bone and Joint,US,texasboneandjoint.com,https://texasboneandjoint.com,Found,High,Direct Practice Verification
Brain & Spine Specialists of North Texas- Ft. Worth,Brain & Spine Specialists of North Texas- Ft Worth,US,,,Not Found,None,N/A
CHN Williamsburg,CHN Williamsburg,US,,,Not Found,None,N/A
Acworth Office,Acworth Office,US,,,Not Found,None,N/A
Gulf Coast Urology - Clear Lake,Gulf Coast Urology - Clear Lake,US,,,Not Found,None,N/A
Physical Capacity Profile Exam Appts Only,Physical Capacity Profile Exam Appts Only,US,,,Not Found,None,N/A
Houston Heart Associates,Houston Heart Associates,US,,,Not Found,None,N/A
Summit Primary Care Pllc,Summit Primary Care,US,summitprimary.com,https://summitprimary.com,Found,High,Clearbit Autocomplete
Rubino OB/GYN - Hoboken,Rubino OB GYN - Hoboken,US,,,Not Found,None,N/A
Ages 18+ - MVMG Woodmen,Ages 18+ - MVMG Woodmen,US,,,Not Found,None,N/A
Bishop OBGYN,Bishop OBGYN,US,,,Not Found,None,N/A
PCAT BURLESON,PCAT BURLESON,US,,,Not Found,None,N/A
Family Medicine of Blacksburg,Family Medicine of Blacksburg,US,,,Not Found,None,N/A
Care4U Clinic Pllc,Care4U Clinic,US,care4uclinic.org,https://care4uclinic.org,Found,High,Direct Practice Verification
Primary Health CHINDEN/LINDER Family Practice,Primary Health CHINDEN LINDER Family Practice,US,,,Not Found,None,N/A
LMHS Pediatrics,LMHS Pediatrics,US,,,Not Found,None,N/A
Johnston City Community Health Center,Johnston City Community Health Center,US,,,Not Found,None,N/A
MedFL Med. Centers Deerfield,MedFL Med Centers Deerfield,US,,,Not Found,None,N/A
St Theresas Obgyn Inc,St Theresas Obgyn,US,sttheresasobgyn.org,https://sttheresasobgyn.org,Found,High,Direct Practice Verification
BARTOW Palm Medical Centers,BARTOW Palm Medical Centers,US,,,Not Found,None,N/A
SOUTH LAKELAND Palm Medical Centers,SOUTH LAKELAND Palm Medical Centers,US,,,Not Found,None,N/A
HCA HealthONE Barolat Neuroscience,HCA HealthONE Barolat Neuroscience,US,,,Not Found,None,N/A
"Florida Concierge Medicine & Wellness, Llc",Florida Concierge Medicine & Wellness,US,floridaconciergemed.com,https://floridaconciergemed.com,Found,High,Clearbit Autocomplete
Vernose McGrath Philadelphia,Vernose McGrath Philadelphia,US,,,Not Found,None,N/A
Vernose McGrath Turnersville,Vernose McGrath Turnersville,US,,,Not Found,None,N/A
Main - Primary Care Joliet,Main - Primary Care Joliet,US,,,Not Found,None,N/A
Miami-Dade Surgical Specialists - Aventura,Miami-Dade Surgical Specialists - Aventura,US,,,Not Found,None,N/A
9 POST RD BLDG M STE M9,9 POST RD BLDG M STE M9,US,,,Not Found,None,N/A
205 Browertown Rd Gp201,Browertown Rd Gp201,US,,,Not Found,None,N/A
Palladium Primary Care,Palladium Primary Care,US,,,Not Found,None,N/A
"Palladium Primary Care, Greensboro",Palladium Primary Care Greensboro,US,,,Not Found,None,N/A
George Michel MD PA,George Michel PA,US,,,Not Found,None,N/A
Talkiatry Marlton,Talkiatry Marlton,US,,,Not Found,None,N/A
Culture of Life Family Services (La Mesa),Culture of Life Family Services,US,,,Not Found,None,N/A
Culture of Life Family Services (Escondido),Culture of Life Family Services,US,,,Not Found,None,N/A
JCMG Family Medicine,JCMG Family Medicine,US,,,Not Found,None,N/A
Gainesville Primary Care- Gainesville,Gainesville Primary Care- Gainesville,US,,,Not Found,None,N/A
Highland County General Health District,Highland County General Health District,US,,,Not Found,None,N/A
Clermont County General Health District,Clermont County General Health District,US,,,Not Found,None,N/A
Absolute Healthcare LLC,Absolute Healthcare,US,absolutehealthcare.org,https://absolutehealthcare.org,Found,High,Direct Practice Verification
Monarch Health,Monarch Health,US,monarchhealth.com,https://monarchhealth.com,Found,High,Direct Practice Verification
Hyatt Health and Wellness,Hyatt Health and Wellness,US,,,Not Found,None,N/A
Bridge Pediatrics Fortlee,Bridge Pediatrics Fortlee,US,,,Not Found,None,N/A
Kalmar Family Podiatry Llp,Kalmar Family Podiatry,US,kalmarfamilypodiatry.com,https://kalmarfamilypodiatry.com,Found,High,Direct Practice Verification
HCA Florida St Petersburg Colorectal Surgery,HCA Florida St Petersburg Colorectal Surgery,US,,,Not Found,None,N/A
120 E 56 St,E 56 St,US,,,Not Found,None,N/A
First Care Medical Clinic - Gastonia,First Care Medical Clinic - Gastonia,US,,,Not Found,None,N/A
Blanco Clinic,Blanco Clinic,US,blancoclinic.com,https://blancoclinic.com,Found,High,Direct Practice Verification
Health Force One - Nursing PC,Health Force One - Nursing,US,,,Not Found,None,N/A
Georgia Family Care - CON,Georgia Family Care - CON,US,,,Not Found,None,N/A
South Jersey Gastroenterology Sicklerville,South Jersey Gastroenterology Sicklerville,US,,,Not Found,None,N/A
South Jersey Gastroenterology Evesham,South Jersey Gastroenterology Evesham,US,,,Not Found,None,N/A
Family Care Specialists Belleview 2,Family Care Specialists Belleview 2,US,,,Not Found,None,N/A
Pediatric Associates - Lakewood,Pediatric Associates - Lakewood,US,,,Not Found,None,N/A
Castilleja Adult Clinic,Castilleja Adult Clinic,US,,,Not Found,None,N/A
Kyrene Internal Medicine,Kyrene Internal Medicine,US,kyreneinternalmedicine.com,https://kyreneinternalmedicine.com,Found,High,Direct Practice Verification
Intown-Decatur,Intown-Decatur,US,,,Not Found,None,N/A
Intown-Brookhaven,Intown-Brookhaven,US,,,Not Found,None,N/A
Portofino Office Condominums,Portofino Office Condominums,US,,,Not Found,None,N/A
North Shore Headache and Spine,North Shore Headache and Spine,US,,,Not Found,None,N/A
HCA HealthONE Denver Center for Weight Loss and Bariatric Surgery - Lone Tree,HCA HealthONE Denver Center for Weight Loss and Bariatric Surgery - Lone Tree,US,,,Not Found,None,N/A
"HILLCROFT PHYSICIANS, P.A",HILLCROFT PHYSICIANS P A,US,hillcroftphysiciansblog.com,https://hillcroftphysiciansblog.com,Found,High,Clearbit Autocomplete
WINGSPAN PSYCHIATRIC LLC-AMV,WINGSPAN PSYCHIATRIC -AMV,US,,,Not Found,None,N/A
NIP DBA MAP CLINIC WALTON WAY,NIP DBA MAP CLINIC WALTON WAY,US,,,Not Found,None,N/A
Doctors Specialists Bariatrics and Surgical,Doctors Specialists Bariatrics and Surgical,US,,,Not Found,None,N/A
Gastro Associates Cape Coral Office,Gastro Associates Cape Coral Office,US,,,Not Found,None,N/A
Coolidge Sun Life Family Health Center,Coolidge Sun Life Family Health Center,US,,,Not Found,None,N/A
CT Pediatric Partnership Wilton,CT Pediatric Partnership Wilton,US,,,Not Found,None,N/A
L3Harris Family Medical Center,L3Harris Family Medical Center,US,,,Not Found,None,N/A
Tulane Employee Flu Clinic,Tulane Employee Flu Clinic,US,,,Not Found,None,N/A
Tulane Employee Flu Clinic - Poydras,Tulane Employee Flu Clinic - Poydras,US,,,Not Found,None,N/A
Tulane Employee Flu Clinic - Tidewater,Tulane Employee Flu Clinic - Tidewater,US,,,Not Found,None,N/A
McLeod Urgent Care Center,McLeod Urgent Care Center,US,,,Not Found,None,N/A
HS Off-Site (IU Indy CH),HS Off-Site,US,,,Not Found,None,N/A
CHEMED River - Pediatrics,CHEMED River - Pediatrics,US,,,Not Found,None,N/A
Advantage Health - Thea Bowman,Advantage Health - Thea Bowman,US,,,Not Found,None,N/A
Cardiology Clear Lake 905,Cardiology Clear Lake 905,US,,,Not Found,None,N/A
Magnolia Family Medicine,Magnolia Family Medicine,US,magnoliafamilymedicine.com,https://magnoliafamilymedicine.com,Found,High,Direct Practice Verification
Alliance Community Healthcare,Alliance Community Healthcare,US,alliancecommunity.org,https://alliancecommunity.org,Found,High,Direct Practice Verification
Maiden Lane Medical Walk In Murray Hill,Maiden Lane Medical Walk In Murray Hill,US,,,Not Found,None,N/A
"Crestview Institute of Endocrinology,Diabetes, Health and Hormones Inc.",Crestview Institute of Endocrinology Diabetes Health and Hormones,US,,,Not Found,None,N/A
"MD365 OAKDALE, A Brookhaven Heart Affiliate",OAKDALE A Brookhaven Heart Affiliate,US,,,Not Found,None,N/A
Magnolia Family Medicine - Main,Magnolia Family Medicine - Main,US,,,Not Found,None,N/A
"Holistic Health & Medical Care, Inc",Holistic Health & Medical Care,US,,,Not Found,None,N/A
Pura Primary Care,Pura Primary Care,US,puraprimarycare.com,https://puraprimarycare.com,Found,High,Direct Practice Verification
Family Health Primary Care,Family Health Primary Care,US,familyhealthprimarycare.com,https://familyhealthprimarycare.com,Found,High,Direct Practice Verification
"MD365 1710 NHP, A Brookhaven Heart Affiliate",1710 NHP A Brookhaven Heart Affiliate,US,,,Not Found,None,N/A
SlimWell Solutions,SlimWell Solutions,US,slimwellsolutions.com,https://slimwellsolutions.com,Found,High,Direct Practice Verification
FH Medical Care,FH Medical Care,US,fhmedicalcare.com,https://fhmedicalcare.com,Found,High,Direct Practice Verification
AMG Urology Rockville,AMG Urology Rockville,US,,,Not Found,None,N/A
Advocate Primary Care - Anna,Advocate Primary Care - Anna,US,,,Not Found,None,N/A
The Heart Institute- Northside,The Heart Institute- Northside,US,,,Not Found,None,N/A
North Jersey Gynecology Associates,North Jersey Gynecology Associates,US,,,Not Found,None,N/A
Professional Healthcare Of Pinellas- Central,Professional Healthcare Of Pinellas- Central,US,,,Not Found,None,N/A
Seashell Pediatrics Pllc,Seashell Pediatrics,US,,,Not Found,None,N/A
LMHS Ear Nose & Throat,LMHS Ear Nose & Throat,US,,,Not Found,None,N/A
Advanced Gynecology Practice LLC,Advanced Gynecology Practice,US,,,Not Found,None,N/A
Wellspire Kingwood,Wellspire Kingwood,US,,,Not Found,None,N/A
LEAN-CARE SOLUTIONS LLC,LEAN-CARE SOLUTIONS,US,leancaresolutions.com,https://leancaresolutions.com,Found,High,Clearbit Autocomplete
Desert Bloom Family Medicine,Desert Bloom Family Medicine,US,desertbloommedical.com,https://desertbloommedical.com,Found,High,Clearbit Autocomplete
OrthoIllinois Injury Express - Elgin,OrthoIllinois Injury Express - Elgin,US,,,Not Found,None,N/A
EG Greenpoint Pediatrics,EG Greenpoint Pediatrics,US,,,Not Found,None,N/A
Plattekill Cornerstone Family Healthcare,Plattekill Cornerstone Family Healthcare,US,,,Not Found,None,N/A
Medical Associates Plus Wrightsboro,Medical Associates Plus Wrightsboro,US,,,Not Found,None,N/A
Whasn Red Rock,Whasn Red Rock,US,,,Not Found,None,N/A
Desert Bloom Family Medicine Thomas,Desert Bloom Family Medicine Thomas,US,,,Not Found,None,N/A
Eugene A Batelli DPM ENP,Eugene A Batelli ENP,US,,,Not Found,None,N/A
Eugene A Batelli DPM BBO,Eugene A Batelli BBO,US,,,Not Found,None,N/A
Psychiatry And Psychotherapy Of Florida,Psychiatry And Psychotherapy Of Florida,US,,,Not Found,None,N/A
Alabaster Healthcare Clinic,Alabaster Healthcare Clinic,US,,,Not Found,None,N/A
Viva Health Clinic,Viva Health Clinic,US,vivahealth.org,https://vivahealth.org,Found,High,Direct Practice Verification
AxessPointe/Akron,AxessPointe Akron,US,,,Not Found,None,N/A
Magnolia Springs Family Practice,Magnolia Springs Family Practice,US,magnoliaspringsfamilypractice.com,https://magnoliaspringsfamilypractice.com,Found,High,Direct Practice Verification
Zenith Family Health Saratoga Springs,Zenith Family Health Saratoga Springs,US,,,Not Found,None,N/A
Health Education Maumee,Health Education Maumee,US,,,Not Found,None,N/A
Health Education Building 4 Main Campus,Health Education Building 4 Main Campus,US,,,Not Found,None,N/A
Highland Park Allergy And Asthma Specialists,Highland Park Allergy And Asthma Specialists,US,highlandparkallergyandasthma.org,https://highlandparkallergyandasthma.org,Found,High,Direct Practice Verification
El Camino Women's Medical Group,El Camino Womens Medical Group,US,elcaminowomen.com,https://elcaminowomen.com,Found,Medium,Clearbit Autocomplete
Dr. Erika,Erika,US,erika.com,https://erika.com,Found,High,Direct Practice Verification
Roland Nyein Md Pc-54th St,Roland Nyein -54th St,US,,,Not Found,None,N/A
Alluvion Health,Alluvion Health,US,alluvionhealth.org,https://alluvionhealth.org,Found,High,Direct Practice Verification
Premier Surgical,Premier Surgical,US,premiersurgical.com,https://premiersurgical.com,Found,High,Clearbit Autocomplete
Orlando Allergy and ENT,Orlando Allergy and ENT,US,,,Not Found,None,N/A
The Urogynecology Center,The Urogynecology Center,US,,,Not Found,None,N/A
SOUTHERN ENT SPECIALISTS HOLLY SPRINGS,SOUTHERN ENT SPECIALISTS HOLLY SPRINGS,US,,,Not Found,None,N/A
Cardiology Associates Of Fredericksburg,Cardiology Associates Of Fredericksburg,US,,,Not Found,None,N/A
Rocky Mountain Spine Clinic,Rocky Mountain Spine Clinic,US,,,Not Found,None,N/A
Core Health,Core Health,US,corehealth.com,https://corehealth.com,Found,High,Direct Practice Verification
East Atlanta Rockdale Office,East Atlanta Rockdale Office,US,,,Not Found,None,N/A
"Helixona, Inc.",Helixona,US,helixona.com,https://helixona.com,Found,High,Direct Practice Verification
East Atlanta Covington Office,East Atlanta Covington Office,US,,,Not Found,None,N/A
Gadsden- Dermatology Specialists Of Alabama,Gadsden- Dermatology Specialists Of Alabama,US,,,Not Found,None,N/A
Pediatric Associates - Fort Lauderdale North,Pediatric Associates - Fort Lauderdale North,US,,,Not Found,None,N/A
Liver Center Office,Liver Center Office,US,,,Not Found,None,N/A
Gutierrez Perez Family Medicine,Gutierrez Perez Family Medicine,US,,,Not Found,None,N/A
Pediatric Associates - Miami Lakes East,Pediatric Associates - Miami Lakes East,US,,,Not Found,None,N/A
Synergy Orthopedic - Mission Valley,Synergy Orthopedic - Mission Valley,US,,,Not Found,None,N/A
Hill Country Village Campus,Hill Country Village Campus,US,,,Not Found,None,N/A
Sawyer Upper Great Lakes Family Health Center,Sawyer Upper Great Lakes Family Health Center,US,,,Not Found,None,N/A
Harvey DCHC,Harvey DCHC,US,,,Not Found,None,N/A
Paoli Family Medicine,Paoli Family Medicine,US,paolifamilymedicine.com,https://paolifamilymedicine.com,Found,High,Direct Practice Verification
Algiers DCHC,Algiers DCHC,US,,,Not Found,None,N/A
St. Lucie Medical Specialists - Residency Practice,St Lucie Medical Specialists - Residency Practice,US,,,Not Found,None,N/A
Crestview Institute Of Endocrinology Diabetes,Crestview Institute Of Endocrinology Diabetes,US,,,Not Found,None,N/A
The Woodlands Psychiatry and Counseling,The Woodlands Psychiatry and Counseling,US,thewoodlandspsychiatry.com,https://thewoodlandspsychiatry.com,Found,High,Clearbit Autocomplete
Lovely OB/GYN,Lovely OB GYN,US,lovelyobgyn.com,https://lovelyobgyn.com,Found,High,Direct Practice Verification
Destin Institute Of Endocrinology Diabetes,Destin Institute Of Endocrinology Diabetes,US,,,Not Found,None,N/A
Dermatology Office,Dermatology Office,US,dermatologyoffice.com,https://dermatologyoffice.com,Found,High,Direct Practice Verification
CHN South Bronx,CHN South Bronx,US,,,Not Found,None,N/A
HCA Florida Osceola Surgical Associates,HCA Florida Osceola Surgical Associates,US,,,Not Found,None,N/A
Happy Health and Wellness Utah,Happy Health and Wellness Utah,US,,,Not Found,None,N/A
Dermatology Office-Irving Suite 230,Dermatology Office-Irving Suite 230,US,,,Not Found,None,N/A
Ellen Mellow MD FACC,Ellen Mellow FACC,US,,,Not Found,None,N/A
Family Health Primary Care Providers-TELEHEALTH,Family Health Primary Care Providers-TELEHEALTH,US,,,Not Found,None,N/A
Pediatric Associates - Pembroke Pines,Pediatric Associates - Pembroke Pines,US,,,Not Found,None,N/A
PureView Health Center Downtown Clinic,PureView Health Center Downtown Clinic,US,,,Not Found,None,N/A
"NEUROLOGY CENTER OF NEW ENGLAND, PC",NEUROLOGY CENTER OF NEW ENGLAND,US,,,Not Found,None,N/A
Atlanta Functional Medicine,Atlanta Functional Medicine,US,,,Not Found,None,N/A
THE KIDZ DOCS,THE KIDZ DOCS,US,,,Not Found,None,N/A
DALLAS/DESOTO Palm Primary Care,DALLAS DESOTO Palm Primary Care,US,,,Not Found,None,N/A
"Payero Family Medicine, P.A.",Payero Family Medicine P A,US,,,Not Found,None,N/A
Dearborn Cardiology Dearborn,Dearborn Cardiology Dearborn,US,,,Not Found,None,N/A
Columbia Medical Group,Columbia Medical Group,US,,,Not Found,None,N/A
Medical City Hip & Knee Specialists,Medical City Hip & Knee Specialists,US,,,Not Found,None,N/A
Woman To Woman,Woman To Woman,US,,,Not Found,None,N/A
Brookdale Hospital IP,Brookdale Hospital IP,US,,,Not Found,None,N/A
D & J Grace Team Group LLC Ft. Worth,D & J Grace Team Group Ft Worth,US,,,Not Found,None,N/A
D & J Grace Team Group LLC Crowley,D & J Grace Team Group Crowley,US,,,Not Found,None,N/A
D & J Grace Team Group LLC Oakmont,D & J Grace Team Group Oakmont,US,,,Not Found,None,N/A
Lake Mary Family Physicians,Lake Mary Family Physicians,US,,,Not Found,None,N/A
CAN at USF St Pete Student Wellness Center - STI/HIV/Hepatitis C Testing,CAN at USF St Pete Student Wellness Center - STI HIV Hepatitis C Testing,US,,,Not Found,None,N/A
CAN Community Health at One Safe Place - STI/HIV/Hepatitis C Testing,CAN Community Health at One Safe Place - STI HIV Hepatitis C Testing,US,,,Not Found,None,N/A
Medical Associates Plus Keysville,Medical Associates Plus Keysville,US,,,Not Found,None,N/A
Uptown Allergy & Immunology,Uptown Allergy & Immunology,US,,,Not Found,None,N/A
Baltimore Health Care Pc,Baltimore Health Care,US,,,Not Found,None,N/A
Dominion Surgical Specialists,Dominion Surgical Specialists,US,,,Not Found,None,N/A
Bedford Office of Northeast Dermatology Associates,Bedford Office of Northeast Dermatology Associates,US,,,Not Found,None,N/A
The Helper Clinic,The Helper Clinic,US,,,Not Found,None,N/A
Dwayne E Rollins Md Pc,Dwayne E Rollins,US,,,Not Found,None,N/A
Diabetes And Endocrine Wellness Ctr,Diabetes And Endocrine Wellness Ctr,US,,,Not Found,None,N/A
Durga Madala MD,Durga Madala,US,,,Not Found,None,N/A
Mountain Park - Baseline Pediatrics,Mountain Park - Baseline Pediatrics,US,,,Not Found,None,N/A
Servant Express Care,Servant Express Care,US,,,Not Found,None,N/A
GIS 70th Clinic,GIS 70th Clinic,US,,,Not Found,None,N/A
GIS Bossier,GIS Bossier,US,,,Not Found,None,N/A
GIS Pierremont,GIS Pierremont,US,,,Not Found,None,N/A
DoctorHere Primary Care Clinic - Kiss Products Inc.,DoctorHere Primary Care Clinic - Kiss Products,US,,,Not Found,None,N/A
"Drexzell Primary Care, Pllc",Drexzell Primary Care,US,,,Not Found,None,N/A
GIS Central,GIS Central,US,,,Not Found,None,N/A
Zynith Health Care & Associates,Zynith Health Care & Associates,US,,,Not Found,None,N/A
Prisma Community Care,Prisma Community Care,US,,,Not Found,None,N/A
The Medical Grp of Kansas City,The Medical Grp of Kansas City,US,,,Not Found,None,N/A
Douglas H Bailyn MD PC,Douglas H Bailyn,US,,,Not Found,None,N/A
New Braunfels Clinic,New Braunfels Clinic,US,,,Not Found,None,N/A
Zenith Family Health Lehi,Zenith Family Health Lehi,US,,,Not Found,None,N/A
Highlands Medical Specialists - Family Medicine,Highlands Medical Specialists - Family Medicine,US,,,Not Found,None,N/A
Duluth Office,Duluth Office,US,,,Not Found,None,N/A
Ralston Medical Ltd,Ralston Medical,US,,,Not Found,None,N/A
Premier Health and Wellness,Premier Health and Wellness,US,,,Not Found,None,N/A
LewisGale Physicians- General & Vascular Surgery,LewisGale Physicians- General & Vascular Surgery,US,,,Not Found,None,N/A
Augusta Health Specialists - Ste 202,Augusta Health Specialists - Ste 202,US,,,Not Found,None,N/A
Divaker Pediatrics LLC,Divaker Pediatrics,US,,,Not Found,None,N/A
Center for Total Women's Health - Lansdale,Center for Total Womens Health - Lansdale,US,,,Not Found,None,N/A
Center for Total Women's Health - Blue Bell,Center for Total Womens Health - Blue Bell,US,,,Not Found,None,N/A
Ambani Center for OBGYN & Aesthetics,Ambani Center for OBGYN & Aesthetics,US,,,Not Found,None,N/A
Laredo Interventional Clinic Pllc,Laredo Interventional Clinic,US,,,Not Found,None,N/A
Physicians For Women,Physicians For Women,US,,,Not Found,None,N/A
North Brunswick Pediatrics North Brunswick,North Brunswick Pediatrics North Brunswick,US,,,Not Found,None,N/A
EMUSC LLC,EMUSC,US,,,Not Found,None,N/A
Total Family Clinic,Total Family Clinic,US,,,Not Found,None,N/A
People's Pulmonary LLC,Peoples Pulmonary,US,,,Not Found,None,N/A
Gastro Florida - Trinity SR 54,Gastro Florida - Trinity SR 54,US,,,Not Found,None,N/A
Gastro Florida - Bayonet Point,Gastro Florida - Bayonet Point,US,,,Not Found,None,N/A
TEXOMACARE FAMILY MEDICINE SHERMAN,TEXOMACARE FAMILY MEDICINE SHERMAN,US,,,Not Found,None,N/A
Concordis Medical - DC,Concordis Medical -,US,,,Not Found,None,N/A
Concordis Medical - MD,Concordis Medical -,US,,,Not Found,None,N/A
Concordis Medical - VA,Concordis Medical - VA,US,,,Not Found,None,N/A
Sanitas Doral,Sanitas Doral,US,,,Not Found,None,N/A
Bay Pointe Medical,Bay Pointe Medical,US,,,Not Found,None,N/A
Lake Mary Primary Care,Lake Mary Primary Care,US,,,Not Found,None,N/A
Dermatology Center of Dallas,Dermatology Center of Dallas,US,,,Not Found,None,N/A
The Modern Woman Ob/gyn Florham Park,The Modern Woman Ob gyn Florham Park,US,,,Not Found,None,N/A
Hallandale Medical Center,Hallandale Medical Center,US,,,Not Found,None,N/A
Westchester Concierge Medical,Westchester Concierge Medical,US,,,Not Found,None,N/A
Vida Revival,Vida Revival,US,,,Not Found,None,N/A
Surgical Specialist of Clear Lake,Surgical Specialist of Clear Lake,US,,,Not Found,None,N/A
Georgia Family Care - LITH,Georgia Family Care - LITH,US,,,Not Found,None,N/A
Georgia Family Care - SLP,Georgia Family Care - SLP,US,,,Not Found,None,N/A
Carbon Medical Service Mental Health,Carbon Medical Service Mental Health,US,,,Not Found,None,N/A
The Helper Clinic Mental Health,The Helper Clinic Mental Health,US,,,Not Found,None,N/A
The Price Clinic Mental Health,The Price Clinic Mental Health,US,,,Not Found,None,N/A
Kidfinity Pediatrics,Kidfinity Pediatrics,US,,,Not Found,None,N/A
Southwest Scoliosis and Spine Institute- Dallas,Southwest Scoliosis and Spine Institute- Dallas,US,,,Not Found,None,N/A
DEVANG S SHAH,DEVANG S SHAH,US,,,Not Found,None,N/A
East Valley Diabetes and Endocrinology,East Valley Diabetes and Endocrinology,US,,,Not Found,None,N/A
Nephrology of South Jersey Marlton,Nephrology of South Jersey Marlton,US,,,Not Found,None,N/A
Nephrology of South Jersey Williamtown,Nephrology of South Jersey Williamtown,US,,,Not Found,None,N/A
Nephrology of South Jersey 1100,Nephrology of South Jersey 1100,US,,,Not Found,None,N/A
Nephrology of South Jersey Sewell,Nephrology of South Jersey Sewell,US,,,Not Found,None,N/A
KANSAS CITY ALLERGY ASTHMA ASSOC,KANSAS CITY ALLERGY ASTHMA ASSOC,US,,,Not Found,None,N/A
Starrae Health,Starrae Health,US,,,Not Found,None,N/A
Specialists In OBstetrics and Gynecology PLLC,Specialists In OBstetrics and Gynecology,US,,,Not Found,None,N/A
Sanitas Palmetto Bay,Sanitas Palmetto Bay,US,,,Not Found,None,N/A
Family First Health Center,Family First Health Center,US,,,Not Found,None,N/A
Delaware Public Health District,Delaware Public Health District,US,,,Not Found,None,N/A
Coral Springs Office,Coral Springs Office,US,,,Not Found,None,N/A
Pembroke Pines Office,Pembroke Pines Office,US,,,Not Found,None,N/A
East Valley Diabetes and Endocrinology San Tan,East Valley Diabetes and Endocrinology San Tan,US,,,Not Found,None,N/A
East Valley Diabetes and Endocrinology Gilbert,East Valley Diabetes and Endocrinology Gilbert,US,,,Not Found,None,N/A
Deepak Vadhan Md Si,Deepak Vadhan Si,US,,,Not Found,None,N/A
Deepak Vadhan Md,Deepak Vadhan,US,,,Not Found,None,N/A
MountainView Cardiovascular & Thoracic Surgery Associates,MountainView Cardiovascular & Thoracic Surgery Associates,US,,,Not Found,None,N/A
Little Elm Frisco Children's Clinic,Little Elm Frisco Childrens Clinic,US,,,Not Found,None,N/A
"Her Gyn, Llc",Her Gyn,US,,,Not Found,None,N/A
NTX Medical Clinic,NTX Medical Clinic,US,,,Not Found,None,N/A
NTX Medical - Frisco,NTX Medical - Frisco,US,,,Not Found,None,N/A
Richmond Surgical- Forest,Richmond Surgical- Forest,US,,,Not Found,None,N/A
Seaside Primary Care,Seaside Primary Care,US,,,Not Found,None,N/A
Epstein Gynecology Associates Maple Shade,Epstein Gynecology Associates Maple Shade,US,,,Not Found,None,N/A
The Womens Clinic At The Grove,The Womens Clinic At The Grove,US,,,Not Found,None,N/A
Lower Salford TriValley Primary Care,Lower Salford TriValley Primary Care,US,,,Not Found,None,N/A
Crestview Health Center,Crestview Health Center,US,,,Not Found,None,N/A
Inverness Medical Langley Health Services,Inverness Medical Langley Health Services,US,,,Not Found,None,N/A
Houston Womens Care Associates,Houston Womens Care Associates,US,,,Not Found,None,N/A
Boland Neurology LLC,Boland Neurology,US,,,Not Found,None,N/A
College Park Family Care - Olathe,College Park Family Care - Olathe,US,,,Not Found,None,N/A
"Daysi Baez M.D.,P.C.",Daysi Baez M D P C,US,,,Not Found,None,N/A
PLANT CITY Palm Medical Centers,PLANT CITY Palm Medical Centers,US,,,Not Found,None,N/A
Crown Heights - HFMC,Crown Heights - HFMC,US,,,Not Found,None,N/A
St Cecilia DCHC,St Cecilia DCHC,US,,,Not Found,None,N/A
Biloxi - Dermatology Specialists of MS,Biloxi - Dermatology Specialists of MS,US,,,Not Found,None,N/A
Christiansburg Primary Care- CPC,Christiansburg Primary Care- CPC,US,,,Not Found,None,N/A
"Rao Clinic, PLLC DBA Aegis Medical Center",Rao Clinic DBA Aegis Medical Center,US,,,Not Found,None,N/A
Temecula Valley Primary Care Physicians,Temecula Valley Primary Care Physicians,US,,,Not Found,None,N/A
Talkiatry Connecticut,Talkiatry Connecticut,US,,,Not Found,None,N/A
David Tenembaum - Gastroenterologist,David Tenembaum - Gastroenterologist,US,,,Not Found,None,N/A
Parkway ENT And Allergy,Parkway ENT And Allergy,US,,,Not Found,None,N/A
David T Nemoto MDPA,David T Nemoto MDPA,US,,,Not Found,None,N/A
"David T. Nemoto M.D., P.A.",David T Nemoto M D P A,US,,,Not Found,None,N/A
CMG FP-Minden,CMG FP-Minden,US,,,Not Found,None,N/A
Family Healthcare Network Strathmore,Family Healthcare Network Strathmore,US,,,Not Found,None,N/A
Family HealthCare Network Porterville Downtown,Family HealthCare Network Porterville Downtown,US,,,Not Found,None,N/A
Essen Health Care 1990,Essen Health Care 1990,US,,,Not Found,None,N/A
Essen Health Care 3231,Essen Health Care 3231,US,,,Not Found,None,N/A
Essen Health Care 108,Essen Health Care 108,US,,,Not Found,None,N/A
Seaview Orthopaedic-Barnegat,Seaview Orthopaedic-Barnegat,US,,,Not Found,None,N/A
Seaview Orthopaedic Freehold Office,Seaview Orthopaedic Freehold Office,US,,,Not Found,None,N/A
Carmi Community Health Center,Carmi Community Health Center,US,,,Not Found,None,N/A
Refuah Health Center,Refuah Health Center,US,,,Not Found,None,N/A
Southeast Houston Cardiology - Pasadena,Southeast Houston Cardiology - Pasadena,US,,,Not Found,None,N/A
Beverly Office of Northeast Dermatology Associates,Beverly Office of Northeast Dermatology Associates,US,,,Not Found,None,N/A
Main Family Medical,Main Family Medical,US,,,Not Found,None,N/A
OH002 Anderson,Anderson,US,,,Not Found,None,N/A
OH001 West Side,West Side,US,,,Not Found,None,N/A
OH002 Clermont,Clermont,US,,,Not Found,None,N/A
OH001 Blue Ash,Blue Ash,US,,,Not Found,None,N/A
"South Plainfield, NJ",South Plainfield NJ,US,,,Not Found,None,N/A
David A Charles Md Pc,David A Charles,US,,,Not Found,None,N/A
Seaview Orthopaedic Ocean,Seaview Orthopaedic Ocean,US,,,Not Found,None,N/A
Seaview Orthopaedics-Monroe,Seaview Orthopaedics-Monroe,US,,,Not Found,None,N/A
Seaview Orthopaedic - Freehold Suite 105,Seaview Orthopaedic - Freehold Suite 105,US,,,Not Found,None,N/A
Seaview Orthopaedic - Brick Suite 203,Seaview Orthopaedic - Brick Suite 203,US,,,Not Found,None,N/A
Atlanta Allergy & Asthma - Rome,Atlanta Allergy & Asthma - Rome,US,,,Not Found,None,N/A
David W Carlson MD PA,David W Carlson PA,US,,,Not Found,None,N/A
AstranaCare Rainbow,AstranaCare Rainbow,US,,,Not Found,None,N/A
Manhattan Integrative Cardiovascular,Manhattan Integrative Cardiovascular,US,,,Not Found,None,N/A
Pacific Derm Specialists Downey,Pacific Derm Specialists Downey,US,,,Not Found,None,N/A
Telehealth Pacific Derm,Telehealth Pacific Derm,US,,,Not Found,None,N/A
Wellbeing Health & Telemedicine Llc,Wellbeing Health & Telemedicine,US,,,Not Found,None,N/A
Advantage Health,Advantage Health,US,,,Not Found,None,N/A
Family Practice Sylvan Oak,Family Practice Sylvan Oak,US,,,Not Found,None,N/A
Pediatric Associates - Coral Gables,Pediatric Associates - Coral Gables,US,,,Not Found,None,N/A
Carolina Pediatric Assoc Gaffney,Carolina Pediatric Assoc Gaffney,US,,,Not Found,None,N/A
Carolina Pediatric Assoc Bburg,Carolina Pediatric Assoc Bburg,US,,,Not Found,None,N/A
WHS Family Medicine California,WHS Family Medicine California,US,,,Not Found,None,N/A
The Austin Diagnostic Clinic - Circle C,The Austin Diagnostic Clinic - Circle C,US,,,Not Found,None,N/A
Stone Oak Clinic,Stone Oak Clinic,US,,,Not Found,None,N/A
Urogynecology Clear Lake,Urogynecology Clear Lake,US,,,Not Found,None,N/A
Allen Advanced Chiropractic,Allen Advanced Chiropractic,US,,,Not Found,None,N/A
Treatment of the Foot & Ankle Paramus,Treatment of the Foot & Ankle Paramus,US,,,Not Found,None,N/A
Treatment of the Foot Ankle Paterson,Treatment of the Foot Ankle Paterson,US,,,Not Found,None,N/A
FL032 Boca Raton,Boca Raton,US,,,Not Found,None,N/A
Oracle Sun Life Family Health Center,Oracle Sun Life Family Health Center,US,,,Not Found,None,N/A
ENTIRA WOODBURY,ENTIRA WOODBURY,US,,,Not Found,None,N/A
Marys Center Silver Spring,Marys Center Silver Spring,US,,,Not Found,None,N/A
La Familia Medical Center ALTO,La Familia Medical Center ALTO,US,,,Not Found,None,N/A
Family Healthcare - Cedar City East,Family Healthcare - Cedar City East,US,,,Not Found,None,N/A
Family Healthcare - Hurricane Middle School Health Center,Family Healthcare - Hurricane Middle School Health Center,US,,,Not Found,None,N/A
Family Healthcare - Cedar City Harding,Family Healthcare - Cedar City Harding,US,,,Not Found,None,N/A
Heart and Vascular Care - Mercy - Ramirez,Heart and Vascular Care - Mercy - Ramirez,US,,,Not Found,None,N/A
CHN Lower East Side,CHN Lower East Side,US,,,Not Found,None,N/A
North Seminole Family Practice,North Seminole Family Practice,US,,,Not Found,None,N/A
"Daniel H. Hu, M.D., PLLC",Daniel H Hu M D,US,,,Not Found,None,N/A
Lakeside Orthopedic Institute,Lakeside Orthopedic Institute,US,,,Not Found,None,N/A
SCHERTZ KELLUM PHYSICIAN PARTNERS,SCHERTZ KELLUM PHYSICIAN PARTNERS,US,,,Not Found,None,N/A
Kellum Physician Partners Braun,Kellum Physician Partners Braun,US,,,Not Found,None,N/A
College Park Family Care - Specialty Center,College Park Family Care - Specialty Center,US,,,Not Found,None,N/A
"Valley Ent, Pc Northern Az Ent",Valley Ent Northern Az Ent,US,,,Not Found,None,N/A
Capital Surgical Associates,Capital Surgical Associates,US,,,Not Found,None,N/A
Honeycomb Pediatrics Pllc,Honeycomb Pediatrics,US,,,Not Found,None,N/A
Community Health Center of Central Wyoming-Riverton Clinic,Community Health Center of Central Wyoming-Riverton Clinic,US,,,Not Found,None,N/A
DANIELA ATANASSOVA LINEVA MD PED,DANIELA ATANASSOVA LINEVA PED,US,,,Not Found,None,N/A
Dawsonville Office,Dawsonville Office,US,,,Not Found,None,N/A
Downtown Renal Medicine P C,Downtown Renal Medicine P C,US,,,Not Found,None,N/A
Hummingbird Pediatrics,Hummingbird Pediatrics,US,,,Not Found,None,N/A
Cadence Healthrx,Cadence Healthrx,US,,,Not Found,None,N/A
Damian Folch MD,Damian Folch,US,,,Not Found,None,N/A
Athena OB/GYN - Langhorne,Athena OB GYN - Langhorne,US,,,Not Found,None,N/A
Riceland Rural Health Clinic,Riceland Rural Health Clinic,US,,,Not Found,None,N/A
Dale Prokupek MD Inc,Dale Prokupek,US,,,Not Found,None,N/A
Pediatric and Internal Medicine Specialists,Pediatric and Internal Medicine Specialists,US,,,Not Found,None,N/A
"AZUREWAVE MEDICAL SERVICES, LLC",AZUREWAVE MEDICAL SERVICES,US,,,Not Found,None,N/A
PureView Health Main Campus,PureView Health Main Campus,US,,,Not Found,None,N/A
Society Hill Pediatrics,Society Hill Pediatrics,US,,,Not Found,None,N/A
BPN Family Medicine,BPN Family Medicine,US,,,Not Found,None,N/A
Academic Dermatology of Nevada,Academic Dermatology of Nevada,US,,,Not Found,None,N/A
Wellspire Cypress,Wellspire Cypress,US,,,Not Found,None,N/A
"Cristina Marin, M.D.",Cristina Marin M D,US,,,Not Found,None,N/A
St. Lucie Medical Specialists - Ste 203,St Lucie Medical Specialists - Ste 203,US,,,Not Found,None,N/A
SCRIDON CARDIOLOGY,SCRIDON CARDIOLOGY,US,,,Not Found,None,N/A
Orange Park Primary Care - Kingsley Ave,Orange Park Primary Care - Kingsley Ave,US,,,Not Found,None,N/A
Austin Brain and Spine - Central,Austin Brain and Spine - Central,US,,,Not Found,None,N/A
DCHC Hammond,DCHC Hammond,US,,,Not Found,None,N/A
Austin Brain and Spine - Georgetown,Austin Brain and Spine - Georgetown,US,,,Not Found,None,N/A
Austin Brain and Spine - Marble Falls,Austin Brain and Spine - Marble Falls,US,,,Not Found,None,N/A
BMT PAIN CLINIC,BMT PAIN CLINIC,US,,,Not Found,None,N/A
Primary Health MERIDIAN PEDIATRICS Family Practice,Primary Health MERIDIAN PEDIATRICS Family Practice,US,,,Not Found,None,N/A
Mainline- Lakeside School Clinic,Mainline- Lakeside School Clinic,US,,,Not Found,None,N/A
"KATY OFFICE VISITS\:SELECT AUGUST 2026 FOR APPTS. New Patients press 'NO', Established Patients press 'Yes'",KATY OFFICE VISITS\ SELECT AUGUST 2026 FOR APPTS New Patients press NO Established Patients press Yes,US,,,Not Found,None,N/A
The Door Adolescent Health Center,The Door Adolescent Health Center,US,,,Not Found,None,N/A
"A TELEVISIT FROM YOUR HOME: SELECT AUGUST 2026 FOR APPTS. New Patients press 'NO', Established Patients press 'Yes'",A TELEVISIT FROM YOUR HOME SELECT AUGUST 2026 FOR APPTS New Patients press NO Established Patients press Yes,US,,,Not Found,None,N/A
Jackson River Orthopedics,Jackson River Orthopedics,US,,,Not Found,None,N/A
Oretha Castle Haley DCHC,Oretha Castle Haley DCHC,US,,,Not Found,None,N/A
Premier Urology,Premier Urology,US,,,Not Found,None,N/A
"COLUMBIA-MARYLAND ENDOCRINE,P.A.",COLUMBIA-MARYLAND ENDOCRINE P A,US,,,Not Found,None,N/A
Constantine Barbounis DPM BBO,Constantine Barbounis BBO,US,,,Not Found,None,N/A
"Beanstalk Pediatrics, PLLC",Beanstalk Pediatrics,US,,,Not Found,None,N/A
Constantine Barbounis DPM NAP,Constantine Barbounis NAP,US,,,Not Found,None,N/A
Rockpoint Family Medicine,Rockpoint Family Medicine,US,,,Not Found,None,N/A
CHN East New York DBS,CHN East New York DBS,US,,,Not Found,None,N/A
Cherokee Family Healthcare Llc,Cherokee Family Healthcare,US,,,Not Found,None,N/A
Center for Lifetime Health-Hidden Springs,Center for Lifetime Health-Hidden Springs,US,,,Not Found,None,N/A
"Colette Np In Family Health, Pllc",Colette In Family Health,US,,,Not Found,None,N/A
Center for Lifetime Health-Main St,Center for Lifetime Health-Main St,US,,,Not Found,None,N/A
Chester County OB/GYN - West Chester,Chester County OB GYN - West Chester,US,,,Not Found,None,N/A
Chester County OB/GYN - Kennett Square,Chester County OB GYN - Kennett Square,US,,,Not Found,None,N/A
Chester County OB/GYN - Eagleview,Chester County OB GYN - Eagleview,US,,,Not Found,None,N/A
Chester County OB/GYN - Downingtown,Chester County OB GYN - Downingtown,US,,,Not Found,None,N/A
Metro Healthy Communities at Downtown St Pete,Metro Healthy Communities at Downtown St Pete,US,,,Not Found,None,N/A
Cloudwell Health,Cloudwell Health,US,,,Not Found,None,N/A
MD Vein & Skin Specialists,Vein & Skin Specialists,US,,,Not Found,None,N/A
Brain & Spine Specialists of North Texas- Arlington,Brain & Spine Specialists of North Texas- Arlington,US,,,Not Found,None,N/A
Border Clinic PLLC,Border Clinic,US,,,Not Found,None,N/A
Border Clinic Kansas,Border Clinic Kansas,US,,,Not Found,None,N/A
"ALLGYN, INC",ALLGYN,US,,,Not Found,None,N/A
Health Associates Of Georgia,Health Associates Of Georgia,US,,,Not Found,None,N/A
CHICAGO ENT-Peterson Office,CHICAGO ENT-Peterson Office,US,,,Not Found,None,N/A
Claire Edwards-Lansdowne,Claire Edwards-Lansdowne,US,,,Not Found,None,N/A
BLOOM BEHAVIORAL HEALTH,BLOOM BEHAVIORAL HEALTH,US,,,Not Found,None,N/A
HCA HealthONE Women's Health Group,HCA HealthONE Womens Health Group,US,,,Not Found,None,N/A
"Western Carolina Ear Nose And Throat Specialists, Pllc",Western Carolina Ear Nose And Throat Specialists,US,,,Not Found,None,N/A
OH001 Montgomery 8271,Montgomery 8271,US,,,Not Found,None,N/A
OH001 Norwood,Norwood,US,,,Not Found,None,N/A
CAdENT -GAITHERSBURG,CAdENT -GAITHERSBURG,US,,,Not Found,None,N/A
Parkridge Bone and Joint,Parkridge Bone and Joint,US,,,Not Found,None,N/A
CAdENT- SILVER SPRING,CAdENT- SILVER SPRING,US,,,Not Found,None,N/A
Allergy and Asthma Center - Neenah,Allergy and Asthma Center - Neenah,US,,,Not Found,None,N/A
Allergy & Asthma Center - Grant St.,Allergy & Asthma Center - Grant St,US,,,Not Found,None,N/A
Grandfield Foot And Ankle Pc,Grandfield Foot And Ankle,US,,,Not Found,None,N/A
Grandfield Foot and Ankle P.C. -Hobart,Grandfield Foot and Ankle P C -Hobart,US,,,Not Found,None,N/A
Metro Healthy Communities at Fletcher Ave,Metro Healthy Communities at Fletcher Ave,US,,,Not Found,None,N/A
Fawcett Surgical Specialists,Fawcett Surgical Specialists,US,,,Not Found,None,N/A
Georgetown Orthopedic Group,Georgetown Orthopedic Group,US,,,Not Found,None,N/A
San Diego American Indian Health Center - Dental Services,San Diego American Indian Health Center - Dental Services,US,,,Not Found,None,N/A
HCA HealthONE Sky Ridge Primary Care - Castle Rock,HCA HealthONE Sky Ridge Primary Care - Castle Rock,US,,,Not Found,None,N/A
Ocean Office Seaview Orthopaedic,Ocean Office Seaview Orthopaedic,US,,,Not Found,None,N/A
Monroe Office Seaview Orthopaedics,Monroe Office Seaview Orthopaedics,US,,,Not Found,None,N/A
Brick Office Seaview Orthopaedic,Brick Office Seaview Orthopaedic,US,,,Not Found,None,N/A
Freehold Office Seaview Orthopaedic,Freehold Office Seaview Orthopaedic,US,,,Not Found,None,N/A
Christopher S Burress Md Dba Optimum,Christopher S Burress Dba Optimum,US,,,Not Found,None,N/A
Fort Pierce Orthopedics - Ste 102,Fort Pierce Orthopedics - Ste 102,US,,,Not Found,None,N/A
Groton Office,Groton Office,US,,,Not Found,None,N/A
Wallingford Office,Wallingford Office,US,,,Not Found,None,N/A
Whasn West Valley,Whasn West Valley,US,,,Not Found,None,N/A
HealthWise Clinic,HealthWise Clinic,US,,,Not Found,None,N/A
ENTIRA WEST ST PAUL CLINIC,ENTIRA WEST ST PAUL CLINIC,US,,,Not Found,None,N/A
Alamo Ranch Campus,Alamo Ranch Campus,US,,,Not Found,None,N/A
Rest Assured Pulmonology Inc,Rest Assured Pulmonology,US,,,Not Found,None,N/A
CVFM-Mountain View,CVFM-Mountain View,US,,,Not Found,None,N/A
Florida Advanced Cardiothoracic Surgery,Florida Advanced Cardiothoracic Surgery,US,,,Not Found,None,N/A
Alsan Medical Clinic PC,Alsan Medical Clinic,US,,,Not Found,None,N/A
Primary Health GARRITY Family Practice,Primary Health GARRITY Family Practice,US,,,Not Found,None,N/A
Gastromed LLC 5101,Gastromed 5101,US,,,Not Found,None,N/A
Inicio Wellness PLLC,Inicio Wellness,US,,,Not Found,None,N/A
Happy Health and Wellness- McKinney,Happy Health and Wellness- McKinney,US,,,Not Found,None,N/A
Central Florida Ent Associates,Central Florida Ent Associates,US,,,Not Found,None,N/A
Gwinnett Center Medical Association,Gwinnett Center Medical Association,US,,,Not Found,None,N/A
Waterway Family Medicine - River Hills,Waterway Family Medicine - River Hills,US,,,Not Found,None,N/A
TEXOMACARE INTERNAL MEDICINE,TEXOMACARE INTERNAL MEDICINE,US,,,Not Found,None,N/A
Swan Health & Beauty Pllc,Swan Health & Beauty,US,,,Not Found,None,N/A
Rock Landing Internal Medicine,Rock Landing Internal Medicine,US,,,Not Found,None,N/A
Jones & Sandknop Family Practice,Jones & Sandknop Family Practice,US,,,Not Found,None,N/A
VIDOR - Riceland Clinic,VIDOR - Riceland Clinic,US,,,Not Found,None,N/A
KidzMD DPC,KidzMD DPC,US,,,Not Found,None,N/A
Huntsville Dermatology Specialists of Alabama,Huntsville Dermatology Specialists of Alabama,US,,,Not Found,None,N/A
Tracy Towers Medical PC,Tracy Towers Medical,US,,,Not Found,None,N/A
Kiln Creek Family Medicine,Kiln Creek Family Medicine,US,,,Not Found,None,N/A
SMC Main Street,SMC Main Street,US,,,Not Found,None,N/A
Harwood OBGYN,Harwood OBGYN,US,,,Not Found,None,N/A
DUNCANVILLE Palm Primary Care,DUNCANVILLE Palm Primary Care,US,,,Not Found,None,N/A
"Mckinney Health Center, Inc.",Mckinney Health Center,US,,,Not Found,None,N/A
KMC Leavenworth Dermatology,KMC Leavenworth Dermatology,US,,,Not Found,None,N/A
KMC Mission Dermatology,KMC Mission Dermatology,US,,,Not Found,None,N/A
Dr Charles Castillo,Charles Castillo,US,,,Not Found,None,N/A
Compass Nephrology Care,Compass Nephrology Care,US,,,Not Found,None,N/A
Midtown Surgery Center,Midtown Surgery Center,US,,,Not Found,None,N/A
Comp Pain Mgmt and Spine Care,Comp Pain Mgmt and Spine Care,US,,,Not Found,None,N/A
Palm Beach Surgical Specialists - Atlantis,Palm Beach Surgical Specialists - Atlantis,US,,,Not Found,None,N/A
Greenville Office,Greenville Office,US,,,Not Found,None,N/A
Advanced Orthopedics And Sports Medicine,Advanced Orthopedics And Sports Medicine,US,,,Not Found,None,N/A
McCrimmon Primary Care-Morrisville,McCrimmon Primary Care-Morrisville,US,,,Not Found,None,N/A
Family Planning TN,Family Planning TN,US,,,Not Found,None,N/A
Family Planning FR,Family Planning FR,US,,,Not Found,None,N/A
Houston Pediatric Clinic,Houston Pediatric Clinic,US,,,Not Found,None,N/A
Ortega Medical Clinic,Ortega Medical Clinic,US,,,Not Found,None,N/A
Dallas Pediatric And Childrens Hc,Dallas Pediatric And Childrens Hc,US,,,Not Found,None,N/A
Ark Medical Of Las Vegas Llc,Ark Medical Of Las Vegas,US,,,Not Found,None,N/A
CCN General Medicine at the Boston Road Medical Center,CCN General Medicine at the Boston Road Medical Center,US,,,Not Found,None,N/A
Village Pediatrics Waco Pllc,Village Pediatrics Waco,US,,,Not Found,None,N/A
Saphena Vein Clinic & Wellness Center Llc,Saphena Vein Clinic & Wellness Center,US,,,Not Found,None,N/A
Loudoun Internal Med Assoc Pville,Loudoun Internal Med Assoc Pville,US,,,Not Found,None,N/A
Attunement Health And Wellness,Attunement Health And Wellness,US,,,Not Found,None,N/A
Mountainside Medical,Mountainside Medical,US,,,Not Found,None,N/A
Pediatric Associates - Miami Lakes,Pediatric Associates - Miami Lakes,US,,,Not Found,None,N/A
"CornerstoneMD GYN, PLLC",CornerstoneMD GYN,US,,,Not Found,None,N/A
East Atlanta Oconee Office,East Atlanta Oconee Office,US,,,Not Found,None,N/A
East Georgia Healthcare Center Inc - Baxley,East Georgia Healthcare Center - Baxley,US,,,Not Found,None,N/A
Medical Associates Plus,Medical Associates Plus,US,,,Not Found,None,N/A
IHC Bedford,IHC Bedford,US,,,Not Found,None,N/A
West Campus,West Campus,US,,,Not Found,None,N/A
Axis Healthcare Sheridan,Axis Healthcare Sheridan,US,,,Not Found,None,N/A
Carlos R. Santos MD (N Miami Beach Office),Carlos R Santos,US,,,Not Found,None,N/A
Miramar office Carlos R Santos MDPA,Miramar office Carlos R Santos MDPA,US,,,Not Found,None,N/A
Palm Beach Gastroenterology - Atlantis,Palm Beach Gastroenterology - Atlantis,US,,,Not Found,None,N/A
Southwestern Women's Clinic,Southwestern Womens Clinic,US,,,Not Found,None,N/A
Houston Heart North Cypress,Houston Heart North Cypress,US,,,Not Found,None,N/A
Gastromed LLC PC 11,Gastromed 11,US,,,Not Found,None,N/A
Clark Clinic San Antonio,Clark Clinic San Antonio,US,,,Not Found,None,N/A
Clark Clinic Villages,Clark Clinic Villages,US,,,Not Found,None,N/A
ENT Hollywood,ENT Hollywood,US,,,Not Found,None,N/A
Raulerson Surgical Specialists,Raulerson Surgical Specialists,US,,,Not Found,None,N/A
Central Texas Brain and Spine - Round Rock,Central Texas Brain and Spine - Round Rock,US,,,Not Found,None,N/A
Central Texas Brain and Spine - North Austin,Central Texas Brain and Spine - North Austin,US,,,Not Found,None,N/A
Central Texas Brain and Spine - Fredericksburg,Central Texas Brain and Spine - Fredericksburg,US,,,Not Found,None,N/A
Tallahassee Dermatology Specialists of Florida,Tallahassee Dermatology Specialists of Florida,US,,,Not Found,None,N/A
Central Texas Brain and Spine - Hutto,Central Texas Brain and Spine - Hutto,US,,,Not Found,None,N/A
Central Texas Brain and Spine - Leander,Central Texas Brain and Spine - Leander,US,,,Not Found,None,N/A
Renew Family Medicine & Hormone Health PLLC,Renew Family Medicine & Hormone Health,US,,,Not Found,None,N/A
"Carla Wallace Nurse Practitioner, Pllc",Carla Wallace Nurse Practitioner,US,,,Not Found,None,N/A
Pain Management Sugar Creek,Pain Management Sugar Creek,US,,,Not Found,None,N/A
8021 PHILIPS HWY- Total Foot Care And Wellness,PHILIPS HWY- Total Foot Care And Wellness,US,,,Not Found,None,N/A
Cloud Peak Pediatrics LLC,Cloud Peak Pediatrics,US,,,Not Found,None,N/A
Dr Camille Smith,Camille Smith,US,,,Not Found,None,N/A
Lonerock Clinic - Medical,Lonerock Clinic - Medical,US,,,Not Found,None,N/A
Vitality Medical,Vitality Medical,US,,,Not Found,None,N/A
Metro Healthy Communities at North St Pete,Metro Healthy Communities at North St Pete,US,,,Not Found,None,N/A
Bozeman Creek Family Health,Bozeman Creek Family Health,US,,,Not Found,None,N/A
Core Health Chiropractic,Core Health Chiropractic,US,,,Not Found,None,N/A
Main Line Pediatrics Narberth,Main Line Pediatrics Narberth,US,,,Not Found,None,N/A
Centennial Heart - Manchester,Centennial Heart - Manchester,US,,,Not Found,None,N/A
Main Line Pediatrics Malvern,Main Line Pediatrics Malvern,US,,,Not Found,None,N/A
Immunizations-Fremont,Immunizations-Fremont,US,,,Not Found,None,N/A
Primary Plus Occupational Health Care Inc.,Primary Plus Occupational Health Care,US,,,Not Found,None,N/A
Bryan Clinic,Bryan Clinic,US,,,Not Found,None,N/A
"Northwest Broward Orthopaedic Associates, P.a.",Northwest Broward Orthopaedic Associates P a,US,,,Not Found,None,N/A
Texas Bone and Joint- Fort Worth,Texas Bone and Joint- Fort Worth,US,,,Not Found,None,N/A
Ridgewood Spine Center,Ridgewood Spine Center,US,,,Not Found,None,N/A
Wayne Office,Wayne Office,US,,,Not Found,None,N/A
CMG Peds-Reno,CMG Peds-Reno,US,,,Not Found,None,N/A
College Park Family Care,College Park Family Care,US,,,Not Found,None,N/A
BRHD - Brigham City,BRHD - Brigham City,US,,,Not Found,None,N/A
Atlantis Orthopaedics a divison of South Florida Orthopaedics,Atlantis Orthopaedics a divison of South Florida Orthopaedics,US,,,Not Found,None,N/A
Atlantis Orthopaedics a division of South Florida Orthopaedics,Atlantis Orthopaedics a division of South Florida Orthopaedics,US,,,Not Found,None,N/A
LONE STAR WELLNESS CLINIC,LONE STAR WELLNESS CLINIC,US,,,Not Found,None,N/A
FMCP Primary Care,FMCP Primary Care,US,,,Not Found,None,N/A
CFPM Kokomo,CFPM Kokomo,US,,,Not Found,None,N/A
Lufkin Womens Center,Lufkin Womens Center,US,,,Not Found,None,N/A
"EvolveMD Concierge Medicine, Pllc",EvolveMD Concierge Medicine,US,,,Not Found,None,N/A
Capital Primary Care- Bannerman,Capital Primary Care- Bannerman,US,,,Not Found,None,N/A
First Care Clinic,First Care Clinic,US,,,Not Found,None,N/A
St. Lucie Medical Specialists - Jensen Beach,St Lucie Medical Specialists - Jensen Beach,US,,,Not Found,None,N/A
Vascular Surgery Specialist Mesa,Vascular Surgery Specialist Mesa,US,,,Not Found,None,N/A
Vascular Surgery Specialists 7th Street,Vascular Surgery Specialists 7th Street,US,,,Not Found,None,N/A
FL007 North Miami Beach,North Miami Beach,US,,,Not Found,None,N/A
Gastroenterology Associates Of SQR,Gastroenterology Associates Of SQR,US,,,Not Found,None,N/A
Innovate Health,Innovate Health,US,,,Not Found,None,N/A
FL007 Aventura,Aventura,US,,,Not Found,None,N/A
Family Medical Care Plus,Family Medical Care Plus,US,,,Not Found,None,N/A
Tharian Urology,Tharian Urology,US,,,Not Found,None,N/A
Bridger Ear Nose & Throat,Bridger Ear Nose & Throat,US,,,Not Found,None,N/A
Merrillville - KCC,Merrillville - KCC,US,,,Not Found,None,N/A
Wasatch County Health Department,Wasatch County Health Department,US,,,Not Found,None,N/A
Miami-Dade Surgical Specialists - Kendall,Miami-Dade Surgical Specialists - Kendall,US,,,Not Found,None,N/A
Valley Healthcare Vision,Valley Healthcare Vision,US,,,Not Found,None,N/A
Extraordinary Family Healthcare LLC,Extraordinary Family Healthcare,US,,,Not Found,None,N/A
St. Johns Community Health San Jacinto Center Medical,St Johns Community Health San Jacinto Center Medical,US,,,Not Found,None,N/A
Riverview Primary Care Pllc,Riverview Primary Care,US,,,Not Found,None,N/A
Upland Office Cucamonga Valley Medical Group,Upland Office Cucamonga Valley Medical Group,US,,,Not Found,None,N/A
Holy River Health,Holy River Health,US,,,Not Found,None,N/A
Chino Office Cucamonga Valley Medical Group,Chino Office Cucamonga Valley Medical Group,US,,,Not Found,None,N/A
Foot And Ankle Center Of Dallas,Foot And Ankle Center Of Dallas,US,,,Not Found,None,N/A
Southland Albany,Southland Albany,US,,,Not Found,None,N/A
Southland Americus,Southland Americus,US,,,Not Found,None,N/A
050 Westover Hills,Westover Hills,US,,,Not Found,None,N/A
Southland Warner Robins,Southland Warner Robins,US,,,Not Found,None,N/A
Mt Vernon Health Center,Mt Vernon Health Center,US,,,Not Found,None,N/A
Hruby Clinic,Hruby Clinic,US,,,Not Found,None,N/A
"Kansas City Gastroenterology & Hepatology, LLC.",Kansas City Gastroenterology & Hepatology,US,,,Not Found,None,N/A
Mid America Surgery Institute,Mid America Surgery Institute,US,,,Not Found,None,N/A
RMC GI Lab,RMC GI Lab,US,,,Not Found,None,N/A
Menorah Med Ctr GI Lab,Menorah Med Ctr GI Lab,US,,,Not Found,None,N/A
Murphy Office,Murphy Office,US,,,Not Found,None,N/A
Womens Health Associates West,Womens Health Associates West,US,,,Not Found,None,N/A
"Block, Nation, Chase & Smolen Family Medicine",Block Nation Chase & Smolen Family Medicine,US,,,Not Found,None,N/A
Womens Health Associates,Womens Health Associates,US,,,Not Found,None,N/A
Reagan Medical at Suwanee,Reagan Medical at Suwanee,US,,,Not Found,None,N/A
Table Rock Medicine - Mobile Clinic,Table Rock Medicine - Mobile Clinic,US,,,Not Found,None,N/A
Reagan Medical Center,Reagan Medical Center,US,,,Not Found,None,N/A
Sewell Location,Sewell Location,US,,,Not Found,None,N/A
Vineland Location,Vineland Location,US,,,Not Found,None,N/A
River Valley Medical Center,River Valley Medical Center,US,,,Not Found,None,N/A
Boulevard Mall - El Mercado,Boulevard Mall - El Mercado,US,,,Not Found,None,N/A
Ayuh Wellness Center,Ayuh Wellness Center,US,,,Not Found,None,N/A
FOR SATURDAY ONLY TELEHEALTH VISITS,FOR SATURDAY ONLY TELEHEALTH VISITS,US,,,Not Found,None,N/A
Leg Pain Clinic,Leg Pain Clinic,US,,,Not Found,None,N/A
Inspire Health Frisco,Inspire Health Frisco,US,,,Not Found,None,N/A
South County Endocrinology and Obesity Medicine,South County Endocrinology and Obesity Medicine,US,,,Not Found,None,N/A
Principal Health Clinic,Principal Health Clinic,US,,,Not Found,None,N/A
Gastroenterology Center of Tampa Bay,Gastroenterology Center of Tampa Bay,US,,,Not Found,None,N/A
OFFICE - CYPRESSWOOD DRIVE- GASTRODOXS,OFFICE - CYPRESSWOOD DRIVE- GASTRODOXS,US,,,Not Found,None,N/A
The Empathic Wellness Center Llc,The Empathic Wellness Center,US,,,Not Found,None,N/A
FL049 Jupiter Medical Center Campus,Jupiter Medical Center Campus,US,,,Not Found,None,N/A
LewisGale Physicians- Endocrinology,LewisGale Physicians- Endocrinology,US,,,Not Found,None,N/A
THE EMPATHIC WELLNESS CENTER TELEHEALTH,THE EMPATHIC WELLNESS CENTER TELEHEALTH,US,,,Not Found,None,N/A
72nd Street Clinic,72nd Street Clinic,US,,,Not Found,None,N/A
South Texas Foot Specialist - League City,South Texas Foot Specialist - League City,US,,,Not Found,None,N/A
East Falls Specialty Clinic- Channing Way,East Falls Specialty Clinic- Channing Way,US,,,Not Found,None,N/A
Lendermon Sports Medicine,Lendermon Sports Medicine,US,,,Not Found,None,N/A
B.S. Bonyo D.O. and Associates Inc.,B S Bonyo D O and Associates,US,,,Not Found,None,N/A
TeleKidney,TeleKidney,US,,,Not Found,None,N/A
North Texas Asthma And COPD PLLC,North Texas Asthma And COPD,US,,,Not Found,None,N/A
Fulton Medical Plaza PC,Fulton Medical Plaza,US,,,Not Found,None,N/A
Women's Associates OB/GYN,Womens Associates OB GYN,US,,,Not Found,None,N/A
PHC Health and Wellness,PHC Health and Wellness,US,,,Not Found,None,N/A
New Beats Cardiology,New Beats Cardiology,US,,,Not Found,None,N/A
Neurology & Sleep Medicine Galleria,Neurology & Sleep Medicine Galleria,US,,,Not Found,None,N/A
"Trinity Health Plus, LLC",Trinity Health Plus,US,,,Not Found,None,N/A
Summit Orthopedics Of Texas - Fort Worth,Summit Orthopedics Of Texas - Fort Worth,US,,,Not Found,None,N/A
Summit Orthopedics of Texas - Keller,Summit Orthopedics of Texas - Keller,US,,,Not Found,None,N/A
Bala Annadurai MD,Bala Annadurai,US,,,Not Found,None,N/A
Najem MD PLC,Najem PLC,US,,,Not Found,None,N/A
Tampa Office,Tampa Office,US,,,Not Found,None,N/A
A & B Neurology (Main),A & B Neurology,US,,,Not Found,None,N/A
Tucson - Living Gem Professional Corporation,Tucson - Living Gem Professional,US,,,Not Found,None,N/A
SYAH LLC DBA Guilford Immediate Care Gainesville,SYAH DBA Guilford Immediate Care Gainesville,US,,,Not Found,None,N/A
Prescott - Living Gem Professional Corporation,Prescott - Living Gem Professional,US,,,Not Found,None,N/A
IYA Medical,IYA Medical,US,,,Not Found,None,N/A
GH33 Sand Lake Commons,Sand Lake Commons,US,,,Not Found,None,N/A
Cardiology Clinic of San Antonio - Medical Center,Cardiology Clinic of San Antonio - Medical Center,US,,,Not Found,None,N/A
Cornerstone Family Healthcare,Cornerstone Family Healthcare,US,,,Not Found,None,N/A
"1 Avais Chatha, MD",1 Avais Chatha,US,,,Not Found,None,N/A
North Austin Pediatrics - Austin Office,North Austin Pediatrics - Austin Office,US,,,Not Found,None,N/A
Boerne Medcare Associates,Boerne Medcare Associates,US,,,Not Found,None,N/A
Austin J Hansen DPM SFM,Austin J Hansen SFM,US,,,Not Found,None,N/A
Austin J Hansen DPM TUS,Austin J Hansen TUS,US,,,Not Found,None,N/A
The Heart Rhythm Place,The Heart Rhythm Place,US,,,Not Found,None,N/A
Phenomenal Healthcare Solutions,Phenomenal Healthcare Solutions,US,,,Not Found,None,N/A
VA002 Woodbridge,Woodbridge,US,,,Not Found,None,N/A
VA002 Manassas,Manassas,US,,,Not Found,None,N/A
Pulse Vein Pc,Pulse Vein,US,,,Not Found,None,N/A
TrueCare Rheumatology LLc,TrueCare Rheumatology,US,,,Not Found,None,N/A
Fairway Family Medicine,Fairway Family Medicine,US,,,Not Found,None,N/A
Hope Pulmonary-Carrollton,Hope Pulmonary-Carrollton,US,,,Not Found,None,N/A
Hope Pulmonary -Denton,Hope Pulmonary -Denton,US,,,Not Found,None,N/A
Foot and Ankle Institute - West Houston,Foot and Ankle Institute - West Houston,US,,,Not Found,None,N/A
Stellar Medical Group,Stellar Medical Group,US,,,Not Found,None,N/A
Foot and Ankle Institute - Katy,Foot and Ankle Institute - Katy,US,,,Not Found,None,N/A
Stellar Medical Group Teleh,Stellar Medical Group Teleh,US,,,Not Found,None,N/A
Lone Star Center For Primary Care,Lone Star Center For Primary Care,US,,,Not Found,None,N/A
Dearborn Cardiology Taylor,Dearborn Cardiology Taylor,US,,,Not Found,None,N/A
Ashok K Khanna MD,Ashok K Khanna,US,,,Not Found,None,N/A
CFPM Greenwood,CFPM Greenwood,US,,,Not Found,None,N/A
CFPM 555 Greenwood,CFPM 555 Greenwood,US,,,Not Found,None,N/A
Valley View Health Center Waverly,Valley View Health Center Waverly,US,,,Not Found,None,N/A
Vineville Internal Medicine Warner Robins,Vineville Internal Medicine Warner Robins,US,,,Not Found,None,N/A
Boca Raton Office,Boca Raton Office,US,,,Not Found,None,N/A
HYDE PARK THE DERMATOLOGY GROUP,HYDE PARK THE DERMATOLOGY GROUP,US,,,Not Found,None,N/A
Affinity Family Medicine,Affinity Family Medicine,US,,,Not Found,None,N/A
Alchemy Healthy Minds & Wellness,Alchemy Healthy Minds & Wellness,US,,,Not Found,None,N/A
Westbrook Wellness Internal Med,Westbrook Wellness Internal Med,US,,,Not Found,None,N/A
Dr. Ashish Vala,Ashish Vala,US,,,Not Found,None,N/A
"Lung Wellness Institute, Orange Office",Lung Wellness Institute Orange Office,US,,,Not Found,None,N/A
VA002 Beauregard Alexandria,Beauregard Alexandria,US,,,Not Found,None,N/A
Heart and Vascular Care - Loxahatchee,Heart and Vascular Care - Loxahatchee,US,,,Not Found,None,N/A
Luckey Ranch Campus,Luckey Ranch Campus,US,,,Not Found,None,N/A
VA002 Mount Vernon,Mount Vernon,US,,,Not Found,None,N/A
Arthur R. Dove MD PC,Arthur R Dove,US,,,Not Found,None,N/A
ACSMD,ACSMD,US,,,Not Found,None,N/A
AMG Gynecology White Oak,AMG Gynecology White Oak,US,,,Not Found,None,N/A
"Arnold L. Weg, M.D. NYC",Arnold L Weg M D NYC,US,,,Not Found,None,N/A
Leon Springs Campus,Leon Springs Campus,US,,,Not Found,None,N/A
"Arnold L. Weg, M.D. FH",Arnold L Weg M D FH,US,,,Not Found,None,N/A
Paramount Md Pa,Paramount Pa,US,,,Not Found,None,N/A
Medical Care Center 150,Medical Care Center 150,US,,,Not Found,None,N/A
Medical Care Center 2920,Medical Care Center 2920,US,,,Not Found,None,N/A
The Arlene Cooper Community Hc,The Arlene Cooper Community Hc,US,,,Not Found,None,N/A
1031 MCBRIDE AVE,MCBRIDE AVE,US,,,Not Found,None,N/A
WEST VALLEY FAIRBOURNE,WEST VALLEY FAIRBOURNE,US,,,Not Found,None,N/A
"AWA Primary Care, PLLC",AWA Primary Care,US,,,Not Found,None,N/A
Revive Health,Revive Health,US,,,Not Found,None,N/A
Panama City Beach - Dermatology Specialists of Florida,Panama City Beach - Dermatology Specialists of Florida,US,,,Not Found,None,N/A
Talkiatry New Jersey,Talkiatry New Jersey,US,,,Not Found,None,N/A
UCF Health Quadrangle,UCF Health Quadrangle,US,,,Not Found,None,N/A
Family Health NP Practice,Family Health Practice,US,,,Not Found,None,N/A
Flo MD,Flo,US,,,Not Found,None,N/A
Lighthouse Adult Health BR,Lighthouse Adult Health BR,US,,,Not Found,None,N/A
East New York Health Center,East New York Health Center,US,,,Not Found,None,N/A
Magnificat Primary Care LLC,Magnificat Primary Care,US,,,Not Found,None,N/A
"H Apurv Varia, MD",H Apurv Varia,US,,,Not Found,None,N/A
1 Apurv K. Varia MD,1 Apurv K Varia,US,,,Not Found,None,N/A
Medical Associates Plus Waynesboro,Medical Associates Plus Waynesboro,US,,,Not Found,None,N/A
Hope Family Medicine,Hope Family Medicine,US,,,Not Found,None,N/A
City Center Family Medicine,City Center Family Medicine,US,,,Not Found,None,N/A
Alamo Heights Clinic,Alamo Heights Clinic,US,,,Not Found,None,N/A
Anu Chirala A Medical Corp,Anu Chirala A Medical,US,,,Not Found,None,N/A
Apex Health Care,Apex Health Care,US,,,Not Found,None,N/A
FL034 Longwood,Longwood,US,,,Not Found,None,N/A
HCA HealthONE Advanced General Surgery,HCA HealthONE Advanced General Surgery,US,,,Not Found,None,N/A
FL034 Oviedo,Oviedo,US,,,Not Found,None,N/A
Concord Office of Northeast Dermatology Associates,Concord Office of Northeast Dermatology Associates,US,,,Not Found,None,N/A
Maiden FQHC CVFM-Maiden,Maiden FQHC CVFM-Maiden,US,,,Not Found,None,N/A
Still Well Interventional Pain Management,Still Well Interventional Pain Management,US,,,Not Found,None,N/A
CMG FP Carson,CMG FP Carson,US,,,Not Found,None,N/A
Ap Health,Ap Health,US,,,Not Found,None,N/A
"MD365 #2 SHIRLEY, A Brookhaven Heart Affiliate",#2 SHIRLEY A Brookhaven Heart Affiliate,US,,,Not Found,None,N/A
Comprehensive Neurology of New Jersey Morristown,Comprehensive Neurology of New Jersey Morristown,US,,,Not Found,None,N/A
New Era Health Clinic PLLC,New Era Health Clinic,US,,,Not Found,None,N/A
Cornerstone Family Healthcare Pinebush Office,Cornerstone Family Healthcare Pinebush Office,US,,,Not Found,None,N/A
Suburban Healthcare Associates - Naperville,Suburban Healthcare Associates - Naperville,US,,,Not Found,None,N/A
Research Family Medicine,Research Family Medicine,US,,,Not Found,None,N/A
Suburban Healthcare Associates - Plainfield,Suburban Healthcare Associates - Plainfield,US,,,Not Found,None,N/A
VA005 Reston,Reston,US,,,Not Found,None,N/A
SpineMD,SpineMD,US,,,Not Found,None,N/A
"Anita P. Singh, MD",Anita P Singh,US,,,Not Found,None,N/A
El Paso OB/GYN West,El Paso OB GYN West,US,,,Not Found,None,N/A
2. Chicago Office- RESPIRATORY CRITICAL CARE AND SLEEP SPEC,2 Chicago Office- RESPIRATORY CRITICAL CARE AND SLEEP SPEC,US,,,Not Found,None,N/A
UCHC- Almaguer,UCHC- Almaguer,US,,,Not Found,None,N/A
Angela Y Moore Md Pa,Angela Y Moore Pa,US,,,Not Found,None,N/A
Health Done Wright Inc,Health Done Wright,US,,,Not Found,None,N/A
ATHENS NEIGHBORHOOD HEALTH CENTER,ATHENS NEIGHBORHOOD HEALTH CENTER,US,,,Not Found,None,N/A
"Teague Family Med & Spa, Llc",Teague Family Med & Spa,US,,,Not Found,None,N/A
NMS Highland,NMS Highland,US,,,Not Found,None,N/A
Primary Health EAGLE Family Practice,Primary Health EAGLE Family Practice,US,,,Not Found,None,N/A
Bonifay Dermatology Specialists of FL,Bonifay Dermatology Specialists of FL,US,,,Not Found,None,N/A
Delran Pediatrics 3104,Delran Pediatrics 3104,US,,,Not Found,None,N/A
AxessPointe/Kent,AxessPointe Kent,US,,,Not Found,None,N/A
Highlands Medical Plaza - Geriatrics,Highlands Medical Plaza - Geriatrics,US,,,Not Found,None,N/A
Orchard Family Medicine,Orchard Family Medicine,US,,,Not Found,None,N/A
PPC of SWFL Peds Too,PPC of SWFL Peds Too,US,,,Not Found,None,N/A
PPC of SWFL Peds CC,PPC of SWFL Peds CC,US,,,Not Found,None,N/A
PPC of SWFL Peds CAM,PPC of SWFL Peds CAM,US,,,Not Found,None,N/A
Peak Heart & Vascular Prescott Crossings,Peak Heart & Vascular Prescott Crossings,US,,,Not Found,None,N/A
Horizons Health and Wellness,Horizons Health and Wellness,US,,,Not Found,None,N/A
S1 Ortho Cantu Ct,S1 Ortho Cantu Ct,US,,,Not Found,None,N/A
Pittsburgh Mercy Family Health Center,Pittsburgh Mercy Family Health Center,US,,,Not Found,None,N/A
Primary Care Plus Perkins Rd,Primary Care Plus Perkins Rd,US,,,Not Found,None,N/A
WP - South Loop,WP - South Loop,US,,,Not Found,None,N/A
"Kansas City Foot Specialists, Pa",Kansas City Foot Specialists Pa,US,,,Not Found,None,N/A
Florida Advanced Spine and Orthopedics,Florida Advanced Spine and Orthopedics,US,,,Not Found,None,N/A
HCA Florida Blake Medical Specialists,HCA Florida Blake Medical Specialists,US,,,Not Found,None,N/A
Andrew D Chung MD PLLC,Andrew D Chung,US,,,Not Found,None,N/A
Kernersville Primary Care,Kernersville Primary Care,US,,,Not Found,None,N/A
GREENFIELD FAMILY MEDICINE,GREENFIELD FAMILY MEDICINE,US,,,Not Found,None,N/A
Valley West Health LLC,Valley West Health,US,,,Not Found,None,N/A
799 Bloomfield Ave,Bloomfield Ave,US,,,Not Found,None,N/A
Sunset Road Medical Associates Burlington,Sunset Road Medical Associates Burlington,US,,,Not Found,None,N/A
South Jersey Gastroenterology Berlin,South Jersey Gastroenterology Berlin,US,,,Not Found,None,N/A
South Jersey Gastroenterology Hammonton,South Jersey Gastroenterology Hammonton,US,,,Not Found,None,N/A
Andres Patron D.O.,Andres Patron D O,US,,,Not Found,None,N/A
"Grace Health Direct Primary Care, Pllc",Grace Health Direct Primary Care,US,,,Not Found,None,N/A
Happy Health and Wellness- Cedar Park,Happy Health and Wellness- Cedar Park,US,,,Not Found,None,N/A
"Good Listener Medical Center, Llc",Good Listener Medical Center,US,,,Not Found,None,N/A
Ent & Audiology Associates - Rock Hill,Ent & Audiology Associates - Rock Hill,US,,,Not Found,None,N/A
Ent & Audiology Asso Of The Carolinas Pa - Pineville,Ent & Audiology Asso Of The Carolinas Pa - Pineville,US,,,Not Found,None,N/A
Ent & Audiology Associates - Gaffney,Ent & Audiology Associates - Gaffney,US,,,Not Found,None,N/A
Novo Neurosurgery at Pembroke Pines,Novo Neurosurgery at Pembroke Pines,US,,,Not Found,None,N/A
Sunset Hills Family Practice,Sunset Hills Family Practice,US,,,Not Found,None,N/A
Novo Neurosurgery at Orlando,Novo Neurosurgery at Orlando,US,,,Not Found,None,N/A
HCA Florida Gulf Coast Primary Care,HCA Florida Gulf Coast Primary Care,US,,,Not Found,None,N/A
Lakeside School- Mainline Health Systems Inc.,Lakeside School- Mainline Health Systems,US,,,Not Found,None,N/A
Prime Primary Care,Prime Primary Care,US,,,Not Found,None,N/A
Orlando Family Medical P,Orlando Family Medical P,US,,,Not Found,None,N/A
Soft Touch Dental Care,Soft Touch Dental Care,US,,,Not Found,None,N/A
Soft Touch Dental Care MV,Soft Touch Dental Care MV,US,,,Not Found,None,N/A
Sunshine Pediatrics,Sunshine Pediatrics,US,,,Not Found,None,N/A
Prince William Foot and Ankle Center SS,Prince William Foot and Ankle Center SS,US,,,Not Found,None,N/A
Clinica Familiar/Falls Church,Clinica Familiar Falls Church,US,,,Not Found,None,N/A
AxessPointe/Barberton,AxessPointe Barberton,US,,,Not Found,None,N/A
Mainline- University of Arkansas at Monticello,Mainline- University of Arkansas at Monticello,US,,,Not Found,None,N/A
Monticello Clinic- Mainline Health Systems Inc.,Monticello Clinic- Mainline Health Systems,US,,,Not Found,None,N/A
Timeless Aesthetics (Niceville),Timeless Aesthetics,US,,,Not Found,None,N/A
Freeport Primary And Immediate Care,Freeport Primary And Immediate Care,US,,,Not Found,None,N/A
Timeless Aesthetics,Timeless Aesthetics,US,,,Not Found,None,N/A
Eudora Medical Center Llc,Eudora Medical Center,US,,,Not Found,None,N/A
Pennridge TriValley Primary Care,Pennridge TriValley Primary Care,US,,,Not Found,None,N/A
Amy Brasher MSN APRN FNP-BC,Amy Brasher MSN FNP-BC,US,,,Not Found,None,N/A
Northridge UC,Northridge UC,US,,,Not Found,None,N/A
West Hills,West Hills,US,,,Not Found,None,N/A
"In Motion Foot And Ankle, Pllc",In Motion Foot And Ankle,US,,,Not Found,None,N/A
Agoura Hills,Agoura Hills,US,,,Not Found,None,N/A
Texas Primary & Pediatric Care PLLC,Texas Primary & Pediatric Care,US,,,Not Found,None,N/A
Celina TPPC,Celina TPPC,US,,,Not Found,None,N/A
Minimally Invasive Urogynecology - Coconut Creek,Minimally Invasive Urogynecology - Coconut Creek,US,,,Not Found,None,N/A
7655 MM Medical Service PC,MM Medical Service,US,,,Not Found,None,N/A
Childrens Cardiac Care - Fairfax,Childrens Cardiac Care - Fairfax,US,,,Not Found,None,N/A
Childrens Cardiac Care - Fredericksburg,Childrens Cardiac Care - Fredericksburg,US,,,Not Found,None,N/A
FDHS Westchase Gastroenterology,FDHS Westchase Gastroenterology,US,,,Not Found,None,N/A
FDHS Westchase Gastroenterology - Lutz,FDHS Westchase Gastroenterology - Lutz,US,,,Not Found,None,N/A
Apex Vitality Health Pllc,Apex Vitality Health,US,,,Not Found,None,N/A
TRUE CARE CLINIC,TRUE CARE CLINIC,US,,,Not Found,None,N/A
Dominus Mental Health LLC,Dominus Mental Health,US,,,Not Found,None,N/A
American Workcare PC,American Workcare,US,,,Not Found,None,N/A
Heart Institute Of Texas PLLC,Heart Institute Of Texas,US,,,Not Found,None,N/A
"Premier Neurology Of Texas, Pllc",Premier Neurology Of Texas,US,,,Not Found,None,N/A
Healthy You Personalized Primary Care,Healthy You Personalized Primary Care,US,,,Not Found,None,N/A
Medicine 4 U Llc,Medicine 4 U,US,,,Not Found,None,N/A
AL001 Alabaster,Alabaster,US,,,Not Found,None,N/A
Healthy You Personalized Primary Care Telehealth,Healthy You Personalized Primary Care Telehealth,US,,,Not Found,None,N/A
Jonesboro Pediatric Clinic,Jonesboro Pediatric Clinic,US,,,Not Found,None,N/A
AL001 Grandview,Grandview,US,,,Not Found,None,N/A
Cornerstone Family Care - TH,Cornerstone Family Care - TH,US,,,Not Found,None,N/A
iSpine Maple Grove North,iSpine Maple Grove North,US,,,Not Found,None,N/A
DC Interventional Spine and Pain Phy Delano,Interventional Spine and Pain Phy Delano,US,,,Not Found,None,N/A
Internal Medicine Associates Of FL,Internal Medicine Associates Of FL,US,,,Not Found,None,N/A
Osceola Neurosurgical Specialists,Osceola Neurosurgical Specialists,US,,,Not Found,None,N/A
Mchc - Folkston Dental,Mchc - Folkston Dental,US,,,Not Found,None,N/A
Garden State Pediatric And Adolescent Medicine Ham Sq,Garden State Pediatric And Adolescent Medicine Ham Sq,US,,,Not Found,None,N/A
"Alok K Gupta, MD, FACP",Alok K Gupta FACP,US,,,Not Found,None,N/A
All Peds Video Visit,All Peds Video Visit,US,,,Not Found,None,N/A
Gwinnett Center Medical Assoc,Gwinnett Center Medical Assoc,US,,,Not Found,None,N/A
Marlton Pediatrics Marlton,Marlton Pediatrics Marlton,US,,,Not Found,None,N/A
Lexington Women's Health - Hamburg,Lexington Womens Health - Hamburg,US,,,Not Found,None,N/A
Family Dermatology,Family Dermatology,US,,,Not Found,None,N/A
Bing Cornerstone Family Healthcare,Bing Cornerstone Family Healthcare,US,,,Not Found,None,N/A
Instamedical Llc,Instamedical,US,,,Not Found,None,N/A
Valley View Health Center Scioto Valley,Valley View Health Center Scioto Valley,US,,,Not Found,None,N/A
VA002 Stafford,Stafford,US,,,Not Found,None,N/A
Bella OBGYN,Bella OBGYN,US,,,Not Found,None,N/A
Ali Achira Endocrinology & Weight Loss Clinic,Ali Achira Endocrinology & Weight Loss Clinic,US,,,Not Found,None,N/A
Ali Achira Md Pc Taylor,Ali Achira Taylor,US,,,Not Found,None,N/A
FL011 FIU,FIU,US,,,Not Found,None,N/A
"Fairmount Pediatrics, Montgomery County",Fairmount Pediatrics Montgomery County,US,,,Not Found,None,N/A
Fairmount Pediatrics Ardmore,Fairmount Pediatrics Ardmore,US,,,Not Found,None,N/A
Soma Medical Center 6 BB,Soma Medical Center 6 BB,US,,,Not Found,None,N/A
Grand Canyon Medical Clinic Pllc,Grand Canyon Medical Clinic,US,,,Not Found,None,N/A
17 Potomac Otolaryngology PLLC,Potomac Otolaryngology,US,,,Not Found,None,N/A
17 Potomac ENT- Stafford,Potomac ENT- Stafford,US,,,Not Found,None,N/A
"Destin Institute of Endocrinology,Diabetes, Health and Hormones Inc",Destin Institute of Endocrinology Diabetes Health and Hormones,US,,,Not Found,None,N/A
Sky Health Group Llc,Sky Health Group,US,,,Not Found,None,N/A
Claremedica of Plaza Terrace,Claremedica of Plaza Terrace,US,,,Not Found,None,N/A
Michael Bublik MD PC,Michael Bublik,US,,,Not Found,None,N/A
Claremedica of North Tampa,Claremedica of North Tampa,US,,,Not Found,None,N/A
Planahead Solutions L.L.C.,Planahead Solutions L L C,US,,,Not Found,None,N/A
Pediahealth Medical Associates Bridgewater,Pediahealth Medical Associates Bridgewater,US,,,Not Found,None,N/A
Sinatra and Peng Pediatrics Bernardsville,Sinatra and Peng Pediatrics Bernardsville,US,,,Not Found,None,N/A
Mind Over Matter NP In Psychiatry And Family Health P.C.,Mind Over Matter In Psychiatry And Family Health P C,US,,,Not Found,None,N/A
Ear Nose and Throat Center-Buffalo Grove,Ear Nose and Throat Center-Buffalo Grove,US,,,Not Found,None,N/A
Ear Nose & Throat Center- Niles,Ear Nose & Throat Center- Niles,US,,,Not Found,None,N/A
Care one At Ridgewood Avenue,Care one At Ridgewood Avenue,US,,,Not Found,None,N/A
Care One at Pascack Valley,Care One at Pascack Valley,US,,,Not Found,None,N/A
Woodcliff Lake Heath & Rehabilitation Center,Woodcliff Lake Heath & Rehabilitation Center,US,,,Not Found,None,N/A
Spectrum for Living ICF,Spectrum for Living ICF,US,,,Not Found,None,N/A
"Alexander Biener, MD PA",Alexander Biener PA,US,,,Not Found,None,N/A
Surgicare Of Oradell,Surgicare Of Oradell,US,,,Not Found,None,N/A
Manhattan Family Practice,Manhattan Family Practice,US,,,Not Found,None,N/A
American Family Medicine,American Family Medicine,US,,,Not Found,None,N/A
First Care Medical Clinic - Albermarle,First Care Medical Clinic - Albermarle,US,,,Not Found,None,N/A
Alan Morrison DO LLC,Alan Morrison,US,,,Not Found,None,N/A
Progressive Pediatrics 4110,Progressive Pediatrics 4110,US,,,Not Found,None,N/A
Millman Neurology,Millman Neurology,US,,,Not Found,None,N/A
Marietta Dermatology Specialists Of Ga,Marietta Dermatology Specialists Of Ga,US,,,Not Found,None,N/A
Bergen Orthopaedic Surgery and Sport Medicine,Bergen Orthopaedic Surgery and Sport Medicine,US,,,Not Found,None,N/A
Ellijay Dermatology Specialists Of Georgia,Ellijay Dermatology Specialists Of Georgia,US,,,Not Found,None,N/A
Pediatric Associates - Coral Springs,Pediatric Associates - Coral Springs,US,,,Not Found,None,N/A
AKO D BRADFORD,AKO D BRADFORD,US,,,Not Found,None,N/A
Palm Beach Gastroenterology - West Palm Beach,Palm Beach Gastroenterology - West Palm Beach,US,,,Not Found,None,N/A
MedFL Med. Centers West Tampa,MedFL Med Centers West Tampa,US,,,Not Found,None,N/A
Wellspire Memorial City,Wellspire Memorial City,US,,,Not Found,None,N/A
RAPIDMDNOW CORPORATION,RAPIDMDNOW,US,,,Not Found,None,N/A
Tele-visit- RAPIDMDNOW CORPORATION,Tele-visit- RAPIDMDNOW,US,,,Not Found,None,N/A
Arizona Advanced Surgery Bell,Arizona Advanced Surgery Bell,US,,,Not Found,None,N/A
Prostate Cancer Institute of Arizona,Prostate Cancer Institute of Arizona,US,,,Not Found,None,N/A
Advanced Spine And Joint - Garland,Advanced Spine And Joint - Garland,US,,,Not Found,None,N/A
HerCare Now Nursing Corporation,HerCare Now Nursing,US,,,Not Found,None,N/A
Specialty Care Barrington,Specialty Care Barrington,US,,,Not Found,None,N/A
Specialty Care Clinics - Lancaster,Specialty Care Clinics - Lancaster,US,,,Not Found,None,N/A
ADVANCED VASCULAR CARE WITH DR ALI,ADVANCED VASCULAR CARE WITH DR ALI,US,,,Not Found,None,N/A
Diabetes Thyroid & Hormone Center Of The Treasure Coast,Diabetes Thyroid & Hormone Center Of The Treasure Coast,US,,,Not Found,None,N/A
Odessa Medical Group,Odessa Medical Group,US,,,Not Found,None,N/A
Rheumatology Clear Lake 905,Rheumatology Clear Lake 905,US,,,Not Found,None,N/A
Riverside Ob Gyn,Riverside Ob Gyn,US,,,Not Found,None,N/A
"Orthopaedic Associates, Llp KW",Orthopaedic Associates KW,US,,,Not Found,None,N/A
"Orthopaedic Associates, Llp KTY",Orthopaedic Associates KTY,US,,,Not Found,None,N/A
"Orthopaedic Associates, Llp HGT",Orthopaedic Associates HGT,US,,,Not Found,None,N/A
AG WELLNESS & AESTHETICS,AG WELLNESS & AESTHETICS,US,,,Not Found,None,N/A
Avante Ortho Llc,Avante Ortho,US,,,Not Found,None,N/A
Alpha Medical Aesthetics,Alpha Medical Aesthetics,US,,,Not Found,None,N/A
Coastal Kids - Tarzana,Coastal Kids - Tarzana,US,,,Not Found,None,N/A
Colon Rectal Center Of Arizona,Colon Rectal Center Of Arizona,US,,,Not Found,None,N/A
Valencia,Valencia,US,,,Not Found,None,N/A
Woodlands Primary Healthcare,Woodlands Primary Healthcare,US,,,Not Found,None,N/A
"Medhealth Clinical, Inc. Semoran",Medhealth Clinical Semoran,US,,,Not Found,None,N/A
Cadena Family Clinic,Cadena Family Clinic,US,,,Not Found,None,N/A
MV Tele Health,MV Tele Health,US,,,Not Found,None,N/A
Truecare Family Practice LLC,Truecare Family Practice,US,,,Not Found,None,N/A
Guardian Physicians,Guardian Physicians,US,,,Not Found,None,N/A
Hackensack Gastroenterology Associates,Hackensack Gastroenterology Associates,US,,,Not Found,None,N/A
"SilverHeart Medical Group & Logistics, Llc",SilverHeart Medical Group & Logistics,US,,,Not Found,None,N/A
Lone Star Orthopaedic Institute,Lone Star Orthopaedic Institute,US,,,Not Found,None,N/A
"Valley ENT, PC Phoenix Otology",Valley ENT Phoenix Otology,US,,,Not Found,None,N/A
Treasure Coast Surgical Specialists,Treasure Coast Surgical Specialists,US,,,Not Found,None,N/A
HCA Florida Brandon Surgical Specialists,HCA Florida Brandon Surgical Specialists,US,,,Not Found,None,N/A
Adam S Budzikowski- Boro Park,Adam S Budzikowski- Boro Park,US,,,Not Found,None,N/A
CVFM-South Hickory,CVFM-South Hickory,US,,,Not Found,None,N/A
"Adam S Budzikowski, Physician PC",Adam S Budzikowski Physician,US,,,Not Found,None,N/A
MYA Internal Medicine Inc,MYA Internal Medicine,US,,,Not Found,None,N/A
Horn Lake Family Practice,Horn Lake Family Practice,US,,,Not Found,None,N/A
Hometown Primary Care-Mentor,Hometown Primary Care-Mentor,US,,,Not Found,None,N/A
Grace Health & Wellness Clinic,Grace Health & Wellness Clinic,US,,,Not Found,None,N/A
Direct Hometown Mentor,Direct Hometown Mentor,US,,,Not Found,None,N/A
East Valley Diabetes & Endocrinology Mesa,East Valley Diabetes & Endocrinology Mesa,US,,,Not Found,None,N/A
"Smart Prime Care Provider, Pllc",Smart Prime Care Provider,US,,,Not Found,None,N/A
Escriba Medical Group Llc,Escriba Medical Group,US,,,Not Found,None,N/A
Abella Family Medical Group Corp,Abella Family Medical Group,US,,,Not Found,None,N/A
Nephrology Sugar Creek,Nephrology Sugar Creek,US,,,Not Found,None,N/A
Hoover Pediatrics Inc,Hoover Pediatrics,US,,,Not Found,None,N/A
Nephrology Clear lake,Nephrology Clear lake,US,,,Not Found,None,N/A
Nephrology Galleria 900,Nephrology Galleria 900,US,,,Not Found,None,N/A
Rheumatology Clear Lake,Rheumatology Clear Lake,US,,,Not Found,None,N/A
Abbas Jafri MD - WDS,Abbas Jafri - WDS,US,,,Not Found,None,N/A
Abbas Jafri MD - HUN,Abbas Jafri - HUN,US,,,Not Found,None,N/A
Abbydek Fam Med Flushing,Abbydek Fam Med Flushing,US,,,Not Found,None,N/A
360 Medical Centers,Medical Centers,US,,,Not Found,None,N/A
CLS Health Primary Care - Sugar Land,CLS Health Primary Care - Sugar Land,US,,,Not Found,None,N/A
Specialty Care Clinics - Farmers Branch,Specialty Care Clinics - Farmers Branch,US,,,Not Found,None,N/A
Specialty Care Clinics - Midland,Specialty Care Clinics - Midland,US,,,Not Found,None,N/A
Specialty Care Clinics - Arlington,Specialty Care Clinics - Arlington,US,,,Not Found,None,N/A
Specialty Care Clinics - Mesquite,Specialty Care Clinics - Mesquite,US,,,Not Found,None,N/A
Oceans Pediatrics,Oceans Pediatrics,US,,,Not Found,None,N/A
Irving Family Practice,Irving Family Practice,US,,,Not Found,None,N/A
Northeast Spine & Sports Medicine of Toms River,Northeast Spine & Sports Medicine of Toms River,US,,,Not Found,None,N/A
Northeast Spine and Sports Medicine Jackson,Northeast Spine and Sports Medicine Jackson,US,,,Not Found,None,N/A
Northeast Spine & Sports Medicine of Freehold,Northeast Spine & Sports Medicine of Freehold,US,,,Not Found,None,N/A
Northeast Spine & Sports Medicine of Marlboro,Northeast Spine & Sports Medicine of Marlboro,US,,,Not Found,None,N/A
Northeast Spine & Sports Medicine of Wall,Northeast Spine & Sports Medicine of Wall,US,,,Not Found,None,N/A
Northeast Sports Medicine Group,Northeast Sports Medicine Group,US,,,Not Found,None,N/A
Northeast Spine & Sports Medicine of Tinton Falls,Northeast Spine & Sports Medicine of Tinton Falls,US,,,Not Found,None,N/A
Northeast Spine & Sports Medicine of Aberdeen,Northeast Spine & Sports Medicine of Aberdeen,US,,,Not Found,None,N/A
Northeast Spine & Sports Medicine of Lincroft,Northeast Spine & Sports Medicine of Lincroft,US,,,Not Found,None,N/A
Spine and Sports Medicine of Barnegat,Spine and Sports Medicine of Barnegat,US,,,Not Found,None,N/A
URGENT CARE DURANT,URGENT CARE DURANT,US,,,Not Found,None,N/A
URGENT CARE DENISON,URGENT CARE DENISON,US,,,Not Found,None,N/A
BRANDON COMMUNITY HEALTH CENTER,BRANDON COMMUNITY HEALTH CENTER,US,,,Not Found,None,N/A
Urgent Care Now - Fair Oaks Sacramento,Urgent Care Now - Fair Oaks Sacramento,US,,,Not Found,None,N/A
Med Stop Urgent Care Center,Med Stop Urgent Care Center,US,,,Not Found,None,N/A
Urgent Care Now-Madison,Urgent Care Now-Madison,US,,,Not Found,None,N/A
Urgent Care Now-Tele-Health,Urgent Care Now-Tele-Health,US,,,Not Found,None,N/A
TOTAL POINT BEHAVIORAL HEALTH - WHEATLAND,TOTAL POINT BEHAVIORAL HEALTH - WHEATLAND,US,,,Not Found,None,N/A
TOTAL POINT BEHAVIORAL HEALTH TELEVISIT,TOTAL POINT BEHAVIORAL HEALTH TELEVISIT,US,,,Not Found,None,N/A
TOTAL POINT URGENT CARE - PANTEGO,TOTAL POINT URGENT CARE - PANTEGO,US,,,Not Found,None,N/A
TOTAL POINT URGENT CARE - MANSFIELD,TOTAL POINT URGENT CARE - MANSFIELD,US,,,Not Found,None,N/A
TOTAL POINT URGENT CARE - WATAUGA,TOTAL POINT URGENT CARE - WATAUGA,US,,,Not Found,None,N/A
TOTAL POINT URGENT CARE - ALLEN,TOTAL POINT URGENT CARE - ALLEN,US,,,Not Found,None,N/A
MCHD Urgent Care,MCHD Urgent Care,US,,,Not Found,None,N/A
Centers Urgent Care Queens,Centers Urgent Care Queens,US,,,Not Found,None,N/A
Centers Urgent Care Forest Hills,Centers Urgent Care Forest Hills,US,,,Not Found,None,N/A
Centers Urgent Care Hunts Point,Centers Urgent Care Hunts Point,US,,,Not Found,None,N/A
Centers Urgent Care Fulton Street,Centers Urgent Care Fulton Street,US,,,Not Found,None,N/A
Centers Urgent Care Gateway Center,Centers Urgent Care Gateway Center,US,,,Not Found,None,N/A
Centers Urgent Care Flatbush,Centers Urgent Care Flatbush,US,,,Not Found,None,N/A
Centers Urgent Care Boro Park,Centers Urgent Care Boro Park,US,,,Not Found,None,N/A
Centers Urgent Care Bay Ridge,Centers Urgent Care Bay Ridge,US,,,Not Found,None,N/A
All Valley Urgent Care Tyson Medical Inc,All Valley Urgent Care Tyson Medical,US,,,Not Found,None,N/A
Centers Urgent Care - Coney Island,Centers Urgent Care - Coney Island,US,,,Not Found,None,N/A
All Valley Urgent Care Calexico,All Valley Urgent Care Calexico,US,,,Not Found,None,N/A
All Valley Urgent Care Brawley,All Valley Urgent Care Brawley,US,,,Not Found,None,N/A
MEDPLUS TUPELO,MEDPLUS TUPELO,US,,,Not Found,None,N/A
Medplus New Albany,Medplus New Albany,US,,,Not Found,None,N/A
Berkley Urgent Care,Berkley Urgent Care,US,,,Not Found,None,N/A
HopeHealth Pediatrics in Florence,HopeHealth Pediatrics in Florence,US,,,Not Found,None,N/A
Centerpoint Health Mobile Event - Lebanon,Centerpoint Health Mobile Event - Lebanon,US,,,Not Found,None,N/A
Express Health Urgent Care,Express Health Urgent Care,US,,,Not Found,None,N/A
"Urgent Care of the Palm Beaches, West Palm Beach",Urgent Care of the Palm Beaches West Palm Beach,US,,,Not Found,None,N/A
Urgent Care of the Palm Beaches Wellington Forest Hill,Urgent Care of the Palm Beaches Wellington Forest Hill,US,,,Not Found,None,N/A
BRHC-SAT,BRHC-SAT,US,,,Not Found,None,N/A
"Urgent Care Of The Palm Beaches, North Palm Beach",Urgent Care Of The Palm Beaches North Palm Beach,US,,,Not Found,None,N/A
Astoria Statcare Urgent and Walk-In Medical,Astoria Statcare Urgent and Walk-In Medical,US,,,Not Found,None,N/A
UMMA Health - Figueroa Care Center,UMMA Health - Figueroa Care Center,US,,,Not Found,None,N/A
Family & Internal Medicine Center PA,Family & Internal Medicine Center PA,US,,,Not Found,None,N/A
Astoria - HFMC,Astoria - HFMC,US,,,Not Found,None,N/A
